school_id,season,school_raw,conference,rank,total_points,division,fall_points,winter_points,spring_points,source_url,source_page,points_pctile,school,observed_in_final,zero_imputed,eligibility_status,panel_points_pctile
abilene_christian,2017-18,Abilene Christian,Southland,254.0,28.0,FCS,28.0,0.0,0.0,https://dxbhsrqyrr690.cloudfront.net/sidearm.nextgen.sites/nacda.com/documents/2018/7/18/June29overallDI.pdf,5.0,13.184931506849315,Abilene Christian,True,False,observed_scoring_school,27.155172413793103
abilene_christian,2018-19,Abilene Christian,Southland,190.0,75.0,FCS,25.0,50.0,0.0,https://dxbhsrqyrr690.cloudfront.net/sidearm.nextgen.sites/nacda.com/documents/2019/6/27/June28DIOverall.pdf,4.0,34.40677966101695,Abilene Christian,True,False,observed_scoring_school,44.714285714285715
abilene_christian,2020-21,Abilene Christian,Southland,215.0,50.0,FCS,0.0,50.0,0.0,https://dxbhsrqyrr690.cloudfront.net/sidearm.nextgen.sites/nacda.com/documents/2021/7/1/July2OverallDI.pdf,4.0,24.2320819112628,Abilene Christian,True,False,observed_scoring_school,37.28813559322034
abilene_christian,2021-22,Abilene Christian,WAC,191.0,81.5,FCS,27.0,0.0,54.5,https://dxbhsrqyrr690.cloudfront.net/sidearm.nextgen.sites/nacda.com/documents/2022/6/30/FinalDIstandings.pdf,4.0,35.59322033898305,Abilene Christian,True,False,observed_scoring_school,46.478873239436616
abilene_christian,2022-23,,,,0.0,,,,,,,,Abilene Christian,False,True,kept_known_d1_program,7.5418994413407825
abilene_christian,2023-24,,,,0.0,,,,,,,,Abilene Christian,False,True,kept_known_d1_program,6.460674157303371
abilene_christian,2024-25,Abilene Christian,WAC,197.0,70.0,FCS,45.0,0.0,25.0,https://dxbhsrqyrr690.cloudfront.net/sidearm.nextgen.sites/nacda.com/documents/2025/6/23/24.25DivIStandingsFinal.pdf,4.0,34.48844884488449,Abilene Christian,True,False,observed_scoring_school,44.241573033707866
abilene_christian,2025-26,Abilene Christian,WAC,223.0,53.0,FCS,53.0,0.0,0.0,https://dxbhsrqyrr690.cloudfront.net/sidearm.nextgen.sites/nacda.com/documents/2026/6/24/25.26DI_Final.pdf,4.0,26.245847176079735,Abilene Christian,True,False,observed_scoring_school,37.640449438202246
air_force,2017-18,Air Force,Mountain West,68.0,345.5,FBS,85.0,225.5,35.0,https://dxbhsrqyrr690.cloudfront.net/sidearm.nextgen.sites/nacda.com/documents/2018/7/18/June29overallDI.pdf,2.0,77.05479452054794,Air Force,True,False,observed_scoring_school,80.74712643678161
air_force,2018-19,Air Force,Mountain West,67.0,339.5,FBS,146.0,171.5,22.0,https://dxbhsrqyrr690.cloudfront.net/sidearm.nextgen.sites/nacda.com/documents/2019/6/27/June28DIOverall.pdf,2.0,77.62711864406779,Air Force,True,False,observed_scoring_school,81.14285714285714
air_force,2020-21,Air Force,Mountain West,65.0,325.25,FBS,86.0,181.5,57.75,https://dxbhsrqyrr690.cloudfront.net/sidearm.nextgen.sites/nacda.com/documents/2021/7/1/July2OverallDI.pdf,2.0,78.15699658703072,Air Force,True,False,observed_scoring_school,81.92090395480226
air_force,2021-22,Air Force,Mountain West,67.0,354.5,FBS,102.0,184.5,68.0,https://dxbhsrqyrr690.cloudfront.net/sidearm.nextgen.sites/nacda.com/documents/2022/6/30/FinalDIstandings.pdf,2.0,77.62711864406779,Air Force,True,False,observed_scoring_school,81.40845070422536
air_force,2022-23,Air Force,Mountain West,66.0,350.0,FBS,117.0,233.0,0.0,https://dxbhsrqyrr690.cloudfront.net/sidearm.nextgen.sites/nacda.com/documents/2023/6/27/Final22.23Standings.pdf,1.0,78.68852459016394,Air Force,True,False,observed_scoring_school,81.84357541899442
air_force,2023-24,Air Force,Mountain West,76.0,304.0,FBS,109.5,194.5,0.0,https://dxbhsrqyrr690.cloudfront.net/sidearm.nextgen.sites/nacda.com/documents/2024/6/26/23.24FinalDI.pdf,2.0,75.88424437299035,Air Force,True,False,observed_scoring_school,78.93258426966293
air_force,2024-25,Air Force,Mountain West,105.0,174.5,FBS,0.0,107.5,67.0,https://dxbhsrqyrr690.cloudfront.net/sidearm.nextgen.sites/nacda.com/documents/2025/6/23/24.25DivIStandingsFinal.pdf,2.0,65.51155115511551,Air Force,True,False,observed_scoring_school,70.64606741573034
air_force,2025-26,Air Force,Mountain West,77.0,306.5,FBS,54.0,198.0,54.5,https://dxbhsrqyrr690.cloudfront.net/sidearm.nextgen.sites/nacda.com/documents/2026/6/24/25.26DI_Final.pdf,2.0,74.75083056478405,Air Force,True,False,observed_scoring_school,78.65168539325843
akron,2017-18,Akron,MAC,76.0,288.25,FBS,108.0,99.0,81.25,https://dxbhsrqyrr690.cloudfront.net/sidearm.nextgen.sites/nacda.com/documents/2018/7/18/June29overallDI.pdf,2.0,74.31506849315068,Akron,True,False,observed_scoring_school,78.44827586206897
akron,2018-19,Akron,MAC,97.0,189.0,FBS,90.0,65.5,33.5,https://dxbhsrqyrr690.cloudfront.net/sidearm.nextgen.sites/nacda.com/documents/2019/6/27/June28DIOverall.pdf,2.0,67.45762711864407,Akron,True,False,observed_scoring_school,72.57142857142857
akron,2020-21,Akron,MAC,235.0,47.0,FBS,0.0,47.0,0.0,https://dxbhsrqyrr690.cloudfront.net/sidearm.nextgen.sites/nacda.com/documents/2021/7/1/July2OverallDI.pdf,5.0,20.13651877133106,Akron,True,False,observed_scoring_school,33.89830508474576
akron,2021-22,Akron,MAC,229.0,50.0,FBS,25.0,25.0,0.0,https://dxbhsrqyrr690.cloudfront.net/sidearm.nextgen.sites/nacda.com/documents/2022/6/30/FinalDIstandings.pdf,5.0,20.0,Akron,True,False,observed_scoring_school,33.52112676056338
akron,2022-23,Akron,MAC,141.0,126.5,FBS,50.0,33.0,43.5,https://dxbhsrqyrr690.cloudfront.net/sidearm.nextgen.sites/nacda.com/documents/2023/6/27/Final22.23Standings.pdf,3.0,54.09836065573771,Akron,True,False,observed_scoring_school,60.893854748603346
akron,2023-24,Akron,MAC,210.0,58.0,FBS,0.0,58.0,0.0,https://dxbhsrqyrr690.cloudfront.net/sidearm.nextgen.sites/nacda.com/documents/2024/6/26/23.24FinalDI.pdf,4.0,32.475884244372985,Akron,True,False,observed_scoring_school,41.01123595505618
akron,2024-25,Akron,MAC,109.0,159.5,FBS,50.0,84.5,25.0,https://dxbhsrqyrr690.cloudfront.net/sidearm.nextgen.sites/nacda.com/documents/2025/6/23/24.25DivIStandingsFinal.pdf,2.0,64.35643564356435,Akron,True,False,observed_scoring_school,69.66292134831461
akron,2025-26,Akron,MAC,104.0,173.5,FBS,73.0,63.0,37.5,https://dxbhsrqyrr690.cloudfront.net/sidearm.nextgen.sites/nacda.com/documents/2026/6/24/25.26DI_Final.pdf,2.0,65.78073089700996,Akron,True,False,observed_scoring_school,71.06741573033707
alabama,2017-18,Alabama,SEC,14.0,913.0,FBS,186.5,320.75,405.75,https://dxbhsrqyrr690.cloudfront.net/sidearm.nextgen.sites/nacda.com/documents/2018/7/18/June29overallDI.pdf,1.0,95.54794520547944,Alabama,True,False,observed_scoring_school,96.26436781609196
alabama,2018-19,Alabama,SEC,31.0,721.85,FBS,90.0,315.75,316.1,https://dxbhsrqyrr690.cloudfront.net/sidearm.nextgen.sites/nacda.com/documents/2019/6/27/June28DIOverall.pdf,1.0,89.83050847457628,Alabama,True,False,observed_scoring_school,91.42857142857143
alabama,2020-21,Alabama,SEC,7.0,1017.25,FBS,166.0,435.0,416.25,https://dxbhsrqyrr690.cloudfront.net/sidearm.nextgen.sites/nacda.com/documents/2021/7/1/July2OverallDI.pdf,1.0,97.95221843003414,Alabama,True,False,observed_scoring_school,98.30508474576271
alabama,2021-22,Alabama,SEC,22.0,841.25,FBS,247.0,344.0,250.25,https://dxbhsrqyrr690.cloudfront.net/sidearm.nextgen.sites/nacda.com/documents/2022/6/30/FinalDIstandings.pdf,1.0,92.8813559322034,Alabama,True,False,observed_scoring_school,94.08450704225352
alabama,2022-23,Alabama,SEC,12.0,1037.75,FBS,290.0,405.0,342.75,https://dxbhsrqyrr690.cloudfront.net/sidearm.nextgen.sites/nacda.com/documents/2023/6/27/Final22.23Standings.pdf,1.0,96.3934426229508,Alabama,True,False,observed_scoring_school,96.92737430167597
alabama,2023-24,Alabama,SEC,9.0,1028.88,FBS,225.0,434.13,369.75,https://dxbhsrqyrr690.cloudfront.net/sidearm.nextgen.sites/nacda.com/documents/2024/6/26/23.24FinalDI.pdf,1.0,97.42765273311898,Alabama,True,False,observed_scoring_school,97.75280898876404
alabama,2024-25,Alabama,SEC,22.0,830.5,FBS,180.5,404.0,246.0,https://dxbhsrqyrr690.cloudfront.net/sidearm.nextgen.sites/nacda.com/documents/2025/6/23/24.25DivIStandingsFinal.pdf,1.0,93.06930693069307,Alabama,True,False,observed_scoring_school,94.10112359550563
alabama,2025-26,Alabama,SEC,13.0,968.75,FBS,251.0,399.0,318.75,https://dxbhsrqyrr690.cloudfront.net/sidearm.nextgen.sites/nacda.com/documents/2026/6/24/25.26DI_Final.pdf,1.0,96.01328903654483,Alabama,True,False,observed_scoring_school,96.62921348314607
alabama_a_m,2017-18,,,,0.0,,,,,,,,Alabama A&M,False,True,kept_known_d1_program,8.189655172413794
alabama_a_m,2018-19,,,,0.0,,,,,,,,Alabama A&M,False,True,kept_known_d1_program,8.0
alabama_a_m,2020-21,Alabama A&M,SWAC,255.0,25.0,FCS,0.0,0.0,25.0,https://dxbhsrqyrr690.cloudfront.net/sidearm.nextgen.sites/nacda.com/documents/2021/7/1/July2OverallDI.pdf,5.0,8.70307167235495,Alabama A&M,True,False,observed_scoring_school,24.43502824858757
alabama_a_m,2021-22,,,,0.0,,,,,,,,Alabama A&M,False,True,kept_known_d1_program,8.591549295774648
alabama_a_m,2022-23,,,,0.0,,,,,,,,Alabama A&M,False,True,kept_known_d1_program,7.5418994413407825
alabama_a_m,2023-24,,,,0.0,,,,,,,,Alabama A&M,False,True,kept_known_d1_program,6.460674157303371
alabama_a_m,2024-25,,,,0.0,,,,,,,,Alabama A&M,False,True,kept_known_d1_program,7.584269662921349
alabama_a_m,2025-26,Alabama A&M,SWAC,265.0,25.0,FCS,0.0,25.0,0.0,https://dxbhsrqyrr690.cloudfront.net/sidearm.nextgen.sites/nacda.com/documents/2026/6/24/25.26DI_Final.pdf,5.0,7.308970099667775,Alabama A&M,True,False,observed_scoring_school,21.629213483146067
alabama_state,2017-18,Alabama State,SWAC,152.0,100.0,FCS,50.0,0.0,50.0,https://dxbhsrqyrr690.cloudfront.net/sidearm.nextgen.sites/nacda.com/documents/2018/7/18/June29overallDI.pdf,3.0,47.26027397260274,Alabama State,True,False,observed_scoring_school,55.74712643678161
alabama_state,2018-19,Alabama State,SWAC,128.0,122.0,FCS,25.0,0.0,97.0,https://dxbhsrqyrr690.cloudfront.net/sidearm.nextgen.sites/nacda.com/documents/2019/6/27/June28DIOverall.pdf,3.0,56.949152542372886,Alabama State,True,False,observed_scoring_school,63.714285714285715
alabama_state,2020-21,Alabama State,SWAC,182.0,75.0,FCS,25.0,0.0,50.0,https://dxbhsrqyrr690.cloudfront.net/sidearm.nextgen.sites/nacda.com/documents/2021/7/1/July2OverallDI.pdf,4.0,36.3481228668942,Alabama State,True,False,observed_scoring_school,47.31638418079096
alabama_state,2021-22,Alabama State,SWAC,196.0,75.0,FCS,0.0,25.0,50.0,https://dxbhsrqyrr690.cloudfront.net/sidearm.nextgen.sites/nacda.com/documents/2022/6/30/FinalDIstandings.pdf,4.0,32.88135593220339,Alabama State,True,False,observed_scoring_school,44.225352112676056
alabama_state,2022-23,Alabama State,SWAC,239.0,48.5,FCS,0.0,0.0,48.5,https://dxbhsrqyrr690.cloudfront.net/sidearm.nextgen.sites/nacda.com/documents/2023/6/27/Final22.23Standings.pdf,4.0,21.9672131147541,Alabama State,True,False,observed_scoring_school,33.5195530726257
alabama_state,2023-24,Alabama State,SWAC,173.0,85.5,FCS,0.0,25.0,60.5,https://dxbhsrqyrr690.cloudfront.net/sidearm.nextgen.sites/nacda.com/documents/2024/6/26/23.24FinalDI.pdf,3.0,44.69453376205787,Alabama State,True,False,observed_scoring_school,51.68539325842697
alabama_state,2024-25,Alabama State,SWAC,226.0,50.0,FCS,0.0,25.0,25.0,https://dxbhsrqyrr690.cloudfront.net/sidearm.nextgen.sites/nacda.com/documents/2025/6/23/24.25DivIStandingsFinal.pdf,4.0,23.76237623762376,Alabama State,True,False,observed_scoring_school,35.1123595505618
alabama_state,2025-26,Alabama State,SWAC,188.0,75.0,FCS,0.0,0.0,75.0,https://dxbhsrqyrr690.cloudfront.net/sidearm.nextgen.sites/nacda.com/documents/2026/6/24/25.26DI_Final.pdf,3.0,36.7109634551495,Alabama State,True,False,observed_scoring_school,46.48876404494382
albany,2017-18,Albany,America East,115.0,163.0,FCS,50.0,0.0,113.0,https://dxbhsrqyrr690.cloudfront.net/sidearm.nextgen.sites/nacda.com/documents/2018/7/18/June29overallDI.pdf,3.0,60.95890410958904,Albany,True,False,observed_scoring_school,67.24137931034483
albany,2018-19,Albany,America East,159.0,98.0,FCS,78.0,0.0,20.0,https://dxbhsrqyrr690.cloudfront.net/sidearm.nextgen.sites/nacda.com/documents/2019/6/27/June28DIOverall.pdf,3.0,46.440677966101696,Albany,True,False,observed_scoring_school,54.85714285714286
albany,2020-21,,,,0.0,,,,,,,,Albany,False,True,kept_known_d1_program,8.757062146892656
albany,2021-22,Albany,America East,266.0,25.0,FCS,0.0,25.0,0.0,https://dxbhsrqyrr690.cloudfront.net/sidearm.nextgen.sites/nacda.com/documents/2022/6/30/FinalDIstandings.pdf,5.0,5.932203389830509,Albany,True,False,observed_scoring_school,21.830985915492956
albany,2022-23,Albany,America East,144.0,123.0,FCS,70.0,0.0,53.0,https://dxbhsrqyrr690.cloudfront.net/sidearm.nextgen.sites/nacda.com/documents/2023/6/27/Final22.23Standings.pdf,3.0,52.950819672131146,Albany,True,False,observed_scoring_school,59.91620111731844
albany,2023-24,Albany,America East,117.0,158.0,FCS,83.0,0.0,75.0,https://dxbhsrqyrr690.cloudfront.net/sidearm.nextgen.sites/nacda.com/documents/2024/6/26/23.24FinalDI.pdf,2.0,62.70096463022507,Albany,True,False,observed_scoring_school,67.41573033707866
albany,2024-25,Albany,America East,197.0,70.0,FCS,0.0,0.0,70.0,https://dxbhsrqyrr690.cloudfront.net/sidearm.nextgen.sites/nacda.com/documents/2025/6/23/24.25DivIStandingsFinal.pdf,4.0,34.48844884488449,Albany,True,False,observed_scoring_school,44.241573033707866
albany,2025-26,Albany,America East,202.0,70.0,FCS,0.0,0.0,70.0,https://dxbhsrqyrr690.cloudfront.net/sidearm.nextgen.sites/nacda.com/documents/2026/6/24/25.26DI_Final.pdf,4.0,32.72425249169435,Albany,True,False,observed_scoring_school,43.11797752808989
alcorn_state,2017-18,,,,0.0,,,,,,,,Alcorn State,False,True,kept_known_d1_program,8.189655172413794
alcorn_state,2018-19,Alcorn State,SWAC,266.0,25.0,FCS,25.0,0.0,0.0,https://dxbhsrqyrr690.cloudfront.net/sidearm.nextgen.sites/nacda.com/documents/2019/6/27/June28DIOverall.pdf,5.0,6.779661016949152,Alcorn State,True,False,observed_scoring_school,21.428571428571427
alcorn_state,2020-21,,,,0.0,,,,,,,,Alcorn State,False,True,kept_known_d1_program,8.757062146892656
alcorn_state,2021-22,,,,0.0,,,,,,,,Alcorn State,False,True,kept_known_d1_program,8.591549295774648
alcorn_state,2022-23,,,,0.0,,,,,,,,Alcorn State,False,True,kept_known_d1_program,7.5418994413407825
alcorn_state,2023-24,,,,0.0,,,,,,,,Alcorn State,False,True,kept_known_d1_program,6.460674157303371
alcorn_state,2024-25,,,,0.0,,,,,,,,Alcorn State,False,True,kept_known_d1_program,7.584269662921349
alcorn_state,2025-26,,,,0.0,,,,,,,,Alcorn State,False,True,kept_known_d1_program,7.865168539325842
american,2017-18,American,Patriot,206.0,65.5,DI,25.0,40.5,0.0,https://dxbhsrqyrr690.cloudfront.net/sidearm.nextgen.sites/nacda.com/documents/2018/7/18/June29overallDI.pdf,4.0,29.794520547945208,American,True,False,observed_scoring_school,41.09195402298851
american,2018-19,American,Patriot,178.0,83.5,DI,0.0,83.5,0.0,https://dxbhsrqyrr690.cloudfront.net/sidearm.nextgen.sites/nacda.com/documents/2019/6/27/June28DIOverall.pdf,4.0,40.0,American,True,False,observed_scoring_school,49.42857142857143
american,2020-21,American,Patriot,182.0,75.0,DI,50.0,25.0,0.0,https://dxbhsrqyrr690.cloudfront.net/sidearm.nextgen.sites/nacda.com/documents/2021/7/1/July2OverallDI.pdf,4.0,36.3481228668942,American,True,False,observed_scoring_school,47.31638418079096
american,2021-22,American,Patriot,194.0,78.0,DI,53.0,25.0,0.0,https://dxbhsrqyrr690.cloudfront.net/sidearm.nextgen.sites/nacda.com/documents/2022/6/30/FinalDIstandings.pdf,4.0,34.57627118644068,American,True,False,observed_scoring_school,45.63380281690141
american,2022-23,American,Patriot,260.0,25.5,DI,0.0,25.5,0.0,https://dxbhsrqyrr690.cloudfront.net/sidearm.nextgen.sites/nacda.com/documents/2023/6/27/Final22.23Standings.pdf,4.0,15.081967213114757,American,True,False,observed_scoring_school,27.6536312849162
american,2023-24,American,Patriot,237.0,45.0,DI,45.0,0.0,0.0,https://dxbhsrqyrr690.cloudfront.net/sidearm.nextgen.sites/nacda.com/documents/2024/6/26/23.24FinalDI.pdf,4.0,23.311897106109324,American,True,False,observed_scoring_school,33.00561797752809
american,2024-25,American,Patriot,298.0,5.0,DI,0.0,5.0,0.0,https://dxbhsrqyrr690.cloudfront.net/sidearm.nextgen.sites/nacda.com/documents/2025/6/23/24.25DivIStandingsFinal.pdf,5.0,1.155115511551155,American,True,False,observed_scoring_school,15.870786516853933
american,2025-26,American,Patriot,187.0,75.5,DI,25.0,50.5,0.0,https://dxbhsrqyrr690.cloudfront.net/sidearm.nextgen.sites/nacda.com/documents/2026/6/24/25.26DI_Final.pdf,3.0,38.205980066445186,American,True,False,observed_scoring_school,47.752808988764045
appalachian_state,2017-18,Appalachian State,Sun Belt,204.0,67.0,FBS,45.0,22.0,0.0,https://dxbhsrqyrr690.cloudfront.net/sidearm.nextgen.sites/nacda.com/documents/2018/7/18/June29overallDI.pdf,4.0,30.47945205479452,Appalachian State,True,False,observed_scoring_school,41.66666666666667
appalachian_state,2018-19,Appalachian State,Sun Belt,200.0,72.0,FBS,45.0,27.0,0.0,https://dxbhsrqyrr690.cloudfront.net/sidearm.nextgen.sites/nacda.com/documents/2019/6/27/June28DIOverall.pdf,4.0,32.54237288135593,Appalachian State,True,False,observed_scoring_school,43.142857142857146
appalachian_state,2020-21,Appalachian State,Sun Belt,169.0,85.0,FBS,45.0,40.0,0.0,https://dxbhsrqyrr690.cloudfront.net/sidearm.nextgen.sites/nacda.com/documents/2021/7/1/July2OverallDI.pdf,3.0,42.491467576791806,Appalachian State,True,False,observed_scoring_school,52.40112994350282
appalachian_state,2021-22,Appalachian State,Sun Belt,208.0,71.0,FBS,25.0,46.0,0.0,https://dxbhsrqyrr690.cloudfront.net/sidearm.nextgen.sites/nacda.com/documents/2022/6/30/FinalDIstandings.pdf,4.0,29.830508474576273,Appalachian State,True,False,observed_scoring_school,41.690140845070424
appalachian_state,2022-23,Appalachian State,Sun Belt,294.0,20.0,FBS,0.0,20.0,0.0,https://dxbhsrqyrr690.cloudfront.net/sidearm.nextgen.sites/nacda.com/documents/2023/6/27/Final22.23Standings.pdf,5.0,3.7704918032786887,Appalachian State,True,False,observed_scoring_school,18.01675977653631
appalachian_state,2023-24,Appalachian State,Sun Belt,178.0,80.0,FBS,45.0,35.0,0.0,https://dxbhsrqyrr690.cloudfront.net/sidearm.nextgen.sites/nacda.com/documents/2024/6/26/23.24FinalDI.pdf,3.0,42.92604501607717,Appalachian State,True,False,observed_scoring_school,50.14044943820225
appalachian_state,2024-25,Appalachian State,Sun Belt,290.0,23.5,FBS,0.0,23.5,0.0,https://dxbhsrqyrr690.cloudfront.net/sidearm.nextgen.sites/nacda.com/documents/2025/6/23/24.25DivIStandingsFinal.pdf,5.0,4.455445544554455,Appalachian State,True,False,observed_scoring_school,18.679775280898877
appalachian_state,2025-26,Appalachian State,Sun Belt,201.0,70.5,FBS,25.0,20.0,25.5,https://dxbhsrqyrr690.cloudfront.net/sidearm.nextgen.sites/nacda.com/documents/2026/6/24/25.26DI_Final.pdf,4.0,33.5548172757475,Appalachian State,True,False,observed_scoring_school,43.82022471910113
arizona,2017-18,Arizona,Pac 12,51.0,472.5,FBS,75.0,163.0,234.5,https://dxbhsrqyrr690.cloudfront.net/sidearm.nextgen.sites/nacda.com/documents/2018/7/18/June29overallDI.pdf,1.0,82.87671232876713,Arizona,True,False,observed_scoring_school,85.63218390804597
arizona,2018-19,Arizona,Pac 12,41.0,572.5,FBS,75.0,217.5,280.0,https://dxbhsrqyrr690.cloudfront.net/sidearm.nextgen.sites/nacda.com/documents/2019/6/27/June28DIOverall.pdf,1.0,86.4406779661017,Arizona,True,False,observed_scoring_school,88.57142857142857
arizona,2020-21,Arizona,Pac 12,27.0,745.5,FBS,0.0,344.0,401.5,https://dxbhsrqyrr690.cloudfront.net/sidearm.nextgen.sites/nacda.com/documents/2021/7/1/July2OverallDI.pdf,1.0,91.12627986348124,Arizona,True,False,observed_scoring_school,92.65536723163842
arizona,2021-22,Arizona,Pac-12,35.0,639.5,FBS,0.0,358.0,281.5,https://dxbhsrqyrr690.cloudfront.net/sidearm.nextgen.sites/nacda.com/documents/2022/6/30/FinalDIstandings.pdf,1.0,88.47457627118645,Arizona,True,False,observed_scoring_school,90.4225352112676
arizona,2022-23,Arizona,Pac-12,43.0,565.05,FBS,0.0,295.3,269.75,https://dxbhsrqyrr690.cloudfront.net/sidearm.nextgen.sites/nacda.com/documents/2023/6/27/Final22.23Standings.pdf,1.0,86.22950819672131,Arizona,True,False,observed_scoring_school,88.26815642458101
arizona,2023-24,Arizona,Pac-12,48.0,525.0,FBS,66.0,181.0,278.0,https://dxbhsrqyrr690.cloudfront.net/sidearm.nextgen.sites/nacda.com/documents/2024/6/26/23.24FinalDI.pdf,1.0,84.88745980707395,Arizona,True,False,observed_scoring_school,86.79775280898876
arizona,2024-25,Arizona,Big 12,43.0,571.75,FBS,0.0,256.25,315.5,https://dxbhsrqyrr690.cloudfront.net/sidearm.nextgen.sites/nacda.com/documents/2025/6/23/24.25DivIStandingsFinal.pdf,1.0,86.13861386138613,Arizona,True,False,observed_scoring_school,88.20224719101124
arizona,2025-26,Arizona,Big 12,36.0,668.0,FBS,75.0,267.5,325.5,https://dxbhsrqyrr690.cloudfront.net/sidearm.nextgen.sites/nacda.com/documents/2026/6/24/25.26DI_Final.pdf,1.0,88.37209302325581,Arizona,True,False,observed_scoring_school,90.1685393258427
arizona_state,2017-18,Arizona State,Pac 12,31.0,686.0,FBS,25.0,349.75,311.25,https://dxbhsrqyrr690.cloudfront.net/sidearm.nextgen.sites/nacda.com/documents/2018/7/18/June29overallDI.pdf,1.0,89.72602739726028,Arizona State,True,False,observed_scoring_school,91.37931034482759
arizona_state,2018-19,Arizona State,Pac 12,19.0,821.0,FBS,25.0,412.0,384.0,https://dxbhsrqyrr690.cloudfront.net/sidearm.nextgen.sites/nacda.com/documents/2019/6/27/June28DIOverall.pdf,1.0,93.89830508474576,Arizona State,True,False,observed_scoring_school,94.85714285714286
arizona_state,2020-21,Arizona State,Pac 12,20.0,840.0,FBS,50.0,238.75,551.25,https://dxbhsrqyrr690.cloudfront.net/sidearm.nextgen.sites/nacda.com/documents/2021/7/1/July2OverallDI.pdf,1.0,93.51535836177474,Arizona State,True,False,observed_scoring_school,94.63276836158192
arizona_state,2021-22,Arizona State,Pac-12,26.0,788.25,FBS,25.0,359.75,403.5,https://dxbhsrqyrr690.cloudfront.net/sidearm.nextgen.sites/nacda.com/documents/2022/6/30/FinalDIstandings.pdf,1.0,91.52542372881356,Arizona State,True,False,observed_scoring_school,92.95774647887323
arizona_state,2022-23,Arizona State,Pac-12,35.0,659.0,FBS,25.0,348.75,285.25,https://dxbhsrqyrr690.cloudfront.net/sidearm.nextgen.sites/nacda.com/documents/2023/6/27/Final22.23Standings.pdf,1.0,88.85245901639345,Arizona State,True,False,observed_scoring_school,90.5027932960894
arizona_state,2023-24,Arizona State,Pac-12,27.0,695.25,FBS,89.0,331.75,274.5,https://dxbhsrqyrr690.cloudfront.net/sidearm.nextgen.sites/nacda.com/documents/2024/6/26/23.24FinalDI.pdf,1.0,91.63987138263666,Arizona State,True,False,observed_scoring_school,92.69662921348315
arizona_state,2024-25,Arizona State,Big 12,34.0,693.25,FBS,122.0,278.5,292.75,https://dxbhsrqyrr690.cloudfront.net/sidearm.nextgen.sites/nacda.com/documents/2025/6/23/24.25DivIStandingsFinal.pdf,1.0,89.10891089108911,Arizona State,True,False,observed_scoring_school,90.73033707865169
arizona_state,2025-26,Arizona State,Big 12,38.0,655.0,FBS,89.0,223.5,342.5,https://dxbhsrqyrr690.cloudfront.net/sidearm.nextgen.sites/nacda.com/documents/2026/6/24/25.26DI_Final.pdf,1.0,87.70764119601328,Arizona State,True,False,observed_scoring_school,89.60674157303372
arkansas,2017-18,Arkansas,SEC,16.0,870.5,FBS,163.0,292.5,415.0,https://dxbhsrqyrr690.cloudfront.net/sidearm.nextgen.sites/nacda.com/documents/2018/7/18/June29overallDI.pdf,1.0,94.86301369863014,Arkansas,True,False,observed_scoring_school,95.6896551724138
arkansas,2018-19,Arkansas,SEC,23.0,803.0,FBS,160.5,272.0,370.5,https://dxbhsrqyrr690.cloudfront.net/sidearm.nextgen.sites/nacda.com/documents/2019/6/27/June28DIOverall.pdf,1.0,92.54237288135592,Arkansas,True,False,observed_scoring_school,93.71428571428572
arkansas,2020-21,Arkansas,SEC,8.0,988.75,FBS,209.0,383.0,396.75,https://dxbhsrqyrr690.cloudfront.net/sidearm.nextgen.sites/nacda.com/documents/2021/7/1/July2OverallDI.pdf,1.0,97.61092150170649,Arkansas,True,False,observed_scoring_school,98.0225988700565
arkansas,2021-22,Arkansas,SEC,7.0,1050.75,FBS,277.5,356.75,416.5,https://dxbhsrqyrr690.cloudfront.net/sidearm.nextgen.sites/nacda.com/documents/2022/6/30/FinalDIstandings.pdf,1.0,97.96610169491524,Arkansas,True,False,observed_scoring_school,98.30985915492958
arkansas,2022-23,Arkansas,SEC,13.0,1031.5,FBS,272.0,363.0,396.5,https://dxbhsrqyrr690.cloudfront.net/sidearm.nextgen.sites/nacda.com/documents/2023/6/27/Final22.23Standings.pdf,1.0,96.0655737704918,Arkansas,True,False,observed_scoring_school,96.64804469273743
arkansas,2023-24,Arkansas,SEC,18.0,921.75,FBS,272.0,294.25,355.5,https://dxbhsrqyrr690.cloudfront.net/sidearm.nextgen.sites/nacda.com/documents/2024/6/26/23.24FinalDI.pdf,1.0,94.5337620578778,Arkansas,True,False,observed_scoring_school,95.2247191011236
arkansas,2024-25,Arkansas,SEC,11.0,966.7,FBS,251.0,306.95,408.75,https://dxbhsrqyrr690.cloudfront.net/sidearm.nextgen.sites/nacda.com/documents/2025/6/23/24.25DivIStandingsFinal.pdf,1.0,96.69966996699672,Arkansas,True,False,observed_scoring_school,97.19101123595506
arkansas,2025-26,Arkansas,SEC,14.0,965.75,FBS,134.0,361.25,470.5,https://dxbhsrqyrr690.cloudfront.net/sidearm.nextgen.sites/nacda.com/documents/2026/6/24/25.26DI_Final.pdf,1.0,95.6810631229236,Arkansas,True,False,observed_scoring_school,96.34831460674157
arkansas_little_rock,2017-18,Arkansas Little Rock,Sun Belt,258.0,25.0,DI,0.0,25.0,0.0,https://dxbhsrqyrr690.cloudfront.net/sidearm.nextgen.sites/nacda.com/documents/2018/7/18/June29overallDI.pdf,5.0,7.363013698630137,Arkansas Little Rock,True,False,observed_scoring_school,22.270114942528735
arkansas_little_rock,2018-19,Arkansas Little Rock,Sun Belt,223.0,50.0,DI,25.0,25.0,0.0,https://dxbhsrqyrr690.cloudfront.net/sidearm.nextgen.sites/nacda.com/documents/2019/6/27/June28DIOverall.pdf,5.0,21.864406779661017,Arkansas Little Rock,True,False,observed_scoring_school,34.14285714285714
arkansas_little_rock,2020-21,Arkansas Little Rock,Sun Belt,207.0,59.5,DI,0.0,15.5,44.0,https://dxbhsrqyrr690.cloudfront.net/sidearm.nextgen.sites/nacda.com/documents/2021/7/1/July2OverallDI.pdf,4.0,29.692832764505116,Arkansas Little Rock,True,False,observed_scoring_school,41.80790960451977
arkansas_little_rock,2021-22,Arkansas Little Rock,Sun Belt,252.0,39.5,DI,0.0,0.0,39.5,https://dxbhsrqyrr690.cloudfront.net/sidearm.nextgen.sites/nacda.com/documents/2022/6/30/FinalDIstandings.pdf,5.0,14.915254237288137,Arkansas Little Rock,True,False,observed_scoring_school,29.295774647887324
arkansas_little_rock,2022-23,Arkansas Little Rock,OVC,292.0,22.0,DI,0.0,0.0,22.0,https://dxbhsrqyrr690.cloudfront.net/sidearm.nextgen.sites/nacda.com/documents/2023/6/27/Final22.23Standings.pdf,5.0,4.426229508196721,Arkansas Little Rock,True,False,observed_scoring_school,18.575418994413408
arkansas_little_rock,2023-24,Arkansas Little Rock,OVC,198.0,64.3,DI,0.0,55.0,9.3,https://dxbhsrqyrr690.cloudfront.net/sidearm.nextgen.sites/nacda.com/documents/2024/6/26/23.24FinalDI.pdf,3.0,36.655948553054664,Arkansas Little Rock,True,False,observed_scoring_school,44.662921348314605
arkansas_little_rock,2024-25,Arkansas Little Rock,OVC,141.0,115.0,DI,0.0,57.0,58.0,https://dxbhsrqyrr690.cloudfront.net/sidearm.nextgen.sites/nacda.com/documents/2025/6/23/24.25DivIStandingsFinal.pdf,3.0,53.63036303630363,Arkansas Little Rock,True,False,observed_scoring_school,60.53370786516854
arkansas_little_rock,2025-26,Arkansas Little Rock,OVC,132.0,126.0,DI,0.0,52.0,74.0,https://dxbhsrqyrr690.cloudfront.net/sidearm.nextgen.sites/nacda.com/documents/2026/6/24/25.26DI_Final.pdf,3.0,56.47840531561462,Arkansas Little Rock,True,False,observed_scoring_school,63.20224719101124
arkansas_pine_bluff,2017-18,,,,0.0,,,,,,,,Arkansas Pine Bluff,False,True,kept_known_d1_program,8.189655172413794
arkansas_pine_bluff,2018-19,,,,0.0,,,,,,,,Arkansas Pine Bluff,False,True,kept_known_d1_program,8.0
arkansas_pine_bluff,2020-21,,,,0.0,,,,,,,,Arkansas Pine Bluff,False,True,kept_known_d1_program,8.757062146892656
arkansas_pine_bluff,2021-22,,,,0.0,,,,,,,,Arkansas Pine Bluff,False,True,kept_known_d1_program,8.591549295774648
arkansas_pine_bluff,2022-23,Arkansas Pine Bluff,SWAC,298.0,5.0,FCS,0.0,0.0,5.0,https://dxbhsrqyrr690.cloudfront.net/sidearm.nextgen.sites/nacda.com/documents/2023/6/27/Final22.23Standings.pdf,5.0,1.475409836065574,Arkansas Pine Bluff,True,False,observed_scoring_school,16.061452513966483
arkansas_pine_bluff,2023-24,Arkansas Pine Bluff,SWAC,180.0,76.5,FCS,0.0,41.0,35.5,https://dxbhsrqyrr690.cloudfront.net/sidearm.nextgen.sites/nacda.com/documents/2024/6/26/23.24FinalDI.pdf,3.0,42.443729903536976,Arkansas Pine Bluff,True,False,observed_scoring_school,49.71910112359551
arkansas_pine_bluff,2024-25,Arkansas Pine Bluff,SWAC,223.0,52.5,FCS,0.0,26.5,26.0,https://dxbhsrqyrr690.cloudfront.net/sidearm.nextgen.sites/nacda.com/documents/2025/6/23/24.25DivIStandingsFinal.pdf,4.0,26.732673267326735,Arkansas Pine Bluff,True,False,observed_scoring_school,37.640449438202246
arkansas_pine_bluff,2025-26,Arkansas Pine Bluff,SWAC,299.0,5.0,FCS,0.0,0.0,5.0,https://dxbhsrqyrr690.cloudfront.net/sidearm.nextgen.sites/nacda.com/documents/2026/6/24/25.26DI_Final.pdf,5.0,0.6644518272425249,Arkansas Pine Bluff,True,False,observed_scoring_school,16.01123595505618
arkansas_state,2017-18,Arkansas State,Sun Belt,159.0,99.5,FBS,25.0,51.0,23.5,https://dxbhsrqyrr690.cloudfront.net/sidearm.nextgen.sites/nacda.com/documents/2018/7/18/June29overallDI.pdf,4.0,45.89041095890411,Arkansas State,True,False,observed_scoring_school,54.59770114942529
arkansas_state,2018-19,Arkansas State,Sun Belt,130.0,120.1,FBS,25.0,60.0,35.1,https://dxbhsrqyrr690.cloudfront.net/sidearm.nextgen.sites/nacda.com/documents/2019/6/27/June28DIOverall.pdf,3.0,56.271186440677965,Arkansas State,True,False,observed_scoring_school,63.142857142857146
arkansas_state,2020-21,Arkansas State,Sun Belt,119.0,123.0,FBS,0.0,90.0,33.0,https://dxbhsrqyrr690.cloudfront.net/sidearm.nextgen.sites/nacda.com/documents/2021/7/1/July2OverallDI.pdf,3.0,59.55631399317406,Arkansas State,True,False,observed_scoring_school,66.52542372881356
arkansas_state,2021-22,Arkansas State,Sun Belt,180.0,89.0,FBS,29.0,60.0,0.0,https://dxbhsrqyrr690.cloudfront.net/sidearm.nextgen.sites/nacda.com/documents/2022/6/30/FinalDIstandings.pdf,4.0,39.32203389830509,Arkansas State,True,False,observed_scoring_school,49.57746478873239
arkansas_state,2022-23,Arkansas State,Sun Belt,132.0,132.0,FBS,27.0,90.0,15.0,https://dxbhsrqyrr690.cloudfront.net/sidearm.nextgen.sites/nacda.com/documents/2023/6/27/Final22.23Standings.pdf,2.0,57.049180327868854,Arkansas State,True,False,observed_scoring_school,63.40782122905028
arkansas_state,2023-24,Arkansas State,Sun Belt,89.0,213.0,FBS,53.0,137.5,22.5,https://dxbhsrqyrr690.cloudfront.net/sidearm.nextgen.sites/nacda.com/documents/2024/6/26/23.24FinalDI.pdf,2.0,71.54340836012861,Arkansas State,True,False,observed_scoring_school,75.14044943820225
arkansas_state,2024-25,Arkansas State,Sun Belt,120.0,146.5,FBS,45.0,70.0,31.5,https://dxbhsrqyrr690.cloudfront.net/sidearm.nextgen.sites/nacda.com/documents/2025/6/23/24.25DivIStandingsFinal.pdf,2.0,60.726072607260726,Arkansas State,True,False,observed_scoring_school,66.57303370786516
arkansas_state,2025-26,Arkansas State,Sun Belt,96.0,205.0,FBS,70.0,83.0,52.0,https://dxbhsrqyrr690.cloudfront.net/sidearm.nextgen.sites/nacda.com/documents/2026/6/24/25.26DI_Final.pdf,2.0,68.43853820598007,Arkansas State,True,False,observed_scoring_school,73.31460674157303
army_west_point,2017-18,Army West Point,Patriot,106.0,173.0,FBS,78.5,32.0,62.5,https://dxbhsrqyrr690.cloudfront.net/sidearm.nextgen.sites/nacda.com/documents/2018/7/18/June29overallDI.pdf,3.0,64.04109589041096,Army West Point,True,False,observed_scoring_school,69.82758620689656
army_west_point,2018-19,Army West Point,Patriot,75.0,295.5,FBS,81.0,134.5,80.0,https://dxbhsrqyrr690.cloudfront.net/sidearm.nextgen.sites/nacda.com/documents/2019/6/27/June28DIOverall.pdf,2.0,74.91525423728814,Army West Point,True,False,observed_scoring_school,78.85714285714286
army_west_point,2020-21,Army West Point,Patriot,136.0,107.0,FBS,50.0,32.0,25.0,https://dxbhsrqyrr690.cloudfront.net/sidearm.nextgen.sites/nacda.com/documents/2021/7/1/July2OverallDI.pdf,3.0,53.58361774744027,Army West Point,True,False,observed_scoring_school,61.5819209039548
army_west_point,2021-22,Army West Point,Patriot,111.0,159.5,FBS,45.0,64.5,50.0,https://dxbhsrqyrr690.cloudfront.net/sidearm.nextgen.sites/nacda.com/documents/2022/6/30/FinalDIstandings.pdf,3.0,62.71186440677966,Army West Point,True,False,observed_scoring_school,69.01408450704226
army_west_point,2022-23,Army West Point,Patriot,107.0,168.5,FBS,0.0,48.5,120.0,https://dxbhsrqyrr690.cloudfront.net/sidearm.nextgen.sites/nacda.com/documents/2023/6/27/Final22.23Standings.pdf,2.0,65.24590163934427,Army West Point,True,False,observed_scoring_school,70.39106145251397
army_west_point,2023-24,Army West Point,Patriot,196.0,64.5,FBS,0.0,39.5,25.0,https://dxbhsrqyrr690.cloudfront.net/sidearm.nextgen.sites/nacda.com/documents/2024/6/26/23.24FinalDI.pdf,3.0,37.138263665594856,Army West Point,True,False,observed_scoring_school,45.08426966292135
army_west_point,2024-25,Army West Point,Patriot,103.0,181.0,FBS,53.0,103.0,25.0,https://dxbhsrqyrr690.cloudfront.net/sidearm.nextgen.sites/nacda.com/documents/2025/6/23/24.25DivIStandingsFinal.pdf,2.0,66.33663366336634,Army West Point,True,False,observed_scoring_school,71.34831460674157
army_west_point,2025-26,Army West Point,Patriot,79.0,295.5,FBS,98.0,99.5,98.0,https://dxbhsrqyrr690.cloudfront.net/sidearm.nextgen.sites/nacda.com/documents/2026/6/24/25.26DI_Final.pdf,2.0,74.08637873754152,Army West Point,True,False,observed_scoring_school,78.08988764044943
auburn,2017-18,Auburn,SEC,18.0,856.25,FBS,114.5,355.75,386.0,https://dxbhsrqyrr690.cloudfront.net/sidearm.nextgen.sites/nacda.com/documents/2018/7/18/June29overallDI.pdf,1.0,94.17808219178082,Auburn,True,False,observed_scoring_school,95.11494252873564
auburn,2018-19,Auburn,SEC,37.0,644.75,FBS,70.0,264.25,310.5,https://dxbhsrqyrr690.cloudfront.net/sidearm.nextgen.sites/nacda.com/documents/2019/6/27/June28DIOverall.pdf,1.0,87.79661016949153,Auburn,True,False,observed_scoring_school,89.71428571428571
auburn,2020-21,Auburn,SEC,50.0,412.75,FBS,25.0,98.0,289.75,https://dxbhsrqyrr690.cloudfront.net/sidearm.nextgen.sites/nacda.com/documents/2021/7/1/July2OverallDI.pdf,1.0,83.27645051194538,Auburn,True,False,observed_scoring_school,86.15819209039547
auburn,2021-22,Auburn,SEC,32.0,706.25,FBS,50.0,242.5,413.75,https://dxbhsrqyrr690.cloudfront.net/sidearm.nextgen.sites/nacda.com/documents/2022/6/30/FinalDIstandings.pdf,1.0,89.49152542372882,Auburn,True,False,observed_scoring_school,91.26760563380282
auburn,2022-23,Auburn,SEC,36.0,657.5,FBS,77.0,253.5,327.0,https://dxbhsrqyrr690.cloudfront.net/sidearm.nextgen.sites/nacda.com/documents/2023/6/27/Final22.23Standings.pdf,1.0,88.52459016393442,Auburn,True,False,observed_scoring_school,90.22346368715084
auburn,2023-24,Auburn,SEC,33.0,665.75,FBS,50.0,203.0,412.75,https://dxbhsrqyrr690.cloudfront.net/sidearm.nextgen.sites/nacda.com/documents/2024/6/26/23.24FinalDI.pdf,1.0,89.71061093247589,Auburn,True,False,observed_scoring_school,91.01123595505618
auburn,2024-25,Auburn,SEC,19.0,867.5,FBS,77.0,332.25,458.25,https://dxbhsrqyrr690.cloudfront.net/sidearm.nextgen.sites/nacda.com/documents/2025/6/23/24.25DivIStandingsFinal.pdf,1.0,94.05940594059405,Auburn,True,False,observed_scoring_school,94.9438202247191
auburn,2025-26,Auburn,SEC,26.0,724.5,FBS,0.0,289.0,435.5,https://dxbhsrqyrr690.cloudfront.net/sidearm.nextgen.sites/nacda.com/documents/2026/6/24/25.26DI_Final.pdf,1.0,91.69435215946844,Auburn,True,False,observed_scoring_school,92.97752808988764
austin_peay_state,2017-18,Austin Peay State,OVC,258.0,25.0,FCS,25.0,0.0,0.0,https://dxbhsrqyrr690.cloudfront.net/sidearm.nextgen.sites/nacda.com/documents/2018/7/18/June29overallDI.pdf,5.0,7.363013698630137,Austin Peay State,True,False,observed_scoring_school,22.270114942528735
austin_peay_state,2018-19,Austin Peay State,OVC,266.0,25.0,FCS,0.0,0.0,25.0,https://dxbhsrqyrr690.cloudfront.net/sidearm.nextgen.sites/nacda.com/documents/2019/6/27/June28DIOverall.pdf,5.0,6.779661016949152,Austin Peay State,True,False,observed_scoring_school,21.428571428571427
austin_peay_state,2020-21,Austin Peay State,OVC,255.0,25.0,FCS,0.0,0.0,25.0,https://dxbhsrqyrr690.cloudfront.net/sidearm.nextgen.sites/nacda.com/documents/2021/7/1/July2OverallDI.pdf,5.0,8.70307167235495,Austin Peay State,True,False,observed_scoring_school,24.43502824858757
austin_peay_state,2021-22,Austin Peay State,OVC,295.0,5.0,FCS,0.0,0.0,5.0,https://dxbhsrqyrr690.cloudfront.net/sidearm.nextgen.sites/nacda.com/documents/2022/6/30/FinalDIstandings.pdf,6.0,0.3389830508474576,Austin Peay State,True,False,observed_scoring_school,17.183098591549296
austin_peay_state,2022-23,,,,0.0,,,,,,,,Austin Peay State,False,True,kept_known_d1_program,7.5418994413407825
austin_peay_state,2023-24,Austin Peay State,ASUN,262.0,25.0,FCS,25.0,0.0,0.0,https://dxbhsrqyrr690.cloudfront.net/sidearm.nextgen.sites/nacda.com/documents/2024/6/26/23.24FinalDI.pdf,4.0,10.128617363344052,Austin Peay State,True,False,observed_scoring_school,21.48876404494382
austin_peay_state,2024-25,,,,0.0,,,,,,,,Austin Peay State,False,True,kept_known_d1_program,7.584269662921349
austin_peay_state,2025-26,,,,0.0,,,,,,,,Austin Peay State,False,True,kept_known_d1_program,7.865168539325842
byu,2017-18,BYU,WCC,45.0,552.5,FBS,215.0,118.5,219.0,https://dxbhsrqyrr690.cloudfront.net/sidearm.nextgen.sites/nacda.com/documents/2018/7/18/June29overallDI.pdf,1.0,84.93150684931507,BYU,True,False,observed_scoring_school,87.35632183908046
byu,2018-19,BYU,WCC,29.0,738.5,FBS,315.0,224.5,199.0,https://dxbhsrqyrr690.cloudfront.net/sidearm.nextgen.sites/nacda.com/documents/2019/6/27/June28DIOverall.pdf,1.0,90.5084745762712,BYU,True,False,observed_scoring_school,92.0
byu,2020-21,BYU,WCC,17.0,871.25,FBS,349.0,257.75,264.5,https://dxbhsrqyrr690.cloudfront.net/sidearm.nextgen.sites/nacda.com/documents/2021/7/1/July2OverallDI.pdf,1.0,94.53924914675768,BYU,True,False,observed_scoring_school,95.48022598870057
byu,2021-22,BYU,WCC,29.0,738.75,FBS,368.0,184.0,186.75,https://dxbhsrqyrr690.cloudfront.net/sidearm.nextgen.sites/nacda.com/documents/2022/6/30/FinalDIstandings.pdf,1.0,90.5084745762712,BYU,True,False,observed_scoring_school,92.11267605633803
byu,2022-23,BYU,WCC,37.0,637.75,FBS,314.5,149.25,174.0,https://dxbhsrqyrr690.cloudfront.net/sidearm.nextgen.sites/nacda.com/documents/2023/6/27/Final22.23Standings.pdf,1.0,88.19672131147541,BYU,True,False,observed_scoring_school,89.94413407821229
byu,2023-24,BYU,Big 12,36.0,637.5,FBS,279.5,224.0,134.0,https://dxbhsrqyrr690.cloudfront.net/sidearm.nextgen.sites/nacda.com/documents/2024/6/26/23.24FinalDI.pdf,1.0,88.7459807073955,BYU,True,False,observed_scoring_school,90.1685393258427
byu,2024-25,BYU,Big 12,25.0,813.75,FBS,311.5,291.0,211.25,https://dxbhsrqyrr690.cloudfront.net/sidearm.nextgen.sites/nacda.com/documents/2025/6/23/24.25DivIStandingsFinal.pdf,1.0,92.07920792079209,BYU,True,False,observed_scoring_school,93.25842696629213
byu,2025-26,BYU,Big 12,25.0,730.0,FBS,309.5,223.25,197.25,https://dxbhsrqyrr690.cloudfront.net/sidearm.nextgen.sites/nacda.com/documents/2026/6/24/25.26DI_Final.pdf,1.0,92.02657807308972,BYU,True,False,observed_scoring_school,93.25842696629213
ball_state,2017-18,,,,0.0,,,,,,,,Ball State,False,True,kept_known_d1_program,8.189655172413794
ball_state,2018-19,,,,0.0,,,,,,,,Ball State,False,True,kept_known_d1_program,8.0
ball_state,2020-21,Ball State,MAC,179.0,76.0,FBS,51.0,0.0,25.0,https://dxbhsrqyrr690.cloudfront.net/sidearm.nextgen.sites/nacda.com/documents/2021/7/1/July2OverallDI.pdf,4.0,39.07849829351536,Ball State,True,False,observed_scoring_school,49.57627118644068
ball_state,2021-22,Ball State,MAC,101.0,182.5,FBS,75.0,0.0,107.5,https://dxbhsrqyrr690.cloudfront.net/sidearm.nextgen.sites/nacda.com/documents/2022/6/30/FinalDIstandings.pdf,2.0,66.10169491525424,Ball State,True,False,observed_scoring_school,71.83098591549296
ball_state,2022-23,Ball State,MAC,89.0,206.5,FBS,25.0,75.5,106.0,https://dxbhsrqyrr690.cloudfront.net/sidearm.nextgen.sites/nacda.com/documents/2023/6/27/Final22.23Standings.pdf,2.0,71.14754098360656,Ball State,True,False,observed_scoring_school,75.41899441340783
ball_state,2023-24,Ball State,MAC,132.0,131.5,FBS,0.0,83.0,48.5,https://dxbhsrqyrr690.cloudfront.net/sidearm.nextgen.sites/nacda.com/documents/2024/6/26/23.24FinalDI.pdf,2.0,57.87781350482315,Ball State,True,False,observed_scoring_school,63.20224719101124
ball_state,2024-25,Ball State,MAC,240.0,47.5,FBS,0.0,47.5,0.0,https://dxbhsrqyrr690.cloudfront.net/sidearm.nextgen.sites/nacda.com/documents/2025/6/23/24.25DivIStandingsFinal.pdf,4.0,20.957095709570957,Ball State,True,False,observed_scoring_school,32.7247191011236
ball_state,2025-26,Ball State,MAC,179.0,83.0,FBS,0.0,0.0,83.0,https://dxbhsrqyrr690.cloudfront.net/sidearm.nextgen.sites/nacda.com/documents/2026/6/24/25.26DI_Final.pdf,3.0,40.863787375415285,Ball State,True,False,observed_scoring_school,50.0
baylor,2017-18,Baylor,Big 12,43.0,555.75,FBS,151.0,80.5,324.25,https://dxbhsrqyrr690.cloudfront.net/sidearm.nextgen.sites/nacda.com/documents/2018/7/18/June29overallDI.pdf,1.0,85.61643835616438,Baylor,True,False,observed_scoring_school,87.93103448275862
baylor,2018-19,Baylor,Big 12,39.0,622.5,FBS,168.0,192.5,262.0,https://dxbhsrqyrr690.cloudfront.net/sidearm.nextgen.sites/nacda.com/documents/2019/6/27/June28DIOverall.pdf,1.0,87.11864406779661,Baylor,True,False,observed_scoring_school,89.14285714285714
baylor,2020-21,Baylor,Big 12,29.0,677.0,FBS,64.0,296.5,316.5,https://dxbhsrqyrr690.cloudfront.net/sidearm.nextgen.sites/nacda.com/documents/2021/7/1/July2OverallDI.pdf,1.0,90.44368600682594,Baylor,True,False,observed_scoring_school,92.09039548022598
baylor,2021-22,Baylor,Big 12,47.0,522.0,FBS,137.5,116.0,268.5,https://dxbhsrqyrr690.cloudfront.net/sidearm.nextgen.sites/nacda.com/documents/2022/6/30/FinalDIstandings.pdf,1.0,84.40677966101696,Baylor,True,False,observed_scoring_school,87.04225352112675
baylor,2022-23,Baylor,Big 12,46.0,543.0,FBS,89.0,157.0,297.0,https://dxbhsrqyrr690.cloudfront.net/sidearm.nextgen.sites/nacda.com/documents/2023/6/27/Final22.23Standings.pdf,1.0,85.24590163934425,Baylor,True,False,observed_scoring_school,87.43016759776536
baylor,2023-24,Baylor,Big 12,43.0,538.5,FBS,50.0,166.5,322.0,https://dxbhsrqyrr690.cloudfront.net/sidearm.nextgen.sites/nacda.com/documents/2024/6/26/23.24FinalDI.pdf,1.0,86.49517684887459,Baylor,True,False,observed_scoring_school,88.20224719101124
baylor,2024-25,Baylor,Big 12,52.0,489.25,FBS,75.0,210.25,204.0,https://dxbhsrqyrr690.cloudfront.net/sidearm.nextgen.sites/nacda.com/documents/2025/6/23/24.25DivIStandingsFinal.pdf,1.0,83.16831683168317,Baylor,True,False,observed_scoring_school,85.67415730337079
baylor,2025-26,Baylor,Big 12,50.0,530.5,FBS,114.0,141.0,275.5,https://dxbhsrqyrr690.cloudfront.net/sidearm.nextgen.sites/nacda.com/documents/2026/6/24/25.26DI_Final.pdf,1.0,83.55481727574751,Baylor,True,False,observed_scoring_school,86.09550561797754
bellarmine,2020-21,,,,0.0,,,,,,,,Bellarmine,False,True,kept_known_d1_program,8.757062146892656
bellarmine,2021-22,,,,0.0,,,,,,,,Bellarmine,False,True,kept_known_d1_program,8.591549295774648
bellarmine,2022-23,,,,0.0,,,,,,,,Bellarmine,False,True,kept_known_d1_program,7.5418994413407825
bellarmine,2023-24,,,,0.0,,,,,,,,Bellarmine,False,True,kept_known_d1_program,6.460674157303371
bellarmine,2024-25,,,,0.0,,,,,,,,Bellarmine,False,True,kept_known_d1_program,7.584269662921349
bellarmine,2025-26,Bellarmine,ASUN,298.0,15.0,DI,0.0,15.0,0.0,https://dxbhsrqyrr690.cloudfront.net/sidearm.nextgen.sites/nacda.com/documents/2026/6/24/25.26DI_Final.pdf,5.0,1.32890365448505,Bellarmine,True,False,observed_scoring_school,16.573033707865168
belmont,2017-18,Belmont,OVC,258.0,25.0,DI,0.0,25.0,0.0,https://dxbhsrqyrr690.cloudfront.net/sidearm.nextgen.sites/nacda.com/documents/2018/7/18/June29overallDI.pdf,5.0,7.363013698630137,Belmont,True,False,observed_scoring_school,22.270114942528735
belmont,2018-19,Belmont,OVC,184.0,77.0,DI,27.0,50.0,0.0,https://dxbhsrqyrr690.cloudfront.net/sidearm.nextgen.sites/nacda.com/documents/2019/6/27/June28DIOverall.pdf,4.0,37.45762711864407,Belmont,True,False,observed_scoring_school,47.285714285714285
belmont,2020-21,Belmont,OVC,145.0,100.0,DI,0.0,50.0,50.0,https://dxbhsrqyrr690.cloudfront.net/sidearm.nextgen.sites/nacda.com/documents/2021/7/1/July2OverallDI.pdf,3.0,50.170648464163826,Belmont,True,False,observed_scoring_school,58.75706214689266
belmont,2021-22,Belmont,OVC,229.0,50.0,DI,0.0,50.0,0.0,https://dxbhsrqyrr690.cloudfront.net/sidearm.nextgen.sites/nacda.com/documents/2022/6/30/FinalDIstandings.pdf,5.0,20.0,Belmont,True,False,observed_scoring_school,33.52112676056338
belmont,2022-23,Belmont,Missouri Valley,261.0,25.0,DI,0.0,0.0,25.0,https://dxbhsrqyrr690.cloudfront.net/sidearm.nextgen.sites/nacda.com/documents/2023/6/27/Final22.23Standings.pdf,5.0,10.0,Belmont,True,False,observed_scoring_school,23.324022346368714
belmont,2023-24,,,,0.0,,,,,,,,Belmont,False,True,kept_known_d1_program,6.460674157303371
belmont,2024-25,Belmont,Missouri Valley,210.0,62.5,DI,0.0,0.0,62.5,https://dxbhsrqyrr690.cloudfront.net/sidearm.nextgen.sites/nacda.com/documents/2025/6/23/24.25DivIStandingsFinal.pdf,4.0,30.693069306930692,Belmont,True,False,observed_scoring_school,41.01123595505618
belmont,2025-26,Belmont,Missouri Valley,253.0,37.5,DI,0.0,0.0,37.5,https://dxbhsrqyrr690.cloudfront.net/sidearm.nextgen.sites/nacda.com/documents/2026/6/24/25.26DI_Final.pdf,4.0,16.27906976744186,Belmont,True,False,observed_scoring_school,29.213483146067414
bethune_cookman,2017-18,Bethune-Cookman,MEAC,258.0,25.0,FCS,0.0,0.0,25.0,https://dxbhsrqyrr690.cloudfront.net/sidearm.nextgen.sites/nacda.com/documents/2018/7/18/June29overallDI.pdf,5.0,7.363013698630137,Bethune-Cookman,True,False,observed_scoring_school,22.270114942528735
bethune_cookman,2018-19,Bethune-Cookman,MEAC,163.0,94.5,FCS,0.0,69.5,25.0,https://dxbhsrqyrr690.cloudfront.net/sidearm.nextgen.sites/nacda.com/documents/2019/6/27/June28DIOverall.pdf,4.0,45.08474576271186,Bethune-Cookman,True,False,observed_scoring_school,53.714285714285715
bethune_cookman,2020-21,,,,0.0,,,,,,,,Bethune-Cookman,False,True,kept_known_d1_program,8.757062146892656
bethune_cookman,2021-22,,,,0.0,,,,,,,,Bethune-Cookman,False,True,kept_known_d1_program,8.591549295774648
bethune_cookman,2022-23,,,,0.0,,,,,,,,Bethune-Cookman,False,True,kept_known_d1_program,7.5418994413407825
bethune_cookman,2023-24,,,,0.0,,,,,,,,Bethune-Cookman,False,True,kept_known_d1_program,6.460674157303371
bethune_cookman,2024-25,Bethune-Cookman,SWAC,264.0,25.0,FCS,0.0,0.0,25.0,https://dxbhsrqyrr690.cloudfront.net/sidearm.nextgen.sites/nacda.com/documents/2025/6/23/24.25DivIStandingsFinal.pdf,5.0,9.075907590759076,Bethune-Cookman,True,False,observed_scoring_school,22.6123595505618
bethune_cookman,2025-26,,,,0.0,,,,,,,,Bethune-Cookman,False,True,kept_known_d1_program,7.865168539325842
binghamton,2017-18,Binghamton,America East,289.0,11.0,DI,0.0,11.0,0.0,https://dxbhsrqyrr690.cloudfront.net/sidearm.nextgen.sites/nacda.com/documents/2018/7/18/June29overallDI.pdf,6.0,1.36986301369863,Binghamton,True,False,observed_scoring_school,17.24137931034483
binghamton,2018-19,Binghamton,America East,256.0,32.5,DI,0.0,32.5,0.0,https://dxbhsrqyrr690.cloudfront.net/sidearm.nextgen.sites/nacda.com/documents/2019/6/27/June28DIOverall.pdf,5.0,13.389830508474576,Binghamton,True,False,observed_scoring_school,27.0
binghamton,2020-21,Binghamton,America East,232.0,49.5,DI,0.0,35.0,14.5,https://dxbhsrqyrr690.cloudfront.net/sidearm.nextgen.sites/nacda.com/documents/2021/7/1/July2OverallDI.pdf,5.0,21.160409556313994,Binghamton,True,False,observed_scoring_school,34.74576271186441
binghamton,2021-22,Binghamton,America East,187.0,83.5,DI,0.0,37.0,46.5,https://dxbhsrqyrr690.cloudfront.net/sidearm.nextgen.sites/nacda.com/documents/2022/6/30/FinalDIstandings.pdf,4.0,36.94915254237288,Binghamton,True,False,observed_scoring_school,47.6056338028169
binghamton,2022-23,Binghamton,America East,291.0,23.0,DI,0.0,23.0,0.0,https://dxbhsrqyrr690.cloudfront.net/sidearm.nextgen.sites/nacda.com/documents/2023/6/27/Final22.23Standings.pdf,5.0,4.918032786885246,Binghamton,True,False,observed_scoring_school,18.994413407821227
binghamton,2023-24,Binghamton,America East,174.0,83.5,DI,0.0,33.5,50.0,https://dxbhsrqyrr690.cloudfront.net/sidearm.nextgen.sites/nacda.com/documents/2024/6/26/23.24FinalDI.pdf,3.0,44.37299035369775,Binghamton,True,False,observed_scoring_school,51.40449438202247
binghamton,2024-25,Binghamton,America East,155.0,103.5,DI,0.0,28.5,75.0,https://dxbhsrqyrr690.cloudfront.net/sidearm.nextgen.sites/nacda.com/documents/2025/6/23/24.25DivIStandingsFinal.pdf,3.0,49.17491749174918,Binghamton,True,False,observed_scoring_school,56.74157303370787
binghamton,2025-26,Binghamton,America East,197.0,74.0,DI,0.0,24.0,50.0,https://dxbhsrqyrr690.cloudfront.net/sidearm.nextgen.sites/nacda.com/documents/2026/6/24/25.26DI_Final.pdf,4.0,34.71760797342193,Binghamton,True,False,observed_scoring_school,44.80337078651686
boise_state,2017-18,Boise State,Mountain West,59.0,387.5,FBS,180.5,133.5,73.5,https://dxbhsrqyrr690.cloudfront.net/sidearm.nextgen.sites/nacda.com/documents/2018/7/18/June29overallDI.pdf,2.0,80.13698630136986,Boise State,True,False,observed_scoring_school,83.33333333333334
boise_state,2018-19,Boise State,Mountain West,59.0,416.75,FBS,191.0,122.25,103.5,https://dxbhsrqyrr690.cloudfront.net/sidearm.nextgen.sites/nacda.com/documents/2019/6/27/June28DIOverall.pdf,2.0,80.33898305084746,Boise State,True,False,observed_scoring_school,83.42857142857143
boise_state,2020-21,Boise State,Mountain West,103.0,147.0,FBS,63.0,45.5,38.5,https://dxbhsrqyrr690.cloudfront.net/sidearm.nextgen.sites/nacda.com/documents/2021/7/1/July2OverallDI.pdf,2.0,65.18771331058021,Boise State,True,False,observed_scoring_school,71.1864406779661
boise_state,2021-22,Boise State,Mountain West,113.0,158.0,FBS,30.0,70.5,57.5,https://dxbhsrqyrr690.cloudfront.net/sidearm.nextgen.sites/nacda.com/documents/2022/6/30/FinalDIstandings.pdf,3.0,62.03389830508475,Boise State,True,False,observed_scoring_school,68.45070422535211
boise_state,2022-23,Boise State,Mountain West,125.0,140.5,FBS,45.0,70.5,25.0,https://dxbhsrqyrr690.cloudfront.net/sidearm.nextgen.sites/nacda.com/documents/2023/6/27/Final22.23Standings.pdf,2.0,59.34426229508196,Boise State,True,False,observed_scoring_school,65.36312849162012
boise_state,2023-24,Boise State,Mountain West,163.0,92.0,FBS,25.0,42.0,25.0,https://dxbhsrqyrr690.cloudfront.net/sidearm.nextgen.sites/nacda.com/documents/2024/6/26/23.24FinalDI.pdf,3.0,47.90996784565916,Boise State,True,False,observed_scoring_school,54.49438202247191
boise_state,2024-25,Boise State,Mountain West,91.0,214.5,FBS,69.0,45.5,100.0,https://dxbhsrqyrr690.cloudfront.net/sidearm.nextgen.sites/nacda.com/documents/2025/6/23/24.25DivIStandingsFinal.pdf,2.0,70.13201320132013,Boise State,True,False,observed_scoring_school,74.57865168539325
boise_state,2025-26,Boise State,Mountain West,156.0,104.0,FBS,104.0,0.0,0.0,https://dxbhsrqyrr690.cloudfront.net/sidearm.nextgen.sites/nacda.com/documents/2026/6/24/25.26DI_Final.pdf,3.0,48.50498338870432,Boise State,True,False,observed_scoring_school,56.46067415730337
boston_college,2017-18,Boston College,ACC,95.0,198.0,FBS,25.0,83.0,90.0,https://dxbhsrqyrr690.cloudfront.net/sidearm.nextgen.sites/nacda.com/documents/2018/7/18/June29overallDI.pdf,2.0,67.8082191780822,Boston College,True,False,observed_scoring_school,72.98850574712644
boston_college,2018-19,Boston College,ACC,87.0,216.0,FBS,50.0,51.0,115.0,https://dxbhsrqyrr690.cloudfront.net/sidearm.nextgen.sites/nacda.com/documents/2019/6/27/June28DIOverall.pdf,2.0,70.84745762711864,Boston College,True,False,observed_scoring_school,75.42857142857143
boston_college,2020-21,Boston College,ACC,74.0,277.0,FBS,0.0,177.0,100.0,https://dxbhsrqyrr690.cloudfront.net/sidearm.nextgen.sites/nacda.com/documents/2021/7/1/July2OverallDI.pdf,2.0,75.0853242320819,Boston College,True,False,observed_scoring_school,79.37853107344633
boston_college,2021-22,Boston College,ACC,109.0,165.0,FBS,5.0,70.0,90.0,https://dxbhsrqyrr690.cloudfront.net/sidearm.nextgen.sites/nacda.com/documents/2022/6/30/FinalDIstandings.pdf,3.0,63.389830508474574,Boston College,True,False,observed_scoring_school,69.57746478873239
boston_college,2022-23,Boston College,ACC,105.0,170.0,FBS,0.0,30.0,140.0,https://dxbhsrqyrr690.cloudfront.net/sidearm.nextgen.sites/nacda.com/documents/2023/6/27/Final22.23Standings.pdf,2.0,65.90163934426229,Boston College,True,False,observed_scoring_school,70.94972067039106
boston_college,2023-24,Boston College,ACC,68.0,360.0,FBS,93.0,167.0,100.0,https://dxbhsrqyrr690.cloudfront.net/sidearm.nextgen.sites/nacda.com/documents/2024/6/26/23.24FinalDI.pdf,2.0,78.45659163987139,Boston College,True,False,observed_scoring_school,81.17977528089888
boston_college,2024-25,Boston College,ACC,66.0,377.5,FBS,115.0,179.5,83.0,https://dxbhsrqyrr690.cloudfront.net/sidearm.nextgen.sites/nacda.com/documents/2025/6/23/24.25DivIStandingsFinal.pdf,2.0,78.54785478547855,Boston College,True,False,observed_scoring_school,81.74157303370787
boston_college,2025-26,Boston College,ACC,83.0,276.0,FBS,45.0,120.0,111.0,https://dxbhsrqyrr690.cloudfront.net/sidearm.nextgen.sites/nacda.com/documents/2026/6/24/25.26DI_Final.pdf,2.0,72.75747508305648,Boston College,True,False,observed_scoring_school,76.96629213483146
boston_university,2017-18,Boston University,Patriot,133.0,138.0,DI,53.0,60.0,25.0,https://dxbhsrqyrr690.cloudfront.net/sidearm.nextgen.sites/nacda.com/documents/2018/7/18/June29overallDI.pdf,3.0,54.7945205479452,Boston University,True,False,observed_scoring_school,62.06896551724138
boston_university,2018-19,Boston University,Patriot,181.0,80.0,DI,50.0,0.0,30.0,https://dxbhsrqyrr690.cloudfront.net/sidearm.nextgen.sites/nacda.com/documents/2019/6/27/June28DIOverall.pdf,4.0,38.983050847457626,Boston University,True,False,observed_scoring_school,48.57142857142857
boston_university,2020-21,Boston University,Patriot,182.0,75.0,DI,0.0,25.0,50.0,https://dxbhsrqyrr690.cloudfront.net/sidearm.nextgen.sites/nacda.com/documents/2021/7/1/July2OverallDI.pdf,4.0,36.3481228668942,Boston University,True,False,observed_scoring_school,47.31638418079096
boston_university,2021-22,Boston University,Patriot,166.0,99.5,DI,0.0,0.0,99.5,https://dxbhsrqyrr690.cloudfront.net/sidearm.nextgen.sites/nacda.com/documents/2022/6/30/FinalDIstandings.pdf,4.0,44.06779661016949,Boston University,True,False,observed_scoring_school,53.52112676056338
boston_university,2022-23,Boston University,Patriot,123.0,145.5,DI,0.0,83.0,62.5,https://dxbhsrqyrr690.cloudfront.net/sidearm.nextgen.sites/nacda.com/documents/2023/6/27/Final22.23Standings.pdf,2.0,60.0,Boston University,True,False,observed_scoring_school,65.92178770949721
boston_university,2023-24,Boston University,Patriot,93.0,206.5,DI,25.0,83.0,98.5,https://dxbhsrqyrr690.cloudfront.net/sidearm.nextgen.sites/nacda.com/documents/2024/6/26/23.24FinalDI.pdf,2.0,70.41800643086816,Boston University,True,False,observed_scoring_school,74.15730337078652
boston_university,2024-25,Boston University,Patriot,73.0,314.5,DI,25.0,168.5,121.0,https://dxbhsrqyrr690.cloudfront.net/sidearm.nextgen.sites/nacda.com/documents/2025/6/23/24.25DivIStandingsFinal.pdf,2.0,76.23762376237624,Boston University,True,False,observed_scoring_school,79.7752808988764
boston_university,2025-26,Boston University,Patriot,163.0,98.5,DI,25.0,0.0,73.5,https://dxbhsrqyrr690.cloudfront.net/sidearm.nextgen.sites/nacda.com/documents/2026/6/24/25.26DI_Final.pdf,3.0,46.17940199335549,Boston University,True,False,observed_scoring_school,54.49438202247191
bowling_green,2017-18,,,,0.0,,,,,,,,Bowling Green,False,True,kept_known_d1_program,8.189655172413794
bowling_green,2018-19,Bowling Green,MAC,205.0,63.0,FBS,25.0,38.0,0.0,https://dxbhsrqyrr690.cloudfront.net/sidearm.nextgen.sites/nacda.com/documents/2019/6/27/June28DIOverall.pdf,4.0,30.847457627118647,Bowling Green,True,False,observed_scoring_school,41.714285714285715
bowling_green,2020-21,Bowling Green,MAC,182.0,75.0,FBS,75.0,0.0,0.0,https://dxbhsrqyrr690.cloudfront.net/sidearm.nextgen.sites/nacda.com/documents/2021/7/1/July2OverallDI.pdf,4.0,36.3481228668942,Bowling Green,True,False,observed_scoring_school,47.31638418079096
bowling_green,2021-22,Bowling Green,MAC,196.0,75.0,FBS,75.0,0.0,0.0,https://dxbhsrqyrr690.cloudfront.net/sidearm.nextgen.sites/nacda.com/documents/2022/6/30/FinalDIstandings.pdf,4.0,32.88135593220339,Bowling Green,True,False,observed_scoring_school,44.225352112676056
bowling_green,2022-23,Bowling Green,MAC,223.0,50.0,FBS,50.0,0.0,0.0,https://dxbhsrqyrr690.cloudfront.net/sidearm.nextgen.sites/nacda.com/documents/2023/6/27/Final22.23Standings.pdf,4.0,24.75409836065574,Bowling Green,True,False,observed_scoring_school,35.89385474860335
bowling_green,2023-24,Bowling Green,MAC,262.0,25.0,FBS,25.0,0.0,0.0,https://dxbhsrqyrr690.cloudfront.net/sidearm.nextgen.sites/nacda.com/documents/2024/6/26/23.24FinalDI.pdf,5.0,10.128617363344052,Bowling Green,True,False,observed_scoring_school,21.48876404494382
bowling_green,2024-25,Bowling Green,MAC,264.0,25.0,FBS,25.0,0.0,0.0,https://dxbhsrqyrr690.cloudfront.net/sidearm.nextgen.sites/nacda.com/documents/2025/6/23/24.25DivIStandingsFinal.pdf,5.0,9.075907590759076,Bowling Green,True,False,observed_scoring_school,22.6123595505618
bowling_green,2025-26,,,,0.0,,,,,,,,Bowling Green,False,True,kept_known_d1_program,7.865168539325842
bradley,2017-18,Bradley,Missouri Valley,291.0,5.0,DI,0.0,0.0,5.0,https://dxbhsrqyrr690.cloudfront.net/sidearm.nextgen.sites/nacda.com/documents/2018/7/18/June29overallDI.pdf,6.0,0.5136986301369862,Bradley,True,False,observed_scoring_school,16.522988505747126
bradley,2018-19,Bradley,Missouri Valley,190.0,75.0,DI,50.0,25.0,0.0,https://dxbhsrqyrr690.cloudfront.net/sidearm.nextgen.sites/nacda.com/documents/2019/6/27/June28DIOverall.pdf,4.0,34.40677966101695,Bradley,True,False,observed_scoring_school,44.714285714285715
bradley,2020-21,Bradley,Missouri Valley,255.0,25.0,DI,0.0,25.0,0.0,https://dxbhsrqyrr690.cloudfront.net/sidearm.nextgen.sites/nacda.com/documents/2021/7/1/July2OverallDI.pdf,5.0,8.70307167235495,Bradley,True,False,observed_scoring_school,24.43502824858757
bradley,2021-22,,,,0.0,,,,,,,,Bradley,False,True,kept_known_d1_program,8.591549295774648
bradley,2022-23,Bradley,Missouri Valley,214.0,53.8,DI,26.0,27.8,0.0,https://dxbhsrqyrr690.cloudfront.net/sidearm.nextgen.sites/nacda.com/documents/2023/6/27/Final22.23Standings.pdf,4.0,30.16393442622951,Bradley,True,False,observed_scoring_school,40.502793296089386
bradley,2023-24,,,,0.0,,,,,,,,Bradley,False,True,kept_known_d1_program,6.460674157303371
bradley,2024-25,Bradley,Missouri Valley,294.0,13.5,DI,0.0,0.0,13.5,https://dxbhsrqyrr690.cloudfront.net/sidearm.nextgen.sites/nacda.com/documents/2025/6/23/24.25DivIStandingsFinal.pdf,5.0,3.1353135313531353,Bradley,True,False,observed_scoring_school,17.5561797752809
bradley,2025-26,,,,0.0,,,,,,,,Bradley,False,True,kept_known_d1_program,7.865168539325842
brown,2017-18,Brown,Ivy League,151.0,102.0,FCS,0.0,42.0,60.0,https://dxbhsrqyrr690.cloudfront.net/sidearm.nextgen.sites/nacda.com/documents/2018/7/18/June29overallDI.pdf,3.0,48.63013698630137,Brown,True,False,observed_scoring_school,56.896551724137936
brown,2018-19,Brown,Ivy League,118.0,144.0,FCS,27.0,54.0,63.0,https://dxbhsrqyrr690.cloudfront.net/sidearm.nextgen.sites/nacda.com/documents/2019/6/27/June28DIOverall.pdf,3.0,60.33898305084746,Brown,True,False,observed_scoring_school,66.57142857142857
brown,2020-21,Brown,Ivy League,199.0,66.0,FCS,0.0,0.0,66.0,https://dxbhsrqyrr690.cloudfront.net/sidearm.nextgen.sites/nacda.com/documents/2021/7/1/July2OverallDI.pdf,4.0,32.42320819112628,Brown,True,False,observed_scoring_school,44.06779661016949
brown,2021-22,Brown,Ivy League,95.0,198.0,FCS,50.0,26.0,122.0,https://dxbhsrqyrr690.cloudfront.net/sidearm.nextgen.sites/nacda.com/documents/2022/6/30/FinalDIstandings.pdf,2.0,68.13559322033899,Brown,True,False,observed_scoring_school,73.52112676056338
brown,2022-23,Brown,Ivy League,122.0,147.0,FCS,50.0,28.0,69.0,https://dxbhsrqyrr690.cloudfront.net/sidearm.nextgen.sites/nacda.com/documents/2023/6/27/Final22.23Standings.pdf,2.0,60.32786885245902,Brown,True,False,observed_scoring_school,66.20111731843575
brown,2023-24,Brown,Ivy League,100.0,188.0,FCS,50.0,66.0,72.0,https://dxbhsrqyrr690.cloudfront.net/sidearm.nextgen.sites/nacda.com/documents/2024/6/26/23.24FinalDI.pdf,2.0,68.16720257234726,Brown,True,False,observed_scoring_school,72.19101123595506
brown,2024-25,Brown,Ivy League,90.0,221.0,FCS,0.0,102.0,119.0,https://dxbhsrqyrr690.cloudfront.net/sidearm.nextgen.sites/nacda.com/documents/2025/6/23/24.25DivIStandingsFinal.pdf,2.0,70.62706270627062,Brown,True,False,observed_scoring_school,75.0
brown,2025-26,Brown,Ivy League,131.0,127.0,FCS,0.0,67.0,60.0,https://dxbhsrqyrr690.cloudfront.net/sidearm.nextgen.sites/nacda.com/documents/2026/6/24/25.26DI_Final.pdf,3.0,56.810631229235874,Brown,True,False,observed_scoring_school,63.48314606741573
bryant,2017-18,Bryant,Northeast,258.0,25.0,FCS,0.0,0.0,25.0,https://dxbhsrqyrr690.cloudfront.net/sidearm.nextgen.sites/nacda.com/documents/2018/7/18/June29overallDI.pdf,5.0,7.363013698630137,Bryant,True,False,observed_scoring_school,22.270114942528735
bryant,2018-19,Bryant,Northeast,223.0,50.0,FCS,25.0,0.0,25.0,https://dxbhsrqyrr690.cloudfront.net/sidearm.nextgen.sites/nacda.com/documents/2019/6/27/June28DIOverall.pdf,5.0,21.864406779661017,Bryant,True,False,observed_scoring_school,34.14285714285714
bryant,2020-21,Bryant,Northeast,255.0,25.0,FCS,0.0,0.0,25.0,https://dxbhsrqyrr690.cloudfront.net/sidearm.nextgen.sites/nacda.com/documents/2021/7/1/July2OverallDI.pdf,5.0,8.70307167235495,Bryant,True,False,observed_scoring_school,24.43502824858757
bryant,2021-22,Bryant,Northeast,258.0,30.0,FCS,0.0,5.0,25.0,https://dxbhsrqyrr690.cloudfront.net/sidearm.nextgen.sites/nacda.com/documents/2022/6/30/FinalDIstandings.pdf,5.0,12.033898305084746,Bryant,True,False,observed_scoring_school,26.901408450704224
bryant,2022-23,Bryant,America East,215.0,53.0,FCS,0.0,0.0,53.0,https://dxbhsrqyrr690.cloudfront.net/sidearm.nextgen.sites/nacda.com/documents/2023/6/27/Final22.23Standings.pdf,4.0,29.18032786885246,Bryant,True,False,observed_scoring_school,39.66480446927375
bryant,2023-24,Bryant,America East,217.0,50.0,FCS,25.0,0.0,25.0,https://dxbhsrqyrr690.cloudfront.net/sidearm.nextgen.sites/nacda.com/documents/2024/6/26/23.24FinalDI.pdf,4.0,27.974276527331188,Bryant,True,False,observed_scoring_school,37.07865168539326
bryant,2024-25,Bryant,America East,226.0,50.0,FCS,0.0,25.0,25.0,https://dxbhsrqyrr690.cloudfront.net/sidearm.nextgen.sites/nacda.com/documents/2025/6/23/24.25DivIStandingsFinal.pdf,4.0,23.76237623762376,Bryant,True,False,observed_scoring_school,35.1123595505618
bryant,2025-26,Bryant,America East,123.0,134.0,FCS,64.0,45.0,25.0,https://dxbhsrqyrr690.cloudfront.net/sidearm.nextgen.sites/nacda.com/documents/2026/6/24/25.26DI_Final.pdf,2.0,59.30232558139535,Bryant,True,False,observed_scoring_school,65.58988764044943
bucknell,2017-18,Bucknell,Patriot,199.0,72.0,FCS,25.0,47.0,0.0,https://dxbhsrqyrr690.cloudfront.net/sidearm.nextgen.sites/nacda.com/documents/2018/7/18/June29overallDI.pdf,4.0,32.02054794520548,Bucknell,True,False,observed_scoring_school,42.95977011494253
bucknell,2018-19,Bucknell,Patriot,242.0,48.5,FCS,0.0,48.5,0.0,https://dxbhsrqyrr690.cloudfront.net/sidearm.nextgen.sites/nacda.com/documents/2019/6/27/June28DIOverall.pdf,5.0,18.305084745762713,Bucknell,True,False,observed_scoring_school,31.142857142857146
bucknell,2020-21,Bucknell,Patriot,97.0,157.5,FCS,85.0,40.0,32.5,https://dxbhsrqyrr690.cloudfront.net/sidearm.nextgen.sites/nacda.com/documents/2021/7/1/July2OverallDI.pdf,2.0,67.23549488054607,Bucknell,True,False,observed_scoring_school,72.88135593220339
bucknell,2021-22,Bucknell,Patriot,246.0,49.5,FCS,25.0,24.5,0.0,https://dxbhsrqyrr690.cloudfront.net/sidearm.nextgen.sites/nacda.com/documents/2022/6/30/FinalDIstandings.pdf,5.0,16.94915254237288,Bucknell,True,False,observed_scoring_school,30.985915492957744
bucknell,2022-23,Bucknell,Patriot,261.0,25.0,FCS,25.0,0.0,0.0,https://dxbhsrqyrr690.cloudfront.net/sidearm.nextgen.sites/nacda.com/documents/2023/6/27/Final22.23Standings.pdf,5.0,10.0,Bucknell,True,False,observed_scoring_school,23.324022346368714
bucknell,2023-24,Bucknell,Patriot,208.0,58.5,FCS,25.0,33.5,0.0,https://dxbhsrqyrr690.cloudfront.net/sidearm.nextgen.sites/nacda.com/documents/2024/6/26/23.24FinalDI.pdf,4.0,33.27974276527331,Bucknell,True,False,observed_scoring_school,41.71348314606742
bucknell,2024-25,Bucknell,Patriot,178.0,83.5,FCS,25.0,33.5,25.0,https://dxbhsrqyrr690.cloudfront.net/sidearm.nextgen.sites/nacda.com/documents/2025/6/23/24.25DivIStandingsFinal.pdf,3.0,41.584158415841586,Bucknell,True,False,observed_scoring_school,50.28089887640449
bucknell,2025-26,Bucknell,Patriot,188.0,75.0,FCS,0.0,32.5,42.5,https://dxbhsrqyrr690.cloudfront.net/sidearm.nextgen.sites/nacda.com/documents/2026/6/24/25.26DI_Final.pdf,3.0,36.7109634551495,Bucknell,True,False,observed_scoring_school,46.48876404494382
buffalo,2017-18,Buffalo,MAC,130.0,139.0,FBS,0.0,114.0,25.0,https://dxbhsrqyrr690.cloudfront.net/sidearm.nextgen.sites/nacda.com/documents/2018/7/18/June29overallDI.pdf,3.0,55.47945205479452,Buffalo,True,False,observed_scoring_school,62.643678160919535
buffalo,2018-19,Buffalo,MAC,116.0,145.0,FBS,25.0,120.0,0.0,https://dxbhsrqyrr690.cloudfront.net/sidearm.nextgen.sites/nacda.com/documents/2019/6/27/June28DIOverall.pdf,3.0,60.84745762711864,Buffalo,True,False,observed_scoring_school,67.0
buffalo,2020-21,Buffalo,MAC,159.0,91.0,FBS,49.0,37.0,5.0,https://dxbhsrqyrr690.cloudfront.net/sidearm.nextgen.sites/nacda.com/documents/2021/7/1/July2OverallDI.pdf,3.0,45.90443686006826,Buffalo,True,False,observed_scoring_school,55.225988700564976
buffalo,2021-22,Buffalo,MAC,266.0,25.0,FBS,0.0,25.0,0.0,https://dxbhsrqyrr690.cloudfront.net/sidearm.nextgen.sites/nacda.com/documents/2022/6/30/FinalDIstandings.pdf,5.0,5.932203389830509,Buffalo,True,False,observed_scoring_school,21.830985915492956
buffalo,2022-23,Buffalo,MAC,180.0,86.0,FBS,70.0,16.0,0.0,https://dxbhsrqyrr690.cloudfront.net/sidearm.nextgen.sites/nacda.com/documents/2023/6/27/Final22.23Standings.pdf,3.0,41.31147540983607,Buffalo,True,False,observed_scoring_school,50.0
buffalo,2023-24,Buffalo,MAC,300.0,20.0,FBS,0.0,20.0,0.0,https://dxbhsrqyrr690.cloudfront.net/sidearm.nextgen.sites/nacda.com/documents/2024/6/26/23.24FinalDI.pdf,5.0,3.858520900321544,Buffalo,True,False,observed_scoring_school,16.01123595505618
buffalo,2024-25,Buffalo,MAC,166.0,95.0,FBS,45.0,0.0,50.0,https://dxbhsrqyrr690.cloudfront.net/sidearm.nextgen.sites/nacda.com/documents/2025/6/23/24.25DivIStandingsFinal.pdf,3.0,45.21452145214521,Buffalo,True,False,observed_scoring_school,53.37078651685393
buffalo,2025-26,Buffalo,MAC,244.0,45.0,FBS,0.0,20.0,25.0,https://dxbhsrqyrr690.cloudfront.net/sidearm.nextgen.sites/nacda.com/documents/2026/6/24/25.26DI_Final.pdf,4.0,18.438538205980063,Buffalo,True,False,observed_scoring_school,31.03932584269663
butler,2017-18,Butler,Big East,130.0,139.0,FCS,89.0,50.0,0.0,https://dxbhsrqyrr690.cloudfront.net/sidearm.nextgen.sites/nacda.com/documents/2018/7/18/June29overallDI.pdf,3.0,55.47945205479452,Butler,True,False,observed_scoring_school,62.643678160919535
butler,2018-19,,,,0.0,,,,,,,,Butler,False,True,kept_known_d1_program,8.0
butler,2020-21,Butler,Big East,213.0,51.0,FCS,51.0,0.0,0.0,https://dxbhsrqyrr690.cloudfront.net/sidearm.nextgen.sites/nacda.com/documents/2021/7/1/July2OverallDI.pdf,4.0,27.474402730375424,Butler,True,False,observed_scoring_school,39.97175141242938
butler,2021-22,Butler,Big East,145.0,116.0,FCS,116.0,0.0,0.0,https://dxbhsrqyrr690.cloudfront.net/sidearm.nextgen.sites/nacda.com/documents/2022/6/30/FinalDIstandings.pdf,3.0,51.186440677966104,Butler,True,False,observed_scoring_school,59.436619718309856
butler,2022-23,Butler,Big East,181.0,85.5,FCS,53.0,24.0,8.5,https://dxbhsrqyrr690.cloudfront.net/sidearm.nextgen.sites/nacda.com/documents/2023/6/27/Final22.23Standings.pdf,3.0,40.81967213114754,Butler,True,False,observed_scoring_school,49.581005586592184
butler,2023-24,Butler,Big East,210.0,58.0,FCS,53.0,0.0,5.0,https://dxbhsrqyrr690.cloudfront.net/sidearm.nextgen.sites/nacda.com/documents/2024/6/26/23.24FinalDI.pdf,4.0,32.475884244372985,Butler,True,False,observed_scoring_school,41.01123595505618
butler,2024-25,Butler,Big East,220.0,54.0,FCS,54.0,0.0,0.0,https://dxbhsrqyrr690.cloudfront.net/sidearm.nextgen.sites/nacda.com/documents/2025/6/23/24.25DivIStandingsFinal.pdf,4.0,27.72277227722773,Butler,True,False,observed_scoring_school,38.48314606741573
butler,2025-26,Butler,Big East,170.0,92.5,FCS,58.5,34.0,0.0,https://dxbhsrqyrr690.cloudfront.net/sidearm.nextgen.sites/nacda.com/documents/2026/6/24/25.26DI_Final.pdf,3.0,43.85382059800664,Butler,True,False,observed_scoring_school,52.52808988764045
cal_poly,2017-18,Cal Poly,Big West,210.0,61.0,FCS,50.0,11.0,0.0,https://dxbhsrqyrr690.cloudfront.net/sidearm.nextgen.sites/nacda.com/documents/2018/7/18/June29overallDI.pdf,4.0,28.424657534246577,Cal Poly,True,False,observed_scoring_school,39.94252873563218
cal_poly,2018-19,Cal Poly,Big West,189.0,76.0,FCS,25.0,26.0,25.0,https://dxbhsrqyrr690.cloudfront.net/sidearm.nextgen.sites/nacda.com/documents/2019/6/27/June28DIOverall.pdf,4.0,36.271186440677965,Cal Poly,True,False,observed_scoring_school,46.285714285714285
cal_poly,2020-21,Cal Poly,Big West,136.0,107.0,FCS,0.0,49.0,58.0,https://dxbhsrqyrr690.cloudfront.net/sidearm.nextgen.sites/nacda.com/documents/2021/7/1/July2OverallDI.pdf,3.0,53.58361774744027,Cal Poly,True,False,observed_scoring_school,61.5819209039548
cal_poly,2021-22,Cal Poly,Big West,173.0,93.5,FCS,0.0,52.0,41.5,https://dxbhsrqyrr690.cloudfront.net/sidearm.nextgen.sites/nacda.com/documents/2022/6/30/FinalDIstandings.pdf,4.0,41.52542372881356,Cal Poly,True,False,observed_scoring_school,51.40845070422535
cal_poly,2022-23,Cal Poly,Big West,196.0,71.5,FCS,0.0,47.0,24.5,https://dxbhsrqyrr690.cloudfront.net/sidearm.nextgen.sites/nacda.com/documents/2023/6/27/Final22.23Standings.pdf,3.0,36.0655737704918,Cal Poly,True,False,observed_scoring_school,45.530726256983236
cal_poly,2023-24,Cal Poly,Big West,130.0,134.0,FCS,0.0,26.0,108.0,https://dxbhsrqyrr690.cloudfront.net/sidearm.nextgen.sites/nacda.com/documents/2024/6/26/23.24FinalDI.pdf,2.0,58.520900321543415,Cal Poly,True,False,observed_scoring_school,63.76404494382022
cal_poly,2024-25,Cal Poly,Big West,82.0,248.5,FCS,0.0,80.5,168.0,https://dxbhsrqyrr690.cloudfront.net/sidearm.nextgen.sites/nacda.com/documents/2025/6/23/24.25DivIStandingsFinal.pdf,2.0,73.26732673267327,Cal Poly,True,False,observed_scoring_school,77.24719101123596
cal_poly,2025-26,Cal Poly,Big West,81.0,290.0,FCS,89.0,10.5,190.5,https://dxbhsrqyrr690.cloudfront.net/sidearm.nextgen.sites/nacda.com/documents/2026/6/24/25.26DI_Final.pdf,2.0,73.421926910299,Cal Poly,True,False,observed_scoring_school,77.52808988764045
cal_state_bakersfield,2017-18,Cal State Bakersfield,WAC,205.0,66.0,DI,25.0,41.0,0.0,https://dxbhsrqyrr690.cloudfront.net/sidearm.nextgen.sites/nacda.com/documents/2018/7/18/June29overallDI.pdf,4.0,30.136986301369863,Cal State Bakersfield,True,False,observed_scoring_school,41.37931034482759
cal_state_bakersfield,2018-19,Cal State Bakersfield,WAC,256.0,32.5,DI,0.0,32.5,0.0,https://dxbhsrqyrr690.cloudfront.net/sidearm.nextgen.sites/nacda.com/documents/2019/6/27/June28DIOverall.pdf,5.0,13.389830508474576,Cal State Bakersfield,True,False,observed_scoring_school,27.0
cal_state_bakersfield,2020-21,Cal State Bakersfield,WAC,249.0,32.0,DI,0.0,32.0,0.0,https://dxbhsrqyrr690.cloudfront.net/sidearm.nextgen.sites/nacda.com/documents/2021/7/1/July2OverallDI.pdf,5.0,15.187713310580206,Cal State Bakersfield,True,False,observed_scoring_school,29.80225988700565
cal_state_bakersfield,2021-22,Cal State Bakersfield,Big West,293.0,16.0,DI,0.0,16.0,0.0,https://dxbhsrqyrr690.cloudfront.net/sidearm.nextgen.sites/nacda.com/documents/2022/6/30/FinalDIstandings.pdf,6.0,0.847457627118644,Cal State Bakersfield,True,False,observed_scoring_school,17.6056338028169
cal_state_bakersfield,2022-23,Cal State Bakersfield,Big West,294.0,20.0,DI,0.0,20.0,0.0,https://dxbhsrqyrr690.cloudfront.net/sidearm.nextgen.sites/nacda.com/documents/2023/6/27/Final22.23Standings.pdf,5.0,3.7704918032786887,Cal State Bakersfield,True,False,observed_scoring_school,18.01675977653631
cal_state_bakersfield,2023-24,,,,0.0,,,,,,,,Cal State Bakersfield,False,True,kept_known_d1_program,6.460674157303371
cal_state_bakersfield,2024-25,Cal State Bakersfield,Big West,253.0,40.0,DI,0.0,40.0,0.0,https://dxbhsrqyrr690.cloudfront.net/sidearm.nextgen.sites/nacda.com/documents/2025/6/23/24.25DivIStandingsFinal.pdf,4.0,16.831683168316832,Cal State Bakersfield,True,False,observed_scoring_school,29.213483146067414
cal_state_bakersfield,2025-26,,,,0.0,,,,,,,,Cal State Bakersfield,False,True,kept_known_d1_program,7.865168539325842
cal_state_fullerton,2017-18,Cal State Fullerton,Big West,98.0,189.0,DI,50.0,25.0,114.0,https://dxbhsrqyrr690.cloudfront.net/sidearm.nextgen.sites/nacda.com/documents/2018/7/18/June29overallDI.pdf,2.0,66.78082191780823,Cal State Fullerton,True,False,observed_scoring_school,72.12643678160919
cal_state_fullerton,2018-19,Cal State Fullerton,Big West,260.0,30.0,DI,0.0,0.0,30.0,https://dxbhsrqyrr690.cloudfront.net/sidearm.nextgen.sites/nacda.com/documents/2019/6/27/June28DIOverall.pdf,5.0,12.033898305084746,Cal State Fullerton,True,False,observed_scoring_school,25.857142857142858
cal_state_fullerton,2020-21,,,,0.0,,,,,,,,Cal State Fullerton,False,True,kept_known_d1_program,8.757062146892656
cal_state_fullerton,2021-22,Cal State Fullerton,Big West,213.0,62.5,DI,0.0,25.0,37.5,https://dxbhsrqyrr690.cloudfront.net/sidearm.nextgen.sites/nacda.com/documents/2022/6/30/FinalDIstandings.pdf,4.0,28.135593220338983,Cal State Fullerton,True,False,observed_scoring_school,40.28169014084507
cal_state_fullerton,2022-23,Cal State Fullerton,Big West,191.0,75.0,DI,0.0,0.0,75.0,https://dxbhsrqyrr690.cloudfront.net/sidearm.nextgen.sites/nacda.com/documents/2023/6/27/Final22.23Standings.pdf,3.0,37.049180327868854,Cal State Fullerton,True,False,observed_scoring_school,46.36871508379888
cal_state_fullerton,2023-24,Cal State Fullerton,Big West,217.0,50.0,DI,0.0,0.0,50.0,https://dxbhsrqyrr690.cloudfront.net/sidearm.nextgen.sites/nacda.com/documents/2024/6/26/23.24FinalDI.pdf,4.0,27.974276527331188,Cal State Fullerton,True,False,observed_scoring_school,37.07865168539326
cal_state_fullerton,2024-25,Cal State Fullerton,Big West,243.0,45.5,DI,0.0,0.0,45.5,https://dxbhsrqyrr690.cloudfront.net/sidearm.nextgen.sites/nacda.com/documents/2025/6/23/24.25DivIStandingsFinal.pdf,4.0,20.13201320132013,Cal State Fullerton,True,False,observed_scoring_school,32.02247191011236
cal_state_fullerton,2025-26,Cal State Fullerton,Big West,206.0,68.5,DI,0.0,0.0,68.5,https://dxbhsrqyrr690.cloudfront.net/sidearm.nextgen.sites/nacda.com/documents/2026/6/24/25.26DI_Final.pdf,4.0,31.893687707641195,Cal State Fullerton,True,False,observed_scoring_school,42.41573033707865
cal_state_northridge,2017-18,Cal State Northridge,Big West,258.0,25.0,DI,0.0,25.0,0.0,https://dxbhsrqyrr690.cloudfront.net/sidearm.nextgen.sites/nacda.com/documents/2018/7/18/June29overallDI.pdf,5.0,7.363013698630137,Cal State Northridge,True,False,observed_scoring_school,22.270114942528735
cal_state_northridge,2018-19,,,,0.0,,,,,,,,Cal State Northridge,False,True,kept_known_d1_program,8.0
cal_state_northridge,2020-21,,,,0.0,,,,,,,,Cal State Northridge,False,True,kept_known_d1_program,8.757062146892656
cal_state_northridge,2021-22,,,,0.0,,,,,,,,Cal State Northridge,False,True,kept_known_d1_program,8.591549295774648
cal_state_northridge,2022-23,,,,0.0,,,,,,,,Cal State Northridge,False,True,kept_known_d1_program,7.5418994413407825
cal_state_northridge,2023-24,Cal State Northridge,Big West,213.0,57.0,DI,0.0,41.0,16.0,https://dxbhsrqyrr690.cloudfront.net/sidearm.nextgen.sites/nacda.com/documents/2024/6/26/23.24FinalDI.pdf,4.0,31.832797427652732,Cal State Northridge,True,False,observed_scoring_school,40.44943820224719
cal_state_northridge,2024-25,Cal State Northridge,Big West,252.0,41.0,DI,0.0,41.0,0.0,https://dxbhsrqyrr690.cloudfront.net/sidearm.nextgen.sites/nacda.com/documents/2025/6/23/24.25DivIStandingsFinal.pdf,4.0,17.16171617161716,Cal State Northridge,True,False,observed_scoring_school,29.49438202247191
cal_state_northridge,2025-26,,,,0.0,,,,,,,,Cal State Northridge,False,True,kept_known_d1_program,7.865168539325842
california,2017-18,California,Pac 12,20.0,830.25,FBS,157.0,359.75,313.5,https://dxbhsrqyrr690.cloudfront.net/sidearm.nextgen.sites/nacda.com/documents/2018/7/18/June29overallDI.pdf,1.0,93.4931506849315,California,True,False,observed_scoring_school,94.54022988505747
california,2018-19,California,Pac 12,18.0,835.75,FBS,25.0,363.25,447.5,https://dxbhsrqyrr690.cloudfront.net/sidearm.nextgen.sites/nacda.com/documents/2019/6/27/June28DIOverall.pdf,1.0,94.23728813559322,California,True,False,observed_scoring_school,95.14285714285714
california,2020-21,California,Pac 12,40.0,532.75,FBS,55.0,307.25,170.5,https://dxbhsrqyrr690.cloudfront.net/sidearm.nextgen.sites/nacda.com/documents/2021/7/1/July2OverallDI.pdf,1.0,86.51877133105802,California,True,False,observed_scoring_school,88.84180790960453
california,2021-22,California,Pac-12,27.0,780.75,FBS,100.0,313.75,367.0,https://dxbhsrqyrr690.cloudfront.net/sidearm.nextgen.sites/nacda.com/documents/2022/6/30/FinalDIstandings.pdf,1.0,91.18644067796608,California,True,False,observed_scoring_school,92.67605633802816
california,2022-23,California,Pac-12,22.0,833.25,FBS,125.0,272.75,435.5,https://dxbhsrqyrr690.cloudfront.net/sidearm.nextgen.sites/nacda.com/documents/2023/6/27/Final22.23Standings.pdf,1.0,93.11475409836063,California,True,False,observed_scoring_school,94.1340782122905
california,2023-24,California,Pac-12,20.0,886.0,FBS,150.0,278.5,457.5,https://dxbhsrqyrr690.cloudfront.net/sidearm.nextgen.sites/nacda.com/documents/2024/6/26/23.24FinalDI.pdf,1.0,93.89067524115757,California,True,False,observed_scoring_school,94.66292134831461
california,2024-25,California,ACC,24.0,819.75,FBS,50.0,320.25,449.5,https://dxbhsrqyrr690.cloudfront.net/sidearm.nextgen.sites/nacda.com/documents/2025/6/23/24.25DivIStandingsFinal.pdf,1.0,92.4092409240924,California,True,False,observed_scoring_school,93.53932584269663
california,2025-26,California,ACC,39.0,653.75,FBS,25.0,279.75,349.0,https://dxbhsrqyrr690.cloudfront.net/sidearm.nextgen.sites/nacda.com/documents/2026/6/24/25.26DI_Final.pdf,1.0,87.37541528239203,California,True,False,observed_scoring_school,89.32584269662921
california_baptist,2018-19,,,,0.0,,,,,,,,California Baptist,False,True,kept_known_d1_program,8.0
california_baptist,2020-21,California Baptist,WAC,255.0,25.0,DI,25.0,0.0,0.0,https://dxbhsrqyrr690.cloudfront.net/sidearm.nextgen.sites/nacda.com/documents/2021/7/1/July2OverallDI.pdf,5.0,8.70307167235495,California Baptist,True,False,observed_scoring_school,24.43502824858757
california_baptist,2021-22,,,,0.0,,,,,,,,California Baptist,False,True,kept_known_d1_program,8.591549295774648
california_baptist,2022-23,California Baptist,WAC,128.0,135.5,DI,97.0,0.0,38.5,https://dxbhsrqyrr690.cloudfront.net/sidearm.nextgen.sites/nacda.com/documents/2023/6/27/Final22.23Standings.pdf,2.0,58.36065573770492,California Baptist,True,False,observed_scoring_school,64.52513966480447
california_baptist,2023-24,California Baptist,WAC,86.0,249.0,DI,165.5,51.0,32.5,https://dxbhsrqyrr690.cloudfront.net/sidearm.nextgen.sites/nacda.com/documents/2024/6/26/23.24FinalDI.pdf,2.0,72.66881028938906,California Baptist,True,False,observed_scoring_school,76.12359550561798
california_baptist,2024-25,California Baptist,WAC,100.0,188.5,DI,113.0,53.5,22.0,https://dxbhsrqyrr690.cloudfront.net/sidearm.nextgen.sites/nacda.com/documents/2025/6/23/24.25DivIStandingsFinal.pdf,2.0,67.32673267326733,California Baptist,True,False,observed_scoring_school,72.19101123595506
california_baptist,2025-26,California Baptist,WAC,114.0,149.0,DI,74.0,50.0,25.0,https://dxbhsrqyrr690.cloudfront.net/sidearm.nextgen.sites/nacda.com/documents/2026/6/24/25.26DI_Final.pdf,2.0,62.45847176079734,California Baptist,True,False,observed_scoring_school,68.25842696629213
campbell,2017-18,Campbell,Big South,97.0,194.0,FCS,33.5,59.5,101.0,https://dxbhsrqyrr690.cloudfront.net/sidearm.nextgen.sites/nacda.com/documents/2018/7/18/June29overallDI.pdf,2.0,67.12328767123287,Campbell,True,False,observed_scoring_school,72.41379310344827
campbell,2018-19,Campbell,Big South,99.0,185.5,FCS,25.0,52.5,108.0,https://dxbhsrqyrr690.cloudfront.net/sidearm.nextgen.sites/nacda.com/documents/2019/6/27/June28DIOverall.pdf,2.0,66.77966101694915,Campbell,True,False,observed_scoring_school,72.0
campbell,2020-21,Campbell,Big South,79.0,234.0,FCS,25.0,35.0,174.0,https://dxbhsrqyrr690.cloudfront.net/sidearm.nextgen.sites/nacda.com/documents/2021/7/1/July2OverallDI.pdf,2.0,73.37883959044369,Campbell,True,False,observed_scoring_school,77.96610169491525
campbell,2021-22,Campbell,Big South,103.0,178.0,FCS,50.0,37.0,91.0,https://dxbhsrqyrr690.cloudfront.net/sidearm.nextgen.sites/nacda.com/documents/2022/6/30/FinalDIstandings.pdf,2.0,65.42372881355932,Campbell,True,False,observed_scoring_school,71.26760563380282
campbell,2022-23,Campbell,Big South,101.0,175.0,FCS,0.0,29.0,146.0,https://dxbhsrqyrr690.cloudfront.net/sidearm.nextgen.sites/nacda.com/documents/2023/6/27/Final22.23Standings.pdf,2.0,67.21311475409836,Campbell,True,False,observed_scoring_school,72.06703910614524
campbell,2023-24,Campbell,CAA,243.0,43.0,FCS,0.0,43.0,0.0,https://dxbhsrqyrr690.cloudfront.net/sidearm.nextgen.sites/nacda.com/documents/2024/6/26/23.24FinalDI.pdf,4.0,22.186495176848876,Campbell,True,False,observed_scoring_school,32.02247191011236
campbell,2024-25,Campbell,CAA,257.0,33.5,FCS,0.0,17.0,16.5,https://dxbhsrqyrr690.cloudfront.net/sidearm.nextgen.sites/nacda.com/documents/2025/6/23/24.25DivIStandingsFinal.pdf,4.0,15.51155115511551,Campbell,True,False,observed_scoring_school,28.08988764044944
campbell,2025-26,Campbell,CAA,265.0,25.0,FCS,25.0,0.0,0.0,https://dxbhsrqyrr690.cloudfront.net/sidearm.nextgen.sites/nacda.com/documents/2026/6/24/25.26DI_Final.pdf,5.0,7.308970099667775,Campbell,True,False,observed_scoring_school,21.629213483146067
canisius,2017-18,Canisius,MAAC,217.0,50.0,DI,0.0,0.0,50.0,https://dxbhsrqyrr690.cloudfront.net/sidearm.nextgen.sites/nacda.com/documents/2018/7/18/June29overallDI.pdf,5.0,22.945205479452056,Canisius,True,False,observed_scoring_school,35.3448275862069
canisius,2018-19,,,,0.0,,,,,,,,Canisius,False,True,kept_known_d1_program,8.0
canisius,2020-21,,,,0.0,,,,,,,,Canisius,False,True,kept_known_d1_program,8.757062146892656
canisius,2021-22,Canisius,MAAC,229.0,50.0,DI,0.0,0.0,50.0,https://dxbhsrqyrr690.cloudfront.net/sidearm.nextgen.sites/nacda.com/documents/2022/6/30/FinalDIstandings.pdf,5.0,20.0,Canisius,True,False,observed_scoring_school,33.52112676056338
canisius,2022-23,Canisius,MAAC,261.0,25.0,DI,0.0,25.0,0.0,https://dxbhsrqyrr690.cloudfront.net/sidearm.nextgen.sites/nacda.com/documents/2023/6/27/Final22.23Standings.pdf,5.0,10.0,Canisius,True,False,observed_scoring_school,23.324022346368714
canisius,2023-24,,,,0.0,,,,,,,,Canisius,False,True,kept_known_d1_program,6.460674157303371
canisius,2024-25,,,,0.0,,,,,,,,Canisius,False,True,kept_known_d1_program,7.584269662921349
canisius,2025-26,,,,0.0,,,,,,,,Canisius,False,True,kept_known_d1_program,7.865168539325842
central_arkansas,2017-18,Central Arkansas,Southland,150.0,103.0,FCS,103.0,0.0,0.0,https://dxbhsrqyrr690.cloudfront.net/sidearm.nextgen.sites/nacda.com/documents/2018/7/18/June29overallDI.pdf,3.0,48.97260273972603,Central Arkansas,True,False,observed_scoring_school,57.18390804597702
central_arkansas,2018-19,Central Arkansas,Southland,223.0,50.0,FCS,25.0,0.0,25.0,https://dxbhsrqyrr690.cloudfront.net/sidearm.nextgen.sites/nacda.com/documents/2019/6/27/June28DIOverall.pdf,5.0,21.864406779661017,Central Arkansas,True,False,observed_scoring_school,34.14285714285714
central_arkansas,2020-21,,,,0.0,,,,,,,,Central Arkansas,False,True,kept_known_d1_program,8.757062146892656
central_arkansas,2021-22,,,,0.0,,,,,,,,Central Arkansas,False,True,kept_known_d1_program,8.591549295774648
central_arkansas,2022-23,Central Arkansas,ASUN,252.0,37.5,FCS,0.0,0.0,37.5,https://dxbhsrqyrr690.cloudfront.net/sidearm.nextgen.sites/nacda.com/documents/2023/6/27/Final22.23Standings.pdf,4.0,17.704918032786885,Central Arkansas,True,False,observed_scoring_school,29.88826815642458
central_arkansas,2023-24,,,,0.0,,,,,,,,Central Arkansas,False,True,kept_known_d1_program,6.460674157303371
central_arkansas,2024-25,Central Arkansas,ASUN,298.0,5.0,FCS,0.0,0.0,5.0,https://dxbhsrqyrr690.cloudfront.net/sidearm.nextgen.sites/nacda.com/documents/2025/6/23/24.25DivIStandingsFinal.pdf,5.0,1.155115511551155,Central Arkansas,True,False,observed_scoring_school,15.870786516853933
central_arkansas,2025-26,Central Arkansas,ASUN,265.0,25.0,FCS,25.0,0.0,0.0,https://dxbhsrqyrr690.cloudfront.net/sidearm.nextgen.sites/nacda.com/documents/2026/6/24/25.26DI_Final.pdf,5.0,7.308970099667775,Central Arkansas,True,False,observed_scoring_school,21.629213483146067
central_connecticut_state,2017-18,Central Connecticut State,Northeast,249.0,30.0,FCS,25.0,0.0,5.0,https://dxbhsrqyrr690.cloudfront.net/sidearm.nextgen.sites/nacda.com/documents/2018/7/18/June29overallDI.pdf,5.0,14.383561643835616,Central Connecticut State,True,False,observed_scoring_school,28.160919540229884
central_connecticut_state,2018-19,Central Connecticut State,Northeast,206.0,62.5,FCS,25.0,0.0,37.5,https://dxbhsrqyrr690.cloudfront.net/sidearm.nextgen.sites/nacda.com/documents/2019/6/27/June28DIOverall.pdf,4.0,30.338983050847457,Central Connecticut State,True,False,observed_scoring_school,41.285714285714285
central_connecticut_state,2020-21,Central Connecticut State,Northeast,215.0,50.0,FCS,25.0,0.0,25.0,https://dxbhsrqyrr690.cloudfront.net/sidearm.nextgen.sites/nacda.com/documents/2021/7/1/July2OverallDI.pdf,4.0,24.2320819112628,Central Connecticut State,True,False,observed_scoring_school,37.28813559322034
central_connecticut_state,2021-22,Central Connecticut State,Northeast,266.0,25.0,FCS,25.0,0.0,0.0,https://dxbhsrqyrr690.cloudfront.net/sidearm.nextgen.sites/nacda.com/documents/2022/6/30/FinalDIstandings.pdf,5.0,5.932203389830509,Central Connecticut State,True,False,observed_scoring_school,21.830985915492956
central_connecticut_state,2022-23,Central Connecticut State,Northeast,261.0,25.0,FCS,0.0,0.0,25.0,https://dxbhsrqyrr690.cloudfront.net/sidearm.nextgen.sites/nacda.com/documents/2023/6/27/Final22.23Standings.pdf,5.0,10.0,Central Connecticut State,True,False,observed_scoring_school,23.324022346368714
central_connecticut_state,2023-24,Central Connecticut State,Northeast,262.0,25.0,FCS,25.0,0.0,0.0,https://dxbhsrqyrr690.cloudfront.net/sidearm.nextgen.sites/nacda.com/documents/2024/6/26/23.24FinalDI.pdf,5.0,10.128617363344052,Central Connecticut State,True,False,observed_scoring_school,21.48876404494382
central_connecticut_state,2024-25,Central Connecticut State,Northeast,226.0,50.0,FCS,25.0,0.0,25.0,https://dxbhsrqyrr690.cloudfront.net/sidearm.nextgen.sites/nacda.com/documents/2025/6/23/24.25DivIStandingsFinal.pdf,4.0,23.76237623762376,Central Connecticut State,True,False,observed_scoring_school,35.1123595505618
central_connecticut_state,2025-26,Central Connecticut State,NEC,265.0,25.0,FCS,25.0,0.0,0.0,https://dxbhsrqyrr690.cloudfront.net/sidearm.nextgen.sites/nacda.com/documents/2026/6/24/25.26DI_Final.pdf,5.0,7.308970099667775,Central Connecticut State,True,False,observed_scoring_school,21.629213483146067
central_michigan,2017-18,Central Michigan,MAC,114.0,163.5,FBS,25.0,138.5,0.0,https://dxbhsrqyrr690.cloudfront.net/sidearm.nextgen.sites/nacda.com/documents/2018/7/18/June29overallDI.pdf,3.0,61.3013698630137,Central Michigan,True,False,observed_scoring_school,67.52873563218391
central_michigan,2018-19,Central Michigan,MAC,107.0,164.0,FBS,0.0,126.5,37.5,https://dxbhsrqyrr690.cloudfront.net/sidearm.nextgen.sites/nacda.com/documents/2019/6/27/June28DIOverall.pdf,2.0,63.898305084745765,Central Michigan,True,False,observed_scoring_school,69.57142857142857
central_michigan,2020-21,Central Michigan,MAC,93.0,172.5,FBS,0.0,122.5,50.0,https://dxbhsrqyrr690.cloudfront.net/sidearm.nextgen.sites/nacda.com/documents/2021/7/1/July2OverallDI.pdf,2.0,68.60068259385666,Central Michigan,True,False,observed_scoring_school,74.01129943502825
central_michigan,2021-22,Central Michigan,MAC,119.0,142.0,FBS,45.0,34.5,62.5,https://dxbhsrqyrr690.cloudfront.net/sidearm.nextgen.sites/nacda.com/documents/2022/6/30/FinalDIstandings.pdf,3.0,59.83050847457627,Central Michigan,True,False,observed_scoring_school,66.61971830985915
central_michigan,2022-23,Central Michigan,MAC,243.0,45.0,FBS,0.0,20.0,25.0,https://dxbhsrqyrr690.cloudfront.net/sidearm.nextgen.sites/nacda.com/documents/2023/6/27/Final22.23Standings.pdf,4.0,20.327868852459016,Central Michigan,True,False,observed_scoring_school,32.122905027932966
central_michigan,2023-24,Central Michigan,MAC,252.0,31.5,FBS,0.0,31.5,0.0,https://dxbhsrqyrr690.cloudfront.net/sidearm.nextgen.sites/nacda.com/documents/2024/6/26/23.24FinalDI.pdf,4.0,19.292604501607716,Central Michigan,True,False,observed_scoring_school,29.49438202247191
central_michigan,2024-25,Central Michigan,MAC,262.0,28.5,FBS,0.0,28.5,0.0,https://dxbhsrqyrr690.cloudfront.net/sidearm.nextgen.sites/nacda.com/documents/2025/6/23/24.25DivIStandingsFinal.pdf,5.0,13.861386138613865,Central Michigan,True,False,observed_scoring_school,26.685393258426966
central_michigan,2025-26,Central Michigan,MAC,199.0,72.5,FBS,25.0,47.5,0.0,https://dxbhsrqyrr690.cloudfront.net/sidearm.nextgen.sites/nacda.com/documents/2026/6/24/25.26DI_Final.pdf,4.0,34.21926910299003,Central Michigan,True,False,observed_scoring_school,44.38202247191011
charleston_southern,2017-18,,,,0.0,,,,,,,,Charleston Southern,False,True,kept_known_d1_program,8.189655172413794
charleston_southern,2018-19,,,,0.0,,,,,,,,Charleston Southern,False,True,kept_known_d1_program,8.0
charleston_southern,2020-21,Charleston Southern,Big South,255.0,25.0,FCS,0.0,0.0,25.0,https://dxbhsrqyrr690.cloudfront.net/sidearm.nextgen.sites/nacda.com/documents/2021/7/1/July2OverallDI.pdf,5.0,8.70307167235495,Charleston Southern,True,False,observed_scoring_school,24.43502824858757
charleston_southern,2021-22,Charleston Southern,Big South,258.0,30.0,FCS,0.0,0.0,30.0,https://dxbhsrqyrr690.cloudfront.net/sidearm.nextgen.sites/nacda.com/documents/2022/6/30/FinalDIstandings.pdf,5.0,12.033898305084746,Charleston Southern,True,False,observed_scoring_school,26.901408450704224
charleston_southern,2022-23,Charleston Southern,Big South,261.0,25.0,FCS,0.0,0.0,25.0,https://dxbhsrqyrr690.cloudfront.net/sidearm.nextgen.sites/nacda.com/documents/2023/6/27/Final22.23Standings.pdf,4.0,10.0,Charleston Southern,True,False,observed_scoring_school,23.324022346368714
charleston_southern,2023-24,Charleston Southern,Big South,304.0,9.3,FCS,0.0,0.0,9.3,https://dxbhsrqyrr690.cloudfront.net/sidearm.nextgen.sites/nacda.com/documents/2024/6/26/23.24FinalDI.pdf,5.0,2.4115755627009645,Charleston Southern,True,False,observed_scoring_school,14.747191011235955
charleston_southern,2024-25,Charleston Southern,Big South,264.0,25.0,FCS,0.0,0.0,25.0,https://dxbhsrqyrr690.cloudfront.net/sidearm.nextgen.sites/nacda.com/documents/2025/6/23/24.25DivIStandingsFinal.pdf,5.0,9.075907590759076,Charleston Southern,True,False,observed_scoring_school,22.6123595505618
charleston_southern,2025-26,Charleston Southern,Big South,210.0,63.0,FCS,0.0,0.0,63.0,https://dxbhsrqyrr690.cloudfront.net/sidearm.nextgen.sites/nacda.com/documents/2026/6/24/25.26DI_Final.pdf,4.0,30.564784053156146,Charleston Southern,True,False,observed_scoring_school,41.29213483146067
charlotte,2017-18,,,,0.0,,,,,,,,Charlotte,False,True,kept_known_d1_program,8.189655172413794
charlotte,2018-19,Charlotte,Conference USA,223.0,50.0,FBS,50.0,0.0,0.0,https://dxbhsrqyrr690.cloudfront.net/sidearm.nextgen.sites/nacda.com/documents/2019/6/27/June28DIOverall.pdf,5.0,21.864406779661017,Charlotte,True,False,observed_scoring_school,34.14285714285714
charlotte,2020-21,Charlotte,Conference USA,98.0,156.5,FBS,68.0,0.0,88.5,https://dxbhsrqyrr690.cloudfront.net/sidearm.nextgen.sites/nacda.com/documents/2021/7/1/July2OverallDI.pdf,2.0,66.89419795221842,Charlotte,True,False,observed_scoring_school,72.59887005649718
charlotte,2021-22,Charlotte,Conference USA,159.0,103.5,FBS,54.0,25.0,24.5,https://dxbhsrqyrr690.cloudfront.net/sidearm.nextgen.sites/nacda.com/documents/2022/6/30/FinalDIstandings.pdf,3.0,46.271186440677965,Charlotte,True,False,observed_scoring_school,55.35211267605634
charlotte,2022-23,Charlotte,Conference USA,134.0,130.0,FBS,0.0,0.0,130.0,https://dxbhsrqyrr690.cloudfront.net/sidearm.nextgen.sites/nacda.com/documents/2023/6/27/Final22.23Standings.pdf,3.0,56.22950819672131,Charlotte,True,False,observed_scoring_school,62.709497206703915
charlotte,2023-24,Charlotte,American,94.0,199.0,FBS,50.0,46.0,103.0,https://dxbhsrqyrr690.cloudfront.net/sidearm.nextgen.sites/nacda.com/documents/2024/6/26/23.24FinalDI.pdf,2.0,70.09646302250803,Charlotte,True,False,observed_scoring_school,73.87640449438202
charlotte,2024-25,Charlotte,American,222.0,53.0,FBS,25.0,0.0,28.0,https://dxbhsrqyrr690.cloudfront.net/sidearm.nextgen.sites/nacda.com/documents/2025/6/23/24.25DivIStandingsFinal.pdf,4.0,27.062706270627064,Charlotte,True,False,observed_scoring_school,37.92134831460674
charlotte,2025-26,Charlotte,American,216.0,59.5,FBS,0.0,0.0,59.5,https://dxbhsrqyrr690.cloudfront.net/sidearm.nextgen.sites/nacda.com/documents/2026/6/24/25.26DI_Final.pdf,4.0,28.405315614617937,Charlotte,True,False,observed_scoring_school,39.46629213483146
chicago_state,2017-18,,,,0.0,,,,,,,,Chicago State,False,True,kept_known_d1_program,8.189655172413794
chicago_state,2018-19,,,,0.0,,,,,,,,Chicago State,False,True,kept_known_d1_program,8.0
chicago_state,2020-21,,,,0.0,,,,,,,,Chicago State,False,True,kept_known_d1_program,8.757062146892656
chicago_state,2021-22,,,,0.0,,,,,,,,Chicago State,False,True,kept_known_d1_program,8.591549295774648
chicago_state,2022-23,,,,0.0,,,,,,,,Chicago State,False,True,kept_known_d1_program,7.5418994413407825
chicago_state,2023-24,Chicago State,Independent,262.0,25.0,DI,0.0,0.0,25.0,https://dxbhsrqyrr690.cloudfront.net/sidearm.nextgen.sites/nacda.com/documents/2024/6/26/23.24FinalDI.pdf,5.0,10.128617363344052,Chicago State,True,False,observed_scoring_school,21.48876404494382
chicago_state,2024-25,Chicago State,Northeast,264.0,25.0,DI,25.0,0.0,0.0,https://dxbhsrqyrr690.cloudfront.net/sidearm.nextgen.sites/nacda.com/documents/2025/6/23/24.25DivIStandingsFinal.pdf,5.0,9.075907590759076,Chicago State,True,False,observed_scoring_school,22.6123595505618
chicago_state,2025-26,,,,0.0,,,,,,,,Chicago State,False,True,kept_known_d1_program,7.865168539325842
cincinnati,2017-18,Cincinnati,American,104.0,175.5,FBS,0.0,136.5,39.0,https://dxbhsrqyrr690.cloudfront.net/sidearm.nextgen.sites/nacda.com/documents/2018/7/18/June29overallDI.pdf,2.0,64.72602739726028,Cincinnati,True,False,observed_scoring_school,70.40229885057471
cincinnati,2018-19,Cincinnati,American,92.0,200.0,FBS,101.0,61.5,37.5,https://dxbhsrqyrr690.cloudfront.net/sidearm.nextgen.sites/nacda.com/documents/2019/6/27/June28DIOverall.pdf,2.0,69.15254237288136,Cincinnati,True,False,observed_scoring_school,74.0
cincinnati,2020-21,Cincinnati,American,143.0,101.0,FBS,70.5,30.5,0.0,https://dxbhsrqyrr690.cloudfront.net/sidearm.nextgen.sites/nacda.com/documents/2021/7/1/July2OverallDI.pdf,3.0,51.365187713310576,Cincinnati,True,False,observed_scoring_school,59.7457627118644
cincinnati,2021-22,Cincinnati,American,139.0,124.0,FBS,80.0,44.0,0.0,https://dxbhsrqyrr690.cloudfront.net/sidearm.nextgen.sites/nacda.com/documents/2022/6/30/FinalDIstandings.pdf,3.0,53.050847457627114,Cincinnati,True,False,observed_scoring_school,60.985915492957744
cincinnati,2022-23,Cincinnati,American,146.0,122.5,FBS,25.0,27.5,70.0,https://dxbhsrqyrr690.cloudfront.net/sidearm.nextgen.sites/nacda.com/documents/2023/6/27/Final22.23Standings.pdf,3.0,52.459016393442624,Cincinnati,True,False,observed_scoring_school,59.49720670391061
cincinnati,2023-24,Cincinnati,Big 12,259.0,29.0,FBS,0.0,29.0,0.0,https://dxbhsrqyrr690.cloudfront.net/sidearm.nextgen.sites/nacda.com/documents/2024/6/26/23.24FinalDI.pdf,4.0,17.041800643086816,Cincinnati,True,False,observed_scoring_school,27.52808988764045
cincinnati,2024-25,Cincinnati,Big 12,125.0,140.0,FBS,0.0,73.0,67.0,https://dxbhsrqyrr690.cloudfront.net/sidearm.nextgen.sites/nacda.com/documents/2025/6/23/24.25DivIStandingsFinal.pdf,2.0,58.745874587458744,Cincinnati,True,False,observed_scoring_school,64.8876404494382
cincinnati,2025-26,Cincinnati,Big 12,91.0,231.0,FBS,53.0,82.0,96.0,https://dxbhsrqyrr690.cloudfront.net/sidearm.nextgen.sites/nacda.com/documents/2026/6/24/25.26DI_Final.pdf,2.0,70.09966777408638,Cincinnati,True,False,observed_scoring_school,74.71910112359551
citadel,2017-18,,,,0.0,,,,,,,,Citadel,False,True,kept_known_d1_program,8.189655172413794
citadel,2018-19,,,,0.0,,,,,,,,Citadel,False,True,kept_known_d1_program,8.0
citadel,2020-21,,,,0.0,,,,,,,,Citadel,False,True,kept_known_d1_program,8.757062146892656
citadel,2021-22,Citadel,SoCon,218.0,57.0,FCS,25.0,32.0,0.0,https://dxbhsrqyrr690.cloudfront.net/sidearm.nextgen.sites/nacda.com/documents/2022/6/30/FinalDIstandings.pdf,5.0,26.27118644067797,Citadel,True,False,observed_scoring_school,38.732394366197184
citadel,2022-23,,,,0.0,,,,,,,,Citadel,False,True,kept_known_d1_program,7.5418994413407825
citadel,2023-24,,,,0.0,,,,,,,,Citadel,False,True,kept_known_d1_program,6.460674157303371
citadel,2024-25,Citadel,SoCon,290.0,23.5,FCS,0.0,23.5,0.0,https://dxbhsrqyrr690.cloudfront.net/sidearm.nextgen.sites/nacda.com/documents/2025/6/23/24.25DivIStandingsFinal.pdf,5.0,4.455445544554455,Citadel,True,False,observed_scoring_school,18.679775280898877
citadel,2025-26,Citadel,SoCon,214.0,60.5,FCS,0.0,23.0,37.5,https://dxbhsrqyrr690.cloudfront.net/sidearm.nextgen.sites/nacda.com/documents/2026/6/24/25.26DI_Final.pdf,4.0,29.069767441860467,Citadel,True,False,observed_scoring_school,40.02808988764045
clemson,2017-18,Clemson,ACC,52.0,471.75,FBS,180.0,80.5,211.25,https://dxbhsrqyrr690.cloudfront.net/sidearm.nextgen.sites/nacda.com/documents/2018/7/18/June29overallDI.pdf,1.0,82.53424657534246,Clemson,True,False,observed_scoring_school,85.34482758620689
clemson,2018-19,Clemson,ACC,73.0,305.0,FBS,125.0,50.0,130.0,https://dxbhsrqyrr690.cloudfront.net/sidearm.nextgen.sites/nacda.com/documents/2019/6/27/June28DIOverall.pdf,2.0,75.59322033898304,Clemson,True,False,observed_scoring_school,79.42857142857143
clemson,2020-21,Clemson,ACC,36.0,554.75,FBS,222.0,91.0,241.75,https://dxbhsrqyrr690.cloudfront.net/sidearm.nextgen.sites/nacda.com/documents/2021/7/1/July2OverallDI.pdf,1.0,88.05460750853243,Clemson,True,False,observed_scoring_school,90.11299435028248
clemson,2021-22,Clemson,ACC,65.0,357.5,FBS,183.5,0.0,174.0,https://dxbhsrqyrr690.cloudfront.net/sidearm.nextgen.sites/nacda.com/documents/2022/6/30/FinalDIstandings.pdf,2.0,78.30508474576271,Clemson,True,False,observed_scoring_school,81.97183098591549
clemson,2022-23,Clemson,ACC,51.0,475.5,FBS,139.5,98.5,237.5,https://dxbhsrqyrr690.cloudfront.net/sidearm.nextgen.sites/nacda.com/documents/2023/6/27/Final22.23Standings.pdf,1.0,83.60655737704919,Clemson,True,False,observed_scoring_school,86.03351955307262
clemson,2023-24,Clemson,ACC,31.0,675.75,FBS,237.0,176.5,262.25,https://dxbhsrqyrr690.cloudfront.net/sidearm.nextgen.sites/nacda.com/documents/2024/6/26/23.24FinalDI.pdf,1.0,90.35369774919614,Clemson,True,False,observed_scoring_school,91.57303370786516
clemson,2024-25,Clemson,ACC,47.0,524.25,FBS,129.25,123.5,271.5,https://dxbhsrqyrr690.cloudfront.net/sidearm.nextgen.sites/nacda.com/documents/2025/6/23/24.25DivIStandingsFinal.pdf,1.0,84.81848184818482,Clemson,True,False,observed_scoring_school,87.07865168539325
clemson,2025-26,Clemson,ACC,42.0,601.5,FBS,100.0,183.5,318.0,https://dxbhsrqyrr690.cloudfront.net/sidearm.nextgen.sites/nacda.com/documents/2026/6/24/25.26DI_Final.pdf,1.0,86.37873754152824,Clemson,True,False,observed_scoring_school,88.48314606741573
cleveland_state,2017-18,Cleveland State,Horizon League,212.0,55.0,DI,25.0,0.0,30.0,https://dxbhsrqyrr690.cloudfront.net/sidearm.nextgen.sites/nacda.com/documents/2018/7/18/June29overallDI.pdf,5.0,27.56849315068493,Cleveland State,True,False,observed_scoring_school,39.224137931034484
cleveland_state,2018-19,Cleveland State,Horizon League,266.0,25.0,DI,0.0,0.0,25.0,https://dxbhsrqyrr690.cloudfront.net/sidearm.nextgen.sites/nacda.com/documents/2019/6/27/June28DIOverall.pdf,6.0,6.779661016949152,Cleveland State,True,False,observed_scoring_school,21.428571428571427
cleveland_state,2020-21,Cleveland State,Horizon League,131.0,112.0,DI,0.0,87.0,25.0,https://dxbhsrqyrr690.cloudfront.net/sidearm.nextgen.sites/nacda.com/documents/2021/7/1/July2OverallDI.pdf,3.0,55.631399317406135,Cleveland State,True,False,observed_scoring_school,63.2768361581921
cleveland_state,2021-22,Cleveland State,Horizon League,293.0,16.0,DI,0.0,16.0,0.0,https://dxbhsrqyrr690.cloudfront.net/sidearm.nextgen.sites/nacda.com/documents/2022/6/30/FinalDIstandings.pdf,6.0,0.847457627118644,Cleveland State,True,False,observed_scoring_school,17.6056338028169
cleveland_state,2022-23,Cleveland State,Horizon League,223.0,50.0,DI,25.0,25.0,0.0,https://dxbhsrqyrr690.cloudfront.net/sidearm.nextgen.sites/nacda.com/documents/2023/6/27/Final22.23Standings.pdf,4.0,24.75409836065574,Cleveland State,True,False,observed_scoring_school,35.89385474860335
cleveland_state,2023-24,Cleveland State,Horizon League,176.0,82.5,DI,0.0,32.5,50.0,https://dxbhsrqyrr690.cloudfront.net/sidearm.nextgen.sites/nacda.com/documents/2024/6/26/23.24FinalDI.pdf,3.0,43.729903536977496,Cleveland State,True,False,observed_scoring_school,50.84269662921348
cleveland_state,2024-25,Cleveland State,Horizon League,204.0,65.0,DI,25.0,40.0,0.0,https://dxbhsrqyrr690.cloudfront.net/sidearm.nextgen.sites/nacda.com/documents/2025/6/23/24.25DivIStandingsFinal.pdf,4.0,32.67326732673268,Cleveland State,True,False,observed_scoring_school,42.69662921348314
cleveland_state,2025-26,Cleveland State,Horizon League,265.0,25.0,DI,25.0,0.0,0.0,https://dxbhsrqyrr690.cloudfront.net/sidearm.nextgen.sites/nacda.com/documents/2026/6/24/25.26DI_Final.pdf,5.0,7.308970099667775,Cleveland State,True,False,observed_scoring_school,21.629213483146067
coastal_carolina,2017-18,Coastal Carolina,Sun Belt,117.0,157.0,FBS,89.0,0.0,68.0,https://dxbhsrqyrr690.cloudfront.net/sidearm.nextgen.sites/nacda.com/documents/2018/7/18/June29overallDI.pdf,3.0,60.1027397260274,Coastal Carolina,True,False,observed_scoring_school,66.52298850574712
coastal_carolina,2018-19,Coastal Carolina,Sun Belt,252.0,37.5,FBS,0.0,0.0,37.5,https://dxbhsrqyrr690.cloudfront.net/sidearm.nextgen.sites/nacda.com/documents/2019/6/27/June28DIOverall.pdf,5.0,14.745762711864408,Coastal Carolina,True,False,observed_scoring_school,28.142857142857142
coastal_carolina,2020-21,Coastal Carolina,Sun Belt,105.0,138.5,FBS,111.5,0.0,27.0,https://dxbhsrqyrr690.cloudfront.net/sidearm.nextgen.sites/nacda.com/documents/2021/7/1/July2OverallDI.pdf,2.0,64.50511945392492,Coastal Carolina,True,False,observed_scoring_school,70.62146892655367
coastal_carolina,2021-22,Coastal Carolina,Sun Belt,110.0,163.5,FBS,45.0,53.5,65.0,https://dxbhsrqyrr690.cloudfront.net/sidearm.nextgen.sites/nacda.com/documents/2022/6/30/FinalDIstandings.pdf,3.0,63.05084745762712,Coastal Carolina,True,False,observed_scoring_school,69.29577464788733
coastal_carolina,2022-23,Coastal Carolina,Sun Belt,170.0,95.5,FBS,25.0,0.0,70.5,https://dxbhsrqyrr690.cloudfront.net/sidearm.nextgen.sites/nacda.com/documents/2023/6/27/Final22.23Standings.pdf,3.0,44.59016393442623,Coastal Carolina,True,False,observed_scoring_school,52.79329608938548
coastal_carolina,2023-24,Coastal Carolina,Sun Belt,123.0,145.0,FBS,70.0,0.0,75.0,https://dxbhsrqyrr690.cloudfront.net/sidearm.nextgen.sites/nacda.com/documents/2024/6/26/23.24FinalDI.pdf,2.0,60.61093247588425,Coastal Carolina,True,False,observed_scoring_school,65.58988764044943
coastal_carolina,2024-25,Coastal Carolina,Sun Belt,111.0,157.5,FBS,25.0,0.0,132.5,https://dxbhsrqyrr690.cloudfront.net/sidearm.nextgen.sites/nacda.com/documents/2025/6/23/24.25DivIStandingsFinal.pdf,2.0,63.6963696369637,Coastal Carolina,True,False,observed_scoring_school,69.10112359550563
coastal_carolina,2025-26,Coastal Carolina,Sun Belt,225.0,50.0,FBS,25.0,0.0,25.0,https://dxbhsrqyrr690.cloudfront.net/sidearm.nextgen.sites/nacda.com/documents/2026/6/24/25.26DI_Final.pdf,4.0,23.089700996677745,Coastal Carolina,True,False,observed_scoring_school,34.97191011235955
colgate,2017-18,Colgate,Patriot,119.0,154.0,FCS,64.0,90.0,0.0,https://dxbhsrqyrr690.cloudfront.net/sidearm.nextgen.sites/nacda.com/documents/2018/7/18/June29overallDI.pdf,3.0,59.589041095890416,Colgate,True,False,observed_scoring_school,66.0919540229885
colgate,2018-19,Colgate,Patriot,116.0,145.0,FCS,120.0,25.0,0.0,https://dxbhsrqyrr690.cloudfront.net/sidearm.nextgen.sites/nacda.com/documents/2019/6/27/June28DIOverall.pdf,3.0,60.84745762711864,Colgate,True,False,observed_scoring_school,67.0
colgate,2020-21,Colgate,Patriot,215.0,50.0,FCS,0.0,50.0,0.0,https://dxbhsrqyrr690.cloudfront.net/sidearm.nextgen.sites/nacda.com/documents/2021/7/1/July2OverallDI.pdf,4.0,24.2320819112628,Colgate,True,False,observed_scoring_school,37.28813559322034
colgate,2021-22,Colgate,Patriot,152.0,110.0,FCS,25.0,85.0,0.0,https://dxbhsrqyrr690.cloudfront.net/sidearm.nextgen.sites/nacda.com/documents/2022/6/30/FinalDIstandings.pdf,3.0,48.8135593220339,Colgate,True,False,observed_scoring_school,57.46478873239437
colgate,2022-23,Colgate,Patriot,129.0,135.0,FCS,25.0,110.0,0.0,https://dxbhsrqyrr690.cloudfront.net/sidearm.nextgen.sites/nacda.com/documents/2023/6/27/Final22.23Standings.pdf,2.0,58.032786885245905,Colgate,True,False,observed_scoring_school,64.24581005586593
colgate,2023-24,Colgate,Patriot,131.0,133.0,FCS,25.0,108.0,0.0,https://dxbhsrqyrr690.cloudfront.net/sidearm.nextgen.sites/nacda.com/documents/2024/6/26/23.24FinalDI.pdf,2.0,58.19935691318327,Colgate,True,False,observed_scoring_school,63.48314606741573
colgate,2024-25,Colgate,Patriot,130.0,130.0,FCS,25.0,60.0,45.0,https://dxbhsrqyrr690.cloudfront.net/sidearm.nextgen.sites/nacda.com/documents/2025/6/23/24.25DivIStandingsFinal.pdf,3.0,57.26072607260726,Colgate,True,False,observed_scoring_school,63.62359550561798
colgate,2025-26,,,,0.0,,,,,,,,Colgate,False,True,kept_known_d1_program,7.865168539325842
college_of_charleston,2017-18,College of Charleston,CAA,207.0,64.5,DI,25.0,25.0,14.5,https://dxbhsrqyrr690.cloudfront.net/sidearm.nextgen.sites/nacda.com/documents/2018/7/18/June29overallDI.pdf,4.0,29.45205479452055,College of Charleston,True,False,observed_scoring_school,40.804597701149426
college_of_charleston,2018-19,,,,0.0,,,,,,,,College of Charleston,False,True,kept_known_d1_program,8.0
college_of_charleston,2020-21,College of Charleston,CAA,251.0,31.0,DI,0.0,0.0,31.0,https://dxbhsrqyrr690.cloudfront.net/sidearm.nextgen.sites/nacda.com/documents/2021/7/1/July2OverallDI.pdf,5.0,14.675767918088736,College of Charleston,True,False,observed_scoring_school,29.37853107344633
college_of_charleston,2021-22,College of Charleston,CAA,214.0,60.5,DI,0.0,0.0,60.5,https://dxbhsrqyrr690.cloudfront.net/sidearm.nextgen.sites/nacda.com/documents/2022/6/30/FinalDIstandings.pdf,4.0,27.627118644067792,College of Charleston,True,False,observed_scoring_school,39.859154929577464
college_of_charleston,2022-23,College of Charleston,CAA,241.0,47.5,DI,0.0,25.0,22.5,https://dxbhsrqyrr690.cloudfront.net/sidearm.nextgen.sites/nacda.com/documents/2023/6/27/Final22.23Standings.pdf,4.0,21.311475409836063,College of Charleston,True,False,observed_scoring_school,32.960893854748605
college_of_charleston,2023-24,College of Charleston,CAA,253.0,30.0,DI,0.0,25.0,5.0,https://dxbhsrqyrr690.cloudfront.net/sidearm.nextgen.sites/nacda.com/documents/2024/6/26/23.24FinalDI.pdf,4.0,18.167202572347264,College of Charleston,True,False,observed_scoring_school,28.51123595505618
college_of_charleston,2024-25,College of Charleston,CAA,187.0,75.0,DI,25.0,0.0,50.0,https://dxbhsrqyrr690.cloudfront.net/sidearm.nextgen.sites/nacda.com/documents/2025/6/23/24.25DivIStandingsFinal.pdf,3.0,37.78877887788779,College of Charleston,True,False,observed_scoring_school,47.05056179775281
college_of_charleston,2025-26,College of Charleston,CAA,155.0,107.0,DI,0.0,25.0,82.0,https://dxbhsrqyrr690.cloudfront.net/sidearm.nextgen.sites/nacda.com/documents/2026/6/24/25.26DI_Final.pdf,3.0,48.837209302325576,College of Charleston,True,False,observed_scoring_school,56.74157303370787
colorado,2017-18,Colorado,Pac 12,37.0,591.5,FBS,269.5,143.0,179.0,https://dxbhsrqyrr690.cloudfront.net/sidearm.nextgen.sites/nacda.com/documents/2018/7/18/June29overallDI.pdf,1.0,87.67123287671232,Colorado,True,False,observed_scoring_school,89.65517241379311
colorado,2018-19,Colorado,Pac 12,50.0,511.0,FBS,205.0,184.0,122.0,https://dxbhsrqyrr690.cloudfront.net/sidearm.nextgen.sites/nacda.com/documents/2019/6/27/June28DIOverall.pdf,1.0,83.38983050847457,Colorado,True,False,observed_scoring_school,86.0
colorado,2020-21,Colorado,Pac 12,52.0,406.0,FBS,167.0,192.5,46.5,https://dxbhsrqyrr690.cloudfront.net/sidearm.nextgen.sites/nacda.com/documents/2021/7/1/July2OverallDI.pdf,1.0,82.5938566552901,Colorado,True,False,observed_scoring_school,85.59322033898306
colorado,2021-22,Colorado,Pac-12,58.0,418.75,FBS,150.5,200.0,68.25,https://dxbhsrqyrr690.cloudfront.net/sidearm.nextgen.sites/nacda.com/documents/2022/6/30/FinalDIstandings.pdf,2.0,80.67796610169492,Colorado,True,False,observed_scoring_school,83.94366197183099
colorado,2022-23,Colorado,Pac-12,61.0,377.0,FBS,161.5,154.0,61.5,https://dxbhsrqyrr690.cloudfront.net/sidearm.nextgen.sites/nacda.com/documents/2023/6/27/Final22.23Standings.pdf,1.0,80.32786885245902,Colorado,True,False,observed_scoring_school,83.24022346368714
colorado,2023-24,Colorado,Pac-12,59.0,407.5,FBS,129.0,235.5,43.0,https://dxbhsrqyrr690.cloudfront.net/sidearm.nextgen.sites/nacda.com/documents/2024/6/26/23.24FinalDI.pdf,1.0,81.35048231511254,Colorado,True,False,observed_scoring_school,83.70786516853933
colorado,2024-25,Colorado,Big 12,69.0,325.5,FBS,154.0,121.0,50.5,https://dxbhsrqyrr690.cloudfront.net/sidearm.nextgen.sites/nacda.com/documents/2025/6/23/24.25DivIStandingsFinal.pdf,2.0,77.55775577557755,Colorado,True,False,observed_scoring_school,80.89887640449437
colorado,2025-26,Colorado,Big 12,53.0,507.0,FBS,244.5,136.0,126.5,https://dxbhsrqyrr690.cloudfront.net/sidearm.nextgen.sites/nacda.com/documents/2026/6/24/25.26DI_Final.pdf,1.0,82.72425249169434,Colorado,True,False,observed_scoring_school,85.39325842696628
colorado_state,2017-18,Colorado State,Mountain West,77.0,267.0,FBS,144.0,58.5,64.5,https://dxbhsrqyrr690.cloudfront.net/sidearm.nextgen.sites/nacda.com/documents/2018/7/18/June29overallDI.pdf,2.0,73.97260273972603,Colorado State,True,False,observed_scoring_school,78.16091954022988
colorado_state,2018-19,Colorado State,Mountain West,88.0,206.5,FBS,94.0,0.0,112.5,https://dxbhsrqyrr690.cloudfront.net/sidearm.nextgen.sites/nacda.com/documents/2019/6/27/June28DIOverall.pdf,2.0,70.33898305084746,Colorado State,True,False,observed_scoring_school,75.0
colorado_state,2020-21,Colorado State,Mountain West,142.0,101.5,FBS,28.0,47.0,26.5,https://dxbhsrqyrr690.cloudfront.net/sidearm.nextgen.sites/nacda.com/documents/2021/7/1/July2OverallDI.pdf,3.0,51.877133105802045,Colorado State,True,False,observed_scoring_school,60.16949152542372
colorado_state,2021-22,Colorado State,Mountain West,106.0,167.0,FBS,57.0,72.5,37.5,https://dxbhsrqyrr690.cloudfront.net/sidearm.nextgen.sites/nacda.com/documents/2022/6/30/FinalDIstandings.pdf,2.0,64.23728813559322,Colorado State,True,False,observed_scoring_school,70.28169014084507
colorado_state,2022-23,Colorado State,Mountain West,117.0,156.0,FBS,95.0,0.0,61.0,https://dxbhsrqyrr690.cloudfront.net/sidearm.nextgen.sites/nacda.com/documents/2023/6/27/Final22.23Standings.pdf,2.0,61.967213114754095,Colorado State,True,False,observed_scoring_school,67.59776536312849
colorado_state,2023-24,Colorado State,Mountain West,91.0,211.0,FBS,45.0,78.0,88.0,https://dxbhsrqyrr690.cloudfront.net/sidearm.nextgen.sites/nacda.com/documents/2024/6/26/23.24FinalDI.pdf,2.0,71.06109324758843,Colorado State,True,False,observed_scoring_school,74.71910112359551
colorado_state,2024-25,Colorado State,Mountain West,93.0,204.0,FBS,50.0,85.5,68.5,https://dxbhsrqyrr690.cloudfront.net/sidearm.nextgen.sites/nacda.com/documents/2025/6/23/24.25DivIStandingsFinal.pdf,2.0,69.63696369636963,Colorado State,True,False,observed_scoring_school,74.15730337078652
colorado_state,2025-26,Colorado State,Mountain West,196.0,74.5,FBS,0.0,54.0,20.5,https://dxbhsrqyrr690.cloudfront.net/sidearm.nextgen.sites/nacda.com/documents/2026/6/24/25.26DI_Final.pdf,4.0,35.21594684385382,Colorado State,True,False,observed_scoring_school,45.2247191011236
columbia,2017-18,Columbia,Ivy League,69.0,339.0,FCS,129.5,120.5,89.0,https://dxbhsrqyrr690.cloudfront.net/sidearm.nextgen.sites/nacda.com/documents/2018/7/18/June29overallDI.pdf,2.0,76.71232876712328,Columbia,True,False,observed_scoring_school,80.45977011494253
columbia,2018-19,Columbia,Ivy League,80.0,274.0,FCS,56.0,154.0,64.0,https://dxbhsrqyrr690.cloudfront.net/sidearm.nextgen.sites/nacda.com/documents/2019/6/27/June28DIOverall.pdf,2.0,73.22033898305085,Columbia,True,False,observed_scoring_school,77.42857142857143
columbia,2020-21,,,,0.0,,,,,,,,Columbia,False,True,kept_known_d1_program,8.757062146892656
columbia,2021-22,Columbia,Ivy League,75.0,283.5,FCS,29.0,154.5,100.0,https://dxbhsrqyrr690.cloudfront.net/sidearm.nextgen.sites/nacda.com/documents/2022/6/30/FinalDIstandings.pdf,2.0,74.91525423728814,Columbia,True,False,observed_scoring_school,79.15492957746478
columbia,2022-23,Columbia,Ivy League,80.0,241.5,FCS,26.0,165.5,50.0,https://dxbhsrqyrr690.cloudfront.net/sidearm.nextgen.sites/nacda.com/documents/2023/6/27/Final22.23Standings.pdf,2.0,74.09836065573771,Columbia,True,False,observed_scoring_school,77.93296089385476
columbia,2023-24,Columbia,Ivy League,79.0,284.0,FCS,78.0,133.0,73.0,https://dxbhsrqyrr690.cloudfront.net/sidearm.nextgen.sites/nacda.com/documents/2024/6/26/23.24FinalDI.pdf,2.0,74.91961414790997,Columbia,True,False,observed_scoring_school,78.08988764044943
columbia,2024-25,Columbia,Ivy League,81.0,249.0,FCS,0.0,138.5,110.5,https://dxbhsrqyrr690.cloudfront.net/sidearm.nextgen.sites/nacda.com/documents/2025/6/23/24.25DivIStandingsFinal.pdf,2.0,73.5973597359736,Columbia,True,False,observed_scoring_school,77.52808988764045
columbia,2025-26,Columbia,Ivy League,69.0,348.5,FCS,0.0,237.0,111.5,https://dxbhsrqyrr690.cloudfront.net/sidearm.nextgen.sites/nacda.com/documents/2026/6/24/25.26DI_Final.pdf,2.0,77.40863787375415,Columbia,True,False,observed_scoring_school,80.89887640449437
coppin_state,2017-18,,,,0.0,,,,,,,,Coppin State,False,True,kept_known_d1_program,8.189655172413794
coppin_state,2018-19,Coppin State,MEAC,264.0,26.5,DI,0.0,0.0,26.5,https://dxbhsrqyrr690.cloudfront.net/sidearm.nextgen.sites/nacda.com/documents/2019/6/27/June28DIOverall.pdf,5.0,10.847457627118644,Coppin State,True,False,observed_scoring_school,24.857142857142858
coppin_state,2020-21,,,,0.0,,,,,,,,Coppin State,False,True,kept_known_d1_program,8.757062146892656
coppin_state,2021-22,Coppin State,MEAC,266.0,25.0,DI,0.0,0.0,25.0,https://dxbhsrqyrr690.cloudfront.net/sidearm.nextgen.sites/nacda.com/documents/2022/6/30/FinalDIstandings.pdf,5.0,5.932203389830509,Coppin State,True,False,observed_scoring_school,21.830985915492956
coppin_state,2022-23,,,,0.0,,,,,,,,Coppin State,False,True,kept_known_d1_program,7.5418994413407825
coppin_state,2023-24,Coppin State,MEAC,262.0,25.0,DI,25.0,0.0,0.0,https://dxbhsrqyrr690.cloudfront.net/sidearm.nextgen.sites/nacda.com/documents/2024/6/26/23.24FinalDI.pdf,5.0,10.128617363344052,Coppin State,True,False,observed_scoring_school,21.48876404494382
coppin_state,2024-25,,,,0.0,,,,,,,,Coppin State,False,True,kept_known_d1_program,7.584269662921349
coppin_state,2025-26,Coppin State,MEAC,265.0,25.0,DI,25.0,0.0,0.0,https://dxbhsrqyrr690.cloudfront.net/sidearm.nextgen.sites/nacda.com/documents/2026/6/24/25.26DI_Final.pdf,5.0,7.308970099667775,Coppin State,True,False,observed_scoring_school,21.629213483146067
cornell,2017-18,Cornell,Ivy League,82.0,242.5,FCS,0.0,182.5,60.0,https://dxbhsrqyrr690.cloudfront.net/sidearm.nextgen.sites/nacda.com/documents/2018/7/18/June29overallDI.pdf,2.0,72.26027397260275,Cornell,True,False,observed_scoring_school,76.72413793103449
cornell,2018-19,Cornell,Ivy League,81.0,263.0,FCS,28.0,235.0,0.0,https://dxbhsrqyrr690.cloudfront.net/sidearm.nextgen.sites/nacda.com/documents/2019/6/27/June28DIOverall.pdf,2.0,72.88135593220339,Cornell,True,False,observed_scoring_school,77.14285714285715
cornell,2020-21,Cornell,Ivy League,291.0,7.75,FCS,0.0,0.0,7.75,https://dxbhsrqyrr690.cloudfront.net/sidearm.nextgen.sites/nacda.com/documents/2021/7/1/July2OverallDI.pdf,6.0,0.8532423208191127,Cornell,True,False,observed_scoring_school,17.937853107344633
cornell,2021-22,Cornell,Ivy League,83.0,237.5,FCS,0.0,120.0,117.5,https://dxbhsrqyrr690.cloudfront.net/sidearm.nextgen.sites/nacda.com/documents/2022/6/30/FinalDIstandings.pdf,2.0,72.20338983050848,Cornell,True,False,observed_scoring_school,76.90140845070422
cornell,2022-23,Cornell,Ivy League,64.0,363.0,FCS,91.0,169.0,103.0,https://dxbhsrqyrr690.cloudfront.net/sidearm.nextgen.sites/nacda.com/documents/2023/6/27/Final22.23Standings.pdf,1.0,79.34426229508198,Cornell,True,False,observed_scoring_school,82.40223463687151
cornell,2023-24,Cornell,Ivy League,71.0,339.0,FCS,28.0,261.0,50.0,https://dxbhsrqyrr690.cloudfront.net/sidearm.nextgen.sites/nacda.com/documents/2024/6/26/23.24FinalDI.pdf,2.0,77.491961414791,Cornell,True,False,observed_scoring_school,80.33707865168539
cornell,2024-25,Cornell,Ivy League,44.0,537.5,FCS,77.0,305.5,155.0,https://dxbhsrqyrr690.cloudfront.net/sidearm.nextgen.sites/nacda.com/documents/2025/6/23/24.25DivIStandingsFinal.pdf,1.0,85.8085808580858,Cornell,True,False,observed_scoring_school,87.92134831460675
cornell,2025-26,Cornell,Ivy League,78.0,303.5,FCS,50.0,144.0,109.5,https://dxbhsrqyrr690.cloudfront.net/sidearm.nextgen.sites/nacda.com/documents/2026/6/24/25.26DI_Final.pdf,2.0,74.4186046511628,Cornell,True,False,observed_scoring_school,78.37078651685393
creighton,2017-18,Creighton,Big East,138.0,125.0,DI,50.0,75.0,0.0,https://dxbhsrqyrr690.cloudfront.net/sidearm.nextgen.sites/nacda.com/documents/2018/7/18/June29overallDI.pdf,3.0,52.910958904109584,Creighton,True,False,observed_scoring_school,60.48850574712644
creighton,2018-19,Creighton,Big East,155.0,100.0,DI,50.0,0.0,50.0,https://dxbhsrqyrr690.cloudfront.net/sidearm.nextgen.sites/nacda.com/documents/2019/6/27/June28DIOverall.pdf,3.0,47.28813559322034,Creighton,True,False,observed_scoring_school,55.57142857142857
creighton,2020-21,Creighton,Big East,162.0,89.0,DI,25.0,64.0,0.0,https://dxbhsrqyrr690.cloudfront.net/sidearm.nextgen.sites/nacda.com/documents/2021/7/1/July2OverallDI.pdf,3.0,44.88054607508533,Creighton,True,False,observed_scoring_school,54.378531073446325
creighton,2021-22,Creighton,Big East,86.0,223.0,DI,100.0,123.0,0.0,https://dxbhsrqyrr690.cloudfront.net/sidearm.nextgen.sites/nacda.com/documents/2022/6/30/FinalDIstandings.pdf,2.0,71.1864406779661,Creighton,True,False,observed_scoring_school,76.05633802816901
creighton,2022-23,Creighton,Big East,90.0,206.0,DI,108.0,98.0,0.0,https://dxbhsrqyrr690.cloudfront.net/sidearm.nextgen.sites/nacda.com/documents/2023/6/27/Final22.23Standings.pdf,2.0,70.81967213114754,Creighton,True,False,observed_scoring_school,75.13966480446928
creighton,2023-24,Creighton,Big East,105.0,178.0,DI,64.0,114.0,0.0,https://dxbhsrqyrr690.cloudfront.net/sidearm.nextgen.sites/nacda.com/documents/2024/6/26/23.24FinalDI.pdf,2.0,66.39871382636656,Creighton,True,False,observed_scoring_school,70.64606741573034
creighton,2024-25,Creighton,Big East,95.0,198.0,DI,73.0,75.0,50.0,https://dxbhsrqyrr690.cloudfront.net/sidearm.nextgen.sites/nacda.com/documents/2025/6/23/24.25DivIStandingsFinal.pdf,2.0,68.97689768976898,Creighton,True,False,observed_scoring_school,73.59550561797754
creighton,2025-26,Creighton,Big East,173.0,87.5,DI,73.0,0.0,14.5,https://dxbhsrqyrr690.cloudfront.net/sidearm.nextgen.sites/nacda.com/documents/2026/6/24/25.26DI_Final.pdf,3.0,42.19269102990033,Creighton,True,False,observed_scoring_school,51.12359550561798
dartmouth,2017-18,Dartmouth,Ivy League,92.0,205.0,FCS,95.0,85.0,25.0,https://dxbhsrqyrr690.cloudfront.net/sidearm.nextgen.sites/nacda.com/documents/2018/7/18/June29overallDI.pdf,2.0,68.83561643835617,Dartmouth,True,False,observed_scoring_school,73.85057471264368
dartmouth,2018-19,Dartmouth,Ivy League,91.0,201.0,FCS,71.0,80.0,50.0,https://dxbhsrqyrr690.cloudfront.net/sidearm.nextgen.sites/nacda.com/documents/2019/6/27/June28DIOverall.pdf,2.0,69.49152542372882,Dartmouth,True,False,observed_scoring_school,74.28571428571429
dartmouth,2020-21,,,,0.0,,,,,,,,Dartmouth,False,True,kept_known_d1_program,8.757062146892656
dartmouth,2021-22,Dartmouth,Ivy League,218.0,57.0,FCS,0.0,57.0,0.0,https://dxbhsrqyrr690.cloudfront.net/sidearm.nextgen.sites/nacda.com/documents/2022/6/30/FinalDIstandings.pdf,5.0,26.27118644067797,Dartmouth,True,False,observed_scoring_school,38.732394366197184
dartmouth,2022-23,Dartmouth,Ivy League,191.0,75.0,FCS,0.0,75.0,0.0,https://dxbhsrqyrr690.cloudfront.net/sidearm.nextgen.sites/nacda.com/documents/2023/6/27/Final22.23Standings.pdf,3.0,37.049180327868854,Dartmouth,True,False,observed_scoring_school,46.36871508379888
dartmouth,2023-24,Dartmouth,Ivy League,168.0,89.3,FCS,0.0,80.0,9.3,https://dxbhsrqyrr690.cloudfront.net/sidearm.nextgen.sites/nacda.com/documents/2024/6/26/23.24FinalDI.pdf,3.0,46.30225080385852,Dartmouth,True,False,observed_scoring_school,53.08988764044944
dartmouth,2024-25,Dartmouth,Ivy League,134.0,127.0,FCS,0.0,85.0,42.0,https://dxbhsrqyrr690.cloudfront.net/sidearm.nextgen.sites/nacda.com/documents/2025/6/23/24.25DivIStandingsFinal.pdf,3.0,56.10561056105611,Dartmouth,True,False,observed_scoring_school,62.64044943820225
dartmouth,2025-26,Dartmouth,Ivy League,137.0,122.0,FCS,25.0,97.0,0.0,https://dxbhsrqyrr690.cloudfront.net/sidearm.nextgen.sites/nacda.com/documents/2026/6/24/25.26DI_Final.pdf,3.0,54.81727574750831,Dartmouth,True,False,observed_scoring_school,61.79775280898876
davidson,2017-18,Davidson,Atlantic 10,249.0,30.0,FCS,0.0,25.0,5.0,https://dxbhsrqyrr690.cloudfront.net/sidearm.nextgen.sites/nacda.com/documents/2018/7/18/June29overallDI.pdf,5.0,14.383561643835616,Davidson,True,False,observed_scoring_school,28.160919540229884
davidson,2018-19,,,,0.0,,,,,,,,Davidson,False,True,kept_known_d1_program,8.0
davidson,2020-21,Davidson,Atlantic 10,243.0,41.0,FCS,25.0,0.0,16.0,https://dxbhsrqyrr690.cloudfront.net/sidearm.nextgen.sites/nacda.com/documents/2021/7/1/July2OverallDI.pdf,5.0,17.4061433447099,Davidson,True,False,observed_scoring_school,31.63841807909605
davidson,2021-22,Davidson,Atlantic 10,214.0,60.5,FCS,25.0,25.0,10.5,https://dxbhsrqyrr690.cloudfront.net/sidearm.nextgen.sites/nacda.com/documents/2022/6/30/FinalDIstandings.pdf,4.0,27.627118644067792,Davidson,True,False,observed_scoring_school,39.859154929577464
davidson,2022-23,Davidson,Atlantic 10,257.0,30.0,FCS,25.0,0.0,5.0,https://dxbhsrqyrr690.cloudfront.net/sidearm.nextgen.sites/nacda.com/documents/2023/6/27/Final22.23Standings.pdf,4.0,15.901639344262296,Davidson,True,False,observed_scoring_school,28.35195530726257
davidson,2023-24,,,,0.0,,,,,,,,Davidson,False,True,kept_known_d1_program,6.460674157303371
davidson,2024-25,Davidson,Atlantic 10,296.0,10.0,FCS,0.0,0.0,10.0,https://dxbhsrqyrr690.cloudfront.net/sidearm.nextgen.sites/nacda.com/documents/2025/6/23/24.25DivIStandingsFinal.pdf,5.0,2.64026402640264,Davidson,True,False,observed_scoring_school,17.134831460674157
davidson,2025-26,Davidson,Atlantic 10,265.0,25.0,FCS,0.0,0.0,25.0,https://dxbhsrqyrr690.cloudfront.net/sidearm.nextgen.sites/nacda.com/documents/2026/6/24/25.26DI_Final.pdf,5.0,7.308970099667775,Davidson,True,False,observed_scoring_school,21.629213483146067
dayton,2017-18,Dayton,Atlantic 10,258.0,25.0,FCS,0.0,25.0,0.0,https://dxbhsrqyrr690.cloudfront.net/sidearm.nextgen.sites/nacda.com/documents/2018/7/18/June29overallDI.pdf,5.0,7.363013698630137,Dayton,True,False,observed_scoring_school,22.270114942528735
dayton,2018-19,Dayton,Atlantic 10,266.0,25.0,FCS,25.0,0.0,0.0,https://dxbhsrqyrr690.cloudfront.net/sidearm.nextgen.sites/nacda.com/documents/2019/6/27/June28DIOverall.pdf,6.0,6.779661016949152,Dayton,True,False,observed_scoring_school,21.428571428571427
dayton,2020-21,Dayton,Atlantic 10,215.0,50.0,FCS,50.0,0.0,0.0,https://dxbhsrqyrr690.cloudfront.net/sidearm.nextgen.sites/nacda.com/documents/2021/7/1/July2OverallDI.pdf,4.0,24.2320819112628,Dayton,True,False,observed_scoring_school,37.28813559322034
dayton,2021-22,Dayton,Atlantic 10,196.0,75.0,FCS,50.0,25.0,0.0,https://dxbhsrqyrr690.cloudfront.net/sidearm.nextgen.sites/nacda.com/documents/2022/6/30/FinalDIstandings.pdf,4.0,32.88135593220339,Dayton,True,False,observed_scoring_school,44.225352112676056
dayton,2022-23,,,,0.0,,,,,,,,Dayton,False,True,kept_known_d1_program,7.5418994413407825
dayton,2023-24,Dayton,Atlantic 10,120.0,150.0,FCS,75.0,50.0,25.0,https://dxbhsrqyrr690.cloudfront.net/sidearm.nextgen.sites/nacda.com/documents/2024/6/26/23.24FinalDI.pdf,2.0,61.7363344051447,Dayton,True,False,observed_scoring_school,66.57303370786516
dayton,2024-25,Dayton,Atlantic 10,133.0,128.0,FCS,128.0,0.0,0.0,https://dxbhsrqyrr690.cloudfront.net/sidearm.nextgen.sites/nacda.com/documents/2025/6/23/24.25DivIStandingsFinal.pdf,3.0,56.43564356435643,Dayton,True,False,observed_scoring_school,62.92134831460674
dayton,2025-26,Dayton,Atlantic 10,265.0,25.0,FCS,25.0,0.0,0.0,https://dxbhsrqyrr690.cloudfront.net/sidearm.nextgen.sites/nacda.com/documents/2026/6/24/25.26DI_Final.pdf,5.0,7.308970099667775,Dayton,True,False,observed_scoring_school,21.629213483146067
depaul,2017-18,DePaul,Big East,189.0,75.0,DI,0.0,50.0,25.0,https://dxbhsrqyrr690.cloudfront.net/sidearm.nextgen.sites/nacda.com/documents/2018/7/18/June29overallDI.pdf,4.0,34.417808219178085,DePaul,True,False,observed_scoring_school,44.9712643678161
depaul,2018-19,DePaul,Big East,174.0,87.5,DI,0.0,25.0,62.5,https://dxbhsrqyrr690.cloudfront.net/sidearm.nextgen.sites/nacda.com/documents/2019/6/27/June28DIOverall.pdf,4.0,41.186440677966104,DePaul,True,False,observed_scoring_school,50.42857142857143
depaul,2020-21,DePaul,Big East,255.0,25.0,DI,0.0,0.0,25.0,https://dxbhsrqyrr690.cloudfront.net/sidearm.nextgen.sites/nacda.com/documents/2021/7/1/July2OverallDI.pdf,5.0,8.70307167235495,DePaul,True,False,observed_scoring_school,24.43502824858757
depaul,2021-22,DePaul,Big East,258.0,30.0,DI,0.0,5.0,25.0,https://dxbhsrqyrr690.cloudfront.net/sidearm.nextgen.sites/nacda.com/documents/2022/6/30/FinalDIstandings.pdf,5.0,12.033898305084746,DePaul,True,False,observed_scoring_school,26.901408450704224
depaul,2022-23,,,,0.0,,,,,,,,DePaul,False,True,kept_known_d1_program,7.5418994413407825
depaul,2023-24,DePaul,Big East,234.0,47.5,DI,0.0,22.5,25.0,https://dxbhsrqyrr690.cloudfront.net/sidearm.nextgen.sites/nacda.com/documents/2024/6/26/23.24FinalDI.pdf,4.0,25.080385852090032,DePaul,True,False,observed_scoring_school,34.55056179775281
depaul,2024-25,DePaul,Big East,294.0,13.5,DI,0.0,0.0,13.5,https://dxbhsrqyrr690.cloudfront.net/sidearm.nextgen.sites/nacda.com/documents/2025/6/23/24.25DivIStandingsFinal.pdf,5.0,3.1353135313531353,DePaul,True,False,observed_scoring_school,17.5561797752809
depaul,2025-26,,,,0.0,,,,,,,,DePaul,False,True,kept_known_d1_program,7.865168539325842
delaware,2017-18,Delaware,CAA,214.0,53.0,FCS,53.0,0.0,0.0,https://dxbhsrqyrr690.cloudfront.net/sidearm.nextgen.sites/nacda.com/documents/2018/7/18/June29overallDI.pdf,5.0,26.88356164383562,Delaware,True,False,observed_scoring_school,38.64942528735632
delaware,2018-19,Delaware,CAA,266.0,25.0,FCS,25.0,0.0,0.0,https://dxbhsrqyrr690.cloudfront.net/sidearm.nextgen.sites/nacda.com/documents/2019/6/27/June28DIOverall.pdf,6.0,6.779661016949152,Delaware,True,False,observed_scoring_school,21.428571428571427
delaware,2020-21,Delaware,CAA,134.0,108.0,FCS,108.0,0.0,0.0,https://dxbhsrqyrr690.cloudfront.net/sidearm.nextgen.sites/nacda.com/documents/2021/7/1/July2OverallDI.pdf,3.0,54.436860068259385,Delaware,True,False,observed_scoring_school,62.28813559322034
delaware,2021-22,Delaware,CAA,104.0,173.0,FCS,53.0,50.0,70.0,https://dxbhsrqyrr690.cloudfront.net/sidearm.nextgen.sites/nacda.com/documents/2022/6/30/FinalDIstandings.pdf,2.0,65.08474576271186,Delaware,True,False,observed_scoring_school,70.98591549295776
delaware,2022-23,Delaware,CAA,114.0,159.0,FCS,106.0,0.0,53.0,https://dxbhsrqyrr690.cloudfront.net/sidearm.nextgen.sites/nacda.com/documents/2023/6/27/Final22.23Standings.pdf,2.0,62.95081967213115,Delaware,True,False,observed_scoring_school,68.43575418994413
delaware,2023-24,Delaware,CAA,175.0,83.0,FCS,78.0,0.0,5.0,https://dxbhsrqyrr690.cloudfront.net/sidearm.nextgen.sites/nacda.com/documents/2024/6/26/23.24FinalDI.pdf,3.0,44.05144694533762,Delaware,True,False,observed_scoring_school,51.12359550561798
delaware,2024-25,Delaware,CAA,244.0,45.0,FCS,45.0,0.0,0.0,https://dxbhsrqyrr690.cloudfront.net/sidearm.nextgen.sites/nacda.com/documents/2025/6/23/24.25DivIStandingsFinal.pdf,4.0,19.141914191419144,Delaware,True,False,observed_scoring_school,31.179775280898873
delaware,2025-26,Delaware,Conference USA,188.0,75.0,FBS,45.0,30.0,0.0,https://dxbhsrqyrr690.cloudfront.net/sidearm.nextgen.sites/nacda.com/documents/2026/6/24/25.26DI_Final.pdf,3.0,36.7109634551495,Delaware,True,False,observed_scoring_school,46.48876404494382
delaware_state,2017-18,,,,0.0,,,,,,,,Delaware State,False,True,kept_known_d1_program,8.189655172413794
delaware_state,2018-19,,,,0.0,,,,,,,,Delaware State,False,True,kept_known_d1_program,8.0
delaware_state,2020-21,Delaware State,MEAC,241.0,42.5,FCS,0.0,42.5,0.0,https://dxbhsrqyrr690.cloudfront.net/sidearm.nextgen.sites/nacda.com/documents/2021/7/1/July2OverallDI.pdf,5.0,17.918088737201366,Delaware State,True,False,observed_scoring_school,32.06214689265537
delaware_state,2021-22,,,,0.0,,,,,,,,Delaware State,False,True,kept_known_d1_program,8.591549295774648
delaware_state,2022-23,Delaware State,MEAC,261.0,25.0,FCS,25.0,0.0,0.0,https://dxbhsrqyrr690.cloudfront.net/sidearm.nextgen.sites/nacda.com/documents/2023/6/27/Final22.23Standings.pdf,5.0,10.0,Delaware State,True,False,observed_scoring_school,23.324022346368714
delaware_state,2023-24,,,,0.0,,,,,,,,Delaware State,False,True,kept_known_d1_program,6.460674157303371
delaware_state,2024-25,Delaware State,MEAC,264.0,25.0,FCS,25.0,0.0,0.0,https://dxbhsrqyrr690.cloudfront.net/sidearm.nextgen.sites/nacda.com/documents/2025/6/23/24.25DivIStandingsFinal.pdf,5.0,9.075907590759076,Delaware State,True,False,observed_scoring_school,22.6123595505618
delaware_state,2025-26,Delaware State,MEAC,241.0,47.0,FCS,0.0,47.0,0.0,https://dxbhsrqyrr690.cloudfront.net/sidearm.nextgen.sites/nacda.com/documents/2026/6/24/25.26DI_Final.pdf,4.0,20.09966777408638,Delaware State,True,False,observed_scoring_school,32.4438202247191
denver,2017-18,Denver,Summit,47.0,529.25,DI,50.0,314.25,165.0,https://dxbhsrqyrr690.cloudfront.net/sidearm.nextgen.sites/nacda.com/documents/2018/7/18/June29overallDI.pdf,1.0,84.24657534246576,Denver,True,False,observed_scoring_school,86.7816091954023
denver,2018-19,Denver,Summit,52.0,484.0,DI,100.0,269.0,115.0,https://dxbhsrqyrr690.cloudfront.net/sidearm.nextgen.sites/nacda.com/documents/2019/6/27/June28DIOverall.pdf,1.0,82.71186440677965,Denver,True,False,observed_scoring_school,85.42857142857143
denver,2020-21,Denver,Summit,51.0,408.25,DI,50.0,151.75,206.5,https://dxbhsrqyrr690.cloudfront.net/sidearm.nextgen.sites/nacda.com/documents/2021/7/1/July2OverallDI.pdf,1.0,82.93515358361775,Denver,True,False,observed_scoring_school,85.87570621468926
denver,2021-22,Denver,Summit,59.0,417.75,DI,50.0,245.75,122.0,https://dxbhsrqyrr690.cloudfront.net/sidearm.nextgen.sites/nacda.com/documents/2022/6/30/FinalDIstandings.pdf,2.0,80.33898305084746,Denver,True,False,observed_scoring_school,83.66197183098592
denver,2022-23,Denver,Summit,63.0,373.25,DI,50.0,181.25,142.0,https://dxbhsrqyrr690.cloudfront.net/sidearm.nextgen.sites/nacda.com/documents/2023/6/27/Final22.23Standings.pdf,1.0,79.67213114754098,Denver,True,False,observed_scoring_school,82.68156424581005
denver,2023-24,Denver,Summit,46.0,527.75,DI,50.0,251.75,226.0,https://dxbhsrqyrr690.cloudfront.net/sidearm.nextgen.sites/nacda.com/documents/2024/6/26/23.24FinalDI.pdf,1.0,85.53054662379421,Denver,True,False,observed_scoring_school,87.35955056179775
denver,2024-25,Denver,Summit,62.0,404.25,DI,83.0,229.75,91.5,https://dxbhsrqyrr690.cloudfront.net/sidearm.nextgen.sites/nacda.com/documents/2025/6/23/24.25DivIStandingsFinal.pdf,1.0,79.86798679867987,Denver,True,False,observed_scoring_school,82.86516853932584
denver,2025-26,Denver,Summit,66.0,383.5,DI,50.0,230.5,103.0,https://dxbhsrqyrr690.cloudfront.net/sidearm.nextgen.sites/nacda.com/documents/2026/6/24/25.26DI_Final.pdf,2.0,78.40531561461795,Denver,True,False,observed_scoring_school,81.74157303370787
detroit,2017-18,,,,0.0,,,,,,,,Detroit,False,True,kept_known_d1_program,8.189655172413794
detroit,2018-19,Detroit,Horizon League,243.0,47.0,DI,0.0,22.0,25.0,https://dxbhsrqyrr690.cloudfront.net/sidearm.nextgen.sites/nacda.com/documents/2019/6/27/June28DIOverall.pdf,5.0,17.966101694915253,Detroit,True,False,observed_scoring_school,30.857142857142854
detroit,2020-21,,,,0.0,,,,,,,,Detroit,False,True,kept_known_d1_program,8.757062146892656
detroit,2021-22,,,,0.0,,,,,,,,Detroit,False,True,kept_known_d1_program,8.591549295774648
detroit,2022-23,,,,0.0,,,,,,,,Detroit,False,True,kept_known_d1_program,7.5418994413407825
detroit,2023-24,,,,0.0,,,,,,,,Detroit,False,True,kept_known_d1_program,6.460674157303371
detroit,2024-25,,,,0.0,,,,,,,,Detroit,False,True,kept_known_d1_program,7.584269662921349
detroit,2025-26,,,,0.0,,,,,,,,Detroit,False,True,kept_known_d1_program,7.865168539325842
drake,2017-18,Drake,Missouri Valley,152.0,100.0,FCS,0.0,25.0,75.0,https://dxbhsrqyrr690.cloudfront.net/sidearm.nextgen.sites/nacda.com/documents/2018/7/18/June29overallDI.pdf,3.0,47.26027397260274,Drake,True,False,observed_scoring_school,55.74712643678161
drake,2018-19,Drake,Missouri Valley,174.0,87.5,FCS,0.0,25.0,62.5,https://dxbhsrqyrr690.cloudfront.net/sidearm.nextgen.sites/nacda.com/documents/2019/6/27/June28DIOverall.pdf,4.0,41.186440677966104,Drake,True,False,observed_scoring_school,50.42857142857143
drake,2020-21,Drake,Missouri Valley,169.0,85.0,FCS,0.0,60.0,25.0,https://dxbhsrqyrr690.cloudfront.net/sidearm.nextgen.sites/nacda.com/documents/2021/7/1/July2OverallDI.pdf,3.0,42.491467576791806,Drake,True,False,observed_scoring_school,52.40112994350282
drake,2021-22,Drake,Missouri Valley,220.0,55.5,FCS,0.0,30.5,25.0,https://dxbhsrqyrr690.cloudfront.net/sidearm.nextgen.sites/nacda.com/documents/2022/6/30/FinalDIstandings.pdf,5.0,25.76271186440678,Drake,True,False,observed_scoring_school,38.309859154929576
drake,2022-23,Drake,Missouri Valley,109.0,167.5,FCS,0.0,94.0,73.5,https://dxbhsrqyrr690.cloudfront.net/sidearm.nextgen.sites/nacda.com/documents/2023/6/27/Final22.23Standings.pdf,2.0,64.59016393442623,Drake,True,False,observed_scoring_school,69.83240223463687
drake,2023-24,Drake,Missouri Valley,182.0,75.0,FCS,25.0,50.0,0.0,https://dxbhsrqyrr690.cloudfront.net/sidearm.nextgen.sites/nacda.com/documents/2024/6/26/23.24FinalDI.pdf,3.0,40.51446945337621,Drake,True,False,observed_scoring_school,48.03370786516854
drake,2024-25,Drake,Missouri Valley,187.0,75.0,FCS,25.0,50.0,0.0,https://dxbhsrqyrr690.cloudfront.net/sidearm.nextgen.sites/nacda.com/documents/2025/6/23/24.25DivIStandingsFinal.pdf,3.0,37.78877887788779,Drake,True,False,observed_scoring_school,47.05056179775281
drake,2025-26,Drake,Missouri Valley,265.0,25.0,FCS,25.0,0.0,0.0,https://dxbhsrqyrr690.cloudfront.net/sidearm.nextgen.sites/nacda.com/documents/2026/6/24/25.26DI_Final.pdf,5.0,7.308970099667775,Drake,True,False,observed_scoring_school,21.629213483146067
drexel,2017-18,Drexel,CAA,243.0,39.0,DI,0.0,39.0,0.0,https://dxbhsrqyrr690.cloudfront.net/sidearm.nextgen.sites/nacda.com/documents/2018/7/18/June29overallDI.pdf,5.0,17.123287671232877,Drexel,True,False,observed_scoring_school,30.45977011494253
drexel,2018-19,Drexel,CAA,291.0,15.0,DI,0.0,15.0,0.0,https://dxbhsrqyrr690.cloudfront.net/sidearm.nextgen.sites/nacda.com/documents/2019/6/27/June28DIOverall.pdf,6.0,1.1864406779661016,Drexel,True,False,observed_scoring_school,16.714285714285715
drexel,2020-21,Drexel,CAA,113.0,125.0,DI,0.0,75.0,50.0,https://dxbhsrqyrr690.cloudfront.net/sidearm.nextgen.sites/nacda.com/documents/2021/7/1/July2OverallDI.pdf,2.0,61.262798634812285,Drexel,True,False,observed_scoring_school,67.93785310734464
drexel,2021-22,Drexel,CAA,211.0,66.0,DI,0.0,41.0,25.0,https://dxbhsrqyrr690.cloudfront.net/sidearm.nextgen.sites/nacda.com/documents/2022/6/30/FinalDIstandings.pdf,4.0,28.8135593220339,Drexel,True,False,observed_scoring_school,40.845070422535215
drexel,2022-23,Drexel,CAA,208.0,56.0,DI,0.0,31.0,25.0,https://dxbhsrqyrr690.cloudfront.net/sidearm.nextgen.sites/nacda.com/documents/2023/6/27/Final22.23Standings.pdf,4.0,32.131147540983605,Drexel,True,False,observed_scoring_school,42.17877094972067
drexel,2023-24,Drexel,CAA,217.0,50.0,DI,0.0,25.0,25.0,https://dxbhsrqyrr690.cloudfront.net/sidearm.nextgen.sites/nacda.com/documents/2024/6/26/23.24FinalDI.pdf,4.0,27.974276527331188,Drexel,True,False,observed_scoring_school,37.07865168539326
drexel,2024-25,,,,0.0,,,,,,,,Drexel,False,True,kept_known_d1_program,7.584269662921349
drexel,2025-26,Drexel,CAA,218.0,57.5,DI,25.0,32.5,0.0,https://dxbhsrqyrr690.cloudfront.net/sidearm.nextgen.sites/nacda.com/documents/2026/6/24/25.26DI_Final.pdf,4.0,27.906976744186046,Drexel,True,False,observed_scoring_school,39.04494382022472
duke,2017-18,Duke,ACC,11.0,1004.25,FBS,262.0,325.0,417.25,https://dxbhsrqyrr690.cloudfront.net/sidearm.nextgen.sites/nacda.com/documents/2018/7/18/June29overallDI.pdf,1.0,96.57534246575342,Duke,True,False,observed_scoring_school,97.12643678160919
duke,2018-19,Duke,ACC,9.0,1001.0,FBS,296.0,284.0,421.0,https://dxbhsrqyrr690.cloudfront.net/sidearm.nextgen.sites/nacda.com/documents/2019/6/27/June28DIOverall.pdf,1.0,97.28813559322032,Duke,True,False,observed_scoring_school,97.71428571428571
duke,2020-21,Duke,ACC,21.0,831.5,FBS,135.0,191.5,505.0,https://dxbhsrqyrr690.cloudfront.net/sidearm.nextgen.sites/nacda.com/documents/2021/7/1/July2OverallDI.pdf,1.0,93.1740614334471,Duke,True,False,observed_scoring_school,94.35028248587571
duke,2021-22,Duke,ACC,21.0,849.5,FBS,137.0,293.5,419.0,https://dxbhsrqyrr690.cloudfront.net/sidearm.nextgen.sites/nacda.com/documents/2022/6/30/FinalDIstandings.pdf,1.0,93.22033898305084,Duke,True,False,observed_scoring_school,94.36619718309859
duke,2022-23,Duke,ACC,16.0,977.8,FBS,218.0,243.8,516.0,https://dxbhsrqyrr690.cloudfront.net/sidearm.nextgen.sites/nacda.com/documents/2023/6/27/Final22.23Standings.pdf,1.0,95.08196721311477,Duke,True,False,observed_scoring_school,95.81005586592178
duke,2023-24,Duke,ACC,17.0,928.5,FBS,178.0,255.5,495.0,https://dxbhsrqyrr690.cloudfront.net/sidearm.nextgen.sites/nacda.com/documents/2024/6/26/23.24FinalDI.pdf,1.0,94.85530546623794,Duke,True,False,observed_scoring_school,95.50561797752809
duke,2024-25,Duke,ACC,10.0,1010.0,FBS,223.0,319.5,467.5,https://dxbhsrqyrr690.cloudfront.net/sidearm.nextgen.sites/nacda.com/documents/2025/6/23/24.25DivIStandingsFinal.pdf,1.0,97.02970297029702,Duke,True,False,observed_scoring_school,97.47191011235955
duke,2025-26,Duke,ACC,11.0,1039.25,FBS,257.0,361.5,420.75,https://dxbhsrqyrr690.cloudfront.net/sidearm.nextgen.sites/nacda.com/documents/2026/6/24/25.26DI_Final.pdf,1.0,96.67774086378738,Duke,True,False,observed_scoring_school,97.19101123595506
duquesne,2017-18,,,,0.0,,,,,,,,Duquesne,False,True,kept_known_d1_program,8.189655172413794
duquesne,2018-19,Duquesne,Atlantic 10,219.0,53.0,FCS,53.0,0.0,0.0,https://dxbhsrqyrr690.cloudfront.net/sidearm.nextgen.sites/nacda.com/documents/2019/6/27/June28DIOverall.pdf,5.0,25.593220338983052,Duquesne,True,False,observed_scoring_school,37.285714285714285
duquesne,2020-21,Duquesne,Atlantic 10,241.0,42.5,FCS,0.0,42.5,0.0,https://dxbhsrqyrr690.cloudfront.net/sidearm.nextgen.sites/nacda.com/documents/2021/7/1/July2OverallDI.pdf,5.0,17.918088737201366,Duquesne,True,False,observed_scoring_school,32.06214689265537
duquesne,2021-22,,,,0.0,,,,,,,,Duquesne,False,True,kept_known_d1_program,8.591549295774648
duquesne,2022-23,Duquesne,Atlantic 10,246.0,42.5,FCS,0.0,42.5,0.0,https://dxbhsrqyrr690.cloudfront.net/sidearm.nextgen.sites/nacda.com/documents/2023/6/27/Final22.23Standings.pdf,4.0,19.50819672131147,Duquesne,True,False,observed_scoring_school,31.424581005586592
duquesne,2023-24,Duquesne,Atlantic 10,127.0,140.0,FCS,25.0,115.0,0.0,https://dxbhsrqyrr690.cloudfront.net/sidearm.nextgen.sites/nacda.com/documents/2024/6/26/23.24FinalDI.pdf,2.0,59.4855305466238,Duquesne,True,False,observed_scoring_school,64.60674157303372
duquesne,2024-25,,,,0.0,,,,,,,,Duquesne,False,True,kept_known_d1_program,7.584269662921349
duquesne,2025-26,Duquesne,Atlantic 10,244.0,45.0,FCS,0.0,45.0,0.0,https://dxbhsrqyrr690.cloudfront.net/sidearm.nextgen.sites/nacda.com/documents/2026/6/24/25.26DI_Final.pdf,4.0,18.438538205980063,Duquesne,True,False,observed_scoring_school,31.03932584269663
east_carolina,2017-18,East Carolina,American,240.0,42.5,FBS,0.0,0.0,42.5,https://dxbhsrqyrr690.cloudfront.net/sidearm.nextgen.sites/nacda.com/documents/2018/7/18/June29overallDI.pdf,5.0,18.15068493150685,East Carolina,True,False,observed_scoring_school,31.321839080459768
east_carolina,2018-19,East Carolina,American,148.0,107.0,FBS,0.0,0.0,107.0,https://dxbhsrqyrr690.cloudfront.net/sidearm.nextgen.sites/nacda.com/documents/2019/6/27/June28DIOverall.pdf,3.0,50.16949152542372,East Carolina,True,False,observed_scoring_school,57.99999999999999
east_carolina,2020-21,East Carolina,American,156.0,93.5,FBS,0.0,0.0,93.5,https://dxbhsrqyrr690.cloudfront.net/sidearm.nextgen.sites/nacda.com/documents/2021/7/1/July2OverallDI.pdf,3.0,46.92832764505119,East Carolina,True,False,observed_scoring_school,56.07344632768362
east_carolina,2021-22,East Carolina,American,195.0,77.5,FBS,5.0,0.0,72.5,https://dxbhsrqyrr690.cloudfront.net/sidearm.nextgen.sites/nacda.com/documents/2022/6/30/FinalDIstandings.pdf,4.0,34.23728813559322,East Carolina,True,False,observed_scoring_school,45.352112676056336
east_carolina,2022-23,East Carolina,American,147.0,120.0,FBS,45.0,25.0,50.0,https://dxbhsrqyrr690.cloudfront.net/sidearm.nextgen.sites/nacda.com/documents/2023/6/27/Final22.23Standings.pdf,3.0,51.47540983606558,East Carolina,True,False,observed_scoring_school,58.659217877094974
east_carolina,2023-24,East Carolina,American,217.0,50.0,FBS,0.0,0.0,50.0,https://dxbhsrqyrr690.cloudfront.net/sidearm.nextgen.sites/nacda.com/documents/2024/6/26/23.24FinalDI.pdf,4.0,27.974276527331188,East Carolina,True,False,observed_scoring_school,37.07865168539326
east_carolina,2024-25,East Carolina,American,128.0,137.0,FBS,70.0,17.0,50.0,https://dxbhsrqyrr690.cloudfront.net/sidearm.nextgen.sites/nacda.com/documents/2025/6/23/24.25DivIStandingsFinal.pdf,2.0,57.920792079207914,East Carolina,True,False,observed_scoring_school,64.18539325842697
east_carolina,2025-26,East Carolina,American,150.0,112.0,FBS,45.0,17.0,50.0,https://dxbhsrqyrr690.cloudfront.net/sidearm.nextgen.sites/nacda.com/documents/2026/6/24/25.26DI_Final.pdf,3.0,50.16611295681063,East Carolina,True,False,observed_scoring_school,57.865168539325836
east_tennessee_state,2017-18,East Tennessee State,SoCon,217.0,50.0,FCS,25.0,0.0,25.0,https://dxbhsrqyrr690.cloudfront.net/sidearm.nextgen.sites/nacda.com/documents/2018/7/18/June29overallDI.pdf,5.0,22.945205479452056,East Tennessee State,True,False,observed_scoring_school,35.3448275862069
east_tennessee_state,2018-19,East Tennessee State,SoCon,190.0,75.0,FCS,50.0,0.0,25.0,https://dxbhsrqyrr690.cloudfront.net/sidearm.nextgen.sites/nacda.com/documents/2019/6/27/June28DIOverall.pdf,4.0,34.40677966101695,East Tennessee State,True,False,observed_scoring_school,44.714285714285715
east_tennessee_state,2020-21,East Tennessee State,SoCon,179.0,76.0,FCS,0.0,0.0,76.0,https://dxbhsrqyrr690.cloudfront.net/sidearm.nextgen.sites/nacda.com/documents/2021/7/1/July2OverallDI.pdf,4.0,39.07849829351536,East Tennessee State,True,False,observed_scoring_school,49.57627118644068
east_tennessee_state,2021-22,East Tennessee State,SoCon,122.0,140.0,FCS,70.0,0.0,70.0,https://dxbhsrqyrr690.cloudfront.net/sidearm.nextgen.sites/nacda.com/documents/2022/6/30/FinalDIstandings.pdf,3.0,58.98305084745763,East Tennessee State,True,False,observed_scoring_school,65.91549295774648
east_tennessee_state,2022-23,East Tennessee State,SoCon,171.0,95.0,FCS,0.0,0.0,95.0,https://dxbhsrqyrr690.cloudfront.net/sidearm.nextgen.sites/nacda.com/documents/2023/6/27/Final22.23Standings.pdf,3.0,43.606557377049185,East Tennessee State,True,False,observed_scoring_school,51.955307262569825
east_tennessee_state,2023-24,East Tennessee State,SoCon,133.0,131.0,FCS,0.0,0.0,131.0,https://dxbhsrqyrr690.cloudfront.net/sidearm.nextgen.sites/nacda.com/documents/2024/6/26/23.24FinalDI.pdf,2.0,57.556270096463024,East Tennessee State,True,False,observed_scoring_school,62.92134831460674
east_tennessee_state,2024-25,East Tennessee State,SoCon,240.0,47.5,FCS,0.0,0.0,47.5,https://dxbhsrqyrr690.cloudfront.net/sidearm.nextgen.sites/nacda.com/documents/2025/6/23/24.25DivIStandingsFinal.pdf,4.0,20.957095709570957,East Tennessee State,True,False,observed_scoring_school,32.7247191011236
east_tennessee_state,2025-26,East Tennessee State,SoCon,265.0,25.0,FCS,0.0,0.0,25.0,https://dxbhsrqyrr690.cloudfront.net/sidearm.nextgen.sites/nacda.com/documents/2026/6/24/25.26DI_Final.pdf,5.0,7.308970099667775,East Tennessee State,True,False,observed_scoring_school,21.629213483146067
eastern_illinois,2017-18,,,,0.0,,,,,,,,Eastern Illinois,False,True,kept_known_d1_program,8.189655172413794
eastern_illinois,2018-19,,,,0.0,,,,,,,,Eastern Illinois,False,True,kept_known_d1_program,8.0
eastern_illinois,2020-21,,,,0.0,,,,,,,,Eastern Illinois,False,True,kept_known_d1_program,8.757062146892656
eastern_illinois,2021-22,,,,0.0,,,,,,,,Eastern Illinois,False,True,kept_known_d1_program,8.591549295774648
eastern_illinois,2022-23,Eastern Illinois,OVC,223.0,50.0,FCS,0.0,0.0,50.0,https://dxbhsrqyrr690.cloudfront.net/sidearm.nextgen.sites/nacda.com/documents/2023/6/27/Final22.23Standings.pdf,4.0,24.75409836065574,Eastern Illinois,True,False,observed_scoring_school,35.89385474860335
eastern_illinois,2023-24,Eastern Illinois,OVC,262.0,25.0,FCS,25.0,0.0,0.0,https://dxbhsrqyrr690.cloudfront.net/sidearm.nextgen.sites/nacda.com/documents/2024/6/26/23.24FinalDI.pdf,5.0,10.128617363344052,Eastern Illinois,True,False,observed_scoring_school,21.48876404494382
eastern_illinois,2024-25,Eastern Illinois,OVC,264.0,25.0,FCS,0.0,0.0,25.0,https://dxbhsrqyrr690.cloudfront.net/sidearm.nextgen.sites/nacda.com/documents/2025/6/23/24.25DivIStandingsFinal.pdf,5.0,9.075907590759076,Eastern Illinois,True,False,observed_scoring_school,22.6123595505618
eastern_illinois,2025-26,Eastern Illinois,OVC,225.0,50.0,FCS,25.0,0.0,25.0,https://dxbhsrqyrr690.cloudfront.net/sidearm.nextgen.sites/nacda.com/documents/2026/6/24/25.26DI_Final.pdf,4.0,23.089700996677745,Eastern Illinois,True,False,observed_scoring_school,34.97191011235955
eastern_kentucky,2017-18,Eastern Kentucky,OVC,130.0,139.0,FCS,51.0,26.0,62.0,https://dxbhsrqyrr690.cloudfront.net/sidearm.nextgen.sites/nacda.com/documents/2018/7/18/June29overallDI.pdf,3.0,55.47945205479452,Eastern Kentucky,True,False,observed_scoring_school,62.643678160919535
eastern_kentucky,2018-19,Eastern Kentucky,OVC,214.0,58.5,FCS,58.5,0.0,0.0,https://dxbhsrqyrr690.cloudfront.net/sidearm.nextgen.sites/nacda.com/documents/2019/6/27/June28DIOverall.pdf,4.0,27.79661016949153,Eastern Kentucky,True,False,observed_scoring_school,39.14285714285714
eastern_kentucky,2020-21,Eastern Kentucky,OVC,215.0,50.0,FCS,0.0,25.0,25.0,https://dxbhsrqyrr690.cloudfront.net/sidearm.nextgen.sites/nacda.com/documents/2021/7/1/July2OverallDI.pdf,4.0,24.2320819112628,Eastern Kentucky,True,False,observed_scoring_school,37.28813559322034
eastern_kentucky,2021-22,Eastern Kentucky,ASUN,251.0,41.5,FCS,0.0,0.0,41.5,https://dxbhsrqyrr690.cloudfront.net/sidearm.nextgen.sites/nacda.com/documents/2022/6/30/FinalDIstandings.pdf,5.0,15.254237288135592,Eastern Kentucky,True,False,observed_scoring_school,29.577464788732392
eastern_kentucky,2022-23,Eastern Kentucky,ASUN,248.0,42.0,FCS,25.0,0.0,17.0,https://dxbhsrqyrr690.cloudfront.net/sidearm.nextgen.sites/nacda.com/documents/2023/6/27/Final22.23Standings.pdf,4.0,18.852459016393443,Eastern Kentucky,True,False,observed_scoring_school,30.8659217877095
eastern_kentucky,2023-24,Eastern Kentucky,ASUN,193.0,67.5,FCS,43.0,0.0,24.5,https://dxbhsrqyrr690.cloudfront.net/sidearm.nextgen.sites/nacda.com/documents/2024/6/26/23.24FinalDI.pdf,3.0,38.263665594855304,Eastern Kentucky,True,False,observed_scoring_school,46.06741573033708
eastern_kentucky,2024-25,Eastern Kentucky,ASUN,197.0,70.0,FCS,70.0,0.0,0.0,https://dxbhsrqyrr690.cloudfront.net/sidearm.nextgen.sites/nacda.com/documents/2025/6/23/24.25DivIStandingsFinal.pdf,4.0,34.48844884488449,Eastern Kentucky,True,False,observed_scoring_school,44.241573033707866
eastern_kentucky,2025-26,Eastern Kentucky,ASUN,118.0,142.5,FCS,69.0,29.0,44.5,https://dxbhsrqyrr690.cloudfront.net/sidearm.nextgen.sites/nacda.com/documents/2026/6/24/25.26DI_Final.pdf,2.0,61.12956810631229,Eastern Kentucky,True,False,observed_scoring_school,67.13483146067416
eastern_michigan,2017-18,Eastern Michigan,MAC,102.0,178.0,FBS,80.5,97.5,0.0,https://dxbhsrqyrr690.cloudfront.net/sidearm.nextgen.sites/nacda.com/documents/2018/7/18/June29overallDI.pdf,2.0,65.41095890410958,Eastern Michigan,True,False,observed_scoring_school,70.97701149425288
eastern_michigan,2018-19,Eastern Michigan,MAC,167.0,92.0,FBS,50.0,42.0,0.0,https://dxbhsrqyrr690.cloudfront.net/sidearm.nextgen.sites/nacda.com/documents/2019/6/27/June28DIOverall.pdf,4.0,43.559322033898304,Eastern Michigan,True,False,observed_scoring_school,52.42857142857142
eastern_michigan,2020-21,Eastern Michigan,MAC,209.0,58.5,FBS,0.0,58.5,0.0,https://dxbhsrqyrr690.cloudfront.net/sidearm.nextgen.sites/nacda.com/documents/2021/7/1/July2OverallDI.pdf,4.0,29.01023890784983,Eastern Michigan,True,False,observed_scoring_school,41.24293785310734
eastern_michigan,2021-22,Eastern Michigan,MAC,247.0,47.5,FBS,25.0,22.5,0.0,https://dxbhsrqyrr690.cloudfront.net/sidearm.nextgen.sites/nacda.com/documents/2022/6/30/FinalDIstandings.pdf,5.0,16.610169491525422,Eastern Michigan,True,False,observed_scoring_school,30.704225352112672
eastern_michigan,2022-23,Eastern Michigan,MAC,201.0,69.0,FBS,45.0,24.0,0.0,https://dxbhsrqyrr690.cloudfront.net/sidearm.nextgen.sites/nacda.com/documents/2023/6/27/Final22.23Standings.pdf,4.0,34.42622950819672,Eastern Michigan,True,False,observed_scoring_school,44.134078212290504
eastern_michigan,2023-24,Eastern Michigan,MAC,262.0,25.0,FBS,25.0,0.0,0.0,https://dxbhsrqyrr690.cloudfront.net/sidearm.nextgen.sites/nacda.com/documents/2024/6/26/23.24FinalDI.pdf,5.0,10.128617363344052,Eastern Michigan,True,False,observed_scoring_school,21.48876404494382
eastern_michigan,2024-25,,,,0.0,,,,,,,,Eastern Michigan,False,True,kept_known_d1_program,7.584269662921349
eastern_michigan,2025-26,Eastern Michigan,MAC,180.0,82.5,FBS,0.0,0.0,82.5,https://dxbhsrqyrr690.cloudfront.net/sidearm.nextgen.sites/nacda.com/documents/2026/6/24/25.26DI_Final.pdf,3.0,40.53156146179402,Eastern Michigan,True,False,observed_scoring_school,49.71910112359551
eastern_washington,2017-18,Eastern Washington,Big Sky,258.0,25.0,FCS,25.0,0.0,0.0,https://dxbhsrqyrr690.cloudfront.net/sidearm.nextgen.sites/nacda.com/documents/2018/7/18/June29overallDI.pdf,6.0,7.363013698630137,Eastern Washington,True,False,observed_scoring_school,22.270114942528735
eastern_washington,2018-19,Eastern Washington,Big Sky,171.0,90.0,FCS,90.0,0.0,0.0,https://dxbhsrqyrr690.cloudfront.net/sidearm.nextgen.sites/nacda.com/documents/2019/6/27/June28DIOverall.pdf,4.0,42.03389830508474,Eastern Washington,True,False,observed_scoring_school,51.142857142857146
eastern_washington,2020-21,Eastern Washington,Big Sky,215.0,50.0,FCS,25.0,25.0,0.0,https://dxbhsrqyrr690.cloudfront.net/sidearm.nextgen.sites/nacda.com/documents/2021/7/1/July2OverallDI.pdf,4.0,24.2320819112628,Eastern Washington,True,False,observed_scoring_school,37.28813559322034
eastern_washington,2021-22,Eastern Washington,Big Sky,225.0,53.0,FCS,53.0,0.0,0.0,https://dxbhsrqyrr690.cloudfront.net/sidearm.nextgen.sites/nacda.com/documents/2022/6/30/FinalDIstandings.pdf,5.0,23.728813559322035,Eastern Washington,True,False,observed_scoring_school,36.61971830985916
eastern_washington,2022-23,,,,0.0,,,,,,,,Eastern Washington,False,True,kept_known_d1_program,7.5418994413407825
eastern_washington,2023-24,Eastern Washington,Big Sky,262.0,25.0,FCS,0.0,25.0,0.0,https://dxbhsrqyrr690.cloudfront.net/sidearm.nextgen.sites/nacda.com/documents/2024/6/26/23.24FinalDI.pdf,4.0,10.128617363344052,Eastern Washington,True,False,observed_scoring_school,21.48876404494382
eastern_washington,2024-25,,,,0.0,,,,,,,,Eastern Washington,False,True,kept_known_d1_program,7.584269662921349
eastern_washington,2025-26,,,,0.0,,,,,,,,Eastern Washington,False,True,kept_known_d1_program,7.865168539325842
elon,2017-18,Elon,CAA,217.0,50.0,FCS,25.0,25.0,0.0,https://dxbhsrqyrr690.cloudfront.net/sidearm.nextgen.sites/nacda.com/documents/2018/7/18/June29overallDI.pdf,5.0,22.945205479452056,Elon,True,False,observed_scoring_school,35.3448275862069
elon,2018-19,Elon,CAA,223.0,50.0,FCS,25.0,0.0,25.0,https://dxbhsrqyrr690.cloudfront.net/sidearm.nextgen.sites/nacda.com/documents/2019/6/27/June28DIOverall.pdf,5.0,21.864406779661017,Elon,True,False,observed_scoring_school,34.14285714285714
elon,2020-21,Elon,CAA,255.0,25.0,FCS,25.0,0.0,0.0,https://dxbhsrqyrr690.cloudfront.net/sidearm.nextgen.sites/nacda.com/documents/2021/7/1/July2OverallDI.pdf,5.0,8.70307167235495,Elon,True,False,observed_scoring_school,24.43502824858757
elon,2021-22,,,,0.0,,,,,,,,Elon,False,True,kept_known_d1_program,8.591549295774648
elon,2022-23,Elon,CAA,223.0,50.0,FCS,50.0,0.0,0.0,https://dxbhsrqyrr690.cloudfront.net/sidearm.nextgen.sites/nacda.com/documents/2023/6/27/Final22.23Standings.pdf,4.0,24.75409836065574,Elon,True,False,observed_scoring_school,35.89385474860335
elon,2023-24,,,,0.0,,,,,,,,Elon,False,True,kept_known_d1_program,6.460674157303371
elon,2024-25,Elon,CAA,216.0,55.0,FCS,0.0,0.0,55.0,https://dxbhsrqyrr690.cloudfront.net/sidearm.nextgen.sites/nacda.com/documents/2025/6/23/24.25DivIStandingsFinal.pdf,4.0,28.54785478547855,Elon,True,False,observed_scoring_school,39.18539325842696
elon,2025-26,Elon,CAA,160.0,100.0,FCS,50.0,0.0,50.0,https://dxbhsrqyrr690.cloudfront.net/sidearm.nextgen.sites/nacda.com/documents/2026/6/24/25.26DI_Final.pdf,3.0,46.84385382059801,Elon,True,False,observed_scoring_school,55.0561797752809
evansville,2017-18,,,,0.0,,,,,,,,Evansville,False,True,kept_known_d1_program,8.189655172413794
evansville,2018-19,,,,0.0,,,,,,,,Evansville,False,True,kept_known_d1_program,8.0
evansville,2020-21,Evansville,Missouri Valley,286.0,15.0,DI,0.0,0.0,15.0,https://dxbhsrqyrr690.cloudfront.net/sidearm.nextgen.sites/nacda.com/documents/2021/7/1/July2OverallDI.pdf,5.0,2.7303754266211606,Evansville,True,False,observed_scoring_school,19.491525423728813
evansville,2021-22,,,,0.0,,,,,,,,Evansville,False,True,kept_known_d1_program,8.591549295774648
evansville,2022-23,,,,0.0,,,,,,,,Evansville,False,True,kept_known_d1_program,7.5418994413407825
evansville,2023-24,Evansville,Missouri Valley,199.0,64.0,DI,0.0,0.0,64.0,https://dxbhsrqyrr690.cloudfront.net/sidearm.nextgen.sites/nacda.com/documents/2024/6/26/23.24FinalDI.pdf,4.0,36.01286173633441,Evansville,True,False,observed_scoring_school,44.10112359550562
evansville,2024-25,Evansville,Missouri Valley,264.0,25.0,DI,25.0,0.0,0.0,https://dxbhsrqyrr690.cloudfront.net/sidearm.nextgen.sites/nacda.com/documents/2025/6/23/24.25DivIStandingsFinal.pdf,5.0,9.075907590759076,Evansville,True,False,observed_scoring_school,22.6123595505618
evansville,2025-26,,,,0.0,,,,,,,,Evansville,False,True,kept_known_d1_program,7.865168539325842
florida_atlantic,2017-18,Florida Atlantic,Conference USA,165.0,95.0,FBS,45.0,0.0,50.0,https://dxbhsrqyrr690.cloudfront.net/sidearm.nextgen.sites/nacda.com/documents/2018/7/18/June29overallDI.pdf,4.0,43.321917808219176,Florida Atlantic,True,False,observed_scoring_school,52.44252873563219
florida_atlantic,2018-19,Florida Atlantic,Conference USA,252.0,37.5,FBS,0.0,0.0,37.5,https://dxbhsrqyrr690.cloudfront.net/sidearm.nextgen.sites/nacda.com/documents/2019/6/27/June28DIOverall.pdf,5.0,14.745762711864408,Florida Atlantic,True,False,observed_scoring_school,28.142857142857142
florida_atlantic,2020-21,FAU,Conference USA,255.0,25.0,FBS,25.0,0.0,0.0,https://dxbhsrqyrr690.cloudfront.net/sidearm.nextgen.sites/nacda.com/documents/2021/7/1/July2OverallDI.pdf,5.0,8.70307167235495,Florida Atlantic,True,False,observed_scoring_school,24.43502824858757
florida_atlantic,2021-22,FAU,Conference USA,216.0,60.0,FBS,0.0,0.0,60.0,https://dxbhsrqyrr690.cloudfront.net/sidearm.nextgen.sites/nacda.com/documents/2022/6/30/FinalDIstandings.pdf,4.0,26.94915254237288,Florida Atlantic,True,False,observed_scoring_school,39.29577464788732
florida_atlantic,2022-23,FAU,Conference USA,127.0,136.0,FBS,0.0,83.0,53.0,https://dxbhsrqyrr690.cloudfront.net/sidearm.nextgen.sites/nacda.com/documents/2023/6/27/Final22.23Standings.pdf,2.0,58.68852459016394,Florida Atlantic,True,False,observed_scoring_school,64.80446927374301
florida_atlantic,2023-24,FAU,American,217.0,50.0,FBS,0.0,25.0,25.0,https://dxbhsrqyrr690.cloudfront.net/sidearm.nextgen.sites/nacda.com/documents/2024/6/26/23.24FinalDI.pdf,4.0,27.974276527331188,Florida Atlantic,True,False,observed_scoring_school,37.07865168539326
florida_atlantic,2024-25,FAU,American,147.0,112.5,FBS,0.0,0.0,112.5,https://dxbhsrqyrr690.cloudfront.net/sidearm.nextgen.sites/nacda.com/documents/2025/6/23/24.25DivIStandingsFinal.pdf,3.0,51.81518151815182,Florida Atlantic,True,False,observed_scoring_school,58.98876404494382
florida_atlantic,2025-26,FAU,American,265.0,25.0,FBS,25.0,0.0,0.0,https://dxbhsrqyrr690.cloudfront.net/sidearm.nextgen.sites/nacda.com/documents/2026/6/24/25.26DI_Final.pdf,5.0,7.308970099667775,Florida Atlantic,True,False,observed_scoring_school,21.629213483146067
florida_international,2017-18,Florida International,Conference USA,117.0,157.0,FBS,75.0,32.0,50.0,https://dxbhsrqyrr690.cloudfront.net/sidearm.nextgen.sites/nacda.com/documents/2018/7/18/June29overallDI.pdf,3.0,60.1027397260274,Florida International,True,False,observed_scoring_school,66.52298850574712
florida_international,2018-19,Florida International,Conference USA,184.0,77.0,FBS,45.0,32.0,0.0,https://dxbhsrqyrr690.cloudfront.net/sidearm.nextgen.sites/nacda.com/documents/2019/6/27/June28DIOverall.pdf,4.0,37.45762711864407,Florida International,True,False,observed_scoring_school,47.285714285714285
florida_international,2020-21,FIU,Conference USA,255.0,25.0,FBS,0.0,0.0,25.0,https://dxbhsrqyrr690.cloudfront.net/sidearm.nextgen.sites/nacda.com/documents/2021/7/1/July2OverallDI.pdf,5.0,8.70307167235495,Florida International,True,False,observed_scoring_school,24.43502824858757
florida_international,2021-22,FIU,Conference USA,121.0,140.5,FBS,50.0,34.0,56.5,https://dxbhsrqyrr690.cloudfront.net/sidearm.nextgen.sites/nacda.com/documents/2022/6/30/FinalDIstandings.pdf,3.0,59.32203389830508,Florida International,True,False,observed_scoring_school,66.19718309859155
florida_international,2022-23,FIU,Conference USA,103.0,172.0,FBS,64.0,30.0,78.0,https://dxbhsrqyrr690.cloudfront.net/sidearm.nextgen.sites/nacda.com/documents/2023/6/27/Final22.23Standings.pdf,2.0,66.39344262295081,Florida International,True,False,observed_scoring_school,71.36871508379889
florida_international,2023-24,FIU,Conference USA,182.0,75.0,FBS,50.0,0.0,25.0,https://dxbhsrqyrr690.cloudfront.net/sidearm.nextgen.sites/nacda.com/documents/2024/6/26/23.24FinalDI.pdf,3.0,40.51446945337621,Florida International,True,False,observed_scoring_school,48.03370786516854
florida_international,2024-25,FIU,Conference USA,214.0,58.5,FBS,25.0,0.0,33.5,https://dxbhsrqyrr690.cloudfront.net/sidearm.nextgen.sites/nacda.com/documents/2025/6/23/24.25DivIStandingsFinal.pdf,4.0,29.7029702970297,Florida International,True,False,observed_scoring_school,40.168539325842694
florida_international,2025-26,FIU,Conference USA,254.0,30.0,FBS,25.0,0.0,5.0,https://dxbhsrqyrr690.cloudfront.net/sidearm.nextgen.sites/nacda.com/documents/2026/6/24/25.26DI_Final.pdf,4.0,14.78405315614618,Florida International,True,False,observed_scoring_school,27.94943820224719
fairfield,2017-18,Fairfield,MAAC,152.0,100.0,DI,75.0,0.0,25.0,https://dxbhsrqyrr690.cloudfront.net/sidearm.nextgen.sites/nacda.com/documents/2018/7/18/June29overallDI.pdf,3.0,47.26027397260274,Fairfield,True,False,observed_scoring_school,55.74712643678161
fairfield,2018-19,Fairfield,MAAC,223.0,50.0,DI,0.0,0.0,50.0,https://dxbhsrqyrr690.cloudfront.net/sidearm.nextgen.sites/nacda.com/documents/2019/6/27/June28DIOverall.pdf,5.0,21.864406779661017,Fairfield,True,False,observed_scoring_school,34.14285714285714
fairfield,2020-21,Fairfield,MAAC,182.0,75.0,DI,0.0,0.0,75.0,https://dxbhsrqyrr690.cloudfront.net/sidearm.nextgen.sites/nacda.com/documents/2021/7/1/July2OverallDI.pdf,4.0,36.3481228668942,Fairfield,True,False,observed_scoring_school,47.31638418079096
fairfield,2021-22,Fairfield,MAAC,163.0,100.0,DI,50.0,25.0,25.0,https://dxbhsrqyrr690.cloudfront.net/sidearm.nextgen.sites/nacda.com/documents/2022/6/30/FinalDIstandings.pdf,4.0,44.74576271186441,Fairfield,True,False,observed_scoring_school,54.08450704225351
fairfield,2022-23,Fairfield,MAAC,261.0,25.0,DI,0.0,0.0,25.0,https://dxbhsrqyrr690.cloudfront.net/sidearm.nextgen.sites/nacda.com/documents/2023/6/27/Final22.23Standings.pdf,5.0,10.0,Fairfield,True,False,observed_scoring_school,23.324022346368714
fairfield,2023-24,Fairfield,MAAC,156.0,100.0,DI,25.0,25.0,50.0,https://dxbhsrqyrr690.cloudfront.net/sidearm.nextgen.sites/nacda.com/documents/2024/6/26/23.24FinalDI.pdf,3.0,50.0,Fairfield,True,False,observed_scoring_school,56.32022471910112
fairfield,2024-25,Fairfield,MAAC,102.0,185.0,DI,75.0,25.0,85.0,https://dxbhsrqyrr690.cloudfront.net/sidearm.nextgen.sites/nacda.com/documents/2025/6/23/24.25DivIStandingsFinal.pdf,2.0,66.66666666666666,Fairfield,True,False,observed_scoring_school,71.62921348314607
fairfield,2025-26,Fairfield,MAAC,140.0,120.0,DI,70.0,25.0,25.0,https://dxbhsrqyrr690.cloudfront.net/sidearm.nextgen.sites/nacda.com/documents/2026/6/24/25.26DI_Final.pdf,3.0,53.32225913621262,Fairfield,True,False,observed_scoring_school,60.53370786516854
fairleigh_dickinson,2017-18,Fairleigh Dickinson,Northeast,244.0,35.0,DI,0.0,30.0,5.0,https://dxbhsrqyrr690.cloudfront.net/sidearm.nextgen.sites/nacda.com/documents/2018/7/18/June29overallDI.pdf,5.0,16.78082191780822,Fairleigh Dickinson,True,False,observed_scoring_school,30.17241379310345
fairleigh_dickinson,2018-19,Fairleigh Dickinson,Northeast,209.0,62.0,DI,0.0,57.0,5.0,https://dxbhsrqyrr690.cloudfront.net/sidearm.nextgen.sites/nacda.com/documents/2019/6/27/June28DIOverall.pdf,4.0,29.491525423728817,Fairleigh Dickinson,True,False,observed_scoring_school,40.57142857142857
fairleigh_dickinson,2020-21,Fairleigh Dickinson,Northeast,172.0,82.5,DI,0.0,42.5,40.0,https://dxbhsrqyrr690.cloudfront.net/sidearm.nextgen.sites/nacda.com/documents/2021/7/1/July2OverallDI.pdf,3.0,41.63822525597269,Fairleigh Dickinson,True,False,observed_scoring_school,51.69491525423729
fairleigh_dickinson,2021-22,Fairleigh Dickinson,Northeast,139.0,124.0,DI,0.0,99.0,25.0,https://dxbhsrqyrr690.cloudfront.net/sidearm.nextgen.sites/nacda.com/documents/2022/6/30/FinalDIstandings.pdf,3.0,53.050847457627114,Fairleigh Dickinson,True,False,observed_scoring_school,60.985915492957744
fairleigh_dickinson,2022-23,Fairleigh Dickinson,Northeast,94.0,192.5,DI,75.0,94.0,23.5,https://dxbhsrqyrr690.cloudfront.net/sidearm.nextgen.sites/nacda.com/documents/2023/6/27/Final22.23Standings.pdf,2.0,69.50819672131148,Fairleigh Dickinson,True,False,observed_scoring_school,74.02234636871509
fairleigh_dickinson,2023-24,Fairleigh Dickinson,Northeast,182.0,75.0,DI,0.0,35.0,40.0,https://dxbhsrqyrr690.cloudfront.net/sidearm.nextgen.sites/nacda.com/documents/2024/6/26/23.24FinalDI.pdf,3.0,40.51446945337621,Fairleigh Dickinson,True,False,observed_scoring_school,48.03370786516854
fairleigh_dickinson,2024-25,Fairleigh Dickinson,Northeast,118.0,149.0,DI,0.0,119.0,30.0,https://dxbhsrqyrr690.cloudfront.net/sidearm.nextgen.sites/nacda.com/documents/2025/6/23/24.25DivIStandingsFinal.pdf,2.0,61.386138613861384,Fairleigh Dickinson,True,False,observed_scoring_school,67.13483146067416
fairleigh_dickinson,2025-26,Fairleigh Dickinson,NEC,213.0,61.0,DI,25.0,25.0,11.0,https://dxbhsrqyrr690.cloudfront.net/sidearm.nextgen.sites/nacda.com/documents/2026/6/24/25.26DI_Final.pdf,4.0,29.56810631229236,Fairleigh Dickinson,True,False,observed_scoring_school,40.44943820224719
florida,2017-18,Florida,SEC,3.0,1216.0,FBS,163.0,425.0,628.0,https://dxbhsrqyrr690.cloudfront.net/sidearm.nextgen.sites/nacda.com/documents/2018/7/18/June29overallDI.pdf,1.0,99.31506849315068,Florida,True,False,observed_scoring_school,99.42528735632183
florida,2018-19,Florida,SEC,3.0,1156.75,FBS,196.0,413.75,547.0,https://dxbhsrqyrr690.cloudfront.net/sidearm.nextgen.sites/nacda.com/documents/2019/6/27/June28DIOverall.pdf,1.0,99.32203389830508,Florida,True,False,observed_scoring_school,99.42857142857143
florida,2020-21,Florida,SEC,5.0,1121.75,FBS,137.5,425.5,558.75,https://dxbhsrqyrr690.cloudfront.net/sidearm.nextgen.sites/nacda.com/documents/2021/7/1/July2OverallDI.pdf,1.0,98.63481228668942,Florida,True,False,observed_scoring_school,98.87005649717514
florida,2021-22,Florida,SEC,5.0,1180.75,FBS,116.0,417.0,647.75,https://dxbhsrqyrr690.cloudfront.net/sidearm.nextgen.sites/nacda.com/documents/2022/6/30/FinalDIstandings.pdf,1.0,98.64406779661016,Florida,True,False,observed_scoring_school,98.87323943661971
florida,2022-23,Florida,SEC,5.0,1091.5,FBS,89.0,402.5,600.0,https://dxbhsrqyrr690.cloudfront.net/sidearm.nextgen.sites/nacda.com/documents/2023/6/27/Final22.23Standings.pdf,1.0,98.68852459016394,Florida,True,False,observed_scoring_school,98.88268156424581
florida,2023-24,Florida,SEC,4.0,1189.0,FBS,125.0,450.0,614.0,https://dxbhsrqyrr690.cloudfront.net/sidearm.nextgen.sites/nacda.com/documents/2024/6/26/23.24FinalDI.pdf,1.0,99.03536977491962,Florida,True,False,observed_scoring_school,99.15730337078652
florida,2024-25,Florida,SEC,7.0,1072.0,FBS,173.5,387.25,511.25,https://dxbhsrqyrr690.cloudfront.net/sidearm.nextgen.sites/nacda.com/documents/2025/6/23/24.25DivIStandingsFinal.pdf,1.0,98.01980198019804,Florida,True,False,observed_scoring_school,98.31460674157303
florida,2025-26,Florida,SEC,6.0,1104.5,FBS,125.0,451.75,527.75,https://dxbhsrqyrr690.cloudfront.net/sidearm.nextgen.sites/nacda.com/documents/2026/6/24/25.26DI_Final.pdf,1.0,98.33887043189368,Florida,True,False,observed_scoring_school,98.59550561797754
florida_a_m,2017-18,,,,0.0,,,,,,,,Florida A&M,False,True,kept_known_d1_program,8.189655172413794
florida_a_m,2018-19,Florida A&M,MEAC,266.0,25.0,FCS,0.0,0.0,25.0,https://dxbhsrqyrr690.cloudfront.net/sidearm.nextgen.sites/nacda.com/documents/2019/6/27/June28DIOverall.pdf,5.0,6.779661016949152,Florida A&M,True,False,observed_scoring_school,21.428571428571427
florida_a_m,2020-21,Florida A&M,MEAC,293.0,5.0,FCS,0.0,0.0,5.0,https://dxbhsrqyrr690.cloudfront.net/sidearm.nextgen.sites/nacda.com/documents/2021/7/1/July2OverallDI.pdf,6.0,0.3412969283276451,Florida A&M,True,False,observed_scoring_school,17.51412429378531
florida_a_m,2021-22,Florida A&M,SWAC,229.0,50.0,FCS,50.0,0.0,0.0,https://dxbhsrqyrr690.cloudfront.net/sidearm.nextgen.sites/nacda.com/documents/2022/6/30/FinalDIstandings.pdf,5.0,20.0,Florida A&M,True,False,observed_scoring_school,33.52112676056338
florida_a_m,2022-23,Florida A&M,SWAC,191.0,75.0,FCS,25.0,0.0,50.0,https://dxbhsrqyrr690.cloudfront.net/sidearm.nextgen.sites/nacda.com/documents/2023/6/27/Final22.23Standings.pdf,3.0,37.049180327868854,Florida A&M,True,False,observed_scoring_school,46.36871508379888
florida_a_m,2023-24,Florida A&M,SWAC,237.0,45.0,FBS,45.0,0.0,0.0,https://dxbhsrqyrr690.cloudfront.net/sidearm.nextgen.sites/nacda.com/documents/2024/6/26/23.24FinalDI.pdf,4.0,23.311897106109324,Florida A&M,True,False,observed_scoring_school,33.00561797752809
florida_a_m,2024-25,Florida A&M,SWAC,216.0,55.0,FBS,25.0,0.0,30.0,https://dxbhsrqyrr690.cloudfront.net/sidearm.nextgen.sites/nacda.com/documents/2025/6/23/24.25DivIStandingsFinal.pdf,4.0,28.54785478547855,Florida A&M,True,False,observed_scoring_school,39.18539325842696
florida_a_m,2025-26,Florida A&M,SWAC,225.0,50.0,FBS,25.0,0.0,25.0,https://dxbhsrqyrr690.cloudfront.net/sidearm.nextgen.sites/nacda.com/documents/2026/6/24/25.26DI_Final.pdf,4.0,23.089700996677745,Florida A&M,True,False,observed_scoring_school,34.97191011235955
florida_gulf_coast,2017-18,Florida Gulf Coast,Atlantic Sun,189.0,75.0,DI,25.0,50.0,0.0,https://dxbhsrqyrr690.cloudfront.net/sidearm.nextgen.sites/nacda.com/documents/2018/7/18/June29overallDI.pdf,4.0,34.417808219178085,Florida Gulf Coast,True,False,observed_scoring_school,44.9712643678161
florida_gulf_coast,2018-19,Florida Gulf Coast,ASUN,155.0,100.0,DI,50.0,25.0,25.0,https://dxbhsrqyrr690.cloudfront.net/sidearm.nextgen.sites/nacda.com/documents/2019/6/27/June28DIOverall.pdf,3.0,47.28813559322034,Florida Gulf Coast,True,False,observed_scoring_school,55.57142857142857
florida_gulf_coast,2020-21,Florida Gulf Coast,ASUN,159.0,91.0,DI,0.0,66.0,25.0,https://dxbhsrqyrr690.cloudfront.net/sidearm.nextgen.sites/nacda.com/documents/2021/7/1/July2OverallDI.pdf,3.0,45.90443686006826,Florida Gulf Coast,True,False,observed_scoring_school,55.225988700564976
florida_gulf_coast,2021-22,Florida Gulf Coast,ASUN,157.0,105.0,DI,50.0,50.0,5.0,https://dxbhsrqyrr690.cloudfront.net/sidearm.nextgen.sites/nacda.com/documents/2022/6/30/FinalDIstandings.pdf,3.0,46.94915254237288,Florida Gulf Coast,True,False,observed_scoring_school,55.91549295774648
florida_gulf_coast,2022-23,Florida Gulf Coast,ASUN,142.0,125.0,DI,50.0,50.0,25.0,https://dxbhsrqyrr690.cloudfront.net/sidearm.nextgen.sites/nacda.com/documents/2023/6/27/Final22.23Standings.pdf,3.0,53.77049180327869,Florida Gulf Coast,True,False,observed_scoring_school,60.614525139664806
florida_gulf_coast,2023-24,Florida Gulf Coast,ASUN,146.0,112.5,DI,50.0,25.0,37.5,https://dxbhsrqyrr690.cloudfront.net/sidearm.nextgen.sites/nacda.com/documents/2024/6/26/23.24FinalDI.pdf,3.0,53.21543408360129,Florida Gulf Coast,True,False,observed_scoring_school,59.12921348314607
florida_gulf_coast,2024-25,Florida Gulf Coast,ASUN,179.0,80.5,DI,25.0,25.0,30.5,https://dxbhsrqyrr690.cloudfront.net/sidearm.nextgen.sites/nacda.com/documents/2025/6/23/24.25DivIStandingsFinal.pdf,3.0,41.254125412541256,Florida Gulf Coast,True,False,observed_scoring_school,50.0
florida_gulf_coast,2025-26,Florida Gulf Coast,ASUN,299.0,5.0,DI,0.0,0.0,5.0,https://dxbhsrqyrr690.cloudfront.net/sidearm.nextgen.sites/nacda.com/documents/2026/6/24/25.26DI_Final.pdf,5.0,0.6644518272425249,Florida Gulf Coast,True,False,observed_scoring_school,16.01123595505618
florida_state,2017-18,Florida State,ACC,9.0,1038.75,FBS,195.5,275.0,568.25,https://dxbhsrqyrr690.cloudfront.net/sidearm.nextgen.sites/nacda.com/documents/2018/7/18/June29overallDI.pdf,1.0,97.26027397260276,Florida State,True,False,observed_scoring_school,97.70114942528735
florida_state,2018-19,Florida State,ACC,7.0,1046.25,FBS,216.0,320.75,509.5,https://dxbhsrqyrr690.cloudfront.net/sidearm.nextgen.sites/nacda.com/documents/2019/6/27/June28DIOverall.pdf,1.0,97.96610169491524,Florida State,True,False,observed_scoring_school,98.28571428571429
florida_state,2020-21,Florida State,ACC,16.0,893.0,FBS,135.0,247.5,510.5,https://dxbhsrqyrr690.cloudfront.net/sidearm.nextgen.sites/nacda.com/documents/2021/7/1/July2OverallDI.pdf,1.0,94.88054607508532,Florida State,True,False,observed_scoring_school,95.76271186440678
florida_state,2021-22,Florida State,ACC,14.0,910.0,FBS,259.0,107.25,543.75,https://dxbhsrqyrr690.cloudfront.net/sidearm.nextgen.sites/nacda.com/documents/2022/6/30/FinalDIstandings.pdf,1.0,95.59322033898306,Florida State,True,False,observed_scoring_school,96.3380281690141
florida_state,2022-23,Florida State,ACC,17.0,909.25,FBS,258.5,128.5,522.25,https://dxbhsrqyrr690.cloudfront.net/sidearm.nextgen.sites/nacda.com/documents/2023/6/27/Final22.23Standings.pdf,1.0,94.75409836065572,Florida State,True,False,observed_scoring_school,95.53072625698324
florida_state,2023-24,Florida State,ACC,12.0,998.88,FBS,245.5,198.88,554.5,https://dxbhsrqyrr690.cloudfront.net/sidearm.nextgen.sites/nacda.com/documents/2024/6/26/23.24FinalDI.pdf,1.0,96.4630225080386,Florida State,True,False,observed_scoring_school,96.91011235955057
florida_state,2024-25,Florida State,ACC,28.0,776.0,FBS,152.0,162.5,461.5,https://dxbhsrqyrr690.cloudfront.net/sidearm.nextgen.sites/nacda.com/documents/2025/6/23/24.25DivIStandingsFinal.pdf,1.0,91.0891089108911,Florida State,True,False,observed_scoring_school,92.41573033707866
florida_state,2025-26,Florida State,ACC,41.0,604.0,FBS,100.0,141.5,362.5,https://dxbhsrqyrr690.cloudfront.net/sidearm.nextgen.sites/nacda.com/documents/2026/6/24/25.26DI_Final.pdf,1.0,86.71096345514951,Florida State,True,False,observed_scoring_school,88.76404494382022
fordham,2017-18,Fordham,Atlantic 10,160.0,98.0,FCS,73.0,0.0,25.0,https://dxbhsrqyrr690.cloudfront.net/sidearm.nextgen.sites/nacda.com/documents/2018/7/18/June29overallDI.pdf,4.0,45.54794520547945,Fordham,True,False,observed_scoring_school,54.310344827586206
fordham,2018-19,Fordham,Atlantic 10,190.0,75.0,FCS,0.0,25.0,50.0,https://dxbhsrqyrr690.cloudfront.net/sidearm.nextgen.sites/nacda.com/documents/2019/6/27/June28DIOverall.pdf,4.0,34.40677966101695,Fordham,True,False,observed_scoring_school,44.714285714285715
fordham,2020-21,Fordham,Atlantic 10,215.0,50.0,FCS,50.0,0.0,0.0,https://dxbhsrqyrr690.cloudfront.net/sidearm.nextgen.sites/nacda.com/documents/2021/7/1/July2OverallDI.pdf,4.0,24.2320819112628,Fordham,True,False,observed_scoring_school,37.28813559322034
fordham,2021-22,Fordham,Atlantic 10,229.0,50.0,FCS,25.0,0.0,25.0,https://dxbhsrqyrr690.cloudfront.net/sidearm.nextgen.sites/nacda.com/documents/2022/6/30/FinalDIstandings.pdf,5.0,20.0,Fordham,True,False,observed_scoring_school,33.52112676056338
fordham,2022-23,Fordham,Atlantic 10,191.0,75.0,FCS,50.0,0.0,25.0,https://dxbhsrqyrr690.cloudfront.net/sidearm.nextgen.sites/nacda.com/documents/2023/6/27/Final22.23Standings.pdf,3.0,37.049180327868854,Fordham,True,False,observed_scoring_school,46.36871508379888
fordham,2023-24,Fordham,Atlantic 10,262.0,25.0,FCS,25.0,0.0,0.0,https://dxbhsrqyrr690.cloudfront.net/sidearm.nextgen.sites/nacda.com/documents/2024/6/26/23.24FinalDI.pdf,4.0,10.128617363344052,Fordham,True,False,observed_scoring_school,21.48876404494382
fordham,2024-25,Fordham,Atlantic 10,180.0,80.0,FCS,80.0,0.0,0.0,https://dxbhsrqyrr690.cloudfront.net/sidearm.nextgen.sites/nacda.com/documents/2025/6/23/24.25DivIStandingsFinal.pdf,3.0,40.26402640264026,Fordham,True,False,observed_scoring_school,49.157303370786515
fordham,2025-26,Fordham,Atlantic 10,183.0,80.0,FCS,55.0,0.0,25.0,https://dxbhsrqyrr690.cloudfront.net/sidearm.nextgen.sites/nacda.com/documents/2026/6/24/25.26DI_Final.pdf,3.0,39.3687707641196,Fordham,True,False,observed_scoring_school,48.735955056179776
fresno_state,2017-18,Fresno State,Mountain West,186.0,81.0,FBS,45.0,11.0,25.0,https://dxbhsrqyrr690.cloudfront.net/sidearm.nextgen.sites/nacda.com/documents/2018/7/18/June29overallDI.pdf,4.0,36.64383561643836,Fresno State,True,False,observed_scoring_school,46.839080459770116
fresno_state,2018-19,Fresno State,Mountain West,102.0,175.0,FBS,56.0,44.0,75.0,https://dxbhsrqyrr690.cloudfront.net/sidearm.nextgen.sites/nacda.com/documents/2019/6/27/June28DIOverall.pdf,2.0,65.76271186440678,Fresno State,True,False,observed_scoring_school,71.14285714285714
fresno_state,2020-21,Fresno State,Mountain West,95.0,162.5,FBS,0.0,38.5,124.0,https://dxbhsrqyrr690.cloudfront.net/sidearm.nextgen.sites/nacda.com/documents/2021/7/1/July2OverallDI.pdf,2.0,67.74744027303754,Fresno State,True,False,observed_scoring_school,73.30508474576271
fresno_state,2021-22,Fresno State,Mountain West,157.0,105.0,FBS,45.0,0.0,60.0,https://dxbhsrqyrr690.cloudfront.net/sidearm.nextgen.sites/nacda.com/documents/2022/6/30/FinalDIstandings.pdf,3.0,46.94915254237288,Fresno State,True,False,observed_scoring_school,55.91549295774648
fresno_state,2022-23,Fresno State,Mountain West,156.0,110.0,FBS,50.0,0.0,60.0,https://dxbhsrqyrr690.cloudfront.net/sidearm.nextgen.sites/nacda.com/documents/2023/6/27/Final22.23Standings.pdf,3.0,49.18032786885246,Fresno State,True,False,observed_scoring_school,56.70391061452514
fresno_state,2023-24,Fresno State,Mountain West,116.0,160.0,FBS,70.0,0.0,90.0,https://dxbhsrqyrr690.cloudfront.net/sidearm.nextgen.sites/nacda.com/documents/2024/6/26/23.24FinalDI.pdf,2.0,63.022508038585215,Fresno State,True,False,observed_scoring_school,67.69662921348315
fresno_state,2024-25,Fresno State,Mountain West,138.0,119.5,FBS,25.0,20.0,74.5,https://dxbhsrqyrr690.cloudfront.net/sidearm.nextgen.sites/nacda.com/documents/2025/6/23/24.25DivIStandingsFinal.pdf,3.0,54.78547854785478,Fresno State,True,False,observed_scoring_school,61.51685393258427
fresno_state,2025-26,Fresno State,Mountain West,211.0,62.0,FBS,45.0,17.0,0.0,https://dxbhsrqyrr690.cloudfront.net/sidearm.nextgen.sites/nacda.com/documents/2026/6/24/25.26DI_Final.pdf,4.0,30.066445182724255,Fresno State,True,False,observed_scoring_school,40.87078651685393
furman,2017-18,Furman,SoCon,73.0,307.5,FCS,173.0,0.0,134.5,https://dxbhsrqyrr690.cloudfront.net/sidearm.nextgen.sites/nacda.com/documents/2018/7/18/June29overallDI.pdf,2.0,75.34246575342466,Furman,True,False,observed_scoring_school,79.3103448275862
furman,2018-19,Furman,SoCon,94.0,191.5,FCS,128.0,0.0,63.5,https://dxbhsrqyrr690.cloudfront.net/sidearm.nextgen.sites/nacda.com/documents/2019/6/27/June28DIOverall.pdf,2.0,68.30508474576271,Furman,True,False,observed_scoring_school,73.28571428571429
furman,2020-21,Furman,SoCon,129.0,115.5,FCS,63.0,13.0,39.5,https://dxbhsrqyrr690.cloudfront.net/sidearm.nextgen.sites/nacda.com/documents/2021/7/1/July2OverallDI.pdf,3.0,56.31399317406144,Furman,True,False,observed_scoring_school,63.84180790960452
furman,2021-22,Furman,SoCon,128.0,135.5,FCS,70.0,0.0,65.5,https://dxbhsrqyrr690.cloudfront.net/sidearm.nextgen.sites/nacda.com/documents/2022/6/30/FinalDIstandings.pdf,3.0,56.61016949152542,Furman,True,False,observed_scoring_school,63.94366197183099
furman,2022-23,Furman,SoCon,113.0,160.5,FCS,79.0,50.0,31.5,https://dxbhsrqyrr690.cloudfront.net/sidearm.nextgen.sites/nacda.com/documents/2023/6/27/Final22.23Standings.pdf,2.0,63.278688524590166,Furman,True,False,observed_scoring_school,68.71508379888269
furman,2023-24,Furman,SoCon,139.0,120.0,FCS,120.0,0.0,0.0,https://dxbhsrqyrr690.cloudfront.net/sidearm.nextgen.sites/nacda.com/documents/2024/6/26/23.24FinalDI.pdf,3.0,55.466237942122184,Furman,True,False,observed_scoring_school,61.09550561797753
furman,2024-25,Furman,SoCon,96.0,197.5,FCS,107.0,0.0,90.5,https://dxbhsrqyrr690.cloudfront.net/sidearm.nextgen.sites/nacda.com/documents/2025/6/23/24.25DivIStandingsFinal.pdf,2.0,68.64686468646865,Furman,True,False,observed_scoring_school,73.31460674157303
furman,2025-26,Furman,SoCon,135.0,124.5,FCS,83.0,25.0,16.5,https://dxbhsrqyrr690.cloudfront.net/sidearm.nextgen.sites/nacda.com/documents/2026/6/24/25.26DI_Final.pdf,3.0,55.48172757475083,Furman,True,False,observed_scoring_school,62.35955056179775
gardner_webb,2017-18,,,,0.0,,,,,,,,Gardner-Webb,False,True,kept_known_d1_program,8.189655172413794
gardner_webb,2018-19,Gardner-Webb,Big South,266.0,25.0,FCS,0.0,25.0,0.0,https://dxbhsrqyrr690.cloudfront.net/sidearm.nextgen.sites/nacda.com/documents/2019/6/27/June28DIOverall.pdf,6.0,6.779661016949152,Gardner-Webb,True,False,observed_scoring_school,21.428571428571427
gardner_webb,2020-21,Gardner-Webb,Big South,283.0,22.0,FCS,0.0,22.0,0.0,https://dxbhsrqyrr690.cloudfront.net/sidearm.nextgen.sites/nacda.com/documents/2021/7/1/July2OverallDI.pdf,5.0,3.754266211604096,Gardner-Webb,True,False,observed_scoring_school,20.33898305084746
gardner_webb,2021-22,,,,0.0,,,,,,,,Gardner-Webb,False,True,kept_known_d1_program,8.591549295774648
gardner_webb,2022-23,Gardner-Webb,Big South,176.0,94.0,FCS,53.0,41.0,0.0,https://dxbhsrqyrr690.cloudfront.net/sidearm.nextgen.sites/nacda.com/documents/2023/6/27/Final22.23Standings.pdf,3.0,42.62295081967213,Gardner-Webb,True,False,observed_scoring_school,51.117318435754186
gardner_webb,2023-24,Gardner-Webb,Big South,244.0,41.0,FCS,25.0,16.0,0.0,https://dxbhsrqyrr690.cloudfront.net/sidearm.nextgen.sites/nacda.com/documents/2024/6/26/23.24FinalDI.pdf,4.0,21.864951768488748,Gardner-Webb,True,False,observed_scoring_school,31.741573033707866
gardner_webb,2024-25,Gardner-Webb,Big South,187.0,75.0,FCS,50.0,0.0,25.0,https://dxbhsrqyrr690.cloudfront.net/sidearm.nextgen.sites/nacda.com/documents/2025/6/23/24.25DivIStandingsFinal.pdf,3.0,37.78877887788779,Gardner-Webb,True,False,observed_scoring_school,47.05056179775281
gardner_webb,2025-26,Gardner-Webb,Big South,244.0,45.0,FCS,0.0,20.0,25.0,https://dxbhsrqyrr690.cloudfront.net/sidearm.nextgen.sites/nacda.com/documents/2026/6/24/25.26DI_Final.pdf,4.0,18.438538205980063,Gardner-Webb,True,False,observed_scoring_school,31.03932584269663
george_mason,2017-18,George Mason,Atlantic 10,288.0,15.5,DI,0.0,15.5,0.0,https://dxbhsrqyrr690.cloudfront.net/sidearm.nextgen.sites/nacda.com/documents/2018/7/18/June29overallDI.pdf,6.0,1.7123287671232876,George Mason,True,False,observed_scoring_school,17.52873563218391
george_mason,2018-19,George Mason,Atlantic 10,287.0,23.5,DI,0.0,23.5,0.0,https://dxbhsrqyrr690.cloudfront.net/sidearm.nextgen.sites/nacda.com/documents/2019/6/27/June28DIOverall.pdf,6.0,3.050847457627119,George Mason,True,False,observed_scoring_school,18.285714285714285
george_mason,2020-21,,,,0.0,,,,,,,,George Mason,False,True,kept_known_d1_program,8.757062146892656
george_mason,2021-22,,,,0.0,,,,,,,,George Mason,False,True,kept_known_d1_program,8.591549295774648
george_mason,2022-23,George Mason,Atlantic 10,178.0,91.0,DI,0.0,16.0,75.0,https://dxbhsrqyrr690.cloudfront.net/sidearm.nextgen.sites/nacda.com/documents/2023/6/27/Final22.23Standings.pdf,3.0,41.967213114754095,George Mason,True,False,observed_scoring_school,50.5586592178771
george_mason,2023-24,George Mason,Atlantic 10,261.0,26.0,DI,0.0,26.0,0.0,https://dxbhsrqyrr690.cloudfront.net/sidearm.nextgen.sites/nacda.com/documents/2024/6/26/23.24FinalDI.pdf,4.0,16.39871382636656,George Mason,True,False,observed_scoring_school,26.96629213483146
george_mason,2024-25,George Mason,Atlantic 10,249.0,44.0,DI,0.0,44.0,0.0,https://dxbhsrqyrr690.cloudfront.net/sidearm.nextgen.sites/nacda.com/documents/2025/6/23/24.25DivIStandingsFinal.pdf,4.0,17.986798679867988,George Mason,True,False,observed_scoring_school,30.196629213483146
george_mason,2025-26,George Mason,Atlantic 10,252.0,39.0,DI,0.0,39.0,0.0,https://dxbhsrqyrr690.cloudfront.net/sidearm.nextgen.sites/nacda.com/documents/2026/6/24/25.26DI_Final.pdf,4.0,16.611295681063122,George Mason,True,False,observed_scoring_school,29.49438202247191
george_washington,2017-18,George Washington,Atlantic 10,161.0,96.5,DI,25.0,71.5,0.0,https://dxbhsrqyrr690.cloudfront.net/sidearm.nextgen.sites/nacda.com/documents/2018/7/18/June29overallDI.pdf,4.0,45.20547945205479,George Washington,True,False,observed_scoring_school,54.02298850574713
george_washington,2018-19,George Washington,Atlantic 10,203.0,68.5,DI,25.0,43.5,0.0,https://dxbhsrqyrr690.cloudfront.net/sidearm.nextgen.sites/nacda.com/documents/2019/6/27/June28DIOverall.pdf,4.0,31.52542372881356,George Washington,True,False,observed_scoring_school,42.285714285714285
george_washington,2020-21,George Washington,Atlantic 10,255.0,25.0,DI,0.0,0.0,25.0,https://dxbhsrqyrr690.cloudfront.net/sidearm.nextgen.sites/nacda.com/documents/2021/7/1/July2OverallDI.pdf,5.0,8.70307167235495,George Washington,True,False,observed_scoring_school,24.43502824858757
george_washington,2021-22,,,,0.0,,,,,,,,George Washington,False,True,kept_known_d1_program,8.591549295774648
george_washington,2022-23,George Washington,Atlantic 10,254.0,34.0,DI,0.0,0.0,34.0,https://dxbhsrqyrr690.cloudfront.net/sidearm.nextgen.sites/nacda.com/documents/2023/6/27/Final22.23Standings.pdf,4.0,16.885245901639344,George Washington,True,False,observed_scoring_school,29.18994413407821
george_washington,2023-24,George Washington,Atlantic 10,251.0,32.0,DI,0.0,32.0,0.0,https://dxbhsrqyrr690.cloudfront.net/sidearm.nextgen.sites/nacda.com/documents/2024/6/26/23.24FinalDI.pdf,4.0,19.614147909967848,George Washington,True,False,observed_scoring_school,29.775280898876407
george_washington,2024-25,,,,0.0,,,,,,,,George Washington,False,True,kept_known_d1_program,7.584269662921349
george_washington,2025-26,,,,0.0,,,,,,,,George Washington,False,True,kept_known_d1_program,7.865168539325842
georgetown,2017-18,Georgetown,Big East,93.0,202.5,FCS,136.5,0.0,66.0,https://dxbhsrqyrr690.cloudfront.net/sidearm.nextgen.sites/nacda.com/documents/2018/7/18/June29overallDI.pdf,2.0,68.4931506849315,Georgetown,True,False,observed_scoring_school,73.5632183908046
georgetown,2018-19,Georgetown,Big East,70.0,329.5,FCS,174.0,47.5,108.0,https://dxbhsrqyrr690.cloudfront.net/sidearm.nextgen.sites/nacda.com/documents/2019/6/27/June28DIOverall.pdf,2.0,76.61016949152543,Georgetown,True,False,observed_scoring_school,80.28571428571428
georgetown,2020-21,Georgetown,Big East,63.0,339.0,FCS,205.0,25.0,109.0,https://dxbhsrqyrr690.cloudfront.net/sidearm.nextgen.sites/nacda.com/documents/2021/7/1/July2OverallDI.pdf,2.0,78.839590443686,Georgetown,True,False,observed_scoring_school,82.48587570621469
georgetown,2021-22,Georgetown,Big East,70.0,329.0,FCS,241.0,0.0,88.0,https://dxbhsrqyrr690.cloudfront.net/sidearm.nextgen.sites/nacda.com/documents/2022/6/30/FinalDIstandings.pdf,2.0,76.61016949152543,Georgetown,True,False,observed_scoring_school,80.56338028169014
georgetown,2022-23,Georgetown,Big East,67.0,327.5,FCS,210.5,38.5,78.5,https://dxbhsrqyrr690.cloudfront.net/sidearm.nextgen.sites/nacda.com/documents/2023/6/27/Final22.23Standings.pdf,2.0,78.36065573770492,Georgetown,True,False,observed_scoring_school,81.56424581005587
georgetown,2023-24,Georgetown,Big East,53.0,451.0,FCS,200.0,103.0,148.0,https://dxbhsrqyrr690.cloudfront.net/sidearm.nextgen.sites/nacda.com/documents/2024/6/26/23.24FinalDI.pdf,1.0,83.27974276527331,Georgetown,True,False,observed_scoring_school,85.39325842696628
georgetown,2024-25,Georgetown,Big East,64.0,389.2,FCS,220.0,79.7,89.5,https://dxbhsrqyrr690.cloudfront.net/sidearm.nextgen.sites/nacda.com/documents/2025/6/23/24.25DivIStandingsFinal.pdf,2.0,79.20792079207921,Georgetown,True,False,observed_scoring_school,82.30337078651685
georgetown,2025-26,Georgetown,Big East,72.0,322.0,FCS,242.5,0.0,79.5,https://dxbhsrqyrr690.cloudfront.net/sidearm.nextgen.sites/nacda.com/documents/2026/6/24/25.26DI_Final.pdf,2.0,76.41196013289037,Georgetown,True,False,observed_scoring_school,80.0561797752809
georgia,2017-18,Georgia,SEC,8.0,1046.35,FBS,147.0,436.75,462.6,https://dxbhsrqyrr690.cloudfront.net/sidearm.nextgen.sites/nacda.com/documents/2018/7/18/June29overallDI.pdf,1.0,97.6027397260274,Georgia,True,False,observed_scoring_school,97.98850574712644
georgia,2018-19,Georgia,SEC,21.0,808.0,FBS,98.5,307.0,402.5,https://dxbhsrqyrr690.cloudfront.net/sidearm.nextgen.sites/nacda.com/documents/2019/6/27/June28DIOverall.pdf,1.0,93.22033898305084,Georgia,True,False,observed_scoring_school,94.28571428571428
georgia,2020-21,Georgia,SEC,10.0,971.5,FBS,72.0,413.5,486.0,https://dxbhsrqyrr690.cloudfront.net/sidearm.nextgen.sites/nacda.com/documents/2021/7/1/July2OverallDI.pdf,1.0,96.9283276450512,Georgia,True,False,observed_scoring_school,97.45762711864407
georgia,2021-22,Georgia,SEC,19.0,865.0,FBS,100.0,324.5,440.5,https://dxbhsrqyrr690.cloudfront.net/sidearm.nextgen.sites/nacda.com/documents/2022/6/30/FinalDIstandings.pdf,1.0,93.89830508474576,Georgia,True,False,observed_scoring_school,94.92957746478872
georgia,2022-23,Georgia,SEC,7.0,1072.5,FBS,200.0,391.5,481.0,https://dxbhsrqyrr690.cloudfront.net/sidearm.nextgen.sites/nacda.com/documents/2023/6/27/Final22.23Standings.pdf,1.0,98.0327868852459,Georgia,True,False,observed_scoring_school,98.32402234636871
georgia,2023-24,Georgia,SEC,16.0,951.38,FBS,174.0,325.38,452.0,https://dxbhsrqyrr690.cloudfront.net/sidearm.nextgen.sites/nacda.com/documents/2024/6/26/23.24FinalDI.pdf,1.0,95.17684887459808,Georgia,True,False,observed_scoring_school,95.78651685393258
georgia,2024-25,Georgia,SEC,14.0,920.0,FBS,98.5,389.0,432.5,https://dxbhsrqyrr690.cloudfront.net/sidearm.nextgen.sites/nacda.com/documents/2025/6/23/24.25DivIStandingsFinal.pdf,1.0,95.7095709570957,Georgia,True,False,observed_scoring_school,96.34831460674157
georgia,2025-26,Georgia,SEC,8.0,1081.25,FBS,150.0,393.25,538.0,https://dxbhsrqyrr690.cloudfront.net/sidearm.nextgen.sites/nacda.com/documents/2026/6/24/25.26DI_Final.pdf,1.0,97.67441860465117,Georgia,True,False,observed_scoring_school,98.03370786516854
georgia_southern,2017-18,,,,0.0,,,,,,,,Georgia Southern,False,True,kept_known_d1_program,8.189655172413794
georgia_southern,2018-19,Georgia Southern,Sun Belt,165.0,93.0,FBS,45.0,0.0,48.0,https://dxbhsrqyrr690.cloudfront.net/sidearm.nextgen.sites/nacda.com/documents/2019/6/27/June28DIOverall.pdf,4.0,44.237288135593225,Georgia Southern,True,False,observed_scoring_school,53.0
georgia_southern,2020-21,Georgia Southern,Sun Belt,151.0,97.5,FBS,45.0,0.0,52.5,https://dxbhsrqyrr690.cloudfront.net/sidearm.nextgen.sites/nacda.com/documents/2021/7/1/July2OverallDI.pdf,3.0,48.80546075085324,Georgia Southern,True,False,observed_scoring_school,57.6271186440678
georgia_southern,2021-22,Georgia Southern,Sun Belt,143.0,120.0,FBS,0.0,0.0,120.0,https://dxbhsrqyrr690.cloudfront.net/sidearm.nextgen.sites/nacda.com/documents/2022/6/30/FinalDIstandings.pdf,3.0,51.864406779661024,Georgia Southern,True,False,observed_scoring_school,60.0
georgia_southern,2022-23,Georgia Southern,Sun Belt,206.0,59.0,FBS,25.0,0.0,34.0,https://dxbhsrqyrr690.cloudfront.net/sidearm.nextgen.sites/nacda.com/documents/2023/6/27/Final22.23Standings.pdf,4.0,32.78688524590164,Georgia Southern,True,False,observed_scoring_school,42.737430167597765
georgia_southern,2023-24,Georgia Southern,Sun Belt,262.0,25.0,FBS,25.0,0.0,0.0,https://dxbhsrqyrr690.cloudfront.net/sidearm.nextgen.sites/nacda.com/documents/2024/6/26/23.24FinalDI.pdf,5.0,10.128617363344052,Georgia Southern,True,False,observed_scoring_school,21.48876404494382
georgia_southern,2024-25,Georgia Southern,Sun Belt,132.0,129.5,FBS,25.0,55.0,49.5,https://dxbhsrqyrr690.cloudfront.net/sidearm.nextgen.sites/nacda.com/documents/2025/6/23/24.25DivIStandingsFinal.pdf,3.0,56.76567656765676,Georgia Southern,True,False,observed_scoring_school,63.20224719101124
georgia_southern,2025-26,Georgia Southern,Sun Belt,202.0,70.0,FBS,45.0,20.0,5.0,https://dxbhsrqyrr690.cloudfront.net/sidearm.nextgen.sites/nacda.com/documents/2026/6/24/25.26DI_Final.pdf,4.0,32.72425249169435,Georgia Southern,True,False,observed_scoring_school,43.11797752808989
georgia_state,2017-18,Georgia State,Sun Belt,165.0,95.0,FBS,45.0,25.0,25.0,https://dxbhsrqyrr690.cloudfront.net/sidearm.nextgen.sites/nacda.com/documents/2018/7/18/June29overallDI.pdf,4.0,43.321917808219176,Georgia State,True,False,observed_scoring_school,52.44252873563219
georgia_state,2018-19,Georgia State,Sun Belt,223.0,50.0,FBS,25.0,25.0,0.0,https://dxbhsrqyrr690.cloudfront.net/sidearm.nextgen.sites/nacda.com/documents/2019/6/27/June28DIOverall.pdf,5.0,21.864406779661017,Georgia State,True,False,observed_scoring_school,34.14285714285714
georgia_state,2020-21,Georgia State,Sun Belt,237.0,45.0,FBS,45.0,0.0,0.0,https://dxbhsrqyrr690.cloudfront.net/sidearm.nextgen.sites/nacda.com/documents/2021/7/1/July2OverallDI.pdf,5.0,19.283276450511945,Georgia State,True,False,observed_scoring_school,33.19209039548023
georgia_state,2021-22,Georgia State,Sun Belt,88.0,216.5,FBS,95.0,25.0,96.5,https://dxbhsrqyrr690.cloudfront.net/sidearm.nextgen.sites/nacda.com/documents/2022/6/30/FinalDIstandings.pdf,2.0,70.50847457627118,Georgia State,True,False,observed_scoring_school,75.49295774647888
georgia_state,2022-23,Georgia State,Sun Belt,215.0,53.0,FBS,0.0,0.0,53.0,https://dxbhsrqyrr690.cloudfront.net/sidearm.nextgen.sites/nacda.com/documents/2023/6/27/Final22.23Standings.pdf,4.0,29.18032786885246,Georgia State,True,False,observed_scoring_school,39.66480446927375
georgia_state,2023-24,Georgia State,Sun Belt,164.0,90.0,FBS,45.0,0.0,45.0,https://dxbhsrqyrr690.cloudfront.net/sidearm.nextgen.sites/nacda.com/documents/2024/6/26/23.24FinalDI.pdf,3.0,47.10610932475884,Georgia State,True,False,observed_scoring_school,53.79213483146067
georgia_state,2024-25,Georgia State,Sun Belt,264.0,25.0,FBS,0.0,0.0,25.0,https://dxbhsrqyrr690.cloudfront.net/sidearm.nextgen.sites/nacda.com/documents/2025/6/23/24.25DivIStandingsFinal.pdf,5.0,9.075907590759076,Georgia State,True,False,observed_scoring_school,22.6123595505618
georgia_state,2025-26,Georgia State,Sun Belt,265.0,25.0,FBS,0.0,0.0,25.0,https://dxbhsrqyrr690.cloudfront.net/sidearm.nextgen.sites/nacda.com/documents/2026/6/24/25.26DI_Final.pdf,5.0,7.308970099667775,Georgia State,True,False,observed_scoring_school,21.629213483146067
georgia_tech,2017-18,Georgia Tech,ACC,121.0,151.5,FBS,28.0,0.0,123.5,https://dxbhsrqyrr690.cloudfront.net/sidearm.nextgen.sites/nacda.com/documents/2018/7/18/June29overallDI.pdf,3.0,58.9041095890411,Georgia Tech,True,False,observed_scoring_school,65.51724137931035
georgia_tech,2018-19,Georgia Tech,ACC,66.0,358.0,FBS,98.0,74.0,186.0,https://dxbhsrqyrr690.cloudfront.net/sidearm.nextgen.sites/nacda.com/documents/2019/6/27/June28DIOverall.pdf,2.0,77.96610169491525,Georgia Tech,True,False,observed_scoring_school,81.42857142857143
georgia_tech,2020-21,Georgia Tech,ACC,44.0,487.0,FBS,84.0,166.0,237.0,https://dxbhsrqyrr690.cloudfront.net/sidearm.nextgen.sites/nacda.com/documents/2021/7/1/July2OverallDI.pdf,1.0,85.32423208191126,Georgia Tech,True,False,observed_scoring_school,87.85310734463276
georgia_tech,2021-22,Georgia Tech,ACC,68.0,352.25,FBS,73.0,78.0,201.25,https://dxbhsrqyrr690.cloudfront.net/sidearm.nextgen.sites/nacda.com/documents/2022/6/30/FinalDIstandings.pdf,2.0,77.28813559322035,Georgia Tech,True,False,observed_scoring_school,81.12676056338029
georgia_tech,2022-23,Georgia Tech,ACC,78.0,253.0,FBS,50.0,63.0,140.0,https://dxbhsrqyrr690.cloudfront.net/sidearm.nextgen.sites/nacda.com/documents/2023/6/27/Final22.23Standings.pdf,2.0,74.75409836065575,Georgia Tech,True,False,observed_scoring_school,78.49162011173185
georgia_tech,2023-24,Georgia Tech,ACC,74.0,316.5,FBS,109.0,0.0,207.5,https://dxbhsrqyrr690.cloudfront.net/sidearm.nextgen.sites/nacda.com/documents/2024/6/26/23.24FinalDI.pdf,2.0,76.52733118971061,Georgia Tech,True,False,observed_scoring_school,79.49438202247191
georgia_tech,2024-25,Georgia Tech,ACC,71.0,320.0,FBS,75.0,74.0,171.0,https://dxbhsrqyrr690.cloudfront.net/sidearm.nextgen.sites/nacda.com/documents/2025/6/23/24.25DivIStandingsFinal.pdf,2.0,76.89768976897689,Georgia Tech,True,False,observed_scoring_school,80.33707865168539
georgia_tech,2025-26,Georgia Tech,ACC,90.0,233.0,FBS,75.0,36.0,122.0,https://dxbhsrqyrr690.cloudfront.net/sidearm.nextgen.sites/nacda.com/documents/2026/6/24/25.26DI_Final.pdf,2.0,70.43189368770764,Georgia Tech,True,False,observed_scoring_school,75.0
gonzaga,2017-18,Gonzaga,WCC,113.0,164.5,DI,0.0,89.0,75.5,https://dxbhsrqyrr690.cloudfront.net/sidearm.nextgen.sites/nacda.com/documents/2018/7/18/June29overallDI.pdf,3.0,61.64383561643836,Gonzaga,True,False,observed_scoring_school,67.81609195402298
gonzaga,2018-19,Gonzaga,WCC,109.0,157.0,DI,0.0,123.0,34.0,https://dxbhsrqyrr690.cloudfront.net/sidearm.nextgen.sites/nacda.com/documents/2019/6/27/June28DIOverall.pdf,3.0,63.389830508474574,Gonzaga,True,False,observed_scoring_school,69.14285714285714
gonzaga,2020-21,Gonzaga,WCC,83.0,206.5,DI,20.0,115.0,71.5,https://dxbhsrqyrr690.cloudfront.net/sidearm.nextgen.sites/nacda.com/documents/2021/7/1/July2OverallDI.pdf,2.0,72.01365187713311,Gonzaga,True,False,observed_scoring_school,76.8361581920904
gonzaga,2021-22,Gonzaga,WCC,78.0,264.5,DI,75.0,114.0,75.5,https://dxbhsrqyrr690.cloudfront.net/sidearm.nextgen.sites/nacda.com/documents/2022/6/30/FinalDIstandings.pdf,2.0,73.89830508474576,Gonzaga,True,False,observed_scoring_school,78.30985915492957
gonzaga,2022-23,Gonzaga,WCC,81.0,226.0,DI,63.0,98.0,65.0,https://dxbhsrqyrr690.cloudfront.net/sidearm.nextgen.sites/nacda.com/documents/2023/6/27/Final22.23Standings.pdf,2.0,73.77049180327869,Gonzaga,True,False,observed_scoring_school,77.6536312849162
gonzaga,2023-24,Gonzaga,WCC,77.0,292.0,DI,124.0,128.0,40.0,https://dxbhsrqyrr690.cloudfront.net/sidearm.nextgen.sites/nacda.com/documents/2024/6/26/23.24FinalDI.pdf,2.0,75.40192926045016,Gonzaga,True,False,observed_scoring_school,78.51123595505618
gonzaga,2024-25,Gonzaga,WCC,144.0,113.5,DI,49.0,50.0,14.5,https://dxbhsrqyrr690.cloudfront.net/sidearm.nextgen.sites/nacda.com/documents/2025/6/23/24.25DivIStandingsFinal.pdf,3.0,52.64026402640264,Gonzaga,True,False,observed_scoring_school,59.69101123595506
gonzaga,2025-26,Gonzaga,WCC,188.0,75.0,DI,0.0,75.0,0.0,https://dxbhsrqyrr690.cloudfront.net/sidearm.nextgen.sites/nacda.com/documents/2026/6/24/25.26DI_Final.pdf,3.0,36.7109634551495,Gonzaga,True,False,observed_scoring_school,46.48876404494382
grambling_state,2017-18,Grambling State,SWAC,217.0,50.0,FCS,25.0,25.0,0.0,https://dxbhsrqyrr690.cloudfront.net/sidearm.nextgen.sites/nacda.com/documents/2018/7/18/June29overallDI.pdf,5.0,22.945205479452056,Grambling State,True,False,observed_scoring_school,35.3448275862069
grambling_state,2018-19,,,,0.0,,,,,,,,Grambling State,False,True,kept_known_d1_program,8.0
grambling_state,2020-21,,,,0.0,,,,,,,,Grambling State,False,True,kept_known_d1_program,8.757062146892656
grambling_state,2021-22,,,,0.0,,,,,,,,Grambling State,False,True,kept_known_d1_program,8.591549295774648
grambling_state,2022-23,,,,0.0,,,,,,,,Grambling State,False,True,kept_known_d1_program,7.5418994413407825
grambling_state,2023-24,Grambling State,SWAC,182.0,75.0,FCS,25.0,25.0,25.0,https://dxbhsrqyrr690.cloudfront.net/sidearm.nextgen.sites/nacda.com/documents/2024/6/26/23.24FinalDI.pdf,3.0,40.51446945337621,Grambling State,True,False,observed_scoring_school,48.03370786516854
grambling_state,2024-25,,,,0.0,,,,,,,,Grambling State,False,True,kept_known_d1_program,7.584269662921349
grambling_state,2025-26,Grambling State,SWAC,265.0,25.0,FCS,25.0,0.0,0.0,https://dxbhsrqyrr690.cloudfront.net/sidearm.nextgen.sites/nacda.com/documents/2026/6/24/25.26DI_Final.pdf,5.0,7.308970099667775,Grambling State,True,False,observed_scoring_school,21.629213483146067
grand_canyon,2017-18,Grand Canyon,WAC,242.0,41.0,DI,0.0,36.0,5.0,https://dxbhsrqyrr690.cloudfront.net/sidearm.nextgen.sites/nacda.com/documents/2018/7/18/June29overallDI.pdf,5.0,17.465753424657535,Grand Canyon,True,False,observed_scoring_school,30.747126436781606
grand_canyon,2018-19,Grand Canyon,WAC,167.0,92.0,DI,25.0,42.0,25.0,https://dxbhsrqyrr690.cloudfront.net/sidearm.nextgen.sites/nacda.com/documents/2019/6/27/June28DIOverall.pdf,4.0,43.559322033898304,Grand Canyon,True,False,observed_scoring_school,52.42857142857142
grand_canyon,2020-21,Grand Canyon,WAC,102.0,150.0,DI,50.0,25.0,75.0,https://dxbhsrqyrr690.cloudfront.net/sidearm.nextgen.sites/nacda.com/documents/2021/7/1/July2OverallDI.pdf,2.0,65.52901023890784,Grand Canyon,True,False,observed_scoring_school,71.46892655367232
grand_canyon,2021-22,Grand Canyon,WAC,137.0,125.0,DI,50.0,0.0,75.0,https://dxbhsrqyrr690.cloudfront.net/sidearm.nextgen.sites/nacda.com/documents/2022/6/30/FinalDIstandings.pdf,3.0,53.72881355932203,Grand Canyon,True,False,observed_scoring_school,61.54929577464788
grand_canyon,2022-23,Grand Canyon,WAC,95.0,190.75,DI,0.0,25.0,165.75,https://dxbhsrqyrr690.cloudfront.net/sidearm.nextgen.sites/nacda.com/documents/2023/6/27/Final22.23Standings.pdf,2.0,69.18032786885246,Grand Canyon,True,False,observed_scoring_school,73.74301675977654
grand_canyon,2023-24,Grand Canyon,WAC,75.0,309.5,DI,50.0,50.0,209.5,https://dxbhsrqyrr690.cloudfront.net/sidearm.nextgen.sites/nacda.com/documents/2024/6/26/23.24FinalDI.pdf,2.0,76.20578778135048,Grand Canyon,True,False,observed_scoring_school,79.21348314606742
grand_canyon,2024-25,Grand Canyon,WAC,137.0,120.5,DI,0.0,50.0,70.5,https://dxbhsrqyrr690.cloudfront.net/sidearm.nextgen.sites/nacda.com/documents/2025/6/23/24.25DivIStandingsFinal.pdf,3.0,55.11551155115512,Grand Canyon,True,False,observed_scoring_school,61.79775280898876
grand_canyon,2025-26,Grand Canyon,Mountain West,121.0,139.0,DI,64.0,0.0,75.0,https://dxbhsrqyrr690.cloudfront.net/sidearm.nextgen.sites/nacda.com/documents/2026/6/24/25.26DI_Final.pdf,2.0,60.13289036544851,Grand Canyon,True,False,observed_scoring_school,66.29213483146067
hartford,2017-18,Hartford,America East,258.0,25.0,DI,0.0,0.0,25.0,https://dxbhsrqyrr690.cloudfront.net/sidearm.nextgen.sites/nacda.com/documents/2018/7/18/June29overallDI.pdf,6.0,7.363013698630137,Hartford,True,False,observed_scoring_school,22.270114942528735
hartford,2018-19,,,,0.0,,,,,,,,Hartford,False,True,kept_known_d1_program,8.0
hartford,2020-21,Hartford,America East,255.0,25.0,DI,0.0,25.0,0.0,https://dxbhsrqyrr690.cloudfront.net/sidearm.nextgen.sites/nacda.com/documents/2021/7/1/July2OverallDI.pdf,5.0,8.70307167235495,Hartford,True,False,observed_scoring_school,24.43502824858757
hartford,2021-22,,,,0.0,,,,,,,,Hartford,False,True,kept_known_d1_program,8.591549295774648
hartford,2022-23,,,,0.0,,,,,,,,Hartford,False,True,kept_known_d1_program,7.5418994413407825
harvard,2017-18,Harvard,Ivy League,65.0,365.0,FCS,25.0,196.5,143.5,https://dxbhsrqyrr690.cloudfront.net/sidearm.nextgen.sites/nacda.com/documents/2018/7/18/June29overallDI.pdf,2.0,78.08219178082192,Harvard,True,False,observed_scoring_school,81.60919540229885
harvard,2018-19,Harvard,Ivy League,57.0,425.5,FCS,70.0,205.5,150.0,https://dxbhsrqyrr690.cloudfront.net/sidearm.nextgen.sites/nacda.com/documents/2019/6/27/June28DIOverall.pdf,2.0,81.01694915254237,Harvard,True,False,observed_scoring_school,84.0
harvard,2020-21,,,,0.0,,,,,,,,Harvard,False,True,kept_known_d1_program,8.757062146892656
harvard,2021-22,Harvard,Ivy League,39.0,615.0,FCS,221.5,290.5,103.0,https://dxbhsrqyrr690.cloudfront.net/sidearm.nextgen.sites/nacda.com/documents/2022/6/30/FinalDIstandings.pdf,1.0,87.11864406779661,Harvard,True,False,observed_scoring_school,89.29577464788733
harvard,2022-23,Harvard,Ivy League,41.0,578.75,FCS,133.0,222.5,223.25,https://dxbhsrqyrr690.cloudfront.net/sidearm.nextgen.sites/nacda.com/documents/2023/6/27/Final22.23Standings.pdf,1.0,86.88524590163934,Harvard,True,False,observed_scoring_school,88.8268156424581
harvard,2023-24,Harvard,Ivy League,29.0,686.75,FCS,224.0,265.5,197.25,https://dxbhsrqyrr690.cloudfront.net/sidearm.nextgen.sites/nacda.com/documents/2024/6/26/23.24FinalDI.pdf,1.0,90.9967845659164,Harvard,True,False,observed_scoring_school,92.13483146067416
harvard,2024-25,Harvard,Ivy League,36.0,674.25,FCS,158.0,231.75,284.5,https://dxbhsrqyrr690.cloudfront.net/sidearm.nextgen.sites/nacda.com/documents/2025/6/23/24.25DivIStandingsFinal.pdf,1.0,88.44884488448845,Harvard,True,False,observed_scoring_school,90.1685393258427
harvard,2025-26,Harvard,Ivy League,48.0,547.5,FCS,153.0,306.5,88.0,https://dxbhsrqyrr690.cloudfront.net/sidearm.nextgen.sites/nacda.com/documents/2026/6/24/25.26DI_Final.pdf,1.0,84.38538205980066,Harvard,True,False,observed_scoring_school,86.79775280898876
hawaii,2017-18,Hawaii,Big West,100.0,184.0,FBS,25.0,79.0,80.0,https://dxbhsrqyrr690.cloudfront.net/sidearm.nextgen.sites/nacda.com/documents/2018/7/18/June29overallDI.pdf,2.0,66.0958904109589,Hawaii,True,False,observed_scoring_school,71.55172413793103
hawaii,2018-19,Hawaii,Big West,68.0,335.0,FBS,50.0,80.0,205.0,https://dxbhsrqyrr690.cloudfront.net/sidearm.nextgen.sites/nacda.com/documents/2019/6/27/June28DIOverall.pdf,2.0,77.28813559322035,Hawaii,True,False,observed_scoring_school,80.85714285714286
hawaii,2020-21,Hawaii,Big West,84.0,205.0,FBS,45.0,0.0,160.0,https://dxbhsrqyrr690.cloudfront.net/sidearm.nextgen.sites/nacda.com/documents/2021/7/1/July2OverallDI.pdf,2.0,71.50170648464163,Hawaii,True,False,observed_scoring_school,76.41242937853107
hawaii,2021-22,Hawaii,Big West,92.0,205.0,FBS,55.0,25.0,125.0,https://dxbhsrqyrr690.cloudfront.net/sidearm.nextgen.sites/nacda.com/documents/2022/6/30/FinalDIstandings.pdf,2.0,69.15254237288136,Hawaii,True,False,observed_scoring_school,74.36619718309859
hawaii,2022-23,Hawaii,Big West,70.0,289.5,FBS,25.0,68.0,196.5,https://dxbhsrqyrr690.cloudfront.net/sidearm.nextgen.sites/nacda.com/documents/2023/6/27/Final22.23Standings.pdf,2.0,77.37704918032787,Hawaii,True,False,observed_scoring_school,80.72625698324022
hawaii,2023-24,Hawaii,Big West,105.0,178.0,FBS,50.0,0.0,128.0,https://dxbhsrqyrr690.cloudfront.net/sidearm.nextgen.sites/nacda.com/documents/2024/6/26/23.24FinalDI.pdf,2.0,66.39871382636656,Hawaii,True,False,observed_scoring_school,70.64606741573034
hawaii,2024-25,Hawaii,Big West,99.0,191.0,FBS,25.0,0.0,166.0,https://dxbhsrqyrr690.cloudfront.net/sidearm.nextgen.sites/nacda.com/documents/2025/6/23/24.25DivIStandingsFinal.pdf,2.0,67.65676567656766,Hawaii,True,False,observed_scoring_school,72.47191011235955
hawaii,2025-26,Hawaii,Big West,92.0,230.0,FBS,45.0,25.0,160.0,https://dxbhsrqyrr690.cloudfront.net/sidearm.nextgen.sites/nacda.com/documents/2026/6/24/25.26DI_Final.pdf,2.0,69.76744186046511,Hawaii,True,False,observed_scoring_school,74.43820224719101
high_point,2017-18,High Point,Big South,189.0,75.0,DI,50.0,0.0,25.0,https://dxbhsrqyrr690.cloudfront.net/sidearm.nextgen.sites/nacda.com/documents/2018/7/18/June29overallDI.pdf,4.0,34.417808219178085,High Point,True,False,observed_scoring_school,44.9712643678161
high_point,2018-19,High Point,Big South,190.0,75.0,DI,50.0,0.0,25.0,https://dxbhsrqyrr690.cloudfront.net/sidearm.nextgen.sites/nacda.com/documents/2019/6/27/June28DIOverall.pdf,4.0,34.40677966101695,High Point,True,False,observed_scoring_school,44.714285714285715
high_point,2020-21,High Point,Big South,77.0,237.0,DI,100.0,68.5,68.5,https://dxbhsrqyrr690.cloudfront.net/sidearm.nextgen.sites/nacda.com/documents/2021/7/1/July2OverallDI.pdf,2.0,74.06143344709898,High Point,True,False,observed_scoring_school,78.53107344632768
high_point,2021-22,High Point,Big South,171.0,96.0,DI,25.0,49.5,21.5,https://dxbhsrqyrr690.cloudfront.net/sidearm.nextgen.sites/nacda.com/documents/2022/6/30/FinalDIstandings.pdf,4.0,42.3728813559322,High Point,True,False,observed_scoring_school,52.112676056338024
high_point,2022-23,High Point,Big South,139.0,126.8,DI,75.0,27.8,24.0,https://dxbhsrqyrr690.cloudfront.net/sidearm.nextgen.sites/nacda.com/documents/2023/6/27/Final22.23Standings.pdf,3.0,54.59016393442623,High Point,True,False,observed_scoring_school,61.312849162011176
high_point,2023-24,High Point,Big South,122.0,145.5,DI,50.0,58.0,37.5,https://dxbhsrqyrr690.cloudfront.net/sidearm.nextgen.sites/nacda.com/documents/2024/6/26/23.24FinalDI.pdf,2.0,61.09324758842444,High Point,True,False,observed_scoring_school,66.01123595505618
high_point,2024-25,High Point,Big South,194.0,72.0,DI,25.0,47.0,0.0,https://dxbhsrqyrr690.cloudfront.net/sidearm.nextgen.sites/nacda.com/documents/2025/6/23/24.25DivIStandingsFinal.pdf,4.0,35.973597359735976,High Point,True,False,observed_scoring_school,45.50561797752809
high_point,2025-26,High Point,Big South,88.0,236.5,DI,114.0,100.5,22.0,https://dxbhsrqyrr690.cloudfront.net/sidearm.nextgen.sites/nacda.com/documents/2026/6/24/25.26DI_Final.pdf,2.0,70.93023255813954,High Point,True,False,observed_scoring_school,75.42134831460675
hofstra,2017-18,Hofstra,CAA,148.0,108.0,DI,25.0,45.5,37.5,https://dxbhsrqyrr690.cloudfront.net/sidearm.nextgen.sites/nacda.com/documents/2018/7/18/June29overallDI.pdf,3.0,49.486301369863014,Hofstra,True,False,observed_scoring_school,57.61494252873563
hofstra,2018-19,Hofstra,CAA,190.0,75.0,DI,75.0,0.0,0.0,https://dxbhsrqyrr690.cloudfront.net/sidearm.nextgen.sites/nacda.com/documents/2019/6/27/June28DIOverall.pdf,4.0,34.40677966101695,Hofstra,True,False,observed_scoring_school,44.714285714285715
hofstra,2020-21,Hofstra,CAA,181.0,75.5,DI,0.0,29.5,46.0,https://dxbhsrqyrr690.cloudfront.net/sidearm.nextgen.sites/nacda.com/documents/2021/7/1/July2OverallDI.pdf,4.0,38.56655290102389,Hofstra,True,False,observed_scoring_school,49.152542372881356
hofstra,2021-22,Hofstra,CAA,123.0,139.0,DI,114.0,0.0,25.0,https://dxbhsrqyrr690.cloudfront.net/sidearm.nextgen.sites/nacda.com/documents/2022/6/30/FinalDIstandings.pdf,3.0,58.644067796610166,Hofstra,True,False,observed_scoring_school,65.63380281690141
hofstra,2022-23,Hofstra,CAA,191.0,75.0,DI,50.0,0.0,25.0,https://dxbhsrqyrr690.cloudfront.net/sidearm.nextgen.sites/nacda.com/documents/2023/6/27/Final22.23Standings.pdf,3.0,37.049180327868854,Hofstra,True,False,observed_scoring_school,46.36871508379888
hofstra,2023-24,Hofstra,CAA,199.0,64.0,DI,64.0,0.0,0.0,https://dxbhsrqyrr690.cloudfront.net/sidearm.nextgen.sites/nacda.com/documents/2024/6/26/23.24FinalDI.pdf,3.0,36.01286173633441,Hofstra,True,False,observed_scoring_school,44.10112359550562
hofstra,2024-25,Hofstra,CAA,180.0,80.0,DI,50.0,30.0,0.0,https://dxbhsrqyrr690.cloudfront.net/sidearm.nextgen.sites/nacda.com/documents/2025/6/23/24.25DivIStandingsFinal.pdf,3.0,40.26402640264026,Hofstra,True,False,observed_scoring_school,49.157303370786515
hofstra,2025-26,Hofstra,CAA,171.0,89.0,DI,64.0,25.0,0.0,https://dxbhsrqyrr690.cloudfront.net/sidearm.nextgen.sites/nacda.com/documents/2026/6/24/25.26DI_Final.pdf,3.0,43.355481727574755,Hofstra,True,False,observed_scoring_school,52.10674157303371
holy_cross,2017-18,,,,0.0,,,,,,,,Holy Cross,False,True,kept_known_d1_program,8.189655172413794
holy_cross,2018-19,,,,0.0,,,,,,,,Holy Cross,False,True,kept_known_d1_program,8.0
holy_cross,2020-21,Holy Cross,Patriot,255.0,25.0,FCS,25.0,0.0,0.0,https://dxbhsrqyrr690.cloudfront.net/sidearm.nextgen.sites/nacda.com/documents/2021/7/1/July2OverallDI.pdf,5.0,8.70307167235495,Holy Cross,True,False,observed_scoring_school,24.43502824858757
holy_cross,2021-22,Holy Cross,Patriot,225.0,53.0,FCS,53.0,0.0,0.0,https://dxbhsrqyrr690.cloudfront.net/sidearm.nextgen.sites/nacda.com/documents/2022/6/30/FinalDIstandings.pdf,5.0,23.728813559322035,Holy Cross,True,False,observed_scoring_school,36.61971830985916
holy_cross,2022-23,Holy Cross,Patriot,171.0,95.0,FCS,70.0,25.0,0.0,https://dxbhsrqyrr690.cloudfront.net/sidearm.nextgen.sites/nacda.com/documents/2023/6/27/Final22.23Standings.pdf,3.0,43.606557377049185,Holy Cross,True,False,observed_scoring_school,51.955307262569825
holy_cross,2023-24,Holy Cross,Patriot,262.0,25.0,FCS,0.0,25.0,0.0,https://dxbhsrqyrr690.cloudfront.net/sidearm.nextgen.sites/nacda.com/documents/2024/6/26/23.24FinalDI.pdf,5.0,10.128617363344052,Holy Cross,True,False,observed_scoring_school,21.48876404494382
holy_cross,2024-25,Holy Cross,Patriot,264.0,25.0,FCS,0.0,0.0,25.0,https://dxbhsrqyrr690.cloudfront.net/sidearm.nextgen.sites/nacda.com/documents/2025/6/23/24.25DivIStandingsFinal.pdf,5.0,9.075907590759076,Holy Cross,True,False,observed_scoring_school,22.6123595505618
holy_cross,2025-26,Holy Cross,Patriot,225.0,50.0,FCS,0.0,25.0,25.0,https://dxbhsrqyrr690.cloudfront.net/sidearm.nextgen.sites/nacda.com/documents/2026/6/24/25.26DI_Final.pdf,4.0,23.089700996677745,Holy Cross,True,False,observed_scoring_school,34.97191011235955
houston,2017-18,Houston,American,67.0,351.0,FBS,25.0,122.0,204.0,https://dxbhsrqyrr690.cloudfront.net/sidearm.nextgen.sites/nacda.com/documents/2018/7/18/June29overallDI.pdf,2.0,77.3972602739726,Houston,True,False,observed_scoring_school,81.03448275862068
houston,2018-19,Houston,American,60.0,402.83,FBS,25.0,211.33,166.5,https://dxbhsrqyrr690.cloudfront.net/sidearm.nextgen.sites/nacda.com/documents/2019/6/27/June28DIOverall.pdf,2.0,80.0,Houston,True,False,observed_scoring_school,83.14285714285714
houston,2020-21,Houston,American,76.0,249.0,FBS,25.0,126.5,97.5,https://dxbhsrqyrr690.cloudfront.net/sidearm.nextgen.sites/nacda.com/documents/2021/7/1/July2OverallDI.pdf,2.0,74.40273037542661,Houston,True,False,observed_scoring_school,78.8135593220339
houston,2021-22,Houston,American,99.0,189.0,FBS,57.0,73.0,59.0,https://dxbhsrqyrr690.cloudfront.net/sidearm.nextgen.sites/nacda.com/documents/2022/6/30/FinalDIstandings.pdf,2.0,66.77966101694915,Houston,True,False,observed_scoring_school,72.3943661971831
houston,2022-23,Houston,American,68.0,304.75,FBS,109.0,96.0,99.75,https://dxbhsrqyrr690.cloudfront.net/sidearm.nextgen.sites/nacda.com/documents/2023/6/27/Final22.23Standings.pdf,2.0,78.0327868852459,Houston,True,False,observed_scoring_school,81.28491620111731
houston,2023-24,Houston,Big 12,58.0,409.5,FBS,50.0,165.0,194.5,https://dxbhsrqyrr690.cloudfront.net/sidearm.nextgen.sites/nacda.com/documents/2024/6/26/23.24FinalDI.pdf,1.0,81.67202572347267,Houston,True,False,observed_scoring_school,83.98876404494382
houston,2024-25,Houston,Big 12,72.0,319.5,FBS,0.0,191.0,128.5,https://dxbhsrqyrr690.cloudfront.net/sidearm.nextgen.sites/nacda.com/documents/2025/6/23/24.25DivIStandingsFinal.pdf,2.0,76.56765676567657,Houston,True,False,observed_scoring_school,80.0561797752809
houston,2025-26,Houston,Big 12,88.0,236.5,FBS,55.0,87.0,94.5,https://dxbhsrqyrr690.cloudfront.net/sidearm.nextgen.sites/nacda.com/documents/2026/6/24/25.26DI_Final.pdf,2.0,70.93023255813954,Houston,True,False,observed_scoring_school,75.42134831460675
houston_christian,2017-18,Houston Baptist,Southland,287.0,19.0,FCS,0.0,0.0,19.0,https://dxbhsrqyrr690.cloudfront.net/sidearm.nextgen.sites/nacda.com/documents/2018/7/18/June29overallDI.pdf,6.0,2.054794520547945,Houston Christian,True,False,observed_scoring_school,17.81609195402299
houston_christian,2018-19,Houston Baptist,Southland,290.0,16.5,FCS,0.0,0.0,16.5,https://dxbhsrqyrr690.cloudfront.net/sidearm.nextgen.sites/nacda.com/documents/2019/6/27/June28DIOverall.pdf,6.0,2.0338983050847457,Houston Christian,True,False,observed_scoring_school,17.42857142857143
houston_christian,2020-21,Houston Baptist,Southland,287.0,13.0,FCS,0.0,13.0,0.0,https://dxbhsrqyrr690.cloudfront.net/sidearm.nextgen.sites/nacda.com/documents/2021/7/1/July2OverallDI.pdf,5.0,2.04778156996587,Houston Christian,True,False,observed_scoring_school,18.926553672316384
houston_christian,2021-22,,,,0.0,,,,,,,,Houston Christian,False,True,kept_known_d1_program,8.591549295774648
houston_christian,2022-23,,,,0.0,,,,,,,,Houston Christian,False,True,kept_known_d1_program,7.5418994413407825
houston_christian,2023-24,,,,0.0,,,,,,,,Houston Christian,False,True,kept_known_d1_program,6.460674157303371
houston_christian,2024-25,Houston Christian,Southland,264.0,25.0,FCS,0.0,0.0,25.0,https://dxbhsrqyrr690.cloudfront.net/sidearm.nextgen.sites/nacda.com/documents/2025/6/23/24.25DivIStandingsFinal.pdf,5.0,9.075907590759076,Houston Christian,True,False,observed_scoring_school,22.6123595505618
houston_christian,2025-26,Houston Christian,Southland,265.0,25.0,FCS,25.0,0.0,0.0,https://dxbhsrqyrr690.cloudfront.net/sidearm.nextgen.sites/nacda.com/documents/2026/6/24/25.26DI_Final.pdf,5.0,7.308970099667775,Houston Christian,True,False,observed_scoring_school,21.629213483146067
howard,2017-18,Howard,MEAC,258.0,25.0,FCS,25.0,0.0,0.0,https://dxbhsrqyrr690.cloudfront.net/sidearm.nextgen.sites/nacda.com/documents/2018/7/18/June29overallDI.pdf,6.0,7.363013698630137,Howard,True,False,observed_scoring_school,22.270114942528735
howard,2018-19,Howard,MEAC,223.0,50.0,FCS,50.0,0.0,0.0,https://dxbhsrqyrr690.cloudfront.net/sidearm.nextgen.sites/nacda.com/documents/2019/6/27/June28DIOverall.pdf,5.0,21.864406779661017,Howard,True,False,observed_scoring_school,34.14285714285714
howard,2020-21,,,,0.0,,,,,,,,Howard,False,True,kept_known_d1_program,8.757062146892656
howard,2021-22,Howard,MEAC,169.0,96.5,FCS,25.0,25.0,46.5,https://dxbhsrqyrr690.cloudfront.net/sidearm.nextgen.sites/nacda.com/documents/2022/6/30/FinalDIstandings.pdf,4.0,42.88135593220339,Howard,True,False,observed_scoring_school,52.53521126760563
howard,2022-23,Howard,MEAC,261.0,25.0,FCS,0.0,25.0,0.0,https://dxbhsrqyrr690.cloudfront.net/sidearm.nextgen.sites/nacda.com/documents/2023/6/27/Final22.23Standings.pdf,5.0,10.0,Howard,True,False,observed_scoring_school,23.324022346368714
howard,2023-24,Howard,MEAC,216.0,51.0,FBS,25.0,5.0,21.0,https://dxbhsrqyrr690.cloudfront.net/sidearm.nextgen.sites/nacda.com/documents/2024/6/26/23.24FinalDI.pdf,4.0,30.86816720257235,Howard,True,False,observed_scoring_school,39.60674157303371
howard,2024-25,Howard,MEAC,165.0,97.0,FCS,25.0,0.0,72.0,https://dxbhsrqyrr690.cloudfront.net/sidearm.nextgen.sites/nacda.com/documents/2025/6/23/24.25DivIStandingsFinal.pdf,3.0,45.87458745874587,Howard,True,False,observed_scoring_school,53.93258426966292
howard,2025-26,Howard,MEAC,136.0,123.0,FCS,0.0,50.0,73.0,https://dxbhsrqyrr690.cloudfront.net/sidearm.nextgen.sites/nacda.com/documents/2026/6/24/25.26DI_Final.pdf,3.0,55.14950166112956,Howard,True,False,observed_scoring_school,62.07865168539326
ipfw,2017-18,,,,0.0,,,,,,,,IPFW,False,True,kept_known_d1_program,8.189655172413794
ipfw,2018-19,,,,0.0,,,,,,,,IPFW,False,True,kept_known_d1_program,8.0
ipfw,2020-21,,,,0.0,,,,,,,,IPFW,False,True,kept_known_d1_program,8.757062146892656
ipfw,2021-22,,,,0.0,,,,,,,,IPFW,False,True,kept_known_d1_program,8.591549295774648
ipfw,2022-23,IPFW,Horizon League,298.0,5.0,DI,0.0,0.0,5.0,https://dxbhsrqyrr690.cloudfront.net/sidearm.nextgen.sites/nacda.com/documents/2023/6/27/Final22.23Standings.pdf,5.0,1.475409836065574,IPFW,True,False,observed_scoring_school,16.061452513966483
ipfw,2023-24,,,,0.0,,,,,,,,IPFW,False,True,kept_known_d1_program,6.460674157303371
ipfw,2024-25,,,,0.0,,,,,,,,IPFW,False,True,kept_known_d1_program,7.584269662921349
ipfw,2025-26,,,,0.0,,,,,,,,IPFW,False,True,kept_known_d1_program,7.865168539325842
iupui,2017-18,IUPUI,Horizon League,249.0,30.0,DI,25.0,0.0,5.0,https://dxbhsrqyrr690.cloudfront.net/sidearm.nextgen.sites/nacda.com/documents/2018/7/18/June29overallDI.pdf,5.0,14.383561643835616,IUPUI,True,False,observed_scoring_school,28.160919540229884
iupui,2018-19,IUPUI,Horizon League,265.0,26.0,DI,0.0,21.0,5.0,https://dxbhsrqyrr690.cloudfront.net/sidearm.nextgen.sites/nacda.com/documents/2019/6/27/June28DIOverall.pdf,5.0,10.508474576271183,IUPUI,True,False,observed_scoring_school,24.571428571428573
iupui,2020-21,,,,0.0,,,,,,,,IUPUI,False,True,kept_known_d1_program,8.757062146892656
iupui,2021-22,IUPUI,Horizon League,266.0,25.0,DI,0.0,25.0,0.0,https://dxbhsrqyrr690.cloudfront.net/sidearm.nextgen.sites/nacda.com/documents/2022/6/30/FinalDIstandings.pdf,6.0,5.932203389830509,IUPUI,True,False,observed_scoring_school,21.830985915492956
iupui,2022-23,,,,0.0,,,,,,,,IUPUI,False,True,kept_known_d1_program,7.5418994413407825
iupui,2023-24,,,,0.0,,,,,,,,IUPUI,False,True,kept_known_d1_program,6.460674157303371
iupui,2024-25,,,,0.0,,,,,,,,IUPUI,False,True,kept_known_d1_program,7.584269662921349
iupui,2025-26,IUPUI,Horizon League,263.0,26.0,DI,0.0,26.0,0.0,https://dxbhsrqyrr690.cloudfront.net/sidearm.nextgen.sites/nacda.com/documents/2026/6/24/25.26DI_Final.pdf,5.0,12.790697674418606,IUPUI,True,False,observed_scoring_school,26.264044943820224
idaho,2017-18,Idaho,Big Sky,203.0,69.0,FBS,0.0,0.0,69.0,https://dxbhsrqyrr690.cloudfront.net/sidearm.nextgen.sites/nacda.com/documents/2018/7/18/June29overallDI.pdf,4.0,30.82191780821918,Idaho,True,False,observed_scoring_school,41.95402298850575
idaho,2018-19,,,,0.0,,,,,,,,Idaho,False,True,kept_known_d1_program,8.0
idaho,2020-21,Idaho,Big Sky,284.0,21.0,FBS,0.0,0.0,21.0,https://dxbhsrqyrr690.cloudfront.net/sidearm.nextgen.sites/nacda.com/documents/2021/7/1/July2OverallDI.pdf,5.0,3.4129692832764507,Idaho,True,False,observed_scoring_school,20.056497175141246
idaho,2021-22,Idaho,Big Sky,266.0,25.0,FBS,0.0,0.0,25.0,https://dxbhsrqyrr690.cloudfront.net/sidearm.nextgen.sites/nacda.com/documents/2022/6/30/FinalDIstandings.pdf,5.0,5.932203389830509,Idaho,True,False,observed_scoring_school,21.830985915492956
idaho,2022-23,Idaho,Big Sky,223.0,50.0,FCS,25.0,0.0,25.0,https://dxbhsrqyrr690.cloudfront.net/sidearm.nextgen.sites/nacda.com/documents/2023/6/27/Final22.23Standings.pdf,4.0,24.75409836065574,Idaho,True,False,observed_scoring_school,35.89385474860335
idaho,2023-24,Idaho,Big Sky,160.0,95.0,FCS,95.0,0.0,0.0,https://dxbhsrqyrr690.cloudfront.net/sidearm.nextgen.sites/nacda.com/documents/2024/6/26/23.24FinalDI.pdf,3.0,48.71382636655949,Idaho,True,False,observed_scoring_school,55.19662921348315
idaho,2024-25,Idaho,Big Sky,204.0,65.0,FCS,65.0,0.0,0.0,https://dxbhsrqyrr690.cloudfront.net/sidearm.nextgen.sites/nacda.com/documents/2025/6/23/24.25DivIStandingsFinal.pdf,4.0,32.67326732673268,Idaho,True,False,observed_scoring_school,42.69662921348314
idaho,2025-26,Idaho,Big Sky,225.0,50.0,FCS,0.0,50.0,0.0,https://dxbhsrqyrr690.cloudfront.net/sidearm.nextgen.sites/nacda.com/documents/2026/6/24/25.26DI_Final.pdf,4.0,23.089700996677745,Idaho,True,False,observed_scoring_school,34.97191011235955
idaho_state,2017-18,,,,0.0,,,,,,,,Idaho State,False,True,kept_known_d1_program,8.189655172413794
idaho_state,2018-19,,,,0.0,,,,,,,,Idaho State,False,True,kept_known_d1_program,8.0
idaho_state,2020-21,Idaho State,Big Sky,255.0,25.0,FCS,0.0,25.0,0.0,https://dxbhsrqyrr690.cloudfront.net/sidearm.nextgen.sites/nacda.com/documents/2021/7/1/July2OverallDI.pdf,5.0,8.70307167235495,Idaho State,True,False,observed_scoring_school,24.43502824858757
idaho_state,2021-22,,,,0.0,,,,,,,,Idaho State,False,True,kept_known_d1_program,8.591549295774648
idaho_state,2022-23,,,,0.0,,,,,,,,Idaho State,False,True,kept_known_d1_program,7.5418994413407825
idaho_state,2023-24,,,,0.0,,,,,,,,Idaho State,False,True,kept_known_d1_program,6.460674157303371
idaho_state,2024-25,,,,0.0,,,,,,,,Idaho State,False,True,kept_known_d1_program,7.584269662921349
idaho_state,2025-26,Idaho State,Big Sky,265.0,25.0,FCS,0.0,0.0,25.0,https://dxbhsrqyrr690.cloudfront.net/sidearm.nextgen.sites/nacda.com/documents/2026/6/24/25.26DI_Final.pdf,5.0,7.308970099667775,Idaho State,True,False,observed_scoring_school,21.629213483146067
illinois,2017-18,Illinois,Big Ten,36.0,592.0,FBS,97.5,206.5,288.0,https://dxbhsrqyrr690.cloudfront.net/sidearm.nextgen.sites/nacda.com/documents/2018/7/18/June29overallDI.pdf,1.0,88.01369863013699,Illinois,True,False,observed_scoring_school,89.9425287356322
illinois,2018-19,Illinois,Big Ten,43.0,556.25,FBS,111.0,176.5,268.75,https://dxbhsrqyrr690.cloudfront.net/sidearm.nextgen.sites/nacda.com/documents/2019/6/27/June28DIOverall.pdf,1.0,85.76271186440678,Illinois,True,False,observed_scoring_school,88.0
illinois,2020-21,Illinois,Big Ten,47.0,462.25,FBS,32.0,263.5,166.75,https://dxbhsrqyrr690.cloudfront.net/sidearm.nextgen.sites/nacda.com/documents/2021/7/1/July2OverallDI.pdf,1.0,84.30034129692832,Illinois,True,False,observed_scoring_school,87.00564971751412
illinois,2021-22,Illinois,Big Ten,52.0,500.0,FBS,120.0,280.0,100.0,https://dxbhsrqyrr690.cloudfront.net/sidearm.nextgen.sites/nacda.com/documents/2022/6/30/FinalDIstandings.pdf,1.0,82.71186440677965,Illinois,True,False,observed_scoring_school,85.63380281690141
illinois,2022-23,Illinois,Big Ten,54.0,443.35,FBS,25.0,278.5,139.85,https://dxbhsrqyrr690.cloudfront.net/sidearm.nextgen.sites/nacda.com/documents/2023/6/27/Final22.23Standings.pdf,1.0,82.62295081967214,Illinois,True,False,observed_scoring_school,85.19553072625699
illinois,2023-24,Illinois,Big Ten,37.0,599.75,FBS,0.0,325.5,274.25,https://dxbhsrqyrr690.cloudfront.net/sidearm.nextgen.sites/nacda.com/documents/2024/6/26/23.24FinalDI.pdf,1.0,88.42443729903538,Illinois,True,False,observed_scoring_school,89.8876404494382
illinois,2024-25,Illinois,Big Ten,31.0,731.5,FBS,83.5,389.5,258.5,https://dxbhsrqyrr690.cloudfront.net/sidearm.nextgen.sites/nacda.com/documents/2025/6/23/24.25DivIStandingsFinal.pdf,1.0,90.0990099009901,Illinois,True,False,observed_scoring_school,91.57303370786516
illinois,2025-26,Illinois,Big Ten,31.0,687.75,FBS,74.0,397.5,216.25,https://dxbhsrqyrr690.cloudfront.net/sidearm.nextgen.sites/nacda.com/documents/2026/6/24/25.26DI_Final.pdf,1.0,90.03322259136213,Illinois,True,False,observed_scoring_school,91.57303370786516
illinois_chicago,2017-18,Illinois Chicago,Horizon League,217.0,50.0,DI,25.0,0.0,25.0,https://dxbhsrqyrr690.cloudfront.net/sidearm.nextgen.sites/nacda.com/documents/2018/7/18/June29overallDI.pdf,5.0,22.945205479452056,Illinois Chicago,True,False,observed_scoring_school,35.3448275862069
illinois_chicago,2018-19,Illinois Chicago,Horizon League,190.0,75.0,DI,25.0,0.0,50.0,https://dxbhsrqyrr690.cloudfront.net/sidearm.nextgen.sites/nacda.com/documents/2019/6/27/June28DIOverall.pdf,4.0,34.40677966101695,Illinois Chicago,True,False,observed_scoring_school,44.714285714285715
illinois_chicago,2020-21,Illinois Chicago,Horizon League,215.0,50.0,DI,0.0,0.0,50.0,https://dxbhsrqyrr690.cloudfront.net/sidearm.nextgen.sites/nacda.com/documents/2021/7/1/July2OverallDI.pdf,4.0,24.2320819112628,Illinois Chicago,True,False,observed_scoring_school,37.28813559322034
illinois_chicago,2021-22,Illinois Chicago,Horizon League,266.0,25.0,DI,25.0,0.0,0.0,https://dxbhsrqyrr690.cloudfront.net/sidearm.nextgen.sites/nacda.com/documents/2022/6/30/FinalDIstandings.pdf,6.0,5.932203389830509,Illinois Chicago,True,False,observed_scoring_school,21.830985915492956
illinois_chicago,2022-23,,,,0.0,,,,,,,,Illinois Chicago,False,True,kept_known_d1_program,7.5418994413407825
illinois_chicago,2023-24,,,,0.0,,,,,,,,Illinois Chicago,False,True,kept_known_d1_program,6.460674157303371
illinois_chicago,2024-25,Illinois Chicago,Missouri Valley,264.0,25.0,DI,0.0,0.0,25.0,https://dxbhsrqyrr690.cloudfront.net/sidearm.nextgen.sites/nacda.com/documents/2025/6/23/24.25DivIStandingsFinal.pdf,5.0,9.075907590759076,Illinois Chicago,True,False,observed_scoring_school,22.6123595505618
illinois_chicago,2025-26,Illinois Chicago,Missouri Valley,225.0,50.0,DI,25.0,0.0,25.0,https://dxbhsrqyrr690.cloudfront.net/sidearm.nextgen.sites/nacda.com/documents/2026/6/24/25.26DI_Final.pdf,4.0,23.089700996677745,Illinois Chicago,True,False,observed_scoring_school,34.97191011235955
illinois_state,2017-18,,,,0.0,,,,,,,,Illinois State,False,True,kept_known_d1_program,8.189655172413794
illinois_state,2018-19,Illinois State,Missouri Valley,133.0,116.5,FCS,25.0,0.0,91.5,https://dxbhsrqyrr690.cloudfront.net/sidearm.nextgen.sites/nacda.com/documents/2019/6/27/June28DIOverall.pdf,3.0,55.254237288135585,Illinois State,True,False,observed_scoring_school,62.28571428571429
illinois_state,2020-21,Illinois State,Missouri Valley,234.0,47.5,FCS,25.0,0.0,22.5,https://dxbhsrqyrr690.cloudfront.net/sidearm.nextgen.sites/nacda.com/documents/2021/7/1/July2OverallDI.pdf,5.0,20.477815699658706,Illinois State,True,False,observed_scoring_school,34.18079096045198
illinois_state,2021-22,Illinois State,Missouri Valley,175.0,93.0,FCS,25.0,25.0,43.0,https://dxbhsrqyrr690.cloudfront.net/sidearm.nextgen.sites/nacda.com/documents/2022/6/30/FinalDIstandings.pdf,4.0,41.01694915254237,Illinois State,True,False,observed_scoring_school,50.985915492957744
illinois_state,2022-23,Illinois State,Missouri Valley,296.0,15.5,FCS,0.0,0.0,15.5,https://dxbhsrqyrr690.cloudfront.net/sidearm.nextgen.sites/nacda.com/documents/2023/6/27/Final22.23Standings.pdf,5.0,3.278688524590164,Illinois State,True,False,observed_scoring_school,17.59776536312849
illinois_state,2023-24,Illinois State,Missouri Valley,306.0,5.0,FCS,0.0,0.0,5.0,https://dxbhsrqyrr690.cloudfront.net/sidearm.nextgen.sites/nacda.com/documents/2024/6/26/23.24FinalDI.pdf,5.0,1.1254019292604502,Illinois State,True,False,observed_scoring_school,13.623595505617978
illinois_state,2024-25,Illinois State,Missouri Valley,164.0,97.3,FCS,72.0,0.0,25.3,https://dxbhsrqyrr690.cloudfront.net/sidearm.nextgen.sites/nacda.com/documents/2025/6/23/24.25DivIStandingsFinal.pdf,3.0,46.2046204620462,Illinois State,True,False,observed_scoring_school,54.21348314606742
illinois_state,2025-26,Illinois State,Missouri Valley,128.0,131.0,FCS,90.0,0.0,41.0,https://dxbhsrqyrr690.cloudfront.net/sidearm.nextgen.sites/nacda.com/documents/2026/6/24/25.26DI_Final.pdf,2.0,57.80730897009967,Illinois State,True,False,observed_scoring_school,64.32584269662921
incarnate_word,2017-18,Incarnate Word,Southland,246.0,34.0,FCS,0.0,34.0,0.0,https://dxbhsrqyrr690.cloudfront.net/sidearm.nextgen.sites/nacda.com/documents/2018/7/18/June29overallDI.pdf,5.0,16.095890410958905,Incarnate Word,True,False,observed_scoring_school,29.597701149425287
incarnate_word,2018-19,Incarnate Word,Southland,161.0,95.0,FCS,25.0,55.0,15.0,https://dxbhsrqyrr690.cloudfront.net/sidearm.nextgen.sites/nacda.com/documents/2019/6/27/June28DIOverall.pdf,3.0,45.593220338983045,Incarnate Word,True,False,observed_scoring_school,54.142857142857146
incarnate_word,2020-21,Incarnate Word,Southland,233.0,48.0,FCS,0.0,48.0,0.0,https://dxbhsrqyrr690.cloudfront.net/sidearm.nextgen.sites/nacda.com/documents/2021/7/1/July2OverallDI.pdf,5.0,20.819112627986343,Incarnate Word,True,False,observed_scoring_school,34.463276836158194
incarnate_word,2021-22,Incarnate Word,Southland,183.0,86.0,FCS,53.0,33.0,0.0,https://dxbhsrqyrr690.cloudfront.net/sidearm.nextgen.sites/nacda.com/documents/2022/6/30/FinalDIstandings.pdf,4.0,38.13559322033898,Incarnate Word,True,False,observed_scoring_school,48.59154929577465
incarnate_word,2022-23,Incarnate Word,Southland,157.0,109.0,FCS,83.0,26.0,0.0,https://dxbhsrqyrr690.cloudfront.net/sidearm.nextgen.sites/nacda.com/documents/2023/6/27/Final22.23Standings.pdf,3.0,48.36065573770492,Incarnate Word,True,False,observed_scoring_school,56.005586592178766
incarnate_word,2023-24,Incarnate Word,Southland,214.0,56.0,FCS,28.0,28.0,0.0,https://dxbhsrqyrr690.cloudfront.net/sidearm.nextgen.sites/nacda.com/documents/2024/6/26/23.24FinalDI.pdf,4.0,31.511254019292608,Incarnate Word,True,False,observed_scoring_school,40.168539325842694
incarnate_word,2024-25,Incarnate Word,Southland,122.0,144.0,FCS,92.0,52.0,0.0,https://dxbhsrqyrr690.cloudfront.net/sidearm.nextgen.sites/nacda.com/documents/2025/6/23/24.25DivIStandingsFinal.pdf,2.0,60.066006600660074,Incarnate Word,True,False,observed_scoring_school,66.01123595505618
incarnate_word,2025-26,Incarnate Word,Southland,254.0,30.0,FCS,0.0,30.0,0.0,https://dxbhsrqyrr690.cloudfront.net/sidearm.nextgen.sites/nacda.com/documents/2026/6/24/25.26DI_Final.pdf,4.0,14.78405315614618,Incarnate Word,True,False,observed_scoring_school,27.94943820224719
indiana,2017-18,Indiana,Big Ten,49.0,491.0,FBS,140.0,250.0,101.0,https://dxbhsrqyrr690.cloudfront.net/sidearm.nextgen.sites/nacda.com/documents/2018/7/18/June29overallDI.pdf,1.0,83.56164383561644,Indiana,True,False,observed_scoring_school,86.20689655172413
indiana,2018-19,Indiana,Big Ten,32.0,719.5,FBS,196.0,316.0,207.5,https://dxbhsrqyrr690.cloudfront.net/sidearm.nextgen.sites/nacda.com/documents/2019/6/27/June28DIOverall.pdf,1.0,89.49152542372882,Indiana,True,False,observed_scoring_school,91.14285714285715
indiana,2020-21,Indiana,Big Ten,34.0,569.5,FBS,211.0,309.5,49.0,https://dxbhsrqyrr690.cloudfront.net/sidearm.nextgen.sites/nacda.com/documents/2021/7/1/July2OverallDI.pdf,1.0,88.73720136518772,Indiana,True,False,observed_scoring_school,90.67796610169492
indiana,2021-22,Indiana,Big Ten,64.0,358.0,FBS,64.0,289.0,5.0,https://dxbhsrqyrr690.cloudfront.net/sidearm.nextgen.sites/nacda.com/documents/2022/6/30/FinalDIstandings.pdf,2.0,78.64406779661017,Indiana,True,False,observed_scoring_school,82.25352112676056
indiana,2022-23,Indiana,Big Ten,40.0,581.5,FBS,90.0,317.5,174.0,https://dxbhsrqyrr690.cloudfront.net/sidearm.nextgen.sites/nacda.com/documents/2023/6/27/Final22.23Standings.pdf,1.0,87.21311475409837,Indiana,True,False,observed_scoring_school,89.10614525139665
indiana,2023-24,Indiana,Big Ten,41.0,564.0,FBS,98.0,314.0,152.0,https://dxbhsrqyrr690.cloudfront.net/sidearm.nextgen.sites/nacda.com/documents/2024/6/26/23.24FinalDI.pdf,1.0,87.13826366559485,Indiana,True,False,observed_scoring_school,88.76404494382022
indiana,2024-25,Indiana,Big Ten,51.0,489.5,FBS,131.5,264.0,94.0,https://dxbhsrqyrr690.cloudfront.net/sidearm.nextgen.sites/nacda.com/documents/2025/6/23/24.25DivIStandingsFinal.pdf,1.0,83.4983498349835,Indiana,True,False,observed_scoring_school,85.95505617977528
indiana,2025-26,Indiana,Big Ten,47.0,564.5,FBS,214.0,246.5,104.0,https://dxbhsrqyrr690.cloudfront.net/sidearm.nextgen.sites/nacda.com/documents/2026/6/24/25.26DI_Final.pdf,1.0,84.71760797342192,Indiana,True,False,observed_scoring_school,87.07865168539325
indiana_state,2017-18,,,,0.0,,,,,,,,Indiana State,False,True,kept_known_d1_program,8.189655172413794
indiana_state,2018-19,Indiana State,Missouri Valley,129.0,120.5,FCS,0.0,30.0,90.5,https://dxbhsrqyrr690.cloudfront.net/sidearm.nextgen.sites/nacda.com/documents/2019/6/27/June28DIOverall.pdf,3.0,56.61016949152542,Indiana State,True,False,observed_scoring_school,63.42857142857142
indiana_state,2020-21,Indiana State,Missouri Valley,245.0,37.5,FCS,0.0,0.0,37.5,https://dxbhsrqyrr690.cloudfront.net/sidearm.nextgen.sites/nacda.com/documents/2021/7/1/July2OverallDI.pdf,5.0,16.552901023890783,Indiana State,True,False,observed_scoring_school,30.93220338983051
indiana_state,2021-22,,,,0.0,,,,,,,,Indiana State,False,True,kept_known_d1_program,8.591549295774648
indiana_state,2022-23,Indiana State,Missouri Valley,203.0,64.0,FCS,0.0,0.0,64.0,https://dxbhsrqyrr690.cloudfront.net/sidearm.nextgen.sites/nacda.com/documents/2023/6/27/Final22.23Standings.pdf,4.0,33.77049180327869,Indiana State,True,False,observed_scoring_school,43.575418994413404
indiana_state,2023-24,Indiana State,Missouri Valley,217.0,50.0,FCS,0.0,0.0,50.0,https://dxbhsrqyrr690.cloudfront.net/sidearm.nextgen.sites/nacda.com/documents/2024/6/26/23.24FinalDI.pdf,4.0,27.974276527331188,Indiana State,True,False,observed_scoring_school,37.07865168539326
indiana_state,2024-25,,,,0.0,,,,,,,,Indiana State,False,True,kept_known_d1_program,7.584269662921349
indiana_state,2025-26,Indiana State,Missouri Valley,263.0,26.0,FCS,0.0,17.0,9.0,https://dxbhsrqyrr690.cloudfront.net/sidearm.nextgen.sites/nacda.com/documents/2026/6/24/25.26DI_Final.pdf,5.0,12.790697674418606,Indiana State,True,False,observed_scoring_school,26.264044943820224
iona,2017-18,Iona,MAAC,169.0,94.5,DI,64.5,25.0,5.0,https://dxbhsrqyrr690.cloudfront.net/sidearm.nextgen.sites/nacda.com/documents/2018/7/18/June29overallDI.pdf,4.0,42.465753424657535,Iona,True,False,observed_scoring_school,51.724137931034484
iona,2018-19,Iona,MAAC,123.0,129.0,DI,99.0,25.0,5.0,https://dxbhsrqyrr690.cloudfront.net/sidearm.nextgen.sites/nacda.com/documents/2019/6/27/June28DIOverall.pdf,3.0,58.644067796610166,Iona,True,False,observed_scoring_school,65.14285714285715
iona,2020-21,Iona,MAAC,161.0,90.0,DI,60.0,25.0,5.0,https://dxbhsrqyrr690.cloudfront.net/sidearm.nextgen.sites/nacda.com/documents/2021/7/1/July2OverallDI.pdf,3.0,45.39249146757679,Iona,True,False,observed_scoring_school,54.80225988700565
iona,2021-22,Iona,MAAC,264.0,29.0,DI,29.0,0.0,0.0,https://dxbhsrqyrr690.cloudfront.net/sidearm.nextgen.sites/nacda.com/documents/2022/6/30/FinalDIstandings.pdf,5.0,10.677966101694915,Iona,True,False,observed_scoring_school,25.774647887323944
iona,2022-23,Iona,MAAC,189.0,77.0,DI,27.0,50.0,0.0,https://dxbhsrqyrr690.cloudfront.net/sidearm.nextgen.sites/nacda.com/documents/2023/6/27/Final22.23Standings.pdf,3.0,38.36065573770492,Iona,True,False,observed_scoring_school,47.486033519553075
iona,2023-24,Iona,MAAC,195.0,65.5,DI,45.0,0.0,20.5,https://dxbhsrqyrr690.cloudfront.net/sidearm.nextgen.sites/nacda.com/documents/2024/6/26/23.24FinalDI.pdf,3.0,37.62057877813505,Iona,True,False,observed_scoring_school,45.50561797752809
iona,2024-25,Iona,MAAC,224.0,52.0,DI,52.0,0.0,0.0,https://dxbhsrqyrr690.cloudfront.net/sidearm.nextgen.sites/nacda.com/documents/2025/6/23/24.25DivIStandingsFinal.pdf,4.0,26.4026402640264,Iona,True,False,observed_scoring_school,37.359550561797754
iona,2025-26,Iona,MAAC,241.0,47.0,DI,42.0,0.0,5.0,https://dxbhsrqyrr690.cloudfront.net/sidearm.nextgen.sites/nacda.com/documents/2026/6/24/25.26DI_Final.pdf,4.0,20.09966777408638,Iona,True,False,observed_scoring_school,32.4438202247191
iowa,2017-18,Iowa,Big Ten,54.0,457.5,FBS,45.0,250.5,162.0,https://dxbhsrqyrr690.cloudfront.net/sidearm.nextgen.sites/nacda.com/documents/2018/7/18/June29overallDI.pdf,2.0,81.84931506849315,Iowa,True,False,observed_scoring_school,84.77011494252874
iowa,2018-19,Iowa,Big Ten,38.0,629.5,FBS,98.0,367.0,164.5,https://dxbhsrqyrr690.cloudfront.net/sidearm.nextgen.sites/nacda.com/documents/2019/6/27/June28DIOverall.pdf,1.0,87.45762711864407,Iowa,True,False,observed_scoring_school,89.42857142857143
iowa,2020-21,Iowa,Big Ten,30.0,658.5,FBS,193.0,346.5,119.0,https://dxbhsrqyrr690.cloudfront.net/sidearm.nextgen.sites/nacda.com/documents/2021/7/1/July2OverallDI.pdf,1.0,90.10238907849828,Iowa,True,False,observed_scoring_school,91.80790960451978
iowa,2021-22,Iowa,Big Ten,55.0,450.25,FBS,121.0,296.75,32.5,https://dxbhsrqyrr690.cloudfront.net/sidearm.nextgen.sites/nacda.com/documents/2022/6/30/FinalDIstandings.pdf,2.0,81.69491525423729,Iowa,True,False,observed_scoring_school,84.78873239436619
iowa,2022-23,Iowa,Big Ten,48.0,487.0,FBS,115.0,288.0,84.0,https://dxbhsrqyrr690.cloudfront.net/sidearm.nextgen.sites/nacda.com/documents/2023/6/27/Final22.23Standings.pdf,1.0,84.59016393442623,Iowa,True,False,observed_scoring_school,86.87150837988827
iowa,2023-24,Iowa,Big Ten,64.0,391.5,FBS,147.0,234.0,10.5,https://dxbhsrqyrr690.cloudfront.net/sidearm.nextgen.sites/nacda.com/documents/2024/6/26/23.24FinalDI.pdf,1.0,79.7427652733119,Iowa,True,False,observed_scoring_school,82.30337078651685
iowa,2024-25,Iowa,Big Ten,59.0,433.5,FBS,89.0,254.0,90.5,https://dxbhsrqyrr690.cloudfront.net/sidearm.nextgen.sites/nacda.com/documents/2025/6/23/24.25DivIStandingsFinal.pdf,1.0,80.85808580858085,Iowa,True,False,observed_scoring_school,83.70786516853933
iowa,2025-26,Iowa,Big Ten,37.0,662.0,FBS,152.0,443.0,67.0,https://dxbhsrqyrr690.cloudfront.net/sidearm.nextgen.sites/nacda.com/documents/2026/6/24/25.26DI_Final.pdf,1.0,88.03986710963456,Iowa,True,False,observed_scoring_school,89.8876404494382
iowa_state,2017-18,Iowa State,Big 12,56.0,436.0,FBS,221.0,115.5,99.5,https://dxbhsrqyrr690.cloudfront.net/sidearm.nextgen.sites/nacda.com/documents/2018/7/18/June29overallDI.pdf,2.0,81.16438356164383,Iowa State,True,False,observed_scoring_school,84.19540229885058
iowa_state,2018-19,Iowa State,Big 12,53.0,474.0,FBS,157.0,213.5,103.5,https://dxbhsrqyrr690.cloudfront.net/sidearm.nextgen.sites/nacda.com/documents/2019/6/27/June28DIOverall.pdf,1.0,82.37288135593221,Iowa State,True,False,observed_scoring_school,85.14285714285714
iowa_state,2020-21,Iowa State,Big 12,38.0,547.75,FBS,159.0,220.75,168.0,https://dxbhsrqyrr690.cloudfront.net/sidearm.nextgen.sites/nacda.com/documents/2021/7/1/July2OverallDI.pdf,1.0,87.37201365187714,Iowa State,True,False,observed_scoring_school,89.54802259887006
iowa_state,2021-22,Iowa State,Big 12,42.0,540.5,FBS,209.0,253.0,78.5,https://dxbhsrqyrr690.cloudfront.net/sidearm.nextgen.sites/nacda.com/documents/2022/6/30/FinalDIstandings.pdf,1.0,86.10169491525423,Iowa State,True,False,observed_scoring_school,88.45070422535211
iowa_state,2022-23,Iowa State,Big 12,62.0,375.5,FBS,103.0,116.0,156.5,https://dxbhsrqyrr690.cloudfront.net/sidearm.nextgen.sites/nacda.com/documents/2023/6/27/Final22.23Standings.pdf,1.0,80.0,Iowa State,True,False,observed_scoring_school,82.9608938547486
iowa_state,2023-24,Iowa State,Big 12,35.0,649.5,FBS,179.0,343.5,127.0,https://dxbhsrqyrr690.cloudfront.net/sidearm.nextgen.sites/nacda.com/documents/2024/6/26/23.24FinalDI.pdf,1.0,89.06752411575563,Iowa State,True,False,observed_scoring_school,90.4494382022472
iowa_state,2024-25,Iowa State,Big 12,56.0,466.5,FBS,179.0,173.0,114.5,https://dxbhsrqyrr690.cloudfront.net/sidearm.nextgen.sites/nacda.com/documents/2025/6/23/24.25DivIStandingsFinal.pdf,1.0,81.84818481848185,Iowa State,True,False,observed_scoring_school,84.5505617977528
iowa_state,2025-26,Iowa State,Big 12,43.0,600.75,FBS,189.0,248.75,163.0,https://dxbhsrqyrr690.cloudfront.net/sidearm.nextgen.sites/nacda.com/documents/2026/6/24/25.26DI_Final.pdf,1.0,86.04651162790698,Iowa State,True,False,observed_scoring_school,88.20224719101124
jackson_state,2017-18,,,,0.0,,,,,,,,Jackson State,False,True,kept_known_d1_program,8.189655172413794
jackson_state,2018-19,,,,0.0,,,,,,,,Jackson State,False,True,kept_known_d1_program,8.0
jackson_state,2020-21,Jackson State,SWAC,215.0,50.0,FCS,25.0,25.0,0.0,https://dxbhsrqyrr690.cloudfront.net/sidearm.nextgen.sites/nacda.com/documents/2021/7/1/July2OverallDI.pdf,4.0,24.2320819112628,Jackson State,True,False,observed_scoring_school,37.28813559322034
jackson_state,2021-22,Jackson State,SWAC,229.0,50.0,FCS,0.0,25.0,25.0,https://dxbhsrqyrr690.cloudfront.net/sidearm.nextgen.sites/nacda.com/documents/2022/6/30/FinalDIstandings.pdf,5.0,20.0,Jackson State,True,False,observed_scoring_school,33.52112676056338
jackson_state,2022-23,Jackson State,SWAC,261.0,25.0,FCS,25.0,0.0,0.0,https://dxbhsrqyrr690.cloudfront.net/sidearm.nextgen.sites/nacda.com/documents/2023/6/27/Final22.23Standings.pdf,5.0,10.0,Jackson State,True,False,observed_scoring_school,23.324022346368714
jackson_state,2023-24,Jackson State,SWAC,182.0,75.0,FCS,25.0,25.0,25.0,https://dxbhsrqyrr690.cloudfront.net/sidearm.nextgen.sites/nacda.com/documents/2024/6/26/23.24FinalDI.pdf,3.0,40.51446945337621,Jackson State,True,False,observed_scoring_school,48.03370786516854
jackson_state,2024-25,Jackson State,SWAC,197.0,70.0,FCS,45.0,0.0,25.0,https://dxbhsrqyrr690.cloudfront.net/sidearm.nextgen.sites/nacda.com/documents/2025/6/23/24.25DivIStandingsFinal.pdf,4.0,34.48844884488449,Jackson State,True,False,observed_scoring_school,44.241573033707866
jackson_state,2025-26,,,,0.0,,,,,,,,Jackson State,False,True,kept_known_d1_program,7.865168539325842
jacksonville,2017-18,Jacksonville,Atlantic Sun,147.0,108.5,FCS,0.0,0.0,108.5,https://dxbhsrqyrr690.cloudfront.net/sidearm.nextgen.sites/nacda.com/documents/2018/7/18/June29overallDI.pdf,3.0,50.0,Jacksonville,True,False,observed_scoring_school,58.04597701149425
jacksonville,2018-19,Jacksonville,ASUN,266.0,25.0,FCS,0.0,0.0,25.0,https://dxbhsrqyrr690.cloudfront.net/sidearm.nextgen.sites/nacda.com/documents/2019/6/27/June28DIOverall.pdf,6.0,6.779661016949152,Jacksonville,True,False,observed_scoring_school,21.428571428571427
jacksonville,2020-21,Jacksonville,ASUN,141.0,103.0,FCS,25.0,0.0,78.0,https://dxbhsrqyrr690.cloudfront.net/sidearm.nextgen.sites/nacda.com/documents/2021/7/1/July2OverallDI.pdf,3.0,52.218430034129696,Jacksonville,True,False,observed_scoring_school,60.451977401129945
jacksonville,2021-22,Jacksonville,ASUN,188.0,83.0,FCS,0.0,0.0,83.0,https://dxbhsrqyrr690.cloudfront.net/sidearm.nextgen.sites/nacda.com/documents/2022/6/30/FinalDIstandings.pdf,4.0,36.271186440677965,Jacksonville,True,False,observed_scoring_school,47.04225352112676
jacksonville,2022-23,Jacksonville,ASUN,209.0,55.0,FCS,0.0,0.0,55.0,https://dxbhsrqyrr690.cloudfront.net/sidearm.nextgen.sites/nacda.com/documents/2023/6/27/Final22.23Standings.pdf,4.0,31.311475409836063,Jacksonville,True,False,observed_scoring_school,41.4804469273743
jacksonville,2023-24,Jacksonville,ASUN,253.0,30.0,FCS,0.0,0.0,30.0,https://dxbhsrqyrr690.cloudfront.net/sidearm.nextgen.sites/nacda.com/documents/2024/6/26/23.24FinalDI.pdf,4.0,18.167202572347264,Jacksonville,True,False,observed_scoring_school,28.51123595505618
jacksonville,2024-25,,,,0.0,,,,,,,,Jacksonville,False,True,kept_known_d1_program,7.584269662921349
jacksonville,2025-26,Jacksonville,ASUN,133.0,125.0,DI,0.0,25.0,100.0,https://dxbhsrqyrr690.cloudfront.net/sidearm.nextgen.sites/nacda.com/documents/2026/6/24/25.26DI_Final.pdf,3.0,55.98006644518272,Jacksonville,True,False,observed_scoring_school,62.78089887640449
jacksonville_state,2017-18,Jacksonville State,OVC,148.0,108.0,FCS,53.0,0.0,55.0,https://dxbhsrqyrr690.cloudfront.net/sidearm.nextgen.sites/nacda.com/documents/2018/7/18/June29overallDI.pdf,3.0,49.486301369863014,Jacksonville State,True,False,observed_scoring_school,57.61494252873563
jacksonville_state,2018-19,Jacksonville State,OVC,145.0,108.0,FCS,53.0,0.0,55.0,https://dxbhsrqyrr690.cloudfront.net/sidearm.nextgen.sites/nacda.com/documents/2019/6/27/June28DIOverall.pdf,3.0,51.01694915254237,Jacksonville State,True,False,observed_scoring_school,58.71428571428572
jacksonville_state,2020-21,Jacksonville State,OVC,200.0,65.0,FCS,60.0,0.0,5.0,https://dxbhsrqyrr690.cloudfront.net/sidearm.nextgen.sites/nacda.com/documents/2021/7/1/July2OverallDI.pdf,4.0,31.91126279863481,Jacksonville State,True,False,observed_scoring_school,43.64406779661017
jacksonville_state,2021-22,Jacksonville State,ASUN,266.0,25.0,FCS,0.0,25.0,0.0,https://dxbhsrqyrr690.cloudfront.net/sidearm.nextgen.sites/nacda.com/documents/2022/6/30/FinalDIstandings.pdf,6.0,5.932203389830509,Jacksonville State,True,False,observed_scoring_school,21.830985915492956
jacksonville_state,2022-23,,,,0.0,,,,,,,,Jacksonville State,False,True,kept_known_d1_program,7.5418994413407825
jacksonville_state,2023-24,Jacksonville State,Conference USA,123.0,145.0,FBS,45.0,100.0,0.0,https://dxbhsrqyrr690.cloudfront.net/sidearm.nextgen.sites/nacda.com/documents/2024/6/26/23.24FinalDI.pdf,2.0,60.61093247588425,Jacksonville State,True,False,observed_scoring_school,65.58988764044943
jacksonville_state,2024-25,Jacksonville State,Conference USA,141.0,115.0,FBS,25.0,90.0,0.0,https://dxbhsrqyrr690.cloudfront.net/sidearm.nextgen.sites/nacda.com/documents/2025/6/23/24.25DivIStandingsFinal.pdf,3.0,53.63036303630363,Jacksonville State,True,False,observed_scoring_school,60.53370786516854
jacksonville_state,2025-26,Jacksonville State,Conference USA,95.0,220.0,FBS,45.0,100.0,75.0,https://dxbhsrqyrr690.cloudfront.net/sidearm.nextgen.sites/nacda.com/documents/2026/6/24/25.26DI_Final.pdf,2.0,68.77076411960132,Jacksonville State,True,False,observed_scoring_school,73.59550561797754
james_madison,2017-18,James Madison,CAA,81.0,252.5,FCS,115.0,0.0,137.5,https://dxbhsrqyrr690.cloudfront.net/sidearm.nextgen.sites/nacda.com/documents/2018/7/18/June29overallDI.pdf,2.0,72.6027397260274,James Madison,True,False,observed_scoring_school,77.01149425287356
james_madison,2018-19,James Madison,CAA,84.0,240.0,FCS,126.0,0.0,114.0,https://dxbhsrqyrr690.cloudfront.net/sidearm.nextgen.sites/nacda.com/documents/2019/6/27/June28DIOverall.pdf,2.0,71.86440677966101,James Madison,True,False,observed_scoring_school,76.28571428571429
james_madison,2020-21,James Madison,CAA,67.0,314.0,FCS,133.0,0.0,181.0,https://dxbhsrqyrr690.cloudfront.net/sidearm.nextgen.sites/nacda.com/documents/2021/7/1/July2OverallDI.pdf,2.0,77.47440273037543,James Madison,True,False,observed_scoring_school,81.35593220338984
james_madison,2021-22,James Madison,CAA,126.0,136.0,FCS,83.0,0.0,53.0,https://dxbhsrqyrr690.cloudfront.net/sidearm.nextgen.sites/nacda.com/documents/2022/6/30/FinalDIstandings.pdf,3.0,57.45762711864407,James Madison,True,False,observed_scoring_school,64.64788732394366
james_madison,2022-23,James Madison,Sun Belt,147.0,120.0,FCS,25.0,25.0,70.0,https://dxbhsrqyrr690.cloudfront.net/sidearm.nextgen.sites/nacda.com/documents/2023/6/27/Final22.23Standings.pdf,3.0,51.47540983606558,James Madison,True,False,observed_scoring_school,58.659217877094974
james_madison,2023-24,James Madison,Sun Belt,77.0,292.0,FBS,139.0,50.0,103.0,https://dxbhsrqyrr690.cloudfront.net/sidearm.nextgen.sites/nacda.com/documents/2024/6/26/23.24FinalDI.pdf,2.0,75.40192926045016,James Madison,True,False,observed_scoring_school,78.51123595505618
james_madison,2024-25,James Madison,Sun Belt,166.0,95.0,FBS,70.0,0.0,25.0,https://dxbhsrqyrr690.cloudfront.net/sidearm.nextgen.sites/nacda.com/documents/2025/6/23/24.25DivIStandingsFinal.pdf,3.0,45.21452145214521,James Madison,True,False,observed_scoring_school,53.37078651685393
james_madison,2025-26,James Madison,Sun Belt,127.0,132.0,FBS,54.0,25.0,53.0,https://dxbhsrqyrr690.cloudfront.net/sidearm.nextgen.sites/nacda.com/documents/2026/6/24/25.26DI_Final.pdf,2.0,58.139534883720934,James Madison,True,False,observed_scoring_school,64.60674157303372
kansas,2017-18,Kansas,Big 12,57.0,412.5,FBS,25.0,195.0,192.5,https://dxbhsrqyrr690.cloudfront.net/sidearm.nextgen.sites/nacda.com/documents/2018/7/18/June29overallDI.pdf,2.0,80.82191780821918,Kansas,True,False,observed_scoring_school,83.9080459770115
kansas,2018-19,Kansas,Big 12,63.0,380.0,FBS,50.0,159.5,170.5,https://dxbhsrqyrr690.cloudfront.net/sidearm.nextgen.sites/nacda.com/documents/2019/6/27/June28DIOverall.pdf,2.0,78.98305084745762,Kansas,True,False,observed_scoring_school,82.28571428571428
kansas,2020-21,Kansas,Big 12,82.0,212.5,FBS,0.0,116.5,96.0,https://dxbhsrqyrr690.cloudfront.net/sidearm.nextgen.sites/nacda.com/documents/2021/7/1/July2OverallDI.pdf,2.0,72.35494880546075,Kansas,True,False,observed_scoring_school,77.11864406779661
kansas,2021-22,Kansas,Big 12,61.0,384.5,FBS,64.0,188.5,132.0,https://dxbhsrqyrr690.cloudfront.net/sidearm.nextgen.sites/nacda.com/documents/2022/6/30/FinalDIstandings.pdf,2.0,79.66101694915254,Kansas,True,False,observed_scoring_school,83.09859154929578
kansas,2022-23,Kansas,Big 12,65.0,353.0,FBS,75.0,154.5,123.5,https://dxbhsrqyrr690.cloudfront.net/sidearm.nextgen.sites/nacda.com/documents/2023/6/27/Final22.23Standings.pdf,1.0,79.01639344262294,Kansas,True,False,observed_scoring_school,82.12290502793296
kansas,2023-24,Kansas,Big 12,62.0,400.25,FBS,101.0,182.5,116.75,https://dxbhsrqyrr690.cloudfront.net/sidearm.nextgen.sites/nacda.com/documents/2024/6/26/23.24FinalDI.pdf,1.0,80.38585209003215,Kansas,True,False,observed_scoring_school,82.86516853932584
kansas,2024-25,Kansas,Big 12,65.0,388.0,FBS,75.0,109.5,203.5,https://dxbhsrqyrr690.cloudfront.net/sidearm.nextgen.sites/nacda.com/documents/2025/6/23/24.25DivIStandingsFinal.pdf,2.0,78.87788778877888,Kansas,True,False,observed_scoring_school,82.02247191011236
kansas,2025-26,Kansas,Big 12,49.0,534.5,FBS,128.0,167.5,239.0,https://dxbhsrqyrr690.cloudfront.net/sidearm.nextgen.sites/nacda.com/documents/2026/6/24/25.26DI_Final.pdf,1.0,84.0531561461794,Kansas,True,False,observed_scoring_school,86.51685393258427
kansas_state,2017-18,Kansas State,Big 12,72.0,315.0,FBS,45.0,118.0,152.0,https://dxbhsrqyrr690.cloudfront.net/sidearm.nextgen.sites/nacda.com/documents/2018/7/18/June29overallDI.pdf,2.0,75.68493150684932,Kansas State,True,False,observed_scoring_school,79.59770114942529
kansas_state,2018-19,Kansas State,Big 12,94.0,191.5,FBS,0.0,85.5,106.0,https://dxbhsrqyrr690.cloudfront.net/sidearm.nextgen.sites/nacda.com/documents/2019/6/27/June28DIOverall.pdf,2.0,68.30508474576271,Kansas State,True,False,observed_scoring_school,73.28571428571429
kansas_state,2020-21,Kansas State,Big 12,139.0,106.0,FBS,0.0,66.5,39.5,https://dxbhsrqyrr690.cloudfront.net/sidearm.nextgen.sites/nacda.com/documents/2021/7/1/July2OverallDI.pdf,3.0,52.901023890784984,Kansas State,True,False,observed_scoring_school,61.016949152542374
kansas_state,2021-22,Kansas State,Big 12,79.0,253.5,FBS,70.0,120.0,63.5,https://dxbhsrqyrr690.cloudfront.net/sidearm.nextgen.sites/nacda.com/documents/2022/6/30/FinalDIstandings.pdf,2.0,73.5593220338983,Kansas State,True,False,observed_scoring_school,78.0281690140845
kansas_state,2022-23,Kansas State,Big 12,92.0,202.5,FBS,61.5,73.0,68.0,https://dxbhsrqyrr690.cloudfront.net/sidearm.nextgen.sites/nacda.com/documents/2023/6/27/Final22.23Standings.pdf,2.0,70.16393442622952,Kansas State,True,False,observed_scoring_school,74.58100558659217
kansas_state,2023-24,Kansas State,Big 12,96.0,197.0,FBS,83.0,50.0,64.0,https://dxbhsrqyrr690.cloudfront.net/sidearm.nextgen.sites/nacda.com/documents/2024/6/26/23.24FinalDI.pdf,2.0,69.45337620578779,Kansas State,True,False,observed_scoring_school,73.31460674157303
kansas_state,2024-25,Kansas State,Big 12,79.0,290.0,FBS,45.0,77.0,168.0,https://dxbhsrqyrr690.cloudfront.net/sidearm.nextgen.sites/nacda.com/documents/2025/6/23/24.25DivIStandingsFinal.pdf,2.0,74.25742574257426,Kansas State,True,False,observed_scoring_school,78.08988764044943
kansas_state,2025-26,Kansas State,Big 12,70.0,347.0,FBS,50.0,149.5,147.5,https://dxbhsrqyrr690.cloudfront.net/sidearm.nextgen.sites/nacda.com/documents/2026/6/24/25.26DI_Final.pdf,2.0,77.0764119601329,Kansas State,True,False,observed_scoring_school,80.6179775280899
kennesaw_state,2017-18,Kennesaw State,Atlantic Sun,125.0,144.0,FCS,95.0,0.0,49.0,https://dxbhsrqyrr690.cloudfront.net/sidearm.nextgen.sites/nacda.com/documents/2018/7/18/June29overallDI.pdf,3.0,57.534246575342465,Kennesaw State,True,False,observed_scoring_school,64.36781609195403
kennesaw_state,2018-19,Kennesaw State,ASUN,98.0,188.0,FCS,70.0,44.5,73.5,https://dxbhsrqyrr690.cloudfront.net/sidearm.nextgen.sites/nacda.com/documents/2019/6/27/June28DIOverall.pdf,2.0,67.11864406779661,Kennesaw State,True,False,observed_scoring_school,72.28571428571429
kennesaw_state,2020-21,Kennesaw State,ASUN,168.0,85.5,FCS,0.0,20.5,65.0,https://dxbhsrqyrr690.cloudfront.net/sidearm.nextgen.sites/nacda.com/documents/2021/7/1/July2OverallDI.pdf,3.0,43.003412969283275,Kennesaw State,True,False,observed_scoring_school,52.824858757062145
kennesaw_state,2021-22,Kennesaw State,ASUN,124.0,138.5,FCS,53.0,20.5,65.0,https://dxbhsrqyrr690.cloudfront.net/sidearm.nextgen.sites/nacda.com/documents/2022/6/30/FinalDIstandings.pdf,3.0,58.30508474576271,Kennesaw State,True,False,observed_scoring_school,65.35211267605634
kennesaw_state,2022-23,Kennesaw State,ASUN,154.0,112.5,FCS,0.0,112.5,0.0,https://dxbhsrqyrr690.cloudfront.net/sidearm.nextgen.sites/nacda.com/documents/2023/6/27/Final22.23Standings.pdf,3.0,49.8360655737705,Kennesaw State,True,False,observed_scoring_school,57.262569832402235
kennesaw_state,2023-24,Kennesaw State,ASUN,304.0,9.3,FCS,0.0,0.0,9.3,https://dxbhsrqyrr690.cloudfront.net/sidearm.nextgen.sites/nacda.com/documents/2024/6/26/23.24FinalDI.pdf,5.0,2.4115755627009645,Kennesaw State,True,False,observed_scoring_school,14.747191011235955
kennesaw_state,2024-25,,,,0.0,,,,,,,,Kennesaw State,False,True,kept_known_d1_program,7.584269662921349
kennesaw_state,2025-26,Kennesaw State,Conference USA,186.0,77.5,FBS,25.0,43.5,9.0,https://dxbhsrqyrr690.cloudfront.net/sidearm.nextgen.sites/nacda.com/documents/2026/6/24/25.26DI_Final.pdf,3.0,38.53820598006645,Kennesaw State,True,False,observed_scoring_school,48.03370786516854
kent_state,2017-18,Kent State,MAC,75.0,294.25,FBS,0.0,116.5,177.75,https://dxbhsrqyrr690.cloudfront.net/sidearm.nextgen.sites/nacda.com/documents/2018/7/18/June29overallDI.pdf,2.0,74.65753424657534,Kent State,True,False,observed_scoring_school,78.73563218390804
kent_state,2018-19,Kent State,MAC,165.0,93.0,FBS,0.0,15.0,78.0,https://dxbhsrqyrr690.cloudfront.net/sidearm.nextgen.sites/nacda.com/documents/2019/6/27/June28DIOverall.pdf,4.0,44.237288135593225,Kent State,True,False,observed_scoring_school,53.0
kent_state,2020-21,Kent State,MAC,81.0,223.0,FBS,0.0,120.0,103.0,https://dxbhsrqyrr690.cloudfront.net/sidearm.nextgen.sites/nacda.com/documents/2021/7/1/July2OverallDI.pdf,2.0,72.6962457337884,Kent State,True,False,observed_scoring_school,77.40112994350282
kent_state,2021-22,Kent State,MAC,149.0,111.0,FBS,25.0,59.0,27.0,https://dxbhsrqyrr690.cloudfront.net/sidearm.nextgen.sites/nacda.com/documents/2022/6/30/FinalDIstandings.pdf,3.0,49.66101694915254,Kent State,True,False,observed_scoring_school,58.16901408450704
kent_state,2022-23,Kent State,MAC,250.0,41.0,FBS,0.0,25.0,16.0,https://dxbhsrqyrr690.cloudfront.net/sidearm.nextgen.sites/nacda.com/documents/2023/6/27/Final22.23Standings.pdf,4.0,18.360655737704917,Kent State,True,False,observed_scoring_school,30.446927374301673
kent_state,2023-24,Kent State,MAC,158.0,98.5,FBS,0.0,70.5,28.0,https://dxbhsrqyrr690.cloudfront.net/sidearm.nextgen.sites/nacda.com/documents/2024/6/26/23.24FinalDI.pdf,3.0,49.51768488745981,Kent State,True,False,observed_scoring_school,55.89887640449438
kent_state,2024-25,Kent State,MAC,194.0,72.0,FBS,0.0,21.5,50.5,https://dxbhsrqyrr690.cloudfront.net/sidearm.nextgen.sites/nacda.com/documents/2025/6/23/24.25DivIStandingsFinal.pdf,4.0,35.973597359735976,Kent State,True,False,observed_scoring_school,45.50561797752809
kent_state,2025-26,Kent State,MAC,250.0,43.0,FBS,0.0,15.0,28.0,https://dxbhsrqyrr690.cloudfront.net/sidearm.nextgen.sites/nacda.com/documents/2026/6/24/25.26DI_Final.pdf,4.0,17.275747508305646,Kent State,True,False,observed_scoring_school,30.0561797752809
kentucky,2017-18,Kentucky,SEC,17.0,862.0,FBS,98.0,434.75,329.25,https://dxbhsrqyrr690.cloudfront.net/sidearm.nextgen.sites/nacda.com/documents/2018/7/18/June29overallDI.pdf,1.0,94.52054794520548,Kentucky,True,False,observed_scoring_school,95.40229885057471
kentucky,2018-19,Kentucky,SEC,14.0,947.75,FBS,203.0,458.75,286.0,https://dxbhsrqyrr690.cloudfront.net/sidearm.nextgen.sites/nacda.com/documents/2019/6/27/June28DIOverall.pdf,1.0,95.59322033898306,Kentucky,True,False,observed_scoring_school,96.28571428571429
kentucky,2020-21,Kentucky,SEC,12.0,960.25,FBS,209.0,420.5,330.75,https://dxbhsrqyrr690.cloudfront.net/sidearm.nextgen.sites/nacda.com/documents/2021/7/1/July2OverallDI.pdf,1.0,96.24573378839592,Kentucky,True,False,observed_scoring_school,96.89265536723164
kentucky,2021-22,Kentucky,SEC,9.0,979.75,FBS,201.0,461.25,317.5,https://dxbhsrqyrr690.cloudfront.net/sidearm.nextgen.sites/nacda.com/documents/2022/6/30/FinalDIstandings.pdf,1.0,97.28813559322032,Kentucky,True,False,observed_scoring_school,97.74647887323944
kentucky,2022-23,Kentucky,SEC,18.0,899.75,FBS,153.0,420.25,326.5,https://dxbhsrqyrr690.cloudfront.net/sidearm.nextgen.sites/nacda.com/documents/2023/6/27/Final22.23Standings.pdf,1.0,94.42622950819673,Kentucky,True,False,observed_scoring_school,95.25139664804469
kentucky,2023-24,Kentucky,SEC,32.0,667.25,FBS,139.0,237.75,290.5,https://dxbhsrqyrr690.cloudfront.net/sidearm.nextgen.sites/nacda.com/documents/2024/6/26/23.24FinalDI.pdf,1.0,90.03215434083602,Kentucky,True,False,observed_scoring_school,91.29213483146067
kentucky,2024-25,Kentucky,SEC,30.0,745.95,FBS,123.0,403.95,219.0,https://dxbhsrqyrr690.cloudfront.net/sidearm.nextgen.sites/nacda.com/documents/2025/6/23/24.25DivIStandingsFinal.pdf,1.0,90.42904290429044,Kentucky,True,False,observed_scoring_school,91.85393258426966
kentucky,2025-26,Kentucky,SEC,27.0,716.5,FBS,140.0,390.5,186.0,https://dxbhsrqyrr690.cloudfront.net/sidearm.nextgen.sites/nacda.com/documents/2026/6/24/25.26DI_Final.pdf,1.0,91.36212624584718,Kentucky,True,False,observed_scoring_school,92.69662921348315
liu_brooklyn,2017-18,LIU Brooklyn,Northeast,187.0,80.0,DI,25.0,5.0,50.0,https://dxbhsrqyrr690.cloudfront.net/sidearm.nextgen.sites/nacda.com/documents/2018/7/18/June29overallDI.pdf,4.0,36.3013698630137,LIU Brooklyn,True,False,observed_scoring_school,46.55172413793103
liu_brooklyn,2018-19,LIU Brooklyn,Northeast,223.0,50.0,DI,25.0,0.0,25.0,https://dxbhsrqyrr690.cloudfront.net/sidearm.nextgen.sites/nacda.com/documents/2019/6/27/June28DIOverall.pdf,5.0,21.864406779661017,LIU Brooklyn,True,False,observed_scoring_school,34.14285714285714
liu_brooklyn,2020-21,LIU Brooklyn,Northeast,145.0,100.0,DI,25.0,45.0,30.0,https://dxbhsrqyrr690.cloudfront.net/sidearm.nextgen.sites/nacda.com/documents/2021/7/1/July2OverallDI.pdf,3.0,50.170648464163826,LIU Brooklyn,True,False,observed_scoring_school,58.75706214689266
liu_brooklyn,2021-22,LIU Brooklyn,Northeast,149.0,111.0,DI,50.0,36.0,25.0,https://dxbhsrqyrr690.cloudfront.net/sidearm.nextgen.sites/nacda.com/documents/2022/6/30/FinalDIstandings.pdf,3.0,49.66101694915254,LIU Brooklyn,True,False,observed_scoring_school,58.16901408450704
liu_brooklyn,2022-23,LIU Brooklyn,Northeast,119.0,150.0,DI,0.0,70.0,80.0,https://dxbhsrqyrr690.cloudfront.net/sidearm.nextgen.sites/nacda.com/documents/2023/6/27/Final22.23Standings.pdf,2.0,61.31147540983607,LIU Brooklyn,True,False,observed_scoring_school,67.0391061452514
liu_brooklyn,2023-24,LIU Brooklyn,Northeast,126.0,141.0,DI,50.0,16.0,75.0,https://dxbhsrqyrr690.cloudfront.net/sidearm.nextgen.sites/nacda.com/documents/2024/6/26/23.24FinalDI.pdf,2.0,59.80707395498393,LIU Brooklyn,True,False,observed_scoring_school,64.8876404494382
liu_brooklyn,2024-25,LIU Brooklyn,Northeast,148.0,110.0,FCS,25.0,60.0,25.0,https://dxbhsrqyrr690.cloudfront.net/sidearm.nextgen.sites/nacda.com/documents/2025/6/23/24.25DivIStandingsFinal.pdf,3.0,51.48514851485149,LIU Brooklyn,True,False,observed_scoring_school,58.70786516853933
liu_brooklyn,2025-26,LIU Brooklyn,NEC,119.0,141.0,FCS,25.0,91.0,25.0,https://dxbhsrqyrr690.cloudfront.net/sidearm.nextgen.sites/nacda.com/documents/2026/6/24/25.26DI_Final.pdf,2.0,60.6312292358804,LIU Brooklyn,True,False,observed_scoring_school,66.71348314606742
lsu,2017-18,LSU,SEC,27.0,749.25,FBS,81.0,305.5,362.75,https://dxbhsrqyrr690.cloudfront.net/sidearm.nextgen.sites/nacda.com/documents/2018/7/18/June29overallDI.pdf,1.0,91.0958904109589,LSU,True,False,observed_scoring_school,92.52873563218391
lsu,2018-19,LSU,SEC,11.0,986.83,FBS,122.0,388.33,476.5,https://dxbhsrqyrr690.cloudfront.net/sidearm.nextgen.sites/nacda.com/documents/2019/6/27/June28DIOverall.pdf,1.0,96.61016949152544,LSU,True,False,observed_scoring_school,97.14285714285714
lsu,2020-21,LSU,SEC,15.0,895.0,FBS,0.0,379.25,515.75,https://dxbhsrqyrr690.cloudfront.net/sidearm.nextgen.sites/nacda.com/documents/2021/7/1/July2OverallDI.pdf,1.0,95.22184300341296,LSU,True,False,observed_scoring_school,96.045197740113
lsu,2021-22,LSU,SEC,16.0,883.75,FBS,77.0,353.75,453.0,https://dxbhsrqyrr690.cloudfront.net/sidearm.nextgen.sites/nacda.com/documents/2022/6/30/FinalDIstandings.pdf,1.0,94.91525423728814,LSU,True,False,observed_scoring_school,95.77464788732394
lsu,2022-23,LSU,SEC,9.0,1062.25,FBS,186.0,366.0,510.25,https://dxbhsrqyrr690.cloudfront.net/sidearm.nextgen.sites/nacda.com/documents/2023/6/27/Final22.23Standings.pdf,1.0,97.37704918032787,LSU,True,False,observed_scoring_school,97.76536312849163
lsu,2023-24,LSU,SEC,13.0,998.5,FBS,117.5,349.0,532.0,https://dxbhsrqyrr690.cloudfront.net/sidearm.nextgen.sites/nacda.com/documents/2024/6/26/23.24FinalDI.pdf,1.0,96.14147909967846,LSU,True,False,observed_scoring_school,96.62921348314607
lsu,2024-25,LSU,SEC,17.0,881.0,FBS,99.0,348.25,433.75,https://dxbhsrqyrr690.cloudfront.net/sidearm.nextgen.sites/nacda.com/documents/2025/6/23/24.25DivIStandingsFinal.pdf,1.0,94.71947194719472,LSU,True,False,observed_scoring_school,95.50561797752809
lsu,2025-26,LSU,SEC,18.0,926.75,FBS,140.0,330.0,456.75,https://dxbhsrqyrr690.cloudfront.net/sidearm.nextgen.sites/nacda.com/documents/2026/6/24/25.26DI_Final.pdf,1.0,94.35215946843851,LSU,True,False,observed_scoring_school,95.2247191011236
la_salle,2017-18,La Salle,Atlantic 10,258.0,25.0,DI,25.0,0.0,0.0,https://dxbhsrqyrr690.cloudfront.net/sidearm.nextgen.sites/nacda.com/documents/2018/7/18/June29overallDI.pdf,6.0,7.363013698630137,La Salle,True,False,observed_scoring_school,22.270114942528735
la_salle,2018-19,,,,0.0,,,,,,,,La Salle,False,True,kept_known_d1_program,8.0
la_salle,2020-21,,,,0.0,,,,,,,,La Salle,False,True,kept_known_d1_program,8.757062146892656
la_salle,2021-22,,,,0.0,,,,,,,,La Salle,False,True,kept_known_d1_program,8.591549295774648
la_salle,2022-23,La Salle,Atlantic 10,259.0,27.0,DI,27.0,0.0,0.0,https://dxbhsrqyrr690.cloudfront.net/sidearm.nextgen.sites/nacda.com/documents/2023/6/27/Final22.23Standings.pdf,4.0,15.40983606557377,La Salle,True,False,observed_scoring_school,27.932960893854748
la_salle,2023-24,,,,0.0,,,,,,,,La Salle,False,True,kept_known_d1_program,6.460674157303371
la_salle,2024-25,,,,0.0,,,,,,,,La Salle,False,True,kept_known_d1_program,7.584269662921349
la_salle,2025-26,,,,0.0,,,,,,,,La Salle,False,True,kept_known_d1_program,7.865168539325842
lafayette,2017-18,,,,0.0,,,,,,,,Lafayette,False,True,kept_known_d1_program,8.189655172413794
lafayette,2018-19,,,,0.0,,,,,,,,Lafayette,False,True,kept_known_d1_program,8.0
lafayette,2020-21,,,,0.0,,,,,,,,Lafayette,False,True,kept_known_d1_program,8.757062146892656
lafayette,2021-22,,,,0.0,,,,,,,,Lafayette,False,True,kept_known_d1_program,8.591549295774648
lafayette,2022-23,,,,0.0,,,,,,,,Lafayette,False,True,kept_known_d1_program,7.5418994413407825
lafayette,2023-24,Lafayette,Patriot,262.0,25.0,FCS,25.0,0.0,0.0,https://dxbhsrqyrr690.cloudfront.net/sidearm.nextgen.sites/nacda.com/documents/2024/6/26/23.24FinalDI.pdf,5.0,10.128617363344052,Lafayette,True,False,observed_scoring_school,21.48876404494382
lafayette,2024-25,Lafayette,Patriot,244.0,45.0,FCS,45.0,0.0,0.0,https://dxbhsrqyrr690.cloudfront.net/sidearm.nextgen.sites/nacda.com/documents/2025/6/23/24.25DivIStandingsFinal.pdf,4.0,19.141914191419144,Lafayette,True,False,observed_scoring_school,31.179775280898873
lafayette,2025-26,Lafayette,Patriot,265.0,25.0,FCS,25.0,0.0,0.0,https://dxbhsrqyrr690.cloudfront.net/sidearm.nextgen.sites/nacda.com/documents/2026/6/24/25.26DI_Final.pdf,5.0,7.308970099667775,Lafayette,True,False,observed_scoring_school,21.629213483146067
lamar,2017-18,Lamar,Southland,217.0,50.0,FCS,25.0,0.0,25.0,https://dxbhsrqyrr690.cloudfront.net/sidearm.nextgen.sites/nacda.com/documents/2018/7/18/June29overallDI.pdf,5.0,22.945205479452056,Lamar,True,False,observed_scoring_school,35.3448275862069
lamar,2018-19,Lamar,Southland,266.0,25.0,FCS,25.0,0.0,0.0,https://dxbhsrqyrr690.cloudfront.net/sidearm.nextgen.sites/nacda.com/documents/2019/6/27/June28DIOverall.pdf,6.0,6.779661016949152,Lamar,True,False,observed_scoring_school,21.428571428571427
lamar,2020-21,,,,0.0,,,,,,,,Lamar,False,True,kept_known_d1_program,8.757062146892656
lamar,2021-22,Lamar,WAC,264.0,29.0,FCS,29.0,0.0,0.0,https://dxbhsrqyrr690.cloudfront.net/sidearm.nextgen.sites/nacda.com/documents/2022/6/30/FinalDIstandings.pdf,5.0,10.677966101694915,Lamar,True,False,observed_scoring_school,25.774647887323944
lamar,2022-23,Lamar,Southland,261.0,25.0,FCS,25.0,0.0,0.0,https://dxbhsrqyrr690.cloudfront.net/sidearm.nextgen.sites/nacda.com/documents/2023/6/27/Final22.23Standings.pdf,5.0,10.0,Lamar,True,False,observed_scoring_school,23.324022346368714
lamar,2023-24,Lamar,Southland,262.0,25.0,FCS,25.0,0.0,0.0,https://dxbhsrqyrr690.cloudfront.net/sidearm.nextgen.sites/nacda.com/documents/2024/6/26/23.24FinalDI.pdf,5.0,10.128617363344052,Lamar,True,False,observed_scoring_school,21.48876404494382
lamar,2024-25,,,,0.0,,,,,,,,Lamar,False,True,kept_known_d1_program,7.584269662921349
lamar,2025-26,Lamar,Southland,225.0,50.0,FCS,25.0,0.0,25.0,https://dxbhsrqyrr690.cloudfront.net/sidearm.nextgen.sites/nacda.com/documents/2026/6/24/25.26DI_Final.pdf,4.0,23.089700996677745,Lamar,True,False,observed_scoring_school,34.97191011235955
lehigh,2017-18,Lehigh,Patriot,178.0,85.0,FCS,25.0,60.0,0.0,https://dxbhsrqyrr690.cloudfront.net/sidearm.nextgen.sites/nacda.com/documents/2018/7/18/June29overallDI.pdf,4.0,39.21232876712329,Lehigh,True,False,observed_scoring_school,48.99425287356322
lehigh,2018-19,Lehigh,Patriot,208.0,62.25,FCS,0.0,62.25,0.0,https://dxbhsrqyrr690.cloudfront.net/sidearm.nextgen.sites/nacda.com/documents/2019/6/27/June28DIOverall.pdf,4.0,29.830508474576273,Lehigh,True,False,observed_scoring_school,40.85714285714286
lehigh,2020-21,Lehigh,Patriot,158.0,92.0,FCS,0.0,67.0,25.0,https://dxbhsrqyrr690.cloudfront.net/sidearm.nextgen.sites/nacda.com/documents/2021/7/1/July2OverallDI.pdf,3.0,46.41638225255973,Lehigh,True,False,observed_scoring_school,55.6497175141243
lehigh,2021-22,Lehigh,Patriot,183.0,86.0,FCS,0.0,48.5,37.5,https://dxbhsrqyrr690.cloudfront.net/sidearm.nextgen.sites/nacda.com/documents/2022/6/30/FinalDIstandings.pdf,4.0,38.13559322033898,Lehigh,True,False,observed_scoring_school,48.59154929577465
lehigh,2022-23,Lehigh,Patriot,184.0,83.5,FCS,25.0,53.5,5.0,https://dxbhsrqyrr690.cloudfront.net/sidearm.nextgen.sites/nacda.com/documents/2023/6/27/Final22.23Standings.pdf,3.0,39.50819672131147,Lehigh,True,False,observed_scoring_school,48.463687150837984
lehigh,2023-24,Lehigh,Patriot,153.0,105.0,FCS,0.0,60.0,45.0,https://dxbhsrqyrr690.cloudfront.net/sidearm.nextgen.sites/nacda.com/documents/2024/6/26/23.24FinalDI.pdf,3.0,51.12540192926045,Lehigh,True,False,observed_scoring_school,57.30337078651685
lehigh,2024-25,Lehigh,Patriot,130.0,130.0,FCS,45.0,85.0,0.0,https://dxbhsrqyrr690.cloudfront.net/sidearm.nextgen.sites/nacda.com/documents/2025/6/23/24.25DivIStandingsFinal.pdf,3.0,57.26072607260726,Lehigh,True,False,observed_scoring_school,63.62359550561798
lehigh,2025-26,Lehigh,Patriot,101.0,190.0,FCS,53.0,137.0,0.0,https://dxbhsrqyrr690.cloudfront.net/sidearm.nextgen.sites/nacda.com/documents/2026/6/24/25.26DI_Final.pdf,2.0,66.77740863787376,Lehigh,True,False,observed_scoring_school,71.91011235955057
liberty,2017-18,Liberty,Big South,126.0,143.5,FCS,0.0,56.0,87.5,https://dxbhsrqyrr690.cloudfront.net/sidearm.nextgen.sites/nacda.com/documents/2018/7/18/June29overallDI.pdf,3.0,57.1917808219178,Liberty,True,False,observed_scoring_school,64.08045977011494
liberty,2018-19,Liberty,ASUN,93.0,197.0,FCS,0.0,74.0,123.0,https://dxbhsrqyrr690.cloudfront.net/sidearm.nextgen.sites/nacda.com/documents/2019/6/27/June28DIOverall.pdf,2.0,68.8135593220339,Liberty,True,False,observed_scoring_school,73.71428571428571
liberty,2020-21,Liberty,ASUN,72.0,281.0,FBS,103.0,25.0,153.0,https://dxbhsrqyrr690.cloudfront.net/sidearm.nextgen.sites/nacda.com/documents/2021/7/1/July2OverallDI.pdf,2.0,75.76791808873719,Liberty,True,False,observed_scoring_school,79.94350282485875
liberty,2021-22,Liberty,ASUN,74.0,297.5,FBS,162.0,0.0,135.5,https://dxbhsrqyrr690.cloudfront.net/sidearm.nextgen.sites/nacda.com/documents/2022/6/30/FinalDIstandings.pdf,2.0,75.2542372881356,Liberty,True,False,observed_scoring_school,79.43661971830987
liberty,2022-23,Liberty,ASUN,98.0,179.0,FBS,78.0,0.0,101.0,https://dxbhsrqyrr690.cloudfront.net/sidearm.nextgen.sites/nacda.com/documents/2023/6/27/Final22.23Standings.pdf,2.0,68.1967213114754,Liberty,True,False,observed_scoring_school,72.90502793296089
liberty,2023-24,Liberty,Conference USA,118.0,155.0,FBS,95.0,0.0,60.0,https://dxbhsrqyrr690.cloudfront.net/sidearm.nextgen.sites/nacda.com/documents/2024/6/26/23.24FinalDI.pdf,2.0,62.37942122186495,Liberty,True,False,observed_scoring_school,67.13483146067416
liberty,2024-25,Liberty,Conference USA,97.0,193.0,FBS,54.0,50.0,89.0,https://dxbhsrqyrr690.cloudfront.net/sidearm.nextgen.sites/nacda.com/documents/2025/6/23/24.25DivIStandingsFinal.pdf,2.0,68.31683168316832,Liberty,True,False,observed_scoring_school,73.03370786516854
liberty,2025-26,Liberty,Conference USA,87.0,245.5,FBS,70.0,34.5,141.0,https://dxbhsrqyrr690.cloudfront.net/sidearm.nextgen.sites/nacda.com/documents/2026/6/24/25.26DI_Final.pdf,2.0,71.42857142857143,Liberty,True,False,observed_scoring_school,75.84269662921348
lindenwood,2022-23,,,,0.0,,,,,,,,Lindenwood,False,True,kept_known_d1_program,7.5418994413407825
lindenwood,2023-24,,,,0.0,,,,,,,,Lindenwood,False,True,kept_known_d1_program,6.460674157303371
lindenwood,2024-25,,,,0.0,,,,,,,,Lindenwood,False,True,kept_known_d1_program,7.584269662921349
lindenwood,2025-26,Lindenwood,OVC,197.0,74.0,FCS,25.0,49.0,0.0,https://dxbhsrqyrr690.cloudfront.net/sidearm.nextgen.sites/nacda.com/documents/2026/6/24/25.26DI_Final.pdf,4.0,34.71760797342193,Lindenwood,True,False,observed_scoring_school,44.80337078651686
lipscomb,2017-18,Lipscomb,Atlantic Sun,217.0,50.0,DI,25.0,25.0,0.0,https://dxbhsrqyrr690.cloudfront.net/sidearm.nextgen.sites/nacda.com/documents/2018/7/18/June29overallDI.pdf,5.0,22.945205479452056,Lipscomb,True,False,observed_scoring_school,35.3448275862069
lipscomb,2018-19,Lipscomb,ASUN,111.0,151.5,DI,114.0,0.0,37.5,https://dxbhsrqyrr690.cloudfront.net/sidearm.nextgen.sites/nacda.com/documents/2019/6/27/June28DIOverall.pdf,3.0,62.71186440677966,Lipscomb,True,False,observed_scoring_school,68.57142857142857
lipscomb,2020-21,Lipscomb,ASUN,236.0,46.0,DI,25.0,0.0,21.0,https://dxbhsrqyrr690.cloudfront.net/sidearm.nextgen.sites/nacda.com/documents/2021/7/1/July2OverallDI.pdf,5.0,19.795221843003414,Lipscomb,True,False,observed_scoring_school,33.61581920903955
lipscomb,2021-22,Lipscomb,ASUN,186.0,84.0,DI,79.0,0.0,5.0,https://dxbhsrqyrr690.cloudfront.net/sidearm.nextgen.sites/nacda.com/documents/2022/6/30/FinalDIstandings.pdf,4.0,37.28813559322034,Lipscomb,True,False,observed_scoring_school,47.88732394366197
lipscomb,2022-23,Lipscomb,ASUN,162.0,106.0,DI,76.0,0.0,30.0,https://dxbhsrqyrr690.cloudfront.net/sidearm.nextgen.sites/nacda.com/documents/2023/6/27/Final22.23Standings.pdf,3.0,47.21311475409836,Lipscomb,True,False,observed_scoring_school,55.02793296089386
lipscomb,2023-24,Lipscomb,ASUN,135.0,129.0,DI,119.0,0.0,10.0,https://dxbhsrqyrr690.cloudfront.net/sidearm.nextgen.sites/nacda.com/documents/2024/6/26/23.24FinalDI.pdf,3.0,56.91318327974276,Lipscomb,True,False,observed_scoring_school,62.35955056179775
lipscomb,2024-25,Lipscomb,ASUN,157.0,101.0,DI,76.0,25.0,0.0,https://dxbhsrqyrr690.cloudfront.net/sidearm.nextgen.sites/nacda.com/documents/2025/6/23/24.25DivIStandingsFinal.pdf,3.0,48.18481848184818,Lipscomb,True,False,observed_scoring_school,55.89887640449438
lipscomb,2025-26,Lipscomb,ASUN,158.0,102.0,DI,77.0,0.0,25.0,https://dxbhsrqyrr690.cloudfront.net/sidearm.nextgen.sites/nacda.com/documents/2026/6/24/25.26DI_Final.pdf,3.0,47.840531561461795,Lipscomb,True,False,observed_scoring_school,55.89887640449438
long_beach_state,2017-18,Long Beach State,Big West,122.0,148.5,DI,0.0,0.0,148.5,https://dxbhsrqyrr690.cloudfront.net/sidearm.nextgen.sites/nacda.com/documents/2018/7/18/June29overallDI.pdf,3.0,58.56164383561644,Long Beach State,True,False,observed_scoring_school,65.22988505747126
long_beach_state,2018-19,Long Beach State,Big West,90.0,203.0,DI,50.0,0.0,153.0,https://dxbhsrqyrr690.cloudfront.net/sidearm.nextgen.sites/nacda.com/documents/2019/6/27/June28DIOverall.pdf,2.0,69.83050847457626,Long Beach State,True,False,observed_scoring_school,74.57142857142857
long_beach_state,2020-21,Long Beach State,Big West,213.0,51.0,DI,0.0,0.0,51.0,https://dxbhsrqyrr690.cloudfront.net/sidearm.nextgen.sites/nacda.com/documents/2021/7/1/July2OverallDI.pdf,4.0,27.474402730375424,Long Beach State,True,False,observed_scoring_school,39.97175141242938
long_beach_state,2021-22,Long Beach State,Big West,146.0,115.0,DI,25.0,0.0,90.0,https://dxbhsrqyrr690.cloudfront.net/sidearm.nextgen.sites/nacda.com/documents/2022/6/30/FinalDIstandings.pdf,3.0,50.84745762711864,Long Beach State,True,False,observed_scoring_school,59.154929577464785
long_beach_state,2022-23,Long Beach State,Big West,120.0,148.5,DI,0.0,0.0,148.5,https://dxbhsrqyrr690.cloudfront.net/sidearm.nextgen.sites/nacda.com/documents/2023/6/27/Final22.23Standings.pdf,2.0,60.98360655737704,Long Beach State,True,False,observed_scoring_school,66.75977653631286
long_beach_state,2023-24,Long Beach State,Big West,87.0,222.0,DI,0.0,25.0,197.0,https://dxbhsrqyrr690.cloudfront.net/sidearm.nextgen.sites/nacda.com/documents/2024/6/26/23.24FinalDI.pdf,2.0,72.34726688102894,Long Beach State,True,False,observed_scoring_school,75.84269662921348
long_beach_state,2024-25,Long Beach State,Big West,107.0,172.5,DI,25.0,0.0,147.5,https://dxbhsrqyrr690.cloudfront.net/sidearm.nextgen.sites/nacda.com/documents/2025/6/23/24.25DivIStandingsFinal.pdf,2.0,65.01650165016501,Long Beach State,True,False,observed_scoring_school,70.2247191011236
long_beach_state,2025-26,Long Beach State,Big West,106.0,172.5,DI,0.0,0.0,172.5,https://dxbhsrqyrr690.cloudfront.net/sidearm.nextgen.sites/nacda.com/documents/2026/6/24/25.26DI_Final.pdf,2.0,65.11627906976744,Long Beach State,True,False,observed_scoring_school,70.50561797752809
longwood,2017-18,,,,0.0,,,,,,,,Longwood,False,True,kept_known_d1_program,8.189655172413794
longwood,2018-19,Longwood,Big South,266.0,25.0,DI,0.0,0.0,25.0,https://dxbhsrqyrr690.cloudfront.net/sidearm.nextgen.sites/nacda.com/documents/2019/6/27/June28DIOverall.pdf,5.0,6.779661016949152,Longwood,True,False,observed_scoring_school,21.428571428571427
longwood,2020-21,,,,0.0,,,,,,,,Longwood,False,True,kept_known_d1_program,8.757062146892656
longwood,2021-22,Longwood,Big South,229.0,50.0,DI,0.0,50.0,0.0,https://dxbhsrqyrr690.cloudfront.net/sidearm.nextgen.sites/nacda.com/documents/2022/6/30/FinalDIstandings.pdf,5.0,20.0,Longwood,True,False,observed_scoring_school,33.52112676056338
longwood,2022-23,Longwood,Big South,298.0,5.0,DI,0.0,0.0,5.0,https://dxbhsrqyrr690.cloudfront.net/sidearm.nextgen.sites/nacda.com/documents/2023/6/27/Final22.23Standings.pdf,5.0,1.475409836065574,Longwood,True,False,observed_scoring_school,16.061452513966483
longwood,2023-24,Longwood,Big South,262.0,25.0,DI,0.0,25.0,0.0,https://dxbhsrqyrr690.cloudfront.net/sidearm.nextgen.sites/nacda.com/documents/2024/6/26/23.24FinalDI.pdf,5.0,10.128617363344052,Longwood,True,False,observed_scoring_school,21.48876404494382
longwood,2024-25,,,,0.0,,,,,,,,Longwood,False,True,kept_known_d1_program,7.584269662921349
longwood,2025-26,,,,0.0,,,,,,,,Longwood,False,True,kept_known_d1_program,7.865168539325842
louisiana,2017-18,Louisiana Lafayette,Sun Belt,217.0,50.0,FBS,0.0,0.0,50.0,https://dxbhsrqyrr690.cloudfront.net/sidearm.nextgen.sites/nacda.com/documents/2018/7/18/June29overallDI.pdf,5.0,22.945205479452056,Louisiana,True,False,observed_scoring_school,35.3448275862069
louisiana,2018-19,Louisiana Lafayette,Sun Belt,190.0,75.0,FBS,25.0,0.0,50.0,https://dxbhsrqyrr690.cloudfront.net/sidearm.nextgen.sites/nacda.com/documents/2019/6/27/June28DIOverall.pdf,4.0,34.40677966101695,Louisiana,True,False,observed_scoring_school,44.714285714285715
louisiana,2020-21,Louisiana,Sun Belt,133.0,108.5,FBS,58.5,0.0,50.0,https://dxbhsrqyrr690.cloudfront.net/sidearm.nextgen.sites/nacda.com/documents/2021/7/1/July2OverallDI.pdf,3.0,54.94880546075085,Louisiana,True,False,observed_scoring_school,62.71186440677966
louisiana,2021-22,Louisiana,Sun Belt,118.0,143.5,FBS,56.0,0.0,87.5,https://dxbhsrqyrr690.cloudfront.net/sidearm.nextgen.sites/nacda.com/documents/2022/6/30/FinalDIstandings.pdf,3.0,60.33898305084746,Louisiana,True,False,observed_scoring_school,67.04225352112675
louisiana,2022-23,Louisiana,Sun Belt,116.0,156.5,FBS,25.0,25.0,106.5,https://dxbhsrqyrr690.cloudfront.net/sidearm.nextgen.sites/nacda.com/documents/2023/6/27/Final22.23Standings.pdf,2.0,62.295081967213115,Louisiana,True,False,observed_scoring_school,67.87709497206704
louisiana,2023-24,Louisiana,Sun Belt,136.0,125.0,FBS,25.0,0.0,100.0,https://dxbhsrqyrr690.cloudfront.net/sidearm.nextgen.sites/nacda.com/documents/2024/6/26/23.24FinalDI.pdf,3.0,56.27009646302251,Louisiana,True,False,observed_scoring_school,61.79775280898876
louisiana,2024-25,Louisiana,Sun Belt,264.0,25.0,FBS,25.0,0.0,0.0,https://dxbhsrqyrr690.cloudfront.net/sidearm.nextgen.sites/nacda.com/documents/2025/6/23/24.25DivIStandingsFinal.pdf,5.0,9.075907590759076,Louisiana,True,False,observed_scoring_school,22.6123595505618
louisiana,2025-26,Louisiana,Sun Belt,188.0,75.0,FBS,25.0,0.0,50.0,https://dxbhsrqyrr690.cloudfront.net/sidearm.nextgen.sites/nacda.com/documents/2026/6/24/25.26DI_Final.pdf,3.0,36.7109634551495,Louisiana,True,False,observed_scoring_school,46.48876404494382
louisiana_monroe,2017-18,Louisiana Monroe,Sun Belt,239.0,43.5,FBS,0.0,43.5,0.0,https://dxbhsrqyrr690.cloudfront.net/sidearm.nextgen.sites/nacda.com/documents/2018/7/18/June29overallDI.pdf,5.0,18.493150684931507,Louisiana Monroe,True,False,observed_scoring_school,31.60919540229885
louisiana_monroe,2018-19,,,,0.0,,,,,,,,Louisiana Monroe,False,True,kept_known_d1_program,8.0
louisiana_monroe,2020-21,,,,0.0,,,,,,,,Louisiana Monroe,False,True,kept_known_d1_program,8.757062146892656
louisiana_monroe,2021-22,,,,0.0,,,,,,,,Louisiana Monroe,False,True,kept_known_d1_program,8.591549295774648
louisiana_monroe,2022-23,Louisiana Monroe,Sun Belt,253.0,35.0,FBS,0.0,19.0,16.0,https://dxbhsrqyrr690.cloudfront.net/sidearm.nextgen.sites/nacda.com/documents/2023/6/27/Final22.23Standings.pdf,4.0,17.37704918032787,Louisiana Monroe,True,False,observed_scoring_school,29.608938547486037
louisiana_monroe,2023-24,Louisiana Monroe,Sun Belt,301.0,19.0,FBS,0.0,0.0,19.0,https://dxbhsrqyrr690.cloudfront.net/sidearm.nextgen.sites/nacda.com/documents/2024/6/26/23.24FinalDI.pdf,5.0,3.536977491961415,Louisiana Monroe,True,False,observed_scoring_school,15.730337078651685
louisiana_monroe,2024-25,Louisiana Monroe,Sun Belt,298.0,5.0,FBS,0.0,0.0,5.0,https://dxbhsrqyrr690.cloudfront.net/sidearm.nextgen.sites/nacda.com/documents/2025/6/23/24.25DivIStandingsFinal.pdf,5.0,1.155115511551155,Louisiana Monroe,True,False,observed_scoring_school,15.870786516853933
louisiana_monroe,2025-26,Louisiana Monroe,Sun Belt,262.0,28.0,FBS,0.0,0.0,28.0,https://dxbhsrqyrr690.cloudfront.net/sidearm.nextgen.sites/nacda.com/documents/2026/6/24/25.26DI_Final.pdf,5.0,13.2890365448505,Louisiana Monroe,True,False,observed_scoring_school,26.685393258426966
louisiana_tech,2017-18,Louisiana Tech,Conference USA,238.0,45.0,FBS,45.0,0.0,0.0,https://dxbhsrqyrr690.cloudfront.net/sidearm.nextgen.sites/nacda.com/documents/2018/7/18/June29overallDI.pdf,5.0,18.83561643835617,Louisiana Tech,True,False,observed_scoring_school,31.896551724137932
louisiana_tech,2018-19,Louisiana Tech,Conference USA,180.0,82.5,FBS,45.0,0.0,37.5,https://dxbhsrqyrr690.cloudfront.net/sidearm.nextgen.sites/nacda.com/documents/2019/6/27/June28DIOverall.pdf,4.0,39.32203389830509,Louisiana Tech,True,False,observed_scoring_school,48.857142857142854
louisiana_tech,2020-21,Louisiana Tech,Conference USA,145.0,100.0,FBS,25.0,25.0,50.0,https://dxbhsrqyrr690.cloudfront.net/sidearm.nextgen.sites/nacda.com/documents/2021/7/1/July2OverallDI.pdf,3.0,50.170648464163826,Louisiana Tech,True,False,observed_scoring_school,58.75706214689266
louisiana_tech,2021-22,Louisiana Tech,Conference USA,168.0,97.5,FBS,0.0,60.0,37.5,https://dxbhsrqyrr690.cloudfront.net/sidearm.nextgen.sites/nacda.com/documents/2022/6/30/FinalDIstandings.pdf,4.0,43.389830508474574,Louisiana Tech,True,False,observed_scoring_school,52.95774647887323
louisiana_tech,2022-23,Louisiana Tech,Conference USA,246.0,42.5,FBS,0.0,42.5,0.0,https://dxbhsrqyrr690.cloudfront.net/sidearm.nextgen.sites/nacda.com/documents/2023/6/27/Final22.23Standings.pdf,4.0,19.50819672131147,Louisiana Tech,True,False,observed_scoring_school,31.424581005586592
louisiana_tech,2023-24,Louisiana Tech,Conference USA,164.0,90.0,FBS,0.0,65.0,25.0,https://dxbhsrqyrr690.cloudfront.net/sidearm.nextgen.sites/nacda.com/documents/2024/6/26/23.24FinalDI.pdf,3.0,47.10610932475884,Louisiana Tech,True,False,observed_scoring_school,53.79213483146067
louisiana_tech,2024-25,Louisiana Tech,Conference USA,197.0,70.0,FBS,25.0,45.0,0.0,https://dxbhsrqyrr690.cloudfront.net/sidearm.nextgen.sites/nacda.com/documents/2025/6/23/24.25DivIStandingsFinal.pdf,4.0,34.48844884488449,Louisiana Tech,True,False,observed_scoring_school,44.241573033707866
louisiana_tech,2025-26,Louisiana Tech,Conference USA,153.0,110.0,FBS,45.0,65.0,0.0,https://dxbhsrqyrr690.cloudfront.net/sidearm.nextgen.sites/nacda.com/documents/2026/6/24/25.26DI_Final.pdf,3.0,49.501661129568106,Louisiana Tech,True,False,observed_scoring_school,57.30337078651685
louisville,2017-18,Louisville,ACC,30.0,690.5,FBS,204.0,284.0,202.5,https://dxbhsrqyrr690.cloudfront.net/sidearm.nextgen.sites/nacda.com/documents/2018/7/18/June29overallDI.pdf,1.0,90.06849315068493,Louisville,True,False,observed_scoring_school,91.66666666666666
louisville,2018-19,Louisville,ACC,35.0,648.5,FBS,125.0,297.5,226.0,https://dxbhsrqyrr690.cloudfront.net/sidearm.nextgen.sites/nacda.com/documents/2019/6/27/June28DIOverall.pdf,1.0,88.47457627118645,Louisville,True,False,observed_scoring_school,90.28571428571428
louisville,2020-21,Louisville,ACC,40.0,532.75,FBS,147.0,282.0,103.75,https://dxbhsrqyrr690.cloudfront.net/sidearm.nextgen.sites/nacda.com/documents/2021/7/1/July2OverallDI.pdf,1.0,86.51877133105802,Louisville,True,False,observed_scoring_school,88.84180790960453
louisville,2021-22,Louisville,ACC,34.0,663.5,FBS,186.0,266.0,211.5,https://dxbhsrqyrr690.cloudfront.net/sidearm.nextgen.sites/nacda.com/documents/2022/6/30/FinalDIstandings.pdf,1.0,88.8135593220339,Louisville,True,False,observed_scoring_school,90.70422535211267
louisville,2022-23,Louisville,ACC,32.0,672.8,FBS,213.0,295.8,164.0,https://dxbhsrqyrr690.cloudfront.net/sidearm.nextgen.sites/nacda.com/documents/2023/6/27/Final22.23Standings.pdf,1.0,89.8360655737705,Louisville,True,False,observed_scoring_school,91.34078212290503
louisville,2023-24,Louisville,ACC,49.0,515.5,FBS,244.0,187.5,84.0,https://dxbhsrqyrr690.cloudfront.net/sidearm.nextgen.sites/nacda.com/documents/2024/6/26/23.24FinalDI.pdf,1.0,84.56591639871382,Louisville,True,False,observed_scoring_school,86.51685393258427
louisville,2024-25,Louisville,ACC,37.0,648.5,FBS,135.0,256.5,257.0,https://dxbhsrqyrr690.cloudfront.net/sidearm.nextgen.sites/nacda.com/documents/2025/6/23/24.25DivIStandingsFinal.pdf,1.0,88.11881188118812,Louisville,True,False,observed_scoring_school,89.8876404494382
louisville,2025-26,Louisville,ACC,29.0,711.5,FBS,207.0,331.0,173.5,https://dxbhsrqyrr690.cloudfront.net/sidearm.nextgen.sites/nacda.com/documents/2026/6/24/25.26DI_Final.pdf,1.0,90.69767441860463,Louisville,True,False,observed_scoring_school,92.13483146067416
loyola_chicago,2017-18,Loyola Chicago,Missouri Valley,181.0,83.0,DI,0.0,83.0,0.0,https://dxbhsrqyrr690.cloudfront.net/sidearm.nextgen.sites/nacda.com/documents/2018/7/18/June29overallDI.pdf,4.0,38.18493150684932,Loyola Chicago,True,False,observed_scoring_school,48.13218390804598
loyola_chicago,2018-19,Loyola Chicago,Missouri Valley,266.0,25.0,DI,25.0,0.0,0.0,https://dxbhsrqyrr690.cloudfront.net/sidearm.nextgen.sites/nacda.com/documents/2019/6/27/June28DIOverall.pdf,6.0,6.779661016949152,Loyola Chicago,True,False,observed_scoring_school,21.428571428571427
loyola_chicago,2020-21,Loyola Chicago,Missouri Valley,155.0,94.0,DI,25.0,64.0,5.0,https://dxbhsrqyrr690.cloudfront.net/sidearm.nextgen.sites/nacda.com/documents/2021/7/1/July2OverallDI.pdf,3.0,47.44027303754266,Loyola Chicago,True,False,observed_scoring_school,56.49717514124294
loyola_chicago,2021-22,Loyola Chicago,Missouri Valley,229.0,50.0,DI,25.0,25.0,0.0,https://dxbhsrqyrr690.cloudfront.net/sidearm.nextgen.sites/nacda.com/documents/2022/6/30/FinalDIstandings.pdf,5.0,20.0,Loyola Chicago,True,False,observed_scoring_school,33.52112676056338
loyola_chicago,2022-23,Loyola Chicago,Atlantic 10,221.0,52.0,DI,52.0,0.0,0.0,https://dxbhsrqyrr690.cloudfront.net/sidearm.nextgen.sites/nacda.com/documents/2023/6/27/Final22.23Standings.pdf,4.0,27.704918032786885,Loyola Chicago,True,False,observed_scoring_school,38.407821229050285
loyola_chicago,2023-24,Loyola Chicago,Atlantic 10,260.0,28.0,DI,28.0,0.0,0.0,https://dxbhsrqyrr690.cloudfront.net/sidearm.nextgen.sites/nacda.com/documents/2024/6/26/23.24FinalDI.pdf,4.0,16.720257234726688,Loyola Chicago,True,False,observed_scoring_school,27.247191011235955
loyola_chicago,2024-25,Loyola Chicago,Atlantic 10,128.0,137.0,DI,77.0,0.0,60.0,https://dxbhsrqyrr690.cloudfront.net/sidearm.nextgen.sites/nacda.com/documents/2025/6/23/24.25DivIStandingsFinal.pdf,3.0,57.920792079207914,Loyola Chicago,True,False,observed_scoring_school,64.18539325842697
loyola_chicago,2025-26,Loyola Chicago,Atlantic 10,150.0,112.0,DI,52.0,0.0,60.0,https://dxbhsrqyrr690.cloudfront.net/sidearm.nextgen.sites/nacda.com/documents/2026/6/24/25.26DI_Final.pdf,3.0,50.16611295681063,Loyola Chicago,True,False,observed_scoring_school,57.865168539325836
loyola_maryland,2017-18,Loyola Maryland,Patriot,146.0,113.0,DI,0.0,0.0,113.0,https://dxbhsrqyrr690.cloudfront.net/sidearm.nextgen.sites/nacda.com/documents/2018/7/18/June29overallDI.pdf,3.0,50.34246575342466,Loyola Maryland,True,False,observed_scoring_school,58.333333333333336
loyola_maryland,2018-19,Loyola Maryland,Patriot,139.0,113.0,DI,0.0,0.0,113.0,https://dxbhsrqyrr690.cloudfront.net/sidearm.nextgen.sites/nacda.com/documents/2019/6/27/June28DIOverall.pdf,3.0,53.22033898305085,Loyola Maryland,True,False,observed_scoring_school,60.57142857142858
loyola_maryland,2020-21,Loyola Maryland,Patriot,122.0,121.0,DI,0.0,0.0,121.0,https://dxbhsrqyrr690.cloudfront.net/sidearm.nextgen.sites/nacda.com/documents/2021/7/1/July2OverallDI.pdf,3.0,58.703071672354945,Loyola Maryland,True,False,observed_scoring_school,65.81920903954803
loyola_maryland,2021-22,Loyola Maryland,Patriot,163.0,100.0,DI,25.0,0.0,75.0,https://dxbhsrqyrr690.cloudfront.net/sidearm.nextgen.sites/nacda.com/documents/2022/6/30/FinalDIstandings.pdf,4.0,44.74576271186441,Loyola Maryland,True,False,observed_scoring_school,54.08450704225351
loyola_maryland,2022-23,Loyola Maryland,Patriot,197.0,70.0,DI,0.0,0.0,70.0,https://dxbhsrqyrr690.cloudfront.net/sidearm.nextgen.sites/nacda.com/documents/2023/6/27/Final22.23Standings.pdf,3.0,35.24590163934426,Loyola Maryland,True,False,observed_scoring_school,44.832402234636874
loyola_maryland,2023-24,Loyola Maryland,Patriot,210.0,58.0,DI,0.0,0.0,58.0,https://dxbhsrqyrr690.cloudfront.net/sidearm.nextgen.sites/nacda.com/documents/2024/6/26/23.24FinalDI.pdf,4.0,32.475884244372985,Loyola Maryland,True,False,observed_scoring_school,41.01123595505618
loyola_maryland,2024-25,Loyola Maryland,Patriot,258.0,30.0,DI,0.0,0.0,30.0,https://dxbhsrqyrr690.cloudfront.net/sidearm.nextgen.sites/nacda.com/documents/2025/6/23/24.25DivIStandingsFinal.pdf,5.0,14.686468646864686,Loyola Maryland,True,False,observed_scoring_school,27.3876404494382
loyola_maryland,2025-26,Loyola Maryland,Patriot,265.0,25.0,DI,0.0,0.0,25.0,https://dxbhsrqyrr690.cloudfront.net/sidearm.nextgen.sites/nacda.com/documents/2026/6/24/25.26DI_Final.pdf,5.0,7.308970099667775,Loyola Maryland,True,False,observed_scoring_school,21.629213483146067
loyola_marymount,2017-18,,,,0.0,,,,,,,,Loyola Marymount,False,True,kept_known_d1_program,8.189655172413794
loyola_marymount,2018-19,Loyola Marymount,WCC,155.0,100.0,DI,50.0,0.0,50.0,https://dxbhsrqyrr690.cloudfront.net/sidearm.nextgen.sites/nacda.com/documents/2019/6/27/June28DIOverall.pdf,3.0,47.28813559322034,Loyola Marymount,True,False,observed_scoring_school,55.57142857142857
loyola_marymount,2020-21,Loyola Marymount,WCC,140.0,105.0,DI,50.0,0.0,55.0,https://dxbhsrqyrr690.cloudfront.net/sidearm.nextgen.sites/nacda.com/documents/2021/7/1/July2OverallDI.pdf,3.0,52.55972696245734,Loyola Marymount,True,False,observed_scoring_school,60.73446327683616
loyola_marymount,2021-22,Loyola Marymount,WCC,117.0,145.5,DI,0.0,0.0,145.5,https://dxbhsrqyrr690.cloudfront.net/sidearm.nextgen.sites/nacda.com/documents/2022/6/30/FinalDIstandings.pdf,3.0,60.67796610169491,Loyola Marymount,True,False,observed_scoring_school,67.32394366197182
loyola_marymount,2022-23,Loyola Marymount,WCC,131.0,132.5,DI,25.0,0.0,107.5,https://dxbhsrqyrr690.cloudfront.net/sidearm.nextgen.sites/nacda.com/documents/2023/6/27/Final22.23Standings.pdf,2.0,57.377049180327866,Loyola Marymount,True,False,observed_scoring_school,63.687150837988824
loyola_marymount,2023-24,Loyola Marymount,WCC,115.0,160.5,DI,73.0,0.0,87.5,https://dxbhsrqyrr690.cloudfront.net/sidearm.nextgen.sites/nacda.com/documents/2024/6/26/23.24FinalDI.pdf,2.0,63.344051446945336,Loyola Marymount,True,False,observed_scoring_school,67.97752808988764
loyola_marymount,2024-25,Loyola Marymount,WCC,94.0,200.0,DI,50.0,0.0,150.0,https://dxbhsrqyrr690.cloudfront.net/sidearm.nextgen.sites/nacda.com/documents/2025/6/23/24.25DivIStandingsFinal.pdf,2.0,69.3069306930693,Loyola Marymount,True,False,observed_scoring_school,73.87640449438202
loyola_marymount,2025-26,Loyola Marymount,WCC,140.0,120.0,DI,0.0,0.0,120.0,https://dxbhsrqyrr690.cloudfront.net/sidearm.nextgen.sites/nacda.com/documents/2026/6/24/25.26DI_Final.pdf,3.0,53.32225913621262,Loyola Marymount,True,False,observed_scoring_school,60.53370786516854
maine,2017-18,Maine,America East,258.0,25.0,FCS,0.0,25.0,0.0,https://dxbhsrqyrr690.cloudfront.net/sidearm.nextgen.sites/nacda.com/documents/2018/7/18/June29overallDI.pdf,6.0,7.363013698630137,Maine,True,False,observed_scoring_school,22.270114942528735
maine,2018-19,Maine,America East,145.0,108.0,FCS,83.0,25.0,0.0,https://dxbhsrqyrr690.cloudfront.net/sidearm.nextgen.sites/nacda.com/documents/2019/6/27/June28DIOverall.pdf,3.0,51.01694915254237,Maine,True,False,observed_scoring_school,58.71428571428572
maine,2020-21,,,,0.0,,,,,,,,Maine,False,True,kept_known_d1_program,8.757062146892656
maine,2021-22,Maine,America East,266.0,25.0,FCS,25.0,0.0,0.0,https://dxbhsrqyrr690.cloudfront.net/sidearm.nextgen.sites/nacda.com/documents/2022/6/30/FinalDIstandings.pdf,6.0,5.932203389830509,Maine,True,False,observed_scoring_school,21.830985915492956
maine,2022-23,Maine,America East,261.0,25.0,FCS,0.0,0.0,25.0,https://dxbhsrqyrr690.cloudfront.net/sidearm.nextgen.sites/nacda.com/documents/2023/6/27/Final22.23Standings.pdf,4.0,10.0,Maine,True,False,observed_scoring_school,23.324022346368714
maine,2023-24,Maine,America East,182.0,75.0,FCS,25.0,50.0,0.0,https://dxbhsrqyrr690.cloudfront.net/sidearm.nextgen.sites/nacda.com/documents/2024/6/26/23.24FinalDI.pdf,3.0,40.51446945337621,Maine,True,False,observed_scoring_school,48.03370786516854
maine,2024-25,Maine,America East,226.0,50.0,FCS,25.0,25.0,0.0,https://dxbhsrqyrr690.cloudfront.net/sidearm.nextgen.sites/nacda.com/documents/2025/6/23/24.25DivIStandingsFinal.pdf,4.0,23.76237623762376,Maine,True,False,observed_scoring_school,35.1123595505618
maine,2025-26,Maine,America East,265.0,25.0,FCS,25.0,0.0,0.0,https://dxbhsrqyrr690.cloudfront.net/sidearm.nextgen.sites/nacda.com/documents/2026/6/24/25.26DI_Final.pdf,5.0,7.308970099667775,Maine,True,False,observed_scoring_school,21.629213483146067
manhattan,2017-18,,,,0.0,,,,,,,,Manhattan,False,True,kept_known_d1_program,8.189655172413794
manhattan,2018-19,,,,0.0,,,,,,,,Manhattan,False,True,kept_known_d1_program,8.0
manhattan,2020-21,Manhattan,MAAC,255.0,25.0,DI,0.0,0.0,25.0,https://dxbhsrqyrr690.cloudfront.net/sidearm.nextgen.sites/nacda.com/documents/2021/7/1/July2OverallDI.pdf,5.0,8.70307167235495,Manhattan,True,False,observed_scoring_school,24.43502824858757
manhattan,2021-22,Manhattan,MAAC,266.0,25.0,DI,0.0,0.0,25.0,https://dxbhsrqyrr690.cloudfront.net/sidearm.nextgen.sites/nacda.com/documents/2022/6/30/FinalDIstandings.pdf,6.0,5.932203389830509,Manhattan,True,False,observed_scoring_school,21.830985915492956
manhattan,2022-23,,,,0.0,,,,,,,,Manhattan,False,True,kept_known_d1_program,7.5418994413407825
manhattan,2023-24,,,,0.0,,,,,,,,Manhattan,False,True,kept_known_d1_program,6.460674157303371
manhattan,2024-25,,,,0.0,,,,,,,,Manhattan,False,True,kept_known_d1_program,7.584269662921349
manhattan,2025-26,,,,0.0,,,,,,,,Manhattan,False,True,kept_known_d1_program,7.865168539325842
marist,2017-18,,,,0.0,,,,,,,,Marist,False,True,kept_known_d1_program,8.189655172413794
marist,2018-19,Marist,MAAC,217.0,55.0,FCS,0.0,0.0,55.0,https://dxbhsrqyrr690.cloudfront.net/sidearm.nextgen.sites/nacda.com/documents/2019/6/27/June28DIOverall.pdf,5.0,26.610169491525426,Marist,True,False,observed_scoring_school,38.142857142857146
marist,2020-21,Marist,MAAC,130.0,115.0,FCS,0.0,25.0,90.0,https://dxbhsrqyrr690.cloudfront.net/sidearm.nextgen.sites/nacda.com/documents/2021/7/1/July2OverallDI.pdf,3.0,55.972696245733786,Marist,True,False,observed_scoring_school,63.559322033898304
marist,2021-22,Marist,MAAC,266.0,25.0,FCS,25.0,0.0,0.0,https://dxbhsrqyrr690.cloudfront.net/sidearm.nextgen.sites/nacda.com/documents/2022/6/30/FinalDIstandings.pdf,6.0,5.932203389830509,Marist,True,False,observed_scoring_school,21.830985915492956
marist,2022-23,Marist,MAAC,223.0,50.0,FCS,0.0,0.0,50.0,https://dxbhsrqyrr690.cloudfront.net/sidearm.nextgen.sites/nacda.com/documents/2023/6/27/Final22.23Standings.pdf,4.0,24.75409836065574,Marist,True,False,observed_scoring_school,35.89385474860335
marist,2023-24,,,,0.0,,,,,,,,Marist,False,True,kept_known_d1_program,6.460674157303371
marist,2024-25,Marist,MAAC,254.0,37.5,FCS,0.0,0.0,37.5,https://dxbhsrqyrr690.cloudfront.net/sidearm.nextgen.sites/nacda.com/documents/2025/6/23/24.25DivIStandingsFinal.pdf,4.0,16.33663366336634,Marist,True,False,observed_scoring_school,28.792134831460675
marist,2025-26,Marist,MAAC,202.0,70.0,FCS,0.0,0.0,70.0,https://dxbhsrqyrr690.cloudfront.net/sidearm.nextgen.sites/nacda.com/documents/2026/6/24/25.26DI_Final.pdf,4.0,32.72425249169435,Marist,True,False,observed_scoring_school,43.11797752808989
marquette,2017-18,Marquette,Big East,152.0,100.0,DI,25.0,50.0,25.0,https://dxbhsrqyrr690.cloudfront.net/sidearm.nextgen.sites/nacda.com/documents/2018/7/18/June29overallDI.pdf,3.0,47.26027397260274,Marquette,True,False,observed_scoring_school,55.74712643678161
marquette,2018-19,Marquette,Big East,106.0,167.0,DI,64.0,75.0,28.0,https://dxbhsrqyrr690.cloudfront.net/sidearm.nextgen.sites/nacda.com/documents/2019/6/27/June28DIOverall.pdf,2.0,64.40677966101694,Marquette,True,False,observed_scoring_school,70.0
marquette,2020-21,Marquette,Big East,162.0,89.0,DI,64.0,25.0,0.0,https://dxbhsrqyrr690.cloudfront.net/sidearm.nextgen.sites/nacda.com/documents/2021/7/1/July2OverallDI.pdf,3.0,44.88054607508533,Marquette,True,False,observed_scoring_school,54.378531073446325
marquette,2021-22,Marquette,Big East,229.0,50.0,DI,25.0,25.0,0.0,https://dxbhsrqyrr690.cloudfront.net/sidearm.nextgen.sites/nacda.com/documents/2022/6/30/FinalDIstandings.pdf,5.0,20.0,Marquette,True,False,observed_scoring_school,33.52112676056338
marquette,2022-23,Marquette,Big East,97.0,179.5,DI,64.0,75.0,40.5,https://dxbhsrqyrr690.cloudfront.net/sidearm.nextgen.sites/nacda.com/documents/2023/6/27/Final22.23Standings.pdf,2.0,68.52459016393443,Marquette,True,False,observed_scoring_school,73.18435754189943
marquette,2023-24,Marquette,Big East,129.0,139.0,DI,50.0,89.0,0.0,https://dxbhsrqyrr690.cloudfront.net/sidearm.nextgen.sites/nacda.com/documents/2024/6/26/23.24FinalDI.pdf,2.0,58.842443729903536,Marquette,True,False,observed_scoring_school,64.04494382022472
marquette,2024-25,Marquette,Big East,140.0,117.0,DI,64.0,25.0,28.0,https://dxbhsrqyrr690.cloudfront.net/sidearm.nextgen.sites/nacda.com/documents/2025/6/23/24.25DivIStandingsFinal.pdf,3.0,54.12541254125413,Marquette,True,False,observed_scoring_school,60.95505617977528
marquette,2025-26,Marquette,Big East,225.0,50.0,DI,50.0,0.0,0.0,https://dxbhsrqyrr690.cloudfront.net/sidearm.nextgen.sites/nacda.com/documents/2026/6/24/25.26DI_Final.pdf,4.0,23.089700996677745,Marquette,True,False,observed_scoring_school,34.97191011235955
marshall,2017-18,Marshall,Conference USA,165.0,95.0,FBS,45.0,50.0,0.0,https://dxbhsrqyrr690.cloudfront.net/sidearm.nextgen.sites/nacda.com/documents/2018/7/18/June29overallDI.pdf,4.0,43.321917808219176,Marshall,True,False,observed_scoring_school,52.44252873563219
marshall,2018-19,Marshall,Conference USA,244.0,45.0,FBS,45.0,0.0,0.0,https://dxbhsrqyrr690.cloudfront.net/sidearm.nextgen.sites/nacda.com/documents/2019/6/27/June28DIOverall.pdf,5.0,17.28813559322034,Marshall,True,False,observed_scoring_school,30.28571428571429
marshall,2020-21,Marshall,Conference USA,113.0,125.0,FBS,125.0,0.0,0.0,https://dxbhsrqyrr690.cloudfront.net/sidearm.nextgen.sites/nacda.com/documents/2021/7/1/July2OverallDI.pdf,2.0,61.262798634812285,Marshall,True,False,observed_scoring_school,67.93785310734464
marshall,2021-22,Marshall,Conference USA,196.0,75.0,FBS,75.0,0.0,0.0,https://dxbhsrqyrr690.cloudfront.net/sidearm.nextgen.sites/nacda.com/documents/2022/6/30/FinalDIstandings.pdf,4.0,32.88135593220339,Marshall,True,False,observed_scoring_school,44.225352112676056
marshall,2022-23,Marshall,Sun Belt,157.0,109.0,FBS,109.0,0.0,0.0,https://dxbhsrqyrr690.cloudfront.net/sidearm.nextgen.sites/nacda.com/documents/2023/6/27/Final22.23Standings.pdf,3.0,48.36065573770492,Marshall,True,False,observed_scoring_school,56.005586592178766
marshall,2023-24,Marshall,Sun Belt,145.0,114.0,FBS,89.0,25.0,0.0,https://dxbhsrqyrr690.cloudfront.net/sidearm.nextgen.sites/nacda.com/documents/2024/6/26/23.24FinalDI.pdf,3.0,53.69774919614147,Marshall,True,False,observed_scoring_school,59.55056179775281
marshall,2024-25,Marshall,Sun Belt,172.0,90.0,FBS,90.0,0.0,0.0,https://dxbhsrqyrr690.cloudfront.net/sidearm.nextgen.sites/nacda.com/documents/2025/6/23/24.25DivIStandingsFinal.pdf,3.0,43.39933993399339,Marshall,True,False,observed_scoring_school,51.82584269662921
marshall,2025-26,Marshall,Sun Belt,173.0,87.5,FBS,50.0,0.0,37.5,https://dxbhsrqyrr690.cloudfront.net/sidearm.nextgen.sites/nacda.com/documents/2026/6/24/25.26DI_Final.pdf,3.0,42.19269102990033,Marshall,True,False,observed_scoring_school,51.12359550561798
maryland,2017-18,Maryland,Big Ten,53.0,467.5,FBS,115.0,149.5,203.0,https://dxbhsrqyrr690.cloudfront.net/sidearm.nextgen.sites/nacda.com/documents/2018/7/18/June29overallDI.pdf,2.0,82.1917808219178,Maryland,True,False,observed_scoring_school,85.0574712643678
maryland,2018-19,Maryland,Big Ten,40.0,588.0,FBS,190.0,190.5,207.5,https://dxbhsrqyrr690.cloudfront.net/sidearm.nextgen.sites/nacda.com/documents/2019/6/27/June28DIOverall.pdf,1.0,86.77966101694915,Maryland,True,False,observed_scoring_school,88.85714285714286
maryland,2020-21,Maryland,Big Ten,46.0,462.5,FBS,50.0,167.0,245.5,https://dxbhsrqyrr690.cloudfront.net/sidearm.nextgen.sites/nacda.com/documents/2021/7/1/July2OverallDI.pdf,1.0,84.64163822525597,Maryland,True,False,observed_scoring_school,87.28813559322035
maryland,2021-22,Maryland,Big Ten,46.0,528.0,FBS,153.0,142.0,233.0,https://dxbhsrqyrr690.cloudfront.net/sidearm.nextgen.sites/nacda.com/documents/2022/6/30/FinalDIstandings.pdf,1.0,84.7457627118644,Maryland,True,False,observed_scoring_school,87.32394366197182
maryland,2022-23,Maryland,Big Ten,44.0,561.5,FBS,178.0,206.0,177.5,https://dxbhsrqyrr690.cloudfront.net/sidearm.nextgen.sites/nacda.com/documents/2023/6/27/Final22.23Standings.pdf,1.0,85.90163934426229,Maryland,True,False,observed_scoring_school,87.98882681564247
maryland,2023-24,Maryland,Big Ten,61.0,400.5,FBS,110.0,108.5,182.0,https://dxbhsrqyrr690.cloudfront.net/sidearm.nextgen.sites/nacda.com/documents/2024/6/26/23.24FinalDI.pdf,1.0,80.70739549839229,Maryland,True,False,observed_scoring_school,83.14606741573034
maryland,2024-25,Maryland,Big Ten,57.0,460.5,FBS,95.0,222.5,143.0,https://dxbhsrqyrr690.cloudfront.net/sidearm.nextgen.sites/nacda.com/documents/2025/6/23/24.25DivIStandingsFinal.pdf,1.0,81.51815181518151,Maryland,True,False,observed_scoring_school,84.26966292134831
maryland,2025-26,Maryland,Big Ten,71.0,325.5,FBS,73.0,144.5,108.0,https://dxbhsrqyrr690.cloudfront.net/sidearm.nextgen.sites/nacda.com/documents/2026/6/24/25.26DI_Final.pdf,2.0,76.74418604651163,Maryland,True,False,observed_scoring_school,80.33707865168539
maryland_eastern_shore,2017-18,,,,0.0,,,,,,,,Maryland Eastern Shore,False,True,kept_known_d1_program,8.189655172413794
maryland_eastern_shore,2018-19,Maryland Eastern Shore,MEAC,179.0,83.0,DI,0.0,83.0,0.0,https://dxbhsrqyrr690.cloudfront.net/sidearm.nextgen.sites/nacda.com/documents/2019/6/27/June28DIOverall.pdf,4.0,39.66101694915255,Maryland Eastern Shore,True,False,observed_scoring_school,49.142857142857146
maryland_eastern_shore,2020-21,,,,0.0,,,,,,,,Maryland Eastern Shore,False,True,kept_known_d1_program,8.757062146892656
maryland_eastern_shore,2021-22,,,,0.0,,,,,,,,Maryland Eastern Shore,False,True,kept_known_d1_program,8.591549295774648
maryland_eastern_shore,2022-23,,,,0.0,,,,,,,,Maryland Eastern Shore,False,True,kept_known_d1_program,7.5418994413407825
maryland_eastern_shore,2023-24,Maryland Eastern Shore,MEAC,237.0,45.0,DI,0.0,45.0,0.0,https://dxbhsrqyrr690.cloudfront.net/sidearm.nextgen.sites/nacda.com/documents/2024/6/26/23.24FinalDI.pdf,4.0,23.311897106109324,Maryland Eastern Shore,True,False,observed_scoring_school,33.00561797752809
maryland_eastern_shore,2024-25,,,,0.0,,,,,,,,Maryland Eastern Shore,False,True,kept_known_d1_program,7.584269662921349
maryland_eastern_shore,2025-26,,,,0.0,,,,,,,,Maryland Eastern Shore,False,True,kept_known_d1_program,7.865168539325842
massachusetts,2017-18,Massachusetts,Atlantic 10,217.0,50.0,FBS,25.0,0.0,25.0,https://dxbhsrqyrr690.cloudfront.net/sidearm.nextgen.sites/nacda.com/documents/2018/7/18/June29overallDI.pdf,5.0,22.945205479452056,Massachusetts,True,False,observed_scoring_school,35.3448275862069
massachusetts,2018-19,Massachusetts,Atlantic 10,171.0,90.0,FBS,0.0,90.0,0.0,https://dxbhsrqyrr690.cloudfront.net/sidearm.nextgen.sites/nacda.com/documents/2019/6/27/June28DIOverall.pdf,4.0,42.03389830508474,Massachusetts,True,False,observed_scoring_school,51.142857142857146
massachusetts,2020-21,Massachusetts,Atlantic 10,91.0,175.0,FBS,50.0,100.0,25.0,https://dxbhsrqyrr690.cloudfront.net/sidearm.nextgen.sites/nacda.com/documents/2021/7/1/July2OverallDI.pdf,2.0,69.11262798634812,Massachusetts,True,False,observed_scoring_school,74.43502824858757
massachusetts,2021-22,Massachusetts,Atlantic 10,196.0,75.0,FBS,0.0,50.0,25.0,https://dxbhsrqyrr690.cloudfront.net/sidearm.nextgen.sites/nacda.com/documents/2022/6/30/FinalDIstandings.pdf,4.0,32.88135593220339,Massachusetts,True,False,observed_scoring_school,44.225352112676056
massachusetts,2022-23,Massachusetts,Atlantic 10,261.0,25.0,FBS,0.0,0.0,25.0,https://dxbhsrqyrr690.cloudfront.net/sidearm.nextgen.sites/nacda.com/documents/2023/6/27/Final22.23Standings.pdf,4.0,10.0,Massachusetts,True,False,observed_scoring_school,23.324022346368714
massachusetts,2023-24,Massachusetts,Atlantic 10,217.0,50.0,FBS,0.0,25.0,25.0,https://dxbhsrqyrr690.cloudfront.net/sidearm.nextgen.sites/nacda.com/documents/2024/6/26/23.24FinalDI.pdf,4.0,27.974276527331188,Massachusetts,True,False,observed_scoring_school,37.07865168539326
massachusetts,2024-25,Massachusetts,Atlantic 10,84.0,241.0,FBS,156.0,60.0,25.0,https://dxbhsrqyrr690.cloudfront.net/sidearm.nextgen.sites/nacda.com/documents/2025/6/23/24.25DivIStandingsFinal.pdf,2.0,72.60726072607261,Massachusetts,True,False,observed_scoring_school,76.68539325842697
massachusetts,2025-26,Massachusetts,MAC,219.0,57.0,FBS,0.0,0.0,57.0,https://dxbhsrqyrr690.cloudfront.net/sidearm.nextgen.sites/nacda.com/documents/2026/6/24/25.26DI_Final.pdf,4.0,27.57475083056478,Massachusetts,True,False,observed_scoring_school,38.764044943820224
massachusetts_lowell,2017-18,,,,0.0,,,,,,,,Massachusetts Lowell,False,True,kept_known_d1_program,8.189655172413794
massachusetts_lowell,2018-19,,,,0.0,,,,,,,,Massachusetts Lowell,False,True,kept_known_d1_program,8.0
massachusetts_lowell,2020-21,Massachusetts Lowell,America East,244.0,40.5,DI,0.0,40.5,0.0,https://dxbhsrqyrr690.cloudfront.net/sidearm.nextgen.sites/nacda.com/documents/2021/7/1/July2OverallDI.pdf,5.0,17.064846416382252,Massachusetts Lowell,True,False,observed_scoring_school,31.35593220338983
massachusetts_lowell,2021-22,Massachusetts Lowell,America East,266.0,25.0,DI,0.0,25.0,0.0,https://dxbhsrqyrr690.cloudfront.net/sidearm.nextgen.sites/nacda.com/documents/2022/6/30/FinalDIstandings.pdf,6.0,5.932203389830509,Massachusetts Lowell,True,False,observed_scoring_school,21.830985915492956
massachusetts_lowell,2022-23,,,,0.0,,,,,,,,Massachusetts Lowell,False,True,kept_known_d1_program,7.5418994413407825
massachusetts_lowell,2023-24,,,,0.0,,,,,,,,Massachusetts Lowell,False,True,kept_known_d1_program,6.460674157303371
massachusetts_lowell,2024-25,Massachusetts Lowell,America East,298.0,5.0,DI,0.0,0.0,5.0,https://dxbhsrqyrr690.cloudfront.net/sidearm.nextgen.sites/nacda.com/documents/2025/6/23/24.25DivIStandingsFinal.pdf,5.0,1.155115511551155,Massachusetts Lowell,True,False,observed_scoring_school,15.870786516853933
massachusetts_lowell,2025-26,,,,0.0,,,,,,,,Massachusetts Lowell,False,True,kept_known_d1_program,7.865168539325842
mcneese_state,2017-18,McNeese State,Southland,162.0,96.0,FCS,33.5,0.0,62.5,https://dxbhsrqyrr690.cloudfront.net/sidearm.nextgen.sites/nacda.com/documents/2018/7/18/June29overallDI.pdf,4.0,44.52054794520548,McNeese State,True,False,observed_scoring_school,53.44827586206896
mcneese_state,2018-19,McNeese State,Southland,259.0,31.0,FCS,0.0,6.0,25.0,https://dxbhsrqyrr690.cloudfront.net/sidearm.nextgen.sites/nacda.com/documents/2019/6/27/June28DIOverall.pdf,5.0,12.54237288135593,McNeese State,True,False,observed_scoring_school,26.285714285714285
mcneese_state,2020-21,McNeese State,Southland,204.0,62.5,FCS,0.0,0.0,62.5,https://dxbhsrqyrr690.cloudfront.net/sidearm.nextgen.sites/nacda.com/documents/2021/7/1/July2OverallDI.pdf,4.0,30.546075085324233,McNeese State,True,False,observed_scoring_school,42.51412429378531
mcneese_state,2021-22,McNeese State,Southland,229.0,50.0,FCS,0.0,0.0,50.0,https://dxbhsrqyrr690.cloudfront.net/sidearm.nextgen.sites/nacda.com/documents/2022/6/30/FinalDIstandings.pdf,5.0,20.0,McNeese State,True,False,observed_scoring_school,33.52112676056338
mcneese_state,2022-23,McNeese State,Southland,223.0,50.0,FCS,0.0,0.0,50.0,https://dxbhsrqyrr690.cloudfront.net/sidearm.nextgen.sites/nacda.com/documents/2023/6/27/Final22.23Standings.pdf,4.0,24.75409836065574,McNeese State,True,False,observed_scoring_school,35.89385474860335
mcneese_state,2023-24,McNeese State,Southland,262.0,25.0,FCS,0.0,25.0,0.0,https://dxbhsrqyrr690.cloudfront.net/sidearm.nextgen.sites/nacda.com/documents/2024/6/26/23.24FinalDI.pdf,5.0,10.128617363344052,McNeese State,True,False,observed_scoring_school,21.48876404494382
mcneese_state,2024-25,McNeese State,Southland,226.0,50.0,FCS,0.0,50.0,0.0,https://dxbhsrqyrr690.cloudfront.net/sidearm.nextgen.sites/nacda.com/documents/2025/6/23/24.25DivIStandingsFinal.pdf,4.0,23.76237623762376,McNeese State,True,False,observed_scoring_school,35.1123595505618
mcneese_state,2025-26,McNeese State,Southland,225.0,50.0,FCS,0.0,25.0,25.0,https://dxbhsrqyrr690.cloudfront.net/sidearm.nextgen.sites/nacda.com/documents/2026/6/24/25.26DI_Final.pdf,4.0,23.089700996677745,McNeese State,True,False,observed_scoring_school,34.97191011235955
memphis,2017-18,Memphis,American,127.0,142.5,FBS,50.0,0.0,92.5,https://dxbhsrqyrr690.cloudfront.net/sidearm.nextgen.sites/nacda.com/documents/2018/7/18/June29overallDI.pdf,3.0,56.849315068493155,Memphis,True,False,observed_scoring_school,63.793103448275865
memphis,2018-19,Memphis,American,153.0,102.0,FBS,50.0,24.0,28.0,https://dxbhsrqyrr690.cloudfront.net/sidearm.nextgen.sites/nacda.com/documents/2019/6/27/June28DIOverall.pdf,3.0,48.47457627118644,Memphis,True,False,observed_scoring_school,56.57142857142857
memphis,2020-21,Memphis,American,91.0,175.0,FBS,70.0,55.0,50.0,https://dxbhsrqyrr690.cloudfront.net/sidearm.nextgen.sites/nacda.com/documents/2021/7/1/July2OverallDI.pdf,2.0,69.11262798634812,Memphis,True,False,observed_scoring_school,74.43502824858757
memphis,2021-22,Memphis,American,97.0,192.0,FBS,55.0,87.0,50.0,https://dxbhsrqyrr690.cloudfront.net/sidearm.nextgen.sites/nacda.com/documents/2022/6/30/FinalDIstandings.pdf,2.0,67.45762711864407,Memphis,True,False,observed_scoring_school,72.95774647887325
memphis,2022-23,Memphis,American,88.0,208.0,FBS,134.0,25.0,49.0,https://dxbhsrqyrr690.cloudfront.net/sidearm.nextgen.sites/nacda.com/documents/2023/6/27/Final22.23Standings.pdf,2.0,71.47540983606558,Memphis,True,False,observed_scoring_school,75.69832402234637
memphis,2023-24,Memphis,American,92.0,209.0,FBS,159.0,0.0,50.0,https://dxbhsrqyrr690.cloudfront.net/sidearm.nextgen.sites/nacda.com/documents/2024/6/26/23.24FinalDI.pdf,2.0,70.7395498392283,Memphis,True,False,observed_scoring_school,74.43820224719101
memphis,2024-25,Memphis,American,157.0,101.0,FBS,51.0,25.0,25.0,https://dxbhsrqyrr690.cloudfront.net/sidearm.nextgen.sites/nacda.com/documents/2025/6/23/24.25DivIStandingsFinal.pdf,3.0,48.18481848184818,Memphis,True,False,observed_scoring_school,55.89887640449438
memphis,2025-26,Memphis,American,138.0,121.0,FBS,75.0,0.0,46.0,https://dxbhsrqyrr690.cloudfront.net/sidearm.nextgen.sites/nacda.com/documents/2026/6/24/25.26DI_Final.pdf,3.0,54.31893687707641,Memphis,True,False,observed_scoring_school,61.37640449438202
mercer,2017-18,Mercer,SoCon,189.0,75.0,FCS,25.0,25.0,25.0,https://dxbhsrqyrr690.cloudfront.net/sidearm.nextgen.sites/nacda.com/documents/2018/7/18/June29overallDI.pdf,4.0,34.417808219178085,Mercer,True,False,observed_scoring_school,44.9712643678161
mercer,2018-19,Mercer,SoCon,190.0,75.0,FCS,0.0,25.0,50.0,https://dxbhsrqyrr690.cloudfront.net/sidearm.nextgen.sites/nacda.com/documents/2019/6/27/June28DIOverall.pdf,4.0,34.40677966101695,Mercer,True,False,observed_scoring_school,44.714285714285715
mercer,2020-21,Mercer,SoCon,178.0,77.0,FCS,0.0,25.0,52.0,https://dxbhsrqyrr690.cloudfront.net/sidearm.nextgen.sites/nacda.com/documents/2021/7/1/July2OverallDI.pdf,4.0,39.59044368600683,Mercer,True,False,observed_scoring_school,50.0
mercer,2021-22,Mercer,SoCon,196.0,75.0,FCS,25.0,25.0,25.0,https://dxbhsrqyrr690.cloudfront.net/sidearm.nextgen.sites/nacda.com/documents/2022/6/30/FinalDIstandings.pdf,4.0,32.88135593220339,Mercer,True,False,observed_scoring_school,44.225352112676056
mercer,2022-23,Mercer,SoCon,261.0,25.0,FCS,0.0,0.0,25.0,https://dxbhsrqyrr690.cloudfront.net/sidearm.nextgen.sites/nacda.com/documents/2023/6/27/Final22.23Standings.pdf,5.0,10.0,Mercer,True,False,observed_scoring_school,23.324022346368714
mercer,2023-24,Mercer,SoCon,154.0,103.0,FCS,78.0,0.0,25.0,https://dxbhsrqyrr690.cloudfront.net/sidearm.nextgen.sites/nacda.com/documents/2024/6/26/23.24FinalDI.pdf,3.0,50.64308681672026,Mercer,True,False,observed_scoring_school,56.88202247191011
mercer,2024-25,Mercer,SoCon,125.0,140.0,FCS,65.0,0.0,75.0,https://dxbhsrqyrr690.cloudfront.net/sidearm.nextgen.sites/nacda.com/documents/2025/6/23/24.25DivIStandingsFinal.pdf,2.0,58.745874587458744,Mercer,True,False,observed_scoring_school,64.8876404494382
mercer,2025-26,Mercer,SoCon,185.0,78.0,FCS,53.0,0.0,25.0,https://dxbhsrqyrr690.cloudfront.net/sidearm.nextgen.sites/nacda.com/documents/2026/6/24/25.26DI_Final.pdf,3.0,38.87043189368771,Mercer,True,False,observed_scoring_school,48.31460674157304
merrimack,2020-21,,,,0.0,,,,,,,,Merrimack,False,True,kept_known_d1_program,8.757062146892656
merrimack,2021-22,,,,0.0,,,,,,,,Merrimack,False,True,kept_known_d1_program,8.591549295774648
merrimack,2022-23,Merrimack,Northeast (Fall 2023),261.0,25.0,DI,0.0,25.0,0.0,https://dxbhsrqyrr690.cloudfront.net/sidearm.nextgen.sites/nacda.com/documents/2023/6/27/Final22.23Standings.pdf,5.0,10.0,Merrimack,True,False,observed_scoring_school,23.324022346368714
merrimack,2023-24,Merrimack,Northeast,237.0,45.0,DI,0.0,45.0,0.0,https://dxbhsrqyrr690.cloudfront.net/sidearm.nextgen.sites/nacda.com/documents/2024/6/26/23.24FinalDI.pdf,4.0,23.311897106109324,Merrimack,True,False,observed_scoring_school,33.00561797752809
merrimack,2024-25,,,,0.0,,,,,,,,Merrimack,False,True,kept_known_d1_program,7.584269662921349
merrimack,2025-26,Merrimack,MAAC,265.0,25.0,FCS,0.0,25.0,0.0,https://dxbhsrqyrr690.cloudfront.net/sidearm.nextgen.sites/nacda.com/documents/2026/6/24/25.26DI_Final.pdf,5.0,7.308970099667775,Merrimack,True,False,observed_scoring_school,21.629213483146067
miami_fl,2017-18,Miami (FL),ACC,62.0,382.0,FBS,113.0,140.5,128.5,https://dxbhsrqyrr690.cloudfront.net/sidearm.nextgen.sites/nacda.com/documents/2018/7/18/June29overallDI.pdf,2.0,79.1095890410959,Miami (FL),True,False,observed_scoring_school,82.47126436781609
miami_fl,2018-19,Miami (FL),ACC,58.0,420.83,FBS,25.0,202.33,193.5,https://dxbhsrqyrr690.cloudfront.net/sidearm.nextgen.sites/nacda.com/documents/2019/6/27/June28DIOverall.pdf,2.0,80.67796610169492,Miami (FL),True,False,observed_scoring_school,83.71428571428572
miami_fl,2020-21,Miami (FL),ACC,62.0,358.5,FBS,52.0,134.5,172.0,https://dxbhsrqyrr690.cloudfront.net/sidearm.nextgen.sites/nacda.com/documents/2021/7/1/July2OverallDI.pdf,2.0,79.18088737201366,Miami (FL),True,False,observed_scoring_school,82.7683615819209
miami_fl,2021-22,Miami (FL),ACC,50.0,516.0,FBS,55.0,226.0,235.0,https://dxbhsrqyrr690.cloudfront.net/sidearm.nextgen.sites/nacda.com/documents/2022/6/30/FinalDIstandings.pdf,1.0,83.38983050847457,Miami (FL),True,False,observed_scoring_school,86.19718309859155
miami_fl,2022-23,Miami (FL),ACC,49.0,480.0,FBS,25.0,293.5,161.5,https://dxbhsrqyrr690.cloudfront.net/sidearm.nextgen.sites/nacda.com/documents/2023/6/27/Final22.23Standings.pdf,1.0,84.26229508196721,Miami (FL),True,False,observed_scoring_school,86.59217877094973
miami_fl,2023-24,Miami (FL),ACC,67.0,368.25,FBS,75.0,119.5,173.75,https://dxbhsrqyrr690.cloudfront.net/sidearm.nextgen.sites/nacda.com/documents/2024/6/26/23.24FinalDI.pdf,2.0,78.77813504823152,Miami (FL),True,False,observed_scoring_school,81.46067415730337
miami_fl,2024-25,Miami (FL),ACC,55.0,472.5,FBS,106.0,176.5,190.0,https://dxbhsrqyrr690.cloudfront.net/sidearm.nextgen.sites/nacda.com/documents/2025/6/23/24.25DivIStandingsFinal.pdf,1.0,82.17821782178217,Miami (FL),True,False,observed_scoring_school,84.8314606741573
miami_fl,2025-26,Miami (FL),ACC,57.0,452.0,FBS,140.0,159.0,153.0,https://dxbhsrqyrr690.cloudfront.net/sidearm.nextgen.sites/nacda.com/documents/2026/6/24/25.26DI_Final.pdf,1.0,81.3953488372093,Miami (FL),True,False,observed_scoring_school,84.26966292134831
miami_oh,2017-18,Miami (OH),MAC,143.0,117.0,FBS,78.0,39.0,0.0,https://dxbhsrqyrr690.cloudfront.net/sidearm.nextgen.sites/nacda.com/documents/2018/7/18/June29overallDI.pdf,3.0,51.369863013698634,Miami (OH),True,False,observed_scoring_school,59.195402298850574
miami_oh,2018-19,Miami (OH),MAC,182.0,78.0,FBS,53.0,0.0,25.0,https://dxbhsrqyrr690.cloudfront.net/sidearm.nextgen.sites/nacda.com/documents/2019/6/27/June28DIOverall.pdf,4.0,38.47457627118643,Miami (OH),True,False,observed_scoring_school,48.142857142857146
miami_oh,2020-21,Miami (OH),MAC,110.0,131.5,FBS,25.0,51.0,55.5,https://dxbhsrqyrr690.cloudfront.net/sidearm.nextgen.sites/nacda.com/documents/2021/7/1/July2OverallDI.pdf,2.0,62.79863481228669,Miami (OH),True,False,observed_scoring_school,69.2090395480226
miami_oh,2021-22,Miami (OH),MAC,128.0,135.5,FBS,98.0,0.0,37.5,https://dxbhsrqyrr690.cloudfront.net/sidearm.nextgen.sites/nacda.com/documents/2022/6/30/FinalDIstandings.pdf,3.0,56.61016949152542,Miami (OH),True,False,observed_scoring_school,63.94366197183099
miami_oh,2022-23,Miami (OH),MAC,108.0,168.0,FBS,78.0,40.0,50.0,https://dxbhsrqyrr690.cloudfront.net/sidearm.nextgen.sites/nacda.com/documents/2023/6/27/Final22.23Standings.pdf,2.0,64.91803278688525,Miami (OH),True,False,observed_scoring_school,70.11173184357543
miami_oh,2023-24,Miami (OH),MAC,121.0,146.5,FBS,70.0,39.0,37.5,https://dxbhsrqyrr690.cloudfront.net/sidearm.nextgen.sites/nacda.com/documents/2024/6/26/23.24FinalDI.pdf,2.0,61.41479099678456,Miami (OH),True,False,observed_scoring_school,66.29213483146067
miami_oh,2024-25,Miami (OH),MAC,112.0,152.5,FBS,90.0,0.0,62.5,https://dxbhsrqyrr690.cloudfront.net/sidearm.nextgen.sites/nacda.com/documents/2025/6/23/24.25DivIStandingsFinal.pdf,2.0,63.20132013201321,Miami (OH),True,False,observed_scoring_school,68.67977528089888
miami_oh,2025-26,Miami (OH),MAC,116.0,145.0,FBS,90.0,50.0,5.0,https://dxbhsrqyrr690.cloudfront.net/sidearm.nextgen.sites/nacda.com/documents/2026/6/24/25.26DI_Final.pdf,2.0,61.79401993355482,Miami (OH),True,False,observed_scoring_school,67.69662921348315
michigan,2017-18,Michigan,Big Ten,6.0,1131.0,FBS,294.5,503.5,333.0,https://dxbhsrqyrr690.cloudfront.net/sidearm.nextgen.sites/nacda.com/documents/2018/7/18/June29overallDI.pdf,1.0,98.28767123287672,Michigan,True,False,observed_scoring_school,98.5632183908046
michigan,2018-19,Michigan,Big Ten,2.0,1272.25,FBS,330.5,489.75,452.0,https://dxbhsrqyrr690.cloudfront.net/sidearm.nextgen.sites/nacda.com/documents/2019/6/27/June28DIOverall.pdf,1.0,99.66101694915255,Michigan,True,False,observed_scoring_school,99.71428571428571
michigan,2020-21,Michigan,Big Ten,3.0,1126.5,FBS,130.0,614.5,382.0,https://dxbhsrqyrr690.cloudfront.net/sidearm.nextgen.sites/nacda.com/documents/2021/7/1/July2OverallDI.pdf,1.0,99.31740614334473,Michigan,True,False,observed_scoring_school,99.43502824858757
michigan,2021-22,Michigan,Big Ten,3.0,1245.25,FBS,305.0,590.25,350.0,https://dxbhsrqyrr690.cloudfront.net/sidearm.nextgen.sites/nacda.com/documents/2022/6/30/FinalDIstandings.pdf,1.0,99.32203389830508,Michigan,True,False,observed_scoring_school,99.43661971830986
michigan,2022-23,Michigan,Big Ten,11.0,1045.75,FBS,190.0,468.25,387.5,https://dxbhsrqyrr690.cloudfront.net/sidearm.nextgen.sites/nacda.com/documents/2023/6/27/Final22.23Standings.pdf,1.0,96.72131147540983,Michigan,True,False,observed_scoring_school,97.20670391061452
michigan,2023-24,Michigan,Big Ten,8.0,1030.0,FBS,155.0,462.5,412.5,https://dxbhsrqyrr690.cloudfront.net/sidearm.nextgen.sites/nacda.com/documents/2024/6/26/23.24FinalDI.pdf,1.0,97.7491961414791,Michigan,True,False,observed_scoring_school,98.03370786516854
michigan,2024-25,Michigan,Big Ten,13.0,928.5,FBS,140.0,512.0,276.5,https://dxbhsrqyrr690.cloudfront.net/sidearm.nextgen.sites/nacda.com/documents/2025/6/23/24.25DivIStandingsFinal.pdf,1.0,96.03960396039604,Michigan,True,False,observed_scoring_school,96.62921348314607
michigan,2025-26,Michigan,Big Ten,9.0,1076.75,FBS,145.0,664.25,267.5,https://dxbhsrqyrr690.cloudfront.net/sidearm.nextgen.sites/nacda.com/documents/2026/6/24/25.26DI_Final.pdf,1.0,97.34219269102992,Michigan,True,False,observed_scoring_school,97.75280898876404
michigan_state,2017-18,Michigan State,Big Ten,50.0,475.75,FBS,313.5,50.0,112.25,https://dxbhsrqyrr690.cloudfront.net/sidearm.nextgen.sites/nacda.com/documents/2018/7/18/June29overallDI.pdf,1.0,83.21917808219177,Michigan State,True,False,observed_scoring_school,85.91954022988506
michigan_state,2018-19,Michigan State,Big Ten,47.0,526.0,FBS,174.0,208.5,143.5,https://dxbhsrqyrr690.cloudfront.net/sidearm.nextgen.sites/nacda.com/documents/2019/6/27/June28DIOverall.pdf,1.0,84.40677966101696,Michigan State,True,False,observed_scoring_school,86.85714285714286
michigan_state,2020-21,Michigan State,Big Ten,61.0,365.5,FBS,120.0,146.5,99.0,https://dxbhsrqyrr690.cloudfront.net/sidearm.nextgen.sites/nacda.com/documents/2021/7/1/July2OverallDI.pdf,2.0,79.5221843003413,Michigan State,True,False,observed_scoring_school,83.05084745762711
michigan_state,2021-22,Michigan State,Big Ten,41.0,544.75,FBS,173.0,223.25,148.5,https://dxbhsrqyrr690.cloudfront.net/sidearm.nextgen.sites/nacda.com/documents/2022/6/30/FinalDIstandings.pdf,1.0,86.4406779661017,Michigan State,True,False,observed_scoring_school,88.73239436619718
michigan_state,2022-23,Michigan State,Big Ten,53.0,447.75,FBS,131.0,203.75,113.0,https://dxbhsrqyrr690.cloudfront.net/sidearm.nextgen.sites/nacda.com/documents/2023/6/27/Final22.23Standings.pdf,1.0,82.95081967213115,Michigan State,True,False,observed_scoring_school,85.47486033519553
michigan_state,2023-24,Michigan State,Big Ten,42.0,539.25,FBS,150.5,266.25,122.5,https://dxbhsrqyrr690.cloudfront.net/sidearm.nextgen.sites/nacda.com/documents/2024/6/26/23.24FinalDI.pdf,1.0,86.81672025723472,Michigan State,True,False,observed_scoring_school,88.48314606741573
michigan_state,2024-25,Michigan State,Big Ten,48.0,513.25,FBS,144.0,234.75,134.5,https://dxbhsrqyrr690.cloudfront.net/sidearm.nextgen.sites/nacda.com/documents/2025/6/23/24.25DivIStandingsFinal.pdf,1.0,84.48844884488449,Michigan State,True,False,observed_scoring_school,86.79775280898876
michigan_state,2025-26,Michigan State,Big Ten,52.0,509.25,FBS,152.0,240.75,116.5,https://dxbhsrqyrr690.cloudfront.net/sidearm.nextgen.sites/nacda.com/documents/2026/6/24/25.26DI_Final.pdf,1.0,83.05647840531562,Michigan State,True,False,observed_scoring_school,85.67415730337079
middle_tennessee_state,2017-18,Middle Tennessee State,Conference USA,94.0,199.0,FBS,96.0,0.0,103.0,https://dxbhsrqyrr690.cloudfront.net/sidearm.nextgen.sites/nacda.com/documents/2018/7/18/June29overallDI.pdf,2.0,68.15068493150685,Middle Tennessee State,True,False,observed_scoring_school,73.27586206896551
middle_tennessee_state,2018-19,Middle Tennessee State,Conference USA,135.0,115.0,FBS,25.0,24.0,66.0,https://dxbhsrqyrr690.cloudfront.net/sidearm.nextgen.sites/nacda.com/documents/2019/6/27/June28DIOverall.pdf,3.0,54.40677966101695,Middle Tennessee State,True,False,observed_scoring_school,61.57142857142858
middle_tennessee_state,2020-21,Middle Tennessee State,Conference USA,150.0,98.0,FBS,0.0,25.0,73.0,https://dxbhsrqyrr690.cloudfront.net/sidearm.nextgen.sites/nacda.com/documents/2021/7/1/July2OverallDI.pdf,3.0,49.14675767918089,Middle Tennessee State,True,False,observed_scoring_school,57.909604519774014
middle_tennessee_state,2021-22,Middle Tennessee State,Conference USA,98.0,189.5,FBS,45.0,47.5,97.0,https://dxbhsrqyrr690.cloudfront.net/sidearm.nextgen.sites/nacda.com/documents/2022/6/30/FinalDIstandings.pdf,2.0,67.11864406779661,Middle Tennessee State,True,False,observed_scoring_school,72.67605633802818
middle_tennessee_state,2022-23,Middle Tennessee State,Conference USA,96.0,180.25,FBS,45.0,25.0,110.25,https://dxbhsrqyrr690.cloudfront.net/sidearm.nextgen.sites/nacda.com/documents/2023/6/27/Final22.23Standings.pdf,2.0,68.85245901639344,Middle Tennessee State,True,False,observed_scoring_school,73.46368715083798
middle_tennessee_state,2023-24,Middle Tennessee State,Conference USA,156.0,100.0,FBS,0.0,50.0,50.0,https://dxbhsrqyrr690.cloudfront.net/sidearm.nextgen.sites/nacda.com/documents/2024/6/26/23.24FinalDI.pdf,3.0,50.0,Middle Tennessee State,True,False,observed_scoring_school,56.32022471910112
middle_tennessee_state,2024-25,Middle Tennessee State,Conference USA,264.0,25.0,FBS,0.0,0.0,25.0,https://dxbhsrqyrr690.cloudfront.net/sidearm.nextgen.sites/nacda.com/documents/2025/6/23/24.25DivIStandingsFinal.pdf,5.0,9.075907590759076,Middle Tennessee State,True,False,observed_scoring_school,22.6123595505618
middle_tennessee_state,2025-26,Middle Tennessee State,Conference USA,207.0,67.0,FBS,0.0,0.0,67.0,https://dxbhsrqyrr690.cloudfront.net/sidearm.nextgen.sites/nacda.com/documents/2026/6/24/25.26DI_Final.pdf,4.0,31.561461794019937,Middle Tennessee State,True,False,observed_scoring_school,42.13483146067416
minnesota,2017-18,Minnesota,Big Ten,19.0,852.0,FBS,152.5,461.0,238.5,https://dxbhsrqyrr690.cloudfront.net/sidearm.nextgen.sites/nacda.com/documents/2018/7/18/June29overallDI.pdf,1.0,93.83561643835615,Minnesota,True,False,observed_scoring_school,94.82758620689656
minnesota,2018-19,Minnesota,Big Ten,20.0,813.75,FBS,231.0,430.75,152.0,https://dxbhsrqyrr690.cloudfront.net/sidearm.nextgen.sites/nacda.com/documents/2019/6/27/June28DIOverall.pdf,1.0,93.55932203389833,Minnesota,True,False,observed_scoring_school,94.57142857142857
minnesota,2020-21,Minnesota,Big Ten,28.0,727.0,FBS,139.0,452.5,135.5,https://dxbhsrqyrr690.cloudfront.net/sidearm.nextgen.sites/nacda.com/documents/2021/7/1/July2OverallDI.pdf,1.0,90.78498293515358,Minnesota,True,False,observed_scoring_school,92.37288135593221
minnesota,2021-22,Minnesota,Big Ten,28.0,746.75,FBS,243.0,390.75,113.0,https://dxbhsrqyrr690.cloudfront.net/sidearm.nextgen.sites/nacda.com/documents/2022/6/30/FinalDIstandings.pdf,1.0,90.84745762711864,Minnesota,True,False,observed_scoring_school,92.3943661971831
minnesota,2022-23,Minnesota,Big Ten,31.0,678.5,FBS,135.0,452.0,91.5,https://dxbhsrqyrr690.cloudfront.net/sidearm.nextgen.sites/nacda.com/documents/2023/6/27/Final22.23Standings.pdf,1.0,90.1639344262295,Minnesota,True,False,observed_scoring_school,91.62011173184358
minnesota,2023-24,Minnesota,Big Ten,40.0,584.75,FBS,123.0,386.75,75.0,https://dxbhsrqyrr690.cloudfront.net/sidearm.nextgen.sites/nacda.com/documents/2024/6/26/23.24FinalDI.pdf,1.0,87.45980707395499,Minnesota,True,False,observed_scoring_school,89.04494382022472
minnesota,2024-25,Minnesota,Big Ten,39.0,622.5,FBS,215.0,335.5,72.0,https://dxbhsrqyrr690.cloudfront.net/sidearm.nextgen.sites/nacda.com/documents/2025/6/23/24.25DivIStandingsFinal.pdf,1.0,87.45874587458746,Minnesota,True,False,observed_scoring_school,89.32584269662921
minnesota,2025-26,Minnesota,Big Ten,32.0,675.75,FBS,137.0,430.25,108.5,https://dxbhsrqyrr690.cloudfront.net/sidearm.nextgen.sites/nacda.com/documents/2026/6/24/25.26DI_Final.pdf,1.0,89.70099667774086,Minnesota,True,False,observed_scoring_school,91.29213483146067
mississippi_state,2017-18,Mississippi State,SEC,42.0,568.5,FBS,54.0,163.0,351.5,https://dxbhsrqyrr690.cloudfront.net/sidearm.nextgen.sites/nacda.com/documents/2018/7/18/June29overallDI.pdf,1.0,85.95890410958904,Mississippi State,True,False,observed_scoring_school,88.2183908045977
mississippi_state,2018-19,Mississippi State,SEC,44.0,550.5,FBS,74.0,140.5,336.0,https://dxbhsrqyrr690.cloudfront.net/sidearm.nextgen.sites/nacda.com/documents/2019/6/27/June28DIOverall.pdf,1.0,85.42372881355932,Mississippi State,True,False,observed_scoring_school,87.71428571428571
mississippi_state,2020-21,Mississippi State,SEC,59.0,371.75,FBS,45.0,18.5,308.25,https://dxbhsrqyrr690.cloudfront.net/sidearm.nextgen.sites/nacda.com/documents/2021/7/1/July2OverallDI.pdf,2.0,80.2047781569966,Mississippi State,True,False,observed_scoring_school,83.61581920903954
mississippi_state,2021-22,Mississippi State,SEC,76.0,270.5,FBS,50.0,22.5,198.0,https://dxbhsrqyrr690.cloudfront.net/sidearm.nextgen.sites/nacda.com/documents/2022/6/30/FinalDIstandings.pdf,2.0,74.57627118644068,Mississippi State,True,False,observed_scoring_school,78.87323943661971
mississippi_state,2022-23,Mississippi State,SEC,57.0,430.0,FBS,105.0,109.0,216.0,https://dxbhsrqyrr690.cloudfront.net/sidearm.nextgen.sites/nacda.com/documents/2023/6/27/Final22.23Standings.pdf,1.0,81.63934426229508,Mississippi State,True,False,observed_scoring_school,84.35754189944134
mississippi_state,2023-24,Mississippi State,SEC,60.0,401.5,FBS,64.0,46.5,291.0,https://dxbhsrqyrr690.cloudfront.net/sidearm.nextgen.sites/nacda.com/documents/2024/6/26/23.24FinalDI.pdf,1.0,81.02893890675242,Mississippi State,True,False,observed_scoring_school,83.42696629213484
mississippi_state,2024-25,Mississippi State,SEC,46.0,535.25,FBS,64.0,147.75,323.5,https://dxbhsrqyrr690.cloudfront.net/sidearm.nextgen.sites/nacda.com/documents/2025/6/23/24.25DivIStandingsFinal.pdf,1.0,85.14851485148515,Mississippi State,True,False,observed_scoring_school,87.35955056179775
mississippi_state,2025-26,Mississippi State,SEC,61.0,445.5,FBS,78.0,0.0,367.5,https://dxbhsrqyrr690.cloudfront.net/sidearm.nextgen.sites/nacda.com/documents/2026/6/24/25.26DI_Final.pdf,1.0,80.06644518272425,Mississippi State,True,False,observed_scoring_school,83.14606741573034
missouri,2017-18,Missouri,SEC,33.0,660.75,FBS,117.0,365.0,178.75,https://dxbhsrqyrr690.cloudfront.net/sidearm.nextgen.sites/nacda.com/documents/2018/7/18/June29overallDI.pdf,1.0,89.04109589041096,Missouri,True,False,observed_scoring_school,90.80459770114942
missouri,2018-19,Missouri,SEC,51.0,488.75,FBS,75.0,326.25,87.5,https://dxbhsrqyrr690.cloudfront.net/sidearm.nextgen.sites/nacda.com/documents/2019/6/27/June28DIOverall.pdf,1.0,83.05084745762711,Missouri,True,False,observed_scoring_school,85.71428571428571
missouri,2020-21,Missouri,SEC,48.0,435.0,FBS,55.0,316.0,64.0,https://dxbhsrqyrr690.cloudfront.net/sidearm.nextgen.sites/nacda.com/documents/2021/7/1/July2OverallDI.pdf,1.0,83.95904436860067,Missouri,True,False,observed_scoring_school,86.7231638418079
missouri,2021-22,Missouri,SEC,57.0,429.25,FBS,25.0,315.75,88.5,https://dxbhsrqyrr690.cloudfront.net/sidearm.nextgen.sites/nacda.com/documents/2022/6/30/FinalDIstandings.pdf,2.0,81.01694915254237,Missouri,True,False,observed_scoring_school,84.22535211267605
missouri,2022-23,Missouri,SEC,50.0,477.5,FBS,25.0,302.5,150.0,https://dxbhsrqyrr690.cloudfront.net/sidearm.nextgen.sites/nacda.com/documents/2023/6/27/Final22.23Standings.pdf,1.0,83.93442622950819,Missouri,True,False,observed_scoring_school,86.31284916201118
missouri,2023-24,Missouri,SEC,55.0,426.5,FBS,120.5,178.5,127.5,https://dxbhsrqyrr690.cloudfront.net/sidearm.nextgen.sites/nacda.com/documents/2024/6/26/23.24FinalDI.pdf,1.0,82.63665594855306,Missouri,True,False,observed_scoring_school,84.8314606741573
missouri,2024-25,Missouri,SEC,50.0,492.5,FBS,118.0,295.0,79.5,https://dxbhsrqyrr690.cloudfront.net/sidearm.nextgen.sites/nacda.com/documents/2025/6/23/24.25DivIStandingsFinal.pdf,1.0,83.82838283828383,Missouri,True,False,observed_scoring_school,86.23595505617978
missouri,2025-26,Missouri,SEC,65.0,390.5,FBS,71.0,229.25,90.25,https://dxbhsrqyrr690.cloudfront.net/sidearm.nextgen.sites/nacda.com/documents/2026/6/24/25.26DI_Final.pdf,2.0,78.7375415282392,Missouri,True,False,observed_scoring_school,82.02247191011236
missouri_state,2017-18,Missouri State,Missouri Valley,142.0,117.5,FCS,50.0,0.0,67.5,https://dxbhsrqyrr690.cloudfront.net/sidearm.nextgen.sites/nacda.com/documents/2018/7/18/June29overallDI.pdf,3.0,51.71232876712328,Missouri State,True,False,observed_scoring_school,59.48275862068966
missouri_state,2018-19,Missouri State,Missouri Valley,161.0,95.0,FCS,0.0,95.0,0.0,https://dxbhsrqyrr690.cloudfront.net/sidearm.nextgen.sites/nacda.com/documents/2019/6/27/June28DIOverall.pdf,4.0,45.593220338983045,Missouri State,True,False,observed_scoring_school,54.142857142857146
missouri_state,2020-21,Missouri State,Missouri Valley,99.0,153.0,FCS,89.0,64.0,0.0,https://dxbhsrqyrr690.cloudfront.net/sidearm.nextgen.sites/nacda.com/documents/2021/7/1/July2OverallDI.pdf,2.0,66.38225255972696,Missouri State,True,False,observed_scoring_school,72.17514124293785
missouri_state,2021-22,Missouri State,Missouri Valley,114.0,150.0,FCS,50.0,25.0,75.0,https://dxbhsrqyrr690.cloudfront.net/sidearm.nextgen.sites/nacda.com/documents/2022/6/30/FinalDIstandings.pdf,3.0,61.52542372881356,Missouri State,True,False,observed_scoring_school,68.02816901408451
missouri_state,2022-23,Missouri State,Missouri Valley,209.0,55.0,FCS,50.0,0.0,5.0,https://dxbhsrqyrr690.cloudfront.net/sidearm.nextgen.sites/nacda.com/documents/2023/6/27/Final22.23Standings.pdf,4.0,31.311475409836063,Missouri State,True,False,observed_scoring_school,41.4804469273743
missouri_state,2023-24,Missouri State,Missouri Valley,217.0,50.0,FCS,50.0,0.0,0.0,https://dxbhsrqyrr690.cloudfront.net/sidearm.nextgen.sites/nacda.com/documents/2024/6/26/23.24FinalDI.pdf,4.0,27.974276527331188,Missouri State,True,False,observed_scoring_school,37.07865168539326
missouri_state,2024-25,Missouri State,Missouri Valley,187.0,75.0,FCS,75.0,0.0,0.0,https://dxbhsrqyrr690.cloudfront.net/sidearm.nextgen.sites/nacda.com/documents/2025/6/23/24.25DivIStandingsFinal.pdf,3.0,37.78877887788779,Missouri State,True,False,observed_scoring_school,47.05056179775281
missouri_state,2025-26,Missouri State,Conference USA,188.0,75.0,FBS,25.0,25.0,25.0,https://dxbhsrqyrr690.cloudfront.net/sidearm.nextgen.sites/nacda.com/documents/2026/6/24/25.26DI_Final.pdf,3.0,36.7109634551495,Missouri State,True,False,observed_scoring_school,46.48876404494382
monmouth,2017-18,Monmouth,MAAC,152.0,100.0,FCS,50.0,0.0,50.0,https://dxbhsrqyrr690.cloudfront.net/sidearm.nextgen.sites/nacda.com/documents/2018/7/18/June29overallDI.pdf,3.0,47.26027397260274,Monmouth,True,False,observed_scoring_school,55.74712643678161
monmouth,2018-19,Monmouth,MAAC,110.0,152.0,FCS,50.0,30.0,72.0,https://dxbhsrqyrr690.cloudfront.net/sidearm.nextgen.sites/nacda.com/documents/2019/6/27/June28DIOverall.pdf,3.0,63.05084745762712,Monmouth,True,False,observed_scoring_school,68.85714285714286
monmouth,2020-21,Monmouth,MAAC,113.0,125.0,FCS,75.0,0.0,50.0,https://dxbhsrqyrr690.cloudfront.net/sidearm.nextgen.sites/nacda.com/documents/2021/7/1/July2OverallDI.pdf,3.0,61.262798634812285,Monmouth,True,False,observed_scoring_school,67.93785310734464
monmouth,2021-22,Monmouth,MAAC,229.0,50.0,FCS,25.0,0.0,25.0,https://dxbhsrqyrr690.cloudfront.net/sidearm.nextgen.sites/nacda.com/documents/2022/6/30/FinalDIstandings.pdf,5.0,20.0,Monmouth,True,False,observed_scoring_school,33.52112676056338
monmouth,2022-23,Monmouth,CAA,298.0,5.0,FCS,0.0,5.0,0.0,https://dxbhsrqyrr690.cloudfront.net/sidearm.nextgen.sites/nacda.com/documents/2023/6/27/Final22.23Standings.pdf,5.0,1.475409836065574,Monmouth,True,False,observed_scoring_school,16.061452513966483
monmouth,2023-24,,,,0.0,,,,,,,,Monmouth,False,True,kept_known_d1_program,6.460674157303371
monmouth,2024-25,,,,0.0,,,,,,,,Monmouth,False,True,kept_known_d1_program,7.584269662921349
monmouth,2025-26,,,,0.0,,,,,,,,Monmouth,False,True,kept_known_d1_program,7.865168539325842
montana,2017-18,Montana,Big Sky,258.0,25.0,FCS,0.0,25.0,0.0,https://dxbhsrqyrr690.cloudfront.net/sidearm.nextgen.sites/nacda.com/documents/2018/7/18/June29overallDI.pdf,6.0,7.363013698630137,Montana,True,False,observed_scoring_school,22.270114942528735
montana,2018-19,Montana,Big Sky,223.0,50.0,FCS,25.0,25.0,0.0,https://dxbhsrqyrr690.cloudfront.net/sidearm.nextgen.sites/nacda.com/documents/2019/6/27/June28DIOverall.pdf,5.0,21.864406779661017,Montana,True,False,observed_scoring_school,34.14285714285714
montana,2020-21,Montana,Big Sky,255.0,25.0,FCS,25.0,0.0,0.0,https://dxbhsrqyrr690.cloudfront.net/sidearm.nextgen.sites/nacda.com/documents/2021/7/1/July2OverallDI.pdf,5.0,8.70307167235495,Montana,True,False,observed_scoring_school,24.43502824858757
montana,2021-22,Montana,Big Sky,172.0,95.0,FCS,95.0,0.0,0.0,https://dxbhsrqyrr690.cloudfront.net/sidearm.nextgen.sites/nacda.com/documents/2022/6/30/FinalDIstandings.pdf,4.0,42.03389830508474,Montana,True,False,observed_scoring_school,51.83098591549295
montana,2022-23,Montana,Big Sky,215.0,53.0,FCS,53.0,0.0,0.0,https://dxbhsrqyrr690.cloudfront.net/sidearm.nextgen.sites/nacda.com/documents/2023/6/27/Final22.23Standings.pdf,4.0,29.18032786885246,Montana,True,False,observed_scoring_school,39.66480446927375
montana,2023-24,Montana,Big Sky,164.0,90.0,FCS,90.0,0.0,0.0,https://dxbhsrqyrr690.cloudfront.net/sidearm.nextgen.sites/nacda.com/documents/2024/6/26/23.24FinalDI.pdf,3.0,47.10610932475884,Montana,True,False,observed_scoring_school,53.79213483146067
montana,2024-25,Montana,Big Sky,166.0,95.0,FCS,45.0,25.0,25.0,https://dxbhsrqyrr690.cloudfront.net/sidearm.nextgen.sites/nacda.com/documents/2025/6/23/24.25DivIStandingsFinal.pdf,3.0,45.21452145214521,Montana,True,False,observed_scoring_school,53.37078651685393
montana,2025-26,Montana,Big Sky,154.0,108.0,FCS,108.0,0.0,0.0,https://dxbhsrqyrr690.cloudfront.net/sidearm.nextgen.sites/nacda.com/documents/2026/6/24/25.26DI_Final.pdf,3.0,49.16943521594684,Montana,True,False,observed_scoring_school,57.02247191011236
montana_state,2017-18,Montana State,Big Sky,199.0,72.0,FCS,0.0,72.0,0.0,https://dxbhsrqyrr690.cloudfront.net/sidearm.nextgen.sites/nacda.com/documents/2018/7/18/June29overallDI.pdf,4.0,32.02054794520548,Montana State,True,False,observed_scoring_school,42.95977011494253
montana_state,2018-19,Montana State,Big Sky,134.0,116.0,FCS,53.0,63.0,0.0,https://dxbhsrqyrr690.cloudfront.net/sidearm.nextgen.sites/nacda.com/documents/2019/6/27/June28DIOverall.pdf,3.0,54.91525423728814,Montana State,True,False,observed_scoring_school,62.0
montana_state,2020-21,Montana State,Big Sky,152.0,96.5,FCS,0.0,70.0,26.5,https://dxbhsrqyrr690.cloudfront.net/sidearm.nextgen.sites/nacda.com/documents/2021/7/1/July2OverallDI.pdf,3.0,48.4641638225256,Montana State,True,False,observed_scoring_school,57.34463276836158
montana_state,2021-22,Montana State,Big Sky,77.0,266.0,FCS,90.0,129.0,47.0,https://dxbhsrqyrr690.cloudfront.net/sidearm.nextgen.sites/nacda.com/documents/2022/6/30/FinalDIstandings.pdf,2.0,74.23728813559322,Montana State,True,False,observed_scoring_school,78.59154929577464
montana_state,2022-23,Montana State,Big Sky,76.0,272.5,FCS,132.0,97.0,43.5,https://dxbhsrqyrr690.cloudfront.net/sidearm.nextgen.sites/nacda.com/documents/2023/6/27/Final22.23Standings.pdf,2.0,75.40983606557377,Montana State,True,False,observed_scoring_school,79.05027932960894
montana_state,2023-24,Montana State,Big Sky,98.0,196.0,FCS,116.0,80.0,0.0,https://dxbhsrqyrr690.cloudfront.net/sidearm.nextgen.sites/nacda.com/documents/2024/6/26/23.24FinalDI.pdf,2.0,68.81028938906752,Montana State,True,False,observed_scoring_school,72.75280898876404
montana_state,2024-25,Montana State,Big Sky,101.0,186.0,FCS,90.0,91.0,5.0,https://dxbhsrqyrr690.cloudfront.net/sidearm.nextgen.sites/nacda.com/documents/2025/6/23/24.25DivIStandingsFinal.pdf,2.0,66.996699669967,Montana State,True,False,observed_scoring_school,71.91011235955057
montana_state,2025-26,Montana State,Big Sky,102.0,180.0,FCS,100.0,80.0,0.0,https://dxbhsrqyrr690.cloudfront.net/sidearm.nextgen.sites/nacda.com/documents/2026/6/24/25.26DI_Final.pdf,2.0,66.27906976744185,Montana State,True,False,observed_scoring_school,71.48876404494382
morehead_state,2017-18,Morehead State,OVC,258.0,25.0,FCS,0.0,0.0,25.0,https://dxbhsrqyrr690.cloudfront.net/sidearm.nextgen.sites/nacda.com/documents/2018/7/18/June29overallDI.pdf,6.0,7.363013698630137,Morehead State,True,False,observed_scoring_school,22.270114942528735
morehead_state,2018-19,,,,0.0,,,,,,,,Morehead State,False,True,kept_known_d1_program,8.0
morehead_state,2020-21,Morehead State,OVC,182.0,75.0,FCS,50.0,25.0,0.0,https://dxbhsrqyrr690.cloudfront.net/sidearm.nextgen.sites/nacda.com/documents/2021/7/1/July2OverallDI.pdf,4.0,36.3481228668942,Morehead State,True,False,observed_scoring_school,47.31638418079096
morehead_state,2021-22,,,,0.0,,,,,,,,Morehead State,False,True,kept_known_d1_program,8.591549295774648
morehead_state,2022-23,Morehead State,OVC,297.0,8.6,FCS,0.0,0.0,8.6,https://dxbhsrqyrr690.cloudfront.net/sidearm.nextgen.sites/nacda.com/documents/2023/6/27/Final22.23Standings.pdf,5.0,2.9508196721311477,Morehead State,True,False,observed_scoring_school,17.318435754189945
morehead_state,2023-24,Morehead State,OVC,217.0,50.0,FCS,25.0,25.0,0.0,https://dxbhsrqyrr690.cloudfront.net/sidearm.nextgen.sites/nacda.com/documents/2024/6/26/23.24FinalDI.pdf,4.0,27.974276527331188,Morehead State,True,False,observed_scoring_school,37.07865168539326
morehead_state,2024-25,Morehead State,OVC,213.0,59.3,FCS,50.0,0.0,9.3,https://dxbhsrqyrr690.cloudfront.net/sidearm.nextgen.sites/nacda.com/documents/2025/6/23/24.25DivIStandingsFinal.pdf,4.0,30.033003300330037,Morehead State,True,False,observed_scoring_school,40.44943820224719
morehead_state,2025-26,,,,0.0,,,,,,,,Morehead State,False,True,kept_known_d1_program,7.865168539325842
morgan_state,2017-18,Morgan State,MEAC,258.0,25.0,FCS,0.0,0.0,25.0,https://dxbhsrqyrr690.cloudfront.net/sidearm.nextgen.sites/nacda.com/documents/2018/7/18/June29overallDI.pdf,6.0,7.363013698630137,Morgan State,True,False,observed_scoring_school,22.270114942528735
morgan_state,2018-19,Morgan State,MEAC,266.0,25.0,FCS,0.0,0.0,25.0,https://dxbhsrqyrr690.cloudfront.net/sidearm.nextgen.sites/nacda.com/documents/2019/6/27/June28DIOverall.pdf,6.0,6.779661016949152,Morgan State,True,False,observed_scoring_school,21.428571428571427
morgan_state,2020-21,Morgan State,MEAC,255.0,25.0,FCS,0.0,0.0,25.0,https://dxbhsrqyrr690.cloudfront.net/sidearm.nextgen.sites/nacda.com/documents/2021/7/1/July2OverallDI.pdf,5.0,8.70307167235495,Morgan State,True,False,observed_scoring_school,24.43502824858757
morgan_state,2021-22,,,,0.0,,,,,,,,Morgan State,False,True,kept_known_d1_program,8.591549295774648
morgan_state,2022-23,,,,0.0,,,,,,,,Morgan State,False,True,kept_known_d1_program,7.5418994413407825
morgan_state,2023-24,Morgan State,MEAC,262.0,25.0,FCS,0.0,0.0,25.0,https://dxbhsrqyrr690.cloudfront.net/sidearm.nextgen.sites/nacda.com/documents/2024/6/26/23.24FinalDI.pdf,5.0,10.128617363344052,Morgan State,True,False,observed_scoring_school,21.48876404494382
morgan_state,2024-25,,,,0.0,,,,,,,,Morgan State,False,True,kept_known_d1_program,7.584269662921349
morgan_state,2025-26,Morgan State,MEAC,244.0,45.0,FCS,0.0,20.0,25.0,https://dxbhsrqyrr690.cloudfront.net/sidearm.nextgen.sites/nacda.com/documents/2026/6/24/25.26DI_Final.pdf,4.0,18.438538205980063,Morgan State,True,False,observed_scoring_school,31.03932584269663
mount_st_mary_s,2017-18,,,,0.0,,,,,,,,Mount St. Mary's,False,True,kept_known_d1_program,8.189655172413794
mount_st_mary_s,2018-19,,,,0.0,,,,,,,,Mount St. Mary's,False,True,kept_known_d1_program,8.0
mount_st_mary_s,2020-21,Mount St. Mary's,Northeast,174.0,80.0,DI,0.0,55.0,25.0,https://dxbhsrqyrr690.cloudfront.net/sidearm.nextgen.sites/nacda.com/documents/2021/7/1/July2OverallDI.pdf,4.0,40.61433447098976,Mount St. Mary's,True,False,observed_scoring_school,50.847457627118644
mount_st_mary_s,2021-22,Mount St. Mary's,Northeast,179.0,90.0,DI,0.0,65.0,25.0,https://dxbhsrqyrr690.cloudfront.net/sidearm.nextgen.sites/nacda.com/documents/2022/6/30/FinalDIstandings.pdf,4.0,39.66101694915255,Mount St. Mary's,True,False,observed_scoring_school,49.859154929577464
mount_st_mary_s,2022-23,,,,0.0,,,,,,,,Mount St. Mary's,False,True,kept_known_d1_program,7.5418994413407825
mount_st_mary_s,2023-24,,,,0.0,,,,,,,,Mount St. Mary's,False,True,kept_known_d1_program,6.460674157303371
mount_st_mary_s,2024-25,Mount St. Mary's,MAAC,264.0,25.0,DI,0.0,25.0,0.0,https://dxbhsrqyrr690.cloudfront.net/sidearm.nextgen.sites/nacda.com/documents/2025/6/23/24.25DivIStandingsFinal.pdf,5.0,9.075907590759076,Mount St. Mary's,True,False,observed_scoring_school,22.6123595505618
mount_st_mary_s,2025-26,,,,0.0,,,,,,,,Mount St. Mary's,False,True,kept_known_d1_program,7.865168539325842
murray_state,2017-18,Murray State,OVC,129.0,141.0,FCS,25.0,105.0,11.0,https://dxbhsrqyrr690.cloudfront.net/sidearm.nextgen.sites/nacda.com/documents/2018/7/18/June29overallDI.pdf,3.0,56.16438356164384,Murray State,True,False,observed_scoring_school,63.2183908045977
murray_state,2018-19,Murray State,OVC,100.0,185.0,FCS,50.0,130.0,5.0,https://dxbhsrqyrr690.cloudfront.net/sidearm.nextgen.sites/nacda.com/documents/2019/6/27/June28DIOverall.pdf,2.0,66.44067796610169,Murray State,True,False,observed_scoring_school,71.71428571428572
murray_state,2020-21,,,,0.0,,,,,,,,Murray State,False,True,kept_known_d1_program,8.757062146892656
murray_state,2021-22,Murray State,OVC,134.0,130.0,FCS,0.0,105.0,25.0,https://dxbhsrqyrr690.cloudfront.net/sidearm.nextgen.sites/nacda.com/documents/2022/6/30/FinalDIstandings.pdf,3.0,54.74576271186441,Murray State,True,False,observed_scoring_school,62.394366197183096
murray_state,2022-23,Murray State,Missouri Valley,242.0,46.0,FCS,0.0,46.0,0.0,https://dxbhsrqyrr690.cloudfront.net/sidearm.nextgen.sites/nacda.com/documents/2023/6/27/Final22.23Standings.pdf,4.0,20.983606557377048,Murray State,True,False,observed_scoring_school,32.68156424581006
murray_state,2023-24,Murray State,Missouri Valley,262.0,25.0,FCS,0.0,0.0,25.0,https://dxbhsrqyrr690.cloudfront.net/sidearm.nextgen.sites/nacda.com/documents/2024/6/26/23.24FinalDI.pdf,5.0,10.128617363344052,Murray State,True,False,observed_scoring_school,21.48876404494382
murray_state,2024-25,Murray State,Missouri Valley,151.0,108.0,FCS,0.0,35.0,73.0,https://dxbhsrqyrr690.cloudfront.net/sidearm.nextgen.sites/nacda.com/documents/2025/6/23/24.25DivIStandingsFinal.pdf,3.0,50.165016501650165,Murray State,True,False,observed_scoring_school,57.58426966292135
murray_state,2025-26,Murray State,Missouri Valley,254.0,30.0,FCS,0.0,25.0,5.0,https://dxbhsrqyrr690.cloudfront.net/sidearm.nextgen.sites/nacda.com/documents/2026/6/24/25.26DI_Final.pdf,4.0,14.78405315614618,Murray State,True,False,observed_scoring_school,27.94943820224719
njit,2017-18,NJIT,Atlantic Sun,241.0,42.0,DI,0.0,42.0,0.0,https://dxbhsrqyrr690.cloudfront.net/sidearm.nextgen.sites/nacda.com/documents/2018/7/18/June29overallDI.pdf,5.0,17.80821917808219,NJIT,True,False,observed_scoring_school,31.03448275862069
njit,2018-19,NJIT,ASUN,263.0,28.0,DI,0.0,28.0,0.0,https://dxbhsrqyrr690.cloudfront.net/sidearm.nextgen.sites/nacda.com/documents/2019/6/27/June28DIOverall.pdf,5.0,11.186440677966102,NJIT,True,False,observed_scoring_school,25.142857142857146
njit,2020-21,NJIT,America East,126.0,117.5,DI,0.0,80.0,37.5,https://dxbhsrqyrr690.cloudfront.net/sidearm.nextgen.sites/nacda.com/documents/2021/7/1/July2OverallDI.pdf,3.0,57.33788395904437,NJIT,True,False,observed_scoring_school,64.68926553672316
njit,2021-22,NJIT,America East,256.0,32.0,DI,0.0,32.0,0.0,https://dxbhsrqyrr690.cloudfront.net/sidearm.nextgen.sites/nacda.com/documents/2022/6/30/FinalDIstandings.pdf,5.0,13.389830508474576,NJIT,True,False,observed_scoring_school,28.028169014084508
njit,2022-23,NJIT,America East,251.0,38.0,DI,0.0,38.0,0.0,https://dxbhsrqyrr690.cloudfront.net/sidearm.nextgen.sites/nacda.com/documents/2023/6/27/Final22.23Standings.pdf,4.0,18.0327868852459,NJIT,True,False,observed_scoring_school,30.16759776536313
njit,2023-24,NJIT,America East,262.0,25.0,DI,0.0,0.0,25.0,https://dxbhsrqyrr690.cloudfront.net/sidearm.nextgen.sites/nacda.com/documents/2024/6/26/23.24FinalDI.pdf,4.0,10.128617363344052,NJIT,True,False,observed_scoring_school,21.48876404494382
njit,2024-25,NJIT,America East,251.0,43.0,DI,0.0,43.0,0.0,https://dxbhsrqyrr690.cloudfront.net/sidearm.nextgen.sites/nacda.com/documents/2025/6/23/24.25DivIStandingsFinal.pdf,4.0,17.491749174917494,NJIT,True,False,observed_scoring_school,29.775280898876407
njit,2025-26,NJIT,America East,224.0,51.0,DI,0.0,51.0,0.0,https://dxbhsrqyrr690.cloudfront.net/sidearm.nextgen.sites/nacda.com/documents/2026/6/24/25.26DI_Final.pdf,4.0,25.91362126245847,NJIT,True,False,observed_scoring_school,37.359550561797754
navy,2017-18,Navy,Patriot,74.0,298.0,FBS,88.0,70.0,140.0,https://dxbhsrqyrr690.cloudfront.net/sidearm.nextgen.sites/nacda.com/documents/2018/7/18/June29overallDI.pdf,2.0,75.0,Navy,True,False,observed_scoring_school,79.02298850574712
navy,2018-19,Navy,Patriot,72.0,307.0,FBS,25.0,164.0,118.0,https://dxbhsrqyrr690.cloudfront.net/sidearm.nextgen.sites/nacda.com/documents/2019/6/27/June28DIOverall.pdf,2.0,75.9322033898305,Navy,True,False,observed_scoring_school,79.71428571428572
navy,2020-21,Navy,Patriot,86.0,203.5,FBS,25.0,100.5,78.0,https://dxbhsrqyrr690.cloudfront.net/sidearm.nextgen.sites/nacda.com/documents/2021/7/1/July2OverallDI.pdf,2.0,70.98976109215018,Navy,True,False,observed_scoring_school,75.98870056497175
navy,2021-22,Navy,Patriot,136.0,128.0,FBS,0.0,103.0,25.0,https://dxbhsrqyrr690.cloudfront.net/sidearm.nextgen.sites/nacda.com/documents/2022/6/30/FinalDIstandings.pdf,3.0,54.23728813559322,Navy,True,False,observed_scoring_school,61.97183098591549
navy,2022-23,Navy,Patriot,118.0,154.5,FBS,25.0,55.5,74.0,https://dxbhsrqyrr690.cloudfront.net/sidearm.nextgen.sites/nacda.com/documents/2023/6/27/Final22.23Standings.pdf,2.0,61.63934426229508,Navy,True,False,observed_scoring_school,67.31843575418995
navy,2023-24,Navy,Patriot,102.0,183.5,FBS,28.0,114.0,41.5,https://dxbhsrqyrr690.cloudfront.net/sidearm.nextgen.sites/nacda.com/documents/2024/6/26/23.24FinalDI.pdf,2.0,67.52411575562701,Navy,True,False,observed_scoring_school,71.62921348314607
navy,2024-25,Navy,Patriot,98.0,191.8,FBS,72.0,85.5,34.3,https://dxbhsrqyrr690.cloudfront.net/sidearm.nextgen.sites/nacda.com/documents/2025/6/23/24.25DivIStandingsFinal.pdf,2.0,67.98679867986799,Navy,True,False,observed_scoring_school,72.75280898876404
navy,2025-26,Navy,Patriot,73.0,321.5,FBS,78.0,113.5,130.0,https://dxbhsrqyrr690.cloudfront.net/sidearm.nextgen.sites/nacda.com/documents/2026/6/24/25.26DI_Final.pdf,2.0,76.0797342192691,Navy,True,False,observed_scoring_school,79.7752808988764
nebraska,2017-18,Nebraska,Big Ten,44.0,553.0,FBS,100.0,420.0,33.0,https://dxbhsrqyrr690.cloudfront.net/sidearm.nextgen.sites/nacda.com/documents/2018/7/18/June29overallDI.pdf,1.0,85.27397260273972,Nebraska,True,False,observed_scoring_school,87.64367816091954
nebraska,2018-19,Nebraska,Big Ten,48.0,523.25,FBS,90.0,373.75,59.5,https://dxbhsrqyrr690.cloudfront.net/sidearm.nextgen.sites/nacda.com/documents/2019/6/27/June28DIOverall.pdf,1.0,84.06779661016948,Nebraska,True,False,observed_scoring_school,86.57142857142858
nebraska,2020-21,Nebraska,Big Ten,35.0,568.0,FBS,73.0,387.0,108.0,https://dxbhsrqyrr690.cloudfront.net/sidearm.nextgen.sites/nacda.com/documents/2021/7/1/July2OverallDI.pdf,1.0,88.39590443686008,Nebraska,True,False,observed_scoring_school,90.3954802259887
nebraska,2021-22,Nebraska,Big Ten,49.0,516.5,FBS,90.0,314.5,112.0,https://dxbhsrqyrr690.cloudfront.net/sidearm.nextgen.sites/nacda.com/documents/2022/6/30/FinalDIstandings.pdf,1.0,83.72881355932203,Nebraska,True,False,observed_scoring_school,86.47887323943661
nebraska,2022-23,Nebraska,Big Ten,29.0,734.25,FBS,64.0,470.75,199.5,https://dxbhsrqyrr690.cloudfront.net/sidearm.nextgen.sites/nacda.com/documents/2023/6/27/Final22.23Standings.pdf,1.0,90.81967213114754,Nebraska,True,False,observed_scoring_school,92.17877094972067
nebraska,2023-24,Nebraska,Big Ten,22.0,841.0,FBS,163.0,509.25,168.75,https://dxbhsrqyrr690.cloudfront.net/sidearm.nextgen.sites/nacda.com/documents/2024/6/26/23.24FinalDI.pdf,1.0,93.2475884244373,Nebraska,True,False,observed_scoring_school,94.10112359550563
nebraska,2024-25,Nebraska,Big Ten,21.0,849.75,FBS,157.0,481.75,211.0,https://dxbhsrqyrr690.cloudfront.net/sidearm.nextgen.sites/nacda.com/documents/2025/6/23/24.25DivIStandingsFinal.pdf,1.0,93.3993399339934,Nebraska,True,False,observed_scoring_school,94.3820224719101
nebraska,2025-26,Nebraska,Big Ten,17.0,929.0,FBS,98.0,576.75,254.25,https://dxbhsrqyrr690.cloudfront.net/sidearm.nextgen.sites/nacda.com/documents/2026/6/24/25.26DI_Final.pdf,1.0,94.6843853820598,Nebraska,True,False,observed_scoring_school,95.50561797752809
nebraska_omaha,2017-18,Nebraska Omaha,Summit,249.0,30.0,DI,25.0,0.0,5.0,https://dxbhsrqyrr690.cloudfront.net/sidearm.nextgen.sites/nacda.com/documents/2018/7/18/June29overallDI.pdf,5.0,14.383561643835616,Nebraska Omaha,True,False,observed_scoring_school,28.160919540229884
nebraska_omaha,2018-19,Nebraska Omaha,Summit,241.0,49.0,DI,0.0,24.0,25.0,https://dxbhsrqyrr690.cloudfront.net/sidearm.nextgen.sites/nacda.com/documents/2019/6/27/June28DIOverall.pdf,5.0,18.64406779661017,Nebraska Omaha,True,False,observed_scoring_school,31.428571428571427
nebraska_omaha,2020-21,Omaha,Summit,182.0,75.0,DI,50.0,25.0,0.0,https://dxbhsrqyrr690.cloudfront.net/sidearm.nextgen.sites/nacda.com/documents/2021/7/1/July2OverallDI.pdf,4.0,36.3481228668942,Nebraska Omaha,True,False,observed_scoring_school,47.31638418079096
nebraska_omaha,2021-22,,,,0.0,,,,,,,,Nebraska Omaha,False,True,kept_known_d1_program,8.591549295774648
nebraska_omaha,2022-23,Omaha,Summit,204.0,62.5,DI,25.0,0.0,37.5,https://dxbhsrqyrr690.cloudfront.net/sidearm.nextgen.sites/nacda.com/documents/2023/6/27/Final22.23Standings.pdf,4.0,33.442622950819676,Nebraska Omaha,True,False,observed_scoring_school,43.296089385474865
nebraska_omaha,2023-24,Omaha,Summit,136.0,125.0,DI,50.0,25.0,50.0,https://dxbhsrqyrr690.cloudfront.net/sidearm.nextgen.sites/nacda.com/documents/2024/6/26/23.24FinalDI.pdf,3.0,56.27009646302251,Nebraska Omaha,True,False,observed_scoring_school,61.79775280898876
nebraska_omaha,2024-25,Omaha,Summit,210.0,62.5,DI,0.0,25.0,37.5,https://dxbhsrqyrr690.cloudfront.net/sidearm.nextgen.sites/nacda.com/documents/2025/6/23/24.25DivIStandingsFinal.pdf,4.0,30.693069306930692,Nebraska Omaha,True,False,observed_scoring_school,41.01123595505618
nebraska_omaha,2025-26,,,,0.0,,,,,,,,Nebraska Omaha,False,True,kept_known_d1_program,7.865168539325842
nevada,2017-18,Nevada,Mountain West,134.0,136.0,FBS,0.0,114.0,22.0,https://dxbhsrqyrr690.cloudfront.net/sidearm.nextgen.sites/nacda.com/documents/2018/7/18/June29overallDI.pdf,3.0,54.45205479452054,Nevada,True,False,observed_scoring_school,61.7816091954023
nevada,2018-19,Nevada,Mountain West,150.0,104.5,FBS,45.0,25.0,34.5,https://dxbhsrqyrr690.cloudfront.net/sidearm.nextgen.sites/nacda.com/documents/2019/6/27/June28DIOverall.pdf,3.0,49.49152542372882,Nevada,True,False,observed_scoring_school,57.42857142857143
nevada,2020-21,Nevada,Mountain West,177.0,78.0,FBS,45.0,0.0,33.0,https://dxbhsrqyrr690.cloudfront.net/sidearm.nextgen.sites/nacda.com/documents/2021/7/1/July2OverallDI.pdf,4.0,39.93174061433447,Nevada,True,False,observed_scoring_school,50.282485875706215
nevada,2021-22,Nevada,Mountain West,205.0,72.0,FBS,25.0,0.0,47.0,https://dxbhsrqyrr690.cloudfront.net/sidearm.nextgen.sites/nacda.com/documents/2022/6/30/FinalDIstandings.pdf,4.0,30.508474576271187,Nevada,True,False,observed_scoring_school,42.25352112676056
nevada,2022-23,Nevada,Mountain West,190.0,76.0,FBS,0.0,76.0,0.0,https://dxbhsrqyrr690.cloudfront.net/sidearm.nextgen.sites/nacda.com/documents/2023/6/27/Final22.23Standings.pdf,3.0,38.0327868852459,Nevada,True,False,observed_scoring_school,47.20670391061452
nevada,2023-24,Nevada,Mountain West,205.0,60.0,FBS,0.0,60.0,0.0,https://dxbhsrqyrr690.cloudfront.net/sidearm.nextgen.sites/nacda.com/documents/2024/6/26/23.24FinalDI.pdf,4.0,34.244372990353696,Nevada,True,False,observed_scoring_school,42.5561797752809
nevada,2024-25,Nevada,Mountain West,244.0,45.0,FBS,0.0,45.0,0.0,https://dxbhsrqyrr690.cloudfront.net/sidearm.nextgen.sites/nacda.com/documents/2025/6/23/24.25DivIStandingsFinal.pdf,4.0,19.141914191419144,Nevada,True,False,observed_scoring_school,31.179775280898873
nevada,2025-26,Nevada,Mountain West,148.0,112.5,FBS,0.0,92.0,20.5,https://dxbhsrqyrr690.cloudfront.net/sidearm.nextgen.sites/nacda.com/documents/2026/6/24/25.26DI_Final.pdf,3.0,50.99667774086378,Nevada,True,False,observed_scoring_school,58.56741573033708
new_hampshire,2017-18,New Hampshire,America East,71.0,325.0,FCS,134.0,176.0,15.0,https://dxbhsrqyrr690.cloudfront.net/sidearm.nextgen.sites/nacda.com/documents/2018/7/18/June29overallDI.pdf,2.0,76.02739726027397,New Hampshire,True,False,observed_scoring_school,79.88505747126436
new_hampshire,2018-19,New Hampshire,America East,132.0,119.0,FCS,25.0,94.0,0.0,https://dxbhsrqyrr690.cloudfront.net/sidearm.nextgen.sites/nacda.com/documents/2019/6/27/June28DIOverall.pdf,3.0,55.59322033898305,New Hampshire,True,False,observed_scoring_school,62.57142857142857
new_hampshire,2020-21,New Hampshire,America East,164.0,88.0,FCS,50.0,38.0,0.0,https://dxbhsrqyrr690.cloudfront.net/sidearm.nextgen.sites/nacda.com/documents/2021/7/1/July2OverallDI.pdf,3.0,44.19795221843004,New Hampshire,True,False,observed_scoring_school,53.813559322033896
new_hampshire,2021-22,New Hampshire,America East,126.0,136.0,FCS,64.0,72.0,0.0,https://dxbhsrqyrr690.cloudfront.net/sidearm.nextgen.sites/nacda.com/documents/2022/6/30/FinalDIstandings.pdf,3.0,57.45762711864407,New Hampshire,True,False,observed_scoring_school,64.64788732394366
new_hampshire,2022-23,New Hampshire,America East,93.0,194.0,FCS,128.0,66.0,0.0,https://dxbhsrqyrr690.cloudfront.net/sidearm.nextgen.sites/nacda.com/documents/2023/6/27/Final22.23Standings.pdf,2.0,69.83606557377048,New Hampshire,True,False,observed_scoring_school,74.30167597765363
new_hampshire,2023-24,New Hampshire,America East,134.0,130.0,FCS,64.0,66.0,0.0,https://dxbhsrqyrr690.cloudfront.net/sidearm.nextgen.sites/nacda.com/documents/2024/6/26/23.24FinalDI.pdf,3.0,57.234726688102896,New Hampshire,True,False,observed_scoring_school,62.64044943820225
new_hampshire,2024-25,New Hampshire,America East,146.0,113.0,FCS,50.0,63.0,0.0,https://dxbhsrqyrr690.cloudfront.net/sidearm.nextgen.sites/nacda.com/documents/2025/6/23/24.25DivIStandingsFinal.pdf,3.0,52.14521452145215,New Hampshire,True,False,observed_scoring_school,59.269662921348306
new_hampshire,2025-26,New Hampshire,America East,125.0,133.0,FCS,70.0,63.0,0.0,https://dxbhsrqyrr690.cloudfront.net/sidearm.nextgen.sites/nacda.com/documents/2026/6/24/25.26DI_Final.pdf,2.0,58.63787375415283,New Hampshire,True,False,observed_scoring_school,65.02808988764045
new_mexico,2017-18,New Mexico,Mountain West,64.0,373.25,FBS,100.0,186.75,86.5,https://dxbhsrqyrr690.cloudfront.net/sidearm.nextgen.sites/nacda.com/documents/2018/7/18/June29overallDI.pdf,2.0,78.42465753424658,New Mexico,True,False,observed_scoring_school,81.89655172413794
new_mexico,2018-19,New Mexico,Mountain West,71.0,312.5,FBS,90.0,147.0,75.5,https://dxbhsrqyrr690.cloudfront.net/sidearm.nextgen.sites/nacda.com/documents/2019/6/27/June28DIOverall.pdf,2.0,76.27118644067797,New Mexico,True,False,observed_scoring_school,80.0
new_mexico,2020-21,New Mexico,Mountain West,80.0,225.5,FBS,122.0,0.0,103.5,https://dxbhsrqyrr690.cloudfront.net/sidearm.nextgen.sites/nacda.com/documents/2021/7/1/July2OverallDI.pdf,2.0,73.03754266211604,New Mexico,True,False,observed_scoring_school,77.68361581920904
new_mexico,2021-22,New Mexico,Mountain West,96.0,195.5,FBS,110.0,31.5,54.0,https://dxbhsrqyrr690.cloudfront.net/sidearm.nextgen.sites/nacda.com/documents/2022/6/30/FinalDIstandings.pdf,2.0,67.79661016949152,New Mexico,True,False,observed_scoring_school,73.23943661971832
new_mexico,2022-23,New Mexico,Mountain West,74.0,275.55,FBS,90.0,27.8,157.75,https://dxbhsrqyrr690.cloudfront.net/sidearm.nextgen.sites/nacda.com/documents/2023/6/27/Final22.23Standings.pdf,2.0,76.0655737704918,New Mexico,True,False,observed_scoring_school,79.60893854748603
new_mexico,2023-24,New Mexico,Mountain West,88.0,217.5,FBS,56.0,64.0,97.5,https://dxbhsrqyrr690.cloudfront.net/sidearm.nextgen.sites/nacda.com/documents/2024/6/26/23.24FinalDI.pdf,2.0,72.02572347266882,New Mexico,True,False,observed_scoring_school,75.56179775280899
new_mexico,2024-25,New Mexico,Mountain West,49.0,495.5,FBS,141.0,137.5,217.0,https://dxbhsrqyrr690.cloudfront.net/sidearm.nextgen.sites/nacda.com/documents/2025/6/23/24.25DivIStandingsFinal.pdf,1.0,84.15841584158416,New Mexico,True,False,observed_scoring_school,86.51685393258427
new_mexico,2025-26,New Mexico,Mountain West,58.0,449.5,FBS,195.0,119.75,134.75,https://dxbhsrqyrr690.cloudfront.net/sidearm.nextgen.sites/nacda.com/documents/2026/6/24/25.26DI_Final.pdf,1.0,81.06312292358804,New Mexico,True,False,observed_scoring_school,83.98876404494382
new_mexico_state,2017-18,New Mexico State,WAC,124.0,145.0,FBS,45.0,25.0,75.0,https://dxbhsrqyrr690.cloudfront.net/sidearm.nextgen.sites/nacda.com/documents/2018/7/18/June29overallDI.pdf,3.0,57.87671232876712,New Mexico State,True,False,observed_scoring_school,64.65517241379311
new_mexico_state,2018-19,New Mexico State,WAC,140.0,111.5,FBS,25.0,50.0,36.5,https://dxbhsrqyrr690.cloudfront.net/sidearm.nextgen.sites/nacda.com/documents/2019/6/27/June28DIOverall.pdf,3.0,52.88135593220339,New Mexico State,True,False,observed_scoring_school,60.285714285714285
new_mexico_state,2020-21,New Mexico State,WAC,239.0,43.5,FBS,0.0,0.0,43.5,https://dxbhsrqyrr690.cloudfront.net/sidearm.nextgen.sites/nacda.com/documents/2021/7/1/July2OverallDI.pdf,5.0,18.771331058020476,New Mexico State,True,False,observed_scoring_school,32.7683615819209
new_mexico_state,2021-22,New Mexico State,WAC,151.0,110.5,FBS,0.0,50.0,60.5,https://dxbhsrqyrr690.cloudfront.net/sidearm.nextgen.sites/nacda.com/documents/2022/6/30/FinalDIstandings.pdf,3.0,49.15254237288136,New Mexico State,True,False,observed_scoring_school,57.74647887323944
new_mexico_state,2022-23,New Mexico State,WAC,197.0,70.0,FBS,70.0,0.0,0.0,https://dxbhsrqyrr690.cloudfront.net/sidearm.nextgen.sites/nacda.com/documents/2023/6/27/Final22.23Standings.pdf,3.0,35.24590163934426,New Mexico State,True,False,observed_scoring_school,44.832402234636874
new_mexico_state,2023-24,New Mexico State,Conference USA,262.0,25.0,FBS,25.0,0.0,0.0,https://dxbhsrqyrr690.cloudfront.net/sidearm.nextgen.sites/nacda.com/documents/2024/6/26/23.24FinalDI.pdf,5.0,10.128617363344052,New Mexico State,True,False,observed_scoring_school,21.48876404494382
new_mexico_state,2024-25,New Mexico State,Conference USA,263.0,28.0,FBS,0.0,0.0,28.0,https://dxbhsrqyrr690.cloudfront.net/sidearm.nextgen.sites/nacda.com/documents/2025/6/23/24.25DivIStandingsFinal.pdf,5.0,13.531353135313532,New Mexico State,True,False,observed_scoring_school,26.40449438202247
new_mexico_state,2025-26,,,,0.0,,,,,,,,New Mexico State,False,True,kept_known_d1_program,7.865168539325842
new_orleans,2017-18,,,,0.0,,,,,,,,New Orleans,False,True,kept_known_d1_program,8.189655172413794
new_orleans,2018-19,,,,0.0,,,,,,,,New Orleans,False,True,kept_known_d1_program,8.0
new_orleans,2020-21,,,,0.0,,,,,,,,New Orleans,False,True,kept_known_d1_program,8.757062146892656
new_orleans,2021-22,New Orleans,Southland,266.0,25.0,DI,0.0,0.0,25.0,https://dxbhsrqyrr690.cloudfront.net/sidearm.nextgen.sites/nacda.com/documents/2022/6/30/FinalDIstandings.pdf,6.0,5.932203389830509,New Orleans,True,False,observed_scoring_school,21.830985915492956
new_orleans,2022-23,,,,0.0,,,,,,,,New Orleans,False,True,kept_known_d1_program,7.5418994413407825
new_orleans,2023-24,,,,0.0,,,,,,,,New Orleans,False,True,kept_known_d1_program,6.460674157303371
new_orleans,2024-25,New Orleans,Southland,264.0,25.0,DI,0.0,0.0,25.0,https://dxbhsrqyrr690.cloudfront.net/sidearm.nextgen.sites/nacda.com/documents/2025/6/23/24.25DivIStandingsFinal.pdf,5.0,9.075907590759076,New Orleans,True,False,observed_scoring_school,22.6123595505618
new_orleans,2025-26,,,,0.0,,,,,,,,New Orleans,False,True,kept_known_d1_program,7.865168539325842
niagara,2017-18,,,,0.0,,,,,,,,Niagara,False,True,kept_known_d1_program,8.189655172413794
niagara,2018-19,,,,0.0,,,,,,,,Niagara,False,True,kept_known_d1_program,8.0
niagara,2020-21,,,,0.0,,,,,,,,Niagara,False,True,kept_known_d1_program,8.757062146892656
niagara,2021-22,,,,0.0,,,,,,,,Niagara,False,True,kept_known_d1_program,8.591549295774648
niagara,2022-23,,,,0.0,,,,,,,,Niagara,False,True,kept_known_d1_program,7.5418994413407825
niagara,2023-24,Niagara,MAAC,217.0,50.0,DI,0.0,0.0,50.0,https://dxbhsrqyrr690.cloudfront.net/sidearm.nextgen.sites/nacda.com/documents/2024/6/26/23.24FinalDI.pdf,4.0,27.974276527331188,Niagara,True,False,observed_scoring_school,37.07865168539326
niagara,2024-25,,,,0.0,,,,,,,,Niagara,False,True,kept_known_d1_program,7.584269662921349
niagara,2025-26,,,,0.0,,,,,,,,Niagara,False,True,kept_known_d1_program,7.865168539325842
nicholls_state,2017-18,Nicholls State,Southland,217.0,50.0,FCS,25.0,25.0,0.0,https://dxbhsrqyrr690.cloudfront.net/sidearm.nextgen.sites/nacda.com/documents/2018/7/18/June29overallDI.pdf,5.0,22.945205479452056,Nicholls State,True,False,observed_scoring_school,35.3448275862069
nicholls_state,2018-19,Nicholls State,Southland,219.0,53.0,FCS,53.0,0.0,0.0,https://dxbhsrqyrr690.cloudfront.net/sidearm.nextgen.sites/nacda.com/documents/2019/6/27/June28DIOverall.pdf,5.0,25.593220338983052,Nicholls State,True,False,observed_scoring_school,37.285714285714285
nicholls_state,2020-21,,,,0.0,,,,,,,,Nicholls State,False,True,kept_known_d1_program,8.757062146892656
nicholls_state,2021-22,,,,0.0,,,,,,,,Nicholls State,False,True,kept_known_d1_program,8.591549295774648
nicholls_state,2022-23,Nicholls State,Southland,261.0,25.0,FCS,0.0,0.0,25.0,https://dxbhsrqyrr690.cloudfront.net/sidearm.nextgen.sites/nacda.com/documents/2023/6/27/Final22.23Standings.pdf,5.0,10.0,Nicholls State,True,False,observed_scoring_school,23.324022346368714
nicholls_state,2023-24,Nicholls State,Southland,217.0,50.0,FCS,25.0,0.0,25.0,https://dxbhsrqyrr690.cloudfront.net/sidearm.nextgen.sites/nacda.com/documents/2024/6/26/23.24FinalDI.pdf,4.0,27.974276527331188,Nicholls State,True,False,observed_scoring_school,37.07865168539326
nicholls_state,2024-25,,,,0.0,,,,,,,,Nicholls State,False,True,kept_known_d1_program,7.584269662921349
nicholls_state,2025-26,,,,0.0,,,,,,,,Nicholls State,False,True,kept_known_d1_program,7.865168539325842
norfolk_state,2017-18,Norfolk State,MEAC,286.0,23.5,FCS,0.0,0.0,23.5,https://dxbhsrqyrr690.cloudfront.net/sidearm.nextgen.sites/nacda.com/documents/2018/7/18/June29overallDI.pdf,6.0,2.3972602739726026,Norfolk State,True,False,observed_scoring_school,18.103448275862068
norfolk_state,2018-19,Norfolk State,MEAC,251.0,39.0,FCS,0.0,24.0,15.0,https://dxbhsrqyrr690.cloudfront.net/sidearm.nextgen.sites/nacda.com/documents/2019/6/27/June28DIOverall.pdf,5.0,15.254237288135592,Norfolk State,True,False,observed_scoring_school,28.57142857142857
norfolk_state,2020-21,Norfolk State,MEAC,156.0,93.5,FCS,0.0,68.5,25.0,https://dxbhsrqyrr690.cloudfront.net/sidearm.nextgen.sites/nacda.com/documents/2021/7/1/July2OverallDI.pdf,3.0,46.92832764505119,Norfolk State,True,False,observed_scoring_school,56.07344632768362
norfolk_state,2021-22,Norfolk State,MEAC,266.0,25.0,FCS,0.0,25.0,0.0,https://dxbhsrqyrr690.cloudfront.net/sidearm.nextgen.sites/nacda.com/documents/2022/6/30/FinalDIstandings.pdf,6.0,5.932203389830509,Norfolk State,True,False,observed_scoring_school,21.830985915492956
norfolk_state,2022-23,Norfolk State,MEAC,261.0,25.0,FCS,0.0,25.0,0.0,https://dxbhsrqyrr690.cloudfront.net/sidearm.nextgen.sites/nacda.com/documents/2023/6/27/Final22.23Standings.pdf,5.0,10.0,Norfolk State,True,False,observed_scoring_school,23.324022346368714
norfolk_state,2023-24,Norfolk State,MEAC,262.0,25.0,FCS,0.0,25.0,0.0,https://dxbhsrqyrr690.cloudfront.net/sidearm.nextgen.sites/nacda.com/documents/2024/6/26/23.24FinalDI.pdf,5.0,10.128617363344052,Norfolk State,True,False,observed_scoring_school,21.48876404494382
norfolk_state,2024-25,Norfolk State,MEAC,226.0,50.0,FCS,0.0,50.0,0.0,https://dxbhsrqyrr690.cloudfront.net/sidearm.nextgen.sites/nacda.com/documents/2025/6/23/24.25DivIStandingsFinal.pdf,4.0,23.76237623762376,Norfolk State,True,False,observed_scoring_school,35.1123595505618
norfolk_state,2025-26,,,,0.0,,,,,,,,Norfolk State,False,True,kept_known_d1_program,7.865168539325842
north_alabama,2018-19,,,,0.0,,,,,,,,North Alabama,False,True,kept_known_d1_program,8.0
north_alabama,2020-21,,,,0.0,,,,,,,,North Alabama,False,True,kept_known_d1_program,8.757062146892656
north_alabama,2021-22,,,,0.0,,,,,,,,North Alabama,False,True,kept_known_d1_program,8.591549295774648
north_alabama,2022-23,,,,0.0,,,,,,,,North Alabama,False,True,kept_known_d1_program,7.5418994413407825
north_alabama,2023-24,,,,0.0,,,,,,,,North Alabama,False,True,kept_known_d1_program,6.460674157303371
north_alabama,2024-25,North Alabama,ASUN,264.0,25.0,FCS,0.0,0.0,25.0,https://dxbhsrqyrr690.cloudfront.net/sidearm.nextgen.sites/nacda.com/documents/2025/6/23/24.25DivIStandingsFinal.pdf,5.0,9.075907590759076,North Alabama,True,False,observed_scoring_school,22.6123595505618
north_alabama,2025-26,,,,0.0,,,,,,,,North Alabama,False,True,kept_known_d1_program,7.865168539325842
north_carolina,2017-18,North Carolina,ACC,13.0,917.5,FBS,230.0,262.0,425.5,https://dxbhsrqyrr690.cloudfront.net/sidearm.nextgen.sites/nacda.com/documents/2018/7/18/June29overallDI.pdf,1.0,95.8904109589041,North Carolina,True,False,observed_scoring_school,96.55172413793103
north_carolina,2018-19,North Carolina,ACC,10.0,987.0,FBS,240.0,249.5,497.5,https://dxbhsrqyrr690.cloudfront.net/sidearm.nextgen.sites/nacda.com/documents/2019/6/27/June28DIOverall.pdf,1.0,96.94915254237289,North Carolina,True,False,observed_scoring_school,97.42857142857143
north_carolina,2020-21,North Carolina,ACC,4.0,1126.25,FBS,371.0,299.5,455.75,https://dxbhsrqyrr690.cloudfront.net/sidearm.nextgen.sites/nacda.com/documents/2021/7/1/July2OverallDI.pdf,1.0,98.97610921501706,North Carolina,True,False,observed_scoring_school,99.15254237288136
north_carolina,2021-22,North Carolina,ACC,6.0,1087.25,FBS,270.5,364.0,452.75,https://dxbhsrqyrr690.cloudfront.net/sidearm.nextgen.sites/nacda.com/documents/2022/6/30/FinalDIstandings.pdf,1.0,98.30508474576273,North Carolina,True,False,observed_scoring_school,98.59154929577466
north_carolina,2022-23,North Carolina,ACC,8.0,1068.0,FBS,332.5,341.0,394.5,https://dxbhsrqyrr690.cloudfront.net/sidearm.nextgen.sites/nacda.com/documents/2023/6/27/Final22.23Standings.pdf,1.0,97.70491803278688,North Carolina,True,False,observed_scoring_school,98.04469273743017
north_carolina,2023-24,North Carolina,ACC,7.0,1035.75,FBS,347.5,361.0,327.25,https://dxbhsrqyrr690.cloudfront.net/sidearm.nextgen.sites/nacda.com/documents/2024/6/26/23.24FinalDI.pdf,1.0,98.07073954983925,North Carolina,True,False,observed_scoring_school,98.31460674157303
north_carolina,2024-25,North Carolina,ACC,4.0,1195.25,FBS,372.5,474.25,348.5,https://dxbhsrqyrr690.cloudfront.net/sidearm.nextgen.sites/nacda.com/documents/2025/6/23/24.25DivIStandingsFinal.pdf,1.0,99.009900990099,North Carolina,True,False,observed_scoring_school,99.15730337078652
north_carolina,2025-26,North Carolina,ACC,4.0,1166.75,FBS,359.0,361.5,446.25,https://dxbhsrqyrr690.cloudfront.net/sidearm.nextgen.sites/nacda.com/documents/2026/6/24/25.26DI_Final.pdf,1.0,99.0033222591362,North Carolina,True,False,observed_scoring_school,99.15730337078652
north_carolina_a_t,2017-18,North Carolina A&T,MEAC,99.0,187.0,FCS,45.0,94.0,48.0,https://dxbhsrqyrr690.cloudfront.net/sidearm.nextgen.sites/nacda.com/documents/2018/7/18/June29overallDI.pdf,2.0,66.43835616438356,North Carolina A&T,True,False,observed_scoring_school,71.83908045977012
north_carolina_a_t,2018-19,North Carolina A&T,MEAC,85.0,234.75,FCS,45.0,70.5,119.25,https://dxbhsrqyrr690.cloudfront.net/sidearm.nextgen.sites/nacda.com/documents/2019/6/27/June28DIOverall.pdf,2.0,71.52542372881356,North Carolina A&T,True,False,observed_scoring_school,76.0
north_carolina_a_t,2020-21,North Carolina A&T,MEAC,53.0,398.5,FCS,50.0,186.0,162.5,https://dxbhsrqyrr690.cloudfront.net/sidearm.nextgen.sites/nacda.com/documents/2021/7/1/July2OverallDI.pdf,1.0,82.25255972696246,North Carolina A&T,True,False,observed_scoring_school,85.31073446327684
north_carolina_a_t,2021-22,North Carolina A&T State,Big South,80.0,251.25,FCS,0.0,132.5,118.75,https://dxbhsrqyrr690.cloudfront.net/sidearm.nextgen.sites/nacda.com/documents/2022/6/30/FinalDIstandings.pdf,2.0,73.22033898305085,North Carolina A&T,True,False,observed_scoring_school,77.74647887323944
north_carolina_a_t,2022-23,North Carolina A&T State,CAA,181.0,85.5,FCS,0.0,60.0,25.5,https://dxbhsrqyrr690.cloudfront.net/sidearm.nextgen.sites/nacda.com/documents/2023/6/27/Final22.23Standings.pdf,3.0,40.81967213114754,North Carolina A&T,True,False,observed_scoring_school,49.581005586592184
north_carolina_a_t,2023-24,North Carolina A&T State,CAA,237.0,45.0,FCS,0.0,45.0,0.0,https://dxbhsrqyrr690.cloudfront.net/sidearm.nextgen.sites/nacda.com/documents/2024/6/26/23.24FinalDI.pdf,4.0,23.311897106109324,North Carolina A&T,True,False,observed_scoring_school,33.00561797752809
north_carolina_a_t,2024-25,North Carolina A&T State,CAA,204.0,65.0,FCS,0.0,65.0,0.0,https://dxbhsrqyrr690.cloudfront.net/sidearm.nextgen.sites/nacda.com/documents/2025/6/23/24.25DivIStandingsFinal.pdf,4.0,32.67326732673268,North Carolina A&T,True,False,observed_scoring_school,42.69662921348314
north_carolina_a_t,2025-26,North Carolina A&T State,CAA,129.0,128.75,FCS,0.0,65.0,63.75,https://dxbhsrqyrr690.cloudfront.net/sidearm.nextgen.sites/nacda.com/documents/2026/6/24/25.26DI_Final.pdf,3.0,57.4750830564784,North Carolina A&T,True,False,observed_scoring_school,64.04494382022472
north_carolina_asheville,2017-18,,,,0.0,,,,,,,,North Carolina Asheville,False,True,kept_known_d1_program,8.189655172413794
north_carolina_asheville,2018-19,,,,0.0,,,,,,,,North Carolina Asheville,False,True,kept_known_d1_program,8.0
north_carolina_asheville,2020-21,,,,0.0,,,,,,,,North Carolina Asheville,False,True,kept_known_d1_program,8.757062146892656
north_carolina_asheville,2021-22,,,,0.0,,,,,,,,North Carolina Asheville,False,True,kept_known_d1_program,8.591549295774648
north_carolina_asheville,2022-23,North Carolina Asheville,Big South,261.0,25.0,DI,0.0,25.0,0.0,https://dxbhsrqyrr690.cloudfront.net/sidearm.nextgen.sites/nacda.com/documents/2023/6/27/Final22.23Standings.pdf,4.0,10.0,North Carolina Asheville,True,False,observed_scoring_school,23.324022346368714
north_carolina_asheville,2023-24,North Carolina Asheville,Big South,217.0,50.0,DI,0.0,0.0,50.0,https://dxbhsrqyrr690.cloudfront.net/sidearm.nextgen.sites/nacda.com/documents/2024/6/26/23.24FinalDI.pdf,4.0,27.974276527331188,North Carolina Asheville,True,False,observed_scoring_school,37.07865168539326
north_carolina_asheville,2024-25,,,,0.0,,,,,,,,North Carolina Asheville,False,True,kept_known_d1_program,7.584269662921349
north_carolina_asheville,2025-26,,,,0.0,,,,,,,,North Carolina Asheville,False,True,kept_known_d1_program,7.865168539325842
north_carolina_central,2017-18,North Carolina Central,MEAC,291.0,5.0,FCS,0.0,5.0,0.0,https://dxbhsrqyrr690.cloudfront.net/sidearm.nextgen.sites/nacda.com/documents/2018/7/18/June29overallDI.pdf,6.0,0.5136986301369862,North Carolina Central,True,False,observed_scoring_school,16.522988505747126
north_carolina_central,2018-19,North Carolina Central,MEAC,295.0,5.0,FCS,0.0,5.0,0.0,https://dxbhsrqyrr690.cloudfront.net/sidearm.nextgen.sites/nacda.com/documents/2019/6/27/June28DIOverall.pdf,6.0,0.3389830508474576,North Carolina Central,True,False,observed_scoring_school,16.0
north_carolina_central,2020-21,,,,0.0,,,,,,,,North Carolina Central,False,True,kept_known_d1_program,8.757062146892656
north_carolina_central,2021-22,,,,0.0,,,,,,,,North Carolina Central,False,True,kept_known_d1_program,8.591549295774648
north_carolina_central,2022-23,North Carolina Central,MEAC,261.0,25.0,FCS,0.0,0.0,25.0,https://dxbhsrqyrr690.cloudfront.net/sidearm.nextgen.sites/nacda.com/documents/2023/6/27/Final22.23Standings.pdf,5.0,10.0,North Carolina Central,True,False,observed_scoring_school,23.324022346368714
north_carolina_central,2023-24,North Carolina Central,MEAC,262.0,25.0,FCS,25.0,0.0,0.0,https://dxbhsrqyrr690.cloudfront.net/sidearm.nextgen.sites/nacda.com/documents/2024/6/26/23.24FinalDI.pdf,5.0,10.128617363344052,North Carolina Central,True,False,observed_scoring_school,21.48876404494382
north_carolina_central,2024-25,,,,0.0,,,,,,,,North Carolina Central,False,True,kept_known_d1_program,7.584269662921349
north_carolina_central,2025-26,,,,0.0,,,,,,,,North Carolina Central,False,True,kept_known_d1_program,7.865168539325842
north_carolina_greensboro,2017-18,North Carolina Greensboro,SoCon,173.0,91.0,DI,25.0,25.0,41.0,https://dxbhsrqyrr690.cloudfront.net/sidearm.nextgen.sites/nacda.com/documents/2018/7/18/June29overallDI.pdf,4.0,41.0958904109589,North Carolina Greensboro,True,False,observed_scoring_school,50.57471264367817
north_carolina_greensboro,2018-19,North Carolina Greensboro,SoCon,255.0,33.6,DI,25.0,0.0,8.6,https://dxbhsrqyrr690.cloudfront.net/sidearm.nextgen.sites/nacda.com/documents/2019/6/27/June28DIOverall.pdf,5.0,13.898305084745765,North Carolina Greensboro,True,False,observed_scoring_school,27.42857142857143
north_carolina_greensboro,2020-21,North Carolina Greensboro,SoCon,182.0,75.0,DI,25.0,25.0,25.0,https://dxbhsrqyrr690.cloudfront.net/sidearm.nextgen.sites/nacda.com/documents/2021/7/1/July2OverallDI.pdf,4.0,36.3481228668942,North Carolina Greensboro,True,False,observed_scoring_school,47.31638418079096
north_carolina_greensboro,2021-22,North Carolina Greensboro,SoCon,266.0,25.0,DI,0.0,0.0,25.0,https://dxbhsrqyrr690.cloudfront.net/sidearm.nextgen.sites/nacda.com/documents/2022/6/30/FinalDIstandings.pdf,6.0,5.932203389830509,North Carolina Greensboro,True,False,observed_scoring_school,21.830985915492956
north_carolina_greensboro,2022-23,North Carolina Greensboro,SoCon,147.0,120.0,DI,73.0,0.0,47.0,https://dxbhsrqyrr690.cloudfront.net/sidearm.nextgen.sites/nacda.com/documents/2023/6/27/Final22.23Standings.pdf,3.0,51.47540983606558,North Carolina Greensboro,True,False,observed_scoring_school,58.659217877094974
north_carolina_greensboro,2023-24,North Carolina Greensboro,SoCon,247.0,34.0,DI,0.0,0.0,34.0,https://dxbhsrqyrr690.cloudfront.net/sidearm.nextgen.sites/nacda.com/documents/2024/6/26/23.24FinalDI.pdf,4.0,20.418006430868168,North Carolina Greensboro,True,False,observed_scoring_school,30.47752808988764
north_carolina_greensboro,2024-25,North Carolina Greensboro,SoCon,264.0,25.0,DI,0.0,25.0,0.0,https://dxbhsrqyrr690.cloudfront.net/sidearm.nextgen.sites/nacda.com/documents/2025/6/23/24.25DivIStandingsFinal.pdf,5.0,9.075907590759076,North Carolina Greensboro,True,False,observed_scoring_school,22.6123595505618
north_carolina_greensboro,2025-26,North Carolina Greensboro,SoCon,159.0,101.5,DI,64.0,0.0,37.5,https://dxbhsrqyrr690.cloudfront.net/sidearm.nextgen.sites/nacda.com/documents/2026/6/24/25.26DI_Final.pdf,3.0,47.50830564784053,North Carolina Greensboro,True,False,observed_scoring_school,55.61797752808989
north_carolina_state,2017-18,North Carolina State,ACC,15.0,894.75,FBS,303.5,419.25,172.0,https://dxbhsrqyrr690.cloudfront.net/sidearm.nextgen.sites/nacda.com/documents/2018/7/18/June29overallDI.pdf,1.0,95.2054794520548,North Carolina State,True,False,observed_scoring_school,95.97701149425288
north_carolina_state,2018-19,North Carolina State,ACC,26.0,794.0,FBS,268.0,320.5,205.5,https://dxbhsrqyrr690.cloudfront.net/sidearm.nextgen.sites/nacda.com/documents/2019/6/27/June28DIOverall.pdf,1.0,91.52542372881356,North Carolina State,True,False,observed_scoring_school,92.85714285714286
north_carolina_state,2020-21,North Carolina State,ACC,23.0,783.25,FBS,143.0,401.75,238.5,https://dxbhsrqyrr690.cloudfront.net/sidearm.nextgen.sites/nacda.com/documents/2021/7/1/July2OverallDI.pdf,1.0,92.4914675767918,North Carolina State,True,False,observed_scoring_school,93.78531073446328
north_carolina_state,2021-22,North Carolina State,ACC,17.0,870.0,FBS,234.0,410.0,226.0,https://dxbhsrqyrr690.cloudfront.net/sidearm.nextgen.sites/nacda.com/documents/2022/6/30/FinalDIstandings.pdf,1.0,94.57627118644068,North Carolina State,True,False,observed_scoring_school,95.49295774647887
north_carolina_state,2022-23,North Carolina State,ACC,19.0,893.0,FBS,216.0,426.5,250.5,https://dxbhsrqyrr690.cloudfront.net/sidearm.nextgen.sites/nacda.com/documents/2023/6/27/Final22.23Standings.pdf,1.0,94.09836065573772,North Carolina State,True,False,observed_scoring_school,94.97206703910615
north_carolina_state,2023-24,North Carolina State,ACC,21.0,853.5,FBS,210.0,441.5,202.0,https://dxbhsrqyrr690.cloudfront.net/sidearm.nextgen.sites/nacda.com/documents/2024/6/26/23.24FinalDI.pdf,1.0,93.56913183279742,North Carolina State,True,False,observed_scoring_school,94.3820224719101
north_carolina_state,2024-25,North Carolina State,ACC,20.0,854.75,FBS,184.5,374.0,296.25,https://dxbhsrqyrr690.cloudfront.net/sidearm.nextgen.sites/nacda.com/documents/2025/6/23/24.25DivIStandingsFinal.pdf,1.0,93.72937293729372,North Carolina State,True,False,observed_scoring_school,94.66292134831461
north_carolina_state,2025-26,North Carolina State,ACC,22.0,860.0,FBS,235.0,360.0,265.0,https://dxbhsrqyrr690.cloudfront.net/sidearm.nextgen.sites/nacda.com/documents/2026/6/24/25.26DI_Final.pdf,1.0,93.02325581395348,North Carolina State,True,False,observed_scoring_school,94.10112359550563
north_carolina_wilmington,2017-18,North Carolina Wilmington,CAA,123.0,147.0,DI,50.0,0.0,97.0,https://dxbhsrqyrr690.cloudfront.net/sidearm.nextgen.sites/nacda.com/documents/2018/7/18/June29overallDI.pdf,3.0,58.21917808219178,North Carolina Wilmington,True,False,observed_scoring_school,64.9425287356322
north_carolina_wilmington,2018-19,North Carolina Wilmington,CAA,212.0,60.0,DI,25.0,0.0,35.0,https://dxbhsrqyrr690.cloudfront.net/sidearm.nextgen.sites/nacda.com/documents/2019/6/27/June28DIOverall.pdf,4.0,28.30508474576271,North Carolina Wilmington,True,False,observed_scoring_school,39.57142857142858
north_carolina_wilmington,2020-21,North Carolina Wilmington,CAA,212.0,52.5,DI,0.0,0.0,52.5,https://dxbhsrqyrr690.cloudfront.net/sidearm.nextgen.sites/nacda.com/documents/2021/7/1/July2OverallDI.pdf,4.0,27.986348122866893,North Carolina Wilmington,True,False,observed_scoring_school,40.3954802259887
north_carolina_wilmington,2021-22,North Carolina Wilmington,CAA,229.0,50.0,DI,0.0,0.0,50.0,https://dxbhsrqyrr690.cloudfront.net/sidearm.nextgen.sites/nacda.com/documents/2022/6/30/FinalDIstandings.pdf,5.0,20.0,North Carolina Wilmington,True,False,observed_scoring_school,33.52112676056338
north_carolina_wilmington,2022-23,North Carolina Wilmington,CAA,205.0,60.25,DI,0.0,0.0,60.25,https://dxbhsrqyrr690.cloudfront.net/sidearm.nextgen.sites/nacda.com/documents/2023/6/27/Final22.23Standings.pdf,4.0,33.114754098360656,North Carolina Wilmington,True,False,observed_scoring_school,43.01675977653631
north_carolina_wilmington,2023-24,North Carolina Wilmington,CAA,170.0,87.5,DI,0.0,0.0,87.5,https://dxbhsrqyrr690.cloudfront.net/sidearm.nextgen.sites/nacda.com/documents/2024/6/26/23.24FinalDI.pdf,3.0,45.659163987138264,North Carolina Wilmington,True,False,observed_scoring_school,52.52808988764045
north_carolina_wilmington,2024-25,North Carolina Wilmington,CAA,226.0,50.0,DI,0.0,25.0,25.0,https://dxbhsrqyrr690.cloudfront.net/sidearm.nextgen.sites/nacda.com/documents/2025/6/23/24.25DivIStandingsFinal.pdf,4.0,23.76237623762376,North Carolina Wilmington,True,False,observed_scoring_school,35.1123595505618
north_carolina_wilmington,2025-26,North Carolina Wilmington,CAA,296.0,22.0,DI,0.0,0.0,22.0,https://dxbhsrqyrr690.cloudfront.net/sidearm.nextgen.sites/nacda.com/documents/2026/6/24/25.26DI_Final.pdf,5.0,1.9933554817275747,North Carolina Wilmington,True,False,observed_scoring_school,17.134831460674157
north_dakota,2017-18,North Dakota,Big Sky,258.0,25.0,FCS,25.0,0.0,0.0,https://dxbhsrqyrr690.cloudfront.net/sidearm.nextgen.sites/nacda.com/documents/2018/7/18/June29overallDI.pdf,6.0,7.363013698630137,North Dakota,True,False,observed_scoring_school,22.270114942528735
north_dakota,2018-19,North Dakota,Summit,291.0,15.0,FCS,0.0,0.0,15.0,https://dxbhsrqyrr690.cloudfront.net/sidearm.nextgen.sites/nacda.com/documents/2019/6/27/June28DIOverall.pdf,6.0,1.1864406779661016,North Dakota,True,False,observed_scoring_school,16.714285714285715
north_dakota,2020-21,North Dakota,Summit,123.0,120.0,FCS,60.0,60.0,0.0,https://dxbhsrqyrr690.cloudfront.net/sidearm.nextgen.sites/nacda.com/documents/2021/7/1/July2OverallDI.pdf,3.0,58.19112627986348,North Dakota,True,False,observed_scoring_school,65.3954802259887
north_dakota,2021-22,North Dakota,Summit,266.0,25.0,FCS,0.0,25.0,0.0,https://dxbhsrqyrr690.cloudfront.net/sidearm.nextgen.sites/nacda.com/documents/2022/6/30/FinalDIstandings.pdf,6.0,5.932203389830509,North Dakota,True,False,observed_scoring_school,21.830985915492956
north_dakota,2022-23,North Dakota,Summit,261.0,25.0,FCS,25.0,0.0,0.0,https://dxbhsrqyrr690.cloudfront.net/sidearm.nextgen.sites/nacda.com/documents/2023/6/27/Final22.23Standings.pdf,5.0,10.0,North Dakota,True,False,observed_scoring_school,23.324022346368714
north_dakota,2023-24,North Dakota,Summit,217.0,50.0,FCS,25.0,25.0,0.0,https://dxbhsrqyrr690.cloudfront.net/sidearm.nextgen.sites/nacda.com/documents/2024/6/26/23.24FinalDI.pdf,4.0,27.974276527331188,North Dakota,True,False,observed_scoring_school,37.07865168539326
north_dakota,2024-25,North Dakota,Summit,293.0,14.5,FCS,0.0,0.0,14.5,https://dxbhsrqyrr690.cloudfront.net/sidearm.nextgen.sites/nacda.com/documents/2025/6/23/24.25DivIStandingsFinal.pdf,5.0,3.6303630363036303,North Dakota,True,False,observed_scoring_school,17.97752808988764
north_dakota,2025-26,North Dakota,Summit,112.0,150.5,FCS,53.0,83.0,14.5,https://dxbhsrqyrr690.cloudfront.net/sidearm.nextgen.sites/nacda.com/documents/2026/6/24/25.26DI_Final.pdf,2.0,63.12292358803987,North Dakota,True,False,observed_scoring_school,68.82022471910112
north_dakota_state,2017-18,North Dakota State,Summit,88.0,219.0,FCS,100.0,28.0,91.0,https://dxbhsrqyrr690.cloudfront.net/sidearm.nextgen.sites/nacda.com/documents/2018/7/18/June29overallDI.pdf,2.0,70.2054794520548,North Dakota State,True,False,observed_scoring_school,75.0
north_dakota_state,2018-19,North Dakota State,Summit,69.0,330.75,FCS,100.0,134.25,96.5,https://dxbhsrqyrr690.cloudfront.net/sidearm.nextgen.sites/nacda.com/documents/2019/6/27/June28DIOverall.pdf,2.0,76.94915254237287,North Dakota State,True,False,observed_scoring_school,80.57142857142857
north_dakota_state,2020-21,North Dakota State,Summit,66.0,316.0,FCS,60.0,140.0,116.0,https://dxbhsrqyrr690.cloudfront.net/sidearm.nextgen.sites/nacda.com/documents/2021/7/1/July2OverallDI.pdf,2.0,77.81569965870307,North Dakota State,True,False,observed_scoring_school,81.63841807909604
north_dakota_state,2021-22,North Dakota State,Summit,105.0,170.5,FCS,100.0,70.5,0.0,https://dxbhsrqyrr690.cloudfront.net/sidearm.nextgen.sites/nacda.com/documents/2022/6/30/FinalDIstandings.pdf,2.0,64.7457627118644,North Dakota State,True,False,observed_scoring_school,70.70422535211267
north_dakota_state,2022-23,North Dakota State,Summit,126.0,140.0,FCS,90.0,50.0,0.0,https://dxbhsrqyrr690.cloudfront.net/sidearm.nextgen.sites/nacda.com/documents/2023/6/27/Final22.23Standings.pdf,2.0,59.01639344262295,North Dakota State,True,False,observed_scoring_school,65.08379888268156
north_dakota_state,2023-24,North Dakota State,Summit,146.0,112.5,FCS,83.0,29.5,0.0,https://dxbhsrqyrr690.cloudfront.net/sidearm.nextgen.sites/nacda.com/documents/2024/6/26/23.24FinalDI.pdf,3.0,53.21543408360129,North Dakota State,True,False,observed_scoring_school,59.12921348314607
north_dakota_state,2024-25,North Dakota State,Summit,105.0,174.5,FCS,100.0,37.0,37.5,https://dxbhsrqyrr690.cloudfront.net/sidearm.nextgen.sites/nacda.com/documents/2025/6/23/24.25DivIStandingsFinal.pdf,2.0,65.51155115511551,North Dakota State,True,False,observed_scoring_school,70.64606741573034
north_dakota_state,2025-26,North Dakota State,Summit,117.0,143.5,FCS,53.0,85.5,5.0,https://dxbhsrqyrr690.cloudfront.net/sidearm.nextgen.sites/nacda.com/documents/2026/6/24/25.26DI_Final.pdf,2.0,61.46179401993355,North Dakota State,True,False,observed_scoring_school,67.41573033707866
north_florida,2017-18,North Florida,Atlantic Sun,162.0,96.0,DI,0.0,0.0,96.0,https://dxbhsrqyrr690.cloudfront.net/sidearm.nextgen.sites/nacda.com/documents/2018/7/18/June29overallDI.pdf,4.0,44.52054794520548,North Florida,True,False,observed_scoring_school,53.44827586206896
north_florida,2018-19,North Florida,ASUN,188.0,76.5,DI,0.0,0.0,76.5,https://dxbhsrqyrr690.cloudfront.net/sidearm.nextgen.sites/nacda.com/documents/2019/6/27/June28DIOverall.pdf,4.0,36.610169491525426,North Florida,True,False,observed_scoring_school,46.57142857142857
north_florida,2020-21,North Florida,ASUN,119.0,123.0,DI,0.0,0.0,123.0,https://dxbhsrqyrr690.cloudfront.net/sidearm.nextgen.sites/nacda.com/documents/2021/7/1/July2OverallDI.pdf,3.0,59.55631399317406,North Florida,True,False,observed_scoring_school,66.52542372881356
north_florida,2021-22,North Florida,ASUN,156.0,106.5,DI,29.0,0.0,77.5,https://dxbhsrqyrr690.cloudfront.net/sidearm.nextgen.sites/nacda.com/documents/2022/6/30/FinalDIstandings.pdf,3.0,47.45762711864407,North Florida,True,False,observed_scoring_school,56.33802816901409
north_florida,2022-23,North Florida,ASUN,202.0,64.5,DI,0.0,0.0,64.5,https://dxbhsrqyrr690.cloudfront.net/sidearm.nextgen.sites/nacda.com/documents/2023/6/27/Final22.23Standings.pdf,4.0,34.0983606557377,North Florida,True,False,observed_scoring_school,43.85474860335196
north_florida,2023-24,North Florida,ASUN,144.0,115.0,DI,0.0,0.0,115.0,https://dxbhsrqyrr690.cloudfront.net/sidearm.nextgen.sites/nacda.com/documents/2024/6/26/23.24FinalDI.pdf,3.0,54.019292604501615,North Florida,True,False,observed_scoring_school,59.8314606741573
north_florida,2024-25,North Florida,ASUN,114.0,150.5,DI,25.0,30.0,95.5,https://dxbhsrqyrr690.cloudfront.net/sidearm.nextgen.sites/nacda.com/documents/2025/6/23/24.25DivIStandingsFinal.pdf,2.0,62.70627062706271,North Florida,True,False,observed_scoring_school,68.25842696629213
north_florida,2025-26,North Florida,ASUN,178.0,84.5,DI,25.0,0.0,59.5,https://dxbhsrqyrr690.cloudfront.net/sidearm.nextgen.sites/nacda.com/documents/2026/6/24/25.26DI_Final.pdf,3.0,41.19601328903654,North Florida,True,False,observed_scoring_school,50.28089887640449
north_texas,2017-18,North Texas,Conference USA,217.0,50.0,FBS,50.0,0.0,0.0,https://dxbhsrqyrr690.cloudfront.net/sidearm.nextgen.sites/nacda.com/documents/2018/7/18/June29overallDI.pdf,5.0,22.945205479452056,North Texas,True,False,observed_scoring_school,35.3448275862069
north_texas,2018-19,North Texas,Conference USA,184.0,77.0,FBS,77.0,0.0,0.0,https://dxbhsrqyrr690.cloudfront.net/sidearm.nextgen.sites/nacda.com/documents/2019/6/27/June28DIOverall.pdf,4.0,37.45762711864407,North Texas,True,False,observed_scoring_school,47.285714285714285
north_texas,2020-21,North Texas,Conference USA,174.0,80.0,FBS,25.0,50.0,5.0,https://dxbhsrqyrr690.cloudfront.net/sidearm.nextgen.sites/nacda.com/documents/2021/7/1/July2OverallDI.pdf,4.0,40.61433447098976,North Texas,True,False,observed_scoring_school,50.847457627118644
north_texas,2021-22,North Texas,Conference USA,177.0,91.5,FBS,25.0,0.0,66.5,https://dxbhsrqyrr690.cloudfront.net/sidearm.nextgen.sites/nacda.com/documents/2022/6/30/FinalDIstandings.pdf,4.0,40.33898305084746,North Texas,True,False,observed_scoring_school,50.42253521126761
north_texas,2022-23,North Texas,Conference USA,256.0,33.6,FBS,25.0,0.0,8.6,https://dxbhsrqyrr690.cloudfront.net/sidearm.nextgen.sites/nacda.com/documents/2023/6/27/Final22.23Standings.pdf,4.0,16.39344262295082,North Texas,True,False,observed_scoring_school,28.77094972067039
north_texas,2023-24,North Texas,American,247.0,34.0,FBS,0.0,0.0,34.0,https://dxbhsrqyrr690.cloudfront.net/sidearm.nextgen.sites/nacda.com/documents/2024/6/26/23.24FinalDI.pdf,4.0,20.418006430868168,North Texas,True,False,observed_scoring_school,30.47752808988764
north_texas,2024-25,North Texas,American,264.0,25.0,FBS,25.0,0.0,0.0,https://dxbhsrqyrr690.cloudfront.net/sidearm.nextgen.sites/nacda.com/documents/2025/6/23/24.25DivIStandingsFinal.pdf,5.0,9.075907590759076,North Texas,True,False,observed_scoring_school,22.6123595505618
north_texas,2025-26,North Texas,American,220.0,56.0,FBS,45.0,11.0,0.0,https://dxbhsrqyrr690.cloudfront.net/sidearm.nextgen.sites/nacda.com/documents/2026/6/24/25.26DI_Final.pdf,4.0,27.242524916943523,North Texas,True,False,observed_scoring_school,38.48314606741573
northeastern,2017-18,Northeastern,CAA,137.0,127.0,DI,0.0,50.0,77.0,https://dxbhsrqyrr690.cloudfront.net/sidearm.nextgen.sites/nacda.com/documents/2018/7/18/June29overallDI.pdf,3.0,53.42465753424658,Northeastern,True,False,observed_scoring_school,60.91954022988506
northeastern,2018-19,Northeastern,CAA,141.0,111.0,DI,0.0,75.0,36.0,https://dxbhsrqyrr690.cloudfront.net/sidearm.nextgen.sites/nacda.com/documents/2019/6/27/June28DIOverall.pdf,3.0,52.3728813559322,Northeastern,True,False,observed_scoring_school,59.857142857142854
northeastern,2020-21,Northeastern,CAA,101.0,151.0,DI,0.0,90.0,61.0,https://dxbhsrqyrr690.cloudfront.net/sidearm.nextgen.sites/nacda.com/documents/2021/7/1/July2OverallDI.pdf,2.0,65.8703071672355,Northeastern,True,False,observed_scoring_school,71.75141242937853
northeastern,2021-22,Northeastern,CAA,119.0,142.0,DI,0.0,108.0,34.0,https://dxbhsrqyrr690.cloudfront.net/sidearm.nextgen.sites/nacda.com/documents/2022/6/30/FinalDIstandings.pdf,3.0,59.83050847457627,Northeastern,True,False,observed_scoring_school,66.61971830985915
northeastern,2022-23,Northeastern,CAA,103.0,172.0,DI,26.0,83.0,63.0,https://dxbhsrqyrr690.cloudfront.net/sidearm.nextgen.sites/nacda.com/documents/2023/6/27/Final22.23Standings.pdf,2.0,66.39344262295081,Northeastern,True,False,observed_scoring_school,71.36871508379889
northeastern,2023-24,Northeastern,CAA,204.0,61.5,DI,0.0,18.5,43.0,https://dxbhsrqyrr690.cloudfront.net/sidearm.nextgen.sites/nacda.com/documents/2024/6/26/23.24FinalDI.pdf,4.0,34.726688102893895,Northeastern,True,False,observed_scoring_school,42.97752808988764
northeastern,2024-25,Northeastern,CAA,193.0,73.5,DI,0.0,0.0,73.5,https://dxbhsrqyrr690.cloudfront.net/sidearm.nextgen.sites/nacda.com/documents/2025/6/23/24.25DivIStandingsFinal.pdf,3.0,36.633663366336634,Northeastern,True,False,observed_scoring_school,46.06741573033708
northeastern,2025-26,Northeastern,CAA,109.0,158.5,DI,0.0,83.0,75.5,https://dxbhsrqyrr690.cloudfront.net/sidearm.nextgen.sites/nacda.com/documents/2026/6/24/25.26DI_Final.pdf,2.0,64.11960132890366,Northeastern,True,False,observed_scoring_school,69.66292134831461
northern_arizona,2017-18,Northern Arizona,Big Sky,70.0,327.0,FCS,125.0,96.0,106.0,https://dxbhsrqyrr690.cloudfront.net/sidearm.nextgen.sites/nacda.com/documents/2018/7/18/June29overallDI.pdf,2.0,76.36986301369863,Northern Arizona,True,False,observed_scoring_school,80.17241379310344
northern_arizona,2018-19,Northern Arizona,Big Sky,83.0,249.0,FCS,125.0,52.0,72.0,https://dxbhsrqyrr690.cloudfront.net/sidearm.nextgen.sites/nacda.com/documents/2019/6/27/June28DIOverall.pdf,2.0,72.20338983050848,Northern Arizona,True,False,observed_scoring_school,76.57142857142857
northern_arizona,2020-21,Northern Arizona,Big Sky,75.0,260.0,FCS,157.0,0.0,103.0,https://dxbhsrqyrr690.cloudfront.net/sidearm.nextgen.sites/nacda.com/documents/2021/7/1/July2OverallDI.pdf,2.0,74.74402730375427,Northern Arizona,True,False,observed_scoring_school,79.09604519774011
northern_arizona,2021-22,Northern Arizona,Big Sky,71.0,311.5,FCS,151.0,80.0,80.5,https://dxbhsrqyrr690.cloudfront.net/sidearm.nextgen.sites/nacda.com/documents/2022/6/30/FinalDIstandings.pdf,2.0,76.27118644067797,Northern Arizona,True,False,observed_scoring_school,80.28169014084507
northern_arizona,2022-23,Northern Arizona,Big Sky,69.0,302.75,FCS,198.5,87.25,17.0,https://dxbhsrqyrr690.cloudfront.net/sidearm.nextgen.sites/nacda.com/documents/2023/6/27/Final22.23Standings.pdf,2.0,77.70491803278688,Northern Arizona,True,False,observed_scoring_school,81.00558659217877
northern_arizona,2023-24,Northern Arizona,Big Sky,70.0,347.0,FCS,180.0,101.5,65.5,https://dxbhsrqyrr690.cloudfront.net/sidearm.nextgen.sites/nacda.com/documents/2024/6/26/23.24FinalDI.pdf,2.0,77.81350482315112,Northern Arizona,True,False,observed_scoring_school,80.6179775280899
northern_arizona,2024-25,Northern Arizona,Big Sky,76.0,302.5,FCS,180.0,72.0,50.5,https://dxbhsrqyrr690.cloudfront.net/sidearm.nextgen.sites/nacda.com/documents/2025/6/23/24.25DivIStandingsFinal.pdf,2.0,75.24752475247524,Northern Arizona,True,False,observed_scoring_school,78.93258426966293
northern_arizona,2025-26,Northern Arizona,Big Sky,75.0,315.0,FCS,141.0,94.0,80.0,https://dxbhsrqyrr690.cloudfront.net/sidearm.nextgen.sites/nacda.com/documents/2026/6/24/25.26DI_Final.pdf,2.0,75.41528239202658,Northern Arizona,True,False,observed_scoring_school,79.21348314606742
northern_colorado,2017-18,Northern Colorado,Big Sky,188.0,76.5,FCS,0.0,60.5,16.0,https://dxbhsrqyrr690.cloudfront.net/sidearm.nextgen.sites/nacda.com/documents/2018/7/18/June29overallDI.pdf,4.0,35.95890410958904,Northern Colorado,True,False,observed_scoring_school,46.264367816091955
northern_colorado,2018-19,Northern Colorado,Big Sky,262.0,28.5,FCS,0.0,23.5,5.0,https://dxbhsrqyrr690.cloudfront.net/sidearm.nextgen.sites/nacda.com/documents/2019/6/27/June28DIOverall.pdf,5.0,11.52542372881356,Northern Colorado,True,False,observed_scoring_school,25.428571428571427
northern_colorado,2020-21,Northern Colorado,Big Sky,255.0,25.0,FCS,0.0,25.0,0.0,https://dxbhsrqyrr690.cloudfront.net/sidearm.nextgen.sites/nacda.com/documents/2021/7/1/July2OverallDI.pdf,5.0,8.70307167235495,Northern Colorado,True,False,observed_scoring_school,24.43502824858757
northern_colorado,2021-22,Northern Colorado,Big Sky,223.0,54.5,FCS,25.0,29.5,0.0,https://dxbhsrqyrr690.cloudfront.net/sidearm.nextgen.sites/nacda.com/documents/2022/6/30/FinalDIstandings.pdf,5.0,24.74576271186441,Northern Colorado,True,False,observed_scoring_school,37.46478873239437
northern_colorado,2022-23,Northern Colorado,Big Sky,134.0,130.0,FCS,25.0,75.0,30.0,https://dxbhsrqyrr690.cloudfront.net/sidearm.nextgen.sites/nacda.com/documents/2023/6/27/Final22.23Standings.pdf,3.0,56.22950819672131,Northern Colorado,True,False,observed_scoring_school,62.709497206703915
northern_colorado,2023-24,Northern Colorado,Big Sky,208.0,58.5,FCS,0.0,23.0,35.5,https://dxbhsrqyrr690.cloudfront.net/sidearm.nextgen.sites/nacda.com/documents/2024/6/26/23.24FinalDI.pdf,4.0,33.27974276527331,Northern Colorado,True,False,observed_scoring_school,41.71348314606742
northern_colorado,2024-25,Northern Colorado,Big Sky,176.0,85.0,FCS,0.0,85.0,0.0,https://dxbhsrqyrr690.cloudfront.net/sidearm.nextgen.sites/nacda.com/documents/2025/6/23/24.25DivIStandingsFinal.pdf,3.0,42.24422442244224,Northern Colorado,True,False,observed_scoring_school,50.84269662921348
northern_colorado,2025-26,Northern Colorado,Big Sky,251.0,40.0,FCS,25.0,15.0,0.0,https://dxbhsrqyrr690.cloudfront.net/sidearm.nextgen.sites/nacda.com/documents/2026/6/24/25.26DI_Final.pdf,4.0,16.943521594684384,Northern Colorado,True,False,observed_scoring_school,29.775280898876407
northern_illinois,2017-18,Northern Illinois,MAC,184.0,82.0,FBS,25.0,42.0,15.0,https://dxbhsrqyrr690.cloudfront.net/sidearm.nextgen.sites/nacda.com/documents/2018/7/18/June29overallDI.pdf,4.0,37.15753424657534,Northern Illinois,True,False,observed_scoring_school,47.270114942528735
northern_illinois,2018-19,Northern Illinois,MAC,248.0,40.0,FBS,25.0,15.0,0.0,https://dxbhsrqyrr690.cloudfront.net/sidearm.nextgen.sites/nacda.com/documents/2019/6/27/June28DIOverall.pdf,5.0,15.932203389830509,Northern Illinois,True,False,observed_scoring_school,29.142857142857142
northern_illinois,2020-21,Northern Illinois,MAC,237.0,45.0,FBS,0.0,45.0,0.0,https://dxbhsrqyrr690.cloudfront.net/sidearm.nextgen.sites/nacda.com/documents/2021/7/1/July2OverallDI.pdf,5.0,19.283276450511945,Northern Illinois,True,False,observed_scoring_school,33.19209039548023
northern_illinois,2021-22,Northern Illinois,MAC,154.0,109.5,FBS,75.0,34.5,0.0,https://dxbhsrqyrr690.cloudfront.net/sidearm.nextgen.sites/nacda.com/documents/2022/6/30/FinalDIstandings.pdf,3.0,48.13559322033898,Northern Illinois,True,False,observed_scoring_school,56.901408450704224
northern_illinois,2022-23,Northern Illinois,MAC,207.0,57.0,FBS,0.0,35.0,22.0,https://dxbhsrqyrr690.cloudfront.net/sidearm.nextgen.sites/nacda.com/documents/2023/6/27/Final22.23Standings.pdf,4.0,32.459016393442624,Northern Illinois,True,False,observed_scoring_school,42.45810055865922
northern_illinois,2023-24,Northern Illinois,MAC,237.0,45.0,FBS,45.0,0.0,0.0,https://dxbhsrqyrr690.cloudfront.net/sidearm.nextgen.sites/nacda.com/documents/2024/6/26/23.24FinalDI.pdf,4.0,23.311897106109324,Northern Illinois,True,False,observed_scoring_school,33.00561797752809
northern_illinois,2024-25,Northern Illinois,MAC,208.0,64.0,FBS,45.0,19.0,0.0,https://dxbhsrqyrr690.cloudfront.net/sidearm.nextgen.sites/nacda.com/documents/2025/6/23/24.25DivIStandingsFinal.pdf,4.0,31.51815181518152,Northern Illinois,True,False,observed_scoring_school,41.71348314606742
northern_illinois,2025-26,Northern Illinois,MAC,208.0,64.5,FBS,0.0,27.0,37.5,https://dxbhsrqyrr690.cloudfront.net/sidearm.nextgen.sites/nacda.com/documents/2026/6/24/25.26DI_Final.pdf,4.0,31.06312292358804,Northern Illinois,True,False,observed_scoring_school,41.71348314606742
northern_iowa,2017-18,Northern Iowa,Missouri Valley,110.0,168.5,FCS,103.0,49.5,16.0,https://dxbhsrqyrr690.cloudfront.net/sidearm.nextgen.sites/nacda.com/documents/2018/7/18/June29overallDI.pdf,3.0,62.67123287671232,Northern Iowa,True,False,observed_scoring_school,68.67816091954023
northern_iowa,2018-19,Northern Iowa,Missouri Valley,119.0,140.25,FCS,78.0,62.25,0.0,https://dxbhsrqyrr690.cloudfront.net/sidearm.nextgen.sites/nacda.com/documents/2019/6/27/June28DIOverall.pdf,3.0,60.0,Northern Iowa,True,False,observed_scoring_school,66.28571428571428
northern_iowa,2020-21,Northern Iowa,Missouri Valley,134.0,108.0,FCS,0.0,55.0,53.0,https://dxbhsrqyrr690.cloudfront.net/sidearm.nextgen.sites/nacda.com/documents/2021/7/1/July2OverallDI.pdf,3.0,54.436860068259385,Northern Iowa,True,False,observed_scoring_school,62.28813559322034
northern_iowa,2021-22,Northern Iowa,Missouri Valley,169.0,96.5,FCS,25.0,53.5,18.0,https://dxbhsrqyrr690.cloudfront.net/sidearm.nextgen.sites/nacda.com/documents/2022/6/30/FinalDIstandings.pdf,4.0,42.88135593220339,Northern Iowa,True,False,observed_scoring_school,52.53521126760563
northern_iowa,2022-23,Northern Iowa,Missouri Valley,161.0,107.75,FCS,50.0,57.75,0.0,https://dxbhsrqyrr690.cloudfront.net/sidearm.nextgen.sites/nacda.com/documents/2023/6/27/Final22.23Standings.pdf,3.0,47.540983606557376,Northern Iowa,True,False,observed_scoring_school,55.3072625698324
northern_iowa,2023-24,Northern Iowa,Missouri Valley,171.0,86.5,FCS,25.0,61.5,0.0,https://dxbhsrqyrr690.cloudfront.net/sidearm.nextgen.sites/nacda.com/documents/2024/6/26/23.24FinalDI.pdf,3.0,45.337620578778136,Northern Iowa,True,False,observed_scoring_school,52.24719101123596
northern_iowa,2024-25,Northern Iowa,Missouri Valley,115.0,150.0,FCS,50.0,100.0,0.0,https://dxbhsrqyrr690.cloudfront.net/sidearm.nextgen.sites/nacda.com/documents/2025/6/23/24.25DivIStandingsFinal.pdf,2.0,62.211221122112214,Northern Iowa,True,False,observed_scoring_school,67.83707865168539
northern_iowa,2025-26,Northern Iowa,Missouri Valley,105.0,173.0,FCS,50.0,97.5,25.5,https://dxbhsrqyrr690.cloudfront.net/sidearm.nextgen.sites/nacda.com/documents/2026/6/24/25.26DI_Final.pdf,2.0,65.4485049833887,Northern Iowa,True,False,observed_scoring_school,70.78651685393258
northern_kentucky,2017-18,,,,0.0,,,,,,,,Northern Kentucky,False,True,kept_known_d1_program,8.189655172413794
northern_kentucky,2018-19,Northern Kentucky,Horizon League,266.0,25.0,DI,0.0,25.0,0.0,https://dxbhsrqyrr690.cloudfront.net/sidearm.nextgen.sites/nacda.com/documents/2019/6/27/June28DIOverall.pdf,6.0,6.779661016949152,Northern Kentucky,True,False,observed_scoring_school,21.428571428571427
northern_kentucky,2020-21,,,,0.0,,,,,,,,Northern Kentucky,False,True,kept_known_d1_program,8.757062146892656
northern_kentucky,2021-22,,,,0.0,,,,,,,,Northern Kentucky,False,True,kept_known_d1_program,8.591549295774648
northern_kentucky,2022-23,Northern Kentucky,Horizon League,223.0,50.0,DI,0.0,25.0,25.0,https://dxbhsrqyrr690.cloudfront.net/sidearm.nextgen.sites/nacda.com/documents/2023/6/27/Final22.23Standings.pdf,4.0,24.75409836065574,Northern Kentucky,True,False,observed_scoring_school,35.89385474860335
northern_kentucky,2023-24,Northern Kentucky,Horizon League,262.0,25.0,DI,0.0,0.0,25.0,https://dxbhsrqyrr690.cloudfront.net/sidearm.nextgen.sites/nacda.com/documents/2024/6/26/23.24FinalDI.pdf,5.0,10.128617363344052,Northern Kentucky,True,False,observed_scoring_school,21.48876404494382
northern_kentucky,2024-25,,,,0.0,,,,,,,,Northern Kentucky,False,True,kept_known_d1_program,7.584269662921349
northern_kentucky,2025-26,Northern Kentucky,Horizon League,265.0,25.0,DI,0.0,0.0,25.0,https://dxbhsrqyrr690.cloudfront.net/sidearm.nextgen.sites/nacda.com/documents/2026/6/24/25.26DI_Final.pdf,5.0,7.308970099667775,Northern Kentucky,True,False,observed_scoring_school,21.629213483146067
northwestern,2017-18,Northwestern,Big Ten,34.0,644.0,FBS,177.0,152.5,314.5,https://dxbhsrqyrr690.cloudfront.net/sidearm.nextgen.sites/nacda.com/documents/2018/7/18/June29overallDI.pdf,1.0,88.6986301369863,Northwestern,True,False,observed_scoring_school,90.51724137931035
northwestern,2018-19,Northwestern,Big Ten,45.0,526.5,FBS,108.0,155.5,263.0,https://dxbhsrqyrr690.cloudfront.net/sidearm.nextgen.sites/nacda.com/documents/2019/6/27/June28DIOverall.pdf,1.0,84.91525423728814,Northwestern,True,False,observed_scoring_school,87.28571428571429
northwestern,2020-21,Northwestern,Big Ten,31.0,639.5,FBS,127.5,236.0,276.0,https://dxbhsrqyrr690.cloudfront.net/sidearm.nextgen.sites/nacda.com/documents/2021/7/1/July2OverallDI.pdf,1.0,89.76109215017065,Northwestern,True,False,observed_scoring_school,91.52542372881356
northwestern,2021-22,Northwestern,Big Ten,36.0,634.0,FBS,127.0,216.5,290.5,https://dxbhsrqyrr690.cloudfront.net/sidearm.nextgen.sites/nacda.com/documents/2022/6/30/FinalDIstandings.pdf,1.0,88.13559322033898,Northwestern,True,False,observed_scoring_school,90.14084507042254
northwestern,2022-23,Northwestern,Big Ten,30.0,704.5,FBS,198.0,198.5,308.0,https://dxbhsrqyrr690.cloudfront.net/sidearm.nextgen.sites/nacda.com/documents/2023/6/27/Final22.23Standings.pdf,1.0,90.49180327868852,Northwestern,True,False,observed_scoring_school,91.89944134078212
northwestern,2023-24,Northwestern,Big Ten,39.0,587.5,FBS,163.0,190.0,234.5,https://dxbhsrqyrr690.cloudfront.net/sidearm.nextgen.sites/nacda.com/documents/2024/6/26/23.24FinalDI.pdf,1.0,87.78135048231512,Northwestern,True,False,observed_scoring_school,89.32584269662921
northwestern,2024-25,Northwestern,Big Ten,54.0,481.0,FBS,129.0,108.5,243.5,https://dxbhsrqyrr690.cloudfront.net/sidearm.nextgen.sites/nacda.com/documents/2025/6/23/24.25DivIStandingsFinal.pdf,1.0,82.50825082508251,Northwestern,True,False,observed_scoring_school,85.1123595505618
northwestern,2025-26,Northwestern,Big Ten,46.0,569.5,FBS,226.0,154.0,189.5,https://dxbhsrqyrr690.cloudfront.net/sidearm.nextgen.sites/nacda.com/documents/2026/6/24/25.26DI_Final.pdf,1.0,85.04983388704319,Northwestern,True,False,observed_scoring_school,87.35955056179775
northwestern_state,2017-18,Northwestern State,Southland,236.0,47.0,FCS,0.0,0.0,47.0,https://dxbhsrqyrr690.cloudfront.net/sidearm.nextgen.sites/nacda.com/documents/2018/7/18/June29overallDI.pdf,5.0,19.34931506849315,Northwestern State,True,False,observed_scoring_school,32.327586206896555
northwestern_state,2018-19,Northwestern State,Southland,169.0,91.0,FCS,0.0,50.5,40.5,https://dxbhsrqyrr690.cloudfront.net/sidearm.nextgen.sites/nacda.com/documents/2019/6/27/June28DIOverall.pdf,4.0,43.050847457627114,Northwestern State,True,False,observed_scoring_school,52.0
northwestern_state,2020-21,,,,0.0,,,,,,,,Northwestern State,False,True,kept_known_d1_program,8.757062146892656
northwestern_state,2021-22,Northwestern State,Southland,266.0,25.0,FCS,25.0,0.0,0.0,https://dxbhsrqyrr690.cloudfront.net/sidearm.nextgen.sites/nacda.com/documents/2022/6/30/FinalDIstandings.pdf,6.0,5.932203389830509,Northwestern State,True,False,observed_scoring_school,21.830985915492956
northwestern_state,2022-23,,,,0.0,,,,,,,,Northwestern State,False,True,kept_known_d1_program,7.5418994413407825
northwestern_state,2023-24,Northwestern State,Southland,306.0,5.0,FCS,0.0,0.0,5.0,https://dxbhsrqyrr690.cloudfront.net/sidearm.nextgen.sites/nacda.com/documents/2024/6/26/23.24FinalDI.pdf,5.0,1.1254019292604502,Northwestern State,True,False,observed_scoring_school,13.623595505617978
northwestern_state,2024-25,,,,0.0,,,,,,,,Northwestern State,False,True,kept_known_d1_program,7.584269662921349
northwestern_state,2025-26,,,,0.0,,,,,,,,Northwestern State,False,True,kept_known_d1_program,7.865168539325842
notre_dame,2017-18,Notre Dame,ACC,22.0,804.0,FBS,205.0,423.5,175.5,https://dxbhsrqyrr690.cloudfront.net/sidearm.nextgen.sites/nacda.com/documents/2018/7/18/June29overallDI.pdf,1.0,92.63698630136986,Notre Dame,True,False,observed_scoring_school,93.82183908045977
notre_dame,2018-19,Notre Dame,ACC,17.0,885.0,FBS,280.0,342.0,263.0,https://dxbhsrqyrr690.cloudfront.net/sidearm.nextgen.sites/nacda.com/documents/2019/6/27/June28DIOverall.pdf,1.0,94.57627118644068,Notre Dame,True,False,observed_scoring_school,95.42857142857143
notre_dame,2020-21,Notre Dame,ACC,14.0,900.0,FBS,215.0,286.0,399.0,https://dxbhsrqyrr690.cloudfront.net/sidearm.nextgen.sites/nacda.com/documents/2021/7/1/July2OverallDI.pdf,1.0,95.5631399317406,Notre Dame,True,False,observed_scoring_school,96.32768361581921
notre_dame,2021-22,Notre Dame,ACC,8.0,1021.0,FBS,360.0,454.0,207.0,https://dxbhsrqyrr690.cloudfront.net/sidearm.nextgen.sites/nacda.com/documents/2022/6/30/FinalDIstandings.pdf,1.0,97.6271186440678,Notre Dame,True,False,observed_scoring_school,98.02816901408451
notre_dame,2022-23,Notre Dame,ACC,20.0,884.0,FBS,261.0,290.5,332.5,https://dxbhsrqyrr690.cloudfront.net/sidearm.nextgen.sites/nacda.com/documents/2023/6/27/Final22.23Standings.pdf,1.0,93.77049180327867,Notre Dame,True,False,observed_scoring_school,94.6927374301676
notre_dame,2023-24,Notre Dame,ACC,11.0,1008.5,FBS,343.0,355.0,310.5,https://dxbhsrqyrr690.cloudfront.net/sidearm.nextgen.sites/nacda.com/documents/2024/6/26/23.24FinalDI.pdf,1.0,96.78456591639872,Notre Dame,True,False,observed_scoring_school,97.19101123595506
notre_dame,2024-25,Notre Dame,ACC,35.0,691.5,FBS,289.0,213.5,189.0,https://dxbhsrqyrr690.cloudfront.net/sidearm.nextgen.sites/nacda.com/documents/2025/6/23/24.25DivIStandingsFinal.pdf,1.0,88.77887788778878,Notre Dame,True,False,observed_scoring_school,90.4494382022472
notre_dame,2025-26,Notre Dame,ACC,19.0,898.5,FBS,301.0,343.0,254.5,https://dxbhsrqyrr690.cloudfront.net/sidearm.nextgen.sites/nacda.com/documents/2026/6/24/25.26DI_Final.pdf,1.0,94.01993355481729,Notre Dame,True,False,observed_scoring_school,94.9438202247191
oakland,2017-18,,,,0.0,,,,,,,,Oakland,False,True,kept_known_d1_program,8.189655172413794
oakland,2018-19,,,,0.0,,,,,,,,Oakland,False,True,kept_known_d1_program,8.0
oakland,2020-21,Oakland,Horizon League,247.0,36.0,DI,0.0,31.0,5.0,https://dxbhsrqyrr690.cloudfront.net/sidearm.nextgen.sites/nacda.com/documents/2021/7/1/July2OverallDI.pdf,5.0,16.040955631399317,Oakland,True,False,observed_scoring_school,30.508474576271187
oakland,2021-22,Oakland,Horizon League,221.0,55.0,DI,25.0,0.0,30.0,https://dxbhsrqyrr690.cloudfront.net/sidearm.nextgen.sites/nacda.com/documents/2022/6/30/FinalDIstandings.pdf,5.0,25.254237288135595,Oakland,True,False,observed_scoring_school,37.88732394366197
oakland,2022-23,,,,0.0,,,,,,,,Oakland,False,True,kept_known_d1_program,7.5418994413407825
oakland,2023-24,Oakland,Horizon League,207.0,59.3,DI,0.0,50.0,9.3,https://dxbhsrqyrr690.cloudfront.net/sidearm.nextgen.sites/nacda.com/documents/2024/6/26/23.24FinalDI.pdf,4.0,33.762057877813504,Oakland,True,False,observed_scoring_school,42.13483146067416
oakland,2024-25,Oakland,Horizon League,298.0,5.0,DI,0.0,0.0,5.0,https://dxbhsrqyrr690.cloudfront.net/sidearm.nextgen.sites/nacda.com/documents/2025/6/23/24.25DivIStandingsFinal.pdf,5.0,1.155115511551155,Oakland,True,False,observed_scoring_school,15.870786516853933
oakland,2025-26,Oakland,Horizon League,299.0,5.0,DI,0.0,0.0,5.0,https://dxbhsrqyrr690.cloudfront.net/sidearm.nextgen.sites/nacda.com/documents/2026/6/24/25.26DI_Final.pdf,5.0,0.6644518272425249,Oakland,True,False,observed_scoring_school,16.01123595505618
ohio,2017-18,Ohio,MAC,165.0,95.0,FBS,45.0,0.0,50.0,https://dxbhsrqyrr690.cloudfront.net/sidearm.nextgen.sites/nacda.com/documents/2018/7/18/June29overallDI.pdf,4.0,43.321917808219176,Ohio,True,False,observed_scoring_school,52.44252873563219
ohio,2018-19,Ohio,MAC,204.0,65.0,FBS,45.0,20.0,0.0,https://dxbhsrqyrr690.cloudfront.net/sidearm.nextgen.sites/nacda.com/documents/2019/6/27/June28DIOverall.pdf,4.0,31.186440677966104,Ohio,True,False,observed_scoring_school,42.0
ohio,2020-21,Ohio,MAC,198.0,68.5,FBS,0.0,68.5,0.0,https://dxbhsrqyrr690.cloudfront.net/sidearm.nextgen.sites/nacda.com/documents/2021/7/1/July2OverallDI.pdf,4.0,32.76450511945392,Ohio,True,False,observed_scoring_school,44.35028248587571
ohio,2021-22,,,,0.0,,,,,,,,Ohio,False,True,kept_known_d1_program,8.591549295774648
ohio,2022-23,Ohio,MAC,243.0,45.0,FBS,45.0,0.0,0.0,https://dxbhsrqyrr690.cloudfront.net/sidearm.nextgen.sites/nacda.com/documents/2023/6/27/Final22.23Standings.pdf,4.0,20.327868852459016,Ohio,True,False,observed_scoring_school,32.122905027932966
ohio,2023-24,Ohio,MAC,141.0,119.0,FBS,70.0,49.0,0.0,https://dxbhsrqyrr690.cloudfront.net/sidearm.nextgen.sites/nacda.com/documents/2024/6/26/23.24FinalDI.pdf,3.0,54.983922829581985,Ohio,True,False,observed_scoring_school,60.67415730337079
ohio,2024-25,Ohio,MAC,163.0,97.5,FBS,45.0,52.5,0.0,https://dxbhsrqyrr690.cloudfront.net/sidearm.nextgen.sites/nacda.com/documents/2025/6/23/24.25DivIStandingsFinal.pdf,3.0,46.53465346534654,Ohio,True,False,observed_scoring_school,54.49438202247191
ohio,2025-26,Ohio,MAC,200.0,72.0,FBS,45.0,27.0,0.0,https://dxbhsrqyrr690.cloudfront.net/sidearm.nextgen.sites/nacda.com/documents/2026/6/24/25.26DI_Final.pdf,4.0,33.88704318936877,Ohio,True,False,observed_scoring_school,44.10112359550562
ohio_state,2017-18,Ohio State,Big Ten,7.0,1118.0,FBS,75.0,636.25,406.75,https://dxbhsrqyrr690.cloudfront.net/sidearm.nextgen.sites/nacda.com/documents/2018/7/18/June29overallDI.pdf,1.0,97.94520547945206,Ohio State,True,False,observed_scoring_school,98.27586206896551
ohio_state,2018-19,Ohio State,Big Ten,12.0,986.0,FBS,85.0,517.5,383.5,https://dxbhsrqyrr690.cloudfront.net/sidearm.nextgen.sites/nacda.com/documents/2019/6/27/June28DIOverall.pdf,1.0,96.27118644067797,Ohio State,True,False,observed_scoring_school,96.85714285714285
ohio_state,2020-21,Ohio State,Big Ten,9.0,972.5,FBS,204.0,448.5,320.0,https://dxbhsrqyrr690.cloudfront.net/sidearm.nextgen.sites/nacda.com/documents/2021/7/1/July2OverallDI.pdf,1.0,97.26962457337883,Ohio State,True,False,observed_scoring_school,97.74011299435028
ohio_state,2021-22,Ohio State,Big Ten,4.0,1184.5,FBS,139.0,678.0,367.5,https://dxbhsrqyrr690.cloudfront.net/sidearm.nextgen.sites/nacda.com/documents/2022/6/30/FinalDIstandings.pdf,1.0,98.98305084745763,Ohio State,True,False,observed_scoring_school,99.15492957746478
ohio_state,2022-23,Ohio State,Big Ten,3.0,1170.75,FBS,263.0,639.75,268.0,https://dxbhsrqyrr690.cloudfront.net/sidearm.nextgen.sites/nacda.com/documents/2023/6/27/Final22.23Standings.pdf,1.0,99.34426229508196,Ohio State,True,False,observed_scoring_school,99.4413407821229
ohio_state,2023-24,Ohio State,Big Ten,15.0,981.0,FBS,95.5,548.5,337.0,https://dxbhsrqyrr690.cloudfront.net/sidearm.nextgen.sites/nacda.com/documents/2024/6/26/23.24FinalDI.pdf,1.0,95.4983922829582,Ohio State,True,False,observed_scoring_school,96.06741573033707
ohio_state,2024-25,Ohio State,Big Ten,8.0,1032.25,FBS,247.0,461.25,324.0,https://dxbhsrqyrr690.cloudfront.net/sidearm.nextgen.sites/nacda.com/documents/2025/6/23/24.25DivIStandingsFinal.pdf,1.0,97.6897689768977,Ohio State,True,False,observed_scoring_school,98.03370786516854
ohio_state,2025-26,Ohio State,Big Ten,10.0,1071.25,FBS,146.5,621.25,303.5,https://dxbhsrqyrr690.cloudfront.net/sidearm.nextgen.sites/nacda.com/documents/2026/6/24/25.26DI_Final.pdf,1.0,97.00996677740864,Ohio State,True,False,observed_scoring_school,97.47191011235955
oklahoma,2017-18,Oklahoma,Big 12,25.0,785.75,FBS,85.0,331.5,369.25,https://dxbhsrqyrr690.cloudfront.net/sidearm.nextgen.sites/nacda.com/documents/2018/7/18/June29overallDI.pdf,1.0,91.78082191780824,Oklahoma,True,False,observed_scoring_school,93.10344827586206
oklahoma,2018-19,Oklahoma,Big 12,33.0,703.75,FBS,80.0,289.0,334.75,https://dxbhsrqyrr690.cloudfront.net/sidearm.nextgen.sites/nacda.com/documents/2019/6/27/June28DIOverall.pdf,1.0,89.15254237288136,Oklahoma,True,False,observed_scoring_school,90.85714285714286
oklahoma,2020-21,Oklahoma,Big 12,24.0,774.5,FBS,73.5,341.0,360.0,https://dxbhsrqyrr690.cloudfront.net/sidearm.nextgen.sites/nacda.com/documents/2021/7/1/July2OverallDI.pdf,1.0,92.15017064846415,Oklahoma,True,False,observed_scoring_school,93.50282485875707
oklahoma,2021-22,Oklahoma,Big 12,10.0,968.5,FBS,67.5,386.5,514.5,https://dxbhsrqyrr690.cloudfront.net/sidearm.nextgen.sites/nacda.com/documents/2022/6/30/FinalDIstandings.pdf,1.0,96.94915254237289,Oklahoma,True,False,observed_scoring_school,97.46478873239437
oklahoma,2022-23,Oklahoma,Big 12,23.0,813.75,FBS,25.0,365.5,423.25,https://dxbhsrqyrr690.cloudfront.net/sidearm.nextgen.sites/nacda.com/documents/2023/6/27/Final22.23Standings.pdf,1.0,92.78688524590164,Oklahoma,True,False,observed_scoring_school,93.85474860335195
oklahoma,2023-24,Oklahoma,Big 12,24.0,805.75,FBS,60.0,328.75,417.0,https://dxbhsrqyrr690.cloudfront.net/sidearm.nextgen.sites/nacda.com/documents/2024/6/26/23.24FinalDI.pdf,1.0,92.60450160771704,Oklahoma,True,False,observed_scoring_school,93.53932584269663
oklahoma,2024-25,Oklahoma,SEC,9.0,1017.2,FBS,75.0,449.95,492.25,https://dxbhsrqyrr690.cloudfront.net/sidearm.nextgen.sites/nacda.com/documents/2025/6/23/24.25DivIStandingsFinal.pdf,1.0,97.35973597359737,Oklahoma,True,False,observed_scoring_school,97.75280898876404
oklahoma,2025-26,Oklahoma,SEC,16.0,930.75,FBS,127.5,364.0,439.25,https://dxbhsrqyrr690.cloudfront.net/sidearm.nextgen.sites/nacda.com/documents/2026/6/24/25.26DI_Final.pdf,1.0,95.01661129568106,Oklahoma,True,False,observed_scoring_school,95.78651685393258
oklahoma_state,2017-18,Oklahoma State,Big 12,32.0,683.75,FBS,200.5,174.25,309.0,https://dxbhsrqyrr690.cloudfront.net/sidearm.nextgen.sites/nacda.com/documents/2018/7/18/June29overallDI.pdf,1.0,89.38356164383562,Oklahoma State,True,False,observed_scoring_school,91.0919540229885
oklahoma_state,2018-19,Oklahoma State,Big 12,28.0,760.5,FBS,163.0,153.0,444.5,https://dxbhsrqyrr690.cloudfront.net/sidearm.nextgen.sites/nacda.com/documents/2019/6/27/June28DIOverall.pdf,1.0,90.84745762711864,Oklahoma State,True,False,observed_scoring_school,92.28571428571428
oklahoma_state,2020-21,Oklahoma State,Big 12,18.0,860.5,FBS,230.0,232.5,398.0,https://dxbhsrqyrr690.cloudfront.net/sidearm.nextgen.sites/nacda.com/documents/2021/7/1/July2OverallDI.pdf,1.0,94.19795221843005,Oklahoma State,True,False,observed_scoring_school,95.19774011299435
oklahoma_state,2021-22,Oklahoma State,Big 12,23.0,802.75,FBS,220.0,144.75,438.0,https://dxbhsrqyrr690.cloudfront.net/sidearm.nextgen.sites/nacda.com/documents/2022/6/30/FinalDIstandings.pdf,1.0,92.54237288135592,Oklahoma State,True,False,observed_scoring_school,93.80281690140845
oklahoma_state,2022-23,Oklahoma State,Big 12,25.0,800.0,FBS,195.0,205.25,399.75,https://dxbhsrqyrr690.cloudfront.net/sidearm.nextgen.sites/nacda.com/documents/2023/6/27/Final22.23Standings.pdf,1.0,92.1311475409836,Oklahoma State,True,False,observed_scoring_school,93.29608938547486
oklahoma_state,2023-24,Oklahoma State,Big 12,19.0,896.0,FBS,243.5,208.5,444.0,https://dxbhsrqyrr690.cloudfront.net/sidearm.nextgen.sites/nacda.com/documents/2024/6/26/23.24FinalDI.pdf,1.0,94.21221864951768,Oklahoma State,True,False,observed_scoring_school,94.9438202247191
oklahoma_state,2024-25,Oklahoma State,Big 12,29.0,752.5,FBS,142.5,185.0,425.0,https://dxbhsrqyrr690.cloudfront.net/sidearm.nextgen.sites/nacda.com/documents/2025/6/23/24.25DivIStandingsFinal.pdf,1.0,90.75907590759076,Oklahoma State,True,False,observed_scoring_school,92.13483146067416
oklahoma_state,2025-26,Oklahoma State,Big 12,28.0,713.5,FBS,164.5,207.5,341.5,https://dxbhsrqyrr690.cloudfront.net/sidearm.nextgen.sites/nacda.com/documents/2026/6/24/25.26DI_Final.pdf,1.0,91.0299003322259,Oklahoma State,True,False,observed_scoring_school,92.41573033707866
old_dominion,2017-18,Old Dominion,Conference USA,144.0,116.0,FBS,50.0,22.0,44.0,https://dxbhsrqyrr690.cloudfront.net/sidearm.nextgen.sites/nacda.com/documents/2018/7/18/June29overallDI.pdf,3.0,51.02739726027398,Old Dominion,True,False,observed_scoring_school,58.90804597701149
old_dominion,2018-19,Old Dominion,Conference USA,141.0,111.0,FBS,0.0,67.0,44.0,https://dxbhsrqyrr690.cloudfront.net/sidearm.nextgen.sites/nacda.com/documents/2019/6/27/June28DIOverall.pdf,3.0,52.3728813559322,Old Dominion,True,False,observed_scoring_school,59.857142857142854
old_dominion,2020-21,Old Dominion,Conference USA,145.0,100.0,FBS,0.0,0.0,100.0,https://dxbhsrqyrr690.cloudfront.net/sidearm.nextgen.sites/nacda.com/documents/2021/7/1/July2OverallDI.pdf,3.0,50.170648464163826,Old Dominion,True,False,observed_scoring_school,58.75706214689266
old_dominion,2021-22,Old Dominion,Conference USA,163.0,100.0,FBS,50.0,0.0,50.0,https://dxbhsrqyrr690.cloudfront.net/sidearm.nextgen.sites/nacda.com/documents/2022/6/30/FinalDIstandings.pdf,4.0,44.74576271186441,Old Dominion,True,False,observed_scoring_school,54.08450704225351
old_dominion,2022-23,Old Dominion,Sun Belt,166.0,100.0,FBS,25.0,0.0,75.0,https://dxbhsrqyrr690.cloudfront.net/sidearm.nextgen.sites/nacda.com/documents/2023/6/27/Final22.23Standings.pdf,3.0,45.57377049180328,Old Dominion,True,False,observed_scoring_school,53.63128491620112
old_dominion,2023-24,Old Dominion,Sun Belt,108.0,170.0,FBS,95.0,0.0,75.0,https://dxbhsrqyrr690.cloudfront.net/sidearm.nextgen.sites/nacda.com/documents/2024/6/26/23.24FinalDI.pdf,2.0,65.59485530546624,Old Dominion,True,False,observed_scoring_school,69.9438202247191
old_dominion,2024-25,Old Dominion,Sun Belt,226.0,50.0,FBS,0.0,0.0,50.0,https://dxbhsrqyrr690.cloudfront.net/sidearm.nextgen.sites/nacda.com/documents/2025/6/23/24.25DivIStandingsFinal.pdf,4.0,23.76237623762376,Old Dominion,True,False,observed_scoring_school,35.1123595505618
old_dominion,2025-26,Old Dominion,Sun Belt,140.0,120.0,FBS,45.0,0.0,75.0,https://dxbhsrqyrr690.cloudfront.net/sidearm.nextgen.sites/nacda.com/documents/2026/6/24/25.26DI_Final.pdf,3.0,53.32225913621262,Old Dominion,True,False,observed_scoring_school,60.53370786516854
ole_miss,2017-18,Ole Miss,SEC,38.0,588.5,FBS,130.0,38.5,420.0,https://dxbhsrqyrr690.cloudfront.net/sidearm.nextgen.sites/nacda.com/documents/2018/7/18/June29overallDI.pdf,1.0,87.32876712328768,Ole Miss,True,False,observed_scoring_school,89.36781609195403
ole_miss,2018-19,Ole Miss,SEC,56.0,461.5,FBS,159.0,49.0,253.5,https://dxbhsrqyrr690.cloudfront.net/sidearm.nextgen.sites/nacda.com/documents/2019/6/27/June28DIOverall.pdf,2.0,81.35593220338984,Ole Miss,True,False,observed_scoring_school,84.28571428571429
ole_miss,2020-21,Ole Miss,SEC,22.0,824.5,FBS,217.0,207.5,400.0,https://dxbhsrqyrr690.cloudfront.net/sidearm.nextgen.sites/nacda.com/documents/2021/7/1/July2OverallDI.pdf,1.0,92.83276450511946,Ole Miss,True,False,observed_scoring_school,94.0677966101695
ole_miss,2021-22,Ole Miss,SEC,20.0,852.0,FBS,243.5,244.5,364.0,https://dxbhsrqyrr690.cloudfront.net/sidearm.nextgen.sites/nacda.com/documents/2022/6/30/FinalDIstandings.pdf,1.0,93.55932203389833,Ole Miss,True,False,observed_scoring_school,94.64788732394366
ole_miss,2022-23,Ole Miss,SEC,39.0,593.75,FBS,101.0,275.25,217.5,https://dxbhsrqyrr690.cloudfront.net/sidearm.nextgen.sites/nacda.com/documents/2023/6/27/Final22.23Standings.pdf,1.0,87.54098360655738,Ole Miss,True,False,observed_scoring_school,89.3854748603352
ole_miss,2023-24,Ole Miss,SEC,38.0,590.38,FBS,150.0,202.88,237.5,https://dxbhsrqyrr690.cloudfront.net/sidearm.nextgen.sites/nacda.com/documents/2024/6/26/23.24FinalDI.pdf,1.0,88.10289389067523,Ole Miss,True,False,observed_scoring_school,89.60674157303372
ole_miss,2024-25,Ole Miss,SEC,27.0,783.25,FBS,162.0,274.75,346.5,https://dxbhsrqyrr690.cloudfront.net/sidearm.nextgen.sites/nacda.com/documents/2025/6/23/24.25DivIStandingsFinal.pdf,1.0,91.4191419141914,Ole Miss,True,False,observed_scoring_school,92.69662921348315
ole_miss,2025-26,Ole Miss,SEC,34.0,672.25,FBS,137.0,255.75,279.5,https://dxbhsrqyrr690.cloudfront.net/sidearm.nextgen.sites/nacda.com/documents/2026/6/24/25.26DI_Final.pdf,1.0,89.03654485049833,Ole Miss,True,False,observed_scoring_school,90.73033707865169
oral_roberts,2017-18,Oral Roberts,Summit,258.0,25.0,DI,0.0,0.0,25.0,https://dxbhsrqyrr690.cloudfront.net/sidearm.nextgen.sites/nacda.com/documents/2018/7/18/June29overallDI.pdf,6.0,7.363013698630137,Oral Roberts,True,False,observed_scoring_school,22.270114942528735
oral_roberts,2018-19,,,,0.0,,,,,,,,Oral Roberts,False,True,kept_known_d1_program,8.0
oral_roberts,2020-21,Oral Roberts,Summit,203.0,64.0,DI,0.0,64.0,0.0,https://dxbhsrqyrr690.cloudfront.net/sidearm.nextgen.sites/nacda.com/documents/2021/7/1/July2OverallDI.pdf,4.0,31.058020477815703,Oral Roberts,True,False,observed_scoring_school,42.93785310734463
oral_roberts,2021-22,Oral Roberts,Summit,266.0,25.0,DI,0.0,0.0,25.0,https://dxbhsrqyrr690.cloudfront.net/sidearm.nextgen.sites/nacda.com/documents/2022/6/30/FinalDIstandings.pdf,6.0,5.932203389830509,Oral Roberts,True,False,observed_scoring_school,21.830985915492956
oral_roberts,2022-23,Oral Roberts,Summit,165.0,103.0,DI,0.0,25.0,78.0,https://dxbhsrqyrr690.cloudfront.net/sidearm.nextgen.sites/nacda.com/documents/2023/6/27/Final22.23Standings.pdf,3.0,46.22950819672131,Oral Roberts,True,False,observed_scoring_school,54.18994413407822
oral_roberts,2023-24,Oral Roberts,Summit,262.0,25.0,DI,0.0,0.0,25.0,https://dxbhsrqyrr690.cloudfront.net/sidearm.nextgen.sites/nacda.com/documents/2024/6/26/23.24FinalDI.pdf,5.0,10.128617363344052,Oral Roberts,True,False,observed_scoring_school,21.48876404494382
oral_roberts,2024-25,Oral Roberts,Summit,292.0,16.0,DI,0.0,0.0,16.0,https://dxbhsrqyrr690.cloudfront.net/sidearm.nextgen.sites/nacda.com/documents/2025/6/23/24.25DivIStandingsFinal.pdf,5.0,3.96039603960396,Oral Roberts,True,False,observed_scoring_school,18.258426966292134
oral_roberts,2025-26,Oral Roberts,Summit,254.0,30.0,DI,0.0,0.0,30.0,https://dxbhsrqyrr690.cloudfront.net/sidearm.nextgen.sites/nacda.com/documents/2026/6/24/25.26DI_Final.pdf,4.0,14.78405315614618,Oral Roberts,True,False,observed_scoring_school,27.94943820224719
oregon,2017-18,Oregon,Pac 12,24.0,786.75,FBS,223.5,210.25,353.0,https://dxbhsrqyrr690.cloudfront.net/sidearm.nextgen.sites/nacda.com/documents/2018/7/18/June29overallDI.pdf,1.0,92.12328767123287,Oregon,True,False,observed_scoring_school,93.39080459770115
oregon,2018-19,Oregon,Pac 12,27.0,762.25,FBS,263.0,287.5,211.75,https://dxbhsrqyrr690.cloudfront.net/sidearm.nextgen.sites/nacda.com/documents/2019/6/27/June28DIOverall.pdf,1.0,91.18644067796608,Oregon,True,False,observed_scoring_school,92.57142857142857
oregon,2020-21,Oregon,Pac 12,25.0,763.5,FBS,89.0,288.0,386.5,https://dxbhsrqyrr690.cloudfront.net/sidearm.nextgen.sites/nacda.com/documents/2021/7/1/July2OverallDI.pdf,1.0,91.80887372013652,Oregon,True,False,observed_scoring_school,93.22033898305084
oregon,2021-22,Oregon,Pac-12,31.0,707.0,FBS,173.0,158.5,375.5,https://dxbhsrqyrr690.cloudfront.net/sidearm.nextgen.sites/nacda.com/documents/2022/6/30/FinalDIstandings.pdf,1.0,89.83050847457628,Oregon,True,False,observed_scoring_school,91.54929577464789
oregon,2022-23,Oregon,Pac-12,38.0,620.25,FBS,251.5,89.25,279.5,https://dxbhsrqyrr690.cloudfront.net/sidearm.nextgen.sites/nacda.com/documents/2023/6/27/Final22.23Standings.pdf,1.0,87.8688524590164,Oregon,True,False,observed_scoring_school,89.66480446927375
oregon,2023-24,Oregon,Pac-12,28.0,687.0,FBS,212.5,130.0,344.5,https://dxbhsrqyrr690.cloudfront.net/sidearm.nextgen.sites/nacda.com/documents/2024/6/26/23.24FinalDI.pdf,1.0,91.31832797427651,Oregon,True,False,observed_scoring_school,92.41573033707866
oregon,2024-25,Oregon,Big Ten,18.0,879.75,FBS,280.5,260.0,339.25,https://dxbhsrqyrr690.cloudfront.net/sidearm.nextgen.sites/nacda.com/documents/2025/6/23/24.25DivIStandingsFinal.pdf,1.0,94.3894389438944,Oregon,True,False,observed_scoring_school,95.2247191011236
oregon,2025-26,Oregon,Big Ten,23.0,783.0,FBS,240.0,230.0,313.0,https://dxbhsrqyrr690.cloudfront.net/sidearm.nextgen.sites/nacda.com/documents/2026/6/24/25.26DI_Final.pdf,1.0,92.69102990033224,Oregon,True,False,observed_scoring_school,93.82022471910112
oregon_state,2017-18,Oregon State,Pac 12,60.0,383.0,FBS,25.0,165.0,193.0,https://dxbhsrqyrr690.cloudfront.net/sidearm.nextgen.sites/nacda.com/documents/2018/7/18/June29overallDI.pdf,2.0,79.7945205479452,Oregon State,True,False,observed_scoring_school,83.04597701149426
oregon_state,2018-19,Oregon State,Pac 12,65.0,364.35,FBS,97.0,190.75,76.6,https://dxbhsrqyrr690.cloudfront.net/sidearm.nextgen.sites/nacda.com/documents/2019/6/27/June28DIOverall.pdf,2.0,78.30508474576271,Oregon State,True,False,observed_scoring_school,81.71428571428572
oregon_state,2020-21,Oregon State,Pac 12,55.0,394.0,FBS,92.0,196.0,106.0,https://dxbhsrqyrr690.cloudfront.net/sidearm.nextgen.sites/nacda.com/documents/2021/7/1/July2OverallDI.pdf,1.0,81.56996587030717,Oregon State,True,False,observed_scoring_school,84.7457627118644
oregon_state,2021-22,Oregon State,Pac-12,51.0,512.0,FBS,98.0,158.0,256.0,https://dxbhsrqyrr690.cloudfront.net/sidearm.nextgen.sites/nacda.com/documents/2022/6/30/FinalDIstandings.pdf,1.0,83.05084745762711,Oregon State,True,False,observed_scoring_school,85.91549295774648
oregon_state,2022-23,Oregon State,Pac-12,58.0,414.25,FBS,157.0,105.75,151.5,https://dxbhsrqyrr690.cloudfront.net/sidearm.nextgen.sites/nacda.com/documents/2023/6/27/Final22.23Standings.pdf,1.0,81.31147540983606,Oregon State,True,False,observed_scoring_school,84.07821229050279
oregon_state,2023-24,Oregon State,Pac-12,63.0,393.0,FBS,108.0,169.0,116.0,https://dxbhsrqyrr690.cloudfront.net/sidearm.nextgen.sites/nacda.com/documents/2024/6/26/23.24FinalDI.pdf,1.0,80.06430868167203,Oregon State,True,False,observed_scoring_school,82.58426966292134
oregon_state,2024-25,Oregon State,Pac-12,75.0,310.25,FBS,25.0,134.75,150.5,https://dxbhsrqyrr690.cloudfront.net/sidearm.nextgen.sites/nacda.com/documents/2025/6/23/24.25DivIStandingsFinal.pdf,2.0,75.57755775577559,Oregon State,True,False,observed_scoring_school,79.21348314606742
oregon_state,2025-26,Oregon State,Pac-12,82.0,278.0,FBS,25.0,84.5,168.5,https://dxbhsrqyrr690.cloudfront.net/sidearm.nextgen.sites/nacda.com/documents/2026/6/24/25.26DI_Final.pdf,2.0,73.08970099667775,Oregon State,True,False,observed_scoring_school,77.24719101123596
pacific,2017-18,Pacific,WCC,112.0,165.0,DI,105.0,0.0,60.0,https://dxbhsrqyrr690.cloudfront.net/sidearm.nextgen.sites/nacda.com/documents/2018/7/18/June29overallDI.pdf,3.0,61.986301369863014,Pacific,True,False,observed_scoring_school,68.10344827586206
pacific,2018-19,Pacific,WCC,143.0,110.0,DI,50.0,0.0,60.0,https://dxbhsrqyrr690.cloudfront.net/sidearm.nextgen.sites/nacda.com/documents/2019/6/27/June28DIOverall.pdf,3.0,51.69491525423729,Pacific,True,False,observed_scoring_school,59.285714285714285
pacific,2020-21,,,,0.0,,,,,,,,Pacific,False,True,kept_known_d1_program,8.757062146892656
pacific,2021-22,,,,0.0,,,,,,,,Pacific,False,True,kept_known_d1_program,8.591549295774648
pacific,2022-23,Pacific,WCC,209.0,55.0,DI,55.0,0.0,0.0,https://dxbhsrqyrr690.cloudfront.net/sidearm.nextgen.sites/nacda.com/documents/2023/6/27/Final22.23Standings.pdf,4.0,31.311475409836063,Pacific,True,False,observed_scoring_school,41.4804469273743
pacific,2023-24,,,,0.0,,,,,,,,Pacific,False,True,kept_known_d1_program,6.460674157303371
pacific,2024-25,Pacific,WCC,297.0,8.0,DI,0.0,0.0,8.0,https://dxbhsrqyrr690.cloudfront.net/sidearm.nextgen.sites/nacda.com/documents/2025/6/23/24.25DivIStandingsFinal.pdf,5.0,2.31023102310231,Pacific,True,False,observed_scoring_school,16.853932584269664
pacific,2025-26,,,,0.0,,,,,,,,Pacific,False,True,kept_known_d1_program,7.865168539325842
penn_state,2017-18,Penn State,Big Ten,12.0,978.25,FBS,386.0,446.25,146.0,https://dxbhsrqyrr690.cloudfront.net/sidearm.nextgen.sites/nacda.com/documents/2018/7/18/June29overallDI.pdf,1.0,96.23287671232876,Penn State,True,False,observed_scoring_school,96.83908045977012
penn_state,2018-19,Penn State,Big Ten,13.0,963.5,FBS,337.0,493.5,133.0,https://dxbhsrqyrr690.cloudfront.net/sidearm.nextgen.sites/nacda.com/documents/2019/6/27/June28DIOverall.pdf,1.0,95.9322033898305,Penn State,True,False,observed_scoring_school,96.57142857142857
penn_state,2020-21,Penn State,Big Ten,39.0,534.5,FBS,192.0,264.5,78.0,https://dxbhsrqyrr690.cloudfront.net/sidearm.nextgen.sites/nacda.com/documents/2021/7/1/July2OverallDI.pdf,1.0,87.03071672354949,Penn State,True,False,observed_scoring_school,89.26553672316385
penn_state,2021-22,Penn State,Big Ten,43.0,535.0,FBS,298.0,204.5,32.5,https://dxbhsrqyrr690.cloudfront.net/sidearm.nextgen.sites/nacda.com/documents/2022/6/30/FinalDIstandings.pdf,1.0,85.76271186440678,Penn State,True,False,observed_scoring_school,88.16901408450704
penn_state,2022-23,Penn State,Big Ten,15.0,986.0,FBS,309.0,468.0,209.0,https://dxbhsrqyrr690.cloudfront.net/sidearm.nextgen.sites/nacda.com/documents/2023/6/27/Final22.23Standings.pdf,1.0,95.40983606557376,Penn State,True,False,observed_scoring_school,96.08938547486034
penn_state,2023-24,Penn State,Big Ten,23.0,827.75,FBS,271.0,406.75,150.0,https://dxbhsrqyrr690.cloudfront.net/sidearm.nextgen.sites/nacda.com/documents/2024/6/26/23.24FinalDI.pdf,1.0,92.92604501607715,Penn State,True,False,observed_scoring_school,93.82022471910112
penn_state,2024-25,Penn State,Big Ten,16.0,893.0,FBS,335.0,415.0,143.0,https://dxbhsrqyrr690.cloudfront.net/sidearm.nextgen.sites/nacda.com/documents/2025/6/23/24.25DivIStandingsFinal.pdf,1.0,95.04950495049503,Penn State,True,False,observed_scoring_school,95.78651685393258
penn_state,2025-26,Penn State,Big Ten,21.0,864.5,FBS,239.5,467.5,157.5,https://dxbhsrqyrr690.cloudfront.net/sidearm.nextgen.sites/nacda.com/documents/2026/6/24/25.26DI_Final.pdf,1.0,93.35548172757476,Penn State,True,False,observed_scoring_school,94.3820224719101
pennsylvania,2017-18,Pennsylvania,Ivy League,103.0,177.5,FCS,0.0,124.5,53.0,https://dxbhsrqyrr690.cloudfront.net/sidearm.nextgen.sites/nacda.com/documents/2018/7/18/June29overallDI.pdf,2.0,65.06849315068493,Pennsylvania,True,False,observed_scoring_school,70.6896551724138
pennsylvania,2018-19,Pennsylvania,Ivy League,64.0,375.0,FCS,55.0,179.0,141.0,https://dxbhsrqyrr690.cloudfront.net/sidearm.nextgen.sites/nacda.com/documents/2019/6/27/June28DIOverall.pdf,2.0,78.64406779661017,Pennsylvania,True,False,observed_scoring_school,82.0
pennsylvania,2020-21,,,,0.0,,,,,,,,Pennsylvania,False,True,kept_known_d1_program,8.757062146892656
pennsylvania,2021-22,Pennsylvania,Ivy League,60.0,406.5,FCS,0.0,213.0,193.5,https://dxbhsrqyrr690.cloudfront.net/sidearm.nextgen.sites/nacda.com/documents/2022/6/30/FinalDIstandings.pdf,2.0,80.0,Pennsylvania,True,False,observed_scoring_school,83.38028169014085
pennsylvania,2022-23,Pennsylvania,Ivy League,60.0,409.6,FCS,76.0,150.0,183.6,https://dxbhsrqyrr690.cloudfront.net/sidearm.nextgen.sites/nacda.com/documents/2023/6/27/Final22.23Standings.pdf,1.0,80.65573770491802,Pennsylvania,True,False,observed_scoring_school,83.5195530726257
pennsylvania,2023-24,Pennsylvania,Ivy League,52.0,459.0,FCS,28.0,235.5,195.5,https://dxbhsrqyrr690.cloudfront.net/sidearm.nextgen.sites/nacda.com/documents/2024/6/26/23.24FinalDI.pdf,1.0,83.60128617363344,Pennsylvania,True,False,observed_scoring_school,85.67415730337079
pennsylvania,2024-25,Pennsylvania,Ivy League,68.0,341.0,FCS,50.0,176.0,115.0,https://dxbhsrqyrr690.cloudfront.net/sidearm.nextgen.sites/nacda.com/documents/2025/6/23/24.25DivIStandingsFinal.pdf,2.0,77.88778877887789,Pennsylvania,True,False,observed_scoring_school,81.17977528089888
pennsylvania,2025-26,Pennsylvania,Ivy League,67.0,371.5,FCS,0.0,320.0,51.5,https://dxbhsrqyrr690.cloudfront.net/sidearm.nextgen.sites/nacda.com/documents/2026/6/24/25.26DI_Final.pdf,2.0,78.07308970099668,Pennsylvania,True,False,observed_scoring_school,81.46067415730337
pepperdine,2017-18,Pepperdine,WCC,89.0,213.5,DI,50.0,0.0,163.5,https://dxbhsrqyrr690.cloudfront.net/sidearm.nextgen.sites/nacda.com/documents/2018/7/18/June29overallDI.pdf,2.0,69.86301369863014,Pepperdine,True,False,observed_scoring_school,74.71264367816092
pepperdine,2018-19,Pepperdine,WCC,78.0,284.0,DI,50.0,0.0,234.0,https://dxbhsrqyrr690.cloudfront.net/sidearm.nextgen.sites/nacda.com/documents/2019/6/27/June28DIOverall.pdf,2.0,73.89830508474576,Pepperdine,True,False,observed_scoring_school,78.0
pepperdine,2020-21,Pepperdine,WCC,58.0,374.5,DI,50.0,0.0,324.5,https://dxbhsrqyrr690.cloudfront.net/sidearm.nextgen.sites/nacda.com/documents/2021/7/1/July2OverallDI.pdf,2.0,80.54607508532423,Pepperdine,True,False,observed_scoring_school,83.89830508474576
pepperdine,2021-22,Pepperdine,WCC,62.0,375.0,DI,89.0,0.0,286.0,https://dxbhsrqyrr690.cloudfront.net/sidearm.nextgen.sites/nacda.com/documents/2022/6/30/FinalDIstandings.pdf,2.0,79.15254237288136,Pepperdine,True,False,observed_scoring_school,82.67605633802818
pepperdine,2022-23,Pepperdine,WCC,71.0,284.5,DI,25.0,0.0,259.5,https://dxbhsrqyrr690.cloudfront.net/sidearm.nextgen.sites/nacda.com/documents/2023/6/27/Final22.23Standings.pdf,2.0,77.04918032786885,Pepperdine,True,False,observed_scoring_school,80.44692737430168
pepperdine,2023-24,Pepperdine,WCC,89.0,213.0,DI,50.0,0.0,163.0,https://dxbhsrqyrr690.cloudfront.net/sidearm.nextgen.sites/nacda.com/documents/2024/6/26/23.24FinalDI.pdf,2.0,71.54340836012861,Pepperdine,True,False,observed_scoring_school,75.14044943820225
pepperdine,2024-25,Pepperdine,WCC,77.0,295.0,DI,25.0,0.0,270.0,https://dxbhsrqyrr690.cloudfront.net/sidearm.nextgen.sites/nacda.com/documents/2025/6/23/24.25DivIStandingsFinal.pdf,2.0,74.91749174917491,Pepperdine,True,False,observed_scoring_school,78.65168539325843
pepperdine,2025-26,Pepperdine,WCC,68.0,353.25,DI,25.0,0.0,328.25,https://dxbhsrqyrr690.cloudfront.net/sidearm.nextgen.sites/nacda.com/documents/2026/6/24/25.26DI_Final.pdf,2.0,77.74086378737542,Pepperdine,True,False,observed_scoring_school,81.17977528089888
pittsburgh,2017-18,Pittsburgh,ACC,111.0,167.0,FBS,78.0,89.0,0.0,https://dxbhsrqyrr690.cloudfront.net/sidearm.nextgen.sites/nacda.com/documents/2018/7/18/June29overallDI.pdf,3.0,62.32876712328768,Pittsburgh,True,False,observed_scoring_school,68.39080459770115
pittsburgh,2018-19,Pittsburgh,ACC,137.0,114.5,FBS,75.0,39.5,0.0,https://dxbhsrqyrr690.cloudfront.net/sidearm.nextgen.sites/nacda.com/documents/2019/6/27/June28DIOverall.pdf,3.0,53.898305084745765,Pittsburgh,True,False,observed_scoring_school,61.142857142857146
pittsburgh,2020-21,Pittsburgh,ACC,73.0,279.0,FBS,156.0,123.0,0.0,https://dxbhsrqyrr690.cloudfront.net/sidearm.nextgen.sites/nacda.com/documents/2021/7/1/July2OverallDI.pdf,2.0,75.42662116040955,Pittsburgh,True,False,observed_scoring_school,79.66101694915254
pittsburgh,2021-22,Pittsburgh,ACC,73.0,298.0,FBS,248.0,50.0,0.0,https://dxbhsrqyrr690.cloudfront.net/sidearm.nextgen.sites/nacda.com/documents/2022/6/30/FinalDIstandings.pdf,2.0,75.59322033898304,Pittsburgh,True,False,observed_scoring_school,79.71830985915493
pittsburgh,2022-23,Pittsburgh,ACC,52.0,469.0,FBS,309.0,160.0,0.0,https://dxbhsrqyrr690.cloudfront.net/sidearm.nextgen.sites/nacda.com/documents/2023/6/27/Final22.23Standings.pdf,1.0,83.27868852459017,Pittsburgh,True,False,observed_scoring_school,85.75418994413407
pittsburgh,2023-24,Pittsburgh,ACC,80.0,277.0,FBS,181.0,96.0,0.0,https://dxbhsrqyrr690.cloudfront.net/sidearm.nextgen.sites/nacda.com/documents/2024/6/26/23.24FinalDI.pdf,2.0,74.59807073954984,Pittsburgh,True,False,observed_scoring_school,77.80898876404494
pittsburgh,2024-25,Pittsburgh,ACC,74.0,312.0,FBS,181.0,131.0,0.0,https://dxbhsrqyrr690.cloudfront.net/sidearm.nextgen.sites/nacda.com/documents/2025/6/23/24.25DivIStandingsFinal.pdf,2.0,75.9075907590759,Pittsburgh,True,False,observed_scoring_school,79.49438202247191
pittsburgh,2025-26,Pittsburgh,ACC,84.0,267.75,FBS,108.0,159.75,0.0,https://dxbhsrqyrr690.cloudfront.net/sidearm.nextgen.sites/nacda.com/documents/2026/6/24/25.26DI_Final.pdf,2.0,72.42524916943522,Pittsburgh,True,False,observed_scoring_school,76.68539325842697
portland,2017-18,Portland,WCC,141.0,118.5,DI,90.0,0.0,28.5,https://dxbhsrqyrr690.cloudfront.net/sidearm.nextgen.sites/nacda.com/documents/2018/7/18/June29overallDI.pdf,3.0,52.054794520547944,Portland,True,False,observed_scoring_school,59.77011494252874
portland,2018-19,Portland,WCC,86.0,229.5,DI,199.5,30.0,0.0,https://dxbhsrqyrr690.cloudfront.net/sidearm.nextgen.sites/nacda.com/documents/2019/6/27/June28DIOverall.pdf,2.0,71.1864406779661,Portland,True,False,observed_scoring_school,75.71428571428571
portland,2020-21,Portland,WCC,167.0,87.0,DI,62.0,0.0,25.0,https://dxbhsrqyrr690.cloudfront.net/sidearm.nextgen.sites/nacda.com/documents/2021/7/1/July2OverallDI.pdf,3.0,43.344709897610926,Portland,True,False,observed_scoring_school,53.10734463276836
portland,2021-22,Portland,WCC,128.0,135.5,DI,135.5,0.0,0.0,https://dxbhsrqyrr690.cloudfront.net/sidearm.nextgen.sites/nacda.com/documents/2022/6/30/FinalDIstandings.pdf,3.0,56.61016949152542,Portland,True,False,observed_scoring_school,63.94366197183099
portland,2022-23,Portland,WCC,121.0,148.0,DI,123.0,25.0,0.0,https://dxbhsrqyrr690.cloudfront.net/sidearm.nextgen.sites/nacda.com/documents/2023/6/27/Final22.23Standings.pdf,2.0,60.65573770491803,Portland,True,False,observed_scoring_school,66.4804469273743
portland,2023-24,Portland,WCC,125.0,142.0,DI,101.0,25.0,16.0,https://dxbhsrqyrr690.cloudfront.net/sidearm.nextgen.sites/nacda.com/documents/2024/6/26/23.24FinalDI.pdf,2.0,60.12861736334405,Portland,True,False,observed_scoring_school,65.1685393258427
portland,2024-25,Portland,WCC,177.0,84.0,DI,56.0,0.0,28.0,https://dxbhsrqyrr690.cloudfront.net/sidearm.nextgen.sites/nacda.com/documents/2025/6/23/24.25DivIStandingsFinal.pdf,3.0,41.914191419141915,Portland,True,False,observed_scoring_school,50.56179775280899
portland,2025-26,Portland,WCC,160.0,100.0,DI,100.0,0.0,0.0,https://dxbhsrqyrr690.cloudfront.net/sidearm.nextgen.sites/nacda.com/documents/2026/6/24/25.26DI_Final.pdf,3.0,46.84385382059801,Portland,True,False,observed_scoring_school,55.0561797752809
portland_state,2017-18,,,,0.0,,,,,,,,Portland State,False,True,kept_known_d1_program,8.189655172413794
portland_state,2018-19,Portland State,Big Sky,266.0,25.0,FCS,0.0,25.0,0.0,https://dxbhsrqyrr690.cloudfront.net/sidearm.nextgen.sites/nacda.com/documents/2019/6/27/June28DIOverall.pdf,6.0,6.779661016949152,Portland State,True,False,observed_scoring_school,21.428571428571427
portland_state,2020-21,,,,0.0,,,,,,,,Portland State,False,True,kept_known_d1_program,8.757062146892656
portland_state,2021-22,,,,0.0,,,,,,,,Portland State,False,True,kept_known_d1_program,8.591549295774648
portland_state,2022-23,,,,0.0,,,,,,,,Portland State,False,True,kept_known_d1_program,7.5418994413407825
portland_state,2023-24,,,,0.0,,,,,,,,Portland State,False,True,kept_known_d1_program,6.460674157303371
portland_state,2024-25,,,,0.0,,,,,,,,Portland State,False,True,kept_known_d1_program,7.584269662921349
portland_state,2025-26,,,,0.0,,,,,,,,Portland State,False,True,kept_known_d1_program,7.865168539325842
prairie_view_a_m,2017-18,Prairie View A&M,SWAC,249.0,30.0,FCS,0.0,0.0,30.0,https://dxbhsrqyrr690.cloudfront.net/sidearm.nextgen.sites/nacda.com/documents/2018/7/18/June29overallDI.pdf,5.0,14.383561643835616,Prairie View A&M,True,False,observed_scoring_school,28.160919540229884
prairie_view_a_m,2018-19,Prairie View A&M,SWAC,254.0,35.0,FCS,0.0,30.0,5.0,https://dxbhsrqyrr690.cloudfront.net/sidearm.nextgen.sites/nacda.com/documents/2019/6/27/June28DIOverall.pdf,5.0,14.23728813559322,Prairie View A&M,True,False,observed_scoring_school,27.714285714285715
prairie_view_a_m,2020-21,Prairie View A&M,SWAC,252.0,30.0,FCS,0.0,25.0,5.0,https://dxbhsrqyrr690.cloudfront.net/sidearm.nextgen.sites/nacda.com/documents/2021/7/1/July2OverallDI.pdf,5.0,13.993174061433448,Prairie View A&M,True,False,observed_scoring_school,28.8135593220339
prairie_view_a_m,2021-22,Prairie View A&M,SWAC,221.0,55.0,FCS,25.0,0.0,30.0,https://dxbhsrqyrr690.cloudfront.net/sidearm.nextgen.sites/nacda.com/documents/2022/6/30/FinalDIstandings.pdf,5.0,25.254237288135595,Prairie View A&M,True,False,observed_scoring_school,37.88732394366197
prairie_view_a_m,2022-23,Prairie View A&M,SWAC,223.0,50.0,FCS,0.0,25.0,25.0,https://dxbhsrqyrr690.cloudfront.net/sidearm.nextgen.sites/nacda.com/documents/2023/6/27/Final22.23Standings.pdf,4.0,24.75409836065574,Prairie View A&M,True,False,observed_scoring_school,35.89385474860335
prairie_view_a_m,2023-24,,,,0.0,,,,,,,,Prairie View A&M,False,True,kept_known_d1_program,6.460674157303371
prairie_view_a_m,2024-25,Prairie View A&M,SWAC,264.0,25.0,FCS,0.0,25.0,0.0,https://dxbhsrqyrr690.cloudfront.net/sidearm.nextgen.sites/nacda.com/documents/2025/6/23/24.25DivIStandingsFinal.pdf,5.0,9.075907590759076,Prairie View A&M,True,False,observed_scoring_school,22.6123595505618
prairie_view_a_m,2025-26,Prairie View A&M,SWAC,214.0,60.5,FCS,25.0,25.0,10.5,https://dxbhsrqyrr690.cloudfront.net/sidearm.nextgen.sites/nacda.com/documents/2026/6/24/25.26DI_Final.pdf,4.0,29.069767441860467,Prairie View A&M,True,False,observed_scoring_school,40.02808988764045
presbyterian_college,2017-18,Presbyterian College,Big South,258.0,25.0,FCS,25.0,0.0,0.0,https://dxbhsrqyrr690.cloudfront.net/sidearm.nextgen.sites/nacda.com/documents/2018/7/18/June29overallDI.pdf,6.0,7.363013698630137,Presbyterian College,True,False,observed_scoring_school,22.270114942528735
presbyterian_college,2018-19,,,,0.0,,,,,,,,Presbyterian College,False,True,kept_known_d1_program,8.0
presbyterian_college,2020-21,Presbyterian College,Big South,215.0,50.0,FCS,0.0,0.0,50.0,https://dxbhsrqyrr690.cloudfront.net/sidearm.nextgen.sites/nacda.com/documents/2021/7/1/July2OverallDI.pdf,4.0,24.2320819112628,Presbyterian College,True,False,observed_scoring_school,37.28813559322034
presbyterian_college,2021-22,,,,0.0,,,,,,,,Presbyterian College,False,True,kept_known_d1_program,8.591549295774648
presbyterian_college,2022-23,Presbyterian College,Big South,261.0,25.0,FCS,0.0,0.0,25.0,https://dxbhsrqyrr690.cloudfront.net/sidearm.nextgen.sites/nacda.com/documents/2023/6/27/Final22.23Standings.pdf,4.0,10.0,Presbyterian College,True,False,observed_scoring_school,23.324022346368714
presbyterian_college,2023-24,Presbyterian College,Big South,262.0,25.0,FCS,0.0,25.0,0.0,https://dxbhsrqyrr690.cloudfront.net/sidearm.nextgen.sites/nacda.com/documents/2024/6/26/23.24FinalDI.pdf,5.0,10.128617363344052,Presbyterian College,True,False,observed_scoring_school,21.48876404494382
presbyterian_college,2024-25,,,,0.0,,,,,,,,Presbyterian College,False,True,kept_known_d1_program,7.584269662921349
presbyterian_college,2025-26,Presbyterian College,Big South,183.0,80.0,FCS,0.0,75.0,5.0,https://dxbhsrqyrr690.cloudfront.net/sidearm.nextgen.sites/nacda.com/documents/2026/6/24/25.26DI_Final.pdf,3.0,39.3687707641196,Presbyterian College,True,False,observed_scoring_school,48.735955056179776
princeton,2017-18,Princeton,Ivy League,40.0,579.5,FCS,242.0,167.0,170.5,https://dxbhsrqyrr690.cloudfront.net/sidearm.nextgen.sites/nacda.com/documents/2018/7/18/June29overallDI.pdf,1.0,86.64383561643835,Princeton,True,False,observed_scoring_school,88.79310344827587
princeton,2018-19,Princeton,Ivy League,30.0,722.5,FCS,263.0,240.5,219.0,https://dxbhsrqyrr690.cloudfront.net/sidearm.nextgen.sites/nacda.com/documents/2019/6/27/June28DIOverall.pdf,1.0,90.16949152542372,Princeton,True,False,observed_scoring_school,91.71428571428571
princeton,2020-21,Princeton,Ivy League,211.0,54.0,FCS,0.0,0.0,54.0,https://dxbhsrqyrr690.cloudfront.net/sidearm.nextgen.sites/nacda.com/documents/2021/7/1/July2OverallDI.pdf,4.0,28.327645051194537,Princeton,True,False,observed_scoring_school,40.67796610169492
princeton,2021-22,Princeton,Ivy League,18.0,868.25,FCS,178.0,306.75,383.5,https://dxbhsrqyrr690.cloudfront.net/sidearm.nextgen.sites/nacda.com/documents/2022/6/30/FinalDIstandings.pdf,1.0,94.23728813559322,Princeton,True,False,observed_scoring_school,95.2112676056338
princeton,2022-23,Princeton,Ivy League,26.0,799.0,FCS,148.0,361.0,290.0,https://dxbhsrqyrr690.cloudfront.net/sidearm.nextgen.sites/nacda.com/documents/2023/6/27/Final22.23Standings.pdf,1.0,91.8032786885246,Princeton,True,False,observed_scoring_school,93.01675977653632
princeton,2023-24,Princeton,Ivy League,34.0,654.5,FCS,171.0,133.0,350.5,https://dxbhsrqyrr690.cloudfront.net/sidearm.nextgen.sites/nacda.com/documents/2024/6/26/23.24FinalDI.pdf,1.0,89.38906752411575,Princeton,True,False,observed_scoring_school,90.73033707865169
princeton,2024-25,Princeton,Ivy League,33.0,698.5,FCS,219.0,191.0,288.5,https://dxbhsrqyrr690.cloudfront.net/sidearm.nextgen.sites/nacda.com/documents/2025/6/23/24.25DivIStandingsFinal.pdf,1.0,89.43894389438944,Princeton,True,False,observed_scoring_school,91.01123595505618
princeton,2025-26,Princeton,Ivy League,20.0,878.5,FCS,212.0,372.5,294.0,https://dxbhsrqyrr690.cloudfront.net/sidearm.nextgen.sites/nacda.com/documents/2026/6/24/25.26DI_Final.pdf,1.0,93.687707641196,Princeton,True,False,observed_scoring_school,94.66292134831461
providence,2017-18,Providence,Big East,107.0,170.0,DI,58.5,111.5,0.0,https://dxbhsrqyrr690.cloudfront.net/sidearm.nextgen.sites/nacda.com/documents/2018/7/18/June29overallDI.pdf,3.0,63.35616438356164,Providence,True,False,observed_scoring_school,69.25287356321839
providence,2018-19,Providence,Big East,131.0,119.5,DI,0.0,119.5,0.0,https://dxbhsrqyrr690.cloudfront.net/sidearm.nextgen.sites/nacda.com/documents/2019/6/27/June28DIOverall.pdf,3.0,55.932203389830505,Providence,True,False,observed_scoring_school,62.857142857142854
providence,2020-21,Providence,Big East,206.0,62.0,DI,0.0,62.0,0.0,https://dxbhsrqyrr690.cloudfront.net/sidearm.nextgen.sites/nacda.com/documents/2021/7/1/July2OverallDI.pdf,4.0,30.034129692832767,Providence,True,False,observed_scoring_school,42.090395480225986
providence,2021-22,Providence,Big East,81.0,245.0,DI,166.0,64.0,15.0,https://dxbhsrqyrr690.cloudfront.net/sidearm.nextgen.sites/nacda.com/documents/2022/6/30/FinalDIstandings.pdf,2.0,72.88135593220339,Providence,True,False,observed_scoring_school,77.46478873239437
providence,2022-23,Providence,Big East,133.0,131.0,DI,85.5,25.0,20.5,https://dxbhsrqyrr690.cloudfront.net/sidearm.nextgen.sites/nacda.com/documents/2023/6/27/Final22.23Standings.pdf,2.0,56.72131147540984,Providence,True,False,observed_scoring_school,63.128491620111724
providence,2023-24,Providence,Big East,95.0,198.5,DI,99.0,50.5,49.0,https://dxbhsrqyrr690.cloudfront.net/sidearm.nextgen.sites/nacda.com/documents/2024/6/26/23.24FinalDI.pdf,2.0,69.77491961414792,Providence,True,False,observed_scoring_school,73.59550561797754
providence,2024-25,Providence,Big East,87.0,227.5,DI,135.0,72.0,20.5,https://dxbhsrqyrr690.cloudfront.net/sidearm.nextgen.sites/nacda.com/documents/2025/6/23/24.25DivIStandingsFinal.pdf,2.0,71.61716171617162,Providence,True,False,observed_scoring_school,75.84269662921348
providence,2025-26,Providence,Big East,169.0,94.0,DI,69.0,25.0,0.0,https://dxbhsrqyrr690.cloudfront.net/sidearm.nextgen.sites/nacda.com/documents/2026/6/24/25.26DI_Final.pdf,3.0,44.18604651162791,Providence,True,False,observed_scoring_school,52.80898876404494
purdue,2017-18,Purdue,Big Ten,39.0,585.5,FBS,128.5,279.5,177.5,https://dxbhsrqyrr690.cloudfront.net/sidearm.nextgen.sites/nacda.com/documents/2018/7/18/June29overallDI.pdf,1.0,86.98630136986301,Purdue,True,False,observed_scoring_school,89.08045977011494
purdue,2018-19,Purdue,Big Ten,55.0,463.25,FBS,120.0,216.0,127.25,https://dxbhsrqyrr690.cloudfront.net/sidearm.nextgen.sites/nacda.com/documents/2019/6/27/June28DIOverall.pdf,2.0,81.69491525423729,Purdue,True,False,observed_scoring_school,84.57142857142857
purdue,2020-21,Purdue,Big Ten,68.0,295.0,FBS,89.0,201.0,5.0,https://dxbhsrqyrr690.cloudfront.net/sidearm.nextgen.sites/nacda.com/documents/2021/7/1/July2OverallDI.pdf,2.0,77.13310580204778,Purdue,True,False,observed_scoring_school,81.07344632768361
purdue,2021-22,Purdue,Big Ten,53.0,476.75,FBS,168.0,210.75,98.0,https://dxbhsrqyrr690.cloudfront.net/sidearm.nextgen.sites/nacda.com/documents/2022/6/30/FinalDIstandings.pdf,1.0,82.37288135593221,Purdue,True,False,observed_scoring_school,85.35211267605634
purdue,2022-23,Purdue,Big Ten,72.0,284.0,FBS,75.0,163.5,45.5,https://dxbhsrqyrr690.cloudfront.net/sidearm.nextgen.sites/nacda.com/documents/2023/6/27/Final22.23Standings.pdf,2.0,76.72131147540983,Purdue,True,False,observed_scoring_school,80.16759776536313
purdue,2023-24,Purdue,Big Ten,65.0,389.0,FBS,64.0,220.0,105.0,https://dxbhsrqyrr690.cloudfront.net/sidearm.nextgen.sites/nacda.com/documents/2024/6/26/23.24FinalDI.pdf,1.0,79.42122186495176,Purdue,True,False,observed_scoring_school,82.02247191011236
purdue,2024-25,Purdue,Big Ten,53.0,489.0,FBS,91.0,303.0,95.0,https://dxbhsrqyrr690.cloudfront.net/sidearm.nextgen.sites/nacda.com/documents/2025/6/23/24.25DivIStandingsFinal.pdf,1.0,82.83828382838284,Purdue,True,False,observed_scoring_school,85.39325842696628
purdue,2025-26,Purdue,Big Ten,62.0,435.5,FBS,73.0,245.0,117.5,https://dxbhsrqyrr690.cloudfront.net/sidearm.nextgen.sites/nacda.com/documents/2026/6/24/25.26DI_Final.pdf,1.0,79.734219269103,Purdue,True,False,observed_scoring_school,82.86516853932584
queens_n_c,2022-23,,,,0.0,,,,,,,,Queens (N.C.),False,True,kept_known_d1_program,7.5418994413407825
queens_n_c,2023-24,,,,0.0,,,,,,,,Queens (N.C.),False,True,kept_known_d1_program,6.460674157303371
queens_n_c,2024-25,,,,0.0,,,,,,,,Queens (N.C.),False,True,kept_known_d1_program,7.584269662921349
queens_n_c,2025-26,Queens (N.C.),ASUN,265.0,25.0,DI,0.0,25.0,0.0,https://dxbhsrqyrr690.cloudfront.net/sidearm.nextgen.sites/nacda.com/documents/2026/6/24/25.26DI_Final.pdf,5.0,7.308970099667775,Queens (N.C.),True,False,observed_scoring_school,21.629213483146067
quinnipiac,2017-18,Quinnipiac,MAAC,189.0,75.0,DI,0.0,50.0,25.0,https://dxbhsrqyrr690.cloudfront.net/sidearm.nextgen.sites/nacda.com/documents/2018/7/18/June29overallDI.pdf,4.0,34.417808219178085,Quinnipiac,True,False,observed_scoring_school,44.9712643678161
quinnipiac,2018-19,Quinnipiac,MAAC,127.0,122.5,DI,0.0,85.0,37.5,https://dxbhsrqyrr690.cloudfront.net/sidearm.nextgen.sites/nacda.com/documents/2019/6/27/June28DIOverall.pdf,3.0,57.28813559322033,Quinnipiac,True,False,observed_scoring_school,64.0
quinnipiac,2020-21,Quinnipiac,MAAC,252.0,30.0,DI,0.0,25.0,5.0,https://dxbhsrqyrr690.cloudfront.net/sidearm.nextgen.sites/nacda.com/documents/2021/7/1/July2OverallDI.pdf,5.0,13.993174061433448,Quinnipiac,True,False,observed_scoring_school,28.8135593220339
quinnipiac,2021-22,Quinnipiac,MAAC,114.0,150.0,DI,0.0,120.0,30.0,https://dxbhsrqyrr690.cloudfront.net/sidearm.nextgen.sites/nacda.com/documents/2022/6/30/FinalDIstandings.pdf,3.0,61.52542372881356,Quinnipiac,True,False,observed_scoring_school,68.02816901408451
quinnipiac,2022-23,Quinnipiac,MAAC,77.0,265.0,DI,75.0,160.0,30.0,https://dxbhsrqyrr690.cloudfront.net/sidearm.nextgen.sites/nacda.com/documents/2023/6/27/Final22.23Standings.pdf,2.0,75.08196721311475,Quinnipiac,True,False,observed_scoring_school,78.77094972067039
quinnipiac,2023-24,Quinnipiac,MAAC,149.0,110.0,DI,25.0,60.0,25.0,https://dxbhsrqyrr690.cloudfront.net/sidearm.nextgen.sites/nacda.com/documents/2024/6/26/23.24FinalDI.pdf,3.0,52.41157556270096,Quinnipiac,True,False,observed_scoring_school,58.42696629213483
quinnipiac,2024-25,Quinnipiac,MAAC,180.0,80.0,DI,0.0,25.0,55.0,https://dxbhsrqyrr690.cloudfront.net/sidearm.nextgen.sites/nacda.com/documents/2025/6/23/24.25DivIStandingsFinal.pdf,3.0,40.26402640264026,Quinnipiac,True,False,observed_scoring_school,49.157303370786515
quinnipiac,2025-26,Quinnipiac,MAAC,110.0,155.5,DI,0.0,120.0,35.5,https://dxbhsrqyrr690.cloudfront.net/sidearm.nextgen.sites/nacda.com/documents/2026/6/24/25.26DI_Final.pdf,2.0,63.78737541528239,Quinnipiac,True,False,observed_scoring_school,69.3820224719101
radford,2017-18,Radford,Big South,217.0,50.0,DI,25.0,25.0,0.0,https://dxbhsrqyrr690.cloudfront.net/sidearm.nextgen.sites/nacda.com/documents/2018/7/18/June29overallDI.pdf,5.0,22.945205479452056,Radford,True,False,observed_scoring_school,35.3448275862069
radford,2018-19,Radford,Big South,190.0,75.0,DI,25.0,25.0,25.0,https://dxbhsrqyrr690.cloudfront.net/sidearm.nextgen.sites/nacda.com/documents/2019/6/27/June28DIOverall.pdf,4.0,34.40677966101695,Radford,True,False,observed_scoring_school,44.714285714285715
radford,2020-21,,,,0.0,,,,,,,,Radford,False,True,kept_known_d1_program,8.757062146892656
radford,2021-22,Radford,Big South,266.0,25.0,DI,0.0,0.0,25.0,https://dxbhsrqyrr690.cloudfront.net/sidearm.nextgen.sites/nacda.com/documents/2022/6/30/FinalDIstandings.pdf,6.0,5.932203389830509,Radford,True,False,observed_scoring_school,21.830985915492956
radford,2022-23,Radford,Big South,261.0,25.0,DI,25.0,0.0,0.0,https://dxbhsrqyrr690.cloudfront.net/sidearm.nextgen.sites/nacda.com/documents/2023/6/27/Final22.23Standings.pdf,4.0,10.0,Radford,True,False,observed_scoring_school,23.324022346368714
radford,2023-24,Radford,Big South,262.0,25.0,DI,25.0,0.0,0.0,https://dxbhsrqyrr690.cloudfront.net/sidearm.nextgen.sites/nacda.com/documents/2024/6/26/23.24FinalDI.pdf,5.0,10.128617363344052,Radford,True,False,observed_scoring_school,21.48876404494382
radford,2024-25,Radford,Big South,298.0,5.0,DI,0.0,0.0,5.0,https://dxbhsrqyrr690.cloudfront.net/sidearm.nextgen.sites/nacda.com/documents/2025/6/23/24.25DivIStandingsFinal.pdf,5.0,1.155115511551155,Radford,True,False,observed_scoring_school,15.870786516853933
radford,2025-26,,,,0.0,,,,,,,,Radford,False,True,kept_known_d1_program,7.865168539325842
rhode_island,2017-18,Rhode Island,Atlantic 10,184.0,82.0,FCS,0.0,50.0,32.0,https://dxbhsrqyrr690.cloudfront.net/sidearm.nextgen.sites/nacda.com/documents/2018/7/18/June29overallDI.pdf,4.0,37.15753424657534,Rhode Island,True,False,observed_scoring_school,47.270114942528735
rhode_island,2018-19,Rhode Island,Atlantic 10,176.0,87.0,FCS,25.0,0.0,62.0,https://dxbhsrqyrr690.cloudfront.net/sidearm.nextgen.sites/nacda.com/documents/2019/6/27/June28DIOverall.pdf,4.0,40.67796610169492,Rhode Island,True,False,observed_scoring_school,50.0
rhode_island,2020-21,Rhode Island,Atlantic 10,249.0,32.0,FCS,0.0,0.0,32.0,https://dxbhsrqyrr690.cloudfront.net/sidearm.nextgen.sites/nacda.com/documents/2021/7/1/July2OverallDI.pdf,5.0,15.187713310580206,Rhode Island,True,False,observed_scoring_school,29.80225988700565
rhode_island,2021-22,Rhode Island,Atlantic 10,256.0,32.0,FCS,0.0,0.0,32.0,https://dxbhsrqyrr690.cloudfront.net/sidearm.nextgen.sites/nacda.com/documents/2022/6/30/FinalDIstandings.pdf,5.0,13.389830508474576,Rhode Island,True,False,observed_scoring_school,28.028169014084508
rhode_island,2022-23,,,,0.0,,,,,,,,Rhode Island,False,True,kept_known_d1_program,7.5418994413407825
rhode_island,2023-24,Rhode Island,Atlantic 10,247.0,34.0,FCS,0.0,0.0,34.0,https://dxbhsrqyrr690.cloudfront.net/sidearm.nextgen.sites/nacda.com/documents/2024/6/26/23.24FinalDI.pdf,4.0,20.418006430868168,Rhode Island,True,False,observed_scoring_school,30.47752808988764
rhode_island,2024-25,Rhode Island,Atlantic 10,156.0,102.0,FCS,45.0,0.0,57.0,https://dxbhsrqyrr690.cloudfront.net/sidearm.nextgen.sites/nacda.com/documents/2025/6/23/24.25DivIStandingsFinal.pdf,3.0,48.84488448844885,Rhode Island,True,False,observed_scoring_school,56.46067415730337
rhode_island,2025-26,Rhode Island,Atlantic 10,150.0,112.0,FCS,53.0,25.0,34.0,https://dxbhsrqyrr690.cloudfront.net/sidearm.nextgen.sites/nacda.com/documents/2026/6/24/25.26DI_Final.pdf,3.0,50.16611295681063,Rhode Island,True,False,observed_scoring_school,57.865168539325836
rice,2017-18,Rice,Conference USA,197.0,73.0,FBS,25.0,0.0,48.0,https://dxbhsrqyrr690.cloudfront.net/sidearm.nextgen.sites/nacda.com/documents/2018/7/18/June29overallDI.pdf,4.0,32.87671232876712,Rice,True,False,observed_scoring_school,43.67816091954023
rice,2018-19,Rice,Conference USA,122.0,130.0,FBS,80.0,25.0,25.0,https://dxbhsrqyrr690.cloudfront.net/sidearm.nextgen.sites/nacda.com/documents/2019/6/27/June28DIOverall.pdf,3.0,58.98305084745763,Rice,True,False,observed_scoring_school,65.42857142857143
rice,2020-21,Rice,Conference USA,88.0,198.0,FBS,89.0,32.0,77.0,https://dxbhsrqyrr690.cloudfront.net/sidearm.nextgen.sites/nacda.com/documents/2021/7/1/July2OverallDI.pdf,2.0,70.30716723549489,Rice,True,False,observed_scoring_school,75.42372881355932
rice,2021-22,Rice,Conference USA,102.0,179.5,FBS,122.0,16.0,41.5,https://dxbhsrqyrr690.cloudfront.net/sidearm.nextgen.sites/nacda.com/documents/2022/6/30/FinalDIstandings.pdf,2.0,65.76271186440678,Rice,True,False,observed_scoring_school,71.54929577464789
rice,2022-23,Rice,Conference USA,139.0,126.8,FBS,75.0,27.8,24.0,https://dxbhsrqyrr690.cloudfront.net/sidearm.nextgen.sites/nacda.com/documents/2023/6/27/Final22.23Standings.pdf,3.0,54.59016393442623,Rice,True,False,observed_scoring_school,61.312849162011176
rice,2023-24,Rice,American,101.0,184.5,FBS,25.0,81.5,78.0,https://dxbhsrqyrr690.cloudfront.net/sidearm.nextgen.sites/nacda.com/documents/2024/6/26/23.24FinalDI.pdf,2.0,67.84565916398714,Rice,True,False,observed_scoring_school,71.91011235955057
rice,2024-25,Rice,American,207.0,64.5,FBS,0.0,0.0,64.5,https://dxbhsrqyrr690.cloudfront.net/sidearm.nextgen.sites/nacda.com/documents/2025/6/23/24.25DivIStandingsFinal.pdf,4.0,32.01320132013201,Rice,True,False,observed_scoring_school,42.13483146067416
rice,2025-26,Rice,American,108.0,162.5,FBS,50.0,0.0,112.5,https://dxbhsrqyrr690.cloudfront.net/sidearm.nextgen.sites/nacda.com/documents/2026/6/24/25.26DI_Final.pdf,2.0,64.45182724252491,Rice,True,False,observed_scoring_school,69.9438202247191
richmond,2017-18,Richmond,Atlantic 10,212.0,55.0,FCS,0.0,0.0,55.0,https://dxbhsrqyrr690.cloudfront.net/sidearm.nextgen.sites/nacda.com/documents/2018/7/18/June29overallDI.pdf,5.0,27.56849315068493,Richmond,True,False,observed_scoring_school,39.224137931034484
richmond,2018-19,Richmond,Atlantic 10,223.0,50.0,FCS,0.0,0.0,50.0,https://dxbhsrqyrr690.cloudfront.net/sidearm.nextgen.sites/nacda.com/documents/2019/6/27/June28DIOverall.pdf,5.0,21.864406779661017,Richmond,True,False,observed_scoring_school,34.14285714285714
richmond,2020-21,Richmond,Atlantic 10,291.0,7.75,FCS,0.0,0.0,7.75,https://dxbhsrqyrr690.cloudfront.net/sidearm.nextgen.sites/nacda.com/documents/2021/7/1/July2OverallDI.pdf,6.0,0.8532423208191127,Richmond,True,False,observed_scoring_school,17.937853107344633
richmond,2021-22,Richmond,Atlantic 10,161.0,103.0,FCS,0.0,50.0,53.0,https://dxbhsrqyrr690.cloudfront.net/sidearm.nextgen.sites/nacda.com/documents/2022/6/30/FinalDIstandings.pdf,3.0,45.76271186440678,Richmond,True,False,observed_scoring_school,54.929577464788736
richmond,2022-23,Richmond,Atlantic 10,111.0,164.0,FCS,53.0,0.0,111.0,https://dxbhsrqyrr690.cloudfront.net/sidearm.nextgen.sites/nacda.com/documents/2023/6/27/Final22.23Standings.pdf,2.0,63.934426229508205,Richmond,True,False,observed_scoring_school,69.27374301675978
richmond,2023-24,Richmond,Atlantic 10,154.0,103.0,FCS,53.0,25.0,25.0,https://dxbhsrqyrr690.cloudfront.net/sidearm.nextgen.sites/nacda.com/documents/2024/6/26/23.24FinalDI.pdf,3.0,50.64308681672026,Richmond,True,False,observed_scoring_school,56.88202247191011
richmond,2024-25,Richmond,Atlantic 10,117.0,149.3,FCS,25.0,50.0,74.3,https://dxbhsrqyrr690.cloudfront.net/sidearm.nextgen.sites/nacda.com/documents/2025/6/23/24.25DivIStandingsFinal.pdf,2.0,61.71617161716172,Richmond,True,False,observed_scoring_school,67.41573033707866
richmond,2025-26,Richmond,Atlantic 10,165.0,95.0,FCS,0.0,5.0,90.0,https://dxbhsrqyrr690.cloudfront.net/sidearm.nextgen.sites/nacda.com/documents/2026/6/24/25.26DI_Final.pdf,3.0,45.01661129568107,Richmond,True,False,observed_scoring_school,53.51123595505618
rider,2017-18,Rider,MAAC,254.0,28.0,DI,0.0,28.0,0.0,https://dxbhsrqyrr690.cloudfront.net/sidearm.nextgen.sites/nacda.com/documents/2018/7/18/June29overallDI.pdf,5.0,13.184931506849315,Rider,True,False,observed_scoring_school,27.155172413793103
rider,2018-19,Rider,MAAC,210.0,61.5,DI,25.0,36.5,0.0,https://dxbhsrqyrr690.cloudfront.net/sidearm.nextgen.sites/nacda.com/documents/2019/6/27/June28DIOverall.pdf,4.0,29.152542372881356,Rider,True,False,observed_scoring_school,40.285714285714285
rider,2020-21,Rider,MAAC,111.0,129.0,DI,50.0,54.0,25.0,https://dxbhsrqyrr690.cloudfront.net/sidearm.nextgen.sites/nacda.com/documents/2021/7/1/July2OverallDI.pdf,2.0,62.45733788395904,Rider,True,False,observed_scoring_school,68.92655367231639
rider,2021-22,Rider,MAAC,249.0,44.0,DI,0.0,39.0,5.0,https://dxbhsrqyrr690.cloudfront.net/sidearm.nextgen.sites/nacda.com/documents/2022/6/30/FinalDIstandings.pdf,5.0,15.932203389830509,Rider,True,False,observed_scoring_school,30.140845070422532
rider,2022-23,Rider,MAAC,164.0,103.5,DI,25.0,41.0,37.5,https://dxbhsrqyrr690.cloudfront.net/sidearm.nextgen.sites/nacda.com/documents/2023/6/27/Final22.23Standings.pdf,3.0,46.55737704918032,Rider,True,False,observed_scoring_school,54.46927374301676
rider,2023-24,Rider,MAAC,196.0,64.5,DI,25.0,39.5,0.0,https://dxbhsrqyrr690.cloudfront.net/sidearm.nextgen.sites/nacda.com/documents/2024/6/26/23.24FinalDI.pdf,3.0,37.138263665594856,Rider,True,False,observed_scoring_school,45.08426966292135
rider,2024-25,Rider,MAAC,256.0,35.0,DI,0.0,35.0,0.0,https://dxbhsrqyrr690.cloudfront.net/sidearm.nextgen.sites/nacda.com/documents/2025/6/23/24.25DivIStandingsFinal.pdf,4.0,15.84158415841584,Rider,True,False,observed_scoring_school,28.370786516853936
rider,2025-26,Rider,MAAC,164.0,97.0,DI,0.0,47.0,50.0,https://dxbhsrqyrr690.cloudfront.net/sidearm.nextgen.sites/nacda.com/documents/2026/6/24/25.26DI_Final.pdf,3.0,45.84717607973422,Rider,True,False,observed_scoring_school,54.21348314606742
robert_morris,2017-18,Robert Morris,Northeast,258.0,25.0,FCS,0.0,0.0,25.0,https://dxbhsrqyrr690.cloudfront.net/sidearm.nextgen.sites/nacda.com/documents/2018/7/18/June29overallDI.pdf,6.0,7.363013698630137,Robert Morris,True,False,observed_scoring_school,22.270114942528735
robert_morris,2018-19,Robert Morris,Northeast,217.0,55.0,FCS,0.0,25.0,30.0,https://dxbhsrqyrr690.cloudfront.net/sidearm.nextgen.sites/nacda.com/documents/2019/6/27/June28DIOverall.pdf,5.0,26.610169491525426,Robert Morris,True,False,observed_scoring_school,38.142857142857146
robert_morris,2020-21,Robert Morris,Northeast,215.0,50.0,FCS,0.0,25.0,25.0,https://dxbhsrqyrr690.cloudfront.net/sidearm.nextgen.sites/nacda.com/documents/2021/7/1/July2OverallDI.pdf,4.0,24.2320819112628,Robert Morris,True,False,observed_scoring_school,37.28813559322034
robert_morris,2021-22,Robert Morris,Horizon League,266.0,25.0,FCS,0.0,0.0,25.0,https://dxbhsrqyrr690.cloudfront.net/sidearm.nextgen.sites/nacda.com/documents/2022/6/30/FinalDIstandings.pdf,6.0,5.932203389830509,Robert Morris,True,False,observed_scoring_school,21.830985915492956
robert_morris,2022-23,,,,0.0,,,,,,,,Robert Morris,False,True,kept_known_d1_program,7.5418994413407825
robert_morris,2023-24,Robert Morris,Horizon League,262.0,25.0,FCS,0.0,0.0,25.0,https://dxbhsrqyrr690.cloudfront.net/sidearm.nextgen.sites/nacda.com/documents/2024/6/26/23.24FinalDI.pdf,5.0,10.128617363344052,Robert Morris,True,False,observed_scoring_school,21.48876404494382
robert_morris,2024-25,Robert Morris,Horizon League,160.0,100.0,FCS,25.0,25.0,50.0,https://dxbhsrqyrr690.cloudfront.net/sidearm.nextgen.sites/nacda.com/documents/2025/6/23/24.25DivIStandingsFinal.pdf,3.0,47.194719471947195,Robert Morris,True,False,observed_scoring_school,55.0561797752809
robert_morris,2025-26,Robert Morris,Horizon League,265.0,25.0,FCS,0.0,0.0,25.0,https://dxbhsrqyrr690.cloudfront.net/sidearm.nextgen.sites/nacda.com/documents/2026/6/24/25.26DI_Final.pdf,5.0,7.308970099667775,Robert Morris,True,False,observed_scoring_school,21.629213483146067
rutgers,2017-18,Rutgers,Big Ten,107.0,170.0,FBS,50.0,93.0,27.0,https://dxbhsrqyrr690.cloudfront.net/sidearm.nextgen.sites/nacda.com/documents/2018/7/18/June29overallDI.pdf,3.0,63.35616438356164,Rutgers,True,False,observed_scoring_school,69.25287356321839
rutgers,2018-19,Rutgers,Big Ten,82.0,259.0,FBS,78.0,94.0,87.0,https://dxbhsrqyrr690.cloudfront.net/sidearm.nextgen.sites/nacda.com/documents/2019/6/27/June28DIOverall.pdf,2.0,72.54237288135593,Rutgers,True,False,observed_scoring_school,76.85714285714286
rutgers,2020-21,Rutgers,Big Ten,60.0,369.25,FBS,50.0,137.25,182.0,https://dxbhsrqyrr690.cloudfront.net/sidearm.nextgen.sites/nacda.com/documents/2021/7/1/July2OverallDI.pdf,2.0,79.86348122866895,Rutgers,True,False,observed_scoring_school,83.33333333333334
rutgers,2021-22,Rutgers,Big Ten,48.0,518.5,FBS,178.0,140.5,200.0,https://dxbhsrqyrr690.cloudfront.net/sidearm.nextgen.sites/nacda.com/documents/2022/6/30/FinalDIstandings.pdf,1.0,84.06779661016948,Rutgers,True,False,observed_scoring_school,86.76056338028168
rutgers,2022-23,Rutgers,Big Ten,130.0,134.5,FBS,50.0,39.5,45.0,https://dxbhsrqyrr690.cloudfront.net/sidearm.nextgen.sites/nacda.com/documents/2023/6/27/Final22.23Standings.pdf,2.0,57.70491803278689,Rutgers,True,False,observed_scoring_school,63.96648044692738
rutgers,2023-24,Rutgers,Big Ten,66.0,368.5,FBS,115.0,159.5,94.0,https://dxbhsrqyrr690.cloudfront.net/sidearm.nextgen.sites/nacda.com/documents/2024/6/26/23.24FinalDI.pdf,1.0,79.09967845659163,Rutgers,True,False,observed_scoring_school,81.74157303370787
rutgers,2024-25,Rutgers,Big Ten,80.0,261.0,FBS,50.0,98.0,113.0,https://dxbhsrqyrr690.cloudfront.net/sidearm.nextgen.sites/nacda.com/documents/2025/6/23/24.25DivIStandingsFinal.pdf,2.0,73.92739273927393,Rutgers,True,False,observed_scoring_school,77.80898876404494
rutgers,2025-26,Rutgers,Big Ten,93.0,227.5,FBS,0.0,117.5,110.0,https://dxbhsrqyrr690.cloudfront.net/sidearm.nextgen.sites/nacda.com/documents/2026/6/24/25.26DI_Final.pdf,2.0,69.26910299003323,Rutgers,True,False,observed_scoring_school,74.01685393258427
siu_edwardsville,2017-18,,,,0.0,,,,,,,,SIU Edwardsville,False,True,kept_known_d1_program,8.189655172413794
siu_edwardsville,2018-19,SIU Edwardsville,OVC,291.0,15.0,DI,0.0,15.0,0.0,https://dxbhsrqyrr690.cloudfront.net/sidearm.nextgen.sites/nacda.com/documents/2019/6/27/June28DIOverall.pdf,6.0,1.1864406779661016,SIU Edwardsville,True,False,observed_scoring_school,16.714285714285715
siu_edwardsville,2020-21,SIU Edwardsville,OVC,255.0,25.0,DI,25.0,0.0,0.0,https://dxbhsrqyrr690.cloudfront.net/sidearm.nextgen.sites/nacda.com/documents/2021/7/1/July2OverallDI.pdf,5.0,8.70307167235495,SIU Edwardsville,True,False,observed_scoring_school,24.43502824858757
siu_edwardsville,2021-22,SIU Edwardsville,OVC,266.0,25.0,DI,25.0,0.0,0.0,https://dxbhsrqyrr690.cloudfront.net/sidearm.nextgen.sites/nacda.com/documents/2022/6/30/FinalDIstandings.pdf,6.0,5.932203389830509,SIU Edwardsville,True,False,observed_scoring_school,21.830985915492956
siu_edwardsville,2022-23,SIU Edwardsville,OVC,221.0,52.0,DI,25.0,27.0,0.0,https://dxbhsrqyrr690.cloudfront.net/sidearm.nextgen.sites/nacda.com/documents/2023/6/27/Final22.23Standings.pdf,4.0,27.704918032786885,SIU Edwardsville,True,False,observed_scoring_school,38.407821229050285
siu_edwardsville,2023-24,SIU Edwardsville,OVC,202.0,62.5,DI,25.0,12.5,25.0,https://dxbhsrqyrr690.cloudfront.net/sidearm.nextgen.sites/nacda.com/documents/2024/6/26/23.24FinalDI.pdf,4.0,35.20900321543408,SIU Edwardsville,True,False,observed_scoring_school,43.39887640449438
siu_edwardsville,2024-25,SIU Edwardsville,OVC,226.0,50.0,DI,25.0,25.0,0.0,https://dxbhsrqyrr690.cloudfront.net/sidearm.nextgen.sites/nacda.com/documents/2025/6/23/24.25DivIStandingsFinal.pdf,4.0,23.76237623762376,SIU Edwardsville,True,False,observed_scoring_school,35.1123595505618
siu_edwardsville,2025-26,SIU Edwardsville,OVC,254.0,30.0,DI,0.0,30.0,0.0,https://dxbhsrqyrr690.cloudfront.net/sidearm.nextgen.sites/nacda.com/documents/2026/6/24/25.26DI_Final.pdf,5.0,14.78405315614618,SIU Edwardsville,True,False,observed_scoring_school,27.94943820224719
smu,2017-18,SMU,American,128.0,142.0,FBS,117.0,25.0,0.0,https://dxbhsrqyrr690.cloudfront.net/sidearm.nextgen.sites/nacda.com/documents/2018/7/18/June29overallDI.pdf,3.0,56.5068493150685,SMU,True,False,observed_scoring_school,63.50574712643679
smu,2018-19,SMU,American,160.0,97.75,FBS,25.0,0.0,72.75,https://dxbhsrqyrr690.cloudfront.net/sidearm.nextgen.sites/nacda.com/documents/2019/6/27/June28DIOverall.pdf,3.0,46.101694915254235,SMU,True,False,observed_scoring_school,54.57142857142857
smu,2020-21,SMU,American,125.0,118.0,FBS,5.0,0.0,113.0,https://dxbhsrqyrr690.cloudfront.net/sidearm.nextgen.sites/nacda.com/documents/2021/7/1/July2OverallDI.pdf,3.0,57.67918088737202,SMU,True,False,observed_scoring_school,64.97175141242938
smu,2021-22,SMU,American,89.0,209.5,FBS,55.0,36.0,118.5,https://dxbhsrqyrr690.cloudfront.net/sidearm.nextgen.sites/nacda.com/documents/2022/6/30/FinalDIstandings.pdf,2.0,70.16949152542374,SMU,True,False,observed_scoring_school,75.21126760563381
smu,2022-23,SMU,American,73.0,279.25,FBS,101.0,0.0,178.25,https://dxbhsrqyrr690.cloudfront.net/sidearm.nextgen.sites/nacda.com/documents/2023/6/27/Final22.23Standings.pdf,2.0,76.39344262295083,SMU,True,False,observed_scoring_school,79.88826815642457
smu,2023-24,SMU,American,54.0,447.5,FBS,164.0,56.0,227.5,https://dxbhsrqyrr690.cloudfront.net/sidearm.nextgen.sites/nacda.com/documents/2024/6/26/23.24FinalDI.pdf,1.0,82.95819935691318,SMU,True,False,observed_scoring_school,85.1123595505618
smu,2024-25,SMU,ACC,70.0,321.75,FBS,217.25,36.0,68.5,https://dxbhsrqyrr690.cloudfront.net/sidearm.nextgen.sites/nacda.com/documents/2025/6/23/24.25DivIStandingsFinal.pdf,2.0,77.22772277227723,SMU,True,False,observed_scoring_school,80.6179775280899
smu,2025-26,SMU,ACC,64.0,406.5,FBS,187.0,56.0,163.5,https://dxbhsrqyrr690.cloudfront.net/sidearm.nextgen.sites/nacda.com/documents/2026/6/24/25.26DI_Final.pdf,2.0,79.06976744186046,SMU,True,False,observed_scoring_school,82.30337078651685
sacramento_state,2017-18,Sacramento State,Big Sky,245.0,34.5,FCS,0.0,0.0,34.5,https://dxbhsrqyrr690.cloudfront.net/sidearm.nextgen.sites/nacda.com/documents/2018/7/18/June29overallDI.pdf,5.0,16.43835616438356,Sacramento State,True,False,observed_scoring_school,29.88505747126437
sacramento_state,2018-19,Sacramento State,Big Sky,211.0,61.0,FCS,0.0,0.0,61.0,https://dxbhsrqyrr690.cloudfront.net/sidearm.nextgen.sites/nacda.com/documents/2019/6/27/June28DIOverall.pdf,4.0,28.8135593220339,Sacramento State,True,False,observed_scoring_school,40.0
sacramento_state,2020-21,Sacramento State,Big Sky,252.0,30.0,FCS,0.0,0.0,30.0,https://dxbhsrqyrr690.cloudfront.net/sidearm.nextgen.sites/nacda.com/documents/2021/7/1/July2OverallDI.pdf,5.0,13.993174061433448,Sacramento State,True,False,observed_scoring_school,28.8135593220339
sacramento_state,2021-22,Sacramento State,Big Sky,225.0,53.0,FCS,53.0,0.0,0.0,https://dxbhsrqyrr690.cloudfront.net/sidearm.nextgen.sites/nacda.com/documents/2022/6/30/FinalDIstandings.pdf,5.0,23.728813559322035,Sacramento State,True,False,observed_scoring_school,36.61971830985916
sacramento_state,2022-23,Sacramento State,Big Sky,136.0,129.0,FCS,70.0,25.0,34.0,https://dxbhsrqyrr690.cloudfront.net/sidearm.nextgen.sites/nacda.com/documents/2023/6/27/Final22.23Standings.pdf,3.0,55.73770491803278,Sacramento State,True,False,observed_scoring_school,62.290502793296085
sacramento_state,2023-24,Sacramento State,Big Sky,143.0,117.3,FCS,53.0,0.0,64.3,https://dxbhsrqyrr690.cloudfront.net/sidearm.nextgen.sites/nacda.com/documents/2024/6/26/23.24FinalDI.pdf,3.0,54.340836012861736,Sacramento State,True,False,observed_scoring_school,60.1123595505618
sacramento_state,2024-25,Sacramento State,Big Sky,169.0,91.5,FCS,50.0,0.0,41.5,https://dxbhsrqyrr690.cloudfront.net/sidearm.nextgen.sites/nacda.com/documents/2025/6/23/24.25DivIStandingsFinal.pdf,3.0,44.224422442244226,Sacramento State,True,False,observed_scoring_school,52.52808988764045
sacramento_state,2025-26,Sacramento State,Big Sky,254.0,30.0,FCS,0.0,0.0,30.0,https://dxbhsrqyrr690.cloudfront.net/sidearm.nextgen.sites/nacda.com/documents/2026/6/24/25.26DI_Final.pdf,4.0,14.78405315614618,Sacramento State,True,False,observed_scoring_school,27.94943820224719
sacred_heart,2017-18,Sacred Heart,Northeast,248.0,32.0,FCS,0.0,32.0,0.0,https://dxbhsrqyrr690.cloudfront.net/sidearm.nextgen.sites/nacda.com/documents/2018/7/18/June29overallDI.pdf,5.0,15.41095890410959,Sacred Heart,True,False,observed_scoring_school,29.022988505747126
sacred_heart,2018-19,Sacred Heart,Northeast,212.0,60.0,FCS,0.0,60.0,0.0,https://dxbhsrqyrr690.cloudfront.net/sidearm.nextgen.sites/nacda.com/documents/2019/6/27/June28DIOverall.pdf,4.0,28.30508474576271,Sacred Heart,True,False,observed_scoring_school,39.57142857142858
sacred_heart,2020-21,Sacred Heart,Northeast,107.0,136.0,FCS,25.0,111.0,0.0,https://dxbhsrqyrr690.cloudfront.net/sidearm.nextgen.sites/nacda.com/documents/2021/7/1/July2OverallDI.pdf,2.0,63.651877133105806,Sacred Heart,True,False,observed_scoring_school,69.91525423728814
sacred_heart,2021-22,Sacred Heart,Northeast,185.0,85.0,FCS,50.0,25.0,10.0,https://dxbhsrqyrr690.cloudfront.net/sidearm.nextgen.sites/nacda.com/documents/2022/6/30/FinalDIstandings.pdf,4.0,37.6271186440678,Sacred Heart,True,False,observed_scoring_school,48.16901408450705
sacred_heart,2022-23,Sacred Heart,Northeast,169.0,97.5,FCS,0.0,67.5,30.0,https://dxbhsrqyrr690.cloudfront.net/sidearm.nextgen.sites/nacda.com/documents/2023/6/27/Final22.23Standings.pdf,3.0,44.91803278688525,Sacred Heart,True,False,observed_scoring_school,53.072625698324025
sacred_heart,2023-24,Sacred Heart,Northeast,205.0,60.0,FCS,25.0,5.0,30.0,https://dxbhsrqyrr690.cloudfront.net/sidearm.nextgen.sites/nacda.com/documents/2024/6/26/23.24FinalDI.pdf,4.0,34.244372990353696,Sacred Heart,True,False,observed_scoring_school,42.5561797752809
sacred_heart,2024-25,Sacred Heart,MAAC,194.0,72.0,FCS,0.0,72.0,0.0,https://dxbhsrqyrr690.cloudfront.net/sidearm.nextgen.sites/nacda.com/documents/2025/6/23/24.25DivIStandingsFinal.pdf,4.0,35.973597359735976,Sacred Heart,True,False,observed_scoring_school,45.50561797752809
sacred_heart,2025-26,Sacred Heart,MAAC,145.0,117.0,FCS,25.0,92.0,0.0,https://dxbhsrqyrr690.cloudfront.net/sidearm.nextgen.sites/nacda.com/documents/2026/6/24/25.26DI_Final.pdf,3.0,52.159468438538205,Sacred Heart,True,False,observed_scoring_school,59.55056179775281
saint_francis_pa,2017-18,Saint Francis (PA),Northeast,152.0,100.0,FCS,25.0,50.0,25.0,https://dxbhsrqyrr690.cloudfront.net/sidearm.nextgen.sites/nacda.com/documents/2018/7/18/June29overallDI.pdf,3.0,47.26027397260274,Saint Francis (PA),True,False,observed_scoring_school,55.74712643678161
saint_francis_pa,2018-19,Saint Francis (PA),Northeast,216.0,57.0,FCS,0.0,0.0,57.0,https://dxbhsrqyrr690.cloudfront.net/sidearm.nextgen.sites/nacda.com/documents/2019/6/27/June28DIOverall.pdf,5.0,27.11864406779661,Saint Francis (PA),True,False,observed_scoring_school,38.57142857142858
saint_francis_pa,2020-21,Saint Francis (PA),Northeast,255.0,25.0,FCS,0.0,0.0,25.0,https://dxbhsrqyrr690.cloudfront.net/sidearm.nextgen.sites/nacda.com/documents/2021/7/1/July2OverallDI.pdf,5.0,8.70307167235495,Saint Francis (PA),True,False,observed_scoring_school,24.43502824858757
saint_francis_pa,2021-22,Saint Francis (PA),Northeast,266.0,25.0,FCS,0.0,0.0,25.0,https://dxbhsrqyrr690.cloudfront.net/sidearm.nextgen.sites/nacda.com/documents/2022/6/30/FinalDIstandings.pdf,6.0,5.932203389830509,Saint Francis (PA),True,False,observed_scoring_school,21.830985915492956
saint_francis_pa,2022-23,Saint Francis (PA),Northeast,261.0,25.0,FCS,25.0,0.0,0.0,https://dxbhsrqyrr690.cloudfront.net/sidearm.nextgen.sites/nacda.com/documents/2023/6/27/Final22.23Standings.pdf,5.0,10.0,Saint Francis (PA),True,False,observed_scoring_school,23.324022346368714
saint_francis_pa,2023-24,Saint Francis (PA),Northeast,245.0,37.5,FCS,0.0,0.0,37.5,https://dxbhsrqyrr690.cloudfront.net/sidearm.nextgen.sites/nacda.com/documents/2024/6/26/23.24FinalDI.pdf,4.0,21.54340836012862,Saint Francis (PA),True,False,observed_scoring_school,31.46067415730337
saint_francis_pa,2024-25,Saint Francis (PA),Northeast,258.0,30.0,FCS,0.0,5.0,25.0,https://dxbhsrqyrr690.cloudfront.net/sidearm.nextgen.sites/nacda.com/documents/2025/6/23/24.25DivIStandingsFinal.pdf,4.0,14.686468646864686,Saint Francis (PA),True,False,observed_scoring_school,27.3876404494382
saint_francis_pa,2025-26,Saint Francis (PA),NEC,225.0,50.0,FCS,0.0,0.0,50.0,https://dxbhsrqyrr690.cloudfront.net/sidearm.nextgen.sites/nacda.com/documents/2026/6/24/25.26DI_Final.pdf,4.0,23.089700996677745,Saint Francis (PA),True,False,observed_scoring_school,34.97191011235955
saint_joseph_s,2017-18,Saint Joseph's,Atlantic 10,214.0,53.0,DI,53.0,0.0,0.0,https://dxbhsrqyrr690.cloudfront.net/sidearm.nextgen.sites/nacda.com/documents/2018/7/18/June29overallDI.pdf,5.0,26.88356164383562,Saint Joseph's,True,False,observed_scoring_school,38.64942528735632
saint_joseph_s,2018-19,Saint Joseph's,Atlantic 10,219.0,53.0,DI,53.0,0.0,0.0,https://dxbhsrqyrr690.cloudfront.net/sidearm.nextgen.sites/nacda.com/documents/2019/6/27/June28DIOverall.pdf,5.0,25.593220338983052,Saint Joseph's,True,False,observed_scoring_school,37.285714285714285
saint_joseph_s,2020-21,,,,0.0,,,,,,,,Saint Joseph's,False,True,kept_known_d1_program,8.757062146892656
saint_joseph_s,2021-22,Saint Joseph's,Atlantic 10,133.0,131.0,DI,53.0,0.0,78.0,https://dxbhsrqyrr690.cloudfront.net/sidearm.nextgen.sites/nacda.com/documents/2022/6/30/FinalDIstandings.pdf,3.0,55.254237288135585,Saint Joseph's,True,False,observed_scoring_school,62.81690140845071
saint_joseph_s,2022-23,Saint Joseph's,Atlantic 10,197.0,70.0,DI,70.0,0.0,0.0,https://dxbhsrqyrr690.cloudfront.net/sidearm.nextgen.sites/nacda.com/documents/2023/6/27/Final22.23Standings.pdf,3.0,35.24590163934426,Saint Joseph's,True,False,observed_scoring_school,44.832402234636874
saint_joseph_s,2023-24,Saint Joseph's,Atlantic 10,164.0,90.0,DI,45.0,0.0,45.0,https://dxbhsrqyrr690.cloudfront.net/sidearm.nextgen.sites/nacda.com/documents/2024/6/26/23.24FinalDI.pdf,3.0,47.10610932475884,Saint Joseph's,True,False,observed_scoring_school,53.79213483146067
saint_joseph_s,2024-25,Saint Joseph's,Atlantic 10,172.0,90.0,DI,90.0,0.0,0.0,https://dxbhsrqyrr690.cloudfront.net/sidearm.nextgen.sites/nacda.com/documents/2025/6/23/24.25DivIStandingsFinal.pdf,3.0,43.39933993399339,Saint Joseph's,True,False,observed_scoring_school,51.82584269662921
saint_joseph_s,2025-26,Saint Joseph's,Atlantic 10,244.0,45.0,DI,45.0,0.0,0.0,https://dxbhsrqyrr690.cloudfront.net/sidearm.nextgen.sites/nacda.com/documents/2026/6/24/25.26DI_Final.pdf,4.0,18.438538205980063,Saint Joseph's,True,False,observed_scoring_school,31.03932584269663
saint_louis,2017-18,Saint Louis,Atlantic 10,258.0,25.0,DI,0.0,0.0,25.0,https://dxbhsrqyrr690.cloudfront.net/sidearm.nextgen.sites/nacda.com/documents/2018/7/18/June29overallDI.pdf,6.0,7.363013698630137,Saint Louis,True,False,observed_scoring_school,22.270114942528735
saint_louis,2018-19,Saint Louis,Atlantic 10,223.0,50.0,DI,25.0,25.0,0.0,https://dxbhsrqyrr690.cloudfront.net/sidearm.nextgen.sites/nacda.com/documents/2019/6/27/June28DIOverall.pdf,5.0,21.864406779661017,Saint Louis,True,False,observed_scoring_school,34.14285714285714
saint_louis,2020-21,Saint Louis,Atlantic 10,215.0,50.0,DI,50.0,0.0,0.0,https://dxbhsrqyrr690.cloudfront.net/sidearm.nextgen.sites/nacda.com/documents/2021/7/1/July2OverallDI.pdf,4.0,24.2320819112628,Saint Louis,True,False,observed_scoring_school,37.28813559322034
saint_louis,2021-22,Saint Louis,Atlantic 10,141.0,123.0,DI,123.0,0.0,0.0,https://dxbhsrqyrr690.cloudfront.net/sidearm.nextgen.sites/nacda.com/documents/2022/6/30/FinalDIstandings.pdf,3.0,52.3728813559322,Saint Louis,True,False,observed_scoring_school,60.4225352112676
saint_louis,2022-23,Saint Louis,Atlantic 10,166.0,100.0,DI,75.0,25.0,0.0,https://dxbhsrqyrr690.cloudfront.net/sidearm.nextgen.sites/nacda.com/documents/2023/6/27/Final22.23Standings.pdf,3.0,45.57377049180328,Saint Louis,True,False,observed_scoring_school,53.63128491620112
saint_louis,2023-24,Saint Louis,Atlantic 10,199.0,64.0,DI,64.0,0.0,0.0,https://dxbhsrqyrr690.cloudfront.net/sidearm.nextgen.sites/nacda.com/documents/2024/6/26/23.24FinalDI.pdf,3.0,36.01286173633441,Saint Louis,True,False,observed_scoring_school,44.10112359550562
saint_louis,2024-25,Saint Louis,Atlantic 10,160.0,100.0,DI,75.0,0.0,25.0,https://dxbhsrqyrr690.cloudfront.net/sidearm.nextgen.sites/nacda.com/documents/2025/6/23/24.25DivIStandingsFinal.pdf,3.0,47.194719471947195,Saint Louis,True,False,observed_scoring_school,55.0561797752809
saint_louis,2025-26,Saint Louis,Atlantic 10,125.0,133.0,DI,83.0,50.0,0.0,https://dxbhsrqyrr690.cloudfront.net/sidearm.nextgen.sites/nacda.com/documents/2026/6/24/25.26DI_Final.pdf,2.0,58.63787375415283,Saint Louis,True,False,observed_scoring_school,65.02808988764045
saint_mary_s_ca,2017-18,St. Mary's College of California,WCC,290.0,8.6,DI,0.0,0.0,8.6,https://dxbhsrqyrr690.cloudfront.net/sidearm.nextgen.sites/nacda.com/documents/2018/7/18/June29overallDI.pdf,6.0,1.0273972602739725,Saint Mary's (CA),True,False,observed_scoring_school,16.954022988505745
saint_mary_s_ca,2018-19,St. Mary's College of California,WCC,126.0,122.6,DI,89.0,25.0,8.6,https://dxbhsrqyrr690.cloudfront.net/sidearm.nextgen.sites/nacda.com/documents/2019/6/27/June28DIOverall.pdf,3.0,57.6271186440678,Saint Mary's (CA),True,False,observed_scoring_school,64.28571428571429
saint_mary_s_ca,2020-21,,,,0.0,,,,,,,,Saint Mary's (CA),False,True,kept_known_d1_program,8.757062146892656
saint_mary_s_ca,2021-22,Saint Mary's (CA),WCC,229.0,50.0,DI,0.0,50.0,0.0,https://dxbhsrqyrr690.cloudfront.net/sidearm.nextgen.sites/nacda.com/documents/2022/6/30/FinalDIstandings.pdf,5.0,20.0,Saint Mary's (CA),True,False,observed_scoring_school,33.52112676056338
saint_mary_s_ca,2022-23,Saint Mary's (CA),WCC,223.0,50.0,DI,0.0,50.0,0.0,https://dxbhsrqyrr690.cloudfront.net/sidearm.nextgen.sites/nacda.com/documents/2023/6/27/Final22.23Standings.pdf,4.0,24.75409836065574,Saint Mary's (CA),True,False,observed_scoring_school,35.89385474860335
saint_mary_s_ca,2023-24,Saint Mary's (CA),WCC,217.0,50.0,DI,0.0,25.0,25.0,https://dxbhsrqyrr690.cloudfront.net/sidearm.nextgen.sites/nacda.com/documents/2024/6/26/23.24FinalDI.pdf,4.0,27.974276527331188,Saint Mary's (CA),True,False,observed_scoring_school,37.07865168539326
saint_mary_s_ca,2024-25,Saint Mary's (CA),WCC,175.0,87.5,DI,0.0,50.0,37.5,https://dxbhsrqyrr690.cloudfront.net/sidearm.nextgen.sites/nacda.com/documents/2025/6/23/24.25DivIStandingsFinal.pdf,3.0,42.57425742574257,Saint Mary's (CA),True,False,observed_scoring_school,51.12359550561798
saint_mary_s_ca,2025-26,Saint Mary's (CA),WCC,115.0,147.0,DI,0.0,25.0,122.0,https://dxbhsrqyrr690.cloudfront.net/sidearm.nextgen.sites/nacda.com/documents/2026/6/24/25.26DI_Final.pdf,2.0,62.12624584717608,Saint Mary's (CA),True,False,observed_scoring_school,67.97752808988764
saint_peter_s,2017-18,,,,0.0,,,,,,,,Saint Peter's,False,True,kept_known_d1_program,8.189655172413794
saint_peter_s,2018-19,,,,0.0,,,,,,,,Saint Peter's,False,True,kept_known_d1_program,8.0
saint_peter_s,2020-21,,,,0.0,,,,,,,,Saint Peter's,False,True,kept_known_d1_program,8.757062146892656
saint_peter_s,2021-22,Saint Peter's,MAAC,204.0,73.0,DI,0.0,73.0,0.0,https://dxbhsrqyrr690.cloudfront.net/sidearm.nextgen.sites/nacda.com/documents/2022/6/30/FinalDIstandings.pdf,4.0,31.186440677966104,Saint Peter's,True,False,observed_scoring_school,42.816901408450704
saint_peter_s,2022-23,,,,0.0,,,,,,,,Saint Peter's,False,True,kept_known_d1_program,7.5418994413407825
saint_peter_s,2023-24,Saint Peter's,MAAC,262.0,25.0,DI,0.0,25.0,0.0,https://dxbhsrqyrr690.cloudfront.net/sidearm.nextgen.sites/nacda.com/documents/2024/6/26/23.24FinalDI.pdf,5.0,10.128617363344052,Saint Peter's,True,False,observed_scoring_school,21.48876404494382
saint_peter_s,2024-25,,,,0.0,,,,,,,,Saint Peter's,False,True,kept_known_d1_program,7.584269662921349
saint_peter_s,2025-26,,,,0.0,,,,,,,,Saint Peter's,False,True,kept_known_d1_program,7.865168539325842
sam_houston_state,2017-18,Sam Houston State,Southland,101.0,178.5,FCS,83.0,90.5,5.0,https://dxbhsrqyrr690.cloudfront.net/sidearm.nextgen.sites/nacda.com/documents/2018/7/18/June29overallDI.pdf,2.0,65.75342465753424,Sam Houston State,True,False,observed_scoring_school,71.26436781609196
sam_houston_state,2018-19,Sam Houston State,Southland,103.0,169.5,FCS,0.0,79.5,90.0,https://dxbhsrqyrr690.cloudfront.net/sidearm.nextgen.sites/nacda.com/documents/2019/6/27/June28DIOverall.pdf,2.0,65.42372881355932,Sam Houston State,True,False,observed_scoring_school,70.85714285714285
sam_houston_state,2020-21,Sam Houston State,Southland,71.0,282.25,FCS,100.0,78.5,103.75,https://dxbhsrqyrr690.cloudfront.net/sidearm.nextgen.sites/nacda.com/documents/2021/7/1/July2OverallDI.pdf,2.0,76.10921501706484,Sam Houston State,True,False,observed_scoring_school,80.22598870056498
sam_houston_state,2021-22,Sam Houston State,WAC,84.0,236.5,FCS,70.0,100.5,66.0,https://dxbhsrqyrr690.cloudfront.net/sidearm.nextgen.sites/nacda.com/documents/2022/6/30/FinalDIstandings.pdf,2.0,71.86440677966101,Sam Houston State,True,False,observed_scoring_school,76.61971830985915
sam_houston_state,2022-23,Sam Houston State,WAC,147.0,120.0,FCS,0.0,60.0,60.0,https://dxbhsrqyrr690.cloudfront.net/sidearm.nextgen.sites/nacda.com/documents/2023/6/27/Final22.23Standings.pdf,3.0,51.47540983606558,Sam Houston State,True,False,observed_scoring_school,58.659217877094974
sam_houston_state,2023-24,Sam Houston State,Conference USA,148.0,111.0,FBS,0.0,83.0,28.0,https://dxbhsrqyrr690.cloudfront.net/sidearm.nextgen.sites/nacda.com/documents/2024/6/26/23.24FinalDI.pdf,3.0,52.73311897106109,Sam Houston State,True,False,observed_scoring_school,58.70786516853933
sam_houston_state,2024-25,Sam Houston State,Conference USA,154.0,106.0,FBS,45.0,45.0,16.0,https://dxbhsrqyrr690.cloudfront.net/sidearm.nextgen.sites/nacda.com/documents/2025/6/23/24.25DivIStandingsFinal.pdf,3.0,49.504950495049506,Sam Houston State,True,False,observed_scoring_school,57.02247191011236
sam_houston_state,2025-26,Sam Houston State,Conference USA,244.0,45.0,FBS,0.0,45.0,0.0,https://dxbhsrqyrr690.cloudfront.net/sidearm.nextgen.sites/nacda.com/documents/2026/6/24/25.26DI_Final.pdf,4.0,18.438538205980063,Sam Houston State,True,False,observed_scoring_school,31.03932584269663
samford,2017-18,Samford,SoCon,140.0,122.5,FCS,53.0,12.0,57.5,https://dxbhsrqyrr690.cloudfront.net/sidearm.nextgen.sites/nacda.com/documents/2018/7/18/June29overallDI.pdf,3.0,52.3972602739726,Samford,True,False,observed_scoring_school,60.05747126436781
samford,2018-19,Samford,SoCon,202.0,69.5,FCS,25.0,44.5,0.0,https://dxbhsrqyrr690.cloudfront.net/sidearm.nextgen.sites/nacda.com/documents/2019/6/27/June28DIOverall.pdf,4.0,31.864406779661017,Samford,True,False,observed_scoring_school,42.57142857142857
samford,2020-21,Samford,SoCon,182.0,75.0,FCS,25.0,25.0,25.0,https://dxbhsrqyrr690.cloudfront.net/sidearm.nextgen.sites/nacda.com/documents/2021/7/1/July2OverallDI.pdf,4.0,36.3481228668942,Samford,True,False,observed_scoring_school,47.31638418079096
samford,2021-22,Samford,SoCon,182.0,87.0,FCS,50.0,37.0,0.0,https://dxbhsrqyrr690.cloudfront.net/sidearm.nextgen.sites/nacda.com/documents/2022/6/30/FinalDIstandings.pdf,4.0,38.64406779661017,Samford,True,False,observed_scoring_school,49.014084507042256
samford,2022-23,Samford,SoCon,115.0,157.5,FCS,120.0,0.0,37.5,https://dxbhsrqyrr690.cloudfront.net/sidearm.nextgen.sites/nacda.com/documents/2023/6/27/Final22.23Standings.pdf,2.0,62.62295081967213,Samford,True,False,observed_scoring_school,68.15642458100558
samford,2023-24,Samford,SoCon,262.0,25.0,FCS,0.0,25.0,0.0,https://dxbhsrqyrr690.cloudfront.net/sidearm.nextgen.sites/nacda.com/documents/2024/6/26/23.24FinalDI.pdf,5.0,10.128617363344052,Samford,True,False,observed_scoring_school,21.48876404494382
samford,2024-25,Samford,SoCon,226.0,50.0,FCS,25.0,0.0,25.0,https://dxbhsrqyrr690.cloudfront.net/sidearm.nextgen.sites/nacda.com/documents/2025/6/23/24.25DivIStandingsFinal.pdf,4.0,23.76237623762376,Samford,True,False,observed_scoring_school,35.1123595505618
samford,2025-26,Samford,SoCon,138.0,121.0,FCS,25.0,45.5,50.5,https://dxbhsrqyrr690.cloudfront.net/sidearm.nextgen.sites/nacda.com/documents/2026/6/24/25.26DI_Final.pdf,3.0,54.31893687707641,Samford,True,False,observed_scoring_school,61.37640449438202
san_diego,2017-18,San Diego,WCC,120.0,153.0,FCS,103.0,0.0,50.0,https://dxbhsrqyrr690.cloudfront.net/sidearm.nextgen.sites/nacda.com/documents/2018/7/18/June29overallDI.pdf,3.0,59.24657534246576,San Diego,True,False,observed_scoring_school,65.80459770114942
san_diego,2018-19,San Diego,WCC,107.0,164.0,FCS,89.0,0.0,75.0,https://dxbhsrqyrr690.cloudfront.net/sidearm.nextgen.sites/nacda.com/documents/2019/6/27/June28DIOverall.pdf,3.0,63.898305084745765,San Diego,True,False,observed_scoring_school,69.57142857142857
san_diego,2020-21,San Diego,WCC,121.0,122.0,FCS,50.0,0.0,72.0,https://dxbhsrqyrr690.cloudfront.net/sidearm.nextgen.sites/nacda.com/documents/2021/7/1/July2OverallDI.pdf,3.0,59.04436860068259,San Diego,True,False,observed_scoring_school,66.10169491525424
san_diego,2021-22,San Diego,WCC,108.0,166.0,FCS,25.0,0.0,141.0,https://dxbhsrqyrr690.cloudfront.net/sidearm.nextgen.sites/nacda.com/documents/2022/6/30/FinalDIstandings.pdf,2.0,63.72881355932203,San Diego,True,False,observed_scoring_school,69.85915492957746
san_diego,2022-23,San Diego,WCC,83.0,223.5,FCS,108.0,0.0,115.5,https://dxbhsrqyrr690.cloudfront.net/sidearm.nextgen.sites/nacda.com/documents/2023/6/27/Final22.23Standings.pdf,2.0,73.11475409836066,San Diego,True,False,observed_scoring_school,77.09497206703911
san_diego,2023-24,San Diego,WCC,97.0,196.5,FCS,25.0,0.0,171.5,https://dxbhsrqyrr690.cloudfront.net/sidearm.nextgen.sites/nacda.com/documents/2024/6/26/23.24FinalDI.pdf,2.0,69.13183279742765,San Diego,True,False,observed_scoring_school,73.03370786516854
san_diego,2024-25,San Diego,WCC,110.0,158.0,FCS,64.0,0.0,94.0,https://dxbhsrqyrr690.cloudfront.net/sidearm.nextgen.sites/nacda.com/documents/2025/6/23/24.25DivIStandingsFinal.pdf,2.0,64.02640264026402,San Diego,True,False,observed_scoring_school,69.3820224719101
san_diego,2025-26,San Diego,WCC,99.0,199.0,FCS,75.0,0.0,124.0,https://dxbhsrqyrr690.cloudfront.net/sidearm.nextgen.sites/nacda.com/documents/2026/6/24/25.26DI_Final.pdf,2.0,67.44186046511628,San Diego,True,False,observed_scoring_school,72.47191011235955
san_diego_state,2017-18,San Diego State,Mountain West,83.0,242.0,FBS,50.0,81.0,111.0,https://dxbhsrqyrr690.cloudfront.net/sidearm.nextgen.sites/nacda.com/documents/2018/7/18/June29overallDI.pdf,2.0,71.91780821917808,San Diego State,True,False,observed_scoring_school,76.4367816091954
san_diego_state,2018-19,San Diego State,Mountain West,105.0,167.5,FBS,25.0,74.5,68.0,https://dxbhsrqyrr690.cloudfront.net/sidearm.nextgen.sites/nacda.com/documents/2019/6/27/June28DIOverall.pdf,2.0,64.7457627118644,San Diego State,True,False,observed_scoring_school,70.28571428571428
san_diego_state,2020-21,San Diego State,Mountain West,106.0,137.5,FBS,0.0,66.0,71.5,https://dxbhsrqyrr690.cloudfront.net/sidearm.nextgen.sites/nacda.com/documents/2021/7/1/July2OverallDI.pdf,2.0,64.16382252559727,San Diego State,True,False,observed_scoring_school,70.33898305084746
san_diego_state,2021-22,San Diego State,Mountain West,91.0,205.5,FBS,45.0,57.0,103.5,https://dxbhsrqyrr690.cloudfront.net/sidearm.nextgen.sites/nacda.com/documents/2022/6/30/FinalDIstandings.pdf,2.0,69.49152542372882,San Diego State,True,False,observed_scoring_school,74.64788732394366
san_diego_state,2022-23,San Diego State,Mountain West,86.0,213.0,FBS,25.0,90.0,98.0,https://dxbhsrqyrr690.cloudfront.net/sidearm.nextgen.sites/nacda.com/documents/2023/6/27/Final22.23Standings.pdf,2.0,72.1311475409836,San Diego State,True,False,observed_scoring_school,76.25698324022346
san_diego_state,2023-24,San Diego State,Mountain West,119.0,154.5,FBS,0.0,64.0,90.5,https://dxbhsrqyrr690.cloudfront.net/sidearm.nextgen.sites/nacda.com/documents/2024/6/26/23.24FinalDI.pdf,2.0,62.057877813504824,San Diego State,True,False,observed_scoring_school,66.85393258426966
san_diego_state,2024-25,San Diego State,Mountain West,157.0,101.0,FBS,0.0,30.0,71.0,https://dxbhsrqyrr690.cloudfront.net/sidearm.nextgen.sites/nacda.com/documents/2025/6/23/24.25DivIStandingsFinal.pdf,3.0,48.18481848184818,San Diego State,True,False,observed_scoring_school,55.89887640449438
san_diego_state,2025-26,San Diego State,Mountain West,216.0,59.5,FBS,25.0,0.0,34.5,https://dxbhsrqyrr690.cloudfront.net/sidearm.nextgen.sites/nacda.com/documents/2026/6/24/25.26DI_Final.pdf,4.0,28.405315614617937,San Diego State,True,False,observed_scoring_school,39.46629213483146
san_francisco,2017-18,San Francisco,WCC,105.0,174.5,DI,140.0,0.0,34.5,https://dxbhsrqyrr690.cloudfront.net/sidearm.nextgen.sites/nacda.com/documents/2018/7/18/June29overallDI.pdf,2.0,64.38356164383562,San Francisco,True,False,observed_scoring_school,70.11494252873564
san_francisco,2018-19,,,,0.0,,,,,,,,San Francisco,False,True,kept_known_d1_program,8.0
san_francisco,2020-21,San Francisco,WCC,208.0,59.0,DI,14.0,0.0,45.0,https://dxbhsrqyrr690.cloudfront.net/sidearm.nextgen.sites/nacda.com/documents/2021/7/1/July2OverallDI.pdf,4.0,29.351535836177472,San Francisco,True,False,observed_scoring_school,41.52542372881356
san_francisco,2021-22,San Francisco,WCC,212.0,64.5,DI,0.0,25.0,39.5,https://dxbhsrqyrr690.cloudfront.net/sidearm.nextgen.sites/nacda.com/documents/2022/6/30/FinalDIstandings.pdf,4.0,28.474576271186443,San Francisco,True,False,observed_scoring_school,40.563380281690144
san_francisco,2022-23,San Francisco,WCC,213.0,54.0,DI,0.0,0.0,54.0,https://dxbhsrqyrr690.cloudfront.net/sidearm.nextgen.sites/nacda.com/documents/2023/6/27/Final22.23Standings.pdf,4.0,30.49180327868852,San Francisco,True,False,observed_scoring_school,40.78212290502793
san_francisco,2023-24,,,,0.0,,,,,,,,San Francisco,False,True,kept_known_d1_program,6.460674157303371
san_francisco,2024-25,,,,0.0,,,,,,,,San Francisco,False,True,kept_known_d1_program,7.584269662921349
san_francisco,2025-26,,,,0.0,,,,,,,,San Francisco,False,True,kept_known_d1_program,7.865168539325842
san_jose_state,2017-18,,,,0.0,,,,,,,,San Jose State,False,True,kept_known_d1_program,8.189655172413794
san_jose_state,2018-19,San Jose State,Mountain West,154.0,101.0,FBS,25.0,0.0,76.0,https://dxbhsrqyrr690.cloudfront.net/sidearm.nextgen.sites/nacda.com/documents/2019/6/27/June28DIOverall.pdf,3.0,48.13559322033898,San Jose State,True,False,observed_scoring_school,56.285714285714285
san_jose_state,2020-21,San Jose State,Mountain West,127.0,116.5,FBS,50.0,0.0,66.5,https://dxbhsrqyrr690.cloudfront.net/sidearm.nextgen.sites/nacda.com/documents/2021/7/1/July2OverallDI.pdf,3.0,56.996587030716725,San Jose State,True,False,observed_scoring_school,64.40677966101694
san_jose_state,2021-22,San Jose State,Mountain West,153.0,109.75,FBS,0.0,37.0,72.75,https://dxbhsrqyrr690.cloudfront.net/sidearm.nextgen.sites/nacda.com/documents/2022/6/30/FinalDIstandings.pdf,3.0,48.47457627118644,San Jose State,True,False,observed_scoring_school,57.183098591549296
san_jose_state,2022-23,San Jose State,Mountain West,100.0,176.3,FBS,50.0,27.8,98.5,https://dxbhsrqyrr690.cloudfront.net/sidearm.nextgen.sites/nacda.com/documents/2023/6/27/Final22.23Standings.pdf,2.0,67.54098360655738,San Jose State,True,False,observed_scoring_school,72.3463687150838
san_jose_state,2023-24,San Jose State,Mountain West,85.0,256.0,FBS,50.0,83.0,123.0,https://dxbhsrqyrr690.cloudfront.net/sidearm.nextgen.sites/nacda.com/documents/2024/6/26/23.24FinalDI.pdf,2.0,72.9903536977492,San Jose State,True,False,observed_scoring_school,76.40449438202246
san_jose_state,2024-25,San Jose State,Mountain West,144.0,113.5,FBS,25.0,17.0,71.5,https://dxbhsrqyrr690.cloudfront.net/sidearm.nextgen.sites/nacda.com/documents/2025/6/23/24.25DivIStandingsFinal.pdf,3.0,52.64026402640264,San Jose State,True,False,observed_scoring_school,59.69101123595506
san_jose_state,2025-26,San Jose State,Mountain West,211.0,62.0,FBS,25.0,37.0,0.0,https://dxbhsrqyrr690.cloudfront.net/sidearm.nextgen.sites/nacda.com/documents/2026/6/24/25.26DI_Final.pdf,4.0,30.066445182724255,San Jose State,True,False,observed_scoring_school,40.87078651685393
santa_clara,2017-18,Santa Clara,WCC,198.0,72.6,DI,64.0,0.0,8.6,https://dxbhsrqyrr690.cloudfront.net/sidearm.nextgen.sites/nacda.com/documents/2018/7/18/June29overallDI.pdf,4.0,32.534246575342465,Santa Clara,True,False,observed_scoring_school,43.39080459770115
santa_clara,2018-19,Santa Clara,WCC,223.0,50.0,DI,50.0,0.0,0.0,https://dxbhsrqyrr690.cloudfront.net/sidearm.nextgen.sites/nacda.com/documents/2019/6/27/June28DIOverall.pdf,5.0,21.864406779661017,Santa Clara,True,False,observed_scoring_school,34.14285714285714
santa_clara,2020-21,Santa Clara,WCC,145.0,100.0,DI,100.0,0.0,0.0,https://dxbhsrqyrr690.cloudfront.net/sidearm.nextgen.sites/nacda.com/documents/2021/7/1/July2OverallDI.pdf,3.0,50.170648464163826,Santa Clara,True,False,observed_scoring_school,58.75706214689266
santa_clara,2021-22,Santa Clara,WCC,132.0,133.0,DI,133.0,0.0,0.0,https://dxbhsrqyrr690.cloudfront.net/sidearm.nextgen.sites/nacda.com/documents/2022/6/30/FinalDIstandings.pdf,3.0,55.59322033898305,Santa Clara,True,False,observed_scoring_school,63.098591549295776
santa_clara,2022-23,Santa Clara,WCC,179.0,87.5,DI,50.0,0.0,37.5,https://dxbhsrqyrr690.cloudfront.net/sidearm.nextgen.sites/nacda.com/documents/2023/6/27/Final22.23Standings.pdf,3.0,41.63934426229508,Santa Clara,True,False,observed_scoring_school,50.27932960893855
santa_clara,2023-24,Santa Clara,WCC,217.0,50.0,DI,50.0,0.0,0.0,https://dxbhsrqyrr690.cloudfront.net/sidearm.nextgen.sites/nacda.com/documents/2024/6/26/23.24FinalDI.pdf,4.0,27.974276527331188,Santa Clara,True,False,observed_scoring_school,37.07865168539326
santa_clara,2024-25,Santa Clara,WCC,180.0,80.0,DI,50.0,0.0,30.0,https://dxbhsrqyrr690.cloudfront.net/sidearm.nextgen.sites/nacda.com/documents/2025/6/23/24.25DivIStandingsFinal.pdf,3.0,40.26402640264026,Santa Clara,True,False,observed_scoring_school,49.157303370786515
santa_clara,2025-26,Santa Clara,WCC,225.0,50.0,DI,0.0,25.0,25.0,https://dxbhsrqyrr690.cloudfront.net/sidearm.nextgen.sites/nacda.com/documents/2026/6/24/25.26DI_Final.pdf,4.0,23.089700996677745,Santa Clara,True,False,observed_scoring_school,34.97191011235955
seattle,2017-18,Seattle,WAC,189.0,75.0,DI,50.0,25.0,0.0,https://dxbhsrqyrr690.cloudfront.net/sidearm.nextgen.sites/nacda.com/documents/2018/7/18/June29overallDI.pdf,4.0,34.417808219178085,Seattle,True,False,observed_scoring_school,44.9712643678161
seattle,2018-19,Seattle,WAC,206.0,62.5,DI,25.0,0.0,37.5,https://dxbhsrqyrr690.cloudfront.net/sidearm.nextgen.sites/nacda.com/documents/2019/6/27/June28DIOverall.pdf,4.0,30.338983050847457,Seattle,True,False,observed_scoring_school,41.285714285714285
seattle,2020-21,Seattle,WAC,245.0,37.5,DI,0.0,0.0,37.5,https://dxbhsrqyrr690.cloudfront.net/sidearm.nextgen.sites/nacda.com/documents/2021/7/1/July2OverallDI.pdf,5.0,16.552901023890783,Seattle,True,False,observed_scoring_school,30.93220338983051
seattle,2021-22,Seattle,WAC,266.0,25.0,DI,25.0,0.0,0.0,https://dxbhsrqyrr690.cloudfront.net/sidearm.nextgen.sites/nacda.com/documents/2022/6/30/FinalDIstandings.pdf,6.0,5.932203389830509,Seattle,True,False,observed_scoring_school,21.830985915492956
seattle,2022-23,,,,0.0,,,,,,,,Seattle,False,True,kept_known_d1_program,7.5418994413407825
seattle,2023-24,Seattle,WAC,253.0,30.0,DI,25.0,0.0,5.0,https://dxbhsrqyrr690.cloudfront.net/sidearm.nextgen.sites/nacda.com/documents/2024/6/26/23.24FinalDI.pdf,4.0,18.167202572347264,Seattle,True,False,observed_scoring_school,28.51123595505618
seattle,2024-25,Seattle,WAC,258.0,30.0,DI,25.0,0.0,5.0,https://dxbhsrqyrr690.cloudfront.net/sidearm.nextgen.sites/nacda.com/documents/2025/6/23/24.25DivIStandingsFinal.pdf,5.0,14.686468646864686,Seattle,True,False,observed_scoring_school,27.3876404494382
seattle,2025-26,,,,0.0,,,,,,,,Seattle,False,True,kept_known_d1_program,7.865168539325842
seton_hall,2017-18,Seton Hall,Big East,217.0,50.0,DI,0.0,50.0,0.0,https://dxbhsrqyrr690.cloudfront.net/sidearm.nextgen.sites/nacda.com/documents/2018/7/18/June29overallDI.pdf,5.0,22.945205479452056,Seton Hall,True,False,observed_scoring_school,35.3448275862069
seton_hall,2018-19,Seton Hall,Big East,266.0,25.0,DI,0.0,25.0,0.0,https://dxbhsrqyrr690.cloudfront.net/sidearm.nextgen.sites/nacda.com/documents/2019/6/27/June28DIOverall.pdf,6.0,6.779661016949152,Seton Hall,True,False,observed_scoring_school,21.428571428571427
seton_hall,2020-21,Seton Hall,Big East,194.0,73.0,DI,73.0,0.0,0.0,https://dxbhsrqyrr690.cloudfront.net/sidearm.nextgen.sites/nacda.com/documents/2021/7/1/July2OverallDI.pdf,4.0,34.129692832764505,Seton Hall,True,False,observed_scoring_school,45.48022598870056
seton_hall,2021-22,Seton Hall,Big East,224.0,53.5,DI,0.0,25.0,28.5,https://dxbhsrqyrr690.cloudfront.net/sidearm.nextgen.sites/nacda.com/documents/2022/6/30/FinalDIstandings.pdf,5.0,24.40677966101695,Seton Hall,True,False,observed_scoring_school,37.183098591549296
seton_hall,2022-23,Seton Hall,Big East,223.0,50.0,DI,25.0,0.0,25.0,https://dxbhsrqyrr690.cloudfront.net/sidearm.nextgen.sites/nacda.com/documents/2023/6/27/Final22.23Standings.pdf,4.0,24.75409836065574,Seton Hall,True,False,observed_scoring_school,35.89385474860335
seton_hall,2023-24,Seton Hall,Big East,306.0,5.0,DI,0.0,0.0,5.0,https://dxbhsrqyrr690.cloudfront.net/sidearm.nextgen.sites/nacda.com/documents/2024/6/26/23.24FinalDI.pdf,5.0,1.1254019292604502,Seton Hall,True,False,observed_scoring_school,13.623595505617978
seton_hall,2024-25,,,,0.0,,,,,,,,Seton Hall,False,True,kept_known_d1_program,7.584269662921349
seton_hall,2025-26,Seton Hall,Big East,225.0,50.0,DI,50.0,0.0,0.0,https://dxbhsrqyrr690.cloudfront.net/sidearm.nextgen.sites/nacda.com/documents/2026/6/24/25.26DI_Final.pdf,4.0,23.089700996677745,Seton Hall,True,False,observed_scoring_school,34.97191011235955
siena,2017-18,,,,0.0,,,,,,,,Siena,False,True,kept_known_d1_program,8.189655172413794
siena,2018-19,,,,0.0,,,,,,,,Siena,False,True,kept_known_d1_program,8.0
siena,2020-21,Siena,MAAC,215.0,50.0,DI,25.0,0.0,25.0,https://dxbhsrqyrr690.cloudfront.net/sidearm.nextgen.sites/nacda.com/documents/2021/7/1/July2OverallDI.pdf,4.0,24.2320819112628,Siena,True,False,observed_scoring_school,37.28813559322034
siena,2021-22,,,,0.0,,,,,,,,Siena,False,True,kept_known_d1_program,8.591549295774648
siena,2022-23,Siena,MAAC,257.0,30.0,DI,0.0,0.0,30.0,https://dxbhsrqyrr690.cloudfront.net/sidearm.nextgen.sites/nacda.com/documents/2023/6/27/Final22.23Standings.pdf,4.0,15.901639344262296,Siena,True,False,observed_scoring_school,28.35195530726257
siena,2023-24,Siena,MAAC,253.0,30.0,DI,0.0,0.0,30.0,https://dxbhsrqyrr690.cloudfront.net/sidearm.nextgen.sites/nacda.com/documents/2024/6/26/23.24FinalDI.pdf,4.0,18.167202572347264,Siena,True,False,observed_scoring_school,28.51123595505618
siena,2024-25,Siena,MAAC,264.0,25.0,DI,0.0,0.0,25.0,https://dxbhsrqyrr690.cloudfront.net/sidearm.nextgen.sites/nacda.com/documents/2025/6/23/24.25DivIStandingsFinal.pdf,5.0,9.075907590759076,Siena,True,False,observed_scoring_school,22.6123595505618
siena,2025-26,Siena,MAAC,225.0,50.0,DI,25.0,25.0,0.0,https://dxbhsrqyrr690.cloudfront.net/sidearm.nextgen.sites/nacda.com/documents/2026/6/24/25.26DI_Final.pdf,4.0,23.089700996677745,Siena,True,False,observed_scoring_school,34.97191011235955
south_alabama,2017-18,South Alabama,Sun Belt,189.0,75.0,FBS,25.0,0.0,50.0,https://dxbhsrqyrr690.cloudfront.net/sidearm.nextgen.sites/nacda.com/documents/2018/7/18/June29overallDI.pdf,4.0,34.417808219178085,South Alabama,True,False,observed_scoring_school,44.9712643678161
south_alabama,2018-19,South Alabama,Sun Belt,177.0,86.5,FBS,0.0,0.0,86.5,https://dxbhsrqyrr690.cloudfront.net/sidearm.nextgen.sites/nacda.com/documents/2019/6/27/June28DIOverall.pdf,4.0,40.33898305084746,South Alabama,True,False,observed_scoring_school,49.714285714285715
south_alabama,2020-21,South Alabama,Sun Belt,95.0,162.5,FBS,50.0,0.0,112.5,https://dxbhsrqyrr690.cloudfront.net/sidearm.nextgen.sites/nacda.com/documents/2021/7/1/July2OverallDI.pdf,2.0,67.74744027303754,South Alabama,True,False,observed_scoring_school,73.30508474576271
south_alabama,2021-22,South Alabama,Sun Belt,162.0,102.5,FBS,50.0,22.5,30.0,https://dxbhsrqyrr690.cloudfront.net/sidearm.nextgen.sites/nacda.com/documents/2022/6/30/FinalDIstandings.pdf,3.0,45.42372881355932,South Alabama,True,False,observed_scoring_school,54.647887323943664
south_alabama,2022-23,South Alabama,Sun Belt,157.0,109.0,FBS,25.0,35.5,48.5,https://dxbhsrqyrr690.cloudfront.net/sidearm.nextgen.sites/nacda.com/documents/2023/6/27/Final22.23Standings.pdf,3.0,48.36065573770492,South Alabama,True,False,observed_scoring_school,56.005586592178766
south_alabama,2023-24,South Alabama,Sun Belt,112.0,163.0,FBS,70.0,0.0,93.0,https://dxbhsrqyrr690.cloudfront.net/sidearm.nextgen.sites/nacda.com/documents/2024/6/26/23.24FinalDI.pdf,2.0,64.30868167202573,South Alabama,True,False,observed_scoring_school,68.82022471910112
south_alabama,2024-25,South Alabama,Sun Belt,186.0,76.0,FBS,45.0,31.0,0.0,https://dxbhsrqyrr690.cloudfront.net/sidearm.nextgen.sites/nacda.com/documents/2025/6/23/24.25DivIStandingsFinal.pdf,3.0,38.943894389438945,South Alabama,True,False,observed_scoring_school,48.03370786516854
south_alabama,2025-26,South Alabama,Sun Belt,265.0,25.0,FBS,0.0,0.0,25.0,https://dxbhsrqyrr690.cloudfront.net/sidearm.nextgen.sites/nacda.com/documents/2026/6/24/25.26DI_Final.pdf,5.0,7.308970099667775,South Alabama,True,False,observed_scoring_school,21.629213483146067
south_carolina,2017-18,South Carolina,SEC,26.0,768.0,FBS,128.0,251.0,389.0,https://dxbhsrqyrr690.cloudfront.net/sidearm.nextgen.sites/nacda.com/documents/2018/7/18/June29overallDI.pdf,1.0,91.43835616438356,South Carolina,True,False,observed_scoring_school,92.81609195402298
south_carolina,2018-19,South Carolina,SEC,22.0,805.75,FBS,125.0,286.5,394.25,https://dxbhsrqyrr690.cloudfront.net/sidearm.nextgen.sites/nacda.com/documents/2019/6/27/June28DIOverall.pdf,1.0,92.8813559322034,South Carolina,True,False,observed_scoring_school,94.0
south_carolina,2020-21,South Carolina,SEC,42.0,514.0,FBS,55.0,160.5,298.5,https://dxbhsrqyrr690.cloudfront.net/sidearm.nextgen.sites/nacda.com/documents/2021/7/1/July2OverallDI.pdf,1.0,86.00682593856655,South Carolina,True,False,observed_scoring_school,88.4180790960452
south_carolina,2021-22,South Carolina,SEC,37.0,627.5,FBS,143.0,219.0,265.5,https://dxbhsrqyrr690.cloudfront.net/sidearm.nextgen.sites/nacda.com/documents/2022/6/30/FinalDIstandings.pdf,1.0,87.79661016949153,South Carolina,True,False,observed_scoring_school,89.85915492957747
south_carolina,2022-23,South Carolina,SEC,33.0,671.05,FBS,115.0,242.3,313.75,https://dxbhsrqyrr690.cloudfront.net/sidearm.nextgen.sites/nacda.com/documents/2023/6/27/Final22.23Standings.pdf,1.0,89.50819672131148,South Carolina,True,False,observed_scoring_school,91.06145251396647
south_carolina,2023-24,South Carolina,SEC,30.0,679.0,FBS,50.0,280.0,349.0,https://dxbhsrqyrr690.cloudfront.net/sidearm.nextgen.sites/nacda.com/documents/2024/6/26/23.24FinalDI.pdf,1.0,90.67524115755629,South Carolina,True,False,observed_scoring_school,91.85393258426966
south_carolina,2024-25,South Carolina,SEC,23.0,826.75,FBS,130.0,276.0,420.75,https://dxbhsrqyrr690.cloudfront.net/sidearm.nextgen.sites/nacda.com/documents/2025/6/23/24.25DivIStandingsFinal.pdf,1.0,92.73927392739274,South Carolina,True,False,observed_scoring_school,93.82022471910112
south_carolina,2025-26,South Carolina,SEC,44.0,598.5,FBS,85.0,286.0,227.5,https://dxbhsrqyrr690.cloudfront.net/sidearm.nextgen.sites/nacda.com/documents/2026/6/24/25.26DI_Final.pdf,1.0,85.71428571428571,South Carolina,True,False,observed_scoring_school,87.92134831460675
south_carolina_state,2017-18,South Carolina State,MEAC,180.0,83.5,FCS,0.0,35.5,48.0,https://dxbhsrqyrr690.cloudfront.net/sidearm.nextgen.sites/nacda.com/documents/2018/7/18/June29overallDI.pdf,4.0,38.6986301369863,South Carolina State,True,False,observed_scoring_school,48.56321839080459
south_carolina_state,2018-19,South Carolina State,MEAC,184.0,77.0,FCS,0.0,52.0,25.0,https://dxbhsrqyrr690.cloudfront.net/sidearm.nextgen.sites/nacda.com/documents/2019/6/27/June28DIOverall.pdf,4.0,37.45762711864407,South Carolina State,True,False,observed_scoring_school,47.285714285714285
south_carolina_state,2020-21,South Carolina State,MEAC,215.0,50.0,FCS,0.0,0.0,50.0,https://dxbhsrqyrr690.cloudfront.net/sidearm.nextgen.sites/nacda.com/documents/2021/7/1/July2OverallDI.pdf,4.0,24.2320819112628,South Carolina State,True,False,observed_scoring_school,37.28813559322034
south_carolina_state,2021-22,South Carolina State,MEAC,229.0,50.0,FCS,0.0,0.0,50.0,https://dxbhsrqyrr690.cloudfront.net/sidearm.nextgen.sites/nacda.com/documents/2022/6/30/FinalDIstandings.pdf,5.0,20.0,South Carolina State,True,False,observed_scoring_school,33.52112676056338
south_carolina_state,2022-23,South Carolina State,MEAC,223.0,50.0,FCS,0.0,0.0,50.0,https://dxbhsrqyrr690.cloudfront.net/sidearm.nextgen.sites/nacda.com/documents/2023/6/27/Final22.23Standings.pdf,4.0,24.75409836065574,South Carolina State,True,False,observed_scoring_school,35.89385474860335
south_carolina_state,2023-24,South Carolina State,MEAC,217.0,50.0,FCS,0.0,0.0,50.0,https://dxbhsrqyrr690.cloudfront.net/sidearm.nextgen.sites/nacda.com/documents/2024/6/26/23.24FinalDI.pdf,4.0,27.974276527331188,South Carolina State,True,False,observed_scoring_school,37.07865168539326
south_carolina_state,2024-25,South Carolina State,MEAC,187.0,75.0,FCS,25.0,0.0,50.0,https://dxbhsrqyrr690.cloudfront.net/sidearm.nextgen.sites/nacda.com/documents/2025/6/23/24.25DivIStandingsFinal.pdf,3.0,37.78877887788779,South Carolina State,True,False,observed_scoring_school,47.05056179775281
south_carolina_state,2025-26,South Carolina State,MEAC,202.0,70.0,FCS,45.0,0.0,25.0,https://dxbhsrqyrr690.cloudfront.net/sidearm.nextgen.sites/nacda.com/documents/2026/6/24/25.26DI_Final.pdf,4.0,32.72425249169435,South Carolina State,True,False,observed_scoring_school,43.11797752808989
south_carolina_upstate,2017-18,,,,0.0,,,,,,,,South Carolina Upstate,False,True,kept_known_d1_program,8.189655172413794
south_carolina_upstate,2018-19,,,,0.0,,,,,,,,South Carolina Upstate,False,True,kept_known_d1_program,8.0
south_carolina_upstate,2020-21,,,,0.0,,,,,,,,South Carolina Upstate,False,True,kept_known_d1_program,8.757062146892656
south_carolina_upstate,2021-22,,,,0.0,,,,,,,,South Carolina Upstate,False,True,kept_known_d1_program,8.591549295774648
south_carolina_upstate,2022-23,,,,0.0,,,,,,,,South Carolina Upstate,False,True,kept_known_d1_program,7.5418994413407825
south_carolina_upstate,2023-24,South Carolina Upstate,Big South,262.0,25.0,DI,0.0,0.0,25.0,https://dxbhsrqyrr690.cloudfront.net/sidearm.nextgen.sites/nacda.com/documents/2024/6/26/23.24FinalDI.pdf,5.0,10.128617363344052,South Carolina Upstate,True,False,observed_scoring_school,21.48876404494382
south_carolina_upstate,2024-25,South Carolina Upstate,Big South,180.0,80.0,DI,25.0,0.0,55.0,https://dxbhsrqyrr690.cloudfront.net/sidearm.nextgen.sites/nacda.com/documents/2025/6/23/24.25DivIStandingsFinal.pdf,3.0,40.26402640264026,South Carolina Upstate,True,False,observed_scoring_school,49.157303370786515
south_carolina_upstate,2025-26,South Carolina Upstate,Big South,173.0,87.5,DI,0.0,0.0,87.5,https://dxbhsrqyrr690.cloudfront.net/sidearm.nextgen.sites/nacda.com/documents/2026/6/24/25.26DI_Final.pdf,3.0,42.19269102990033,South Carolina Upstate,True,False,observed_scoring_school,51.12359550561798
south_dakota,2017-18,South Dakota,Summit,107.0,170.0,FCS,81.0,43.5,45.5,https://dxbhsrqyrr690.cloudfront.net/sidearm.nextgen.sites/nacda.com/documents/2018/7/18/June29overallDI.pdf,3.0,63.35616438356164,South Dakota,True,False,observed_scoring_school,69.25287356321839
south_dakota,2018-19,South Dakota,Summit,112.0,147.0,FCS,25.0,67.5,54.5,https://dxbhsrqyrr690.cloudfront.net/sidearm.nextgen.sites/nacda.com/documents/2019/6/27/June28DIOverall.pdf,3.0,62.03389830508475,South Dakota,True,False,observed_scoring_school,68.0
south_dakota,2020-21,South Dakota,Summit,107.0,136.0,FCS,25.0,76.0,35.0,https://dxbhsrqyrr690.cloudfront.net/sidearm.nextgen.sites/nacda.com/documents/2021/7/1/July2OverallDI.pdf,2.0,63.651877133105806,South Dakota,True,False,observed_scoring_school,69.91525423728814
south_dakota,2021-22,South Dakota,Summit,147.0,114.0,FCS,50.0,64.0,0.0,https://dxbhsrqyrr690.cloudfront.net/sidearm.nextgen.sites/nacda.com/documents/2022/6/30/FinalDIstandings.pdf,3.0,50.50847457627119,South Dakota,True,False,observed_scoring_school,58.87323943661972
south_dakota,2022-23,South Dakota,Summit,155.0,110.5,FCS,25.0,45.5,40.0,https://dxbhsrqyrr690.cloudfront.net/sidearm.nextgen.sites/nacda.com/documents/2023/6/27/Final22.23Standings.pdf,3.0,49.50819672131148,South Dakota,True,False,observed_scoring_school,56.98324022346368
south_dakota,2023-24,South Dakota,Summit,162.0,93.5,FCS,70.0,18.5,5.0,https://dxbhsrqyrr690.cloudfront.net/sidearm.nextgen.sites/nacda.com/documents/2024/6/26/23.24FinalDI.pdf,3.0,48.231511254019296,South Dakota,True,False,observed_scoring_school,54.7752808988764
south_dakota,2024-25,South Dakota,Summit,123.0,140.5,FCS,108.0,0.0,32.5,https://dxbhsrqyrr690.cloudfront.net/sidearm.nextgen.sites/nacda.com/documents/2025/6/23/24.25DivIStandingsFinal.pdf,2.0,59.57095709570957,South Dakota,True,False,observed_scoring_school,65.58988764044943
south_dakota,2025-26,South Dakota,Summit,98.0,199.75,FCS,70.0,59.25,70.5,https://dxbhsrqyrr690.cloudfront.net/sidearm.nextgen.sites/nacda.com/documents/2026/6/24/25.26DI_Final.pdf,2.0,67.77408637873754,South Dakota,True,False,observed_scoring_school,72.75280898876404
south_dakota_state,2017-18,South Dakota State,Summit,96.0,197.5,FCS,83.0,114.5,0.0,https://dxbhsrqyrr690.cloudfront.net/sidearm.nextgen.sites/nacda.com/documents/2018/7/18/June29overallDI.pdf,2.0,67.46575342465754,South Dakota State,True,False,observed_scoring_school,72.70114942528735
south_dakota_state,2018-19,South Dakota State,Summit,112.0,147.0,FCS,83.0,64.0,0.0,https://dxbhsrqyrr690.cloudfront.net/sidearm.nextgen.sites/nacda.com/documents/2019/6/27/June28DIOverall.pdf,3.0,62.03389830508475,South Dakota State,True,False,observed_scoring_school,68.0
south_dakota_state,2020-21,South Dakota State,Summit,87.0,199.5,FCS,90.0,72.0,37.5,https://dxbhsrqyrr690.cloudfront.net/sidearm.nextgen.sites/nacda.com/documents/2021/7/1/July2OverallDI.pdf,2.0,70.64846416382252,South Dakota State,True,False,observed_scoring_school,75.70621468926554
south_dakota_state,2021-22,South Dakota State,Summit,94.0,200.0,FCS,108.0,54.5,37.5,https://dxbhsrqyrr690.cloudfront.net/sidearm.nextgen.sites/nacda.com/documents/2022/6/30/FinalDIstandings.pdf,2.0,68.47457627118644,South Dakota State,True,False,observed_scoring_school,73.80281690140845
south_dakota_state,2022-23,South Dakota State,Summit,87.0,211.5,FCS,100.0,111.5,0.0,https://dxbhsrqyrr690.cloudfront.net/sidearm.nextgen.sites/nacda.com/documents/2023/6/27/Final22.23Standings.pdf,2.0,71.80327868852459,South Dakota State,True,False,observed_scoring_school,75.97765363128491
south_dakota_state,2023-24,South Dakota State,Summit,84.0,266.0,FCS,153.0,113.0,0.0,https://dxbhsrqyrr690.cloudfront.net/sidearm.nextgen.sites/nacda.com/documents/2024/6/26/23.24FinalDI.pdf,2.0,73.31189710610933,South Dakota State,True,False,observed_scoring_school,76.68539325842697
south_dakota_state,2024-25,South Dakota State,Summit,86.0,234.0,FCS,133.0,101.0,0.0,https://dxbhsrqyrr690.cloudfront.net/sidearm.nextgen.sites/nacda.com/documents/2025/6/23/24.25DivIStandingsFinal.pdf,2.0,71.94719471947195,South Dakota State,True,False,observed_scoring_school,76.12359550561798
south_dakota_state,2025-26,South Dakota State,Summit,100.0,197.5,FCS,103.0,59.0,35.5,https://dxbhsrqyrr690.cloudfront.net/sidearm.nextgen.sites/nacda.com/documents/2026/6/24/25.26DI_Final.pdf,2.0,67.109634551495,South Dakota State,True,False,observed_scoring_school,72.19101123595506
south_florida,2017-18,South Florida,American,85.0,231.0,FBS,103.0,25.0,103.0,https://dxbhsrqyrr690.cloudfront.net/sidearm.nextgen.sites/nacda.com/documents/2018/7/18/June29overallDI.pdf,2.0,71.23287671232876,South Florida,True,False,observed_scoring_school,75.86206896551724
south_florida,2018-19,South Florida,American,96.0,190.5,FBS,75.0,0.0,115.5,https://dxbhsrqyrr690.cloudfront.net/sidearm.nextgen.sites/nacda.com/documents/2019/6/27/June28DIOverall.pdf,2.0,67.79661016949152,South Florida,True,False,observed_scoring_school,72.85714285714285
south_florida,2020-21,South Florida,American,69.0,286.5,FBS,50.0,50.0,186.5,https://dxbhsrqyrr690.cloudfront.net/sidearm.nextgen.sites/nacda.com/documents/2021/7/1/July2OverallDI.pdf,2.0,76.79180887372013,South Florida,True,False,observed_scoring_school,80.7909604519774
south_florida,2021-22,South Florida,American,112.0,158.5,FBS,25.0,25.0,108.5,https://dxbhsrqyrr690.cloudfront.net/sidearm.nextgen.sites/nacda.com/documents/2022/6/30/FinalDIstandings.pdf,3.0,62.37288135593221,South Florida,True,False,observed_scoring_school,68.73239436619718
south_florida,2022-23,South Florida,American,82.0,225.5,FBS,50.0,99.0,76.5,https://dxbhsrqyrr690.cloudfront.net/sidearm.nextgen.sites/nacda.com/documents/2023/6/27/Final22.23Standings.pdf,2.0,73.44262295081967,South Florida,True,False,observed_scoring_school,77.37430167597765
south_florida,2023-24,South Florida,American,113.0,162.0,FBS,45.0,18.5,98.5,https://dxbhsrqyrr690.cloudfront.net/sidearm.nextgen.sites/nacda.com/documents/2024/6/26/23.24FinalDI.pdf,2.0,63.9871382636656,South Florida,True,False,observed_scoring_school,68.53932584269663
south_florida,2024-25,South Florida,American,78.0,294.75,FBS,45.0,77.5,172.25,https://dxbhsrqyrr690.cloudfront.net/sidearm.nextgen.sites/nacda.com/documents/2025/6/23/24.25DivIStandingsFinal.pdf,2.0,74.58745874587459,South Florida,True,False,observed_scoring_school,78.37078651685393
south_florida,2025-26,South Florida,American,119.0,141.0,FBS,50.0,25.0,66.0,https://dxbhsrqyrr690.cloudfront.net/sidearm.nextgen.sites/nacda.com/documents/2026/6/24/25.26DI_Final.pdf,2.0,60.6312292358804,South Florida,True,False,observed_scoring_school,66.71348314606742
southeast_missouri_state,2017-18,,,,0.0,,,,,,,,Southeast Missouri State,False,True,kept_known_d1_program,8.189655172413794
southeast_missouri_state,2018-19,Southeast Missouri State,OVC,170.0,90.5,FCS,53.0,0.0,37.5,https://dxbhsrqyrr690.cloudfront.net/sidearm.nextgen.sites/nacda.com/documents/2019/6/27/June28DIOverall.pdf,4.0,42.71186440677966,Southeast Missouri State,True,False,observed_scoring_school,51.714285714285715
southeast_missouri_state,2020-21,Southeast Missouri State,OVC,255.0,25.0,FCS,0.0,0.0,25.0,https://dxbhsrqyrr690.cloudfront.net/sidearm.nextgen.sites/nacda.com/documents/2021/7/1/July2OverallDI.pdf,5.0,8.70307167235495,Southeast Missouri State,True,False,observed_scoring_school,24.43502824858757
southeast_missouri_state,2021-22,Southeast Missouri State,OVC,144.0,116.5,FCS,25.0,0.0,91.5,https://dxbhsrqyrr690.cloudfront.net/sidearm.nextgen.sites/nacda.com/documents/2022/6/30/FinalDIstandings.pdf,3.0,51.52542372881356,Southeast Missouri State,True,False,observed_scoring_school,59.71830985915493
southeast_missouri_state,2022-23,Southeast Missouri State,OVC,209.0,55.0,FCS,25.0,5.0,25.0,https://dxbhsrqyrr690.cloudfront.net/sidearm.nextgen.sites/nacda.com/documents/2023/6/27/Final22.23Standings.pdf,4.0,31.311475409836063,Southeast Missouri State,True,False,observed_scoring_school,41.4804469273743
southeast_missouri_state,2023-24,Southeast Missouri State,OVC,150.0,107.0,FCS,0.0,27.0,80.0,https://dxbhsrqyrr690.cloudfront.net/sidearm.nextgen.sites/nacda.com/documents/2024/6/26/23.24FinalDI.pdf,3.0,51.929260450160776,Southeast Missouri State,True,False,observed_scoring_school,58.00561797752809
southeast_missouri_state,2024-25,Southeast Missouri State,OVC,264.0,25.0,FCS,25.0,0.0,0.0,https://dxbhsrqyrr690.cloudfront.net/sidearm.nextgen.sites/nacda.com/documents/2025/6/23/24.25DivIStandingsFinal.pdf,5.0,9.075907590759076,Southeast Missouri State,True,False,observed_scoring_school,22.6123595505618
southeast_missouri_state,2025-26,,,,0.0,,,,,,,,Southeast Missouri State,False,True,kept_known_d1_program,7.865168539325842
southeastern_louisiana,2017-18,,,,0.0,,,,,,,,Southeastern Louisiana,False,True,kept_known_d1_program,8.189655172413794
southeastern_louisiana,2018-19,,,,0.0,,,,,,,,Southeastern Louisiana,False,True,kept_known_d1_program,8.0
southeastern_louisiana,2020-21,Southeastern Louisiana,Southland,195.0,71.0,FCS,25.0,25.0,21.0,https://dxbhsrqyrr690.cloudfront.net/sidearm.nextgen.sites/nacda.com/documents/2021/7/1/July2OverallDI.pdf,4.0,33.617747440273035,Southeastern Louisiana,True,False,observed_scoring_school,45.05649717514124
southeastern_louisiana,2021-22,Southeastern Louisiana,Southland,188.0,83.0,FCS,53.0,0.0,30.0,https://dxbhsrqyrr690.cloudfront.net/sidearm.nextgen.sites/nacda.com/documents/2022/6/30/FinalDIstandings.pdf,4.0,36.271186440677965,Southeastern Louisiana,True,False,observed_scoring_school,47.04225352112676
southeastern_louisiana,2022-23,Southeastern Louisiana,Southland,147.0,120.0,FCS,78.0,25.0,17.0,https://dxbhsrqyrr690.cloudfront.net/sidearm.nextgen.sites/nacda.com/documents/2023/6/27/Final22.23Standings.pdf,3.0,51.47540983606558,Southeastern Louisiana,True,False,observed_scoring_school,58.659217877094974
southeastern_louisiana,2023-24,Southeastern Louisiana,Southland,182.0,75.0,FCS,25.0,0.0,50.0,https://dxbhsrqyrr690.cloudfront.net/sidearm.nextgen.sites/nacda.com/documents/2024/6/26/23.24FinalDI.pdf,3.0,40.51446945337621,Southeastern Louisiana,True,False,observed_scoring_school,48.03370786516854
southeastern_louisiana,2024-25,Southeastern Louisiana,Southland,226.0,50.0,FCS,0.0,0.0,50.0,https://dxbhsrqyrr690.cloudfront.net/sidearm.nextgen.sites/nacda.com/documents/2025/6/23/24.25DivIStandingsFinal.pdf,4.0,23.76237623762376,Southeastern Louisiana,True,False,observed_scoring_school,35.1123595505618
southeastern_louisiana,2025-26,Southeastern Louisiana,Southland,221.0,55.0,FCS,25.0,0.0,30.0,https://dxbhsrqyrr690.cloudfront.net/sidearm.nextgen.sites/nacda.com/documents/2026/6/24/25.26DI_Final.pdf,4.0,26.744186046511626,Southeastern Louisiana,True,False,observed_scoring_school,38.06179775280899
southern,2017-18,,,,0.0,,,,,,,,Southern,False,True,kept_known_d1_program,8.189655172413794
southern,2018-19,Southern,SWAC,223.0,50.0,FCS,0.0,25.0,25.0,https://dxbhsrqyrr690.cloudfront.net/sidearm.nextgen.sites/nacda.com/documents/2019/6/27/June28DIOverall.pdf,5.0,21.864406779661017,Southern,True,False,observed_scoring_school,34.14285714285714
southern,2020-21,Southern,SWAC,255.0,25.0,FCS,0.0,0.0,25.0,https://dxbhsrqyrr690.cloudfront.net/sidearm.nextgen.sites/nacda.com/documents/2021/7/1/July2OverallDI.pdf,5.0,8.70307167235495,Southern,True,False,observed_scoring_school,24.43502824858757
southern,2021-22,,,,0.0,,,,,,,,Southern,False,True,kept_known_d1_program,8.591549295774648
southern,2022-23,Southern,SWAC,298.0,5.0,FCS,0.0,5.0,0.0,https://dxbhsrqyrr690.cloudfront.net/sidearm.nextgen.sites/nacda.com/documents/2023/6/27/Final22.23Standings.pdf,5.0,1.475409836065574,Southern,True,False,observed_scoring_school,16.061452513966483
southern,2023-24,,,,0.0,,,,,,,,Southern,False,True,kept_known_d1_program,6.460674157303371
southern,2024-25,Southern,SWAC,226.0,50.0,FCS,25.0,25.0,0.0,https://dxbhsrqyrr690.cloudfront.net/sidearm.nextgen.sites/nacda.com/documents/2025/6/23/24.25DivIStandingsFinal.pdf,4.0,23.76237623762376,Southern,True,False,observed_scoring_school,35.1123595505618
southern,2025-26,Southern,SWAC,254.0,30.0,FCS,0.0,25.0,5.0,https://dxbhsrqyrr690.cloudfront.net/sidearm.nextgen.sites/nacda.com/documents/2026/6/24/25.26DI_Final.pdf,5.0,14.78405315614618,Southern,True,False,observed_scoring_school,27.94943820224719
southern_illinois,2017-18,,,,0.0,,,,,,,,Southern Illinois,False,True,kept_known_d1_program,8.189655172413794
southern_illinois,2018-19,Southern Illinois,Missouri Valley,215.0,57.5,FCS,0.0,0.0,57.5,https://dxbhsrqyrr690.cloudfront.net/sidearm.nextgen.sites/nacda.com/documents/2019/6/27/June28DIOverall.pdf,4.0,27.45762711864407,Southern Illinois,True,False,observed_scoring_school,38.857142857142854
southern_illinois,2020-21,Southern Illinois,Missouri Valley,132.0,111.0,FCS,60.0,26.0,25.0,https://dxbhsrqyrr690.cloudfront.net/sidearm.nextgen.sites/nacda.com/documents/2021/7/1/July2OverallDI.pdf,3.0,55.2901023890785,Southern Illinois,True,False,observed_scoring_school,62.994350282485875
southern_illinois,2021-22,Southern Illinois,Missouri Valley,173.0,93.5,FCS,53.0,20.5,20.0,https://dxbhsrqyrr690.cloudfront.net/sidearm.nextgen.sites/nacda.com/documents/2022/6/30/FinalDIstandings.pdf,4.0,41.52542372881356,Southern Illinois,True,False,observed_scoring_school,51.40845070422535
southern_illinois,2022-23,Southern Illinois,Missouri Valley,197.0,70.0,FCS,0.0,45.0,25.0,https://dxbhsrqyrr690.cloudfront.net/sidearm.nextgen.sites/nacda.com/documents/2023/6/27/Final22.23Standings.pdf,3.0,35.24590163934426,Southern Illinois,True,False,observed_scoring_school,44.832402234636874
southern_illinois,2023-24,Southern Illinois,Missouri Valley,107.0,171.5,FCS,53.0,46.0,72.5,https://dxbhsrqyrr690.cloudfront.net/sidearm.nextgen.sites/nacda.com/documents/2024/6/26/23.24FinalDI.pdf,2.0,65.91639871382637,Southern Illinois,True,False,observed_scoring_school,70.2247191011236
southern_illinois,2024-25,Southern Illinois,Missouri Valley,249.0,44.0,FCS,0.0,44.0,0.0,https://dxbhsrqyrr690.cloudfront.net/sidearm.nextgen.sites/nacda.com/documents/2025/6/23/24.25DivIStandingsFinal.pdf,4.0,17.986798679867988,Southern Illinois,True,False,observed_scoring_school,30.196629213483146
southern_illinois,2025-26,Southern Illinois,Missouri Valley,265.0,25.0,FCS,0.0,25.0,0.0,https://dxbhsrqyrr690.cloudfront.net/sidearm.nextgen.sites/nacda.com/documents/2026/6/24/25.26DI_Final.pdf,5.0,7.308970099667775,Southern Illinois,True,False,observed_scoring_school,21.629213483146067
southern_mississippi,2017-18,Southern Mississippi,Conference USA,145.0,115.5,FBS,25.0,20.0,70.5,https://dxbhsrqyrr690.cloudfront.net/sidearm.nextgen.sites/nacda.com/documents/2018/7/18/June29overallDI.pdf,3.0,50.68493150684932,Southern Mississippi,True,False,observed_scoring_school,58.620689655172406
southern_mississippi,2018-19,Southern Mississippi,Conference USA,121.0,137.0,FBS,0.0,37.5,99.5,https://dxbhsrqyrr690.cloudfront.net/sidearm.nextgen.sites/nacda.com/documents/2019/6/27/June28DIOverall.pdf,3.0,59.32203389830508,Southern Mississippi,True,False,observed_scoring_school,65.71428571428571
southern_mississippi,2020-21,Southern Mississippi,Conference USA,173.0,80.5,FBS,0.0,30.5,50.0,https://dxbhsrqyrr690.cloudfront.net/sidearm.nextgen.sites/nacda.com/documents/2021/7/1/July2OverallDI.pdf,3.0,41.29692832764505,Southern Mississippi,True,False,observed_scoring_school,51.41242937853108
southern_mississippi,2021-22,Southern Mississippi,Conference USA,155.0,107.0,FBS,0.0,43.0,64.0,https://dxbhsrqyrr690.cloudfront.net/sidearm.nextgen.sites/nacda.com/documents/2022/6/30/FinalDIstandings.pdf,3.0,47.79661016949153,Southern Mississippi,True,False,observed_scoring_school,56.61971830985916
southern_mississippi,2022-23,Southern Mississippi,Sun Belt,157.0,109.0,FBS,45.0,0.0,64.0,https://dxbhsrqyrr690.cloudfront.net/sidearm.nextgen.sites/nacda.com/documents/2023/6/27/Final22.23Standings.pdf,3.0,48.36065573770492,Southern Mississippi,True,False,observed_scoring_school,56.005586592178766
southern_mississippi,2023-24,Southern Mississippi,Sun Belt,177.0,81.0,FBS,0.0,31.0,50.0,https://dxbhsrqyrr690.cloudfront.net/sidearm.nextgen.sites/nacda.com/documents/2024/6/26/23.24FinalDI.pdf,3.0,43.40836012861736,Southern Mississippi,True,False,observed_scoring_school,50.56179775280899
southern_mississippi,2024-25,Southern Mississippi,Sun Belt,216.0,55.0,FBS,0.0,0.0,55.0,https://dxbhsrqyrr690.cloudfront.net/sidearm.nextgen.sites/nacda.com/documents/2025/6/23/24.25DivIStandingsFinal.pdf,4.0,28.54785478547855,Southern Mississippi,True,False,observed_scoring_school,39.18539325842696
southern_mississippi,2025-26,Southern Mississippi,Sun Belt,133.0,125.0,FBS,25.0,40.5,59.5,https://dxbhsrqyrr690.cloudfront.net/sidearm.nextgen.sites/nacda.com/documents/2026/6/24/25.26DI_Final.pdf,3.0,55.98006644518272,Southern Mississippi,True,False,observed_scoring_school,62.78089887640449
southern_utah,2017-18,Southern Utah,Big Sky,91.0,205.5,FCS,119.0,86.5,0.0,https://dxbhsrqyrr690.cloudfront.net/sidearm.nextgen.sites/nacda.com/documents/2018/7/18/June29overallDI.pdf,2.0,69.17808219178082,Southern Utah,True,False,observed_scoring_school,74.13793103448276
southern_utah,2018-19,Southern Utah,Big Sky,101.0,178.5,FCS,102.0,47.5,29.0,https://dxbhsrqyrr690.cloudfront.net/sidearm.nextgen.sites/nacda.com/documents/2019/6/27/June28DIOverall.pdf,2.0,66.10169491525424,Southern Utah,True,False,observed_scoring_school,71.42857142857143
southern_utah,2020-21,Southern Utah,Big Sky,128.0,116.0,FCS,63.0,53.0,0.0,https://dxbhsrqyrr690.cloudfront.net/sidearm.nextgen.sites/nacda.com/documents/2021/7/1/July2OverallDI.pdf,3.0,56.655290102389074,Southern Utah,True,False,observed_scoring_school,64.12429378531074
southern_utah,2021-22,Southern Utah,Big Sky,159.0,103.5,FCS,50.0,53.5,0.0,https://dxbhsrqyrr690.cloudfront.net/sidearm.nextgen.sites/nacda.com/documents/2022/6/30/FinalDIstandings.pdf,3.0,46.271186440677965,Southern Utah,True,False,observed_scoring_school,55.35211267605634
southern_utah,2022-23,Southern Utah,WAC,184.0,83.5,FCS,0.0,78.5,5.0,https://dxbhsrqyrr690.cloudfront.net/sidearm.nextgen.sites/nacda.com/documents/2023/6/27/Final22.23Standings.pdf,3.0,39.50819672131147,Southern Utah,True,False,observed_scoring_school,48.463687150837984
southern_utah,2023-24,Southern Utah,WAC,235.0,45.5,FCS,0.0,45.5,0.0,https://dxbhsrqyrr690.cloudfront.net/sidearm.nextgen.sites/nacda.com/documents/2024/6/26/23.24FinalDI.pdf,4.0,24.59807073954984,Southern Utah,True,False,observed_scoring_school,34.12921348314607
southern_utah,2024-25,Southern Utah,WAC,221.0,53.5,FCS,0.0,53.5,0.0,https://dxbhsrqyrr690.cloudfront.net/sidearm.nextgen.sites/nacda.com/documents/2025/6/23/24.25DivIStandingsFinal.pdf,4.0,27.39273927392739,Southern Utah,True,False,observed_scoring_school,38.20224719101123
southern_utah,2025-26,Southern Utah,WAC,243.0,45.5,FCS,0.0,45.5,0.0,https://dxbhsrqyrr690.cloudfront.net/sidearm.nextgen.sites/nacda.com/documents/2026/6/24/25.26DI_Final.pdf,4.0,19.601328903654487,Southern Utah,True,False,observed_scoring_school,32.02247191011236
st_bonaventure,2017-18,St. Bonaventure,Atlantic 10,258.0,25.0,DI,0.0,25.0,0.0,https://dxbhsrqyrr690.cloudfront.net/sidearm.nextgen.sites/nacda.com/documents/2018/7/18/June29overallDI.pdf,6.0,7.363013698630137,St. Bonaventure,True,False,observed_scoring_school,22.270114942528735
st_bonaventure,2018-19,,,,0.0,,,,,,,,St. Bonaventure,False,True,kept_known_d1_program,8.0
st_bonaventure,2020-21,St. Bonaventure,Atlantic 10,255.0,25.0,DI,0.0,25.0,0.0,https://dxbhsrqyrr690.cloudfront.net/sidearm.nextgen.sites/nacda.com/documents/2021/7/1/July2OverallDI.pdf,5.0,8.70307167235495,St. Bonaventure,True,False,observed_scoring_school,24.43502824858757
st_bonaventure,2021-22,,,,0.0,,,,,,,,St. Bonaventure,False,True,kept_known_d1_program,8.591549295774648
st_bonaventure,2022-23,,,,0.0,,,,,,,,St. Bonaventure,False,True,kept_known_d1_program,7.5418994413407825
st_bonaventure,2023-24,,,,0.0,,,,,,,,St. Bonaventure,False,True,kept_known_d1_program,6.460674157303371
st_bonaventure,2024-25,,,,0.0,,,,,,,,St. Bonaventure,False,True,kept_known_d1_program,7.584269662921349
st_bonaventure,2025-26,,,,0.0,,,,,,,,St. Bonaventure,False,True,kept_known_d1_program,7.865168539325842
st_francis_ny,2017-18,St. Francis (NY),Northeast,258.0,25.0,DI,25.0,0.0,0.0,https://dxbhsrqyrr690.cloudfront.net/sidearm.nextgen.sites/nacda.com/documents/2018/7/18/June29overallDI.pdf,6.0,7.363013698630137,St. Francis (NY),True,False,observed_scoring_school,22.270114942528735
st_francis_ny,2018-19,,,,0.0,,,,,,,,St. Francis (NY),False,True,kept_known_d1_program,8.0
st_francis_ny,2020-21,St. Francis (NY),Northeast,215.0,50.0,DI,50.0,0.0,0.0,https://dxbhsrqyrr690.cloudfront.net/sidearm.nextgen.sites/nacda.com/documents/2021/7/1/July2OverallDI.pdf,4.0,24.2320819112628,St. Francis (NY),True,False,observed_scoring_school,37.28813559322034
st_francis_ny,2021-22,,,,0.0,,,,,,,,St. Francis (NY),False,True,kept_known_d1_program,8.591549295774648
st_francis_ny,2022-23,St. Francis (NY),Northeast,261.0,25.0,DI,0.0,0.0,25.0,https://dxbhsrqyrr690.cloudfront.net/sidearm.nextgen.sites/nacda.com/documents/2023/6/27/Final22.23Standings.pdf,5.0,10.0,St. Francis (NY),True,False,observed_scoring_school,23.324022346368714
st_john_s_ny,2017-18,St. John's (NY),Big East,136.0,134.5,DI,0.0,72.0,62.5,https://dxbhsrqyrr690.cloudfront.net/sidearm.nextgen.sites/nacda.com/documents/2018/7/18/June29overallDI.pdf,3.0,53.76712328767124,St. John's (NY),True,False,observed_scoring_school,61.206896551724135
st_john_s_ny,2018-19,St. John's (NY),Big East,149.0,105.0,DI,0.0,80.0,25.0,https://dxbhsrqyrr690.cloudfront.net/sidearm.nextgen.sites/nacda.com/documents/2019/6/27/June28DIOverall.pdf,3.0,49.83050847457628,St. John's (NY),True,False,observed_scoring_school,57.714285714285715
st_john_s_ny,2020-21,St. John's (NY),Big East,182.0,75.0,DI,0.0,75.0,0.0,https://dxbhsrqyrr690.cloudfront.net/sidearm.nextgen.sites/nacda.com/documents/2021/7/1/July2OverallDI.pdf,4.0,36.3481228668942,St. John's (NY),True,False,observed_scoring_school,47.31638418079096
st_john_s_ny,2021-22,St. John's (NY),Big East,100.0,183.0,DI,114.0,69.0,0.0,https://dxbhsrqyrr690.cloudfront.net/sidearm.nextgen.sites/nacda.com/documents/2022/6/30/FinalDIstandings.pdf,2.0,66.44067796610169,St. John's (NY),True,False,observed_scoring_school,72.11267605633803
st_john_s_ny,2022-23,St. John's (NY),Big East,152.0,119.0,DI,0.0,94.0,25.0,https://dxbhsrqyrr690.cloudfront.net/sidearm.nextgen.sites/nacda.com/documents/2023/6/27/Final22.23Standings.pdf,3.0,50.49180327868853,St. John's (NY),True,False,observed_scoring_school,57.821229050279335
st_john_s_ny,2023-24,St. John's (NY),Big East,152.0,106.5,DI,0.0,69.0,37.5,https://dxbhsrqyrr690.cloudfront.net/sidearm.nextgen.sites/nacda.com/documents/2024/6/26/23.24FinalDI.pdf,3.0,51.446945337620576,St. John's (NY),True,False,observed_scoring_school,57.58426966292135
st_john_s_ny,2024-25,St. John's (NY),Big East,115.0,150.0,DI,0.0,125.0,25.0,https://dxbhsrqyrr690.cloudfront.net/sidearm.nextgen.sites/nacda.com/documents/2025/6/23/24.25DivIStandingsFinal.pdf,2.0,62.211221122112214,St. John's (NY),True,False,observed_scoring_school,67.83707865168539
st_john_s_ny,2025-26,St. John's (NY),Big East,76.0,311.0,DI,25.0,197.0,89.0,https://dxbhsrqyrr690.cloudfront.net/sidearm.nextgen.sites/nacda.com/documents/2026/6/24/25.26DI_Final.pdf,2.0,75.08305647840533,St. John's (NY),True,False,observed_scoring_school,78.93258426966293
st_thomas,2021-22,,,,0.0,,,,,,,,St. Thomas,False,True,kept_known_d1_program,8.591549295774648
st_thomas,2022-23,,,,0.0,,,,,,,,St. Thomas,False,True,kept_known_d1_program,7.5418994413407825
st_thomas,2023-24,,,,0.0,,,,,,,,St. Thomas,False,True,kept_known_d1_program,6.460674157303371
st_thomas,2024-25,,,,0.0,,,,,,,,St. Thomas,False,True,kept_known_d1_program,7.584269662921349
st_thomas,2025-26,St. Thomas,Summit,265.0,25.0,FCS,25.0,0.0,0.0,https://dxbhsrqyrr690.cloudfront.net/sidearm.nextgen.sites/nacda.com/documents/2026/6/24/25.26DI_Final.pdf,5.0,7.308970099667775,St. Thomas,True,False,observed_scoring_school,21.629213483146067
stanford,2017-18,Stanford,Pac 12,1.0,1442.0,FBS,443.0,386.5,612.5,https://dxbhsrqyrr690.cloudfront.net/sidearm.nextgen.sites/nacda.com/documents/2018/7/18/June29overallDI.pdf,1.0,100.0,Stanford,True,False,observed_scoring_school,100.0
stanford,2018-19,Stanford,Pac 12,1.0,1503.75,FBS,496.0,350.5,657.25,https://dxbhsrqyrr690.cloudfront.net/sidearm.nextgen.sites/nacda.com/documents/2019/6/27/June28DIOverall.pdf,1.0,100.0,Stanford,True,False,observed_scoring_school,100.0
stanford,2020-21,Stanford,Pac 12,2.0,1195.75,FBS,339.0,383.0,473.75,https://dxbhsrqyrr690.cloudfront.net/sidearm.nextgen.sites/nacda.com/documents/2021/7/1/July2OverallDI.pdf,1.0,99.65870307167236,Stanford,True,False,observed_scoring_school,99.71751412429379
stanford,2021-22,Stanford,Pac-12,2.0,1352.25,FBS,198.5,465.25,688.5,https://dxbhsrqyrr690.cloudfront.net/sidearm.nextgen.sites/nacda.com/documents/2022/6/30/FinalDIstandings.pdf,1.0,99.66101694915255,Stanford,True,False,observed_scoring_school,99.71830985915493
stanford,2022-23,Stanford,Pac-12,1.0,1412.0,FBS,217.0,385.5,809.5,https://dxbhsrqyrr690.cloudfront.net/sidearm.nextgen.sites/nacda.com/documents/2023/6/27/Final22.23Standings.pdf,1.0,100.0,Stanford,True,False,observed_scoring_school,100.0
stanford,2023-24,Stanford,Pac-12,2.0,1312.75,FBS,371.0,383.75,558.0,https://dxbhsrqyrr690.cloudfront.net/sidearm.nextgen.sites/nacda.com/documents/2024/6/26/23.24FinalDI.pdf,1.0,99.67845659163989,Stanford,True,False,observed_scoring_school,99.71910112359551
stanford,2024-25,Stanford,ACC,3.0,1251.0,FBS,358.0,382.5,510.5,https://dxbhsrqyrr690.cloudfront.net/sidearm.nextgen.sites/nacda.com/documents/2025/6/23/24.25DivIStandingsFinal.pdf,1.0,99.33993399339934,Stanford,True,False,observed_scoring_school,99.43820224719101
stanford,2025-26,Stanford,ACC,2.0,1263.5,FBS,291.5,402.25,569.75,https://dxbhsrqyrr690.cloudfront.net/sidearm.nextgen.sites/nacda.com/documents/2026/6/24/25.26DI_Final.pdf,1.0,99.66777408637874,Stanford,True,False,observed_scoring_school,99.71910112359551
stephen_f_austin,2017-18,Stephen F. Austin,Southland,258.0,25.0,FCS,0.0,25.0,0.0,https://dxbhsrqyrr690.cloudfront.net/sidearm.nextgen.sites/nacda.com/documents/2018/7/18/June29overallDI.pdf,6.0,7.363013698630137,Stephen F. Austin,True,False,observed_scoring_school,22.270114942528735
stephen_f_austin,2018-19,Stephen F. Austin,Southland,120.0,138.0,FCS,25.0,113.0,0.0,https://dxbhsrqyrr690.cloudfront.net/sidearm.nextgen.sites/nacda.com/documents/2019/6/27/June28DIOverall.pdf,3.0,59.66101694915255,Stephen F. Austin,True,False,observed_scoring_school,66.0
stephen_f_austin,2020-21,Stephen F. Austin,Southland,117.0,124.25,FCS,0.0,62.0,62.25,https://dxbhsrqyrr690.cloudfront.net/sidearm.nextgen.sites/nacda.com/documents/2021/7/1/July2OverallDI.pdf,3.0,60.40955631399317,Stephen F. Austin,True,False,observed_scoring_school,67.2316384180791
stephen_f_austin,2021-22,Stephen F. Austin,WAC,93.0,204.0,FCS,25.0,150.0,29.0,https://dxbhsrqyrr690.cloudfront.net/sidearm.nextgen.sites/nacda.com/documents/2022/6/30/FinalDIstandings.pdf,2.0,68.8135593220339,Stephen F. Austin,True,False,observed_scoring_school,74.08450704225352
stephen_f_austin,2022-23,Stephen F. Austin,WAC,153.0,112.8,FCS,25.0,87.8,0.0,https://dxbhsrqyrr690.cloudfront.net/sidearm.nextgen.sites/nacda.com/documents/2023/6/27/Final22.23Standings.pdf,3.0,50.1639344262295,Stephen F. Austin,True,False,observed_scoring_school,57.54189944134078
stephen_f_austin,2023-24,Stephen F. Austin,WAC,262.0,25.0,FCS,25.0,0.0,0.0,https://dxbhsrqyrr690.cloudfront.net/sidearm.nextgen.sites/nacda.com/documents/2024/6/26/23.24FinalDI.pdf,5.0,10.128617363344052,Stephen F. Austin,True,False,observed_scoring_school,21.48876404494382
stephen_f_austin,2024-25,Stephen F. Austin,Southland,125.0,140.0,FCS,25.0,90.0,25.0,https://dxbhsrqyrr690.cloudfront.net/sidearm.nextgen.sites/nacda.com/documents/2025/6/23/24.25DivIStandingsFinal.pdf,2.0,58.745874587458744,Stephen F. Austin,True,False,observed_scoring_school,64.8876404494382
stephen_f_austin,2025-26,Stephen F. Austin,Southland,111.0,152.0,FCS,122.0,5.0,25.0,https://dxbhsrqyrr690.cloudfront.net/sidearm.nextgen.sites/nacda.com/documents/2026/6/24/25.26DI_Final.pdf,2.0,63.45514950166113,Stephen F. Austin,True,False,observed_scoring_school,69.10112359550563
stetson,2017-18,Stetson,Atlantic Sun,208.0,64.0,FCS,0.0,0.0,64.0,https://dxbhsrqyrr690.cloudfront.net/sidearm.nextgen.sites/nacda.com/documents/2018/7/18/June29overallDI.pdf,4.0,28.93835616438356,Stetson,True,False,observed_scoring_school,40.37356321839081
stetson,2018-19,Stetson,ASUN,248.0,40.0,FCS,0.0,0.0,40.0,https://dxbhsrqyrr690.cloudfront.net/sidearm.nextgen.sites/nacda.com/documents/2019/6/27/June28DIOverall.pdf,5.0,15.932203389830509,Stetson,True,False,observed_scoring_school,29.142857142857142
stetson,2020-21,,,,0.0,,,,,,,,Stetson,False,True,kept_known_d1_program,8.757062146892656
stetson,2021-22,Stetson,ASUN,229.0,50.0,FCS,0.0,0.0,50.0,https://dxbhsrqyrr690.cloudfront.net/sidearm.nextgen.sites/nacda.com/documents/2022/6/30/FinalDIstandings.pdf,5.0,20.0,Stetson,True,False,observed_scoring_school,33.52112676056338
stetson,2022-23,Stetson,ASUN,215.0,53.0,FCS,0.0,0.0,53.0,https://dxbhsrqyrr690.cloudfront.net/sidearm.nextgen.sites/nacda.com/documents/2023/6/27/Final22.23Standings.pdf,4.0,29.18032786885246,Stetson,True,False,observed_scoring_school,39.66480446927375
stetson,2023-24,Stetson,ASUN,159.0,97.5,FCS,0.0,25.0,72.5,https://dxbhsrqyrr690.cloudfront.net/sidearm.nextgen.sites/nacda.com/documents/2024/6/26/23.24FinalDI.pdf,3.0,49.19614147909968,Stetson,True,False,observed_scoring_school,55.61797752808989
stetson,2024-25,Stetson,ASUN,210.0,62.5,FCS,0.0,0.0,62.5,https://dxbhsrqyrr690.cloudfront.net/sidearm.nextgen.sites/nacda.com/documents/2025/6/23/24.25DivIStandingsFinal.pdf,4.0,30.693069306930692,Stetson,True,False,observed_scoring_school,41.01123595505618
stetson,2025-26,Stetson,ASUN,173.0,87.5,FCS,0.0,0.0,87.5,https://dxbhsrqyrr690.cloudfront.net/sidearm.nextgen.sites/nacda.com/documents/2026/6/24/25.26DI_Final.pdf,3.0,42.19269102990033,Stetson,True,False,observed_scoring_school,51.12359550561798
stonehill,2022-23,,,,0.0,,,,,,,,Stonehill,False,True,kept_known_d1_program,7.5418994413407825
stonehill,2023-24,Stonehill (2026-27),Northeast,262.0,25.0,DI,0.0,25.0,0.0,https://dxbhsrqyrr690.cloudfront.net/sidearm.nextgen.sites/nacda.com/documents/2024/6/26/23.24FinalDI.pdf,5.0,10.128617363344052,Stonehill,True,False,observed_scoring_school,21.48876404494382
stonehill,2024-25,,,,0.0,,,,,,,,Stonehill,False,True,kept_known_d1_program,7.584269662921349
stonehill,2025-26,Stonehill,NEC,265.0,25.0,FCS,0.0,0.0,25.0,https://dxbhsrqyrr690.cloudfront.net/sidearm.nextgen.sites/nacda.com/documents/2026/6/24/25.26DI_Final.pdf,5.0,7.308970099667775,Stonehill,True,False,observed_scoring_school,21.629213483146067
stony_brook,2017-18,Stony Brook,America East,90.0,206.5,FCS,136.5,0.0,70.0,https://dxbhsrqyrr690.cloudfront.net/sidearm.nextgen.sites/nacda.com/documents/2018/7/18/June29overallDI.pdf,2.0,69.52054794520548,Stony Brook,True,False,observed_scoring_school,74.42528735632183
stony_brook,2018-19,Stony Brook,America East,124.0,128.0,FCS,50.0,0.0,78.0,https://dxbhsrqyrr690.cloudfront.net/sidearm.nextgen.sites/nacda.com/documents/2019/6/27/June28DIOverall.pdf,3.0,58.30508474576271,Stony Brook,True,False,observed_scoring_school,64.85714285714286
stony_brook,2020-21,Stony Brook,America East,123.0,120.0,FCS,25.0,25.0,70.0,https://dxbhsrqyrr690.cloudfront.net/sidearm.nextgen.sites/nacda.com/documents/2021/7/1/July2OverallDI.pdf,3.0,58.19112627986348,Stony Brook,True,False,observed_scoring_school,65.3954802259887
stony_brook,2021-22,Stony Brook,America East,209.0,70.0,FCS,0.0,0.0,70.0,https://dxbhsrqyrr690.cloudfront.net/sidearm.nextgen.sites/nacda.com/documents/2022/6/30/FinalDIstandings.pdf,4.0,29.491525423728817,Stony Brook,True,False,observed_scoring_school,41.40845070422535
stony_brook,2022-23,Stony Brook,CAA,215.0,53.0,FCS,0.0,0.0,53.0,https://dxbhsrqyrr690.cloudfront.net/sidearm.nextgen.sites/nacda.com/documents/2023/6/27/Final22.23Standings.pdf,4.0,29.18032786885246,Stony Brook,True,False,observed_scoring_school,39.66480446927375
stony_brook,2023-24,Stony Brook,CAA,215.0,53.0,FCS,0.0,0.0,53.0,https://dxbhsrqyrr690.cloudfront.net/sidearm.nextgen.sites/nacda.com/documents/2024/6/26/23.24FinalDI.pdf,4.0,31.189710610932476,Stony Brook,True,False,observed_scoring_school,39.8876404494382
stony_brook,2024-25,Stony Brook,CAA,185.0,78.0,FCS,25.0,0.0,53.0,https://dxbhsrqyrr690.cloudfront.net/sidearm.nextgen.sites/nacda.com/documents/2025/6/23/24.25DivIStandingsFinal.pdf,3.0,39.273927392739274,Stony Brook,True,False,observed_scoring_school,48.31460674157304
stony_brook,2025-26,Stony Brook,CAA,165.0,95.0,FCS,0.0,0.0,95.0,https://dxbhsrqyrr690.cloudfront.net/sidearm.nextgen.sites/nacda.com/documents/2026/6/24/25.26DI_Final.pdf,3.0,45.01661129568107,Stony Brook,True,False,observed_scoring_school,53.51123595505618
syracuse,2017-18,Syracuse,ACC,46.0,539.75,FBS,164.0,172.25,203.5,https://dxbhsrqyrr690.cloudfront.net/sidearm.nextgen.sites/nacda.com/documents/2018/7/18/June29overallDI.pdf,1.0,84.58904109589042,Syracuse,True,False,observed_scoring_school,87.06896551724138
syracuse,2018-19,Syracuse,ACC,54.0,463.5,FBS,208.0,100.0,155.5,https://dxbhsrqyrr690.cloudfront.net/sidearm.nextgen.sites/nacda.com/documents/2019/6/27/June28DIOverall.pdf,2.0,82.03389830508473,Syracuse,True,False,observed_scoring_school,84.85714285714285
syracuse,2020-21,Syracuse,ACC,64.0,328.0,FBS,14.0,114.0,200.0,https://dxbhsrqyrr690.cloudfront.net/sidearm.nextgen.sites/nacda.com/documents/2021/7/1/July2OverallDI.pdf,2.0,78.49829351535837,Syracuse,True,False,observed_scoring_school,82.20338983050848
syracuse,2021-22,Syracuse,ACC,72.0,304.0,FBS,169.0,25.0,110.0,https://dxbhsrqyrr690.cloudfront.net/sidearm.nextgen.sites/nacda.com/documents/2022/6/30/FinalDIstandings.pdf,2.0,75.9322033898305,Syracuse,True,False,observed_scoring_school,80.0
syracuse,2022-23,Syracuse,ACC,45.0,559.5,FBS,310.5,66.0,183.0,https://dxbhsrqyrr690.cloudfront.net/sidearm.nextgen.sites/nacda.com/documents/2023/6/27/Final22.23Standings.pdf,1.0,85.57377049180329,Syracuse,True,False,observed_scoring_school,87.70949720670392
syracuse,2023-24,Syracuse,ACC,44.0,538.0,FBS,256.0,77.0,205.0,https://dxbhsrqyrr690.cloudfront.net/sidearm.nextgen.sites/nacda.com/documents/2024/6/26/23.24FinalDI.pdf,1.0,86.17363344051448,Syracuse,True,False,observed_scoring_school,87.92134831460675
syracuse,2024-25,Syracuse,ACC,61.0,407.0,FBS,217.0,0.0,190.0,https://dxbhsrqyrr690.cloudfront.net/sidearm.nextgen.sites/nacda.com/documents/2025/6/23/24.25DivIStandingsFinal.pdf,1.0,80.19801980198021,Syracuse,True,False,observed_scoring_school,83.14606741573034
syracuse,2025-26,Syracuse,ACC,59.0,447.0,FBS,198.0,50.0,199.0,https://dxbhsrqyrr690.cloudfront.net/sidearm.nextgen.sites/nacda.com/documents/2026/6/24/25.26DI_Final.pdf,1.0,80.73089700996677,Syracuse,True,False,observed_scoring_school,83.70786516853933
tcu,2017-18,TCU,Big 12,58.0,394.0,FBS,94.0,166.0,134.0,https://dxbhsrqyrr690.cloudfront.net/sidearm.nextgen.sites/nacda.com/documents/2018/7/18/June29overallDI.pdf,2.0,80.47945205479452,TCU,True,False,observed_scoring_school,83.62068965517241
tcu,2018-19,TCU,Big 12,42.0,557.0,FBS,95.0,177.5,284.5,https://dxbhsrqyrr690.cloudfront.net/sidearm.nextgen.sites/nacda.com/documents/2019/6/27/June28DIOverall.pdf,1.0,86.10169491525423,TCU,True,False,observed_scoring_school,88.28571428571429
tcu,2020-21,TCU,Big 12,45.0,470.0,FBS,78.0,137.0,255.0,https://dxbhsrqyrr690.cloudfront.net/sidearm.nextgen.sites/nacda.com/documents/2021/7/1/July2OverallDI.pdf,1.0,84.98293515358361,TCU,True,False,observed_scoring_school,87.57062146892656
tcu,2021-22,TCU,Big 12,40.0,564.5,FBS,64.0,206.75,293.75,https://dxbhsrqyrr690.cloudfront.net/sidearm.nextgen.sites/nacda.com/documents/2022/6/30/FinalDIstandings.pdf,1.0,86.77966101694915,TCU,True,False,observed_scoring_school,89.01408450704226
tcu,2022-23,TCU,Big 12,34.0,669.0,FBS,204.0,140.0,325.0,https://dxbhsrqyrr690.cloudfront.net/sidearm.nextgen.sites/nacda.com/documents/2023/6/27/Final22.23Standings.pdf,1.0,89.18032786885246,TCU,True,False,observed_scoring_school,90.78212290502793
tcu,2023-24,TCU,Big 12,69.0,352.5,FBS,50.0,125.0,177.5,https://dxbhsrqyrr690.cloudfront.net/sidearm.nextgen.sites/nacda.com/documents/2024/6/26/23.24FinalDI.pdf,2.0,78.13504823151125,TCU,True,False,observed_scoring_school,80.89887640449437
tcu,2024-25,TCU,Big 12,38.0,639.5,FBS,145.0,169.5,325.0,https://dxbhsrqyrr690.cloudfront.net/sidearm.nextgen.sites/nacda.com/documents/2025/6/23/24.25DivIStandingsFinal.pdf,1.0,87.78877887788778,TCU,True,False,observed_scoring_school,89.60674157303372
tcu,2025-26,TCU,Big 12,33.0,675.0,FBS,178.0,242.0,255.0,https://dxbhsrqyrr690.cloudfront.net/sidearm.nextgen.sites/nacda.com/documents/2026/6/24/25.26DI_Final.pdf,1.0,89.3687707641196,TCU,True,False,observed_scoring_school,91.01123595505618
tarleton_state,2020-21,,,,0.0,,,,,,,,Tarleton State,False,True,kept_known_d1_program,8.757062146892656
tarleton_state,2021-22,,,,0.0,,,,,,,,Tarleton State,False,True,kept_known_d1_program,8.591549295774648
tarleton_state,2022-23,,,,0.0,,,,,,,,Tarleton State,False,True,kept_known_d1_program,7.5418994413407825
tarleton_state,2023-24,,,,0.0,,,,,,,,Tarleton State,False,True,kept_known_d1_program,6.460674157303371
tarleton_state,2024-25,Tarleton State,WAC,136.0,124.8,FCS,45.0,43.5,36.3,https://dxbhsrqyrr690.cloudfront.net/sidearm.nextgen.sites/nacda.com/documents/2025/6/23/24.25DivIStandingsFinal.pdf,3.0,55.44554455445545,Tarleton State,True,False,observed_scoring_school,62.07865168539326
tarleton_state,2025-26,Tarleton State,WAC,86.0,257.5,FCS,70.0,92.5,95.0,https://dxbhsrqyrr690.cloudfront.net/sidearm.nextgen.sites/nacda.com/documents/2026/6/24/25.26DI_Final.pdf,2.0,71.76079734219269,Tarleton State,True,False,observed_scoring_school,76.12359550561798
temple,2017-18,Temple,American,174.0,90.0,FBS,45.0,45.0,0.0,https://dxbhsrqyrr690.cloudfront.net/sidearm.nextgen.sites/nacda.com/documents/2018/7/18/June29overallDI.pdf,4.0,40.75342465753425,Temple,True,False,observed_scoring_school,50.287356321839084
temple,2018-19,Temple,American,152.0,103.0,FBS,53.0,50.0,0.0,https://dxbhsrqyrr690.cloudfront.net/sidearm.nextgen.sites/nacda.com/documents/2019/6/27/June28DIOverall.pdf,3.0,48.8135593220339,Temple,True,False,observed_scoring_school,56.85714285714286
temple,2020-21,Temple,American,136.0,107.0,FBS,0.0,54.0,53.0,https://dxbhsrqyrr690.cloudfront.net/sidearm.nextgen.sites/nacda.com/documents/2021/7/1/July2OverallDI.pdf,3.0,53.58361774744027,Temple,True,False,observed_scoring_school,61.5819209039548
temple,2021-22,Temple,American,254.0,34.0,FBS,0.0,34.0,0.0,https://dxbhsrqyrr690.cloudfront.net/sidearm.nextgen.sites/nacda.com/documents/2022/6/30/FinalDIstandings.pdf,5.0,14.23728813559322,Temple,True,False,observed_scoring_school,28.732394366197184
temple,2022-23,Temple,American,292.0,22.0,FBS,0.0,22.0,0.0,https://dxbhsrqyrr690.cloudfront.net/sidearm.nextgen.sites/nacda.com/documents/2023/6/27/Final22.23Standings.pdf,5.0,4.426229508196721,Temple,True,False,observed_scoring_school,18.575418994413408
temple,2023-24,Temple,American,253.0,30.0,FBS,0.0,30.0,0.0,https://dxbhsrqyrr690.cloudfront.net/sidearm.nextgen.sites/nacda.com/documents/2024/6/26/23.24FinalDI.pdf,4.0,18.167202572347264,Temple,True,False,observed_scoring_school,28.51123595505618
temple,2024-25,Temple,American,242.0,46.0,FBS,0.0,46.0,0.0,https://dxbhsrqyrr690.cloudfront.net/sidearm.nextgen.sites/nacda.com/documents/2025/6/23/24.25DivIStandingsFinal.pdf,4.0,20.462046204620464,Temple,True,False,observed_scoring_school,32.30337078651686
temple,2025-26,,,,0.0,,,,,,,,Temple,False,True,kept_known_d1_program,7.865168539325842
tennessee,2017-18,Tennessee,SEC,35.0,624.5,FBS,83.5,290.0,251.0,https://dxbhsrqyrr690.cloudfront.net/sidearm.nextgen.sites/nacda.com/documents/2018/7/18/June29overallDI.pdf,1.0,88.35616438356165,Tennessee,True,False,observed_scoring_school,90.22988505747126
tennessee,2018-19,Tennessee,SEC,25.0,797.75,FBS,150.0,312.75,335.0,https://dxbhsrqyrr690.cloudfront.net/sidearm.nextgen.sites/nacda.com/documents/2019/6/27/June28DIOverall.pdf,1.0,91.864406779661,Tennessee,True,False,observed_scoring_school,93.14285714285714
tennessee,2020-21,Tennessee,SEC,26.0,748.0,FBS,0.0,277.5,470.5,https://dxbhsrqyrr690.cloudfront.net/sidearm.nextgen.sites/nacda.com/documents/2021/7/1/July2OverallDI.pdf,1.0,91.46757679180888,Tennessee,True,False,observed_scoring_school,92.93785310734464
tennessee,2021-22,Tennessee,SEC,13.0,921.0,FBS,166.0,381.0,374.0,https://dxbhsrqyrr690.cloudfront.net/sidearm.nextgen.sites/nacda.com/documents/2022/6/30/FinalDIstandings.pdf,1.0,95.9322033898305,Tennessee,True,False,observed_scoring_school,96.61971830985917
tennessee,2022-23,Tennessee,SEC,6.0,1078.75,FBS,203.5,407.0,468.25,https://dxbhsrqyrr690.cloudfront.net/sidearm.nextgen.sites/nacda.com/documents/2023/6/27/Final22.23Standings.pdf,1.0,98.36065573770492,Tennessee,True,False,observed_scoring_school,98.60335195530726
tennessee,2023-24,Tennessee,SEC,3.0,1217.0,FBS,292.5,333.0,591.5,https://dxbhsrqyrr690.cloudfront.net/sidearm.nextgen.sites/nacda.com/documents/2024/6/26/23.24FinalDI.pdf,1.0,99.35691318327974,Tennessee,True,False,observed_scoring_school,99.43820224719101
tennessee,2024-25,Tennessee,SEC,6.0,1078.0,FBS,195.5,346.25,536.25,https://dxbhsrqyrr690.cloudfront.net/sidearm.nextgen.sites/nacda.com/documents/2025/6/23/24.25DivIStandingsFinal.pdf,1.0,98.34983498349835,Tennessee,True,False,observed_scoring_school,98.59550561797754
tennessee,2025-26,Tennessee,SEC,15.0,964.75,FBS,146.0,301.0,517.75,https://dxbhsrqyrr690.cloudfront.net/sidearm.nextgen.sites/nacda.com/documents/2026/6/24/25.26DI_Final.pdf,1.0,95.34883720930232,Tennessee,True,False,observed_scoring_school,96.06741573033707
tennessee_chattanooga,2017-18,Tennessee Chattanooga,SoCon,257.0,25.5,FCS,0.0,25.5,0.0,https://dxbhsrqyrr690.cloudfront.net/sidearm.nextgen.sites/nacda.com/documents/2018/7/18/June29overallDI.pdf,5.0,12.32876712328767,Tennessee Chattanooga,True,False,observed_scoring_school,26.436781609195403
tennessee_chattanooga,2018-19,Tennessee Chattanooga,SoCon,248.0,40.0,FCS,0.0,15.0,25.0,https://dxbhsrqyrr690.cloudfront.net/sidearm.nextgen.sites/nacda.com/documents/2019/6/27/June28DIOverall.pdf,5.0,15.932203389830509,Tennessee Chattanooga,True,False,observed_scoring_school,29.142857142857142
tennessee_chattanooga,2020-21,Tennessee Chattanooga,SoCon,285.0,18.5,FCS,0.0,18.5,0.0,https://dxbhsrqyrr690.cloudfront.net/sidearm.nextgen.sites/nacda.com/documents/2021/7/1/July2OverallDI.pdf,5.0,3.0716723549488054,Tennessee Chattanooga,True,False,observed_scoring_school,19.774011299435028
tennessee_chattanooga,2021-22,Tennessee Chattanooga,SoCon,193.0,78.5,FCS,0.0,41.0,37.5,https://dxbhsrqyrr690.cloudfront.net/sidearm.nextgen.sites/nacda.com/documents/2022/6/30/FinalDIstandings.pdf,4.0,34.91525423728813,Tennessee Chattanooga,True,False,observed_scoring_school,45.91549295774648
tennessee_chattanooga,2022-23,Tennessee Chattanooga,SoCon,163.0,104.5,FCS,0.0,54.0,50.5,https://dxbhsrqyrr690.cloudfront.net/sidearm.nextgen.sites/nacda.com/documents/2023/6/27/Final22.23Standings.pdf,3.0,46.885245901639344,Tennessee Chattanooga,True,False,observed_scoring_school,54.7486033519553
tennessee_chattanooga,2023-24,Tennessee Chattanooga,SoCon,110.0,164.0,FCS,53.0,45.0,66.0,https://dxbhsrqyrr690.cloudfront.net/sidearm.nextgen.sites/nacda.com/documents/2024/6/26/23.24FinalDI.pdf,2.0,64.79099678456592,Tennessee Chattanooga,True,False,observed_scoring_school,69.24157303370787
tennessee_chattanooga,2024-25,Tennessee Chattanooga,SoCon,239.0,48.5,FCS,0.0,23.5,25.0,https://dxbhsrqyrr690.cloudfront.net/sidearm.nextgen.sites/nacda.com/documents/2025/6/23/24.25DivIStandingsFinal.pdf,4.0,21.45214521452145,Tennessee Chattanooga,True,False,observed_scoring_school,33.146067415730336
tennessee_chattanooga,2025-26,Tennessee Chattanooga,SoCon,173.0,87.5,FCS,0.0,15.0,72.5,https://dxbhsrqyrr690.cloudfront.net/sidearm.nextgen.sites/nacda.com/documents/2026/6/24/25.26DI_Final.pdf,3.0,42.19269102990033,Tennessee Chattanooga,True,False,observed_scoring_school,51.12359550561798
tennessee_martin,2017-18,,,,0.0,,,,,,,,Tennessee Martin,False,True,kept_known_d1_program,8.189655172413794
tennessee_martin,2018-19,,,,0.0,,,,,,,,Tennessee Martin,False,True,kept_known_d1_program,8.0
tennessee_martin,2020-21,Tennessee Martin,OVC,290.0,8.0,FCS,0.0,0.0,8.0,https://dxbhsrqyrr690.cloudfront.net/sidearm.nextgen.sites/nacda.com/documents/2021/7/1/July2OverallDI.pdf,6.0,1.3651877133105803,Tennessee Martin,True,False,observed_scoring_school,18.361581920903955
tennessee_martin,2021-22,Tennessee Martin,OVC,188.0,83.0,FCS,53.0,0.0,30.0,https://dxbhsrqyrr690.cloudfront.net/sidearm.nextgen.sites/nacda.com/documents/2022/6/30/FinalDIstandings.pdf,4.0,36.271186440677965,Tennessee Martin,True,False,observed_scoring_school,47.04225352112676
tennessee_martin,2022-23,Tennessee Martin,OVC,261.0,25.0,FCS,0.0,0.0,25.0,https://dxbhsrqyrr690.cloudfront.net/sidearm.nextgen.sites/nacda.com/documents/2023/6/27/Final22.23Standings.pdf,5.0,10.0,Tennessee Martin,True,False,observed_scoring_school,23.324022346368714
tennessee_martin,2023-24,Tennessee Martin,OVC,306.0,5.0,FCS,0.0,5.0,0.0,https://dxbhsrqyrr690.cloudfront.net/sidearm.nextgen.sites/nacda.com/documents/2024/6/26/23.24FinalDI.pdf,5.0,1.1254019292604502,Tennessee Martin,True,False,observed_scoring_school,13.623595505617978
tennessee_martin,2024-25,Tennessee Martin,OVC,244.0,45.0,FCS,45.0,0.0,0.0,https://dxbhsrqyrr690.cloudfront.net/sidearm.nextgen.sites/nacda.com/documents/2025/6/23/24.25DivIStandingsFinal.pdf,4.0,19.141914191419144,Tennessee Martin,True,False,observed_scoring_school,31.179775280898873
tennessee_martin,2025-26,,,,0.0,,,,,,,,Tennessee Martin,False,True,kept_known_d1_program,7.865168539325842
tennessee_state,2017-18,,,,0.0,,,,,,,,Tennessee State,False,True,kept_known_d1_program,8.189655172413794
tennessee_state,2018-19,,,,0.0,,,,,,,,Tennessee State,False,True,kept_known_d1_program,8.0
tennessee_state,2020-21,,,,0.0,,,,,,,,Tennessee State,False,True,kept_known_d1_program,8.757062146892656
tennessee_state,2021-22,Tennessee State,OVC,250.0,43.0,FCS,0.0,43.0,0.0,https://dxbhsrqyrr690.cloudfront.net/sidearm.nextgen.sites/nacda.com/documents/2022/6/30/FinalDIstandings.pdf,5.0,15.593220338983052,Tennessee State,True,False,observed_scoring_school,29.859154929577464
tennessee_state,2022-23,Tennessee State,OVC,261.0,25.0,FCS,25.0,0.0,0.0,https://dxbhsrqyrr690.cloudfront.net/sidearm.nextgen.sites/nacda.com/documents/2023/6/27/Final22.23Standings.pdf,5.0,10.0,Tennessee State,True,False,observed_scoring_school,23.324022346368714
tennessee_state,2023-24,,,,0.0,,,,,,,,Tennessee State,False,True,kept_known_d1_program,6.460674157303371
tennessee_state,2024-25,Tennessee State,OVC,264.0,25.0,FCS,25.0,0.0,0.0,https://dxbhsrqyrr690.cloudfront.net/sidearm.nextgen.sites/nacda.com/documents/2025/6/23/24.25DivIStandingsFinal.pdf,5.0,9.075907590759076,Tennessee State,True,False,observed_scoring_school,22.6123595505618
tennessee_state,2025-26,Tennessee State,OVC,265.0,25.0,FCS,0.0,25.0,0.0,https://dxbhsrqyrr690.cloudfront.net/sidearm.nextgen.sites/nacda.com/documents/2026/6/24/25.26DI_Final.pdf,5.0,7.308970099667775,Tennessee State,True,False,observed_scoring_school,21.629213483146067
tennessee_tech,2017-18,Tennessee Tech,OVC,175.0,89.0,FCS,0.0,0.0,89.0,https://dxbhsrqyrr690.cloudfront.net/sidearm.nextgen.sites/nacda.com/documents/2018/7/18/June29overallDI.pdf,4.0,40.23972602739726,Tennessee Tech,True,False,observed_scoring_school,49.85632183908046
tennessee_tech,2018-19,Tennessee Tech,OVC,266.0,25.0,FCS,0.0,0.0,25.0,https://dxbhsrqyrr690.cloudfront.net/sidearm.nextgen.sites/nacda.com/documents/2019/6/27/June28DIOverall.pdf,6.0,6.779661016949152,Tennessee Tech,True,False,observed_scoring_school,21.428571428571427
tennessee_tech,2020-21,,,,0.0,,,,,,,,Tennessee Tech,False,True,kept_known_d1_program,8.757062146892656
tennessee_tech,2021-22,Tennessee Tech,OVC,266.0,25.0,FCS,0.0,0.0,25.0,https://dxbhsrqyrr690.cloudfront.net/sidearm.nextgen.sites/nacda.com/documents/2022/6/30/FinalDIstandings.pdf,6.0,5.932203389830509,Tennessee Tech,True,False,observed_scoring_school,21.830985915492956
tennessee_tech,2022-23,Tennessee Tech,OVC,261.0,25.0,FCS,0.0,25.0,0.0,https://dxbhsrqyrr690.cloudfront.net/sidearm.nextgen.sites/nacda.com/documents/2023/6/27/Final22.23Standings.pdf,5.0,10.0,Tennessee Tech,True,False,observed_scoring_school,23.324022346368714
tennessee_tech,2023-24,Tennessee Tech,OVC,306.0,5.0,FCS,0.0,0.0,5.0,https://dxbhsrqyrr690.cloudfront.net/sidearm.nextgen.sites/nacda.com/documents/2024/6/26/23.24FinalDI.pdf,5.0,1.1254019292604502,Tennessee Tech,True,False,observed_scoring_school,13.623595505617978
tennessee_tech,2024-25,Tennessee Tech,OVC,264.0,25.0,FCS,0.0,25.0,0.0,https://dxbhsrqyrr690.cloudfront.net/sidearm.nextgen.sites/nacda.com/documents/2025/6/23/24.25DivIStandingsFinal.pdf,5.0,9.075907590759076,Tennessee Tech,True,False,observed_scoring_school,22.6123595505618
tennessee_tech,2025-26,Tennessee Tech,OVC,188.0,75.0,FCS,50.0,0.0,25.0,https://dxbhsrqyrr690.cloudfront.net/sidearm.nextgen.sites/nacda.com/documents/2026/6/24/25.26DI_Final.pdf,4.0,36.7109634551495,Tennessee Tech,True,False,observed_scoring_school,46.48876404494382
texas,2017-18,Texas,Big 12,5.0,1143.25,FBS,269.0,327.0,547.25,https://dxbhsrqyrr690.cloudfront.net/sidearm.nextgen.sites/nacda.com/documents/2018/7/18/June29overallDI.pdf,1.0,98.63013698630137,Texas,True,False,observed_scoring_school,98.85057471264368
texas,2018-19,Texas,Big 12,4.0,1148.5,FBS,232.0,315.25,601.25,https://dxbhsrqyrr690.cloudfront.net/sidearm.nextgen.sites/nacda.com/documents/2019/6/27/June28DIOverall.pdf,1.0,98.98305084745763,Texas,True,False,observed_scoring_school,99.14285714285714
texas,2020-21,Texas,Big 12,1.0,1252.0,FBS,144.0,414.25,693.75,https://dxbhsrqyrr690.cloudfront.net/sidearm.nextgen.sites/nacda.com/documents/2021/7/1/July2OverallDI.pdf,1.0,100.0,Texas,True,False,observed_scoring_school,100.0
texas,2021-22,Texas,Big 12,1.0,1449.5,FBS,186.5,493.0,770.0,https://dxbhsrqyrr690.cloudfront.net/sidearm.nextgen.sites/nacda.com/documents/2022/6/30/FinalDIstandings.pdf,1.0,100.0,Texas,True,False,observed_scoring_school,100.0
texas,2022-23,Texas,Big 12,2.0,1370.5,FBS,255.0,460.75,654.75,https://dxbhsrqyrr690.cloudfront.net/sidearm.nextgen.sites/nacda.com/documents/2023/6/27/Final22.23Standings.pdf,1.0,99.672131147541,Texas,True,False,observed_scoring_school,99.72067039106145
texas,2023-24,Texas,Big 12,1.0,1377.0,FBS,316.0,402.5,658.5,https://dxbhsrqyrr690.cloudfront.net/sidearm.nextgen.sites/nacda.com/documents/2024/6/26/23.24FinalDI.pdf,1.0,100.0,Texas,True,False,observed_scoring_school,100.0
texas,2024-25,Texas,SEC,1.0,1255.25,FBS,242.0,319.0,694.25,https://dxbhsrqyrr690.cloudfront.net/sidearm.nextgen.sites/nacda.com/documents/2025/6/23/24.25DivIStandingsFinal.pdf,1.0,100.0,Texas,True,False,observed_scoring_school,100.0
texas,2025-26,Texas,SEC,1.0,1322.0,FBS,136.0,426.5,759.5,https://dxbhsrqyrr690.cloudfront.net/sidearm.nextgen.sites/nacda.com/documents/2026/6/24/25.26DI_Final.pdf,1.0,100.0,Texas,True,False,observed_scoring_school,100.0
texas_a_m,2017-18,Texas A&M,SEC,10.0,1005.5,FBS,108.5,416.25,480.75,https://dxbhsrqyrr690.cloudfront.net/sidearm.nextgen.sites/nacda.com/documents/2018/7/18/June29overallDI.pdf,1.0,96.91780821917808,Texas A&M,True,False,observed_scoring_school,97.41379310344827
texas_a_m,2018-19,Texas A&M,SEC,15.0,933.75,FBS,177.5,317.5,438.75,https://dxbhsrqyrr690.cloudfront.net/sidearm.nextgen.sites/nacda.com/documents/2019/6/27/June28DIOverall.pdf,1.0,95.25423728813558,Texas A&M,True,False,observed_scoring_school,96.0
texas_a_m,2020-21,Texas A&M,SEC,19.0,846.25,FBS,153.0,316.0,377.25,https://dxbhsrqyrr690.cloudfront.net/sidearm.nextgen.sites/nacda.com/documents/2021/7/1/July2OverallDI.pdf,1.0,93.85665529010238,Texas A&M,True,False,observed_scoring_school,94.91525423728814
texas_a_m,2021-22,Texas A&M,SEC,25.0,794.75,FBS,49.0,224.25,521.5,https://dxbhsrqyrr690.cloudfront.net/sidearm.nextgen.sites/nacda.com/documents/2022/6/30/FinalDIstandings.pdf,1.0,91.864406779661,Texas A&M,True,False,observed_scoring_school,93.2394366197183
texas_a_m,2022-23,Texas A&M,SEC,24.0,808.75,FBS,78.0,236.25,494.5,https://dxbhsrqyrr690.cloudfront.net/sidearm.nextgen.sites/nacda.com/documents/2023/6/27/Final22.23Standings.pdf,1.0,92.45901639344262,Texas A&M,True,False,observed_scoring_school,93.57541899441341
texas_a_m,2023-24,Texas A&M,SEC,6.0,1059.25,FBS,144.0,330.0,585.25,https://dxbhsrqyrr690.cloudfront.net/sidearm.nextgen.sites/nacda.com/documents/2024/6/26/23.24FinalDI.pdf,1.0,98.39228295819936,Texas A&M,True,False,observed_scoring_school,98.59550561797754
texas_a_m,2024-25,Texas A&M,SEC,15.0,907.75,FBS,116.0,301.25,490.5,https://dxbhsrqyrr690.cloudfront.net/sidearm.nextgen.sites/nacda.com/documents/2025/6/23/24.25DivIStandingsFinal.pdf,1.0,95.37953795379538,Texas A&M,True,False,observed_scoring_school,96.06741573033707
texas_a_m,2025-26,Texas A&M,SEC,12.0,980.0,FBS,240.5,266.5,473.0,https://dxbhsrqyrr690.cloudfront.net/sidearm.nextgen.sites/nacda.com/documents/2026/6/24/25.26DI_Final.pdf,1.0,96.3455149501661,Texas A&M,True,False,observed_scoring_school,96.91011235955057
texas_a_m_corpus_christi,2017-18,,,,0.0,,,,,,,,Texas A&M Corpus Christi,False,True,kept_known_d1_program,8.189655172413794
texas_a_m_corpus_christi,2018-19,Texas A&M Corpus Christi,Southland,266.0,25.0,DI,0.0,0.0,25.0,https://dxbhsrqyrr690.cloudfront.net/sidearm.nextgen.sites/nacda.com/documents/2019/6/27/June28DIOverall.pdf,6.0,6.779661016949152,Texas A&M Corpus Christi,True,False,observed_scoring_school,21.428571428571427
texas_a_m_corpus_christi,2020-21,Texas A&M Corpus Christi,Southland,153.0,96.0,DI,25.0,0.0,71.0,https://dxbhsrqyrr690.cloudfront.net/sidearm.nextgen.sites/nacda.com/documents/2021/7/1/July2OverallDI.pdf,3.0,48.122866894197955,Texas A&M Corpus Christi,True,False,observed_scoring_school,57.06214689265536
texas_a_m_corpus_christi,2021-22,Texas A&M Corpus Christi,Southland,192.0,80.0,DI,25.0,5.0,50.0,https://dxbhsrqyrr690.cloudfront.net/sidearm.nextgen.sites/nacda.com/documents/2022/6/30/FinalDIstandings.pdf,4.0,35.25423728813559,Texas A&M Corpus Christi,True,False,observed_scoring_school,46.19718309859155
texas_a_m_corpus_christi,2022-23,Texas A&M Corpus Christi,Southland,137.0,128.0,DI,0.0,25.0,103.0,https://dxbhsrqyrr690.cloudfront.net/sidearm.nextgen.sites/nacda.com/documents/2023/6/27/Final22.23Standings.pdf,3.0,55.40983606557377,Texas A&M Corpus Christi,True,False,observed_scoring_school,62.01117318435754
texas_a_m_corpus_christi,2023-24,Texas A&M Corpus Christi,Southland,160.0,95.0,DI,0.0,25.0,70.0,https://dxbhsrqyrr690.cloudfront.net/sidearm.nextgen.sites/nacda.com/documents/2024/6/26/23.24FinalDI.pdf,3.0,48.71382636655949,Texas A&M Corpus Christi,True,False,observed_scoring_school,55.19662921348315
texas_a_m_corpus_christi,2024-25,Texas A&M Corpus Christi,Southland,258.0,30.0,DI,25.0,0.0,5.0,https://dxbhsrqyrr690.cloudfront.net/sidearm.nextgen.sites/nacda.com/documents/2025/6/23/24.25DivIStandingsFinal.pdf,5.0,14.686468646864686,Texas A&M Corpus Christi,True,False,observed_scoring_school,27.3876404494382
texas_a_m_corpus_christi,2025-26,Texas A&M Corpus Christi,Southland,225.0,50.0,DI,0.0,0.0,50.0,https://dxbhsrqyrr690.cloudfront.net/sidearm.nextgen.sites/nacda.com/documents/2026/6/24/25.26DI_Final.pdf,4.0,23.089700996677745,Texas A&M Corpus Christi,True,False,observed_scoring_school,34.97191011235955
texas_arlington,2017-18,Texas Arlington,Sun Belt,236.0,47.0,DI,0.0,0.0,47.0,https://dxbhsrqyrr690.cloudfront.net/sidearm.nextgen.sites/nacda.com/documents/2018/7/18/June29overallDI.pdf,5.0,19.34931506849315,Texas Arlington,True,False,observed_scoring_school,32.327586206896555
texas_arlington,2018-19,,,,0.0,,,,,,,,Texas Arlington,False,True,kept_known_d1_program,8.0
texas_arlington,2020-21,Texas Arlington,Sun Belt,287.0,13.0,DI,0.0,13.0,0.0,https://dxbhsrqyrr690.cloudfront.net/sidearm.nextgen.sites/nacda.com/documents/2021/7/1/July2OverallDI.pdf,5.0,2.04778156996587,Texas Arlington,True,False,observed_scoring_school,18.926553672316384
texas_arlington,2021-22,Texas Arlington,Sun Belt,205.0,72.0,DI,0.0,25.0,47.0,https://dxbhsrqyrr690.cloudfront.net/sidearm.nextgen.sites/nacda.com/documents/2022/6/30/FinalDIstandings.pdf,4.0,30.508474576271187,Texas Arlington,True,False,observed_scoring_school,42.25352112676056
texas_arlington,2022-23,Texas Arlington,WAC,261.0,25.0,DI,0.0,0.0,25.0,https://dxbhsrqyrr690.cloudfront.net/sidearm.nextgen.sites/nacda.com/documents/2023/6/27/Final22.23Standings.pdf,5.0,10.0,Texas Arlington,True,False,observed_scoring_school,23.324022346368714
texas_arlington,2023-24,Texas Arlington,WAC,235.0,45.5,DI,0.0,0.0,45.5,https://dxbhsrqyrr690.cloudfront.net/sidearm.nextgen.sites/nacda.com/documents/2024/6/26/23.24FinalDI.pdf,4.0,24.59807073954984,Texas Arlington,True,False,observed_scoring_school,34.12921348314607
texas_arlington,2024-25,Texas Arlington,WAC,264.0,25.0,DI,25.0,0.0,0.0,https://dxbhsrqyrr690.cloudfront.net/sidearm.nextgen.sites/nacda.com/documents/2025/6/23/24.25DivIStandingsFinal.pdf,5.0,9.075907590759076,Texas Arlington,True,False,observed_scoring_school,22.6123595505618
texas_arlington,2025-26,,,,0.0,,,,,,,,Texas Arlington,False,True,kept_known_d1_program,7.865168539325842
texas_southern,2017-18,Texas Southern,SWAC,217.0,50.0,FCS,0.0,25.0,25.0,https://dxbhsrqyrr690.cloudfront.net/sidearm.nextgen.sites/nacda.com/documents/2018/7/18/June29overallDI.pdf,5.0,22.945205479452056,Texas Southern,True,False,observed_scoring_school,35.3448275862069
texas_southern,2018-19,,,,0.0,,,,,,,,Texas Southern,False,True,kept_known_d1_program,8.0
texas_southern,2020-21,Texas Southern,SWAC,255.0,25.0,FCS,0.0,25.0,0.0,https://dxbhsrqyrr690.cloudfront.net/sidearm.nextgen.sites/nacda.com/documents/2021/7/1/July2OverallDI.pdf,5.0,8.70307167235495,Texas Southern,True,False,observed_scoring_school,24.43502824858757
texas_southern,2021-22,Texas Southern,SWAC,258.0,30.0,FCS,0.0,25.0,5.0,https://dxbhsrqyrr690.cloudfront.net/sidearm.nextgen.sites/nacda.com/documents/2022/6/30/FinalDIstandings.pdf,5.0,12.033898305084746,Texas Southern,True,False,observed_scoring_school,26.901408450704224
texas_southern,2022-23,Texas Southern,SWAC,298.0,5.0,FCS,0.0,5.0,0.0,https://dxbhsrqyrr690.cloudfront.net/sidearm.nextgen.sites/nacda.com/documents/2023/6/27/Final22.23Standings.pdf,5.0,1.475409836065574,Texas Southern,True,False,observed_scoring_school,16.061452513966483
texas_southern,2023-24,,,,0.0,,,,,,,,Texas Southern,False,True,kept_known_d1_program,6.460674157303371
texas_southern,2024-25,,,,0.0,,,,,,,,Texas Southern,False,True,kept_known_d1_program,7.584269662921349
texas_southern,2025-26,,,,0.0,,,,,,,,Texas Southern,False,True,kept_known_d1_program,7.865168539325842
texas_state,2017-18,Texas State,Sun Belt,177.0,87.5,FBS,33.5,16.5,37.5,https://dxbhsrqyrr690.cloudfront.net/sidearm.nextgen.sites/nacda.com/documents/2018/7/18/June29overallDI.pdf,4.0,39.726027397260275,Texas State,True,False,observed_scoring_school,49.42528735632184
texas_state,2018-19,Texas State,Sun Belt,182.0,78.0,FBS,78.0,0.0,0.0,https://dxbhsrqyrr690.cloudfront.net/sidearm.nextgen.sites/nacda.com/documents/2019/6/27/June28DIOverall.pdf,4.0,38.47457627118643,Texas State,True,False,observed_scoring_school,48.142857142857146
texas_state,2020-21,Texas State,Sun Belt,166.0,87.5,FBS,50.0,0.0,37.5,https://dxbhsrqyrr690.cloudfront.net/sidearm.nextgen.sites/nacda.com/documents/2021/7/1/July2OverallDI.pdf,3.0,43.68600682593857,Texas State,True,False,observed_scoring_school,53.38983050847458
texas_state,2021-22,Texas State,Sun Belt,141.0,123.0,FBS,0.0,31.5,91.5,https://dxbhsrqyrr690.cloudfront.net/sidearm.nextgen.sites/nacda.com/documents/2022/6/30/FinalDIstandings.pdf,3.0,52.3728813559322,Texas State,True,False,observed_scoring_school,60.4225352112676
texas_state,2022-23,Texas State,Sun Belt,220.0,52.5,FBS,0.0,0.0,52.5,https://dxbhsrqyrr690.cloudfront.net/sidearm.nextgen.sites/nacda.com/documents/2023/6/27/Final22.23Standings.pdf,4.0,28.196721311475407,Texas State,True,False,observed_scoring_school,38.8268156424581
texas_state,2023-24,Texas State,Sun Belt,103.0,182.5,FBS,70.0,0.0,112.5,https://dxbhsrqyrr690.cloudfront.net/sidearm.nextgen.sites/nacda.com/documents/2024/6/26/23.24FinalDI.pdf,2.0,67.20257234726688,Texas State,True,False,observed_scoring_school,71.34831460674157
texas_state,2024-25,Texas State,Sun Belt,112.0,152.5,FBS,70.0,0.0,82.5,https://dxbhsrqyrr690.cloudfront.net/sidearm.nextgen.sites/nacda.com/documents/2025/6/23/24.25DivIStandingsFinal.pdf,2.0,63.20132013201321,Texas State,True,False,observed_scoring_school,68.67977528089888
texas_state,2025-26,Texas State,Sun Belt,93.0,227.5,FBS,70.0,30.0,127.5,https://dxbhsrqyrr690.cloudfront.net/sidearm.nextgen.sites/nacda.com/documents/2026/6/24/25.26DI_Final.pdf,2.0,69.26910299003323,Texas State,True,False,observed_scoring_school,74.01685393258427
texas_tech,2017-18,Texas Tech,Big 12,41.0,577.0,FBS,25.0,182.5,369.5,https://dxbhsrqyrr690.cloudfront.net/sidearm.nextgen.sites/nacda.com/documents/2018/7/18/June29overallDI.pdf,1.0,86.3013698630137,Texas Tech,True,False,observed_scoring_school,88.50574712643679
texas_tech,2018-19,Texas Tech,Big 12,34.0,668.58,FBS,50.0,220.08,398.5,https://dxbhsrqyrr690.cloudfront.net/sidearm.nextgen.sites/nacda.com/documents/2019/6/27/June28DIOverall.pdf,1.0,88.8135593220339,Texas Tech,True,False,observed_scoring_school,90.57142857142857
texas_tech,2020-21,Texas Tech,Big 12,43.0,497.5,FBS,0.0,159.25,338.25,https://dxbhsrqyrr690.cloudfront.net/sidearm.nextgen.sites/nacda.com/documents/2021/7/1/July2OverallDI.pdf,1.0,85.6655290102389,Texas Tech,True,False,observed_scoring_school,88.13559322033898
texas_tech,2021-22,Texas Tech,Big 12,38.0,627.0,FBS,70.0,185.5,371.5,https://dxbhsrqyrr690.cloudfront.net/sidearm.nextgen.sites/nacda.com/documents/2022/6/30/FinalDIstandings.pdf,1.0,87.45762711864407,Texas Tech,True,False,observed_scoring_school,89.5774647887324
texas_tech,2022-23,Texas Tech,Big 12,47.0,501.0,FBS,45.0,123.5,332.5,https://dxbhsrqyrr690.cloudfront.net/sidearm.nextgen.sites/nacda.com/documents/2023/6/27/Final22.23Standings.pdf,1.0,84.91803278688525,Texas Tech,True,False,observed_scoring_school,87.15083798882681
texas_tech,2023-24,Texas Tech,Big 12,45.0,533.75,FBS,109.0,184.25,240.5,https://dxbhsrqyrr690.cloudfront.net/sidearm.nextgen.sites/nacda.com/documents/2024/6/26/23.24FinalDI.pdf,1.0,85.85209003215434,Texas Tech,True,False,observed_scoring_school,87.64044943820225
texas_tech,2024-25,Texas Tech,Big 12,40.0,613.75,FBS,75.0,210.25,328.5,https://dxbhsrqyrr690.cloudfront.net/sidearm.nextgen.sites/nacda.com/documents/2025/6/23/24.25DivIStandingsFinal.pdf,1.0,87.12871287128714,Texas Tech,True,False,observed_scoring_school,89.04494382022472
texas_tech,2025-26,Texas Tech,Big 12,35.0,669.0,FBS,122.0,230.5,316.5,https://dxbhsrqyrr690.cloudfront.net/sidearm.nextgen.sites/nacda.com/documents/2026/6/24/25.26DI_Final.pdf,1.0,88.70431893687709,Texas Tech,True,False,observed_scoring_school,90.4494382022472
toledo,2017-18,Toledo,MAC,217.0,50.0,FBS,50.0,0.0,0.0,https://dxbhsrqyrr690.cloudfront.net/sidearm.nextgen.sites/nacda.com/documents/2018/7/18/June29overallDI.pdf,5.0,22.945205479452056,Toledo,True,False,observed_scoring_school,35.3448275862069
toledo,2018-19,Toledo,MAC,223.0,50.0,FBS,25.0,0.0,25.0,https://dxbhsrqyrr690.cloudfront.net/sidearm.nextgen.sites/nacda.com/documents/2019/6/27/June28DIOverall.pdf,5.0,21.864406779661017,Toledo,True,False,observed_scoring_school,34.14285714285714
toledo,2020-21,,,,0.0,,,,,,,,Toledo,False,True,kept_known_d1_program,8.757062146892656
toledo,2021-22,Toledo,MAC,266.0,25.0,FBS,25.0,0.0,0.0,https://dxbhsrqyrr690.cloudfront.net/sidearm.nextgen.sites/nacda.com/documents/2022/6/30/FinalDIstandings.pdf,6.0,5.932203389830509,Toledo,True,False,observed_scoring_school,21.830985915492956
toledo,2022-23,Toledo,MAC,110.0,166.0,FBS,91.0,50.0,25.0,https://dxbhsrqyrr690.cloudfront.net/sidearm.nextgen.sites/nacda.com/documents/2023/6/27/Final22.23Standings.pdf,2.0,64.26229508196721,Toledo,True,False,observed_scoring_school,69.55307262569832
toledo,2023-24,Toledo,MAC,182.0,75.0,FBS,25.0,0.0,50.0,https://dxbhsrqyrr690.cloudfront.net/sidearm.nextgen.sites/nacda.com/documents/2024/6/26/23.24FinalDI.pdf,3.0,40.51446945337621,Toledo,True,False,observed_scoring_school,48.03370786516854
toledo,2024-25,Toledo,MAC,174.0,89.0,FBS,89.0,0.0,0.0,https://dxbhsrqyrr690.cloudfront.net/sidearm.nextgen.sites/nacda.com/documents/2025/6/23/24.25DivIStandingsFinal.pdf,3.0,42.9042904290429,Toledo,True,False,observed_scoring_school,51.40449438202247
toledo,2025-26,Toledo,MAC,157.0,103.0,FBS,78.0,0.0,25.0,https://dxbhsrqyrr690.cloudfront.net/sidearm.nextgen.sites/nacda.com/documents/2026/6/24/25.26DI_Final.pdf,3.0,48.17275747508305,Toledo,True,False,observed_scoring_school,56.17977528089888
towson,2017-18,Towson,CAA,162.0,96.0,FCS,0.0,43.0,53.0,https://dxbhsrqyrr690.cloudfront.net/sidearm.nextgen.sites/nacda.com/documents/2018/7/18/June29overallDI.pdf,4.0,44.52054794520548,Towson,True,False,observed_scoring_school,53.44827586206896
towson,2018-19,Towson,CAA,138.0,114.0,FCS,25.0,64.0,25.0,https://dxbhsrqyrr690.cloudfront.net/sidearm.nextgen.sites/nacda.com/documents/2019/6/27/June28DIOverall.pdf,3.0,53.559322033898304,Towson,True,False,observed_scoring_school,60.857142857142854
towson,2020-21,Towson,CAA,154.0,95.5,FCS,25.0,45.5,25.0,https://dxbhsrqyrr690.cloudfront.net/sidearm.nextgen.sites/nacda.com/documents/2021/7/1/July2OverallDI.pdf,3.0,47.781569965870304,Towson,True,False,observed_scoring_school,56.779661016949156
towson,2021-22,Towson,CAA,167.0,98.0,FCS,25.0,73.0,0.0,https://dxbhsrqyrr690.cloudfront.net/sidearm.nextgen.sites/nacda.com/documents/2022/6/30/FinalDIstandings.pdf,4.0,43.728813559322035,Towson,True,False,observed_scoring_school,53.239436619718305
towson,2022-23,Towson,CAA,171.0,95.0,FCS,25.0,70.0,0.0,https://dxbhsrqyrr690.cloudfront.net/sidearm.nextgen.sites/nacda.com/documents/2023/6/27/Final22.23Standings.pdf,3.0,43.606557377049185,Towson,True,False,observed_scoring_school,51.955307262569825
towson,2023-24,Towson,CAA,109.0,168.5,FCS,25.0,98.5,45.0,https://dxbhsrqyrr690.cloudfront.net/sidearm.nextgen.sites/nacda.com/documents/2024/6/26/23.24FinalDI.pdf,2.0,65.27331189710611,Towson,True,False,observed_scoring_school,69.66292134831461
towson,2024-25,Towson,CAA,244.0,45.0,FCS,0.0,0.0,45.0,https://dxbhsrqyrr690.cloudfront.net/sidearm.nextgen.sites/nacda.com/documents/2025/6/23/24.25DivIStandingsFinal.pdf,4.0,19.141914191419144,Towson,True,False,observed_scoring_school,31.179775280898873
towson,2025-26,,,,0.0,,,,,,,,Towson,False,True,kept_known_d1_program,7.865168539325842
troy,2017-18,Troy,Sun Belt,183.0,82.5,FBS,45.0,0.0,37.5,https://dxbhsrqyrr690.cloudfront.net/sidearm.nextgen.sites/nacda.com/documents/2018/7/18/June29overallDI.pdf,4.0,37.67123287671233,Troy,True,False,observed_scoring_school,47.701149425287355
troy,2018-19,Troy,Sun Belt,244.0,45.0,FBS,45.0,0.0,0.0,https://dxbhsrqyrr690.cloudfront.net/sidearm.nextgen.sites/nacda.com/documents/2019/6/27/June28DIOverall.pdf,5.0,17.28813559322034,Troy,True,False,observed_scoring_school,30.28571428571429
troy,2020-21,Troy,Sun Belt,204.0,62.5,FBS,0.0,25.0,37.5,https://dxbhsrqyrr690.cloudfront.net/sidearm.nextgen.sites/nacda.com/documents/2021/7/1/July2OverallDI.pdf,4.0,30.546075085324233,Troy,True,False,observed_scoring_school,42.51412429378531
troy,2021-22,,,,0.0,,,,,,,,Troy,False,True,kept_known_d1_program,8.591549295774648
troy,2022-23,Troy,Sun Belt,177.0,91.5,FBS,54.0,0.0,37.5,https://dxbhsrqyrr690.cloudfront.net/sidearm.nextgen.sites/nacda.com/documents/2023/6/27/Final22.23Standings.pdf,3.0,42.295081967213115,Troy,True,False,observed_scoring_school,50.83798882681564
troy,2023-24,Troy,Sun Belt,262.0,25.0,FBS,25.0,0.0,0.0,https://dxbhsrqyrr690.cloudfront.net/sidearm.nextgen.sites/nacda.com/documents/2024/6/26/23.24FinalDI.pdf,5.0,10.128617363344052,Troy,True,False,observed_scoring_school,21.48876404494382
troy,2024-25,Troy,Sun Belt,197.0,70.0,FBS,0.0,25.0,45.0,https://dxbhsrqyrr690.cloudfront.net/sidearm.nextgen.sites/nacda.com/documents/2025/6/23/24.25DivIStandingsFinal.pdf,4.0,34.48844884488449,Troy,True,False,observed_scoring_school,44.241573033707866
troy,2025-26,Troy,Sun Belt,130.0,128.0,FBS,25.0,25.0,78.0,https://dxbhsrqyrr690.cloudfront.net/sidearm.nextgen.sites/nacda.com/documents/2026/6/24/25.26DI_Final.pdf,3.0,57.14285714285714,Troy,True,False,observed_scoring_school,63.76404494382022
tulane,2017-18,Tulane,American,258.0,25.0,FBS,0.0,0.0,25.0,https://dxbhsrqyrr690.cloudfront.net/sidearm.nextgen.sites/nacda.com/documents/2018/7/18/June29overallDI.pdf,6.0,7.363013698630137,Tulane,True,False,observed_scoring_school,22.270114942528735
tulane,2018-19,Tulane,American,201.0,70.0,FBS,45.0,0.0,25.0,https://dxbhsrqyrr690.cloudfront.net/sidearm.nextgen.sites/nacda.com/documents/2019/6/27/June28DIOverall.pdf,4.0,32.20338983050847,Tulane,True,False,observed_scoring_school,42.857142857142854
tulane,2020-21,Tulane,American,182.0,75.0,FBS,25.0,0.0,50.0,https://dxbhsrqyrr690.cloudfront.net/sidearm.nextgen.sites/nacda.com/documents/2021/7/1/July2OverallDI.pdf,4.0,36.3481228668942,Tulane,True,False,observed_scoring_school,47.31638418079096
tulane,2021-22,Tulane,American,292.0,22.5,FBS,0.0,0.0,22.5,https://dxbhsrqyrr690.cloudfront.net/sidearm.nextgen.sites/nacda.com/documents/2022/6/30/FinalDIstandings.pdf,6.0,1.3559322033898304,Tulane,True,False,observed_scoring_school,18.028169014084508
tulane,2022-23,Tulane,American,102.0,173.8,FBS,96.0,27.8,50.0,https://dxbhsrqyrr690.cloudfront.net/sidearm.nextgen.sites/nacda.com/documents/2023/6/27/Final22.23Standings.pdf,2.0,66.88524590163935,Tulane,True,False,observed_scoring_school,71.7877094972067
tulane,2023-24,Tulane,American,142.0,118.5,FBS,81.0,0.0,37.5,https://dxbhsrqyrr690.cloudfront.net/sidearm.nextgen.sites/nacda.com/documents/2024/6/26/23.24FinalDI.pdf,3.0,54.662379421221864,Tulane,True,False,observed_scoring_school,60.39325842696629
tulane,2024-25,Tulane,American,160.0,100.0,FBS,100.0,0.0,0.0,https://dxbhsrqyrr690.cloudfront.net/sidearm.nextgen.sites/nacda.com/documents/2025/6/23/24.25DivIStandingsFinal.pdf,3.0,47.194719471947195,Tulane,True,False,observed_scoring_school,55.0561797752809
tulane,2025-26,Tulane,American,97.0,204.0,FBS,137.0,0.0,67.0,https://dxbhsrqyrr690.cloudfront.net/sidearm.nextgen.sites/nacda.com/documents/2026/6/24/25.26DI_Final.pdf,2.0,68.10631229235881,Tulane,True,False,observed_scoring_school,73.03370786516854
tulsa,2017-18,Tulsa,American,135.0,135.0,FBS,33.5,0.0,101.5,https://dxbhsrqyrr690.cloudfront.net/sidearm.nextgen.sites/nacda.com/documents/2018/7/18/June29overallDI.pdf,3.0,54.109589041095894,Tulsa,True,False,observed_scoring_school,61.49425287356321
tulsa,2018-19,Tulsa,American,164.0,94.0,FBS,44.0,0.0,50.0,https://dxbhsrqyrr690.cloudfront.net/sidearm.nextgen.sites/nacda.com/documents/2019/6/27/June28DIOverall.pdf,4.0,44.74576271186441,Tulsa,True,False,observed_scoring_school,53.42857142857142
tulsa,2020-21,Tulsa,American,94.0,169.0,FBS,115.0,0.0,54.0,https://dxbhsrqyrr690.cloudfront.net/sidearm.nextgen.sites/nacda.com/documents/2021/7/1/July2OverallDI.pdf,2.0,68.25938566552901,Tulsa,True,False,observed_scoring_school,73.72881355932203
tulsa,2021-22,Tulsa,American,87.0,220.5,FBS,182.5,0.0,38.0,https://dxbhsrqyrr690.cloudfront.net/sidearm.nextgen.sites/nacda.com/documents/2022/6/30/FinalDIstandings.pdf,2.0,70.84745762711864,Tulsa,True,False,observed_scoring_school,75.77464788732394
tulsa,2022-23,Tulsa,American,99.0,178.0,FBS,133.0,0.0,45.0,https://dxbhsrqyrr690.cloudfront.net/sidearm.nextgen.sites/nacda.com/documents/2023/6/27/Final22.23Standings.pdf,2.0,67.8688524590164,Tulsa,True,False,observed_scoring_school,72.62569832402235
tulsa,2023-24,Tulsa,American,181.0,75.5,FBS,28.0,0.0,47.5,https://dxbhsrqyrr690.cloudfront.net/sidearm.nextgen.sites/nacda.com/documents/2024/6/26/23.24FinalDI.pdf,3.0,42.12218649517685,Tulsa,True,False,observed_scoring_school,49.43820224719101
tulsa,2024-25,Tulsa,American,150.0,108.5,FBS,43.0,0.0,65.5,https://dxbhsrqyrr690.cloudfront.net/sidearm.nextgen.sites/nacda.com/documents/2025/6/23/24.25DivIStandingsFinal.pdf,3.0,50.82508250825083,Tulsa,True,False,observed_scoring_school,58.14606741573034
tulsa,2025-26,Tulsa,American,140.0,120.0,FBS,52.0,0.0,68.0,https://dxbhsrqyrr690.cloudfront.net/sidearm.nextgen.sites/nacda.com/documents/2026/6/24/25.26DI_Final.pdf,3.0,53.32225913621262,Tulsa,True,False,observed_scoring_school,60.53370786516854
uab,2017-18,UAB,Conference USA,258.0,25.0,FBS,25.0,0.0,0.0,https://dxbhsrqyrr690.cloudfront.net/sidearm.nextgen.sites/nacda.com/documents/2018/7/18/June29overallDI.pdf,6.0,7.363013698630137,UAB,True,False,observed_scoring_school,22.270114942528735
uab,2018-19,UAB,Conference USA,244.0,45.0,FBS,45.0,0.0,0.0,https://dxbhsrqyrr690.cloudfront.net/sidearm.nextgen.sites/nacda.com/documents/2019/6/27/June28DIOverall.pdf,5.0,17.28813559322034,UAB,True,False,observed_scoring_school,30.28571428571429
uab,2020-21,UAB,Conference USA,210.0,55.0,FBS,5.0,0.0,50.0,https://dxbhsrqyrr690.cloudfront.net/sidearm.nextgen.sites/nacda.com/documents/2021/7/1/July2OverallDI.pdf,4.0,28.668941979522184,UAB,True,False,observed_scoring_school,40.96045197740113
uab,2021-22,UAB,Conference USA,196.0,75.0,FBS,45.0,25.0,5.0,https://dxbhsrqyrr690.cloudfront.net/sidearm.nextgen.sites/nacda.com/documents/2022/6/30/FinalDIstandings.pdf,4.0,32.88135593220339,UAB,True,False,observed_scoring_school,44.225352112676056
uab,2022-23,UAB,Conference USA,243.0,45.0,FBS,45.0,0.0,0.0,https://dxbhsrqyrr690.cloudfront.net/sidearm.nextgen.sites/nacda.com/documents/2023/6/27/Final22.23Standings.pdf,4.0,20.327868852459016,UAB,True,False,observed_scoring_school,32.122905027932966
uab,2023-24,UAB,American,262.0,25.0,FBS,0.0,25.0,0.0,https://dxbhsrqyrr690.cloudfront.net/sidearm.nextgen.sites/nacda.com/documents/2024/6/26/23.24FinalDI.pdf,4.0,10.128617363344052,UAB,True,False,observed_scoring_school,21.48876404494382
uab,2024-25,,,,0.0,,,,,,,,UAB,False,True,kept_known_d1_program,7.584269662921349
uab,2025-26,,,,0.0,,,,,,,,UAB,False,True,kept_known_d1_program,7.865168539325842
uc_davis,2017-18,UC Davis,Big West,208.0,64.0,FCS,25.0,0.0,39.0,https://dxbhsrqyrr690.cloudfront.net/sidearm.nextgen.sites/nacda.com/documents/2018/7/18/June29overallDI.pdf,4.0,28.93835616438356,UC Davis,True,False,observed_scoring_school,40.37356321839081
uc_davis,2018-19,UC Davis,Big West,112.0,147.0,FCS,70.0,55.0,22.0,https://dxbhsrqyrr690.cloudfront.net/sidearm.nextgen.sites/nacda.com/documents/2019/6/27/June28DIOverall.pdf,3.0,62.03389830508475,UC Davis,True,False,observed_scoring_school,68.0
uc_davis,2020-21,UC Davis,Big West,255.0,25.0,FCS,0.0,25.0,0.0,https://dxbhsrqyrr690.cloudfront.net/sidearm.nextgen.sites/nacda.com/documents/2021/7/1/July2OverallDI.pdf,5.0,8.70307167235495,UC Davis,True,False,observed_scoring_school,24.43502824858757
uc_davis,2021-22,UC Davis,Big West,178.0,90.5,FCS,80.0,0.0,10.5,https://dxbhsrqyrr690.cloudfront.net/sidearm.nextgen.sites/nacda.com/documents/2022/6/30/FinalDIstandings.pdf,4.0,40.0,UC Davis,True,False,observed_scoring_school,50.140845070422536
uc_davis,2022-23,UC Davis,Big West,261.0,25.0,FCS,25.0,0.0,0.0,https://dxbhsrqyrr690.cloudfront.net/sidearm.nextgen.sites/nacda.com/documents/2023/6/27/Final22.23Standings.pdf,4.0,10.0,UC Davis,True,False,observed_scoring_school,23.324022346368714
uc_davis,2023-24,,,,0.0,,,,,,,,UC Davis,False,True,kept_known_d1_program,6.460674157303371
uc_davis,2024-25,UC Davis,Big West,108.0,161.5,FCS,90.0,37.0,34.5,https://dxbhsrqyrr690.cloudfront.net/sidearm.nextgen.sites/nacda.com/documents/2025/6/23/24.25DivIStandingsFinal.pdf,2.0,64.68646864686468,UC Davis,True,False,observed_scoring_school,69.9438202247191
uc_davis,2025-26,UC Davis,Big West,165.0,95.0,FCS,95.0,0.0,0.0,https://dxbhsrqyrr690.cloudfront.net/sidearm.nextgen.sites/nacda.com/documents/2026/6/24/25.26DI_Final.pdf,3.0,45.01661129568107,UC Davis,True,False,observed_scoring_school,53.51123595505618
uc_irvine,2017-18,UC Irvine,Big West,171.0,93.6,DI,0.0,0.0,93.6,https://dxbhsrqyrr690.cloudfront.net/sidearm.nextgen.sites/nacda.com/documents/2018/7/18/June29overallDI.pdf,4.0,41.78082191780822,UC Irvine,True,False,observed_scoring_school,51.14942528735632
uc_irvine,2018-19,UC Irvine,Big West,155.0,100.0,DI,50.0,50.0,0.0,https://dxbhsrqyrr690.cloudfront.net/sidearm.nextgen.sites/nacda.com/documents/2019/6/27/June28DIOverall.pdf,3.0,47.28813559322034,UC Irvine,True,False,observed_scoring_school,55.57142857142857
uc_irvine,2020-21,UC Irvine,Big West,215.0,50.0,DI,0.0,0.0,50.0,https://dxbhsrqyrr690.cloudfront.net/sidearm.nextgen.sites/nacda.com/documents/2021/7/1/July2OverallDI.pdf,4.0,24.2320819112628,UC Irvine,True,False,observed_scoring_school,37.28813559322034
uc_irvine,2021-22,UC Irvine,Big West,131.0,135.0,DI,50.0,0.0,85.0,https://dxbhsrqyrr690.cloudfront.net/sidearm.nextgen.sites/nacda.com/documents/2022/6/30/FinalDIstandings.pdf,3.0,55.932203389830505,UC Irvine,True,False,observed_scoring_school,63.38028169014085
uc_irvine,2022-23,UC Irvine,Big West,143.0,124.0,DI,64.0,0.0,60.0,https://dxbhsrqyrr690.cloudfront.net/sidearm.nextgen.sites/nacda.com/documents/2023/6/27/Final22.23Standings.pdf,3.0,53.44262295081968,UC Irvine,True,False,observed_scoring_school,60.33519553072626
uc_irvine,2023-24,UC Irvine,Big West,83.0,269.0,DI,114.0,25.0,130.0,https://dxbhsrqyrr690.cloudfront.net/sidearm.nextgen.sites/nacda.com/documents/2024/6/26/23.24FinalDI.pdf,2.0,73.63344051446946,UC Irvine,True,False,observed_scoring_school,76.96629213483146
uc_irvine,2024-25,UC Irvine,Big West,187.0,75.0,DI,0.0,0.0,75.0,https://dxbhsrqyrr690.cloudfront.net/sidearm.nextgen.sites/nacda.com/documents/2025/6/23/24.25DivIStandingsFinal.pdf,3.0,37.78877887788779,UC Irvine,True,False,observed_scoring_school,47.05056179775281
uc_irvine,2025-26,UC Irvine,Big West,146.0,115.0,DI,25.0,0.0,90.0,https://dxbhsrqyrr690.cloudfront.net/sidearm.nextgen.sites/nacda.com/documents/2026/6/24/25.26DI_Final.pdf,3.0,51.66112956810631,UC Irvine,True,False,observed_scoring_school,59.12921348314607
uc_riverside,2017-18,,,,0.0,,,,,,,,UC Riverside,False,True,kept_known_d1_program,8.189655172413794
uc_riverside,2018-19,UC Riverside,Big West,266.0,25.0,DI,25.0,0.0,0.0,https://dxbhsrqyrr690.cloudfront.net/sidearm.nextgen.sites/nacda.com/documents/2019/6/27/June28DIOverall.pdf,6.0,6.779661016949152,UC Riverside,True,False,observed_scoring_school,21.428571428571427
uc_riverside,2020-21,,,,0.0,,,,,,,,UC Riverside,False,True,kept_known_d1_program,8.757062146892656
uc_riverside,2021-22,,,,0.0,,,,,,,,UC Riverside,False,True,kept_known_d1_program,8.591549295774648
uc_riverside,2022-23,UC Riverside,Big West,261.0,25.0,DI,25.0,0.0,0.0,https://dxbhsrqyrr690.cloudfront.net/sidearm.nextgen.sites/nacda.com/documents/2023/6/27/Final22.23Standings.pdf,5.0,10.0,UC Riverside,True,False,observed_scoring_school,23.324022346368714
uc_riverside,2023-24,,,,0.0,,,,,,,,UC Riverside,False,True,kept_known_d1_program,6.460674157303371
uc_riverside,2024-25,,,,0.0,,,,,,,,UC Riverside,False,True,kept_known_d1_program,7.584269662921349
uc_riverside,2025-26,UC Riverside,Big West,297.0,20.5,DI,0.0,0.0,20.5,https://dxbhsrqyrr690.cloudfront.net/sidearm.nextgen.sites/nacda.com/documents/2026/6/24/25.26DI_Final.pdf,5.0,1.6611295681063123,UC Riverside,True,False,observed_scoring_school,16.853932584269664
uc_san_diego,2020-21,UC San Diego,Big West,197.0,69.0,DI,0.0,69.0,0.0,https://dxbhsrqyrr690.cloudfront.net/sidearm.nextgen.sites/nacda.com/documents/2021/7/1/July2OverallDI.pdf,4.0,33.105802047781566,UC San Diego,True,False,observed_scoring_school,44.632768361581924
uc_san_diego,2021-22,UC San Diego,Big West,228.0,51.0,DI,0.0,51.0,0.0,https://dxbhsrqyrr690.cloudfront.net/sidearm.nextgen.sites/nacda.com/documents/2022/6/30/FinalDIstandings.pdf,5.0,23.05084745762712,UC San Diego,True,False,observed_scoring_school,36.056338028169016
uc_san_diego,2022-23,UC San Diego,Big West,248.0,42.0,DI,0.0,42.0,0.0,https://dxbhsrqyrr690.cloudfront.net/sidearm.nextgen.sites/nacda.com/documents/2023/6/27/Final22.23Standings.pdf,4.0,18.852459016393443,UC San Diego,True,False,observed_scoring_school,30.8659217877095
uc_san_diego,2023-24,UC San Diego,Big West,246.0,36.0,DI,0.0,36.0,0.0,https://dxbhsrqyrr690.cloudfront.net/sidearm.nextgen.sites/nacda.com/documents/2024/6/26/23.24FinalDI.pdf,4.0,21.221864951768488,UC San Diego,True,False,observed_scoring_school,31.179775280898873
uc_san_diego,2024-25,UC San Diego,Big West,169.0,91.5,DI,0.0,91.5,0.0,https://dxbhsrqyrr690.cloudfront.net/sidearm.nextgen.sites/nacda.com/documents/2025/6/23/24.25DivIStandingsFinal.pdf,3.0,44.224422442244226,UC San Diego,True,False,observed_scoring_school,52.52808988764045
uc_san_diego,2025-26,UC San Diego,Big West,144.0,118.0,DI,0.0,118.0,0.0,https://dxbhsrqyrr690.cloudfront.net/sidearm.nextgen.sites/nacda.com/documents/2026/6/24/25.26DI_Final.pdf,3.0,52.49169435215947,UC San Diego,True,False,observed_scoring_school,59.8314606741573
uc_santa_barbara,2017-18,UC Santa Barbara,Big West,258.0,25.0,DI,0.0,0.0,25.0,https://dxbhsrqyrr690.cloudfront.net/sidearm.nextgen.sites/nacda.com/documents/2018/7/18/June29overallDI.pdf,6.0,7.363013698630137,UC Santa Barbara,True,False,observed_scoring_school,22.270114942528735
uc_santa_barbara,2018-19,UC Santa Barbara,Big West,125.0,123.5,DI,0.0,18.5,105.0,https://dxbhsrqyrr690.cloudfront.net/sidearm.nextgen.sites/nacda.com/documents/2019/6/27/June28DIOverall.pdf,3.0,57.96610169491525,UC Santa Barbara,True,False,observed_scoring_school,64.57142857142857
uc_santa_barbara,2020-21,UC Santa Barbara,Big West,89.0,180.0,DI,0.0,25.0,155.0,https://dxbhsrqyrr690.cloudfront.net/sidearm.nextgen.sites/nacda.com/documents/2021/7/1/July2OverallDI.pdf,2.0,69.96587030716724,UC Santa Barbara,True,False,observed_scoring_school,75.14124293785311
uc_santa_barbara,2021-22,UC Santa Barbara,Big West,148.0,112.5,DI,25.0,0.0,87.5,https://dxbhsrqyrr690.cloudfront.net/sidearm.nextgen.sites/nacda.com/documents/2022/6/30/FinalDIstandings.pdf,3.0,50.16949152542372,UC Santa Barbara,True,False,observed_scoring_school,58.59154929577465
uc_santa_barbara,2022-23,UC Santa Barbara,Big West,223.0,50.0,DI,0.0,25.0,25.0,https://dxbhsrqyrr690.cloudfront.net/sidearm.nextgen.sites/nacda.com/documents/2023/6/27/Final22.23Standings.pdf,4.0,24.75409836065574,UC Santa Barbara,True,False,observed_scoring_school,35.89385474860335
uc_santa_barbara,2023-24,UC Santa Barbara,Big West,182.0,75.0,DI,25.0,0.0,50.0,https://dxbhsrqyrr690.cloudfront.net/sidearm.nextgen.sites/nacda.com/documents/2024/6/26/23.24FinalDI.pdf,3.0,40.51446945337621,UC Santa Barbara,True,False,observed_scoring_school,48.03370786516854
uc_santa_barbara,2024-25,UC Santa Barbara,Big West,85.0,235.0,DI,75.0,0.0,160.0,https://dxbhsrqyrr690.cloudfront.net/sidearm.nextgen.sites/nacda.com/documents/2025/6/23/24.25DivIStandingsFinal.pdf,2.0,72.27722772277228,UC Santa Barbara,True,False,observed_scoring_school,76.40449438202246
uc_santa_barbara,2025-26,UC Santa Barbara,Big West,160.0,100.0,DI,0.0,0.0,100.0,https://dxbhsrqyrr690.cloudfront.net/sidearm.nextgen.sites/nacda.com/documents/2026/6/24/25.26DI_Final.pdf,3.0,46.84385382059801,UC Santa Barbara,True,False,observed_scoring_school,55.0561797752809
ucf,2017-18,UCF,American,86.0,230.0,FBS,97.0,0.0,133.0,https://dxbhsrqyrr690.cloudfront.net/sidearm.nextgen.sites/nacda.com/documents/2018/7/18/June29overallDI.pdf,2.0,70.8904109589041,UCF,True,False,observed_scoring_school,75.57471264367817
ucf,2018-19,UCF,American,62.0,393.5,FBS,139.5,75.0,179.0,https://dxbhsrqyrr690.cloudfront.net/sidearm.nextgen.sites/nacda.com/documents/2019/6/27/June28DIOverall.pdf,2.0,79.3220338983051,UCF,True,False,observed_scoring_school,82.57142857142857
ucf,2020-21,UCF,American,57.0,385.5,FBS,114.0,25.0,246.5,https://dxbhsrqyrr690.cloudfront.net/sidearm.nextgen.sites/nacda.com/documents/2021/7/1/July2OverallDI.pdf,1.0,80.88737201365188,UCF,True,False,observed_scoring_school,84.18079096045197
ucf,2021-22,UCF,American,69.0,350.5,FBS,95.0,94.0,161.5,https://dxbhsrqyrr690.cloudfront.net/sidearm.nextgen.sites/nacda.com/documents/2022/6/30/FinalDIstandings.pdf,2.0,76.94915254237287,UCF,True,False,observed_scoring_school,80.84507042253522
ucf,2022-23,UCF,American,85.0,221.5,FBS,125.0,0.0,96.5,https://dxbhsrqyrr690.cloudfront.net/sidearm.nextgen.sites/nacda.com/documents/2023/6/27/Final22.23Standings.pdf,2.0,72.45901639344262,UCF,True,False,observed_scoring_school,76.53631284916202
ucf,2023-24,UCF,Big 12,82.0,271.5,FBS,75.0,0.0,196.5,https://dxbhsrqyrr690.cloudfront.net/sidearm.nextgen.sites/nacda.com/documents/2024/6/26/23.24FinalDI.pdf,2.0,73.95498392282958,UCF,True,False,observed_scoring_school,77.24719101123596
ucf,2024-25,UCF,Big 12,83.0,243.5,FBS,0.0,0.0,243.5,https://dxbhsrqyrr690.cloudfront.net/sidearm.nextgen.sites/nacda.com/documents/2025/6/23/24.25DivIStandingsFinal.pdf,2.0,72.93729372937293,UCF,True,False,observed_scoring_school,76.96629213483146
ucf,2025-26,UCF,Big 12,60.0,446.0,FBS,100.0,48.5,297.5,https://dxbhsrqyrr690.cloudfront.net/sidearm.nextgen.sites/nacda.com/documents/2026/6/24/25.26DI_Final.pdf,1.0,80.39867109634552,UCF,True,False,observed_scoring_school,83.42696629213484
ucla,2017-18,UCLA,Pac 12,2.0,1326.0,FBS,307.0,271.0,748.0,https://dxbhsrqyrr690.cloudfront.net/sidearm.nextgen.sites/nacda.com/documents/2018/7/18/June29overallDI.pdf,1.0,99.65753424657534,UCLA,True,False,observed_scoring_school,99.71264367816092
ucla,2018-19,UCLA,Pac 12,6.0,1056.5,FBS,153.0,236.0,667.5,https://dxbhsrqyrr690.cloudfront.net/sidearm.nextgen.sites/nacda.com/documents/2019/6/27/June28DIOverall.pdf,1.0,98.30508474576273,UCLA,True,False,observed_scoring_school,98.57142857142858
ucla,2020-21,UCLA,Pac 12,13.0,933.25,FBS,214.0,199.75,519.5,https://dxbhsrqyrr690.cloudfront.net/sidearm.nextgen.sites/nacda.com/documents/2021/7/1/July2OverallDI.pdf,1.0,95.90443686006826,UCLA,True,False,observed_scoring_school,96.61016949152543
ucla,2021-22,UCLA,Pac-12,15.0,906.5,FBS,199.0,199.25,508.25,https://dxbhsrqyrr690.cloudfront.net/sidearm.nextgen.sites/nacda.com/documents/2022/6/30/FinalDIstandings.pdf,1.0,95.25423728813558,UCLA,True,False,observed_scoring_school,96.05633802816902
ucla,2022-23,UCLA,Pac-12,14.0,1000.25,FBS,272.0,279.25,449.0,https://dxbhsrqyrr690.cloudfront.net/sidearm.nextgen.sites/nacda.com/documents/2023/6/27/Final22.23Standings.pdf,1.0,95.7377049180328,UCLA,True,False,observed_scoring_school,96.36871508379889
ucla,2023-24,UCLA,Pac-12,10.0,1017.5,FBS,210.0,169.5,638.0,https://dxbhsrqyrr690.cloudfront.net/sidearm.nextgen.sites/nacda.com/documents/2024/6/26/23.24FinalDI.pdf,1.0,97.10610932475883,UCLA,True,False,observed_scoring_school,97.47191011235955
ucla,2024-25,UCLA,Big Ten,5.0,1149.0,FBS,175.0,255.0,719.0,https://dxbhsrqyrr690.cloudfront.net/sidearm.nextgen.sites/nacda.com/documents/2025/6/23/24.25DivIStandingsFinal.pdf,1.0,98.67986798679868,UCLA,True,False,observed_scoring_school,98.87640449438202
ucla,2025-26,UCLA,Big Ten,3.0,1199.25,FBS,225.0,322.75,651.5,https://dxbhsrqyrr690.cloudfront.net/sidearm.nextgen.sites/nacda.com/documents/2026/6/24/25.26DI_Final.pdf,1.0,99.33554817275748,UCLA,True,False,observed_scoring_school,99.43820224719101
uconn,2017-18,UConn,American,84.0,233.0,FBS,100.0,83.0,50.0,https://dxbhsrqyrr690.cloudfront.net/sidearm.nextgen.sites/nacda.com/documents/2018/7/18/June29overallDI.pdf,2.0,71.57534246575342,UConn,True,False,observed_scoring_school,76.14942528735632
uconn,2018-19,UConn,American,77.0,290.5,FBS,120.0,120.5,50.0,https://dxbhsrqyrr690.cloudfront.net/sidearm.nextgen.sites/nacda.com/documents/2019/6/27/June28DIOverall.pdf,2.0,74.23728813559322,UConn,True,False,observed_scoring_school,78.28571428571428
uconn,2020-21,UConn,American,78.0,235.5,FBS,60.0,108.0,67.5,https://dxbhsrqyrr690.cloudfront.net/sidearm.nextgen.sites/nacda.com/documents/2021/7/1/July2OverallDI.pdf,2.0,73.72013651877133,UConn,True,False,observed_scoring_school,78.24858757062147
uconn,2021-22,UConn,Big East,85.0,231.0,FBS,27.0,115.0,89.0,https://dxbhsrqyrr690.cloudfront.net/sidearm.nextgen.sites/nacda.com/documents/2022/6/30/FinalDIstandings.pdf,2.0,71.52542372881356,UConn,True,False,observed_scoring_school,76.33802816901408
uconn,2022-23,UConn,Big East,79.0,251.5,FBS,25.0,164.0,62.5,https://dxbhsrqyrr690.cloudfront.net/sidearm.nextgen.sites/nacda.com/documents/2023/6/27/Final22.23Standings.pdf,2.0,74.42622950819671,UConn,True,False,observed_scoring_school,78.2122905027933
uconn,2023-24,UConn,Big East,81.0,272.0,FBS,0.0,208.0,64.0,https://dxbhsrqyrr690.cloudfront.net/sidearm.nextgen.sites/nacda.com/documents/2024/6/26/23.24FinalDI.pdf,2.0,74.27652733118971,UConn,True,False,observed_scoring_school,77.52808988764045
uconn,2024-25,UConn,Big East,63.0,404.0,FBS,169.0,210.0,25.0,https://dxbhsrqyrr690.cloudfront.net/sidearm.nextgen.sites/nacda.com/documents/2025/6/23/24.25DivIStandingsFinal.pdf,1.0,79.53795379537954,UConn,True,False,observed_scoring_school,82.58426966292134
uconn,2025-26,Uconn,Big East,56.0,459.0,FBS,154.0,258.0,47.0,https://dxbhsrqyrr690.cloudfront.net/sidearm.nextgen.sites/nacda.com/documents/2026/6/24/25.26DI_Final.pdf,1.0,81.72757475083057,UConn,True,False,observed_scoring_school,84.5505617977528
umbc,2017-18,UMBC,America East,181.0,83.0,DI,0.0,50.0,33.0,https://dxbhsrqyrr690.cloudfront.net/sidearm.nextgen.sites/nacda.com/documents/2018/7/18/June29overallDI.pdf,4.0,38.18493150684932,UMBC,True,False,observed_scoring_school,48.13218390804598
umbc,2018-19,UMBC,America East,223.0,50.0,DI,0.0,0.0,50.0,https://dxbhsrqyrr690.cloudfront.net/sidearm.nextgen.sites/nacda.com/documents/2019/6/27/June28DIOverall.pdf,5.0,21.864406779661017,UMBC,True,False,observed_scoring_school,34.14285714285714
umbc,2020-21,UMBC,America East,215.0,50.0,DI,25.0,0.0,25.0,https://dxbhsrqyrr690.cloudfront.net/sidearm.nextgen.sites/nacda.com/documents/2021/7/1/July2OverallDI.pdf,4.0,24.2320819112628,UMBC,True,False,observed_scoring_school,37.28813559322034
umbc,2021-22,UMBC,America East,229.0,50.0,DI,25.0,0.0,25.0,https://dxbhsrqyrr690.cloudfront.net/sidearm.nextgen.sites/nacda.com/documents/2022/6/30/FinalDIstandings.pdf,5.0,20.0,UMBC,True,False,observed_scoring_school,33.52112676056338
umbc,2022-23,UMBC,America East,223.0,50.0,DI,25.0,0.0,25.0,https://dxbhsrqyrr690.cloudfront.net/sidearm.nextgen.sites/nacda.com/documents/2023/6/27/Final22.23Standings.pdf,4.0,24.75409836065574,UMBC,True,False,observed_scoring_school,35.89385474860335
umbc,2023-24,UMBC,America East,262.0,25.0,DI,25.0,0.0,0.0,https://dxbhsrqyrr690.cloudfront.net/sidearm.nextgen.sites/nacda.com/documents/2024/6/26/23.24FinalDI.pdf,4.0,10.128617363344052,UMBC,True,False,observed_scoring_school,21.48876404494382
umbc,2024-25,,,,0.0,,,,,,,,UMBC,False,True,kept_known_d1_program,7.584269662921349
umbc,2025-26,UMBC,America East,254.0,30.0,DI,25.0,5.0,0.0,https://dxbhsrqyrr690.cloudfront.net/sidearm.nextgen.sites/nacda.com/documents/2026/6/24/25.26DI_Final.pdf,5.0,14.78405315614618,UMBC,True,False,observed_scoring_school,27.94943820224719
umkc,2017-18,UMKC,WAC,247.0,33.6,DI,0.0,0.0,33.6,https://dxbhsrqyrr690.cloudfront.net/sidearm.nextgen.sites/nacda.com/documents/2018/7/18/June29overallDI.pdf,5.0,15.753424657534246,UMKC,True,False,observed_scoring_school,29.310344827586203
umkc,2018-19,UMKC,WAC,291.0,15.0,DI,0.0,0.0,15.0,https://dxbhsrqyrr690.cloudfront.net/sidearm.nextgen.sites/nacda.com/documents/2019/6/27/June28DIOverall.pdf,6.0,1.1864406779661016,UMKC,True,False,observed_scoring_school,16.714285714285715
umkc,2020-21,,,,0.0,,,,,,,,UMKC,False,True,kept_known_d1_program,8.757062146892656
umkc,2021-22,,,,0.0,,,,,,,,UMKC,False,True,kept_known_d1_program,8.591549295774648
umkc,2022-23,UMKC,Summit,298.0,5.0,DI,0.0,0.0,5.0,https://dxbhsrqyrr690.cloudfront.net/sidearm.nextgen.sites/nacda.com/documents/2023/6/27/Final22.23Standings.pdf,5.0,1.475409836065574,UMKC,True,False,observed_scoring_school,16.061452513966483
umkc,2023-24,UMKC,Summit,303.0,10.0,DI,0.0,0.0,10.0,https://dxbhsrqyrr690.cloudfront.net/sidearm.nextgen.sites/nacda.com/documents/2024/6/26/23.24FinalDI.pdf,5.0,2.8938906752411575,UMKC,True,False,observed_scoring_school,15.168539325842698
umkc,2024-25,UMKC,Summit,208.0,64.0,DI,64.0,0.0,0.0,https://dxbhsrqyrr690.cloudfront.net/sidearm.nextgen.sites/nacda.com/documents/2025/6/23/24.25DivIStandingsFinal.pdf,4.0,31.51815181518152,UMKC,True,False,observed_scoring_school,41.71348314606742
umkc,2025-26,UMKC,Summit,225.0,50.0,DI,50.0,0.0,0.0,https://dxbhsrqyrr690.cloudfront.net/sidearm.nextgen.sites/nacda.com/documents/2026/6/24/25.26DI_Final.pdf,4.0,23.089700996677745,UMKC,True,False,observed_scoring_school,34.97191011235955
unlv,2017-18,UNLV,Mountain West,170.0,94.0,FBS,0.0,0.0,94.0,https://dxbhsrqyrr690.cloudfront.net/sidearm.nextgen.sites/nacda.com/documents/2018/7/18/June29overallDI.pdf,4.0,42.12328767123288,UNLV,True,False,observed_scoring_school,51.43678160919541
unlv,2018-19,UNLV,Mountain West,104.0,168.0,FBS,0.0,30.0,138.0,https://dxbhsrqyrr690.cloudfront.net/sidearm.nextgen.sites/nacda.com/documents/2019/6/27/June28DIOverall.pdf,2.0,65.08474576271186,UNLV,True,False,observed_scoring_school,70.57142857142857
unlv,2020-21,UNLV,Mountain West,202.0,64.5,FBS,50.0,0.0,14.5,https://dxbhsrqyrr690.cloudfront.net/sidearm.nextgen.sites/nacda.com/documents/2021/7/1/July2OverallDI.pdf,4.0,31.399317406143343,UNLV,True,False,observed_scoring_school,43.22033898305085
unlv,2021-22,UNLV,Mountain West,253.0,35.5,FBS,0.0,25.0,10.5,https://dxbhsrqyrr690.cloudfront.net/sidearm.nextgen.sites/nacda.com/documents/2022/6/30/FinalDIstandings.pdf,5.0,14.576271186440678,UNLV,True,False,observed_scoring_school,29.014084507042252
unlv,2022-23,UNLV,Mountain West,112.0,162.1,FBS,25.0,69.0,68.1,https://dxbhsrqyrr690.cloudfront.net/sidearm.nextgen.sites/nacda.com/documents/2023/6/27/Final22.23Standings.pdf,2.0,63.60655737704918,UNLV,True,False,observed_scoring_school,68.99441340782123
unlv,2023-24,UNLV,Mountain West,191.0,72.5,FBS,25.0,25.0,22.5,https://dxbhsrqyrr690.cloudfront.net/sidearm.nextgen.sites/nacda.com/documents/2024/6/26/23.24FinalDI.pdf,3.0,38.90675241157556,UNLV,True,False,observed_scoring_school,46.62921348314607
unlv,2024-25,UNLV,Mountain West,121.0,146.0,FBS,50.0,0.0,96.0,https://dxbhsrqyrr690.cloudfront.net/sidearm.nextgen.sites/nacda.com/documents/2025/6/23/24.25DivIStandingsFinal.pdf,2.0,60.3960396039604,UNLV,True,False,observed_scoring_school,66.29213483146067
unlv,2025-26,UNLV,Mountain West,181.0,81.0,FBS,25.0,0.0,56.0,https://dxbhsrqyrr690.cloudfront.net/sidearm.nextgen.sites/nacda.com/documents/2026/6/24/25.26DI_Final.pdf,3.0,40.19933554817276,UNLV,True,False,observed_scoring_school,49.43820224719101
usc,2017-18,USC,Pac 12,4.0,1147.0,FBS,280.5,300.0,566.5,https://dxbhsrqyrr690.cloudfront.net/sidearm.nextgen.sites/nacda.com/documents/2018/7/18/June29overallDI.pdf,1.0,98.97260273972604,USC,True,False,observed_scoring_school,99.13793103448276
usc,2018-19,USC,Pac 12,5.0,1075.75,FBS,214.0,268.5,593.25,https://dxbhsrqyrr690.cloudfront.net/sidearm.nextgen.sites/nacda.com/documents/2019/6/27/June28DIOverall.pdf,1.0,98.64406779661016,USC,True,False,observed_scoring_school,98.85714285714286
usc,2020-21,USC,Pac 12,6.0,1052.0,FBS,193.0,291.0,568.0,https://dxbhsrqyrr690.cloudfront.net/sidearm.nextgen.sites/nacda.com/documents/2021/7/1/July2OverallDI.pdf,1.0,98.29351535836176,USC,True,False,observed_scoring_school,98.58757062146893
usc,2021-22,USC,Pac-12,12.0,933.75,FBS,140.0,247.0,546.75,https://dxbhsrqyrr690.cloudfront.net/sidearm.nextgen.sites/nacda.com/documents/2022/6/30/FinalDIstandings.pdf,1.0,96.27118644067797,USC,True,False,observed_scoring_school,96.90140845070422
usc,2022-23,USC,Pac-12,10.0,1048.0,FBS,228.0,278.5,541.5,https://dxbhsrqyrr690.cloudfront.net/sidearm.nextgen.sites/nacda.com/documents/2023/6/27/Final22.23Standings.pdf,1.0,97.04918032786884,USC,True,False,observed_scoring_school,97.48603351955308
usc,2023-24,USC,Pac-12,14.0,994.0,FBS,200.0,336.5,457.5,https://dxbhsrqyrr690.cloudfront.net/sidearm.nextgen.sites/nacda.com/documents/2024/6/26/23.24FinalDI.pdf,1.0,95.81993569131832,USC,True,False,observed_scoring_school,96.34831460674157
usc,2024-25,USC,Big Ten,2.0,1253.75,FBS,258.0,384.0,611.75,https://dxbhsrqyrr690.cloudfront.net/sidearm.nextgen.sites/nacda.com/documents/2025/6/23/24.25DivIStandingsFinal.pdf,1.0,99.66996699669969,USC,True,False,observed_scoring_school,99.71910112359551
usc,2025-26,USC,Big Ten,7.0,1095.5,FBS,193.0,227.0,675.5,https://dxbhsrqyrr690.cloudfront.net/sidearm.nextgen.sites/nacda.com/documents/2026/6/24/25.26DI_Final.pdf,1.0,98.00664451827242,USC,True,False,observed_scoring_school,98.31460674157303
utep,2017-18,UTEP,Conference USA,172.0,93.0,FBS,0.0,51.0,42.0,https://dxbhsrqyrr690.cloudfront.net/sidearm.nextgen.sites/nacda.com/documents/2018/7/18/June29overallDI.pdf,4.0,41.43835616438356,UTEP,True,False,observed_scoring_school,50.86206896551724
utep,2018-19,,,,0.0,,,,,,,,UTEP,False,True,kept_known_d1_program,8.0
utep,2020-21,UTEP,Conference USA,287.0,13.0,FBS,0.0,0.0,13.0,https://dxbhsrqyrr690.cloudfront.net/sidearm.nextgen.sites/nacda.com/documents/2021/7/1/July2OverallDI.pdf,5.0,2.04778156996587,UTEP,True,False,observed_scoring_school,18.926553672316384
utep,2021-22,UTEP,Conference USA,255.0,33.5,FBS,25.0,0.0,8.5,https://dxbhsrqyrr690.cloudfront.net/sidearm.nextgen.sites/nacda.com/documents/2022/6/30/FinalDIstandings.pdf,5.0,13.898305084745765,UTEP,True,False,observed_scoring_school,28.450704225352112
utep,2022-23,UTEP,Conference USA,254.0,34.0,FBS,0.0,0.0,34.0,https://dxbhsrqyrr690.cloudfront.net/sidearm.nextgen.sites/nacda.com/documents/2023/6/27/Final22.23Standings.pdf,4.0,16.885245901639344,UTEP,True,False,observed_scoring_school,29.18994413407821
utep,2023-24,,,,0.0,,,,,,,,UTEP,False,True,kept_known_d1_program,6.460674157303371
utep,2024-25,UTEP,Conference USA,225.0,51.5,FBS,25.0,26.5,0.0,https://dxbhsrqyrr690.cloudfront.net/sidearm.nextgen.sites/nacda.com/documents/2025/6/23/24.25DivIStandingsFinal.pdf,4.0,26.072607260726073,UTEP,True,False,observed_scoring_school,37.07865168539326
utep,2025-26,UTEP,Conference USA,265.0,25.0,FBS,25.0,0.0,0.0,https://dxbhsrqyrr690.cloudfront.net/sidearm.nextgen.sites/nacda.com/documents/2026/6/24/25.26DI_Final.pdf,5.0,7.308970099667775,UTEP,True,False,observed_scoring_school,21.629213483146067
utrgv,2017-18,,,,0.0,,,,,,,,UTRGV,False,True,kept_known_d1_program,8.189655172413794
utrgv,2018-19,,,,0.0,,,,,,,,UTRGV,False,True,kept_known_d1_program,8.0
utrgv,2020-21,,,,0.0,,,,,,,,UTRGV,False,True,kept_known_d1_program,8.757062146892656
utrgv,2021-22,,,,0.0,,,,,,,,UTRGV,False,True,kept_known_d1_program,8.591549295774648
utrgv,2022-23,,,,0.0,,,,,,,,UTRGV,False,True,kept_known_d1_program,7.5418994413407825
utrgv,2023-24,,,,0.0,,,,,,,,UTRGV,False,True,kept_known_d1_program,6.460674157303371
utrgv,2024-25,,,,0.0,,,,,,,,UTRGV,False,True,kept_known_d1_program,7.584269662921349
utrgv,2025-26,UTRGV,Southland,225.0,50.0,DI,0.0,34.5,15.5,https://dxbhsrqyrr690.cloudfront.net/sidearm.nextgen.sites/nacda.com/documents/2026/6/24/25.26DI_Final.pdf,4.0,23.089700996677745,UTRGV,True,False,observed_scoring_school,34.97191011235955
utsa,2017-18,UTSA,Conference USA,256.0,27.0,FBS,0.0,0.0,27.0,https://dxbhsrqyrr690.cloudfront.net/sidearm.nextgen.sites/nacda.com/documents/2018/7/18/June29overallDI.pdf,5.0,12.67123287671233,UTSA,True,False,observed_scoring_school,26.72413793103448
utsa,2018-19,UTSA,Conference USA,288.0,19.0,FBS,0.0,0.0,19.0,https://dxbhsrqyrr690.cloudfront.net/sidearm.nextgen.sites/nacda.com/documents/2019/6/27/June28DIOverall.pdf,6.0,2.5423728813559325,UTSA,True,False,observed_scoring_school,17.857142857142858
utsa,2020-21,UTSA,Conference USA,195.0,71.0,FBS,25.0,0.0,46.0,https://dxbhsrqyrr690.cloudfront.net/sidearm.nextgen.sites/nacda.com/documents/2021/7/1/July2OverallDI.pdf,4.0,33.617747440273035,UTSA,True,False,observed_scoring_school,45.05649717514124
utsa,2021-22,UTSA,Conference USA,181.0,88.0,FBS,25.0,22.5,40.5,https://dxbhsrqyrr690.cloudfront.net/sidearm.nextgen.sites/nacda.com/documents/2022/6/30/FinalDIstandings.pdf,4.0,38.983050847457626,UTSA,True,False,observed_scoring_school,49.29577464788733
utsa,2022-23,UTSA,Conference USA,184.0,83.5,FBS,50.0,0.0,33.5,https://dxbhsrqyrr690.cloudfront.net/sidearm.nextgen.sites/nacda.com/documents/2023/6/27/Final22.23Standings.pdf,3.0,39.50819672131147,UTSA,True,False,observed_scoring_school,48.463687150837984
utsa,2023-24,UTSA,American,169.0,89.0,FBS,45.0,29.0,15.0,https://dxbhsrqyrr690.cloudfront.net/sidearm.nextgen.sites/nacda.com/documents/2024/6/26/23.24FinalDI.pdf,3.0,45.98070739549839,UTSA,True,False,observed_scoring_school,52.80898876404494
utsa,2024-25,UTSA,American,149.0,109.0,FBS,45.0,0.0,64.0,https://dxbhsrqyrr690.cloudfront.net/sidearm.nextgen.sites/nacda.com/documents/2025/6/23/24.25DivIStandingsFinal.pdf,3.0,51.15511551155115,UTSA,True,False,observed_scoring_school,58.42696629213483
utsa,2025-26,UTSA,American,123.0,134.0,FBS,70.0,43.5,20.5,https://dxbhsrqyrr690.cloudfront.net/sidearm.nextgen.sites/nacda.com/documents/2026/6/24/25.26DI_Final.pdf,2.0,59.30232558139535,UTSA,True,False,observed_scoring_school,65.58988764044943
utah,2017-18,Utah,Pac 12,61.0,382.5,FBS,137.0,197.0,48.5,https://dxbhsrqyrr690.cloudfront.net/sidearm.nextgen.sites/nacda.com/documents/2018/7/18/June29overallDI.pdf,2.0,79.45205479452055,Utah,True,False,observed_scoring_school,82.75862068965517
utah,2018-19,Utah,Pac 12,79.0,278.75,FBS,75.0,178.75,25.0,https://dxbhsrqyrr690.cloudfront.net/sidearm.nextgen.sites/nacda.com/documents/2019/6/27/June28DIOverall.pdf,2.0,73.5593220338983,Utah,True,False,observed_scoring_school,77.71428571428571
utah,2020-21,Utah,Pac 12,70.0,284.0,FBS,50.0,201.0,33.0,https://dxbhsrqyrr690.cloudfront.net/sidearm.nextgen.sites/nacda.com/documents/2021/7/1/July2OverallDI.pdf,2.0,76.45051194539249,Utah,True,False,observed_scoring_school,80.50847457627118
utah,2021-22,Utah,Pac-12,44.0,532.5,FBS,168.5,267.0,97.0,https://dxbhsrqyrr690.cloudfront.net/sidearm.nextgen.sites/nacda.com/documents/2022/6/30/FinalDIstandings.pdf,1.0,85.42372881355932,Utah,True,False,observed_scoring_school,87.88732394366198
utah,2022-23,Utah,Pac-12,28.0,741.0,FBS,130.5,375.0,235.5,https://dxbhsrqyrr690.cloudfront.net/sidearm.nextgen.sites/nacda.com/documents/2023/6/27/Final22.23Standings.pdf,1.0,91.14754098360656,Utah,True,False,observed_scoring_school,92.45810055865921
utah,2023-24,Utah,Pac-12,47.0,527.5,FBS,88.0,308.0,131.5,https://dxbhsrqyrr690.cloudfront.net/sidearm.nextgen.sites/nacda.com/documents/2024/6/26/23.24FinalDI.pdf,1.0,85.20900321543408,Utah,True,False,observed_scoring_school,87.07865168539325
utah,2024-25,Utah,Big 12,60.0,423.5,FBS,105.0,278.5,40.0,https://dxbhsrqyrr690.cloudfront.net/sidearm.nextgen.sites/nacda.com/documents/2025/6/23/24.25DivIStandingsFinal.pdf,1.0,80.52805280528052,Utah,True,False,observed_scoring_school,83.42696629213484
utah,2025-26,Utah,Big 12,63.0,435.25,FBS,143.5,226.25,65.5,https://dxbhsrqyrr690.cloudfront.net/sidearm.nextgen.sites/nacda.com/documents/2026/6/24/25.26DI_Final.pdf,1.0,79.40199335548172,Utah,True,False,observed_scoring_school,82.58426966292134
utah_state,2017-18,Utah State,Mountain West,78.0,265.25,FBS,133.5,43.5,88.25,https://dxbhsrqyrr690.cloudfront.net/sidearm.nextgen.sites/nacda.com/documents/2018/7/18/June29overallDI.pdf,2.0,73.63013698630137,Utah State,True,False,observed_scoring_school,77.87356321839081
utah_state,2018-19,Utah State,Mountain West,143.0,110.0,FBS,53.0,25.0,32.0,https://dxbhsrqyrr690.cloudfront.net/sidearm.nextgen.sites/nacda.com/documents/2019/6/27/June28DIOverall.pdf,3.0,51.69491525423729,Utah State,True,False,observed_scoring_school,59.285714285714285
utah_state,2020-21,Utah State,Mountain West,109.0,135.0,FBS,57.0,78.0,0.0,https://dxbhsrqyrr690.cloudfront.net/sidearm.nextgen.sites/nacda.com/documents/2021/7/1/July2OverallDI.pdf,2.0,63.13993174061433,Utah State,True,False,observed_scoring_school,69.49152542372882
utah_state,2021-22,Utah State,Mountain West,116.0,149.5,FBS,96.0,53.5,0.0,https://dxbhsrqyrr690.cloudfront.net/sidearm.nextgen.sites/nacda.com/documents/2022/6/30/FinalDIstandings.pdf,3.0,61.016949152542374,Utah State,True,False,observed_scoring_school,67.6056338028169
utah_state,2022-23,Utah State,Mountain West,144.0,123.0,FBS,98.0,25.0,0.0,https://dxbhsrqyrr690.cloudfront.net/sidearm.nextgen.sites/nacda.com/documents/2023/6/27/Final22.23Standings.pdf,3.0,52.950819672131146,Utah State,True,False,observed_scoring_school,59.91620111731844
utah_state,2023-24,Utah State,Mountain West,136.0,125.0,FBS,75.0,50.0,0.0,https://dxbhsrqyrr690.cloudfront.net/sidearm.nextgen.sites/nacda.com/documents/2024/6/26/23.24FinalDI.pdf,3.0,56.27009646302251,Utah State,True,False,observed_scoring_school,61.79775280898876
utah_state,2024-25,Utah State,Mountain West,104.0,180.0,FBS,77.0,88.5,14.5,https://dxbhsrqyrr690.cloudfront.net/sidearm.nextgen.sites/nacda.com/documents/2025/6/23/24.25DivIStandingsFinal.pdf,2.0,66.006600660066,Utah State,True,False,observed_scoring_school,71.06741573033707
utah_state,2025-26,Utah State,Mountain West,85.0,262.5,FBS,100.0,95.5,67.0,https://dxbhsrqyrr690.cloudfront.net/sidearm.nextgen.sites/nacda.com/documents/2026/6/24/25.26DI_Final.pdf,2.0,72.09302325581395,Utah State,True,False,observed_scoring_school,76.40449438202246
utah_valley,2017-18,Utah Valley,WAC,211.0,55.5,DI,25.0,30.5,0.0,https://dxbhsrqyrr690.cloudfront.net/sidearm.nextgen.sites/nacda.com/documents/2018/7/18/June29overallDI.pdf,4.0,28.08219178082192,Utah Valley,True,False,observed_scoring_school,39.6551724137931
utah_valley,2018-19,Utah Valley,WAC,247.0,44.0,DI,0.0,44.0,0.0,https://dxbhsrqyrr690.cloudfront.net/sidearm.nextgen.sites/nacda.com/documents/2019/6/27/June28DIOverall.pdf,5.0,16.610169491525422,Utah Valley,True,False,observed_scoring_school,29.714285714285715
utah_valley,2020-21,Utah Valley,WAC,99.0,153.0,DI,75.0,78.0,0.0,https://dxbhsrqyrr690.cloudfront.net/sidearm.nextgen.sites/nacda.com/documents/2021/7/1/July2OverallDI.pdf,2.0,66.38225255972696,Utah Valley,True,False,observed_scoring_school,72.17514124293785
utah_valley,2021-22,Utah Valley,WAC,248.0,46.5,DI,25.0,21.5,0.0,https://dxbhsrqyrr690.cloudfront.net/sidearm.nextgen.sites/nacda.com/documents/2022/6/30/FinalDIstandings.pdf,5.0,16.271186440677965,Utah Valley,True,False,observed_scoring_school,30.422535211267604
utah_valley,2022-23,Utah Valley,WAC,106.0,169.75,DI,73.0,33.0,63.75,https://dxbhsrqyrr690.cloudfront.net/sidearm.nextgen.sites/nacda.com/documents/2023/6/27/Final22.23Standings.pdf,2.0,65.57377049180327,Utah Valley,True,False,observed_scoring_school,70.6703910614525
utah_valley,2023-24,Utah Valley,WAC,194.0,67.0,DI,51.0,16.0,0.0,https://dxbhsrqyrr690.cloudfront.net/sidearm.nextgen.sites/nacda.com/documents/2024/6/26/23.24FinalDI.pdf,3.0,37.942122186495176,Utah Valley,True,False,observed_scoring_school,45.78651685393258
utah_valley,2024-25,Utah Valley,WAC,143.0,114.0,DI,29.0,39.0,46.0,https://dxbhsrqyrr690.cloudfront.net/sidearm.nextgen.sites/nacda.com/documents/2025/6/23/24.25DivIStandingsFinal.pdf,3.0,53.135313531353134,Utah Valley,True,False,observed_scoring_school,60.1123595505618
utah_valley,2025-26,Utah Valley,WAC,171.0,89.0,DI,50.0,39.0,0.0,https://dxbhsrqyrr690.cloudfront.net/sidearm.nextgen.sites/nacda.com/documents/2026/6/24/25.26DI_Final.pdf,3.0,43.355481727574755,Utah Valley,True,False,observed_scoring_school,52.10674157303371
vcu,2017-18,VCU,Atlantic 10,138.0,125.0,DI,75.0,0.0,50.0,https://dxbhsrqyrr690.cloudfront.net/sidearm.nextgen.sites/nacda.com/documents/2018/7/18/June29overallDI.pdf,3.0,52.910958904109584,VCU,True,False,observed_scoring_school,60.48850574712644
vcu,2018-19,VCU,Atlantic 10,171.0,90.0,DI,0.0,25.0,65.0,https://dxbhsrqyrr690.cloudfront.net/sidearm.nextgen.sites/nacda.com/documents/2019/6/27/June28DIOverall.pdf,4.0,42.03389830508474,VCU,True,False,observed_scoring_school,51.142857142857146
vcu,2020-21,VCU,Atlantic 10,104.0,142.5,DI,25.0,30.0,87.5,https://dxbhsrqyrr690.cloudfront.net/sidearm.nextgen.sites/nacda.com/documents/2021/7/1/July2OverallDI.pdf,2.0,64.84641638225256,VCU,True,False,observed_scoring_school,70.90395480225989
vcu,2021-22,VCU,Atlantic 10,137.0,125.0,DI,0.0,0.0,125.0,https://dxbhsrqyrr690.cloudfront.net/sidearm.nextgen.sites/nacda.com/documents/2022/6/30/FinalDIstandings.pdf,3.0,53.72881355932203,VCU,True,False,observed_scoring_school,61.54929577464788
vcu,2022-23,VCU,Atlantic 10,223.0,50.0,DI,0.0,25.0,25.0,https://dxbhsrqyrr690.cloudfront.net/sidearm.nextgen.sites/nacda.com/documents/2023/6/27/Final22.23Standings.pdf,4.0,24.75409836065574,VCU,True,False,observed_scoring_school,35.89385474860335
vcu,2023-24,VCU,Atlantic 10,104.0,180.0,DI,0.0,37.5,142.5,https://dxbhsrqyrr690.cloudfront.net/sidearm.nextgen.sites/nacda.com/documents/2024/6/26/23.24FinalDI.pdf,2.0,66.88102893890675,VCU,True,False,observed_scoring_school,71.06741573033707
vcu,2024-25,VCU,Atlantic 10,123.0,140.5,DI,0.0,70.0,70.5,https://dxbhsrqyrr690.cloudfront.net/sidearm.nextgen.sites/nacda.com/documents/2025/6/23/24.25DivIStandingsFinal.pdf,2.0,59.57095709570957,VCU,True,False,observed_scoring_school,65.58988764044943
vcu,2025-26,VCU,Atlantic 10,148.0,112.5,DI,0.0,50.0,62.5,https://dxbhsrqyrr690.cloudfront.net/sidearm.nextgen.sites/nacda.com/documents/2026/6/24/25.26DI_Final.pdf,3.0,50.99667774086378,VCU,True,False,observed_scoring_school,58.56741573033708
valparaiso,2017-18,,,,0.0,,,,,,,,Valparaiso,False,True,kept_known_d1_program,8.189655172413794
valparaiso,2018-19,,,,0.0,,,,,,,,Valparaiso,False,True,kept_known_d1_program,8.0
valparaiso,2020-21,,,,0.0,,,,,,,,Valparaiso,False,True,kept_known_d1_program,8.757062146892656
valparaiso,2021-22,,,,0.0,,,,,,,,Valparaiso,False,True,kept_known_d1_program,8.591549295774648
valparaiso,2022-23,,,,0.0,,,,,,,,Valparaiso,False,True,kept_known_d1_program,7.5418994413407825
valparaiso,2023-24,Valparaiso,Missouri Valley,262.0,25.0,FCS,25.0,0.0,0.0,https://dxbhsrqyrr690.cloudfront.net/sidearm.nextgen.sites/nacda.com/documents/2024/6/26/23.24FinalDI.pdf,5.0,10.128617363344052,Valparaiso,True,False,observed_scoring_school,21.48876404494382
valparaiso,2024-25,,,,0.0,,,,,,,,Valparaiso,False,True,kept_known_d1_program,7.584269662921349
valparaiso,2025-26,,,,0.0,,,,,,,,Valparaiso,False,True,kept_known_d1_program,7.865168539325842
vanderbilt,2017-18,Vanderbilt,SEC,55.0,450.0,FBS,50.0,100.0,300.0,https://dxbhsrqyrr690.cloudfront.net/sidearm.nextgen.sites/nacda.com/documents/2018/7/18/June29overallDI.pdf,2.0,81.5068493150685,Vanderbilt,True,False,observed_scoring_school,84.48275862068965
vanderbilt,2018-19,Vanderbilt,SEC,45.0,526.5,FBS,75.0,90.0,361.5,https://dxbhsrqyrr690.cloudfront.net/sidearm.nextgen.sites/nacda.com/documents/2019/6/27/June28DIOverall.pdf,1.0,84.91525423728814,Vanderbilt,True,False,observed_scoring_school,87.28571428571429
vanderbilt,2020-21,Vanderbilt,SEC,56.0,392.25,FBS,50.0,60.0,282.25,https://dxbhsrqyrr690.cloudfront.net/sidearm.nextgen.sites/nacda.com/documents/2021/7/1/July2OverallDI.pdf,1.0,81.22866894197952,Vanderbilt,True,False,observed_scoring_school,84.4632768361582
vanderbilt,2021-22,Vanderbilt,SEC,66.0,356.0,FBS,0.0,86.5,269.5,https://dxbhsrqyrr690.cloudfront.net/sidearm.nextgen.sites/nacda.com/documents/2022/6/30/FinalDIstandings.pdf,2.0,77.96610169491525,Vanderbilt,True,False,observed_scoring_school,81.69014084507043
vanderbilt,2022-23,Vanderbilt,SEC,56.0,437.25,FBS,50.0,134.0,253.25,https://dxbhsrqyrr690.cloudfront.net/sidearm.nextgen.sites/nacda.com/documents/2023/6/27/Final22.23Standings.pdf,1.0,81.9672131147541,Vanderbilt,True,False,observed_scoring_school,84.63687150837988
vanderbilt,2023-24,Vanderbilt,SEC,57.0,410.25,FBS,0.0,119.0,291.25,https://dxbhsrqyrr690.cloudfront.net/sidearm.nextgen.sites/nacda.com/documents/2024/6/26/23.24FinalDI.pdf,1.0,81.9935691318328,Vanderbilt,True,False,observed_scoring_school,84.26966292134831
vanderbilt,2024-25,Vanderbilt,SEC,58.0,440.75,FBS,109.0,115.0,216.75,https://dxbhsrqyrr690.cloudfront.net/sidearm.nextgen.sites/nacda.com/documents/2025/6/23/24.25DivIStandingsFinal.pdf,1.0,81.1881188118812,Vanderbilt,True,False,observed_scoring_school,83.98876404494382
vanderbilt,2025-26,Vanderbilt,SEC,40.0,628.25,FBS,161.0,240.5,226.75,https://dxbhsrqyrr690.cloudfront.net/sidearm.nextgen.sites/nacda.com/documents/2026/6/24/25.26DI_Final.pdf,1.0,87.04318936877077,Vanderbilt,True,False,observed_scoring_school,89.04494382022472
vermont,2017-18,Vermont,America East,189.0,75.0,DI,0.0,75.0,0.0,https://dxbhsrqyrr690.cloudfront.net/sidearm.nextgen.sites/nacda.com/documents/2018/7/18/June29overallDI.pdf,4.0,34.417808219178085,Vermont,True,False,observed_scoring_school,44.9712643678161
vermont,2018-19,Vermont,America East,135.0,115.0,DI,0.0,115.0,0.0,https://dxbhsrqyrr690.cloudfront.net/sidearm.nextgen.sites/nacda.com/documents/2019/6/27/June28DIOverall.pdf,3.0,54.40677966101695,Vermont,True,False,observed_scoring_school,61.57142857142858
vermont,2020-21,Vermont,America East,164.0,88.0,DI,0.0,63.0,25.0,https://dxbhsrqyrr690.cloudfront.net/sidearm.nextgen.sites/nacda.com/documents/2021/7/1/July2OverallDI.pdf,3.0,44.19795221843004,Vermont,True,False,observed_scoring_school,53.813559322033896
vermont,2021-22,Vermont,America East,82.0,243.0,DI,50.0,115.0,78.0,https://dxbhsrqyrr690.cloudfront.net/sidearm.nextgen.sites/nacda.com/documents/2022/6/30/FinalDIstandings.pdf,2.0,72.54237288135593,Vermont,True,False,observed_scoring_school,77.1830985915493
vermont,2022-23,Vermont,America East,91.0,203.0,DI,73.0,130.0,0.0,https://dxbhsrqyrr690.cloudfront.net/sidearm.nextgen.sites/nacda.com/documents/2023/6/27/Final22.23Standings.pdf,2.0,70.49180327868852,Vermont,True,False,observed_scoring_school,74.86033519553072
vermont,2023-24,Vermont,America East,114.0,161.0,DI,64.0,97.0,0.0,https://dxbhsrqyrr690.cloudfront.net/sidearm.nextgen.sites/nacda.com/documents/2024/6/26/23.24FinalDI.pdf,2.0,63.665594855305464,Vermont,True,False,observed_scoring_school,68.25842696629213
vermont,2024-25,Vermont,America East,88.0,225.0,DI,125.0,100.0,0.0,https://dxbhsrqyrr690.cloudfront.net/sidearm.nextgen.sites/nacda.com/documents/2025/6/23/24.25DivIStandingsFinal.pdf,2.0,71.12211221122112,Vermont,True,False,observed_scoring_school,75.42134831460675
vermont,2025-26,Vermont,America East,113.0,150.0,DI,50.0,100.0,0.0,https://dxbhsrqyrr690.cloudfront.net/sidearm.nextgen.sites/nacda.com/documents/2026/6/24/25.26DI_Final.pdf,2.0,62.7906976744186,Vermont,True,False,observed_scoring_school,68.53932584269663
villanova,2017-18,Villanova,Big East,66.0,363.0,FCS,98.0,207.0,58.0,https://dxbhsrqyrr690.cloudfront.net/sidearm.nextgen.sites/nacda.com/documents/2018/7/18/June29overallDI.pdf,2.0,77.73972602739725,Villanova,True,False,observed_scoring_school,81.32183908045977
villanova,2018-19,Villanova,Big East,76.0,291.5,FCS,101.0,143.0,47.5,https://dxbhsrqyrr690.cloudfront.net/sidearm.nextgen.sites/nacda.com/documents/2019/6/27/June28DIOverall.pdf,2.0,74.57627118644068,Villanova,True,False,observed_scoring_school,78.57142857142857
villanova,2020-21,Villanova,Big East,84.0,205.0,FCS,34.0,115.0,56.0,https://dxbhsrqyrr690.cloudfront.net/sidearm.nextgen.sites/nacda.com/documents/2021/7/1/July2OverallDI.pdf,2.0,71.50170648464163,Villanova,True,False,observed_scoring_school,76.41242937853107
villanova,2021-22,Villanova,Big East,54.0,470.5,FCS,196.0,177.0,97.5,https://dxbhsrqyrr690.cloudfront.net/sidearm.nextgen.sites/nacda.com/documents/2022/6/30/FinalDIstandings.pdf,1.0,82.03389830508473,Villanova,True,False,observed_scoring_school,85.07042253521126
villanova,2022-23,Villanova,Big East,138.0,127.5,FCS,55.0,64.0,8.5,https://dxbhsrqyrr690.cloudfront.net/sidearm.nextgen.sites/nacda.com/documents/2023/6/27/Final22.23Standings.pdf,3.0,55.08196721311476,Villanova,True,False,observed_scoring_school,61.731843575419
villanova,2023-24,Villanova,Big East,73.0,328.0,FCS,152.0,80.5,95.5,https://dxbhsrqyrr690.cloudfront.net/sidearm.nextgen.sites/nacda.com/documents/2024/6/26/23.24FinalDI.pdf,2.0,76.84887459807074,Villanova,True,False,observed_scoring_school,79.7752808988764
villanova,2024-25,Villanova,Big East,91.0,214.5,FCS,134.0,54.5,26.0,https://dxbhsrqyrr690.cloudfront.net/sidearm.nextgen.sites/nacda.com/documents/2025/6/23/24.25DivIStandingsFinal.pdf,2.0,70.13201320132013,Villanova,True,False,observed_scoring_school,74.57865168539325
villanova,2025-26,Villanova,Big East,80.0,295.0,FCS,159.0,106.0,30.0,https://dxbhsrqyrr690.cloudfront.net/sidearm.nextgen.sites/nacda.com/documents/2026/6/24/25.26DI_Final.pdf,2.0,73.75415282392026,Villanova,True,False,observed_scoring_school,77.80898876404494
virginia,2017-18,Virginia,ACC,21.0,830.0,FBS,250.5,231.5,348.0,https://dxbhsrqyrr690.cloudfront.net/sidearm.nextgen.sites/nacda.com/documents/2018/7/18/June29overallDI.pdf,1.0,93.15068493150685,Virginia,True,False,observed_scoring_school,94.25287356321839
virginia,2018-19,Virginia,ACC,8.0,1037.5,FBS,226.0,344.0,467.5,https://dxbhsrqyrr690.cloudfront.net/sidearm.nextgen.sites/nacda.com/documents/2019/6/27/June28DIOverall.pdf,1.0,97.6271186440678,Virginia,True,False,observed_scoring_school,98.0
virginia,2020-21,Virginia,ACC,11.0,970.25,FBS,83.0,275.5,611.75,https://dxbhsrqyrr690.cloudfront.net/sidearm.nextgen.sites/nacda.com/documents/2021/7/1/July2OverallDI.pdf,1.0,96.58703071672356,Virginia,True,False,observed_scoring_school,97.17514124293785
virginia,2021-22,Virginia,ACC,11.0,942.5,FBS,117.0,236.5,589.0,https://dxbhsrqyrr690.cloudfront.net/sidearm.nextgen.sites/nacda.com/documents/2022/6/30/FinalDIstandings.pdf,1.0,96.61016949152544,Virginia,True,False,observed_scoring_school,97.1830985915493
virginia,2022-23,Virginia,ACC,4.0,1105.5,FBS,297.0,185.0,623.5,https://dxbhsrqyrr690.cloudfront.net/sidearm.nextgen.sites/nacda.com/documents/2023/6/27/Final22.23Standings.pdf,1.0,99.01639344262296,Virginia,True,False,observed_scoring_school,99.16201117318437
virginia,2023-24,Virginia,ACC,5.0,1066.25,FBS,259.0,162.0,645.25,https://dxbhsrqyrr690.cloudfront.net/sidearm.nextgen.sites/nacda.com/documents/2024/6/26/23.24FinalDI.pdf,1.0,98.71382636655947,Virginia,True,False,observed_scoring_school,98.87640449438202
virginia,2024-25,Virginia,ACC,12.0,966.0,FBS,293.5,213.75,458.75,https://dxbhsrqyrr690.cloudfront.net/sidearm.nextgen.sites/nacda.com/documents/2025/6/23/24.25DivIStandingsFinal.pdf,1.0,96.36963696369637,Virginia,True,False,observed_scoring_school,96.91011235955057
virginia,2025-26,Virginia,ACC,5.0,1148.75,FBS,294.5,346.75,507.5,https://dxbhsrqyrr690.cloudfront.net/sidearm.nextgen.sites/nacda.com/documents/2026/6/24/25.26DI_Final.pdf,1.0,98.67109634551495,Virginia,True,False,observed_scoring_school,98.87640449438202
virginia_military_institute,2017-18,,,,0.0,,,,,,,,Virginia Military Institute,False,True,kept_known_d1_program,8.189655172413794
virginia_military_institute,2018-19,,,,0.0,,,,,,,,Virginia Military Institute,False,True,kept_known_d1_program,8.0
virginia_military_institute,2020-21,Virginia Military Institute,SoCon,255.0,25.0,FCS,25.0,0.0,0.0,https://dxbhsrqyrr690.cloudfront.net/sidearm.nextgen.sites/nacda.com/documents/2021/7/1/July2OverallDI.pdf,5.0,8.70307167235495,Virginia Military Institute,True,False,observed_scoring_school,24.43502824858757
virginia_military_institute,2021-22,,,,0.0,,,,,,,,Virginia Military Institute,False,True,kept_known_d1_program,8.591549295774648
virginia_military_institute,2022-23,,,,0.0,,,,,,,,Virginia Military Institute,False,True,kept_known_d1_program,7.5418994413407825
virginia_military_institute,2023-24,Virginia Military Institute,SoCon,302.0,16.0,FCS,0.0,16.0,0.0,https://dxbhsrqyrr690.cloudfront.net/sidearm.nextgen.sites/nacda.com/documents/2024/6/26/23.24FinalDI.pdf,5.0,3.215434083601286,Virginia Military Institute,True,False,observed_scoring_school,15.44943820224719
virginia_military_institute,2024-25,,,,0.0,,,,,,,,Virginia Military Institute,False,True,kept_known_d1_program,7.584269662921349
virginia_military_institute,2025-26,,,,0.0,,,,,,,,Virginia Military Institute,False,True,kept_known_d1_program,7.865168539325842
virginia_tech,2017-18,Virginia Tech,ACC,28.0,735.5,FBS,181.0,313.5,241.0,https://dxbhsrqyrr690.cloudfront.net/sidearm.nextgen.sites/nacda.com/documents/2018/7/18/June29overallDI.pdf,1.0,90.75342465753424,Virginia Tech,True,False,observed_scoring_school,92.24137931034483
virginia_tech,2018-19,Virginia Tech,ACC,49.0,511.83,FBS,181.0,249.33,81.5,https://dxbhsrqyrr690.cloudfront.net/sidearm.nextgen.sites/nacda.com/documents/2019/6/27/June28DIOverall.pdf,1.0,83.72881355932203,Virginia Tech,True,False,observed_scoring_school,86.28571428571429
virginia_tech,2020-21,Virginia Tech,ACC,32.0,631.25,FBS,64.0,364.25,203.0,https://dxbhsrqyrr690.cloudfront.net/sidearm.nextgen.sites/nacda.com/documents/2021/7/1/July2OverallDI.pdf,1.0,89.419795221843,Virginia Tech,True,False,observed_scoring_school,91.24293785310734
virginia_tech,2021-22,Virginia Tech,ACC,33.0,688.25,FBS,125.0,332.75,230.5,https://dxbhsrqyrr690.cloudfront.net/sidearm.nextgen.sites/nacda.com/documents/2022/6/30/FinalDIstandings.pdf,1.0,89.15254237288136,Virginia Tech,True,False,observed_scoring_school,90.98591549295774
virginia_tech,2022-23,Virginia Tech,ACC,55.0,443.0,FBS,25.0,320.5,97.5,https://dxbhsrqyrr690.cloudfront.net/sidearm.nextgen.sites/nacda.com/documents/2023/6/27/Final22.23Standings.pdf,1.0,82.29508196721311,Virginia Tech,True,False,observed_scoring_school,84.91620111731844
virginia_tech,2023-24,Virginia Tech,ACC,50.0,499.25,FBS,45.0,348.75,105.5,https://dxbhsrqyrr690.cloudfront.net/sidearm.nextgen.sites/nacda.com/documents/2024/6/26/23.24FinalDI.pdf,1.0,84.2443729903537,Virginia Tech,True,False,observed_scoring_school,86.23595505617978
virginia_tech,2024-25,Virginia Tech,ACC,45.0,536.0,FBS,146.0,254.0,136.0,https://dxbhsrqyrr690.cloudfront.net/sidearm.nextgen.sites/nacda.com/documents/2025/6/23/24.25DivIStandingsFinal.pdf,1.0,85.47854785478548,Virginia Tech,True,False,observed_scoring_school,87.64044943820225
virginia_tech,2025-26,Virginia Tech,ACC,55.0,470.5,FBS,61.5,244.0,165.0,https://dxbhsrqyrr690.cloudfront.net/sidearm.nextgen.sites/nacda.com/documents/2026/6/24/25.26DI_Final.pdf,1.0,82.05980066445183,Virginia Tech,True,False,observed_scoring_school,84.8314606741573
wagner,2017-18,Wagner,Northeast,178.0,85.0,FCS,0.0,0.0,85.0,https://dxbhsrqyrr690.cloudfront.net/sidearm.nextgen.sites/nacda.com/documents/2018/7/18/June29overallDI.pdf,4.0,39.21232876712329,Wagner,True,False,observed_scoring_school,48.99425287356322
wagner,2018-19,Wagner,Northeast,223.0,50.0,FCS,0.0,0.0,50.0,https://dxbhsrqyrr690.cloudfront.net/sidearm.nextgen.sites/nacda.com/documents/2019/6/27/June28DIOverall.pdf,5.0,21.864406779661017,Wagner,True,False,observed_scoring_school,34.14285714285714
wagner,2020-21,,,,0.0,,,,,,,,Wagner,False,True,kept_known_d1_program,8.757062146892656
wagner,2021-22,Wagner,Northeast,216.0,60.0,FCS,0.0,0.0,60.0,https://dxbhsrqyrr690.cloudfront.net/sidearm.nextgen.sites/nacda.com/documents/2022/6/30/FinalDIstandings.pdf,5.0,26.94915254237288,Wagner,True,False,observed_scoring_school,39.29577464788732
wagner,2022-23,,,,0.0,,,,,,,,Wagner,False,True,kept_known_d1_program,7.5418994413407825
wagner,2023-24,Wagner,Northeast,150.0,107.0,FCS,0.0,47.0,60.0,https://dxbhsrqyrr690.cloudfront.net/sidearm.nextgen.sites/nacda.com/documents/2024/6/26/23.24FinalDI.pdf,3.0,51.929260450160776,Wagner,True,False,observed_scoring_school,58.00561797752809
wagner,2024-25,Wagner,Northeast,151.0,108.0,FCS,0.0,48.0,60.0,https://dxbhsrqyrr690.cloudfront.net/sidearm.nextgen.sites/nacda.com/documents/2025/6/23/24.25DivIStandingsFinal.pdf,3.0,50.165016501650165,Wagner,True,False,observed_scoring_school,57.58426966292135
wagner,2025-26,Wagner,NEC,107.0,169.0,FCS,25.0,34.0,110.0,https://dxbhsrqyrr690.cloudfront.net/sidearm.nextgen.sites/nacda.com/documents/2026/6/24/25.26DI_Final.pdf,2.0,64.78405315614619,Wagner,True,False,observed_scoring_school,70.2247191011236
wake_forest,2017-18,Wake Forest,ACC,48.0,496.5,FBS,221.0,35.5,240.0,https://dxbhsrqyrr690.cloudfront.net/sidearm.nextgen.sites/nacda.com/documents/2018/7/18/June29overallDI.pdf,1.0,83.9041095890411,Wake Forest,True,False,observed_scoring_school,86.49425287356321
wake_forest,2018-19,Wake Forest,ACC,36.0,648.25,FBS,311.0,34.5,302.75,https://dxbhsrqyrr690.cloudfront.net/sidearm.nextgen.sites/nacda.com/documents/2019/6/27/June28DIOverall.pdf,1.0,88.13559322033898,Wake Forest,True,False,observed_scoring_school,90.0
wake_forest,2020-21,Wake Forest,ACC,54.0,394.75,FBS,143.0,25.0,226.75,https://dxbhsrqyrr690.cloudfront.net/sidearm.nextgen.sites/nacda.com/documents/2021/7/1/July2OverallDI.pdf,1.0,81.91126279863481,Wake Forest,True,False,observed_scoring_school,85.02824858757062
wake_forest,2021-22,Wake Forest,ACC,45.0,530.0,FBS,243.0,0.0,287.0,https://dxbhsrqyrr690.cloudfront.net/sidearm.nextgen.sites/nacda.com/documents/2022/6/30/FinalDIstandings.pdf,1.0,85.08474576271186,Wake Forest,True,False,observed_scoring_school,87.60563380281691
wake_forest,2022-23,Wake Forest,ACC,42.0,569.0,FBS,223.0,0.0,346.0,https://dxbhsrqyrr690.cloudfront.net/sidearm.nextgen.sites/nacda.com/documents/2023/6/27/Final22.23Standings.pdf,1.0,86.55737704918033,Wake Forest,True,False,observed_scoring_school,88.54748603351955
wake_forest,2023-24,Wake Forest,ACC,56.0,421.0,FBS,128.0,32.5,260.5,https://dxbhsrqyrr690.cloudfront.net/sidearm.nextgen.sites/nacda.com/documents/2024/6/26/23.24FinalDI.pdf,1.0,82.31511254019293,Wake Forest,True,False,observed_scoring_school,84.5505617977528
wake_forest,2024-25,Wake Forest,ACC,41.0,611.0,FBS,264.0,39.0,308.0,https://dxbhsrqyrr690.cloudfront.net/sidearm.nextgen.sites/nacda.com/documents/2025/6/23/24.25DivIStandingsFinal.pdf,1.0,86.79867986798679,Wake Forest,True,False,observed_scoring_school,88.76404494382022
wake_forest,2025-26,Wake Forest,ACC,54.0,505.75,FBS,257.5,0.0,248.25,https://dxbhsrqyrr690.cloudfront.net/sidearm.nextgen.sites/nacda.com/documents/2026/6/24/25.26DI_Final.pdf,1.0,82.39202657807309,Wake Forest,True,False,observed_scoring_school,85.1123595505618
washington,2017-18,Washington,Pac 12,29.0,693.25,FBS,240.0,84.75,368.5,https://dxbhsrqyrr690.cloudfront.net/sidearm.nextgen.sites/nacda.com/documents/2018/7/18/June29overallDI.pdf,1.0,90.41095890410958,Washington,True,False,observed_scoring_school,91.95402298850574
washington,2018-19,Washington,Pac 12,24.0,801.0,FBS,294.5,125.5,381.0,https://dxbhsrqyrr690.cloudfront.net/sidearm.nextgen.sites/nacda.com/documents/2019/6/27/June28DIOverall.pdf,1.0,92.20338983050848,Washington,True,False,observed_scoring_school,93.42857142857143
washington,2020-21,Washington,Pac 12,33.0,611.5,FBS,295.0,20.5,296.0,https://dxbhsrqyrr690.cloudfront.net/sidearm.nextgen.sites/nacda.com/documents/2021/7/1/July2OverallDI.pdf,1.0,89.07849829351537,Washington,True,False,observed_scoring_school,90.96045197740112
washington,2021-22,Washington,Pac-12,30.0,730.25,FBS,283.0,105.5,341.75,https://dxbhsrqyrr690.cloudfront.net/sidearm.nextgen.sites/nacda.com/documents/2022/6/30/FinalDIstandings.pdf,1.0,90.16949152542372,Washington,True,False,observed_scoring_school,91.83098591549296
washington,2022-23,Washington,Pac-12,21.0,861.75,FBS,264.0,189.25,408.5,https://dxbhsrqyrr690.cloudfront.net/sidearm.nextgen.sites/nacda.com/documents/2023/6/27/Final22.23Standings.pdf,1.0,93.44262295081968,Washington,True,False,observed_scoring_school,94.41340782122904
washington,2023-24,Washington,Pac-12,26.0,716.5,FBS,188.5,169.5,358.5,https://dxbhsrqyrr690.cloudfront.net/sidearm.nextgen.sites/nacda.com/documents/2024/6/26/23.24FinalDI.pdf,1.0,91.96141479099678,Washington,True,False,observed_scoring_school,92.97752808988764
washington,2024-25,Washington,Big Ten,32.0,722.2,FBS,271.5,135.7,315.0,https://dxbhsrqyrr690.cloudfront.net/sidearm.nextgen.sites/nacda.com/documents/2025/6/23/24.25DivIStandingsFinal.pdf,1.0,89.76897689768977,Washington,True,False,observed_scoring_school,91.29213483146067
washington,2025-26,Washington,Big Ten,30.0,705.75,FBS,273.0,204.25,228.5,https://dxbhsrqyrr690.cloudfront.net/sidearm.nextgen.sites/nacda.com/documents/2026/6/24/25.26DI_Final.pdf,1.0,90.3654485049834,Washington,True,False,observed_scoring_school,91.85393258426966
washington_state,2017-18,Washington State,Pac 12,80.0,260.5,FBS,189.0,0.0,71.5,https://dxbhsrqyrr690.cloudfront.net/sidearm.nextgen.sites/nacda.com/documents/2018/7/18/June29overallDI.pdf,2.0,72.94520547945206,Washington State,True,False,observed_scoring_school,77.29885057471265
washington_state,2018-19,Washington State,Pac 12,88.0,206.5,FBS,181.5,0.0,25.0,https://dxbhsrqyrr690.cloudfront.net/sidearm.nextgen.sites/nacda.com/documents/2019/6/27/June28DIOverall.pdf,2.0,70.33898305084746,Washington State,True,False,observed_scoring_school,75.0
washington_state,2020-21,Washington State,Pac 12,90.0,175.75,FBS,50.0,62.0,63.75,https://dxbhsrqyrr690.cloudfront.net/sidearm.nextgen.sites/nacda.com/documents/2021/7/1/July2OverallDI.pdf,2.0,69.6245733788396,Washington State,True,False,observed_scoring_school,74.85875706214689
washington_state,2021-22,Washington State,Pac-12,90.0,207.0,FBS,125.0,55.5,26.5,https://dxbhsrqyrr690.cloudfront.net/sidearm.nextgen.sites/nacda.com/documents/2022/6/30/FinalDIstandings.pdf,2.0,69.83050847457626,Washington State,True,False,observed_scoring_school,74.92957746478874
washington_state,2022-23,Washington State,Pac-12,166.0,100.0,FBS,75.0,25.0,0.0,https://dxbhsrqyrr690.cloudfront.net/sidearm.nextgen.sites/nacda.com/documents/2023/6/27/Final22.23Standings.pdf,3.0,45.57377049180328,Washington State,True,False,observed_scoring_school,53.63128491620112
washington_state,2023-24,Washington State,Pac-12,99.0,194.5,FBS,64.0,74.0,56.5,https://dxbhsrqyrr690.cloudfront.net/sidearm.nextgen.sites/nacda.com/documents/2024/6/26/23.24FinalDI.pdf,2.0,68.48874598070739,Washington State,True,False,observed_scoring_school,72.47191011235955
washington_state,2024-25,Washington State,Pac-12,139.0,119.0,FBS,25.0,75.5,18.5,https://dxbhsrqyrr690.cloudfront.net/sidearm.nextgen.sites/nacda.com/documents/2025/6/23/24.25DivIStandingsFinal.pdf,3.0,54.45544554455446,Washington State,True,False,observed_scoring_school,61.23595505617978
washington_state,2025-26,Washington State,Pac-12,74.0,320.0,FBS,149.0,66.5,104.5,https://dxbhsrqyrr690.cloudfront.net/sidearm.nextgen.sites/nacda.com/documents/2026/6/24/25.26DI_Final.pdf,2.0,75.74750830564784,Washington State,True,False,observed_scoring_school,79.49438202247191
weber_state,2017-18,Weber State,Big Sky,201.0,70.0,FCS,70.0,0.0,0.0,https://dxbhsrqyrr690.cloudfront.net/sidearm.nextgen.sites/nacda.com/documents/2018/7/18/June29overallDI.pdf,4.0,31.33561643835616,Weber State,True,False,observed_scoring_school,42.38505747126437
weber_state,2018-19,Weber State,Big Sky,147.0,107.5,FCS,70.0,0.0,37.5,https://dxbhsrqyrr690.cloudfront.net/sidearm.nextgen.sites/nacda.com/documents/2019/6/27/June28DIOverall.pdf,3.0,50.50847457627119,Weber State,True,False,observed_scoring_school,58.285714285714285
weber_state,2020-21,Weber State,Big Sky,171.0,82.75,FCS,75.0,0.0,7.75,https://dxbhsrqyrr690.cloudfront.net/sidearm.nextgen.sites/nacda.com/documents/2021/7/1/July2OverallDI.pdf,3.0,41.979522184300336,Weber State,True,False,observed_scoring_school,51.9774011299435
weber_state,2021-22,Weber State,Big Sky,258.0,30.0,FCS,0.0,0.0,30.0,https://dxbhsrqyrr690.cloudfront.net/sidearm.nextgen.sites/nacda.com/documents/2022/6/30/FinalDIstandings.pdf,5.0,12.033898305084746,Weber State,True,False,observed_scoring_school,26.901408450704224
weber_state,2022-23,Weber State,Big Sky,188.0,78.0,FCS,53.0,0.0,25.0,https://dxbhsrqyrr690.cloudfront.net/sidearm.nextgen.sites/nacda.com/documents/2023/6/27/Final22.23Standings.pdf,3.0,38.68852459016394,Weber State,True,False,observed_scoring_school,47.76536312849162
weber_state,2023-24,Weber State,Big Sky,262.0,25.0,FCS,25.0,0.0,0.0,https://dxbhsrqyrr690.cloudfront.net/sidearm.nextgen.sites/nacda.com/documents/2024/6/26/23.24FinalDI.pdf,5.0,10.128617363344052,Weber State,True,False,observed_scoring_school,21.48876404494382
weber_state,2024-25,Weber State,Big Sky,254.0,37.5,FCS,0.0,0.0,37.5,https://dxbhsrqyrr690.cloudfront.net/sidearm.nextgen.sites/nacda.com/documents/2025/6/23/24.25DivIStandingsFinal.pdf,4.0,16.33663366336634,Weber State,True,False,observed_scoring_school,28.792134831460675
weber_state,2025-26,,,,0.0,,,,,,,,Weber State,False,True,kept_known_d1_program,7.865168539325842
west_virginia,2017-18,West Virginia,Big 12,63.0,380.75,FBS,89.0,284.0,7.75,https://dxbhsrqyrr690.cloudfront.net/sidearm.nextgen.sites/nacda.com/documents/2018/7/18/June29overallDI.pdf,2.0,78.76712328767124,West Virginia,True,False,observed_scoring_school,82.18390804597702
west_virginia,2018-19,West Virginia,Big 12,61.0,398.5,FBS,152.0,168.5,78.0,https://dxbhsrqyrr690.cloudfront.net/sidearm.nextgen.sites/nacda.com/documents/2019/6/27/June28DIOverall.pdf,2.0,79.66101694915254,West Virginia,True,False,observed_scoring_school,82.85714285714286
west_virginia,2020-21,West Virginia,Big 12,49.0,414.5,FBS,111.0,285.0,18.5,https://dxbhsrqyrr690.cloudfront.net/sidearm.nextgen.sites/nacda.com/documents/2021/7/1/July2OverallDI.pdf,1.0,83.61774744027304,West Virginia,True,False,observed_scoring_school,86.4406779661017
west_virginia,2021-22,West Virginia,Big 12,62.0,375.0,FBS,176.0,163.5,35.5,https://dxbhsrqyrr690.cloudfront.net/sidearm.nextgen.sites/nacda.com/documents/2022/6/30/FinalDIstandings.pdf,2.0,79.15254237288136,West Virginia,True,False,observed_scoring_school,82.67605633802818
west_virginia,2022-23,West Virginia,Big 12,59.0,411.0,FBS,97.0,242.0,72.0,https://dxbhsrqyrr690.cloudfront.net/sidearm.nextgen.sites/nacda.com/documents/2023/6/27/Final22.23Standings.pdf,1.0,80.98360655737706,West Virginia,True,False,observed_scoring_school,83.79888268156425
west_virginia,2023-24,West Virginia,Big 12,51.0,496.0,FBS,160.0,226.0,110.0,https://dxbhsrqyrr690.cloudfront.net/sidearm.nextgen.sites/nacda.com/documents/2024/6/26/23.24FinalDI.pdf,1.0,83.92282958199357,West Virginia,True,False,observed_scoring_school,85.95505617977528
west_virginia,2024-25,West Virginia,Big 12,42.0,595.0,FBS,190.0,291.5,113.5,https://dxbhsrqyrr690.cloudfront.net/sidearm.nextgen.sites/nacda.com/documents/2025/6/23/24.25DivIStandingsFinal.pdf,1.0,86.46864686468648,West Virginia,True,False,observed_scoring_school,88.48314606741573
west_virginia,2025-26,West Virginia,Big 12,50.0,530.5,FBS,169.0,224.0,137.5,https://dxbhsrqyrr690.cloudfront.net/sidearm.nextgen.sites/nacda.com/documents/2026/6/24/25.26DI_Final.pdf,1.0,83.55481727574751,West Virginia,True,False,observed_scoring_school,86.09550561797754
western_carolina,2017-18,,,,0.0,,,,,,,,Western Carolina,False,True,kept_known_d1_program,8.189655172413794
western_carolina,2018-19,,,,0.0,,,,,,,,Western Carolina,False,True,kept_known_d1_program,8.0
western_carolina,2020-21,,,,0.0,,,,,,,,Western Carolina,False,True,kept_known_d1_program,8.757062146892656
western_carolina,2021-22,,,,0.0,,,,,,,,Western Carolina,False,True,kept_known_d1_program,8.591549295774648
western_carolina,2022-23,,,,0.0,,,,,,,,Western Carolina,False,True,kept_known_d1_program,7.5418994413407825
western_carolina,2023-24,Western Carolina,SoCon,262.0,25.0,FCS,25.0,0.0,0.0,https://dxbhsrqyrr690.cloudfront.net/sidearm.nextgen.sites/nacda.com/documents/2024/6/26/23.24FinalDI.pdf,5.0,10.128617363344052,Western Carolina,True,False,observed_scoring_school,21.48876404494382
western_carolina,2024-25,,,,0.0,,,,,,,,Western Carolina,False,True,kept_known_d1_program,7.584269662921349
western_carolina,2025-26,,,,0.0,,,,,,,,Western Carolina,False,True,kept_known_d1_program,7.865168539325842
western_illinois,2017-18,Western Illinois,Summit,258.0,25.0,FCS,25.0,0.0,0.0,https://dxbhsrqyrr690.cloudfront.net/sidearm.nextgen.sites/nacda.com/documents/2018/7/18/June29overallDI.pdf,6.0,7.363013698630137,Western Illinois,True,False,observed_scoring_school,22.270114942528735
western_illinois,2018-19,,,,0.0,,,,,,,,Western Illinois,False,True,kept_known_d1_program,8.0
western_illinois,2020-21,Western Illinois,Summit,255.0,25.0,FCS,0.0,25.0,0.0,https://dxbhsrqyrr690.cloudfront.net/sidearm.nextgen.sites/nacda.com/documents/2021/7/1/July2OverallDI.pdf,5.0,8.70307167235495,Western Illinois,True,False,observed_scoring_school,24.43502824858757
western_illinois,2021-22,,,,0.0,,,,,,,,Western Illinois,False,True,kept_known_d1_program,8.591549295774648
western_illinois,2022-23,,,,0.0,,,,,,,,Western Illinois,False,True,kept_known_d1_program,7.5418994413407825
western_illinois,2023-24,,,,0.0,,,,,,,,Western Illinois,False,True,kept_known_d1_program,6.460674157303371
western_illinois,2024-25,,,,0.0,,,,,,,,Western Illinois,False,True,kept_known_d1_program,7.584269662921349
western_illinois,2025-26,Western Illinois,OVC,265.0,25.0,FCS,0.0,25.0,0.0,https://dxbhsrqyrr690.cloudfront.net/sidearm.nextgen.sites/nacda.com/documents/2026/6/24/25.26DI_Final.pdf,5.0,7.308970099667775,Western Illinois,True,False,observed_scoring_school,21.629213483146067
western_kentucky,2017-18,Western Kentucky,Conference USA,152.0,100.0,FBS,75.0,25.0,0.0,https://dxbhsrqyrr690.cloudfront.net/sidearm.nextgen.sites/nacda.com/documents/2018/7/18/June29overallDI.pdf,3.0,47.26027397260274,Western Kentucky,True,False,observed_scoring_school,55.74712643678161
western_kentucky,2018-19,,,,0.0,,,,,,,,Western Kentucky,False,True,kept_known_d1_program,8.0
western_kentucky,2020-21,Western Kentucky,Conference USA,112.0,126.5,FBS,89.0,0.0,37.5,https://dxbhsrqyrr690.cloudfront.net/sidearm.nextgen.sites/nacda.com/documents/2021/7/1/July2OverallDI.pdf,2.0,62.116040955631405,Western Kentucky,True,False,observed_scoring_school,68.64406779661016
western_kentucky,2021-22,Western Kentucky,Conference USA,134.0,130.0,FBS,95.0,35.0,0.0,https://dxbhsrqyrr690.cloudfront.net/sidearm.nextgen.sites/nacda.com/documents/2022/6/30/FinalDIstandings.pdf,3.0,54.74576271186441,Western Kentucky,True,False,observed_scoring_school,62.394366197183096
western_kentucky,2022-23,Western Kentucky,Conference USA,171.0,95.0,FBS,95.0,0.0,0.0,https://dxbhsrqyrr690.cloudfront.net/sidearm.nextgen.sites/nacda.com/documents/2023/6/27/Final22.23Standings.pdf,3.0,43.606557377049185,Western Kentucky,True,False,observed_scoring_school,51.955307262569825
western_kentucky,2023-24,Western Kentucky,Conference USA,139.0,120.0,FBS,95.0,25.0,0.0,https://dxbhsrqyrr690.cloudfront.net/sidearm.nextgen.sites/nacda.com/documents/2024/6/26/23.24FinalDI.pdf,3.0,55.466237942122184,Western Kentucky,True,False,observed_scoring_school,61.09550561797753
western_kentucky,2024-25,Western Kentucky,Conference USA,169.0,91.5,FBS,50.0,0.0,41.5,https://dxbhsrqyrr690.cloudfront.net/sidearm.nextgen.sites/nacda.com/documents/2025/6/23/24.25DivIStandingsFinal.pdf,3.0,44.224422442244226,Western Kentucky,True,False,observed_scoring_school,52.52808988764045
western_kentucky,2025-26,Western Kentucky,Conference USA,182.0,80.5,FBS,70.0,0.0,10.5,https://dxbhsrqyrr690.cloudfront.net/sidearm.nextgen.sites/nacda.com/documents/2026/6/24/25.26DI_Final.pdf,3.0,39.8671096345515,Western Kentucky,True,False,observed_scoring_school,49.157303370786515
western_michigan,2017-18,Western Michigan,MAC,175.0,89.0,FBS,64.0,0.0,25.0,https://dxbhsrqyrr690.cloudfront.net/sidearm.nextgen.sites/nacda.com/documents/2018/7/18/June29overallDI.pdf,4.0,40.23972602739726,Western Michigan,True,False,observed_scoring_school,49.85632183908046
western_michigan,2018-19,Western Michigan,MAC,223.0,50.0,FBS,25.0,0.0,25.0,https://dxbhsrqyrr690.cloudfront.net/sidearm.nextgen.sites/nacda.com/documents/2019/6/27/June28DIOverall.pdf,5.0,21.864406779661017,Western Michigan,True,False,observed_scoring_school,34.14285714285714
western_michigan,2020-21,Western Michigan,MAC,200.0,65.0,FBS,0.0,40.0,25.0,https://dxbhsrqyrr690.cloudfront.net/sidearm.nextgen.sites/nacda.com/documents/2021/7/1/July2OverallDI.pdf,4.0,31.91126279863481,Western Michigan,True,False,observed_scoring_school,43.64406779661017
western_michigan,2021-22,Western Michigan,MAC,106.0,167.0,FBS,45.0,97.0,25.0,https://dxbhsrqyrr690.cloudfront.net/sidearm.nextgen.sites/nacda.com/documents/2022/6/30/FinalDIstandings.pdf,2.0,64.23728813559322,Western Michigan,True,False,observed_scoring_school,70.28169014084507
western_michigan,2022-23,Western Michigan,MAC,124.0,142.5,FBS,64.0,78.5,0.0,https://dxbhsrqyrr690.cloudfront.net/sidearm.nextgen.sites/nacda.com/documents/2023/6/27/Final22.23Standings.pdf,2.0,59.67213114754099,Western Michigan,True,False,observed_scoring_school,65.64245810055866
western_michigan,2023-24,Western Michigan,MAC,110.0,164.0,FBS,114.0,25.0,25.0,https://dxbhsrqyrr690.cloudfront.net/sidearm.nextgen.sites/nacda.com/documents/2024/6/26/23.24FinalDI.pdf,2.0,64.79099678456592,Western Michigan,True,False,observed_scoring_school,69.24157303370787
western_michigan,2024-25,Western Michigan,MAC,88.0,225.0,FBS,125.0,100.0,0.0,https://dxbhsrqyrr690.cloudfront.net/sidearm.nextgen.sites/nacda.com/documents/2025/6/23/24.25DivIStandingsFinal.pdf,2.0,71.12211221122112,Western Michigan,True,False,observed_scoring_school,75.42134831460675
western_michigan,2025-26,Western Michigan,MAC,102.0,180.0,FBS,120.0,60.0,0.0,https://dxbhsrqyrr690.cloudfront.net/sidearm.nextgen.sites/nacda.com/documents/2026/6/24/25.26DI_Final.pdf,2.0,66.27906976744185,Western Michigan,True,False,observed_scoring_school,71.48876404494382
wichita_state,2017-18,Wichita State,American,87.0,223.5,DI,50.0,68.5,105.0,https://dxbhsrqyrr690.cloudfront.net/sidearm.nextgen.sites/nacda.com/documents/2018/7/18/June29overallDI.pdf,2.0,70.54794520547945,Wichita State,True,False,observed_scoring_school,75.28735632183908
wichita_state,2018-19,Wichita State,American,258.0,31.5,DI,0.0,0.0,31.5,https://dxbhsrqyrr690.cloudfront.net/sidearm.nextgen.sites/nacda.com/documents/2019/6/27/June28DIOverall.pdf,5.0,12.88135593220339,Wichita State,True,False,observed_scoring_school,26.571428571428573
wichita_state,2020-21,Wichita State,American,174.0,80.0,DI,0.0,5.0,75.0,https://dxbhsrqyrr690.cloudfront.net/sidearm.nextgen.sites/nacda.com/documents/2021/7/1/July2OverallDI.pdf,4.0,40.61433447098976,Wichita State,True,False,observed_scoring_school,50.847457627118644
wichita_state,2021-22,Wichita State,American,203.0,74.5,DI,0.0,0.0,74.5,https://dxbhsrqyrr690.cloudfront.net/sidearm.nextgen.sites/nacda.com/documents/2022/6/30/FinalDIstandings.pdf,4.0,31.52542372881356,Wichita State,True,False,observed_scoring_school,43.098591549295776
wichita_state,2022-23,Wichita State,American,184.0,83.5,DI,27.0,19.0,37.5,https://dxbhsrqyrr690.cloudfront.net/sidearm.nextgen.sites/nacda.com/documents/2023/6/27/Final22.23Standings.pdf,3.0,39.50819672131147,Wichita State,True,False,observed_scoring_school,48.463687150837984
wichita_state,2023-24,Wichita State,American,247.0,34.0,DI,0.0,29.0,5.0,https://dxbhsrqyrr690.cloudfront.net/sidearm.nextgen.sites/nacda.com/documents/2024/6/26/23.24FinalDI.pdf,4.0,20.418006430868168,Wichita State,True,False,observed_scoring_school,30.47752808988764
wichita_state,2024-25,Wichita State,American,151.0,108.0,DI,25.0,83.0,0.0,https://dxbhsrqyrr690.cloudfront.net/sidearm.nextgen.sites/nacda.com/documents/2025/6/23/24.25DivIStandingsFinal.pdf,3.0,50.165016501650165,Wichita State,True,False,observed_scoring_school,57.58426966292135
wichita_state,2025-26,Wichita State,American,146.0,115.0,DI,0.0,90.0,25.0,https://dxbhsrqyrr690.cloudfront.net/sidearm.nextgen.sites/nacda.com/documents/2026/6/24/25.26DI_Final.pdf,3.0,51.66112956810631,Wichita State,True,False,observed_scoring_school,59.12921348314607
william_mary,2017-18,William & Mary,CAA,217.0,50.0,FCS,25.0,0.0,25.0,https://dxbhsrqyrr690.cloudfront.net/sidearm.nextgen.sites/nacda.com/documents/2018/7/18/June29overallDI.pdf,5.0,22.945205479452056,William & Mary,True,False,observed_scoring_school,35.3448275862069
william_mary,2018-19,William & Mary,CAA,219.0,53.0,FCS,53.0,0.0,0.0,https://dxbhsrqyrr690.cloudfront.net/sidearm.nextgen.sites/nacda.com/documents/2019/6/27/June28DIOverall.pdf,5.0,25.593220338983052,William & Mary,True,False,observed_scoring_school,37.285714285714285
william_mary,2020-21,William & Mary,CAA,248.0,32.5,FCS,0.0,32.5,0.0,https://dxbhsrqyrr690.cloudfront.net/sidearm.nextgen.sites/nacda.com/documents/2021/7/1/July2OverallDI.pdf,5.0,15.699658703071671,William & Mary,True,False,observed_scoring_school,30.225988700564972
william_mary,2021-22,William & Mary,CAA,266.0,25.0,FCS,0.0,0.0,25.0,https://dxbhsrqyrr690.cloudfront.net/sidearm.nextgen.sites/nacda.com/documents/2022/6/30/FinalDIstandings.pdf,6.0,5.932203389830509,William & Mary,True,False,observed_scoring_school,21.830985915492956
william_mary,2022-23,William & Mary,CAA,171.0,95.0,FCS,70.0,0.0,25.0,https://dxbhsrqyrr690.cloudfront.net/sidearm.nextgen.sites/nacda.com/documents/2023/6/27/Final22.23Standings.pdf,3.0,43.606557377049185,William & Mary,True,False,observed_scoring_school,51.955307262569825
william_mary,2023-24,William & Mary,CAA,192.0,70.0,FCS,45.0,0.0,25.0,https://dxbhsrqyrr690.cloudfront.net/sidearm.nextgen.sites/nacda.com/documents/2024/6/26/23.24FinalDI.pdf,3.0,38.58520900321543,William & Mary,True,False,observed_scoring_school,46.348314606741575
william_mary,2024-25,William & Mary,CAA,215.0,57.5,FCS,0.0,57.5,0.0,https://dxbhsrqyrr690.cloudfront.net/sidearm.nextgen.sites/nacda.com/documents/2025/6/23/24.25DivIStandingsFinal.pdf,4.0,29.372937293729372,William & Mary,True,False,observed_scoring_school,39.8876404494382
william_mary,2025-26,,,,0.0,,,,,,,,William & Mary,False,True,kept_known_d1_program,7.865168539325842
winthrop,2017-18,Winthrop,Big South,217.0,50.0,DI,0.0,0.0,50.0,https://dxbhsrqyrr690.cloudfront.net/sidearm.nextgen.sites/nacda.com/documents/2018/7/18/June29overallDI.pdf,5.0,22.945205479452056,Winthrop,True,False,observed_scoring_school,35.3448275862069
winthrop,2018-19,Winthrop,Big South,266.0,25.0,DI,0.0,0.0,25.0,https://dxbhsrqyrr690.cloudfront.net/sidearm.nextgen.sites/nacda.com/documents/2019/6/27/June28DIOverall.pdf,6.0,6.779661016949152,Winthrop,True,False,observed_scoring_school,21.428571428571427
winthrop,2020-21,Winthrop,Big South,255.0,25.0,DI,0.0,25.0,0.0,https://dxbhsrqyrr690.cloudfront.net/sidearm.nextgen.sites/nacda.com/documents/2021/7/1/July2OverallDI.pdf,5.0,8.70307167235495,Winthrop,True,False,observed_scoring_school,24.43502824858757
winthrop,2021-22,,,,0.0,,,,,,,,Winthrop,False,True,kept_known_d1_program,8.591549295774648
winthrop,2022-23,,,,0.0,,,,,,,,Winthrop,False,True,kept_known_d1_program,7.5418994413407825
winthrop,2023-24,Winthrop,Big South,306.0,5.0,DI,0.0,0.0,5.0,https://dxbhsrqyrr690.cloudfront.net/sidearm.nextgen.sites/nacda.com/documents/2024/6/26/23.24FinalDI.pdf,5.0,1.1254019292604502,Winthrop,True,False,observed_scoring_school,13.623595505617978
winthrop,2024-25,,,,0.0,,,,,,,,Winthrop,False,True,kept_known_d1_program,7.584269662921349
winthrop,2025-26,,,,0.0,,,,,,,,Winthrop,False,True,kept_known_d1_program,7.865168539325842
wisconsin,2017-18,Wisconsin,Big Ten,22.0,804.0,FBS,352.5,232.5,219.0,https://dxbhsrqyrr690.cloudfront.net/sidearm.nextgen.sites/nacda.com/documents/2018/7/18/June29overallDI.pdf,1.0,92.63698630136986,Wisconsin,True,False,observed_scoring_school,93.82183908045977
wisconsin,2018-19,Wisconsin,Big Ten,16.0,895.0,FBS,320.0,395.5,179.5,https://dxbhsrqyrr690.cloudfront.net/sidearm.nextgen.sites/nacda.com/documents/2019/6/27/June28DIOverall.pdf,1.0,94.91525423728814,Wisconsin,True,False,observed_scoring_school,95.71428571428572
wisconsin,2020-21,Wisconsin,Big Ten,37.0,551.0,FBS,166.0,299.0,86.0,https://dxbhsrqyrr690.cloudfront.net/sidearm.nextgen.sites/nacda.com/documents/2021/7/1/July2OverallDI.pdf,1.0,87.71331058020478,Wisconsin,True,False,observed_scoring_school,89.83050847457628
wisconsin,2021-22,Wisconsin,Big Ten,24.0,795.0,FBS,339.5,323.0,132.5,https://dxbhsrqyrr690.cloudfront.net/sidearm.nextgen.sites/nacda.com/documents/2022/6/30/FinalDIstandings.pdf,1.0,92.20338983050848,Wisconsin,True,False,observed_scoring_school,93.52112676056338
wisconsin,2022-23,Wisconsin,Big Ten,27.0,754.25,FBS,246.5,378.25,129.5,https://dxbhsrqyrr690.cloudfront.net/sidearm.nextgen.sites/nacda.com/documents/2023/6/27/Final22.23Standings.pdf,1.0,91.47540983606557,Wisconsin,True,False,observed_scoring_school,92.73743016759776
wisconsin,2023-24,Wisconsin,Big Ten,25.0,765.5,FBS,277.5,385.0,103.0,https://dxbhsrqyrr690.cloudfront.net/sidearm.nextgen.sites/nacda.com/documents/2024/6/26/23.24FinalDI.pdf,1.0,92.28295819935693,Wisconsin,True,False,observed_scoring_school,93.25842696629213
wisconsin,2024-25,Wisconsin,Big Ten,26.0,806.7,FBS,269.0,424.7,113.0,https://dxbhsrqyrr690.cloudfront.net/sidearm.nextgen.sites/nacda.com/documents/2025/6/23/24.25DivIStandingsFinal.pdf,1.0,91.74917491749174,Wisconsin,True,False,observed_scoring_school,92.97752808988764
wisconsin,2025-26,Wisconsin,Big Ten,24.0,754.0,FBS,236.0,380.0,138.0,https://dxbhsrqyrr690.cloudfront.net/sidearm.nextgen.sites/nacda.com/documents/2026/6/24/25.26DI_Final.pdf,1.0,92.35880398671095,Wisconsin,True,False,observed_scoring_school,93.53932584269663
wisconsin_green_bay,2017-18,Wisconsin Green Bay,Horizon League,258.0,25.0,DI,0.0,25.0,0.0,https://dxbhsrqyrr690.cloudfront.net/sidearm.nextgen.sites/nacda.com/documents/2018/7/18/June29overallDI.pdf,6.0,7.363013698630137,Wisconsin Green Bay,True,False,observed_scoring_school,22.270114942528735
wisconsin_green_bay,2018-19,Wisconsin Green Bay,Horizon League,266.0,25.0,DI,25.0,0.0,0.0,https://dxbhsrqyrr690.cloudfront.net/sidearm.nextgen.sites/nacda.com/documents/2019/6/27/June28DIOverall.pdf,6.0,6.779661016949152,Wisconsin Green Bay,True,False,observed_scoring_school,21.428571428571427
wisconsin_green_bay,2020-21,,,,0.0,,,,,,,,Wisconsin Green Bay,False,True,kept_known_d1_program,8.757062146892656
wisconsin_green_bay,2021-22,Wisconsin Green Bay,Horizon League,258.0,30.0,DI,0.0,30.0,0.0,https://dxbhsrqyrr690.cloudfront.net/sidearm.nextgen.sites/nacda.com/documents/2022/6/30/FinalDIstandings.pdf,5.0,12.033898305084746,Wisconsin Green Bay,True,False,observed_scoring_school,26.901408450704224
wisconsin_green_bay,2022-23,Wisconsin Green Bay,Horizon League,298.0,5.0,DI,0.0,0.0,5.0,https://dxbhsrqyrr690.cloudfront.net/sidearm.nextgen.sites/nacda.com/documents/2023/6/27/Final22.23Standings.pdf,5.0,1.475409836065574,Wisconsin Green Bay,True,False,observed_scoring_school,16.061452513966483
wisconsin_green_bay,2023-24,Wisconsin Green Bay,Horizon League,217.0,50.0,DI,25.0,25.0,0.0,https://dxbhsrqyrr690.cloudfront.net/sidearm.nextgen.sites/nacda.com/documents/2024/6/26/23.24FinalDI.pdf,4.0,27.974276527331188,Wisconsin Green Bay,True,False,observed_scoring_school,37.07865168539326
wisconsin_green_bay,2024-25,Wisconsin Green Bay,Horizon League,264.0,25.0,DI,0.0,25.0,0.0,https://dxbhsrqyrr690.cloudfront.net/sidearm.nextgen.sites/nacda.com/documents/2025/6/23/24.25DivIStandingsFinal.pdf,5.0,9.075907590759076,Wisconsin Green Bay,True,False,observed_scoring_school,22.6123595505618
wisconsin_green_bay,2025-26,Wisconsin Green Bay,Horizon League,265.0,25.0,DI,0.0,25.0,0.0,https://dxbhsrqyrr690.cloudfront.net/sidearm.nextgen.sites/nacda.com/documents/2026/6/24/25.26DI_Final.pdf,5.0,7.308970099667775,Wisconsin Green Bay,True,False,observed_scoring_school,21.629213483146067
wisconsin_milwaukee,2017-18,,,,0.0,,,,,,,,Wisconsin Milwaukee,False,True,kept_known_d1_program,8.189655172413794
wisconsin_milwaukee,2018-19,Wisconsin Milwaukee,Horizon League,266.0,25.0,DI,25.0,0.0,0.0,https://dxbhsrqyrr690.cloudfront.net/sidearm.nextgen.sites/nacda.com/documents/2019/6/27/June28DIOverall.pdf,6.0,6.779661016949152,Wisconsin Milwaukee,True,False,observed_scoring_school,21.428571428571427
wisconsin_milwaukee,2020-21,Wisconsin Milwaukee,Horizon League,182.0,75.0,DI,75.0,0.0,0.0,https://dxbhsrqyrr690.cloudfront.net/sidearm.nextgen.sites/nacda.com/documents/2021/7/1/July2OverallDI.pdf,4.0,36.3481228668942,Wisconsin Milwaukee,True,False,observed_scoring_school,47.31638418079096
wisconsin_milwaukee,2021-22,Wisconsin Milwaukee,Horizon League,229.0,50.0,DI,50.0,0.0,0.0,https://dxbhsrqyrr690.cloudfront.net/sidearm.nextgen.sites/nacda.com/documents/2022/6/30/FinalDIstandings.pdf,5.0,20.0,Wisconsin Milwaukee,True,False,observed_scoring_school,33.52112676056338
wisconsin_milwaukee,2022-23,Wisconsin Milwaukee,Horizon League,261.0,25.0,DI,25.0,0.0,0.0,https://dxbhsrqyrr690.cloudfront.net/sidearm.nextgen.sites/nacda.com/documents/2023/6/27/Final22.23Standings.pdf,5.0,10.0,Wisconsin Milwaukee,True,False,observed_scoring_school,23.324022346368714
wisconsin_milwaukee,2023-24,Wisconsin Milwaukee,Horizon League,262.0,25.0,DI,25.0,0.0,0.0,https://dxbhsrqyrr690.cloudfront.net/sidearm.nextgen.sites/nacda.com/documents/2024/6/26/23.24FinalDI.pdf,5.0,10.128617363344052,Wisconsin Milwaukee,True,False,observed_scoring_school,21.48876404494382
wisconsin_milwaukee,2024-25,Wisconsin Milwaukee,Horizon League,264.0,25.0,DI,25.0,0.0,0.0,https://dxbhsrqyrr690.cloudfront.net/sidearm.nextgen.sites/nacda.com/documents/2025/6/23/24.25DivIStandingsFinal.pdf,5.0,9.075907590759076,Wisconsin Milwaukee,True,False,observed_scoring_school,22.6123595505618
wisconsin_milwaukee,2025-26,Wisconsin Milwaukee,Horizon League,188.0,75.0,DI,25.0,0.0,50.0,https://dxbhsrqyrr690.cloudfront.net/sidearm.nextgen.sites/nacda.com/documents/2026/6/24/25.26DI_Final.pdf,4.0,36.7109634551495,Wisconsin Milwaukee,True,False,observed_scoring_school,46.48876404494382
wofford,2017-18,Wofford,SoCon,201.0,70.0,FCS,70.0,0.0,0.0,https://dxbhsrqyrr690.cloudfront.net/sidearm.nextgen.sites/nacda.com/documents/2018/7/18/June29overallDI.pdf,4.0,31.33561643835616,Wofford,True,False,observed_scoring_school,42.38505747126437
wofford,2018-19,Wofford,SoCon,115.0,146.5,FCS,53.0,56.0,37.5,https://dxbhsrqyrr690.cloudfront.net/sidearm.nextgen.sites/nacda.com/documents/2019/6/27/June28DIOverall.pdf,3.0,61.35593220338983,Wofford,True,False,observed_scoring_school,67.42857142857143
wofford,2020-21,,,,0.0,,,,,,,,Wofford,False,True,kept_known_d1_program,8.757062146892656
wofford,2021-22,,,,0.0,,,,,,,,Wofford,False,True,kept_known_d1_program,8.591549295774648
wofford,2022-23,,,,0.0,,,,,,,,Wofford,False,True,kept_known_d1_program,7.5418994413407825
wofford,2023-24,Wofford,SoCon,202.0,62.5,FCS,25.0,0.0,37.5,https://dxbhsrqyrr690.cloudfront.net/sidearm.nextgen.sites/nacda.com/documents/2024/6/26/23.24FinalDI.pdf,4.0,35.20900321543408,Wofford,True,False,observed_scoring_school,43.39887640449438
wofford,2024-25,Wofford,SoCon,226.0,50.0,FCS,25.0,25.0,0.0,https://dxbhsrqyrr690.cloudfront.net/sidearm.nextgen.sites/nacda.com/documents/2025/6/23/24.25DivIStandingsFinal.pdf,4.0,23.76237623762376,Wofford,True,False,observed_scoring_school,35.1123595505618
wofford,2025-26,Wofford,SoCon,265.0,25.0,FCS,25.0,0.0,0.0,https://dxbhsrqyrr690.cloudfront.net/sidearm.nextgen.sites/nacda.com/documents/2026/6/24/25.26DI_Final.pdf,5.0,7.308970099667775,Wofford,True,False,observed_scoring_school,21.629213483146067
wright_state,2017-18,Wright State,Horizon League,217.0,50.0,DI,0.0,25.0,25.0,https://dxbhsrqyrr690.cloudfront.net/sidearm.nextgen.sites/nacda.com/documents/2018/7/18/June29overallDI.pdf,5.0,22.945205479452056,Wright State,True,False,observed_scoring_school,35.3448275862069
wright_state,2018-19,Wright State,Horizon League,260.0,30.0,DI,0.0,25.0,5.0,https://dxbhsrqyrr690.cloudfront.net/sidearm.nextgen.sites/nacda.com/documents/2019/6/27/June28DIOverall.pdf,5.0,12.033898305084746,Wright State,True,False,observed_scoring_school,25.857142857142858
wright_state,2020-21,Wright State,Horizon League,113.0,125.0,DI,50.0,50.0,25.0,https://dxbhsrqyrr690.cloudfront.net/sidearm.nextgen.sites/nacda.com/documents/2021/7/1/July2OverallDI.pdf,2.0,61.262798634812285,Wright State,True,False,observed_scoring_school,67.93785310734464
wright_state,2021-22,Wright State,Horizon League,205.0,72.0,DI,0.0,25.0,47.0,https://dxbhsrqyrr690.cloudfront.net/sidearm.nextgen.sites/nacda.com/documents/2022/6/30/FinalDIstandings.pdf,4.0,30.508474576271187,Wright State,True,False,observed_scoring_school,42.25352112676056
wright_state,2022-23,Wright State,Horizon League,223.0,50.0,DI,25.0,0.0,25.0,https://dxbhsrqyrr690.cloudfront.net/sidearm.nextgen.sites/nacda.com/documents/2023/6/27/Final22.23Standings.pdf,4.0,24.75409836065574,Wright State,True,False,observed_scoring_school,35.89385474860335
wright_state,2023-24,Wright State,Horizon League,253.0,30.0,DI,25.0,0.0,5.0,https://dxbhsrqyrr690.cloudfront.net/sidearm.nextgen.sites/nacda.com/documents/2024/6/26/23.24FinalDI.pdf,4.0,18.167202572347264,Wright State,True,False,observed_scoring_school,28.51123595505618
wright_state,2024-25,Wright State,Horizon League,216.0,55.0,DI,0.0,0.0,55.0,https://dxbhsrqyrr690.cloudfront.net/sidearm.nextgen.sites/nacda.com/documents/2025/6/23/24.25DivIStandingsFinal.pdf,4.0,28.54785478547855,Wright State,True,False,observed_scoring_school,39.18539325842696
wright_state,2025-26,Wright State,Horizon League,221.0,55.0,DI,25.0,25.0,5.0,https://dxbhsrqyrr690.cloudfront.net/sidearm.nextgen.sites/nacda.com/documents/2026/6/24/25.26DI_Final.pdf,4.0,26.744186046511626,Wright State,True,False,observed_scoring_school,38.06179775280899
wyoming,2017-18,Wyoming,Mountain West,116.0,158.0,FBS,45.0,113.0,0.0,https://dxbhsrqyrr690.cloudfront.net/sidearm.nextgen.sites/nacda.com/documents/2018/7/18/June29overallDI.pdf,3.0,60.61643835616438,Wyoming,True,False,observed_scoring_school,66.95402298850574
wyoming,2018-19,Wyoming,Mountain West,151.0,104.0,FBS,64.5,39.5,0.0,https://dxbhsrqyrr690.cloudfront.net/sidearm.nextgen.sites/nacda.com/documents/2019/6/27/June28DIOverall.pdf,3.0,49.15254237288136,Wyoming,True,False,observed_scoring_school,57.14285714285714
wyoming,2020-21,Wyoming,Mountain West,118.0,123.5,FBS,0.0,108.0,15.5,https://dxbhsrqyrr690.cloudfront.net/sidearm.nextgen.sites/nacda.com/documents/2021/7/1/July2OverallDI.pdf,3.0,60.068259385665534,Wyoming,True,False,observed_scoring_school,66.94915254237289
wyoming,2021-22,Wyoming,Mountain West,125.0,138.0,FBS,45.0,93.0,0.0,https://dxbhsrqyrr690.cloudfront.net/sidearm.nextgen.sites/nacda.com/documents/2022/6/30/FinalDIstandings.pdf,3.0,57.96610169491525,Wyoming,True,False,observed_scoring_school,65.07042253521126
wyoming,2022-23,Wyoming,Mountain West,240.0,48.0,FBS,25.0,23.0,0.0,https://dxbhsrqyrr690.cloudfront.net/sidearm.nextgen.sites/nacda.com/documents/2023/6/27/Final22.23Standings.pdf,4.0,21.639344262295083,Wyoming,True,False,observed_scoring_school,33.24022346368715
wyoming,2023-24,Wyoming,Mountain West,172.0,86.0,FBS,45.0,41.0,0.0,https://dxbhsrqyrr690.cloudfront.net/sidearm.nextgen.sites/nacda.com/documents/2024/6/26/23.24FinalDI.pdf,3.0,45.01607717041801,Wyoming,True,False,observed_scoring_school,51.96629213483146
wyoming,2024-25,Wyoming,Mountain West,119.0,147.0,FBS,44.0,98.0,5.0,https://dxbhsrqyrr690.cloudfront.net/sidearm.nextgen.sites/nacda.com/documents/2025/6/23/24.25DivIStandingsFinal.pdf,2.0,61.05610561056105,Wyoming,True,False,observed_scoring_school,66.85393258426966
wyoming,2025-26,Wyoming,Mountain West,208.0,64.5,FBS,0.0,64.5,0.0,https://dxbhsrqyrr690.cloudfront.net/sidearm.nextgen.sites/nacda.com/documents/2026/6/24/25.26DI_Final.pdf,4.0,31.06312292358804,Wyoming,True,False,observed_scoring_school,41.71348314606742
xavier,2017-18,Xavier,Big East,217.0,50.0,DI,0.0,50.0,0.0,https://dxbhsrqyrr690.cloudfront.net/sidearm.nextgen.sites/nacda.com/documents/2018/7/18/June29overallDI.pdf,5.0,22.945205479452056,Xavier,True,False,observed_scoring_school,35.3448275862069
xavier,2018-19,Xavier,Big East,288.0,19.0,DI,0.0,0.0,19.0,https://dxbhsrqyrr690.cloudfront.net/sidearm.nextgen.sites/nacda.com/documents/2019/6/27/June28DIOverall.pdf,6.0,2.5423728813559325,Xavier,True,False,observed_scoring_school,17.857142857142858
xavier,2020-21,Xavier,Big East,240.0,43.0,DI,0.0,0.0,43.0,https://dxbhsrqyrr690.cloudfront.net/sidearm.nextgen.sites/nacda.com/documents/2021/7/1/July2OverallDI.pdf,5.0,18.43003412969283,Xavier,True,False,observed_scoring_school,32.48587570621469
xavier,2021-22,Xavier,Big East,210.0,66.5,DI,25.0,0.0,41.5,https://dxbhsrqyrr690.cloudfront.net/sidearm.nextgen.sites/nacda.com/documents/2022/6/30/FinalDIstandings.pdf,4.0,29.152542372881356,Xavier,True,False,observed_scoring_school,41.12676056338028
xavier,2022-23,Xavier,Big East,84.0,223.0,DI,50.0,64.0,109.0,https://dxbhsrqyrr690.cloudfront.net/sidearm.nextgen.sites/nacda.com/documents/2023/6/27/Final22.23Standings.pdf,2.0,72.78688524590164,Xavier,True,False,observed_scoring_school,76.81564245810057
xavier,2023-24,Xavier,Big East,178.0,80.0,DI,50.0,0.0,30.0,https://dxbhsrqyrr690.cloudfront.net/sidearm.nextgen.sites/nacda.com/documents/2024/6/26/23.24FinalDI.pdf,3.0,42.92604501607717,Xavier,True,False,observed_scoring_school,50.14044943820225
xavier,2024-25,Xavier,Big East,203.0,66.5,DI,0.0,25.0,41.5,https://dxbhsrqyrr690.cloudfront.net/sidearm.nextgen.sites/nacda.com/documents/2025/6/23/24.25DivIStandingsFinal.pdf,4.0,33.33333333333333,Xavier,True,False,observed_scoring_school,43.258426966292134
xavier,2025-26,Xavier,Big East,122.0,138.0,DI,75.0,0.0,63.0,https://dxbhsrqyrr690.cloudfront.net/sidearm.nextgen.sites/nacda.com/documents/2026/6/24/25.26DI_Final.pdf,2.0,59.800664451827245,Xavier,True,False,observed_scoring_school,66.01123595505618
yale,2017-18,Yale,Ivy League,79.0,262.0,FCS,28.0,63.0,171.0,https://dxbhsrqyrr690.cloudfront.net/sidearm.nextgen.sites/nacda.com/documents/2018/7/18/June29overallDI.pdf,2.0,73.28767123287672,Yale,True,False,observed_scoring_school,77.58620689655173
yale,2018-19,Yale,Ivy League,74.0,303.0,FCS,53.0,94.0,156.0,https://dxbhsrqyrr690.cloudfront.net/sidearm.nextgen.sites/nacda.com/documents/2019/6/27/June28DIOverall.pdf,2.0,75.2542372881356,Yale,True,False,observed_scoring_school,79.14285714285715
yale,2020-21,,,,0.0,,,,,,,,Yale,False,True,kept_known_d1_program,8.757062146892656
yale,2021-22,Yale,Ivy League,56.0,434.5,FCS,27.0,216.0,191.5,https://dxbhsrqyrr690.cloudfront.net/sidearm.nextgen.sites/nacda.com/documents/2022/6/30/FinalDIstandings.pdf,2.0,81.35593220338984,Yale,True,False,observed_scoring_school,84.50704225352112
yale,2022-23,Yale,Ivy League,75.0,273.0,FCS,25.0,120.0,128.0,https://dxbhsrqyrr690.cloudfront.net/sidearm.nextgen.sites/nacda.com/documents/2023/6/27/Final22.23Standings.pdf,2.0,75.73770491803279,Yale,True,False,observed_scoring_school,79.3296089385475
yale,2023-24,Yale,Ivy League,72.0,329.0,FCS,75.0,113.0,141.0,https://dxbhsrqyrr690.cloudfront.net/sidearm.nextgen.sites/nacda.com/documents/2024/6/26/23.24FinalDI.pdf,2.0,77.17041800643086,Yale,True,False,observed_scoring_school,80.0561797752809
yale,2024-25,Yale,Ivy League,67.0,356.5,FCS,52.0,144.5,160.0,https://dxbhsrqyrr690.cloudfront.net/sidearm.nextgen.sites/nacda.com/documents/2025/6/23/24.25DivIStandingsFinal.pdf,2.0,78.21782178217822,Yale,True,False,observed_scoring_school,81.46067415730337
yale,2025-26,Yale,Ivy League,45.0,589.0,FCS,153.0,216.0,220.0,https://dxbhsrqyrr690.cloudfront.net/sidearm.nextgen.sites/nacda.com/documents/2026/6/24/25.26DI_Final.pdf,1.0,85.38205980066445,Yale,True,False,observed_scoring_school,87.64044943820225
youngstown_state,2017-18,Youngstown State,Horizon League,216.0,51.0,FCS,0.0,26.0,25.0,https://dxbhsrqyrr690.cloudfront.net/sidearm.nextgen.sites/nacda.com/documents/2018/7/18/June29overallDI.pdf,5.0,26.36986301369863,Youngstown State,True,False,observed_scoring_school,38.2183908045977
youngstown_state,2018-19,,,,0.0,,,,,,,,Youngstown State,False,True,kept_known_d1_program,8.0
youngstown_state,2020-21,Youngstown State,Horizon League,143.0,101.0,FCS,0.0,83.0,18.0,https://dxbhsrqyrr690.cloudfront.net/sidearm.nextgen.sites/nacda.com/documents/2021/7/1/July2OverallDI.pdf,3.0,51.365187713310576,Youngstown State,True,False,observed_scoring_school,59.7457627118644
youngstown_state,2021-22,Youngstown State,Horizon League,176.0,92.5,FCS,0.0,42.5,50.0,https://dxbhsrqyrr690.cloudfront.net/sidearm.nextgen.sites/nacda.com/documents/2022/6/30/FinalDIstandings.pdf,4.0,40.67796610169492,Youngstown State,True,False,observed_scoring_school,50.70422535211267
youngstown_state,2022-23,Youngstown State,Horizon League,183.0,85.0,FCS,0.0,60.0,25.0,https://dxbhsrqyrr690.cloudfront.net/sidearm.nextgen.sites/nacda.com/documents/2023/6/27/Final22.23Standings.pdf,3.0,40.32786885245901,Youngstown State,True,False,observed_scoring_school,49.162011173184354
youngstown_state,2023-24,Youngstown State,Horizon League,128.0,139.5,FCS,53.0,86.5,0.0,https://dxbhsrqyrr690.cloudfront.net/sidearm.nextgen.sites/nacda.com/documents/2024/6/26/23.24FinalDI.pdf,2.0,59.163987138263664,Youngstown State,True,False,observed_scoring_school,64.32584269662921
youngstown_state,2024-25,Youngstown State,Horizon League,135.0,125.0,FCS,0.0,100.0,25.0,https://dxbhsrqyrr690.cloudfront.net/sidearm.nextgen.sites/nacda.com/documents/2025/6/23/24.25DivIStandingsFinal.pdf,3.0,55.775577557755774,Youngstown State,True,False,observed_scoring_school,62.35955056179775
youngstown_state,2025-26,Youngstown State,Horizon League,165.0,95.0,FCS,25.0,45.0,25.0,https://dxbhsrqyrr690.cloudfront.net/sidearm.nextgen.sites/nacda.com/documents/2026/6/24/25.26DI_Final.pdf,3.0,45.01661129568107,Youngstown State,True,False,observed_scoring_school,53.51123595505618
