season,school,period,source_rank,source_school,source_conference,division,published_cumulative_points,published_period_points,published_fall_points,source_url,source_page
2017-18,Stanford,fall,1,Stanford,Pac 12,FBS,523.0,523.0,523.0,https://dxbhsrqyrr690.cloudfront.net/sidearm.nextgen.sites/nacda.com/documents/2018/7/18/Jan11overallDI.pdf,1
2017-18,Penn State,fall,2,Penn State,Big Ten,FBS,386.0,386.0,386.0,https://dxbhsrqyrr690.cloudfront.net/sidearm.nextgen.sites/nacda.com/documents/2018/7/18/Jan11overallDI.pdf,1
2017-18,Wisconsin,fall,3,Wisconsin,Big Ten,FBS,352.5,352.5,352.5,https://dxbhsrqyrr690.cloudfront.net/sidearm.nextgen.sites/nacda.com/documents/2018/7/18/Jan11overallDI.pdf,1
2017-18,UCLA,fall,4,UCLA,Pac 12,FBS,332.0,332.0,332.0,https://dxbhsrqyrr690.cloudfront.net/sidearm.nextgen.sites/nacda.com/documents/2018/7/18/Jan11overallDI.pdf,1
2017-18,Michigan,fall,5,Michigan,Big Ten,FBS,319.5,319.5,319.5,https://dxbhsrqyrr690.cloudfront.net/sidearm.nextgen.sites/nacda.com/documents/2018/7/18/Jan11overallDI.pdf,1
2017-18,Michigan State,fall,6,Michigan State,Big Ten,FBS,313.5,313.5,313.5,https://dxbhsrqyrr690.cloudfront.net/sidearm.nextgen.sites/nacda.com/documents/2018/7/18/Jan11overallDI.pdf,1
2017-18,North Carolina State,fall,7,North Carolina State,ACC,FBS,303.5,303.5,303.5,https://dxbhsrqyrr690.cloudfront.net/sidearm.nextgen.sites/nacda.com/documents/2018/7/18/Jan11overallDI.pdf,1
2017-18,USC,fall,8,USC,Pac 12,FBS,280.5,280.5,280.5,https://dxbhsrqyrr690.cloudfront.net/sidearm.nextgen.sites/nacda.com/documents/2018/7/18/Jan11overallDI.pdf,1
2017-18,Colorado,fall,9,Colorado,Pac 12,FBS,269.5,269.5,269.5,https://dxbhsrqyrr690.cloudfront.net/sidearm.nextgen.sites/nacda.com/documents/2018/7/18/Jan11overallDI.pdf,1
2017-18,Texas,fall,10,Texas,Big 12,FBS,269.0,269.0,269.0,https://dxbhsrqyrr690.cloudfront.net/sidearm.nextgen.sites/nacda.com/documents/2018/7/18/Jan11overallDI.pdf,1
2017-18,Duke,fall,11,Duke,ACC,FBS,262.0,262.0,262.0,https://dxbhsrqyrr690.cloudfront.net/sidearm.nextgen.sites/nacda.com/documents/2018/7/18/Jan11overallDI.pdf,1
2017-18,Virginia,fall,12,Virginia,ACC,FBS,250.5,250.5,250.5,https://dxbhsrqyrr690.cloudfront.net/sidearm.nextgen.sites/nacda.com/documents/2018/7/18/Jan11overallDI.pdf,1
2017-18,Princeton,fall,13,Princeton,Ivy League,FCS,242.0,242.0,242.0,https://dxbhsrqyrr690.cloudfront.net/sidearm.nextgen.sites/nacda.com/documents/2018/7/18/Jan11overallDI.pdf,1
2017-18,Washington,fall,14,Washington,Pac 12,FBS,240.0,240.0,240.0,https://dxbhsrqyrr690.cloudfront.net/sidearm.nextgen.sites/nacda.com/documents/2018/7/18/Jan11overallDI.pdf,1
2017-18,North Carolina,fall,15,North Carolina,ACC,FBS,230.0,230.0,230.0,https://dxbhsrqyrr690.cloudfront.net/sidearm.nextgen.sites/nacda.com/documents/2018/7/18/Jan11overallDI.pdf,1
2017-18,Oregon,fall,16,Oregon,Pac 12,FBS,223.5,223.5,223.5,https://dxbhsrqyrr690.cloudfront.net/sidearm.nextgen.sites/nacda.com/documents/2018/7/18/Jan11overallDI.pdf,1
2017-18,Wake Forest,fall,17,Wake Forest,ACC,FBS,221.0,221.0,221.0,https://dxbhsrqyrr690.cloudfront.net/sidearm.nextgen.sites/nacda.com/documents/2018/7/18/Jan11overallDI.pdf,1
2017-18,Iowa State,fall,17,Iowa State,Big 12,FBS,221.0,221.0,221.0,https://dxbhsrqyrr690.cloudfront.net/sidearm.nextgen.sites/nacda.com/documents/2018/7/18/Jan11overallDI.pdf,1
2017-18,BYU,fall,19,BYU,WCC,FBS,215.0,215.0,215.0,https://dxbhsrqyrr690.cloudfront.net/sidearm.nextgen.sites/nacda.com/documents/2018/7/18/Jan11overallDI.pdf,1
2017-18,Notre Dame,fall,20,Notre Dame,ACC,FBS,205.0,205.0,205.0,https://dxbhsrqyrr690.cloudfront.net/sidearm.nextgen.sites/nacda.com/documents/2018/7/18/Jan11overallDI.pdf,1
2017-18,Louisville,fall,21,Louisville,ACC,FBS,204.0,204.0,204.0,https://dxbhsrqyrr690.cloudfront.net/sidearm.nextgen.sites/nacda.com/documents/2018/7/18/Jan11overallDI.pdf,1
2017-18,Oklahoma State,fall,22,Oklahoma State,Big 12,FBS,200.5,200.5,200.5,https://dxbhsrqyrr690.cloudfront.net/sidearm.nextgen.sites/nacda.com/documents/2018/7/18/Jan11overallDI.pdf,1
2017-18,Florida State,fall,23,Florida State,ACC,FBS,195.5,195.5,195.5,https://dxbhsrqyrr690.cloudfront.net/sidearm.nextgen.sites/nacda.com/documents/2018/7/18/Jan11overallDI.pdf,1
2017-18,Washington State,fall,24,Washington State,Pac 12,FBS,189.0,189.0,189.0,https://dxbhsrqyrr690.cloudfront.net/sidearm.nextgen.sites/nacda.com/documents/2018/7/18/Jan11overallDI.pdf,1
2017-18,Alabama,fall,25,Alabama,SEC,FBS,186.5,186.5,186.5,https://dxbhsrqyrr690.cloudfront.net/sidearm.nextgen.sites/nacda.com/documents/2018/7/18/Jan11overallDI.pdf,1
2017-18,Virginia Tech,fall,26,Virginia Tech,ACC,FBS,181.0,181.0,181.0,https://dxbhsrqyrr690.cloudfront.net/sidearm.nextgen.sites/nacda.com/documents/2018/7/18/Jan11overallDI.pdf,1
2017-18,Boise State,fall,27,Boise State,Mountain West,FBS,180.5,180.5,180.5,https://dxbhsrqyrr690.cloudfront.net/sidearm.nextgen.sites/nacda.com/documents/2018/7/18/Jan11overallDI.pdf,1
2017-18,Clemson,fall,28,Clemson,ACC,FBS,180.0,180.0,180.0,https://dxbhsrqyrr690.cloudfront.net/sidearm.nextgen.sites/nacda.com/documents/2018/7/18/Jan11overallDI.pdf,1
2017-18,Northwestern,fall,29,Northwestern,Big Ten,FBS,177.0,177.0,177.0,https://dxbhsrqyrr690.cloudfront.net/sidearm.nextgen.sites/nacda.com/documents/2018/7/18/Jan11overallDI.pdf,1
2017-18,Furman,fall,30,Furman,SoCon,FCS,173.0,173.0,173.0,https://dxbhsrqyrr690.cloudfront.net/sidearm.nextgen.sites/nacda.com/documents/2018/7/18/Jan11overallDI.pdf,1
2017-18,Syracuse,fall,31,Syracuse,ACC,FBS,164.0,164.0,164.0,https://dxbhsrqyrr690.cloudfront.net/sidearm.nextgen.sites/nacda.com/documents/2018/7/18/Jan11overallDI.pdf,1
2017-18,Arkansas,fall,32,Arkansas,SEC,FBS,163.0,163.0,163.0,https://dxbhsrqyrr690.cloudfront.net/sidearm.nextgen.sites/nacda.com/documents/2018/7/18/Jan11overallDI.pdf,1
2017-18,Florida,fall,32,Florida,SEC,FBS,163.0,163.0,163.0,https://dxbhsrqyrr690.cloudfront.net/sidearm.nextgen.sites/nacda.com/documents/2018/7/18/Jan11overallDI.pdf,1
2017-18,California,fall,34,California,Pac 12,FBS,157.0,157.0,157.0,https://dxbhsrqyrr690.cloudfront.net/sidearm.nextgen.sites/nacda.com/documents/2018/7/18/Jan11overallDI.pdf,1
2017-18,Minnesota,fall,35,Minnesota,Big Ten,FBS,152.5,152.5,152.5,https://dxbhsrqyrr690.cloudfront.net/sidearm.nextgen.sites/nacda.com/documents/2018/7/18/Jan11overallDI.pdf,1
2017-18,Baylor,fall,36,Baylor,Big 12,FBS,151.0,151.0,151.0,https://dxbhsrqyrr690.cloudfront.net/sidearm.nextgen.sites/nacda.com/documents/2018/7/18/Jan11overallDI.pdf,1
2017-18,Georgia,fall,37,Georgia,SEC,FBS,147.0,147.0,147.0,https://dxbhsrqyrr690.cloudfront.net/sidearm.nextgen.sites/nacda.com/documents/2018/7/18/Jan11overallDI.pdf,1
2017-18,Colorado State,fall,38,Colorado State,Mountain West,FBS,144.0,144.0,144.0,https://dxbhsrqyrr690.cloudfront.net/sidearm.nextgen.sites/nacda.com/documents/2018/7/18/Jan11overallDI.pdf,1
2017-18,Indiana,fall,39,Indiana,Big Ten,FBS,140.0,140.0,140.0,https://dxbhsrqyrr690.cloudfront.net/sidearm.nextgen.sites/nacda.com/documents/2018/7/18/Jan11overallDI.pdf,1
2017-18,San Francisco,fall,39,San Francisco,WCC,DI,140.0,140.0,140.0,https://dxbhsrqyrr690.cloudfront.net/sidearm.nextgen.sites/nacda.com/documents/2018/7/18/Jan11overallDI.pdf,1
2017-18,Utah,fall,41,Utah,Pac 12,FBS,137.0,137.0,137.0,https://dxbhsrqyrr690.cloudfront.net/sidearm.nextgen.sites/nacda.com/documents/2018/7/18/Jan11overallDI.pdf,1
2017-18,Stony Brook,fall,42,Stony Brook,America East,FCS,136.5,136.5,136.5,https://dxbhsrqyrr690.cloudfront.net/sidearm.nextgen.sites/nacda.com/documents/2018/7/18/Jan11overallDI.pdf,1
2017-18,Georgetown,fall,42,Georgetown,Big East,FCS,136.5,136.5,136.5,https://dxbhsrqyrr690.cloudfront.net/sidearm.nextgen.sites/nacda.com/documents/2018/7/18/Jan11overallDI.pdf,1
2017-18,New Hampshire,fall,44,New Hampshire,America East,FCS,134.0,134.0,134.0,https://dxbhsrqyrr690.cloudfront.net/sidearm.nextgen.sites/nacda.com/documents/2018/7/18/Jan11overallDI.pdf,1
2017-18,Utah State,fall,45,Utah State,Mountain West,FBS,133.5,133.5,133.5,https://dxbhsrqyrr690.cloudfront.net/sidearm.nextgen.sites/nacda.com/documents/2018/7/18/Jan11overallDI.pdf,1
2017-18,Ole Miss,fall,46,Ole Miss,SEC,FBS,130.0,130.0,130.0,https://dxbhsrqyrr690.cloudfront.net/sidearm.nextgen.sites/nacda.com/documents/2018/7/18/Jan11overallDI.pdf,1
2017-18,Columbia,fall,47,Columbia,Ivy League,FCS,129.5,129.5,129.5,https://dxbhsrqyrr690.cloudfront.net/sidearm.nextgen.sites/nacda.com/documents/2018/7/18/Jan11overallDI.pdf,1
2017-18,Purdue,fall,48,Purdue,Big Ten,FBS,128.5,128.5,128.5,https://dxbhsrqyrr690.cloudfront.net/sidearm.nextgen.sites/nacda.com/documents/2018/7/18/Jan11overallDI.pdf,1
2017-18,South Carolina,fall,49,South Carolina,SEC,FBS,128.0,128.0,128.0,https://dxbhsrqyrr690.cloudfront.net/sidearm.nextgen.sites/nacda.com/documents/2018/7/18/Jan11overallDI.pdf,1
2017-18,Northern Arizona,fall,50,Northern Arizona,Big Sky,FCS,125.0,125.0,125.0,https://dxbhsrqyrr690.cloudfront.net/sidearm.nextgen.sites/nacda.com/documents/2018/7/18/Jan11overallDI.pdf,1
2017-18,Southern Utah,fall,51,Southern Utah,Big Sky,FCS,119.0,119.0,119.0,https://dxbhsrqyrr690.cloudfront.net/sidearm.nextgen.sites/nacda.com/documents/2018/7/18/Jan11overallDI.pdf,1
2017-18,SMU,fall,52,SMU,American,FBS,117.0,117.0,117.0,https://dxbhsrqyrr690.cloudfront.net/sidearm.nextgen.sites/nacda.com/documents/2018/7/18/Jan11overallDI.pdf,1
2017-18,Missouri,fall,52,Missouri,SEC,FBS,117.0,117.0,117.0,https://dxbhsrqyrr690.cloudfront.net/sidearm.nextgen.sites/nacda.com/documents/2018/7/18/Jan11overallDI.pdf,1
2017-18,Maryland,fall,54,Maryland,Big Ten,FBS,115.0,115.0,115.0,https://dxbhsrqyrr690.cloudfront.net/sidearm.nextgen.sites/nacda.com/documents/2018/7/18/Jan11overallDI.pdf,1
2017-18,James Madison,fall,54,James Madison,CAA,FCS,115.0,115.0,115.0,https://dxbhsrqyrr690.cloudfront.net/sidearm.nextgen.sites/nacda.com/documents/2018/7/18/Jan11overallDI.pdf,1
2017-18,Auburn,fall,56,Auburn,SEC,FBS,114.5,114.5,114.5,https://dxbhsrqyrr690.cloudfront.net/sidearm.nextgen.sites/nacda.com/documents/2018/7/18/Jan11overallDI.pdf,1
2017-18,Miami (FL),fall,57,Miami (FL),ACC,FBS,113.0,113.0,113.0,https://dxbhsrqyrr690.cloudfront.net/sidearm.nextgen.sites/nacda.com/documents/2018/7/18/Jan11overallDI.pdf,1
2017-18,Texas A&M,fall,58,Texas A&M,SEC,FBS,108.5,108.5,108.5,https://dxbhsrqyrr690.cloudfront.net/sidearm.nextgen.sites/nacda.com/documents/2018/7/18/Jan11overallDI.pdf,1
2017-18,Akron,fall,59,Akron,MAC,FBS,108.0,108.0,108.0,https://dxbhsrqyrr690.cloudfront.net/sidearm.nextgen.sites/nacda.com/documents/2018/7/18/Jan11overallDI.pdf,1
2017-18,Pacific,fall,60,Pacific,WCC,DI,105.0,105.0,105.0,https://dxbhsrqyrr690.cloudfront.net/sidearm.nextgen.sites/nacda.com/documents/2018/7/18/Jan11overallDI.pdf,1
2017-18,South Florida,fall,61,South Florida,American,FBS,103.0,103.0,103.0,https://dxbhsrqyrr690.cloudfront.net/sidearm.nextgen.sites/nacda.com/documents/2018/7/18/Jan11overallDI.pdf,1
2017-18,Northern Iowa,fall,61,Northern Iowa,Missouri Valley,FCS,103.0,103.0,103.0,https://dxbhsrqyrr690.cloudfront.net/sidearm.nextgen.sites/nacda.com/documents/2018/7/18/Jan11overallDI.pdf,1
2017-18,Central Arkansas,fall,61,Central Arkansas,Southland,FCS,103.0,103.0,103.0,https://dxbhsrqyrr690.cloudfront.net/sidearm.nextgen.sites/nacda.com/documents/2018/7/18/Jan11overallDI.pdf,1
2017-18,San Diego,fall,61,San Diego,WCC,FCS,103.0,103.0,103.0,https://dxbhsrqyrr690.cloudfront.net/sidearm.nextgen.sites/nacda.com/documents/2018/7/18/Jan11overallDI.pdf,1
2017-18,UConn,fall,65,UConn,American,FBS,100.0,100.0,100.0,https://dxbhsrqyrr690.cloudfront.net/sidearm.nextgen.sites/nacda.com/documents/2018/7/18/Jan11overallDI.pdf,1
2017-18,Nebraska,fall,65,Nebraska,Big Ten,FBS,100.0,100.0,100.0,https://dxbhsrqyrr690.cloudfront.net/sidearm.nextgen.sites/nacda.com/documents/2018/7/18/Jan11overallDI.pdf,1
2017-18,Ohio State,fall,65,Ohio State,Big Ten,FBS,100.0,100.0,100.0,https://dxbhsrqyrr690.cloudfront.net/sidearm.nextgen.sites/nacda.com/documents/2018/7/18/Jan11overallDI.pdf,1
2017-18,New Mexico,fall,65,New Mexico,Mountain West,FBS,100.0,100.0,100.0,https://dxbhsrqyrr690.cloudfront.net/sidearm.nextgen.sites/nacda.com/documents/2018/7/18/Jan11overallDI.pdf,1
2017-18,North Dakota State,fall,65,North Dakota State,Summit,FCS,100.0,100.0,100.0,https://dxbhsrqyrr690.cloudfront.net/sidearm.nextgen.sites/nacda.com/documents/2018/7/18/Jan11overallDI.pdf,1
2017-18,Villanova,fall,70,Villanova,Big East,FCS,98.0,98.0,98.0,https://dxbhsrqyrr690.cloudfront.net/sidearm.nextgen.sites/nacda.com/documents/2018/7/18/Jan11overallDI.pdf,1
2017-18,Kentucky,fall,70,Kentucky,SEC,FBS,98.0,98.0,98.0,https://dxbhsrqyrr690.cloudfront.net/sidearm.nextgen.sites/nacda.com/documents/2018/7/18/Jan11overallDI.pdf,1
2017-18,Illinois,fall,72,Illinois,Big Ten,FBS,97.5,97.5,97.5,https://dxbhsrqyrr690.cloudfront.net/sidearm.nextgen.sites/nacda.com/documents/2018/7/18/Jan11overallDI.pdf,1
2017-18,UCF,fall,73,UCF,American,FBS,97.0,97.0,97.0,https://dxbhsrqyrr690.cloudfront.net/sidearm.nextgen.sites/nacda.com/documents/2018/7/18/Jan11overallDI.pdf,1
2017-18,Middle Tennessee State,fall,74,Middle Tennessee State,Conference USA,FBS,96.0,96.0,96.0,https://dxbhsrqyrr690.cloudfront.net/sidearm.nextgen.sites/nacda.com/documents/2018/7/18/Jan11overallDI.pdf,1
2017-18,Kennesaw State,fall,75,Kennesaw State,Atlantic Sun,FCS,95.0,95.0,95.0,https://dxbhsrqyrr690.cloudfront.net/sidearm.nextgen.sites/nacda.com/documents/2018/7/18/Jan11overallDI.pdf,1
2017-18,Dartmouth,fall,75,Dartmouth,Ivy League,FCS,95.0,95.0,95.0,https://dxbhsrqyrr690.cloudfront.net/sidearm.nextgen.sites/nacda.com/documents/2018/7/18/Jan11overallDI.pdf,1
2017-18,TCU,fall,77,TCU,Big 12,FBS,94.0,94.0,94.0,https://dxbhsrqyrr690.cloudfront.net/sidearm.nextgen.sites/nacda.com/documents/2018/7/18/Jan11overallDI.pdf,1
2017-18,Portland,fall,78,Portland,WCC,DI,90.0,90.0,90.0,https://dxbhsrqyrr690.cloudfront.net/sidearm.nextgen.sites/nacda.com/documents/2018/7/18/Jan11overallDI.pdf,1
2017-18,West Virginia,fall,79,West Virginia,Big 12,FBS,89.0,89.0,89.0,https://dxbhsrqyrr690.cloudfront.net/sidearm.nextgen.sites/nacda.com/documents/2018/7/18/Jan11overallDI.pdf,1
2017-18,Butler,fall,79,Butler,Big East,FCS,89.0,89.0,89.0,https://dxbhsrqyrr690.cloudfront.net/sidearm.nextgen.sites/nacda.com/documents/2018/7/18/Jan11overallDI.pdf,1
2017-18,Coastal Carolina,fall,79,Coastal Carolina,Sun Belt,FBS,89.0,89.0,89.0,https://dxbhsrqyrr690.cloudfront.net/sidearm.nextgen.sites/nacda.com/documents/2018/7/18/Jan11overallDI.pdf,1
2017-18,Navy,fall,82,Navy,Patriot,FBS,88.0,88.0,88.0,https://dxbhsrqyrr690.cloudfront.net/sidearm.nextgen.sites/nacda.com/documents/2018/7/18/Jan11overallDI.pdf,1
2017-18,Oklahoma,fall,83,Oklahoma,Big 12,FBS,85.0,85.0,85.0,https://dxbhsrqyrr690.cloudfront.net/sidearm.nextgen.sites/nacda.com/documents/2018/7/18/Jan11overallDI.pdf,1
2017-18,Air Force,fall,83,Air Force,Mountain West,FBS,85.0,85.0,85.0,https://dxbhsrqyrr690.cloudfront.net/sidearm.nextgen.sites/nacda.com/documents/2018/7/18/Jan11overallDI.pdf,1
2017-18,Tennessee,fall,85,Tennessee,SEC,FBS,83.5,83.5,83.5,https://dxbhsrqyrr690.cloudfront.net/sidearm.nextgen.sites/nacda.com/documents/2018/7/18/Jan11overallDI.pdf,1
2017-18,Sam Houston State,fall,86,Sam Houston State,Southland,FCS,83.0,83.0,83.0,https://dxbhsrqyrr690.cloudfront.net/sidearm.nextgen.sites/nacda.com/documents/2018/7/18/Jan11overallDI.pdf,1
2017-18,South Dakota State,fall,86,South Dakota State,Summit,FCS,83.0,83.0,83.0,https://dxbhsrqyrr690.cloudfront.net/sidearm.nextgen.sites/nacda.com/documents/2018/7/18/Jan11overallDI.pdf,1
2017-18,LSU,fall,88,LSU,SEC,FBS,81.0,81.0,81.0,https://dxbhsrqyrr690.cloudfront.net/sidearm.nextgen.sites/nacda.com/documents/2018/7/18/Jan11overallDI.pdf,1
2017-18,South Dakota,fall,88,South Dakota,Summit,FCS,81.0,81.0,81.0,https://dxbhsrqyrr690.cloudfront.net/sidearm.nextgen.sites/nacda.com/documents/2018/7/18/Jan11overallDI.pdf,1
2017-18,Eastern Michigan,fall,90,Eastern Michigan,MAC,FBS,80.5,80.5,80.5,https://dxbhsrqyrr690.cloudfront.net/sidearm.nextgen.sites/nacda.com/documents/2018/7/18/Jan11overallDI.pdf,1
2017-18,Army West Point,fall,91,Army West Point,Patriot,FBS,78.5,78.5,78.5,https://dxbhsrqyrr690.cloudfront.net/sidearm.nextgen.sites/nacda.com/documents/2018/7/18/Jan11overallDI.pdf,1
2017-18,Pittsburgh,fall,92,Pittsburgh,ACC,FBS,78.0,78.0,78.0,https://dxbhsrqyrr690.cloudfront.net/sidearm.nextgen.sites/nacda.com/documents/2018/7/18/Jan11overallDI.pdf,1
2017-18,Miami (OH),fall,92,Miami (OH),MAC,FBS,78.0,78.0,78.0,https://dxbhsrqyrr690.cloudfront.net/sidearm.nextgen.sites/nacda.com/documents/2018/7/18/Jan11overallDI.pdf,1
2017-18,VCU,fall,94,VCU,Atlantic 10,DI,75.0,75.0,75.0,https://dxbhsrqyrr690.cloudfront.net/sidearm.nextgen.sites/nacda.com/documents/2018/7/18/Jan11overallDI.pdf,1
2017-18,Florida International,fall,94,Florida International,Conference USA,FBS,75.0,75.0,75.0,https://dxbhsrqyrr690.cloudfront.net/sidearm.nextgen.sites/nacda.com/documents/2018/7/18/Jan11overallDI.pdf,1
2017-18,Western Kentucky,fall,94,Western Kentucky,Conference USA,FBS,75.0,75.0,75.0,https://dxbhsrqyrr690.cloudfront.net/sidearm.nextgen.sites/nacda.com/documents/2018/7/18/Jan11overallDI.pdf,1
2017-18,Fairfield,fall,94,Fairfield,MAAC,DI,75.0,75.0,75.0,https://dxbhsrqyrr690.cloudfront.net/sidearm.nextgen.sites/nacda.com/documents/2018/7/18/Jan11overallDI.pdf,1
2017-18,Arizona,fall,94,Arizona,Pac 12,FBS,75.0,75.0,75.0,https://dxbhsrqyrr690.cloudfront.net/sidearm.nextgen.sites/nacda.com/documents/2018/7/18/Jan11overallDI.pdf,1
2017-18,Fordham,fall,99,Fordham,Atlantic 10,FCS,73.0,73.0,73.0,https://dxbhsrqyrr690.cloudfront.net/sidearm.nextgen.sites/nacda.com/documents/2018/7/18/Jan11overallDI.pdf,1
2017-18,Weber State,fall,100,Weber State,Big Sky,FCS,70.0,70.0,70.0,https://dxbhsrqyrr690.cloudfront.net/sidearm.nextgen.sites/nacda.com/documents/2018/7/18/Jan11overallDI.pdf,1
2017-18,Wofford,fall,100,Wofford,SoCon,FCS,70.0,70.0,70.0,https://dxbhsrqyrr690.cloudfront.net/sidearm.nextgen.sites/nacda.com/documents/2018/7/18/Jan11overallDI.pdf,1
2017-18,Iona,fall,102,Iona,MAAC,DI,64.5,64.5,64.5,https://dxbhsrqyrr690.cloudfront.net/sidearm.nextgen.sites/nacda.com/documents/2018/7/18/Jan11overallDI.pdf,1
2017-18,Western Michigan,fall,103,Western Michigan,MAC,FBS,64.0,64.0,64.0,https://dxbhsrqyrr690.cloudfront.net/sidearm.nextgen.sites/nacda.com/documents/2018/7/18/Jan11overallDI.pdf,1
2017-18,Colgate,fall,103,Colgate,Patriot,FCS,64.0,64.0,64.0,https://dxbhsrqyrr690.cloudfront.net/sidearm.nextgen.sites/nacda.com/documents/2018/7/18/Jan11overallDI.pdf,1
2017-18,Santa Clara,fall,103,Santa Clara,WCC,DI,64.0,64.0,64.0,https://dxbhsrqyrr690.cloudfront.net/sidearm.nextgen.sites/nacda.com/documents/2018/7/18/Jan11overallDI.pdf,1
2017-18,Providence,fall,106,Providence,Big East,DI,58.5,58.5,58.5,https://dxbhsrqyrr690.cloudfront.net/sidearm.nextgen.sites/nacda.com/documents/2018/7/18/Jan11overallDI.pdf,1
2017-18,Mississippi State,fall,107,Mississippi State,SEC,FBS,54.0,54.0,54.0,https://dxbhsrqyrr690.cloudfront.net/sidearm.nextgen.sites/nacda.com/documents/2018/7/18/Jan11overallDI.pdf,1
2017-18,Saint Joseph's,fall,108,Saint Joseph's,Atlantic 10,DI,53.0,53.0,53.0,https://dxbhsrqyrr690.cloudfront.net/sidearm.nextgen.sites/nacda.com/documents/2018/7/18/Jan11overallDI.pdf,1
2017-18,Delaware,fall,108,Delaware,CAA,FCS,53.0,53.0,53.0,https://dxbhsrqyrr690.cloudfront.net/sidearm.nextgen.sites/nacda.com/documents/2018/7/18/Jan11overallDI.pdf,1
2017-18,Jacksonville State,fall,108,Jacksonville State,OVC,FCS,53.0,53.0,53.0,https://dxbhsrqyrr690.cloudfront.net/sidearm.nextgen.sites/nacda.com/documents/2018/7/18/Jan11overallDI.pdf,1
2017-18,Boston University,fall,108,Boston University,Patriot,DI,53.0,53.0,53.0,https://dxbhsrqyrr690.cloudfront.net/sidearm.nextgen.sites/nacda.com/documents/2018/7/18/Jan11overallDI.pdf,2
2017-18,Samford,fall,108,Samford,SoCon,FCS,53.0,53.0,53.0,https://dxbhsrqyrr690.cloudfront.net/sidearm.nextgen.sites/nacda.com/documents/2018/7/18/Jan11overallDI.pdf,2
2017-18,Eastern Kentucky,fall,113,Eastern Kentucky,OVC,FCS,51.0,51.0,51.0,https://dxbhsrqyrr690.cloudfront.net/sidearm.nextgen.sites/nacda.com/documents/2018/7/18/Jan11overallDI.pdf,2
2017-18,Albany,fall,114,Albany,America East,FCS,50.0,50.0,50.0,https://dxbhsrqyrr690.cloudfront.net/sidearm.nextgen.sites/nacda.com/documents/2018/7/18/Jan11overallDI.pdf,2
2017-18,Memphis,fall,114,Memphis,American,FBS,50.0,50.0,50.0,https://dxbhsrqyrr690.cloudfront.net/sidearm.nextgen.sites/nacda.com/documents/2018/7/18/Jan11overallDI.pdf,2
2017-18,Wichita State,fall,114,Wichita State,American,DI,50.0,50.0,50.0,https://dxbhsrqyrr690.cloudfront.net/sidearm.nextgen.sites/nacda.com/documents/2018/7/18/Jan11overallDI.pdf,2
2017-18,Creighton,fall,114,Creighton,Big East,DI,50.0,50.0,50.0,https://dxbhsrqyrr690.cloudfront.net/sidearm.nextgen.sites/nacda.com/documents/2018/7/18/Jan11overallDI.pdf,2
2017-18,High Point,fall,114,High Point,Big South,DI,50.0,50.0,50.0,https://dxbhsrqyrr690.cloudfront.net/sidearm.nextgen.sites/nacda.com/documents/2018/7/18/Jan11overallDI.pdf,2
2017-18,Rutgers,fall,114,Rutgers,Big Ten,FBS,50.0,50.0,50.0,https://dxbhsrqyrr690.cloudfront.net/sidearm.nextgen.sites/nacda.com/documents/2018/7/18/Jan11overallDI.pdf,2
2017-18,Cal Poly,fall,114,Cal Poly,Big West,FCS,50.0,50.0,50.0,https://dxbhsrqyrr690.cloudfront.net/sidearm.nextgen.sites/nacda.com/documents/2018/7/18/Jan11overallDI.pdf,2
2017-18,Cal State Fullerton,fall,114,Cal State Fullerton,Big West,DI,50.0,50.0,50.0,https://dxbhsrqyrr690.cloudfront.net/sidearm.nextgen.sites/nacda.com/documents/2018/7/18/Jan11overallDI.pdf,2
2017-18,North Carolina Wilmington,fall,114,North Carolina Wilmington,CAA,DI,50.0,50.0,50.0,https://dxbhsrqyrr690.cloudfront.net/sidearm.nextgen.sites/nacda.com/documents/2018/7/18/Jan11overallDI.pdf,2
2017-18,North Texas,fall,114,North Texas,Conference USA,FBS,50.0,50.0,50.0,https://dxbhsrqyrr690.cloudfront.net/sidearm.nextgen.sites/nacda.com/documents/2018/7/18/Jan11overallDI.pdf,2
2017-18,Old Dominion,fall,114,Old Dominion,Conference USA,FBS,50.0,50.0,50.0,https://dxbhsrqyrr690.cloudfront.net/sidearm.nextgen.sites/nacda.com/documents/2018/7/18/Jan11overallDI.pdf,2
2017-18,Monmouth,fall,114,Monmouth,MAAC,FCS,50.0,50.0,50.0,https://dxbhsrqyrr690.cloudfront.net/sidearm.nextgen.sites/nacda.com/documents/2018/7/18/Jan11overallDI.pdf,2
2017-18,Toledo,fall,114,Toledo,MAC,FBS,50.0,50.0,50.0,https://dxbhsrqyrr690.cloudfront.net/sidearm.nextgen.sites/nacda.com/documents/2018/7/18/Jan11overallDI.pdf,2
2017-18,Missouri State,fall,114,Missouri State,Missouri Valley,FCS,50.0,50.0,50.0,https://dxbhsrqyrr690.cloudfront.net/sidearm.nextgen.sites/nacda.com/documents/2018/7/18/Jan11overallDI.pdf,2
2017-18,San Diego State,fall,114,San Diego State,Mountain West,FBS,50.0,50.0,50.0,https://dxbhsrqyrr690.cloudfront.net/sidearm.nextgen.sites/nacda.com/documents/2018/7/18/Jan11overallDI.pdf,2
2017-18,Vanderbilt,fall,114,Vanderbilt,SEC,FBS,50.0,50.0,50.0,https://dxbhsrqyrr690.cloudfront.net/sidearm.nextgen.sites/nacda.com/documents/2018/7/18/Jan11overallDI.pdf,2
2017-18,Denver,fall,114,Denver,Summit,DI,50.0,50.0,50.0,https://dxbhsrqyrr690.cloudfront.net/sidearm.nextgen.sites/nacda.com/documents/2018/7/18/Jan11overallDI.pdf,2
2017-18,Alabama State,fall,114,Alabama State,SWAC,FCS,50.0,50.0,50.0,https://dxbhsrqyrr690.cloudfront.net/sidearm.nextgen.sites/nacda.com/documents/2018/7/18/Jan11overallDI.pdf,2
2017-18,Seattle,fall,114,Seattle,WAC,DI,50.0,50.0,50.0,https://dxbhsrqyrr690.cloudfront.net/sidearm.nextgen.sites/nacda.com/documents/2018/7/18/Jan11overallDI.pdf,2
2017-18,Pepperdine,fall,114,Pepperdine,WCC,DI,50.0,50.0,50.0,https://dxbhsrqyrr690.cloudfront.net/sidearm.nextgen.sites/nacda.com/documents/2018/7/18/Jan11overallDI.pdf,2
2017-18,Temple,fall,134,Temple,American,FBS,45.0,45.0,45.0,https://dxbhsrqyrr690.cloudfront.net/sidearm.nextgen.sites/nacda.com/documents/2018/7/18/Jan11overallDI.pdf,2
2017-18,Kansas State,fall,134,Kansas State,Big 12,FBS,45.0,45.0,45.0,https://dxbhsrqyrr690.cloudfront.net/sidearm.nextgen.sites/nacda.com/documents/2018/7/18/Jan11overallDI.pdf,2
2017-18,Iowa,fall,134,Iowa,Big Ten,FBS,45.0,45.0,45.0,https://dxbhsrqyrr690.cloudfront.net/sidearm.nextgen.sites/nacda.com/documents/2018/7/18/Jan11overallDI.pdf,2
2017-18,Florida Atlantic,fall,134,Florida Atlantic,Conference USA,FBS,45.0,45.0,45.0,https://dxbhsrqyrr690.cloudfront.net/sidearm.nextgen.sites/nacda.com/documents/2018/7/18/Jan11overallDI.pdf,2
2017-18,Louisiana Tech,fall,134,Louisiana Tech,Conference USA,FBS,45.0,45.0,45.0,https://dxbhsrqyrr690.cloudfront.net/sidearm.nextgen.sites/nacda.com/documents/2018/7/18/Jan11overallDI.pdf,2
2017-18,Marshall,fall,134,Marshall,Conference USA,FBS,45.0,45.0,45.0,https://dxbhsrqyrr690.cloudfront.net/sidearm.nextgen.sites/nacda.com/documents/2018/7/18/Jan11overallDI.pdf,2
2017-18,Ohio,fall,134,Ohio,MAC,FBS,45.0,45.0,45.0,https://dxbhsrqyrr690.cloudfront.net/sidearm.nextgen.sites/nacda.com/documents/2018/7/18/Jan11overallDI.pdf,2
2017-18,North Carolina A&T,fall,134,North Carolina A&T,MEAC,FCS,45.0,45.0,45.0,https://dxbhsrqyrr690.cloudfront.net/sidearm.nextgen.sites/nacda.com/documents/2018/7/18/Jan11overallDI.pdf,2
2017-18,Fresno State,fall,134,Fresno State,Mountain West,FBS,45.0,45.0,45.0,https://dxbhsrqyrr690.cloudfront.net/sidearm.nextgen.sites/nacda.com/documents/2018/7/18/Jan11overallDI.pdf,2
2017-18,Wyoming,fall,134,Wyoming,Mountain West,FBS,45.0,45.0,45.0,https://dxbhsrqyrr690.cloudfront.net/sidearm.nextgen.sites/nacda.com/documents/2018/7/18/Jan11overallDI.pdf,2
2017-18,Appalachian State,fall,134,Appalachian State,Sun Belt,FBS,45.0,45.0,45.0,https://dxbhsrqyrr690.cloudfront.net/sidearm.nextgen.sites/nacda.com/documents/2018/7/18/Jan11overallDI.pdf,2
2017-18,Georgia State,fall,134,Georgia State,Sun Belt,FBS,45.0,45.0,45.0,https://dxbhsrqyrr690.cloudfront.net/sidearm.nextgen.sites/nacda.com/documents/2018/7/18/Jan11overallDI.pdf,2
2017-18,Troy,fall,134,Troy,Sun Belt,FBS,45.0,45.0,45.0,https://dxbhsrqyrr690.cloudfront.net/sidearm.nextgen.sites/nacda.com/documents/2018/7/18/Jan11overallDI.pdf,2
2017-18,New Mexico State,fall,134,New Mexico State,WAC,FBS,45.0,45.0,45.0,https://dxbhsrqyrr690.cloudfront.net/sidearm.nextgen.sites/nacda.com/documents/2018/7/18/Jan11overallDI.pdf,2
2017-18,Tulsa,fall,148,Tulsa,American,FBS,33.5,33.5,33.5,https://dxbhsrqyrr690.cloudfront.net/sidearm.nextgen.sites/nacda.com/documents/2018/7/18/Jan11overallDI.pdf,2
2017-18,Campbell,fall,148,Campbell,Big South,FCS,33.5,33.5,33.5,https://dxbhsrqyrr690.cloudfront.net/sidearm.nextgen.sites/nacda.com/documents/2018/7/18/Jan11overallDI.pdf,2
2017-18,McNeese State,fall,148,McNeese State,Southland,FCS,33.5,33.5,33.5,https://dxbhsrqyrr690.cloudfront.net/sidearm.nextgen.sites/nacda.com/documents/2018/7/18/Jan11overallDI.pdf,2
2017-18,Texas State,fall,148,Texas State,Sun Belt,FBS,33.5,33.5,33.5,https://dxbhsrqyrr690.cloudfront.net/sidearm.nextgen.sites/nacda.com/documents/2018/7/18/Jan11overallDI.pdf,2
2017-18,Georgia Tech,fall,152,Georgia Tech,ACC,FBS,28.0,28.0,28.0,https://dxbhsrqyrr690.cloudfront.net/sidearm.nextgen.sites/nacda.com/documents/2018/7/18/Jan11overallDI.pdf,2
2017-18,Yale,fall,152,Yale,Ivy League,FCS,28.0,28.0,28.0,https://dxbhsrqyrr690.cloudfront.net/sidearm.nextgen.sites/nacda.com/documents/2018/7/18/Jan11overallDI.pdf,2
2017-18,Abilene Christian,fall,152,Abilene Christian,Southland,FCS,28.0,28.0,28.0,https://dxbhsrqyrr690.cloudfront.net/sidearm.nextgen.sites/nacda.com/documents/2018/7/18/Jan11overallDI.pdf,2
2017-18,Boston College,fall,155,Boston College,ACC,FBS,25.0,25.0,25.0,https://dxbhsrqyrr690.cloudfront.net/sidearm.nextgen.sites/nacda.com/documents/2018/7/18/Jan11overallDI.pdf,2
2017-18,Houston,fall,155,Houston,American,FBS,25.0,25.0,25.0,https://dxbhsrqyrr690.cloudfront.net/sidearm.nextgen.sites/nacda.com/documents/2018/7/18/Jan11overallDI.pdf,2
2017-18,George Washington,fall,155,George Washington,Atlantic 10,DI,25.0,25.0,25.0,https://dxbhsrqyrr690.cloudfront.net/sidearm.nextgen.sites/nacda.com/documents/2018/7/18/Jan11overallDI.pdf,2
2017-18,La Salle,fall,155,La Salle,Atlantic 10,DI,25.0,25.0,25.0,https://dxbhsrqyrr690.cloudfront.net/sidearm.nextgen.sites/nacda.com/documents/2018/7/18/Jan11overallDI.pdf,2
2017-18,Massachusetts,fall,155,Massachusetts,Atlantic 10,FBS,25.0,25.0,25.0,https://dxbhsrqyrr690.cloudfront.net/sidearm.nextgen.sites/nacda.com/documents/2018/7/18/Jan11overallDI.pdf,2
2017-18,Florida Gulf Coast,fall,155,Florida Gulf Coast,Atlantic Sun,DI,25.0,25.0,25.0,https://dxbhsrqyrr690.cloudfront.net/sidearm.nextgen.sites/nacda.com/documents/2018/7/18/Jan11overallDI.pdf,2
2017-18,Lipscomb,fall,155,Lipscomb,Atlantic Sun,DI,25.0,25.0,25.0,https://dxbhsrqyrr690.cloudfront.net/sidearm.nextgen.sites/nacda.com/documents/2018/7/18/Jan11overallDI.pdf,2
2017-18,Kansas,fall,155,Kansas,Big 12,FBS,25.0,25.0,25.0,https://dxbhsrqyrr690.cloudfront.net/sidearm.nextgen.sites/nacda.com/documents/2018/7/18/Jan11overallDI.pdf,2
2017-18,Texas Tech,fall,155,Texas Tech,Big 12,FBS,25.0,25.0,25.0,https://dxbhsrqyrr690.cloudfront.net/sidearm.nextgen.sites/nacda.com/documents/2018/7/18/Jan11overallDI.pdf,2
2017-18,Marquette,fall,155,Marquette,Big East,DI,25.0,25.0,25.0,https://dxbhsrqyrr690.cloudfront.net/sidearm.nextgen.sites/nacda.com/documents/2018/7/18/Jan11overallDI.pdf,2
2017-18,Eastern Washington,fall,155,Eastern Washington,Big Sky,FCS,25.0,25.0,25.0,https://dxbhsrqyrr690.cloudfront.net/sidearm.nextgen.sites/nacda.com/documents/2018/7/18/Jan11overallDI.pdf,2
2017-18,North Dakota,fall,155,North Dakota,Big Sky,FCS,25.0,25.0,25.0,https://dxbhsrqyrr690.cloudfront.net/sidearm.nextgen.sites/nacda.com/documents/2018/7/18/Jan11overallDI.pdf,2
2017-18,Presbyterian College,fall,155,Presbyterian College,Big South,FCS,25.0,25.0,25.0,https://dxbhsrqyrr690.cloudfront.net/sidearm.nextgen.sites/nacda.com/documents/2018/7/18/Jan11overallDI.pdf,2
2017-18,Radford,fall,155,Radford,Big South,DI,25.0,25.0,25.0,https://dxbhsrqyrr690.cloudfront.net/sidearm.nextgen.sites/nacda.com/documents/2018/7/18/Jan11overallDI.pdf,2
2017-18,Hawaii,fall,155,Hawaii,Big West,FBS,25.0,25.0,25.0,https://dxbhsrqyrr690.cloudfront.net/sidearm.nextgen.sites/nacda.com/documents/2018/7/18/Jan11overallDI.pdf,2
2017-18,UC Davis,fall,155,UC Davis,Big West,FCS,25.0,25.0,25.0,https://dxbhsrqyrr690.cloudfront.net/sidearm.nextgen.sites/nacda.com/documents/2018/7/18/Jan11overallDI.pdf,2
2017-18,College of Charleston,fall,155,College of Charleston,CAA,DI,25.0,25.0,25.0,https://dxbhsrqyrr690.cloudfront.net/sidearm.nextgen.sites/nacda.com/documents/2018/7/18/Jan11overallDI.pdf,2
2017-18,Elon,fall,155,Elon,CAA,FCS,25.0,25.0,25.0,https://dxbhsrqyrr690.cloudfront.net/sidearm.nextgen.sites/nacda.com/documents/2018/7/18/Jan11overallDI.pdf,2
2017-18,Hofstra,fall,155,Hofstra,CAA,DI,25.0,25.0,25.0,https://dxbhsrqyrr690.cloudfront.net/sidearm.nextgen.sites/nacda.com/documents/2018/7/18/Jan11overallDI.pdf,2
2017-18,William & Mary,fall,155,William & Mary,CAA,FCS,25.0,25.0,25.0,https://dxbhsrqyrr690.cloudfront.net/sidearm.nextgen.sites/nacda.com/documents/2018/7/18/Jan11overallDI.pdf,2
2017-18,Rice,fall,155,Rice,Conference USA,FBS,25.0,25.0,25.0,https://dxbhsrqyrr690.cloudfront.net/sidearm.nextgen.sites/nacda.com/documents/2018/7/18/Jan11overallDI.pdf,2
2017-18,Southern Mississippi,fall,155,Southern Mississippi,Conference USA,FBS,25.0,25.0,25.0,https://dxbhsrqyrr690.cloudfront.net/sidearm.nextgen.sites/nacda.com/documents/2018/7/18/Jan11overallDI.pdf,2
2017-18,UAB,fall,155,UAB,Conference USA,FBS,25.0,25.0,25.0,https://dxbhsrqyrr690.cloudfront.net/sidearm.nextgen.sites/nacda.com/documents/2018/7/18/Jan11overallDI.pdf,2
2017-18,Cleveland State,fall,155,Cleveland State,Horizon League,DI,25.0,25.0,25.0,https://dxbhsrqyrr690.cloudfront.net/sidearm.nextgen.sites/nacda.com/documents/2018/7/18/Jan11overallDI.pdf,2
2017-18,Illinois Chicago,fall,155,Illinois Chicago,Horizon League,DI,25.0,25.0,25.0,https://dxbhsrqyrr690.cloudfront.net/sidearm.nextgen.sites/nacda.com/documents/2018/7/18/Jan11overallDI.pdf,2
2017-18,IUPUI,fall,155,IUPUI,Horizon League,DI,25.0,25.0,25.0,https://dxbhsrqyrr690.cloudfront.net/sidearm.nextgen.sites/nacda.com/documents/2018/7/18/Jan11overallDI.pdf,2
2017-18,Harvard,fall,155,Harvard,Ivy League,FCS,25.0,25.0,25.0,https://dxbhsrqyrr690.cloudfront.net/sidearm.nextgen.sites/nacda.com/documents/2018/7/18/Jan11overallDI.pdf,2
2017-18,Central Michigan,fall,155,Central Michigan,MAC,FBS,25.0,25.0,25.0,https://dxbhsrqyrr690.cloudfront.net/sidearm.nextgen.sites/nacda.com/documents/2018/7/18/Jan11overallDI.pdf,2
2017-18,Northern Illinois,fall,155,Northern Illinois,MAC,FBS,25.0,25.0,25.0,https://dxbhsrqyrr690.cloudfront.net/sidearm.nextgen.sites/nacda.com/documents/2018/7/18/Jan11overallDI.pdf,2
2017-18,Howard,fall,155,Howard,MEAC,FCS,25.0,25.0,25.0,https://dxbhsrqyrr690.cloudfront.net/sidearm.nextgen.sites/nacda.com/documents/2018/7/18/Jan11overallDI.pdf,2
2017-18,Central Connecticut State,fall,155,Central Connecticut State,Northeast,FCS,25.0,25.0,25.0,https://dxbhsrqyrr690.cloudfront.net/sidearm.nextgen.sites/nacda.com/documents/2018/7/18/Jan11overallDI.pdf,2
2017-18,LIU Brooklyn,fall,155,LIU Brooklyn,Northeast,DI,25.0,25.0,25.0,https://dxbhsrqyrr690.cloudfront.net/sidearm.nextgen.sites/nacda.com/documents/2018/7/18/Jan11overallDI.pdf,2
2017-18,Saint Francis (PA),fall,155,Saint Francis (PA),Northeast,FCS,25.0,25.0,25.0,https://dxbhsrqyrr690.cloudfront.net/sidearm.nextgen.sites/nacda.com/documents/2018/7/18/Jan11overallDI.pdf,2
2017-18,St. Francis (NY),fall,155,St. Francis (NY),Northeast,DI,25.0,25.0,25.0,https://dxbhsrqyrr690.cloudfront.net/sidearm.nextgen.sites/nacda.com/documents/2018/7/18/Jan11overallDI.pdf,2
2017-18,Austin Peay State,fall,155,Austin Peay State,OVC,FCS,25.0,25.0,25.0,https://dxbhsrqyrr690.cloudfront.net/sidearm.nextgen.sites/nacda.com/documents/2018/7/18/Jan11overallDI.pdf,2
2017-18,Murray State,fall,155,Murray State,OVC,FCS,25.0,25.0,25.0,https://dxbhsrqyrr690.cloudfront.net/sidearm.nextgen.sites/nacda.com/documents/2018/7/18/Jan11overallDI.pdf,2
2017-18,Arizona State,fall,155,Arizona State,Pac 12,FBS,25.0,25.0,25.0,https://dxbhsrqyrr690.cloudfront.net/sidearm.nextgen.sites/nacda.com/documents/2018/7/18/Jan11overallDI.pdf,2
2017-18,Oregon State,fall,155,Oregon State,Pac 12,FBS,25.0,25.0,25.0,https://dxbhsrqyrr690.cloudfront.net/sidearm.nextgen.sites/nacda.com/documents/2018/7/18/Jan11overallDI.pdf,2
2017-18,American,fall,155,American,Patriot,DI,25.0,25.0,25.0,https://dxbhsrqyrr690.cloudfront.net/sidearm.nextgen.sites/nacda.com/documents/2018/7/18/Jan11overallDI.pdf,2
2017-18,Bucknell,fall,155,Bucknell,Patriot,FCS,25.0,25.0,25.0,https://dxbhsrqyrr690.cloudfront.net/sidearm.nextgen.sites/nacda.com/documents/2018/7/18/Jan11overallDI.pdf,2
2017-18,Lehigh,fall,155,Lehigh,Patriot,FCS,25.0,25.0,25.0,https://dxbhsrqyrr690.cloudfront.net/sidearm.nextgen.sites/nacda.com/documents/2018/7/18/Jan11overallDI.pdf,2
2017-18,East Tennessee State,fall,155,East Tennessee State,SoCon,FCS,25.0,25.0,25.0,https://dxbhsrqyrr690.cloudfront.net/sidearm.nextgen.sites/nacda.com/documents/2018/7/18/Jan11overallDI.pdf,2
2017-18,Mercer,fall,155,Mercer,SoCon,FCS,25.0,25.0,25.0,https://dxbhsrqyrr690.cloudfront.net/sidearm.nextgen.sites/nacda.com/documents/2018/7/18/Jan11overallDI.pdf,2
2017-18,North Carolina Greensboro,fall,155,North Carolina Greensboro,SoCon,DI,25.0,25.0,25.0,https://dxbhsrqyrr690.cloudfront.net/sidearm.nextgen.sites/nacda.com/documents/2018/7/18/Jan11overallDI.pdf,2
2017-18,Lamar,fall,155,Lamar,Southland,FCS,25.0,25.0,25.0,https://dxbhsrqyrr690.cloudfront.net/sidearm.nextgen.sites/nacda.com/documents/2018/7/18/Jan11overallDI.pdf,2
2017-18,Nicholls State,fall,155,Nicholls State,Southland,FCS,25.0,25.0,25.0,https://dxbhsrqyrr690.cloudfront.net/sidearm.nextgen.sites/nacda.com/documents/2018/7/18/Jan11overallDI.pdf,2
2017-18,Nebraska Omaha,fall,155,Nebraska Omaha,Summit,DI,25.0,25.0,25.0,https://dxbhsrqyrr690.cloudfront.net/sidearm.nextgen.sites/nacda.com/documents/2018/7/18/Jan11overallDI.pdf,2
2017-18,Western Illinois,fall,155,Western Illinois,Summit,FCS,25.0,25.0,25.0,https://dxbhsrqyrr690.cloudfront.net/sidearm.nextgen.sites/nacda.com/documents/2018/7/18/Jan11overallDI.pdf,2
2017-18,Arkansas State,fall,155,Arkansas State,Sun Belt,FBS,25.0,25.0,25.0,https://dxbhsrqyrr690.cloudfront.net/sidearm.nextgen.sites/nacda.com/documents/2018/7/18/Jan11overallDI.pdf,2
2017-18,South Alabama,fall,155,South Alabama,Sun Belt,FBS,25.0,25.0,25.0,https://dxbhsrqyrr690.cloudfront.net/sidearm.nextgen.sites/nacda.com/documents/2018/7/18/Jan11overallDI.pdf,2
2017-18,Grambling State,fall,155,Grambling State,SWAC,FCS,25.0,25.0,25.0,https://dxbhsrqyrr690.cloudfront.net/sidearm.nextgen.sites/nacda.com/documents/2018/7/18/Jan11overallDI.pdf,2
2017-18,Cal State Bakersfield,fall,155,Cal State Bakersfield,WAC,DI,25.0,25.0,25.0,https://dxbhsrqyrr690.cloudfront.net/sidearm.nextgen.sites/nacda.com/documents/2018/7/18/Jan11overallDI.pdf,2
2017-18,Utah Valley,fall,155,Utah Valley,WAC,DI,25.0,25.0,25.0,https://dxbhsrqyrr690.cloudfront.net/sidearm.nextgen.sites/nacda.com/documents/2018/7/18/Jan11overallDI.pdf,2
2017-18,Stanford,winter,1,Stanford,Pac 12,FBS,1104.0,581.0,523.0,https://dxbhsrqyrr690.cloudfront.net/sidearm.nextgen.sites/nacda.com/documents/2018/7/18/April26overallDI.pdf,1
2017-18,Penn State,winter,2,Penn State,Big Ten,FBS,889.25,503.25,386.0,https://dxbhsrqyrr690.cloudfront.net/sidearm.nextgen.sites/nacda.com/documents/2018/7/18/April26overallDI.pdf,1
2017-18,Michigan,winter,3,Michigan,Big Ten,FBS,881.5,562.0,319.5,https://dxbhsrqyrr690.cloudfront.net/sidearm.nextgen.sites/nacda.com/documents/2018/7/18/April26overallDI.pdf,1
2017-18,Ohio State,winter,4,Ohio State,Big Ten,FBS,830.75,730.75,100.0,https://dxbhsrqyrr690.cloudfront.net/sidearm.nextgen.sites/nacda.com/documents/2018/7/18/April26overallDI.pdf,1
2017-18,North Carolina State,winter,5,North Carolina State,ACC,FBS,722.75,419.25,303.5,https://dxbhsrqyrr690.cloudfront.net/sidearm.nextgen.sites/nacda.com/documents/2018/7/18/April26overallDI.pdf,1
2017-18,Notre Dame,winter,6,Notre Dame,ACC,FBS,628.5,423.5,205.0,https://dxbhsrqyrr690.cloudfront.net/sidearm.nextgen.sites/nacda.com/documents/2018/7/18/April26overallDI.pdf,1
2017-18,Minnesota,winter,7,Minnesota,Big Ten,FBS,613.5,461.0,152.5,https://dxbhsrqyrr690.cloudfront.net/sidearm.nextgen.sites/nacda.com/documents/2018/7/18/April26overallDI.pdf,1
2017-18,Texas,winter,8,Texas,Big 12,FBS,612.5,343.5,269.0,https://dxbhsrqyrr690.cloudfront.net/sidearm.nextgen.sites/nacda.com/documents/2018/7/18/April26overallDI.pdf,1
2017-18,UCLA,winter,9,UCLA,Pac 12,FBS,603.0,271.0,332.0,https://dxbhsrqyrr690.cloudfront.net/sidearm.nextgen.sites/nacda.com/documents/2018/7/18/April26overallDI.pdf,1
2017-18,Florida,winter,10,Florida,SEC,FBS,588.0,425.0,163.0,https://dxbhsrqyrr690.cloudfront.net/sidearm.nextgen.sites/nacda.com/documents/2018/7/18/April26overallDI.pdf,1
2017-18,Duke,winter,11,Duke,ACC,FBS,587.0,325.0,262.0,https://dxbhsrqyrr690.cloudfront.net/sidearm.nextgen.sites/nacda.com/documents/2018/7/18/April26overallDI.pdf,1
2017-18,Wisconsin,winter,12,Wisconsin,Big Ten,FBS,585.0,232.5,352.5,https://dxbhsrqyrr690.cloudfront.net/sidearm.nextgen.sites/nacda.com/documents/2018/7/18/April26overallDI.pdf,1
2017-18,Georgia,winter,13,Georgia,SEC,FBS,583.75,436.75,147.0,https://dxbhsrqyrr690.cloudfront.net/sidearm.nextgen.sites/nacda.com/documents/2018/7/18/April26overallDI.pdf,1
2017-18,USC,winter,14,USC,Pac 12,FBS,580.5,300.0,280.5,https://dxbhsrqyrr690.cloudfront.net/sidearm.nextgen.sites/nacda.com/documents/2018/7/18/April26overallDI.pdf,1
2017-18,Kentucky,winter,15,Kentucky,SEC,FBS,532.75,434.75,98.0,https://dxbhsrqyrr690.cloudfront.net/sidearm.nextgen.sites/nacda.com/documents/2018/7/18/April26overallDI.pdf,1
2017-18,Texas A&M,winter,16,Texas A&M,SEC,FBS,524.75,416.25,108.5,https://dxbhsrqyrr690.cloudfront.net/sidearm.nextgen.sites/nacda.com/documents/2018/7/18/April26overallDI.pdf,1
2017-18,Nebraska,winter,17,Nebraska,Big Ten,FBS,520.0,420.0,100.0,https://dxbhsrqyrr690.cloudfront.net/sidearm.nextgen.sites/nacda.com/documents/2018/7/18/April26overallDI.pdf,1
2017-18,California,winter,18,California,Pac 12,FBS,516.75,359.75,157.0,https://dxbhsrqyrr690.cloudfront.net/sidearm.nextgen.sites/nacda.com/documents/2018/7/18/April26overallDI.pdf,1
2017-18,Alabama,winter,19,Alabama,SEC,FBS,507.25,320.75,186.5,https://dxbhsrqyrr690.cloudfront.net/sidearm.nextgen.sites/nacda.com/documents/2018/7/18/April26overallDI.pdf,1
2017-18,Virginia Tech,winter,20,Virginia Tech,ACC,FBS,494.5,313.5,181.0,https://dxbhsrqyrr690.cloudfront.net/sidearm.nextgen.sites/nacda.com/documents/2018/7/18/April26overallDI.pdf,1
2017-18,North Carolina,winter,21,North Carolina,ACC,FBS,492.0,262.0,230.0,https://dxbhsrqyrr690.cloudfront.net/sidearm.nextgen.sites/nacda.com/documents/2018/7/18/April26overallDI.pdf,1
2017-18,Florida State,winter,22,Florida State,ACC,FBS,491.5,296.0,195.5,https://dxbhsrqyrr690.cloudfront.net/sidearm.nextgen.sites/nacda.com/documents/2018/7/18/April26overallDI.pdf,1
2017-18,Louisville,winter,23,Louisville,ACC,FBS,488.0,284.0,204.0,https://dxbhsrqyrr690.cloudfront.net/sidearm.nextgen.sites/nacda.com/documents/2018/7/18/April26overallDI.pdf,1
2017-18,Virginia,winter,24,Virginia,ACC,FBS,482.0,231.5,250.5,https://dxbhsrqyrr690.cloudfront.net/sidearm.nextgen.sites/nacda.com/documents/2018/7/18/April26overallDI.pdf,1
2017-18,Missouri,winter,24,Missouri,SEC,FBS,482.0,365.0,117.0,https://dxbhsrqyrr690.cloudfront.net/sidearm.nextgen.sites/nacda.com/documents/2018/7/18/April26overallDI.pdf,1
2017-18,Auburn,winter,26,Auburn,SEC,FBS,470.25,355.75,114.5,https://dxbhsrqyrr690.cloudfront.net/sidearm.nextgen.sites/nacda.com/documents/2018/7/18/April26overallDI.pdf,1
2017-18,Arkansas,winter,27,Arkansas,SEC,FBS,455.5,292.5,163.0,https://dxbhsrqyrr690.cloudfront.net/sidearm.nextgen.sites/nacda.com/documents/2018/7/18/April26overallDI.pdf,1
2017-18,Oregon,winter,28,Oregon,Pac 12,FBS,433.75,210.25,223.5,https://dxbhsrqyrr690.cloudfront.net/sidearm.nextgen.sites/nacda.com/documents/2018/7/18/April26overallDI.pdf,1
2017-18,Oklahoma,winter,29,Oklahoma,Big 12,FBS,416.5,331.5,85.0,https://dxbhsrqyrr690.cloudfront.net/sidearm.nextgen.sites/nacda.com/documents/2018/7/18/April26overallDI.pdf,1
2017-18,Colorado,winter,30,Colorado,Pac 12,FBS,412.5,143.0,269.5,https://dxbhsrqyrr690.cloudfront.net/sidearm.nextgen.sites/nacda.com/documents/2018/7/18/April26overallDI.pdf,1
2017-18,Princeton,winter,31,Princeton,Ivy League,FCS,409.0,167.0,242.0,https://dxbhsrqyrr690.cloudfront.net/sidearm.nextgen.sites/nacda.com/documents/2018/7/18/April26overallDI.pdf,1
2017-18,Purdue,winter,32,Purdue,Big Ten,FBS,408.0,279.5,128.5,https://dxbhsrqyrr690.cloudfront.net/sidearm.nextgen.sites/nacda.com/documents/2018/7/18/April26overallDI.pdf,1
2017-18,Indiana,winter,33,Indiana,Big Ten,FBS,390.0,250.0,140.0,https://dxbhsrqyrr690.cloudfront.net/sidearm.nextgen.sites/nacda.com/documents/2018/7/18/April26overallDI.pdf,1
2017-18,LSU,winter,34,LSU,SEC,FBS,386.5,305.5,81.0,https://dxbhsrqyrr690.cloudfront.net/sidearm.nextgen.sites/nacda.com/documents/2018/7/18/April26overallDI.pdf,1
2017-18,South Carolina,winter,35,South Carolina,SEC,FBS,379.0,251.0,128.0,https://dxbhsrqyrr690.cloudfront.net/sidearm.nextgen.sites/nacda.com/documents/2018/7/18/April26overallDI.pdf,1
2017-18,Oklahoma State,winter,36,Oklahoma State,Big 12,FBS,374.75,174.25,200.5,https://dxbhsrqyrr690.cloudfront.net/sidearm.nextgen.sites/nacda.com/documents/2018/7/18/April26overallDI.pdf,1
2017-18,Arizona State,winter,36,Arizona State,Pac 12,FBS,374.75,349.75,25.0,https://dxbhsrqyrr690.cloudfront.net/sidearm.nextgen.sites/nacda.com/documents/2018/7/18/April26overallDI.pdf,1
2017-18,Tennessee,winter,38,Tennessee,SEC,FBS,373.5,290.0,83.5,https://dxbhsrqyrr690.cloudfront.net/sidearm.nextgen.sites/nacda.com/documents/2018/7/18/April26overallDI.pdf,1
2017-18,West Virginia,winter,39,West Virginia,Big 12,FBS,373.0,284.0,89.0,https://dxbhsrqyrr690.cloudfront.net/sidearm.nextgen.sites/nacda.com/documents/2018/7/18/April26overallDI.pdf,1
2017-18,Denver,winter,40,Denver,Summit,DI,364.25,314.25,50.0,https://dxbhsrqyrr690.cloudfront.net/sidearm.nextgen.sites/nacda.com/documents/2018/7/18/April26overallDI.pdf,1
2017-18,Michigan State,winter,41,Michigan State,Big Ten,FBS,363.5,50.0,313.5,https://dxbhsrqyrr690.cloudfront.net/sidearm.nextgen.sites/nacda.com/documents/2018/7/18/April26overallDI.pdf,1
2017-18,Iowa State,winter,42,Iowa State,Big 12,FBS,336.5,115.5,221.0,https://dxbhsrqyrr690.cloudfront.net/sidearm.nextgen.sites/nacda.com/documents/2018/7/18/April26overallDI.pdf,1
2017-18,Syracuse,winter,43,Syracuse,ACC,FBS,336.25,172.25,164.0,https://dxbhsrqyrr690.cloudfront.net/sidearm.nextgen.sites/nacda.com/documents/2018/7/18/April26overallDI.pdf,1
2017-18,Utah,winter,44,Utah,Pac 12,FBS,334.0,197.0,137.0,https://dxbhsrqyrr690.cloudfront.net/sidearm.nextgen.sites/nacda.com/documents/2018/7/18/April26overallDI.pdf,1
2017-18,BYU,winter,45,BYU,WCC,FBS,333.5,118.5,215.0,https://dxbhsrqyrr690.cloudfront.net/sidearm.nextgen.sites/nacda.com/documents/2018/7/18/April26overallDI.pdf,1
2017-18,Northwestern,winter,46,Northwestern,Big Ten,FBS,329.5,152.5,177.0,https://dxbhsrqyrr690.cloudfront.net/sidearm.nextgen.sites/nacda.com/documents/2018/7/18/April26overallDI.pdf,1
2017-18,Washington,winter,47,Washington,Pac 12,FBS,324.75,84.75,240.0,https://dxbhsrqyrr690.cloudfront.net/sidearm.nextgen.sites/nacda.com/documents/2018/7/18/April26overallDI.pdf,1
2017-18,Boise State,winter,48,Boise State,Mountain West,FBS,314.0,133.5,180.5,https://dxbhsrqyrr690.cloudfront.net/sidearm.nextgen.sites/nacda.com/documents/2018/7/18/April26overallDI.pdf,1
2017-18,Air Force,winter,49,Air Force,Mountain West,FBS,310.5,225.5,85.0,https://dxbhsrqyrr690.cloudfront.net/sidearm.nextgen.sites/nacda.com/documents/2018/7/18/April26overallDI.pdf,1
2017-18,New Hampshire,winter,50,New Hampshire,America East,FCS,310.0,176.0,134.0,https://dxbhsrqyrr690.cloudfront.net/sidearm.nextgen.sites/nacda.com/documents/2018/7/18/April26overallDI.pdf,1
2017-18,Villanova,winter,51,Villanova,Big East,FCS,305.0,207.0,98.0,https://dxbhsrqyrr690.cloudfront.net/sidearm.nextgen.sites/nacda.com/documents/2018/7/18/April26overallDI.pdf,1
2017-18,Illinois,winter,52,Illinois,Big Ten,FBS,304.0,206.5,97.5,https://dxbhsrqyrr690.cloudfront.net/sidearm.nextgen.sites/nacda.com/documents/2018/7/18/April26overallDI.pdf,1
2017-18,Iowa,winter,53,Iowa,Big Ten,FBS,295.5,250.5,45.0,https://dxbhsrqyrr690.cloudfront.net/sidearm.nextgen.sites/nacda.com/documents/2018/7/18/April26overallDI.pdf,1
2017-18,New Mexico,winter,54,New Mexico,Mountain West,FBS,286.75,186.75,100.0,https://dxbhsrqyrr690.cloudfront.net/sidearm.nextgen.sites/nacda.com/documents/2018/7/18/April26overallDI.pdf,1
2017-18,Maryland,winter,55,Maryland,Big Ten,FBS,264.5,149.5,115.0,https://dxbhsrqyrr690.cloudfront.net/sidearm.nextgen.sites/nacda.com/documents/2018/7/18/April26overallDI.pdf,1
2017-18,Clemson,winter,56,Clemson,ACC,FBS,260.5,80.5,180.0,https://dxbhsrqyrr690.cloudfront.net/sidearm.nextgen.sites/nacda.com/documents/2018/7/18/April26overallDI.pdf,1
2017-18,TCU,winter,57,TCU,Big 12,FBS,260.0,166.0,94.0,https://dxbhsrqyrr690.cloudfront.net/sidearm.nextgen.sites/nacda.com/documents/2018/7/18/April26overallDI.pdf,1
2017-18,Wake Forest,winter,58,Wake Forest,ACC,FBS,256.5,35.5,221.0,https://dxbhsrqyrr690.cloudfront.net/sidearm.nextgen.sites/nacda.com/documents/2018/7/18/April26overallDI.pdf,1
2017-18,Miami (FL),winter,59,Miami (FL),ACC,FBS,253.5,140.5,113.0,https://dxbhsrqyrr690.cloudfront.net/sidearm.nextgen.sites/nacda.com/documents/2018/7/18/April26overallDI.pdf,1
2017-18,Columbia,winter,60,Columbia,Ivy League,FCS,250.0,120.5,129.5,https://dxbhsrqyrr690.cloudfront.net/sidearm.nextgen.sites/nacda.com/documents/2018/7/18/April26overallDI.pdf,1
2017-18,Arizona,winter,61,Arizona,Pac 12,FBS,238.0,163.0,75.0,https://dxbhsrqyrr690.cloudfront.net/sidearm.nextgen.sites/nacda.com/documents/2018/7/18/April26overallDI.pdf,1
2017-18,Baylor,winter,62,Baylor,Big 12,FBS,231.5,80.5,151.0,https://dxbhsrqyrr690.cloudfront.net/sidearm.nextgen.sites/nacda.com/documents/2018/7/18/April26overallDI.pdf,1
2017-18,Harvard,winter,63,Harvard,Ivy League,FCS,221.5,196.5,25.0,https://dxbhsrqyrr690.cloudfront.net/sidearm.nextgen.sites/nacda.com/documents/2018/7/18/April26overallDI.pdf,1
2017-18,Northern Arizona,winter,64,Northern Arizona,Big Sky,FCS,221.0,96.0,125.0,https://dxbhsrqyrr690.cloudfront.net/sidearm.nextgen.sites/nacda.com/documents/2018/7/18/April26overallDI.pdf,1
2017-18,Kansas,winter,65,Kansas,Big 12,FBS,220.0,195.0,25.0,https://dxbhsrqyrr690.cloudfront.net/sidearm.nextgen.sites/nacda.com/documents/2018/7/18/April26overallDI.pdf,1
2017-18,Mississippi State,winter,66,Mississippi State,SEC,FBS,217.0,163.0,54.0,https://dxbhsrqyrr690.cloudfront.net/sidearm.nextgen.sites/nacda.com/documents/2018/7/18/April26overallDI.pdf,1
2017-18,Akron,winter,67,Akron,MAC,FBS,207.0,99.0,108.0,https://dxbhsrqyrr690.cloudfront.net/sidearm.nextgen.sites/nacda.com/documents/2018/7/18/April26overallDI.pdf,1
2017-18,Southern Utah,winter,68,Southern Utah,Big Sky,FCS,205.5,86.5,119.0,https://dxbhsrqyrr690.cloudfront.net/sidearm.nextgen.sites/nacda.com/documents/2018/7/18/April26overallDI.pdf,1
2017-18,Colorado State,winter,69,Colorado State,Mountain West,FBS,202.5,58.5,144.0,https://dxbhsrqyrr690.cloudfront.net/sidearm.nextgen.sites/nacda.com/documents/2018/7/18/April26overallDI.pdf,1
2017-18,South Dakota State,winter,70,South Dakota State,Summit,FCS,197.5,114.5,83.0,https://dxbhsrqyrr690.cloudfront.net/sidearm.nextgen.sites/nacda.com/documents/2018/7/18/April26overallDI.pdf,1
2017-18,Oregon State,winter,71,Oregon State,Pac 12,FBS,190.0,165.0,25.0,https://dxbhsrqyrr690.cloudfront.net/sidearm.nextgen.sites/nacda.com/documents/2018/7/18/April26overallDI.pdf,1
2017-18,Washington State,winter,72,Washington State,Pac 12,FBS,189.0,0.0,189.0,https://dxbhsrqyrr690.cloudfront.net/sidearm.nextgen.sites/nacda.com/documents/2018/7/18/April26overallDI.pdf,1
2017-18,UConn,winter,73,UConn,American,FBS,183.0,83.0,100.0,https://dxbhsrqyrr690.cloudfront.net/sidearm.nextgen.sites/nacda.com/documents/2018/7/18/April26overallDI.pdf,1
2017-18,Cornell,winter,74,Cornell,Ivy League,FCS,182.5,182.5,0.0,https://dxbhsrqyrr690.cloudfront.net/sidearm.nextgen.sites/nacda.com/documents/2018/7/18/April26overallDI.pdf,1
2017-18,Dartmouth,winter,75,Dartmouth,Ivy League,FCS,180.0,85.0,95.0,https://dxbhsrqyrr690.cloudfront.net/sidearm.nextgen.sites/nacda.com/documents/2018/7/18/April26overallDI.pdf,1
2017-18,Eastern Michigan,winter,76,Eastern Michigan,MAC,FBS,178.0,97.5,80.5,https://dxbhsrqyrr690.cloudfront.net/sidearm.nextgen.sites/nacda.com/documents/2018/7/18/April26overallDI.pdf,1
2017-18,Utah State,winter,77,Utah State,Mountain West,FBS,177.0,43.5,133.5,https://dxbhsrqyrr690.cloudfront.net/sidearm.nextgen.sites/nacda.com/documents/2018/7/18/April26overallDI.pdf,1
2017-18,Sam Houston State,winter,78,Sam Houston State,Southland,FCS,173.5,90.5,83.0,https://dxbhsrqyrr690.cloudfront.net/sidearm.nextgen.sites/nacda.com/documents/2018/7/18/April26overallDI.pdf,1
2017-18,Furman,winter,79,Furman,SoCon,FCS,173.0,0.0,173.0,https://dxbhsrqyrr690.cloudfront.net/sidearm.nextgen.sites/nacda.com/documents/2018/7/18/April26overallDI.pdf,1
2017-18,Providence,winter,80,Providence,Big East,DI,170.0,111.5,58.5,https://dxbhsrqyrr690.cloudfront.net/sidearm.nextgen.sites/nacda.com/documents/2018/7/18/April26overallDI.pdf,1
2017-18,Ole Miss,winter,81,Ole Miss,SEC,FBS,168.5,38.5,130.0,https://dxbhsrqyrr690.cloudfront.net/sidearm.nextgen.sites/nacda.com/documents/2018/7/18/April26overallDI.pdf,1
2017-18,Pittsburgh,winter,82,Pittsburgh,ACC,FBS,167.0,89.0,78.0,https://dxbhsrqyrr690.cloudfront.net/sidearm.nextgen.sites/nacda.com/documents/2018/7/18/April26overallDI.pdf,1
2017-18,Central Michigan,winter,83,Central Michigan,MAC,FBS,163.5,138.5,25.0,https://dxbhsrqyrr690.cloudfront.net/sidearm.nextgen.sites/nacda.com/documents/2018/7/18/April26overallDI.pdf,1
2017-18,Kansas State,winter,84,Kansas State,Big 12,FBS,163.0,118.0,45.0,https://dxbhsrqyrr690.cloudfront.net/sidearm.nextgen.sites/nacda.com/documents/2018/7/18/April26overallDI.pdf,1
2017-18,Wyoming,winter,85,Wyoming,Mountain West,FBS,158.0,113.0,45.0,https://dxbhsrqyrr690.cloudfront.net/sidearm.nextgen.sites/nacda.com/documents/2018/7/18/April26overallDI.pdf,1
2017-18,Navy,winter,85,Navy,Patriot,FBS,158.0,70.0,88.0,https://dxbhsrqyrr690.cloudfront.net/sidearm.nextgen.sites/nacda.com/documents/2018/7/18/April26overallDI.pdf,1
2017-18,Colgate,winter,87,Colgate,Patriot,FCS,154.0,90.0,64.0,https://dxbhsrqyrr690.cloudfront.net/sidearm.nextgen.sites/nacda.com/documents/2018/7/18/April26overallDI.pdf,1
2017-18,Northern Iowa,winter,88,Northern Iowa,Missouri Valley,FCS,152.5,49.5,103.0,https://dxbhsrqyrr690.cloudfront.net/sidearm.nextgen.sites/nacda.com/documents/2018/7/18/April26overallDI.pdf,1
2017-18,Vanderbilt,winter,89,Vanderbilt,SEC,FBS,150.0,100.0,50.0,https://dxbhsrqyrr690.cloudfront.net/sidearm.nextgen.sites/nacda.com/documents/2018/7/18/April26overallDI.pdf,1
2017-18,Houston,winter,90,Houston,American,FBS,147.0,122.0,25.0,https://dxbhsrqyrr690.cloudfront.net/sidearm.nextgen.sites/nacda.com/documents/2018/7/18/April26overallDI.pdf,1
2017-18,Rutgers,winter,91,Rutgers,Big Ten,FBS,143.0,93.0,50.0,https://dxbhsrqyrr690.cloudfront.net/sidearm.nextgen.sites/nacda.com/documents/2018/7/18/April26overallDI.pdf,1
2017-18,SMU,winter,92,SMU,American,FBS,142.0,25.0,117.0,https://dxbhsrqyrr690.cloudfront.net/sidearm.nextgen.sites/nacda.com/documents/2018/7/18/April26overallDI.pdf,1
2017-18,San Francisco,winter,93,San Francisco,WCC,DI,140.0,0.0,140.0,https://dxbhsrqyrr690.cloudfront.net/sidearm.nextgen.sites/nacda.com/documents/2018/7/18/April26overallDI.pdf,1
2017-18,Butler,winter,94,Butler,Big East,FCS,139.0,50.0,89.0,https://dxbhsrqyrr690.cloudfront.net/sidearm.nextgen.sites/nacda.com/documents/2018/7/18/April26overallDI.pdf,1
2017-18,North Carolina A&T,winter,94,North Carolina A&T,MEAC,FCS,139.0,94.0,45.0,https://dxbhsrqyrr690.cloudfront.net/sidearm.nextgen.sites/nacda.com/documents/2018/7/18/April26overallDI.pdf,1
2017-18,Stony Brook,winter,96,Stony Brook,America East,FCS,136.5,0.0,136.5,https://dxbhsrqyrr690.cloudfront.net/sidearm.nextgen.sites/nacda.com/documents/2018/7/18/April26overallDI.pdf,1
2017-18,Cincinnati,winter,96,Cincinnati,American,FBS,136.5,136.5,0.0,https://dxbhsrqyrr690.cloudfront.net/sidearm.nextgen.sites/nacda.com/documents/2018/7/18/April26overallDI.pdf,1
2017-18,Georgetown,winter,96,Georgetown,Big East,FCS,136.5,0.0,136.5,https://dxbhsrqyrr690.cloudfront.net/sidearm.nextgen.sites/nacda.com/documents/2018/7/18/April26overallDI.pdf,1
2017-18,Texas Tech,winter,99,Texas Tech,Big 12,FBS,134.0,109.0,25.0,https://dxbhsrqyrr690.cloudfront.net/sidearm.nextgen.sites/nacda.com/documents/2018/7/18/April26overallDI.pdf,1
2017-18,San Diego State,winter,100,San Diego State,Mountain West,FBS,131.0,81.0,50.0,https://dxbhsrqyrr690.cloudfront.net/sidearm.nextgen.sites/nacda.com/documents/2018/7/18/April26overallDI.pdf,1
2017-18,Murray State,winter,101,Murray State,OVC,FCS,130.0,105.0,25.0,https://dxbhsrqyrr690.cloudfront.net/sidearm.nextgen.sites/nacda.com/documents/2018/7/18/April26overallDI.pdf,1
2017-18,South Florida,winter,102,South Florida,American,FBS,128.0,25.0,103.0,https://dxbhsrqyrr690.cloudfront.net/sidearm.nextgen.sites/nacda.com/documents/2018/7/18/April26overallDI.pdf,1
2017-18,North Dakota State,winter,102,North Dakota State,Summit,FCS,128.0,28.0,100.0,https://dxbhsrqyrr690.cloudfront.net/sidearm.nextgen.sites/nacda.com/documents/2018/7/18/April26overallDI.pdf,1
2017-18,Creighton,winter,104,Creighton,Big East,DI,125.0,75.0,50.0,https://dxbhsrqyrr690.cloudfront.net/sidearm.nextgen.sites/nacda.com/documents/2018/7/18/April26overallDI.pdf,2
2017-18,Pennsylvania,winter,105,Pennsylvania,Ivy League,FCS,124.5,124.5,0.0,https://dxbhsrqyrr690.cloudfront.net/sidearm.nextgen.sites/nacda.com/documents/2018/7/18/April26overallDI.pdf,2
2017-18,South Dakota,winter,105,South Dakota,Summit,FCS,124.5,43.5,81.0,https://dxbhsrqyrr690.cloudfront.net/sidearm.nextgen.sites/nacda.com/documents/2018/7/18/April26overallDI.pdf,2
2017-18,Wichita State,winter,107,Wichita State,American,DI,118.5,68.5,50.0,https://dxbhsrqyrr690.cloudfront.net/sidearm.nextgen.sites/nacda.com/documents/2018/7/18/April26overallDI.pdf,2
2017-18,Miami (OH),winter,108,Miami (OH),MAC,FBS,117.0,39.0,78.0,https://dxbhsrqyrr690.cloudfront.net/sidearm.nextgen.sites/nacda.com/documents/2018/7/18/April26overallDI.pdf,2
2017-18,Kent State,winter,109,Kent State,MAC,FBS,116.5,116.5,0.0,https://dxbhsrqyrr690.cloudfront.net/sidearm.nextgen.sites/nacda.com/documents/2018/7/18/April26overallDI.pdf,2
2017-18,James Madison,winter,110,James Madison,CAA,FCS,115.0,0.0,115.0,https://dxbhsrqyrr690.cloudfront.net/sidearm.nextgen.sites/nacda.com/documents/2018/7/18/April26overallDI.pdf,2
2017-18,Buffalo,winter,111,Buffalo,MAC,FBS,114.0,114.0,0.0,https://dxbhsrqyrr690.cloudfront.net/sidearm.nextgen.sites/nacda.com/documents/2018/7/18/April26overallDI.pdf,2
2017-18,Nevada,winter,111,Nevada,Mountain West,FBS,114.0,114.0,0.0,https://dxbhsrqyrr690.cloudfront.net/sidearm.nextgen.sites/nacda.com/documents/2018/7/18/April26overallDI.pdf,2
2017-18,Boston University,winter,113,Boston University,Patriot,DI,113.0,60.0,53.0,https://dxbhsrqyrr690.cloudfront.net/sidearm.nextgen.sites/nacda.com/documents/2018/7/18/April26overallDI.pdf,2
2017-18,Army West Point,winter,114,Army West Point,Patriot,FBS,110.5,32.0,78.5,https://dxbhsrqyrr690.cloudfront.net/sidearm.nextgen.sites/nacda.com/documents/2018/7/18/April26overallDI.pdf,2
2017-18,Boston College,winter,115,Boston College,ACC,FBS,108.0,83.0,25.0,https://dxbhsrqyrr690.cloudfront.net/sidearm.nextgen.sites/nacda.com/documents/2018/7/18/April26overallDI.pdf,2
2017-18,Florida International,winter,116,Florida International,Conference USA,FBS,107.0,32.0,75.0,https://dxbhsrqyrr690.cloudfront.net/sidearm.nextgen.sites/nacda.com/documents/2018/7/18/April26overallDI.pdf,2
2017-18,Pacific,winter,117,Pacific,WCC,DI,105.0,0.0,105.0,https://dxbhsrqyrr690.cloudfront.net/sidearm.nextgen.sites/nacda.com/documents/2018/7/18/April26overallDI.pdf,2
2017-18,Hawaii,winter,118,Hawaii,Big West,FBS,104.0,79.0,25.0,https://dxbhsrqyrr690.cloudfront.net/sidearm.nextgen.sites/nacda.com/documents/2018/7/18/April26overallDI.pdf,2
2017-18,Central Arkansas,winter,119,Central Arkansas,Southland,FCS,103.0,0.0,103.0,https://dxbhsrqyrr690.cloudfront.net/sidearm.nextgen.sites/nacda.com/documents/2018/7/18/April26overallDI.pdf,2
2017-18,San Diego,winter,119,San Diego,WCC,FCS,103.0,0.0,103.0,https://dxbhsrqyrr690.cloudfront.net/sidearm.nextgen.sites/nacda.com/documents/2018/7/18/April26overallDI.pdf,2
2017-18,Western Kentucky,winter,121,Western Kentucky,Conference USA,FBS,100.0,25.0,75.0,https://dxbhsrqyrr690.cloudfront.net/sidearm.nextgen.sites/nacda.com/documents/2018/7/18/April26overallDI.pdf,2
2017-18,UCF,winter,122,UCF,American,FBS,97.0,0.0,97.0,https://dxbhsrqyrr690.cloudfront.net/sidearm.nextgen.sites/nacda.com/documents/2018/7/18/April26overallDI.pdf,2
2017-18,George Washington,winter,123,George Washington,Atlantic 10,DI,96.5,71.5,25.0,https://dxbhsrqyrr690.cloudfront.net/sidearm.nextgen.sites/nacda.com/documents/2018/7/18/April26overallDI.pdf,2
2017-18,Middle Tennessee State,winter,124,Middle Tennessee State,Conference USA,FBS,96.0,0.0,96.0,https://dxbhsrqyrr690.cloudfront.net/sidearm.nextgen.sites/nacda.com/documents/2018/7/18/April26overallDI.pdf,2
2017-18,Kennesaw State,winter,125,Kennesaw State,Atlantic Sun,FCS,95.0,0.0,95.0,https://dxbhsrqyrr690.cloudfront.net/sidearm.nextgen.sites/nacda.com/documents/2018/7/18/April26overallDI.pdf,2
2017-18,Marshall,winter,125,Marshall,Conference USA,FBS,95.0,50.0,45.0,https://dxbhsrqyrr690.cloudfront.net/sidearm.nextgen.sites/nacda.com/documents/2018/7/18/April26overallDI.pdf,2
2017-18,Campbell,winter,127,Campbell,Big South,FCS,93.0,59.5,33.5,https://dxbhsrqyrr690.cloudfront.net/sidearm.nextgen.sites/nacda.com/documents/2018/7/18/April26overallDI.pdf,2
2017-18,Yale,winter,128,Yale,Ivy League,FCS,91.0,63.0,28.0,https://dxbhsrqyrr690.cloudfront.net/sidearm.nextgen.sites/nacda.com/documents/2018/7/18/April26overallDI.pdf,2
2017-18,Temple,winter,129,Temple,American,FBS,90.0,45.0,45.0,https://dxbhsrqyrr690.cloudfront.net/sidearm.nextgen.sites/nacda.com/documents/2018/7/18/April26overallDI.pdf,2
2017-18,Portland,winter,129,Portland,WCC,DI,90.0,0.0,90.0,https://dxbhsrqyrr690.cloudfront.net/sidearm.nextgen.sites/nacda.com/documents/2018/7/18/April26overallDI.pdf,2
2017-18,Iona,winter,131,Iona,MAAC,DI,89.5,25.0,64.5,https://dxbhsrqyrr690.cloudfront.net/sidearm.nextgen.sites/nacda.com/documents/2018/7/18/April26overallDI.pdf,2
2017-18,Coastal Carolina,winter,132,Coastal Carolina,Sun Belt,FBS,89.0,0.0,89.0,https://dxbhsrqyrr690.cloudfront.net/sidearm.nextgen.sites/nacda.com/documents/2018/7/18/April26overallDI.pdf,2
2017-18,Gonzaga,winter,132,Gonzaga,WCC,DI,89.0,89.0,0.0,https://dxbhsrqyrr690.cloudfront.net/sidearm.nextgen.sites/nacda.com/documents/2018/7/18/April26overallDI.pdf,2
2017-18,Lehigh,winter,134,Lehigh,Patriot,FCS,85.0,60.0,25.0,https://dxbhsrqyrr690.cloudfront.net/sidearm.nextgen.sites/nacda.com/documents/2018/7/18/April26overallDI.pdf,2
2017-18,Loyola Chicago,winter,135,Loyola Chicago,Missouri Valley,DI,83.0,83.0,0.0,https://dxbhsrqyrr690.cloudfront.net/sidearm.nextgen.sites/nacda.com/documents/2018/7/18/April26overallDI.pdf,2
2017-18,Eastern Kentucky,winter,136,Eastern Kentucky,OVC,FCS,77.0,26.0,51.0,https://dxbhsrqyrr690.cloudfront.net/sidearm.nextgen.sites/nacda.com/documents/2018/7/18/April26overallDI.pdf,2
2017-18,Arkansas State,winter,137,Arkansas State,Sun Belt,FBS,76.0,51.0,25.0,https://dxbhsrqyrr690.cloudfront.net/sidearm.nextgen.sites/nacda.com/documents/2018/7/18/April26overallDI.pdf,2
2017-18,Vermont,winter,138,Vermont,America East,DI,75.0,75.0,0.0,https://dxbhsrqyrr690.cloudfront.net/sidearm.nextgen.sites/nacda.com/documents/2018/7/18/April26overallDI.pdf,2
2017-18,VCU,winter,138,VCU,Atlantic 10,DI,75.0,0.0,75.0,https://dxbhsrqyrr690.cloudfront.net/sidearm.nextgen.sites/nacda.com/documents/2018/7/18/April26overallDI.pdf,2
2017-18,Florida Gulf Coast,winter,138,Florida Gulf Coast,Atlantic Sun,DI,75.0,50.0,25.0,https://dxbhsrqyrr690.cloudfront.net/sidearm.nextgen.sites/nacda.com/documents/2018/7/18/April26overallDI.pdf,2
2017-18,Marquette,winter,138,Marquette,Big East,DI,75.0,50.0,25.0,https://dxbhsrqyrr690.cloudfront.net/sidearm.nextgen.sites/nacda.com/documents/2018/7/18/April26overallDI.pdf,2
2017-18,Cal State Fullerton,winter,138,Cal State Fullerton,Big West,DI,75.0,25.0,50.0,https://dxbhsrqyrr690.cloudfront.net/sidearm.nextgen.sites/nacda.com/documents/2018/7/18/April26overallDI.pdf,2
2017-18,Fairfield,winter,138,Fairfield,MAAC,DI,75.0,0.0,75.0,https://dxbhsrqyrr690.cloudfront.net/sidearm.nextgen.sites/nacda.com/documents/2018/7/18/April26overallDI.pdf,2
2017-18,Saint Francis (PA),winter,138,Saint Francis (PA),Northeast,FCS,75.0,50.0,25.0,https://dxbhsrqyrr690.cloudfront.net/sidearm.nextgen.sites/nacda.com/documents/2018/7/18/April26overallDI.pdf,2
2017-18,Seattle,winter,138,Seattle,WAC,DI,75.0,25.0,50.0,https://dxbhsrqyrr690.cloudfront.net/sidearm.nextgen.sites/nacda.com/documents/2018/7/18/April26overallDI.pdf,2
2017-18,Tennessee Tech,winter,146,Tennessee Tech,OVC,FCS,73.5,73.5,0.0,https://dxbhsrqyrr690.cloudfront.net/sidearm.nextgen.sites/nacda.com/documents/2018/7/18/April26overallDI.pdf,2
2017-18,Fordham,winter,147,Fordham,Atlantic 10,FCS,73.0,0.0,73.0,https://dxbhsrqyrr690.cloudfront.net/sidearm.nextgen.sites/nacda.com/documents/2018/7/18/April26overallDI.pdf,2
2017-18,St. John's (NY),winter,148,St. John's (NY),Big East,DI,72.0,72.0,0.0,https://dxbhsrqyrr690.cloudfront.net/sidearm.nextgen.sites/nacda.com/documents/2018/7/18/April26overallDI.pdf,2
2017-18,Montana State,winter,148,Montana State,Big Sky,FCS,72.0,72.0,0.0,https://dxbhsrqyrr690.cloudfront.net/sidearm.nextgen.sites/nacda.com/documents/2018/7/18/April26overallDI.pdf,2
2017-18,Old Dominion,winter,148,Old Dominion,Conference USA,FBS,72.0,22.0,50.0,https://dxbhsrqyrr690.cloudfront.net/sidearm.nextgen.sites/nacda.com/documents/2018/7/18/April26overallDI.pdf,2
2017-18,Bucknell,winter,148,Bucknell,Patriot,FCS,72.0,47.0,25.0,https://dxbhsrqyrr690.cloudfront.net/sidearm.nextgen.sites/nacda.com/documents/2018/7/18/April26overallDI.pdf,2
2017-18,Hofstra,winter,152,Hofstra,CAA,DI,70.5,45.5,25.0,https://dxbhsrqyrr690.cloudfront.net/sidearm.nextgen.sites/nacda.com/documents/2018/7/18/April26overallDI.pdf,2
2017-18,Weber State,winter,153,Weber State,Big Sky,FCS,70.0,0.0,70.0,https://dxbhsrqyrr690.cloudfront.net/sidearm.nextgen.sites/nacda.com/documents/2018/7/18/April26overallDI.pdf,2
2017-18,Wofford,winter,153,Wofford,SoCon,FCS,70.0,0.0,70.0,https://dxbhsrqyrr690.cloudfront.net/sidearm.nextgen.sites/nacda.com/documents/2018/7/18/April26overallDI.pdf,2
2017-18,Georgia State,winter,153,Georgia State,Sun Belt,FBS,70.0,25.0,45.0,https://dxbhsrqyrr690.cloudfront.net/sidearm.nextgen.sites/nacda.com/documents/2018/7/18/April26overallDI.pdf,2
2017-18,New Mexico State,winter,153,New Mexico State,WAC,FBS,70.0,25.0,45.0,https://dxbhsrqyrr690.cloudfront.net/sidearm.nextgen.sites/nacda.com/documents/2018/7/18/April26overallDI.pdf,2
2017-18,Northern Illinois,winter,157,Northern Illinois,MAC,FBS,67.0,42.0,25.0,https://dxbhsrqyrr690.cloudfront.net/sidearm.nextgen.sites/nacda.com/documents/2018/7/18/April26overallDI.pdf,2
2017-18,Appalachian State,winter,157,Appalachian State,Sun Belt,FBS,67.0,22.0,45.0,https://dxbhsrqyrr690.cloudfront.net/sidearm.nextgen.sites/nacda.com/documents/2018/7/18/April26overallDI.pdf,2
2017-18,Cal State Bakersfield,winter,159,Cal State Bakersfield,WAC,DI,66.0,41.0,25.0,https://dxbhsrqyrr690.cloudfront.net/sidearm.nextgen.sites/nacda.com/documents/2018/7/18/April26overallDI.pdf,2
2017-18,American,winter,160,American,Patriot,DI,65.5,40.5,25.0,https://dxbhsrqyrr690.cloudfront.net/sidearm.nextgen.sites/nacda.com/documents/2018/7/18/April26overallDI.pdf,2
2017-18,Samford,winter,161,Samford,SoCon,FCS,65.0,12.0,53.0,https://dxbhsrqyrr690.cloudfront.net/sidearm.nextgen.sites/nacda.com/documents/2018/7/18/April26overallDI.pdf,2
2017-18,Western Michigan,winter,162,Western Michigan,MAC,FBS,64.0,0.0,64.0,https://dxbhsrqyrr690.cloudfront.net/sidearm.nextgen.sites/nacda.com/documents/2018/7/18/April26overallDI.pdf,2
2017-18,Santa Clara,winter,162,Santa Clara,WCC,DI,64.0,0.0,64.0,https://dxbhsrqyrr690.cloudfront.net/sidearm.nextgen.sites/nacda.com/documents/2018/7/18/April26overallDI.pdf,2
2017-18,Cal Poly,winter,164,Cal Poly,Big West,FCS,61.0,11.0,50.0,https://dxbhsrqyrr690.cloudfront.net/sidearm.nextgen.sites/nacda.com/documents/2018/7/18/April26overallDI.pdf,2
2017-18,Northern Colorado,winter,165,Northern Colorado,Big Sky,FCS,60.5,60.5,0.0,https://dxbhsrqyrr690.cloudfront.net/sidearm.nextgen.sites/nacda.com/documents/2018/7/18/April26overallDI.pdf,2
2017-18,Liberty,winter,166,Liberty,Big South,FCS,56.0,56.0,0.0,https://dxbhsrqyrr690.cloudfront.net/sidearm.nextgen.sites/nacda.com/documents/2018/7/18/April26overallDI.pdf,2
2017-18,Fresno State,winter,166,Fresno State,Mountain West,FBS,56.0,11.0,45.0,https://dxbhsrqyrr690.cloudfront.net/sidearm.nextgen.sites/nacda.com/documents/2018/7/18/April26overallDI.pdf,2
2017-18,Utah Valley,winter,168,Utah Valley,WAC,DI,55.5,30.5,25.0,https://dxbhsrqyrr690.cloudfront.net/sidearm.nextgen.sites/nacda.com/documents/2018/7/18/April26overallDI.pdf,2
2017-18,Saint Joseph's,winter,169,Saint Joseph's,Atlantic 10,DI,53.0,0.0,53.0,https://dxbhsrqyrr690.cloudfront.net/sidearm.nextgen.sites/nacda.com/documents/2018/7/18/April26overallDI.pdf,2
2017-18,Delaware,winter,169,Delaware,CAA,FCS,53.0,0.0,53.0,https://dxbhsrqyrr690.cloudfront.net/sidearm.nextgen.sites/nacda.com/documents/2018/7/18/April26overallDI.pdf,2
2017-18,Jacksonville State,winter,169,Jacksonville State,OVC,FCS,53.0,0.0,53.0,https://dxbhsrqyrr690.cloudfront.net/sidearm.nextgen.sites/nacda.com/documents/2018/7/18/April26overallDI.pdf,2
2017-18,UTEP,winter,172,UTEP,Conference USA,FBS,51.0,51.0,0.0,https://dxbhsrqyrr690.cloudfront.net/sidearm.nextgen.sites/nacda.com/documents/2018/7/18/April26overallDI.pdf,2
2017-18,Albany,winter,173,Albany,America East,FCS,50.0,0.0,50.0,https://dxbhsrqyrr690.cloudfront.net/sidearm.nextgen.sites/nacda.com/documents/2018/7/18/April26overallDI.pdf,2
2017-18,UMBC,winter,173,UMBC,America East,DI,50.0,50.0,0.0,https://dxbhsrqyrr690.cloudfront.net/sidearm.nextgen.sites/nacda.com/documents/2018/7/18/April26overallDI.pdf,2
2017-18,Memphis,winter,173,Memphis,American,FBS,50.0,0.0,50.0,https://dxbhsrqyrr690.cloudfront.net/sidearm.nextgen.sites/nacda.com/documents/2018/7/18/April26overallDI.pdf,2
2017-18,Rhode Island,winter,173,Rhode Island,Atlantic 10,FCS,50.0,50.0,0.0,https://dxbhsrqyrr690.cloudfront.net/sidearm.nextgen.sites/nacda.com/documents/2018/7/18/April26overallDI.pdf,2
2017-18,Lipscomb,winter,173,Lipscomb,Atlantic Sun,DI,50.0,25.0,25.0,https://dxbhsrqyrr690.cloudfront.net/sidearm.nextgen.sites/nacda.com/documents/2018/7/18/April26overallDI.pdf,2
2017-18,DePaul,winter,173,DePaul,Big East,DI,50.0,50.0,0.0,https://dxbhsrqyrr690.cloudfront.net/sidearm.nextgen.sites/nacda.com/documents/2018/7/18/April26overallDI.pdf,2
2017-18,Seton Hall,winter,173,Seton Hall,Big East,DI,50.0,50.0,0.0,https://dxbhsrqyrr690.cloudfront.net/sidearm.nextgen.sites/nacda.com/documents/2018/7/18/April26overallDI.pdf,2
2017-18,Xavier,winter,173,Xavier,Big East,DI,50.0,50.0,0.0,https://dxbhsrqyrr690.cloudfront.net/sidearm.nextgen.sites/nacda.com/documents/2018/7/18/April26overallDI.pdf,2
2017-18,High Point,winter,173,High Point,Big South,DI,50.0,0.0,50.0,https://dxbhsrqyrr690.cloudfront.net/sidearm.nextgen.sites/nacda.com/documents/2018/7/18/April26overallDI.pdf,2
2017-18,Radford,winter,173,Radford,Big South,DI,50.0,25.0,25.0,https://dxbhsrqyrr690.cloudfront.net/sidearm.nextgen.sites/nacda.com/documents/2018/7/18/April26overallDI.pdf,2
2017-18,College of Charleston,winter,173,College of Charleston,CAA,DI,50.0,25.0,25.0,https://dxbhsrqyrr690.cloudfront.net/sidearm.nextgen.sites/nacda.com/documents/2018/7/18/April26overallDI.pdf,2
2017-18,Elon,winter,173,Elon,CAA,FCS,50.0,25.0,25.0,https://dxbhsrqyrr690.cloudfront.net/sidearm.nextgen.sites/nacda.com/documents/2018/7/18/April26overallDI.pdf,2
2017-18,North Carolina Wilmington,winter,173,North Carolina Wilmington,CAA,DI,50.0,0.0,50.0,https://dxbhsrqyrr690.cloudfront.net/sidearm.nextgen.sites/nacda.com/documents/2018/7/18/April26overallDI.pdf,2
2017-18,Northeastern,winter,173,Northeastern,CAA,DI,50.0,50.0,0.0,https://dxbhsrqyrr690.cloudfront.net/sidearm.nextgen.sites/nacda.com/documents/2018/7/18/April26overallDI.pdf,2
2017-18,North Texas,winter,173,North Texas,Conference USA,FBS,50.0,0.0,50.0,https://dxbhsrqyrr690.cloudfront.net/sidearm.nextgen.sites/nacda.com/documents/2018/7/18/April26overallDI.pdf,2
2017-18,Monmouth,winter,173,Monmouth,MAAC,FCS,50.0,0.0,50.0,https://dxbhsrqyrr690.cloudfront.net/sidearm.nextgen.sites/nacda.com/documents/2018/7/18/April26overallDI.pdf,2
2017-18,Quinnipiac,winter,173,Quinnipiac,MAAC,DI,50.0,50.0,0.0,https://dxbhsrqyrr690.cloudfront.net/sidearm.nextgen.sites/nacda.com/documents/2018/7/18/April26overallDI.pdf,2
2017-18,Toledo,winter,173,Toledo,MAC,FBS,50.0,0.0,50.0,https://dxbhsrqyrr690.cloudfront.net/sidearm.nextgen.sites/nacda.com/documents/2018/7/18/April26overallDI.pdf,2
2017-18,Missouri State,winter,173,Missouri State,Missouri Valley,FCS,50.0,0.0,50.0,https://dxbhsrqyrr690.cloudfront.net/sidearm.nextgen.sites/nacda.com/documents/2018/7/18/April26overallDI.pdf,2
2017-18,Mercer,winter,173,Mercer,SoCon,FCS,50.0,25.0,25.0,https://dxbhsrqyrr690.cloudfront.net/sidearm.nextgen.sites/nacda.com/documents/2018/7/18/April26overallDI.pdf,2
2017-18,North Carolina Greensboro,winter,173,North Carolina Greensboro,SoCon,DI,50.0,25.0,25.0,https://dxbhsrqyrr690.cloudfront.net/sidearm.nextgen.sites/nacda.com/documents/2018/7/18/April26overallDI.pdf,2
2017-18,Nicholls State,winter,173,Nicholls State,Southland,FCS,50.0,25.0,25.0,https://dxbhsrqyrr690.cloudfront.net/sidearm.nextgen.sites/nacda.com/documents/2018/7/18/April26overallDI.pdf,2
2017-18,Texas State,winter,173,Texas State,Sun Belt,FBS,50.0,16.5,33.5,https://dxbhsrqyrr690.cloudfront.net/sidearm.nextgen.sites/nacda.com/documents/2018/7/18/April26overallDI.pdf,2
2017-18,Alabama State,winter,173,Alabama State,SWAC,FCS,50.0,0.0,50.0,https://dxbhsrqyrr690.cloudfront.net/sidearm.nextgen.sites/nacda.com/documents/2018/7/18/April26overallDI.pdf,2
2017-18,Grambling State,winter,173,Grambling State,SWAC,FCS,50.0,25.0,25.0,https://dxbhsrqyrr690.cloudfront.net/sidearm.nextgen.sites/nacda.com/documents/2018/7/18/April26overallDI.pdf,2
2017-18,Pepperdine,winter,173,Pepperdine,WCC,DI,50.0,0.0,50.0,https://dxbhsrqyrr690.cloudfront.net/sidearm.nextgen.sites/nacda.com/documents/2018/7/18/April26overallDI.pdf,2
2017-18,Florida Atlantic,winter,199,Florida Atlantic,Conference USA,FBS,45.0,0.0,45.0,https://dxbhsrqyrr690.cloudfront.net/sidearm.nextgen.sites/nacda.com/documents/2018/7/18/April26overallDI.pdf,2
2017-18,Louisiana Tech,winter,199,Louisiana Tech,Conference USA,FBS,45.0,0.0,45.0,https://dxbhsrqyrr690.cloudfront.net/sidearm.nextgen.sites/nacda.com/documents/2018/7/18/April26overallDI.pdf,2
2017-18,Southern Mississippi,winter,199,Southern Mississippi,Conference USA,FBS,45.0,20.0,25.0,https://dxbhsrqyrr690.cloudfront.net/sidearm.nextgen.sites/nacda.com/documents/2018/7/18/April26overallDI.pdf,2
2017-18,Ohio,winter,199,Ohio,MAC,FBS,45.0,0.0,45.0,https://dxbhsrqyrr690.cloudfront.net/sidearm.nextgen.sites/nacda.com/documents/2018/7/18/April26overallDI.pdf,2
2017-18,Troy,winter,199,Troy,Sun Belt,FBS,45.0,0.0,45.0,https://dxbhsrqyrr690.cloudfront.net/sidearm.nextgen.sites/nacda.com/documents/2018/7/18/April26overallDI.pdf,2
2017-18,Louisiana Monroe,winter,204,Louisiana Monroe,Sun Belt,FBS,43.5,43.5,0.0,https://dxbhsrqyrr690.cloudfront.net/sidearm.nextgen.sites/nacda.com/documents/2018/7/18/April26overallDI.pdf,2
2017-18,Towson,winter,205,Towson,CAA,FCS,43.0,43.0,0.0,https://dxbhsrqyrr690.cloudfront.net/sidearm.nextgen.sites/nacda.com/documents/2018/7/18/April26overallDI.pdf,2
2017-18,NJIT,winter,206,NJIT,Atlantic Sun,DI,42.0,42.0,0.0,https://dxbhsrqyrr690.cloudfront.net/sidearm.nextgen.sites/nacda.com/documents/2018/7/18/April26overallDI.pdf,2
2017-18,Brown,winter,206,Brown,Ivy League,FCS,42.0,42.0,0.0,https://dxbhsrqyrr690.cloudfront.net/sidearm.nextgen.sites/nacda.com/documents/2018/7/18/April26overallDI.pdf,3
2017-18,Drexel,winter,208,Drexel,CAA,DI,39.0,39.0,0.0,https://dxbhsrqyrr690.cloudfront.net/sidearm.nextgen.sites/nacda.com/documents/2018/7/18/April26overallDI.pdf,3
2017-18,Grand Canyon,winter,209,Grand Canyon,WAC,DI,36.0,36.0,0.0,https://dxbhsrqyrr690.cloudfront.net/sidearm.nextgen.sites/nacda.com/documents/2018/7/18/April26overallDI.pdf,3
2017-18,South Carolina State,winter,210,South Carolina State,MEAC,FCS,35.5,35.5,0.0,https://dxbhsrqyrr690.cloudfront.net/sidearm.nextgen.sites/nacda.com/documents/2018/7/18/April26overallDI.pdf,3
2017-18,Incarnate Word,winter,211,Incarnate Word,Southland,FCS,34.0,34.0,0.0,https://dxbhsrqyrr690.cloudfront.net/sidearm.nextgen.sites/nacda.com/documents/2018/7/18/April26overallDI.pdf,3
2017-18,Tulsa,winter,212,Tulsa,American,FBS,33.5,0.0,33.5,https://dxbhsrqyrr690.cloudfront.net/sidearm.nextgen.sites/nacda.com/documents/2018/7/18/April26overallDI.pdf,3
2017-18,McNeese State,winter,212,McNeese State,Southland,FCS,33.5,0.0,33.5,https://dxbhsrqyrr690.cloudfront.net/sidearm.nextgen.sites/nacda.com/documents/2018/7/18/April26overallDI.pdf,3
2017-18,Sacred Heart,winter,214,Sacred Heart,Northeast,FCS,32.0,32.0,0.0,https://dxbhsrqyrr690.cloudfront.net/sidearm.nextgen.sites/nacda.com/documents/2018/7/18/April26overallDI.pdf,3
2017-18,Fairleigh Dickinson,winter,215,Fairleigh Dickinson,Northeast,DI,30.0,30.0,0.0,https://dxbhsrqyrr690.cloudfront.net/sidearm.nextgen.sites/nacda.com/documents/2018/7/18/April26overallDI.pdf,3
2017-18,LIU Brooklyn,winter,215,LIU Brooklyn,Northeast,DI,30.0,5.0,25.0,https://dxbhsrqyrr690.cloudfront.net/sidearm.nextgen.sites/nacda.com/documents/2018/7/18/April26overallDI.pdf,3
2017-18,Georgia Tech,winter,217,Georgia Tech,ACC,FBS,28.0,0.0,28.0,https://dxbhsrqyrr690.cloudfront.net/sidearm.nextgen.sites/nacda.com/documents/2018/7/18/April26overallDI.pdf,3
2017-18,Rider,winter,217,Rider,MAAC,DI,28.0,28.0,0.0,https://dxbhsrqyrr690.cloudfront.net/sidearm.nextgen.sites/nacda.com/documents/2018/7/18/April26overallDI.pdf,3
2017-18,Abilene Christian,winter,217,Abilene Christian,Southland,FCS,28.0,0.0,28.0,https://dxbhsrqyrr690.cloudfront.net/sidearm.nextgen.sites/nacda.com/documents/2018/7/18/April26overallDI.pdf,3
2017-18,Youngstown State,winter,220,Youngstown State,Horizon League,FCS,26.0,26.0,0.0,https://dxbhsrqyrr690.cloudfront.net/sidearm.nextgen.sites/nacda.com/documents/2018/7/18/April26overallDI.pdf,3
2017-18,Tennessee Chattanooga,winter,221,Tennessee Chattanooga,SoCon,FCS,25.5,25.5,0.0,https://dxbhsrqyrr690.cloudfront.net/sidearm.nextgen.sites/nacda.com/documents/2018/7/18/April26overallDI.pdf,3
2017-18,Maine,winter,222,Maine,America East,FCS,25.0,25.0,0.0,https://dxbhsrqyrr690.cloudfront.net/sidearm.nextgen.sites/nacda.com/documents/2018/7/18/April26overallDI.pdf,3
2017-18,Davidson,winter,222,Davidson,Atlantic 10,FCS,25.0,25.0,0.0,https://dxbhsrqyrr690.cloudfront.net/sidearm.nextgen.sites/nacda.com/documents/2018/7/18/April26overallDI.pdf,3
2017-18,Dayton,winter,222,Dayton,Atlantic 10,FCS,25.0,25.0,0.0,https://dxbhsrqyrr690.cloudfront.net/sidearm.nextgen.sites/nacda.com/documents/2018/7/18/April26overallDI.pdf,3
2017-18,La Salle,winter,222,La Salle,Atlantic 10,DI,25.0,0.0,25.0,https://dxbhsrqyrr690.cloudfront.net/sidearm.nextgen.sites/nacda.com/documents/2018/7/18/April26overallDI.pdf,3
2017-18,Massachusetts,winter,222,Massachusetts,Atlantic 10,FBS,25.0,0.0,25.0,https://dxbhsrqyrr690.cloudfront.net/sidearm.nextgen.sites/nacda.com/documents/2018/7/18/April26overallDI.pdf,3
2017-18,St. Bonaventure,winter,222,St. Bonaventure,Atlantic 10,DI,25.0,25.0,0.0,https://dxbhsrqyrr690.cloudfront.net/sidearm.nextgen.sites/nacda.com/documents/2018/7/18/April26overallDI.pdf,3
2017-18,Eastern Washington,winter,222,Eastern Washington,Big Sky,FCS,25.0,0.0,25.0,https://dxbhsrqyrr690.cloudfront.net/sidearm.nextgen.sites/nacda.com/documents/2018/7/18/April26overallDI.pdf,3
2017-18,Montana,winter,222,Montana,Big Sky,FCS,25.0,25.0,0.0,https://dxbhsrqyrr690.cloudfront.net/sidearm.nextgen.sites/nacda.com/documents/2018/7/18/April26overallDI.pdf,3
2017-18,North Dakota,winter,222,North Dakota,Big Sky,FCS,25.0,0.0,25.0,https://dxbhsrqyrr690.cloudfront.net/sidearm.nextgen.sites/nacda.com/documents/2018/7/18/April26overallDI.pdf,3
2017-18,Presbyterian College,winter,222,Presbyterian College,Big South,FCS,25.0,0.0,25.0,https://dxbhsrqyrr690.cloudfront.net/sidearm.nextgen.sites/nacda.com/documents/2018/7/18/April26overallDI.pdf,3
2017-18,Cal State Northridge,winter,222,Cal State Northridge,Big West,DI,25.0,25.0,0.0,https://dxbhsrqyrr690.cloudfront.net/sidearm.nextgen.sites/nacda.com/documents/2018/7/18/April26overallDI.pdf,3
2017-18,UC Davis,winter,222,UC Davis,Big West,FCS,25.0,0.0,25.0,https://dxbhsrqyrr690.cloudfront.net/sidearm.nextgen.sites/nacda.com/documents/2018/7/18/April26overallDI.pdf,3
2017-18,William & Mary,winter,222,William & Mary,CAA,FCS,25.0,0.0,25.0,https://dxbhsrqyrr690.cloudfront.net/sidearm.nextgen.sites/nacda.com/documents/2018/7/18/April26overallDI.pdf,3
2017-18,Rice,winter,222,Rice,Conference USA,FBS,25.0,0.0,25.0,https://dxbhsrqyrr690.cloudfront.net/sidearm.nextgen.sites/nacda.com/documents/2018/7/18/April26overallDI.pdf,3
2017-18,UAB,winter,222,UAB,Conference USA,FBS,25.0,0.0,25.0,https://dxbhsrqyrr690.cloudfront.net/sidearm.nextgen.sites/nacda.com/documents/2018/7/18/April26overallDI.pdf,3
2017-18,Cleveland State,winter,222,Cleveland State,Horizon League,DI,25.0,0.0,25.0,https://dxbhsrqyrr690.cloudfront.net/sidearm.nextgen.sites/nacda.com/documents/2018/7/18/April26overallDI.pdf,3
2017-18,Illinois Chicago,winter,222,Illinois Chicago,Horizon League,DI,25.0,0.0,25.0,https://dxbhsrqyrr690.cloudfront.net/sidearm.nextgen.sites/nacda.com/documents/2018/7/18/April26overallDI.pdf,3
2017-18,IUPUI,winter,222,IUPUI,Horizon League,DI,25.0,0.0,25.0,https://dxbhsrqyrr690.cloudfront.net/sidearm.nextgen.sites/nacda.com/documents/2018/7/18/April26overallDI.pdf,3
2017-18,Wisconsin Green Bay,winter,222,Wisconsin Green Bay,Horizon League,DI,25.0,25.0,0.0,https://dxbhsrqyrr690.cloudfront.net/sidearm.nextgen.sites/nacda.com/documents/2018/7/18/April26overallDI.pdf,3
2017-18,Wright State,winter,222,Wright State,Horizon League,DI,25.0,25.0,0.0,https://dxbhsrqyrr690.cloudfront.net/sidearm.nextgen.sites/nacda.com/documents/2018/7/18/April26overallDI.pdf,3
2017-18,Howard,winter,222,Howard,MEAC,FCS,25.0,0.0,25.0,https://dxbhsrqyrr690.cloudfront.net/sidearm.nextgen.sites/nacda.com/documents/2018/7/18/April26overallDI.pdf,3
2017-18,Drake,winter,222,Drake,Missouri Valley,FCS,25.0,25.0,0.0,https://dxbhsrqyrr690.cloudfront.net/sidearm.nextgen.sites/nacda.com/documents/2018/7/18/April26overallDI.pdf,3
2017-18,Central Connecticut State,winter,222,Central Connecticut State,Northeast,FCS,25.0,0.0,25.0,https://dxbhsrqyrr690.cloudfront.net/sidearm.nextgen.sites/nacda.com/documents/2018/7/18/April26overallDI.pdf,3
2017-18,St. Francis (NY),winter,222,St. Francis (NY),Northeast,DI,25.0,0.0,25.0,https://dxbhsrqyrr690.cloudfront.net/sidearm.nextgen.sites/nacda.com/documents/2018/7/18/April26overallDI.pdf,3
2017-18,Austin Peay State,winter,222,Austin Peay State,OVC,FCS,25.0,0.0,25.0,https://dxbhsrqyrr690.cloudfront.net/sidearm.nextgen.sites/nacda.com/documents/2018/7/18/April26overallDI.pdf,3
2017-18,Belmont,winter,222,Belmont,OVC,DI,25.0,25.0,0.0,https://dxbhsrqyrr690.cloudfront.net/sidearm.nextgen.sites/nacda.com/documents/2018/7/18/April26overallDI.pdf,3
2017-18,East Tennessee State,winter,222,East Tennessee State,SoCon,FCS,25.0,0.0,25.0,https://dxbhsrqyrr690.cloudfront.net/sidearm.nextgen.sites/nacda.com/documents/2018/7/18/April26overallDI.pdf,3
2017-18,Lamar,winter,222,Lamar,Southland,FCS,25.0,0.0,25.0,https://dxbhsrqyrr690.cloudfront.net/sidearm.nextgen.sites/nacda.com/documents/2018/7/18/April26overallDI.pdf,3
2017-18,Stephen F. Austin,winter,222,Stephen F. Austin,Southland,FCS,25.0,25.0,0.0,https://dxbhsrqyrr690.cloudfront.net/sidearm.nextgen.sites/nacda.com/documents/2018/7/18/April26overallDI.pdf,3
2017-18,Nebraska Omaha,winter,222,Nebraska Omaha,Summit,DI,25.0,0.0,25.0,https://dxbhsrqyrr690.cloudfront.net/sidearm.nextgen.sites/nacda.com/documents/2018/7/18/April26overallDI.pdf,3
2017-18,Western Illinois,winter,222,Western Illinois,Summit,FCS,25.0,0.0,25.0,https://dxbhsrqyrr690.cloudfront.net/sidearm.nextgen.sites/nacda.com/documents/2018/7/18/April26overallDI.pdf,3
2017-18,Arkansas Little Rock,winter,222,Arkansas Little Rock,Sun Belt,DI,25.0,25.0,0.0,https://dxbhsrqyrr690.cloudfront.net/sidearm.nextgen.sites/nacda.com/documents/2018/7/18/April26overallDI.pdf,3
2017-18,South Alabama,winter,222,South Alabama,Sun Belt,FBS,25.0,0.0,25.0,https://dxbhsrqyrr690.cloudfront.net/sidearm.nextgen.sites/nacda.com/documents/2018/7/18/April26overallDI.pdf,4
2017-18,Texas Southern,winter,222,Texas Southern,SWAC,FCS,25.0,25.0,0.0,https://dxbhsrqyrr690.cloudfront.net/sidearm.nextgen.sites/nacda.com/documents/2018/7/18/April26overallDI.pdf,4
2017-18,George Mason,winter,256,George Mason,Atlantic 10,DI,15.5,15.5,0.0,https://dxbhsrqyrr690.cloudfront.net/sidearm.nextgen.sites/nacda.com/documents/2018/7/18/April26overallDI.pdf,4
2017-18,Binghamton,winter,257,Binghamton,America East,DI,11.0,11.0,0.0,https://dxbhsrqyrr690.cloudfront.net/sidearm.nextgen.sites/nacda.com/documents/2018/7/18/April26overallDI.pdf,4
2017-18,North Carolina Central,winter,258,North Carolina Central,MEAC,FCS,5.0,5.0,0.0,https://dxbhsrqyrr690.cloudfront.net/sidearm.nextgen.sites/nacda.com/documents/2018/7/18/April26overallDI.pdf,4
2018-19,Stanford,fall,1,Stanford,Pac 12,FBS,541.0,541.0,541.0,https://dxbhsrqyrr690.cloudfront.net/sidearm.nextgen.sites/nacda.com/documents/2019/1/9/JAN10Overall.pdf,1
2018-19,Michigan,fall,2,Michigan,Big Ten,FBS,380.5,380.5,380.5,https://dxbhsrqyrr690.cloudfront.net/sidearm.nextgen.sites/nacda.com/documents/2019/1/9/JAN10Overall.pdf,1
2018-19,Penn State,fall,3,Penn State,Big Ten,FBS,337.0,337.0,337.0,https://dxbhsrqyrr690.cloudfront.net/sidearm.nextgen.sites/nacda.com/documents/2019/1/9/JAN10Overall.pdf,1
2018-19,Wisconsin,fall,4,Wisconsin,Big Ten,FBS,320.0,320.0,320.0,https://dxbhsrqyrr690.cloudfront.net/sidearm.nextgen.sites/nacda.com/documents/2019/1/9/JAN10Overall.pdf,1
2018-19,BYU,fall,5,BYU,WCC,FBS,315.0,315.0,315.0,https://dxbhsrqyrr690.cloudfront.net/sidearm.nextgen.sites/nacda.com/documents/2019/1/9/JAN10Overall.pdf,1
2018-19,Wake Forest,fall,6,Wake Forest,ACC,FBS,311.0,311.0,311.0,https://dxbhsrqyrr690.cloudfront.net/sidearm.nextgen.sites/nacda.com/documents/2019/1/9/JAN10Overall.pdf,1
2018-19,Duke,fall,7,Duke,ACC,FBS,296.0,296.0,296.0,https://dxbhsrqyrr690.cloudfront.net/sidearm.nextgen.sites/nacda.com/documents/2019/1/9/JAN10Overall.pdf,1
2018-19,Washington,fall,8,Washington,Pac 12,FBS,294.5,294.5,294.5,https://dxbhsrqyrr690.cloudfront.net/sidearm.nextgen.sites/nacda.com/documents/2019/1/9/JAN10Overall.pdf,1
2018-19,Notre Dame,fall,9,Notre Dame,ACC,FBS,280.0,280.0,280.0,https://dxbhsrqyrr690.cloudfront.net/sidearm.nextgen.sites/nacda.com/documents/2019/1/9/JAN10Overall.pdf,1
2018-19,North Carolina State,fall,10,North Carolina State,ACC,FBS,268.0,268.0,268.0,https://dxbhsrqyrr690.cloudfront.net/sidearm.nextgen.sites/nacda.com/documents/2019/1/9/JAN10Overall.pdf,1
2018-19,Princeton,fall,11,Princeton,Ivy League,FCS,263.0,263.0,263.0,https://dxbhsrqyrr690.cloudfront.net/sidearm.nextgen.sites/nacda.com/documents/2019/1/9/JAN10Overall.pdf,1
2018-19,Oregon,fall,11,Oregon,Pac 12,FBS,263.0,263.0,263.0,https://dxbhsrqyrr690.cloudfront.net/sidearm.nextgen.sites/nacda.com/documents/2019/1/9/JAN10Overall.pdf,1
2018-19,Texas,fall,13,Texas,Big 12,FBS,257.0,257.0,257.0,https://dxbhsrqyrr690.cloudfront.net/sidearm.nextgen.sites/nacda.com/documents/2019/1/9/JAN10Overall.pdf,1
2018-19,Virginia,fall,14,Virginia,ACC,FBS,253.0,253.0,253.0,https://dxbhsrqyrr690.cloudfront.net/sidearm.nextgen.sites/nacda.com/documents/2019/1/9/JAN10Overall.pdf,1
2018-19,North Carolina,fall,15,North Carolina,ACC,FBS,240.0,240.0,240.0,https://dxbhsrqyrr690.cloudfront.net/sidearm.nextgen.sites/nacda.com/documents/2019/1/9/JAN10Overall.pdf,1
2018-19,Minnesota,fall,16,Minnesota,Big Ten,FBS,231.0,231.0,231.0,https://dxbhsrqyrr690.cloudfront.net/sidearm.nextgen.sites/nacda.com/documents/2019/1/9/JAN10Overall.pdf,1
2018-19,Florida State,fall,17,Florida State,ACC,FBS,216.0,216.0,216.0,https://dxbhsrqyrr690.cloudfront.net/sidearm.nextgen.sites/nacda.com/documents/2019/1/9/JAN10Overall.pdf,1
2018-19,USC,fall,18,USC,Pac 12,FBS,214.0,214.0,214.0,https://dxbhsrqyrr690.cloudfront.net/sidearm.nextgen.sites/nacda.com/documents/2019/1/9/JAN10Overall.pdf,1
2018-19,Syracuse,fall,19,Syracuse,ACC,FBS,208.0,208.0,208.0,https://dxbhsrqyrr690.cloudfront.net/sidearm.nextgen.sites/nacda.com/documents/2019/1/9/JAN10Overall.pdf,1
2018-19,Colorado,fall,20,Colorado,Pac 12,FBS,205.0,205.0,205.0,https://dxbhsrqyrr690.cloudfront.net/sidearm.nextgen.sites/nacda.com/documents/2019/1/9/JAN10Overall.pdf,1
2018-19,Kentucky,fall,21,Kentucky,SEC,FBS,203.0,203.0,203.0,https://dxbhsrqyrr690.cloudfront.net/sidearm.nextgen.sites/nacda.com/documents/2019/1/9/JAN10Overall.pdf,1
2018-19,Portland,fall,22,Portland,WCC,DI,199.5,199.5,199.5,https://dxbhsrqyrr690.cloudfront.net/sidearm.nextgen.sites/nacda.com/documents/2019/1/9/JAN10Overall.pdf,1
2018-19,Indiana,fall,23,Indiana,Big Ten,FBS,196.0,196.0,196.0,https://dxbhsrqyrr690.cloudfront.net/sidearm.nextgen.sites/nacda.com/documents/2019/1/9/JAN10Overall.pdf,1
2018-19,Florida,fall,23,Florida,SEC,FBS,196.0,196.0,196.0,https://dxbhsrqyrr690.cloudfront.net/sidearm.nextgen.sites/nacda.com/documents/2019/1/9/JAN10Overall.pdf,1
2018-19,Boise State,fall,25,Boise State,Mountain West,FBS,191.0,191.0,191.0,https://dxbhsrqyrr690.cloudfront.net/sidearm.nextgen.sites/nacda.com/documents/2019/1/9/JAN10Overall.pdf,1
2018-19,Maryland,fall,26,Maryland,Big Ten,FBS,190.0,190.0,190.0,https://dxbhsrqyrr690.cloudfront.net/sidearm.nextgen.sites/nacda.com/documents/2019/1/9/JAN10Overall.pdf,1
2018-19,Washington State,fall,27,Washington State,Pac 12,FBS,181.5,181.5,181.5,https://dxbhsrqyrr690.cloudfront.net/sidearm.nextgen.sites/nacda.com/documents/2019/1/9/JAN10Overall.pdf,1
2018-19,Virginia Tech,fall,28,Virginia Tech,ACC,FBS,181.0,181.0,181.0,https://dxbhsrqyrr690.cloudfront.net/sidearm.nextgen.sites/nacda.com/documents/2019/1/9/JAN10Overall.pdf,1
2018-19,Texas A&M,fall,29,Texas A&M,SEC,FBS,177.5,177.5,177.5,https://dxbhsrqyrr690.cloudfront.net/sidearm.nextgen.sites/nacda.com/documents/2019/1/9/JAN10Overall.pdf,1
2018-19,Georgetown,fall,30,Georgetown,Big East,FCS,174.0,174.0,174.0,https://dxbhsrqyrr690.cloudfront.net/sidearm.nextgen.sites/nacda.com/documents/2019/1/9/JAN10Overall.pdf,1
2018-19,Michigan State,fall,30,Michigan State,Big Ten,FBS,174.0,174.0,174.0,https://dxbhsrqyrr690.cloudfront.net/sidearm.nextgen.sites/nacda.com/documents/2019/1/9/JAN10Overall.pdf,1
2018-19,Baylor,fall,32,Baylor,Big 12,FBS,168.0,168.0,168.0,https://dxbhsrqyrr690.cloudfront.net/sidearm.nextgen.sites/nacda.com/documents/2019/1/9/JAN10Overall.pdf,1
2018-19,Oklahoma State,fall,33,Oklahoma State,Big 12,FBS,163.0,163.0,163.0,https://dxbhsrqyrr690.cloudfront.net/sidearm.nextgen.sites/nacda.com/documents/2019/1/9/JAN10Overall.pdf,1
2018-19,Arkansas,fall,34,Arkansas,SEC,FBS,160.5,160.5,160.5,https://dxbhsrqyrr690.cloudfront.net/sidearm.nextgen.sites/nacda.com/documents/2019/1/9/JAN10Overall.pdf,1
2018-19,Ole Miss,fall,35,Ole Miss,SEC,FBS,159.0,159.0,159.0,https://dxbhsrqyrr690.cloudfront.net/sidearm.nextgen.sites/nacda.com/documents/2019/1/9/JAN10Overall.pdf,1
2018-19,Iowa State,fall,36,Iowa State,Big 12,FBS,157.0,157.0,157.0,https://dxbhsrqyrr690.cloudfront.net/sidearm.nextgen.sites/nacda.com/documents/2019/1/9/JAN10Overall.pdf,1
2018-19,UCLA,fall,37,UCLA,Pac 12,FBS,153.0,153.0,153.0,https://dxbhsrqyrr690.cloudfront.net/sidearm.nextgen.sites/nacda.com/documents/2019/1/9/JAN10Overall.pdf,1
2018-19,West Virginia,fall,38,West Virginia,Big 12,FBS,152.0,152.0,152.0,https://dxbhsrqyrr690.cloudfront.net/sidearm.nextgen.sites/nacda.com/documents/2019/1/9/JAN10Overall.pdf,1
2018-19,Tennessee,fall,39,Tennessee,SEC,FBS,150.0,150.0,150.0,https://dxbhsrqyrr690.cloudfront.net/sidearm.nextgen.sites/nacda.com/documents/2019/1/9/JAN10Overall.pdf,1
2018-19,Air Force,fall,40,Air Force,Mountain West,FBS,146.0,146.0,146.0,https://dxbhsrqyrr690.cloudfront.net/sidearm.nextgen.sites/nacda.com/documents/2019/1/9/JAN10Overall.pdf,1
2018-19,UCF,fall,41,UCF,American,FBS,139.5,139.5,139.5,https://dxbhsrqyrr690.cloudfront.net/sidearm.nextgen.sites/nacda.com/documents/2019/1/9/JAN10Overall.pdf,1
2018-19,Furman,fall,42,Furman,SoCon,FCS,128.0,128.0,128.0,https://dxbhsrqyrr690.cloudfront.net/sidearm.nextgen.sites/nacda.com/documents/2019/1/9/JAN10Overall.pdf,1
2018-19,James Madison,fall,43,James Madison,CAA,FCS,126.0,126.0,126.0,https://dxbhsrqyrr690.cloudfront.net/sidearm.nextgen.sites/nacda.com/documents/2019/1/9/JAN10Overall.pdf,1
2018-19,Clemson,fall,44,Clemson,ACC,FBS,125.0,125.0,125.0,https://dxbhsrqyrr690.cloudfront.net/sidearm.nextgen.sites/nacda.com/documents/2019/1/9/JAN10Overall.pdf,1
2018-19,Louisville,fall,44,Louisville,ACC,FBS,125.0,125.0,125.0,https://dxbhsrqyrr690.cloudfront.net/sidearm.nextgen.sites/nacda.com/documents/2019/1/9/JAN10Overall.pdf,1
2018-19,Northern Arizona,fall,44,Northern Arizona,Big Sky,FCS,125.0,125.0,125.0,https://dxbhsrqyrr690.cloudfront.net/sidearm.nextgen.sites/nacda.com/documents/2019/1/9/JAN10Overall.pdf,1
2018-19,South Carolina,fall,44,South Carolina,SEC,FBS,125.0,125.0,125.0,https://dxbhsrqyrr690.cloudfront.net/sidearm.nextgen.sites/nacda.com/documents/2019/1/9/JAN10Overall.pdf,1
2018-19,LSU,fall,48,LSU,SEC,FBS,122.0,122.0,122.0,https://dxbhsrqyrr690.cloudfront.net/sidearm.nextgen.sites/nacda.com/documents/2019/1/9/JAN10Overall.pdf,1
2018-19,UConn,fall,49,UConn,American,FBS,120.0,120.0,120.0,https://dxbhsrqyrr690.cloudfront.net/sidearm.nextgen.sites/nacda.com/documents/2019/1/9/JAN10Overall.pdf,1
2018-19,Purdue,fall,49,Purdue,Big Ten,FBS,120.0,120.0,120.0,https://dxbhsrqyrr690.cloudfront.net/sidearm.nextgen.sites/nacda.com/documents/2019/1/9/JAN10Overall.pdf,1
2018-19,Colgate,fall,49,Colgate,Patriot,FCS,120.0,120.0,120.0,https://dxbhsrqyrr690.cloudfront.net/sidearm.nextgen.sites/nacda.com/documents/2019/1/9/JAN10Overall.pdf,1
2018-19,Lipscomb,fall,52,Lipscomb,Atlantic Sun,DI,114.0,114.0,114.0,https://dxbhsrqyrr690.cloudfront.net/sidearm.nextgen.sites/nacda.com/documents/2019/1/9/JAN10Overall.pdf,1
2018-19,Illinois,fall,53,Illinois,Big Ten,FBS,111.0,111.0,111.0,https://dxbhsrqyrr690.cloudfront.net/sidearm.nextgen.sites/nacda.com/documents/2019/1/9/JAN10Overall.pdf,1
2018-19,Ohio State,fall,54,Ohio State,Big Ten,FBS,110.0,110.0,110.0,https://dxbhsrqyrr690.cloudfront.net/sidearm.nextgen.sites/nacda.com/documents/2019/1/9/JAN10Overall.pdf,1
2018-19,Northwestern,fall,55,Northwestern,Big Ten,FBS,108.0,108.0,108.0,https://dxbhsrqyrr690.cloudfront.net/sidearm.nextgen.sites/nacda.com/documents/2019/1/9/JAN10Overall.pdf,1
2018-19,Southern Utah,fall,56,Southern Utah,Big Sky,FCS,102.0,102.0,102.0,https://dxbhsrqyrr690.cloudfront.net/sidearm.nextgen.sites/nacda.com/documents/2019/1/9/JAN10Overall.pdf,1
2018-19,Cincinnati,fall,57,Cincinnati,American,FBS,101.0,101.0,101.0,https://dxbhsrqyrr690.cloudfront.net/sidearm.nextgen.sites/nacda.com/documents/2019/1/9/JAN10Overall.pdf,1
2018-19,Villanova,fall,57,Villanova,Big East,FCS,101.0,101.0,101.0,https://dxbhsrqyrr690.cloudfront.net/sidearm.nextgen.sites/nacda.com/documents/2019/1/9/JAN10Overall.pdf,1
2018-19,Denver,fall,59,Denver,Summit,DI,100.0,100.0,100.0,https://dxbhsrqyrr690.cloudfront.net/sidearm.nextgen.sites/nacda.com/documents/2019/1/9/JAN10Overall.pdf,1
2018-19,North Dakota State,fall,59,North Dakota State,Summit,FCS,100.0,100.0,100.0,https://dxbhsrqyrr690.cloudfront.net/sidearm.nextgen.sites/nacda.com/documents/2019/1/9/JAN10Overall.pdf,1
2018-19,Iona,fall,61,Iona,MAAC,DI,99.0,99.0,99.0,https://dxbhsrqyrr690.cloudfront.net/sidearm.nextgen.sites/nacda.com/documents/2019/1/9/JAN10Overall.pdf,1
2018-19,Georgia,fall,62,Georgia,SEC,FBS,98.5,98.5,98.5,https://dxbhsrqyrr690.cloudfront.net/sidearm.nextgen.sites/nacda.com/documents/2019/1/9/JAN10Overall.pdf,1
2018-19,Georgia Tech,fall,63,Georgia Tech,ACC,FBS,98.0,98.0,98.0,https://dxbhsrqyrr690.cloudfront.net/sidearm.nextgen.sites/nacda.com/documents/2019/1/9/JAN10Overall.pdf,1
2018-19,Iowa,fall,63,Iowa,Big Ten,FBS,98.0,98.0,98.0,https://dxbhsrqyrr690.cloudfront.net/sidearm.nextgen.sites/nacda.com/documents/2019/1/9/JAN10Overall.pdf,1
2018-19,Oregon State,fall,65,Oregon State,Pac 12,FBS,97.0,97.0,97.0,https://dxbhsrqyrr690.cloudfront.net/sidearm.nextgen.sites/nacda.com/documents/2019/1/9/JAN10Overall.pdf,1
2018-19,TCU,fall,66,TCU,Big 12,FBS,95.0,95.0,95.0,https://dxbhsrqyrr690.cloudfront.net/sidearm.nextgen.sites/nacda.com/documents/2019/1/9/JAN10Overall.pdf,1
2018-19,Colorado State,fall,67,Colorado State,Mountain West,FBS,94.0,94.0,94.0,https://dxbhsrqyrr690.cloudfront.net/sidearm.nextgen.sites/nacda.com/documents/2019/1/9/JAN10Overall.pdf,1
2018-19,Eastern Washington,fall,68,Eastern Washington,Big Sky,FCS,90.0,90.0,90.0,https://dxbhsrqyrr690.cloudfront.net/sidearm.nextgen.sites/nacda.com/documents/2019/1/9/JAN10Overall.pdf,1
2018-19,Nebraska,fall,68,Nebraska,Big Ten,FBS,90.0,90.0,90.0,https://dxbhsrqyrr690.cloudfront.net/sidearm.nextgen.sites/nacda.com/documents/2019/1/9/JAN10Overall.pdf,1
2018-19,Akron,fall,68,Akron,MAC,FBS,90.0,90.0,90.0,https://dxbhsrqyrr690.cloudfront.net/sidearm.nextgen.sites/nacda.com/documents/2019/1/9/JAN10Overall.pdf,1
2018-19,New Mexico,fall,68,New Mexico,Mountain West,FBS,90.0,90.0,90.0,https://dxbhsrqyrr690.cloudfront.net/sidearm.nextgen.sites/nacda.com/documents/2019/1/9/JAN10Overall.pdf,1
2018-19,Alabama,fall,68,Alabama,SEC,FBS,90.0,90.0,90.0,https://dxbhsrqyrr690.cloudfront.net/sidearm.nextgen.sites/nacda.com/documents/2019/1/9/JAN10Overall.pdf,1
2018-19,San Diego,fall,73,San Diego,WCC,FCS,89.0,89.0,89.0,https://dxbhsrqyrr690.cloudfront.net/sidearm.nextgen.sites/nacda.com/documents/2019/1/9/JAN10Overall.pdf,1
2018-19,St. Mary's College of California,fall,73,St. Mary's College of California,WCC,DI,89.0,89.0,89.0,https://dxbhsrqyrr690.cloudfront.net/sidearm.nextgen.sites/nacda.com/documents/2019/1/9/JAN10Overall.pdf,1
2018-19,Maine,fall,75,Maine,America East,FCS,83.0,83.0,83.0,https://dxbhsrqyrr690.cloudfront.net/sidearm.nextgen.sites/nacda.com/documents/2019/1/9/JAN10Overall.pdf,1
2018-19,South Dakota State,fall,75,South Dakota State,Summit,FCS,83.0,83.0,83.0,https://dxbhsrqyrr690.cloudfront.net/sidearm.nextgen.sites/nacda.com/documents/2019/1/9/JAN10Overall.pdf,1
2018-19,Army West Point,fall,77,Army West Point,Patriot,FBS,81.0,81.0,81.0,https://dxbhsrqyrr690.cloudfront.net/sidearm.nextgen.sites/nacda.com/documents/2019/1/9/JAN10Overall.pdf,1
2018-19,Oklahoma,fall,78,Oklahoma,Big 12,FBS,80.0,80.0,80.0,https://dxbhsrqyrr690.cloudfront.net/sidearm.nextgen.sites/nacda.com/documents/2019/1/9/JAN10Overall.pdf,1
2018-19,Rice,fall,78,Rice,Conference USA,FBS,80.0,80.0,80.0,https://dxbhsrqyrr690.cloudfront.net/sidearm.nextgen.sites/nacda.com/documents/2019/1/9/JAN10Overall.pdf,1
2018-19,Albany,fall,80,Albany,America East,FCS,78.0,78.0,78.0,https://dxbhsrqyrr690.cloudfront.net/sidearm.nextgen.sites/nacda.com/documents/2019/1/9/JAN10Overall.pdf,1
2018-19,Rutgers,fall,80,Rutgers,Big Ten,FBS,78.0,78.0,78.0,https://dxbhsrqyrr690.cloudfront.net/sidearm.nextgen.sites/nacda.com/documents/2019/1/9/JAN10Overall.pdf,1
2018-19,Northern Iowa,fall,80,Northern Iowa,Missouri Valley,FCS,78.0,78.0,78.0,https://dxbhsrqyrr690.cloudfront.net/sidearm.nextgen.sites/nacda.com/documents/2019/1/9/JAN10Overall.pdf,1
2018-19,Texas State,fall,80,Texas State,Sun Belt,FBS,78.0,78.0,78.0,https://dxbhsrqyrr690.cloudfront.net/sidearm.nextgen.sites/nacda.com/documents/2019/1/9/JAN10Overall.pdf,1
2018-19,North Texas,fall,84,North Texas,Conference USA,FBS,77.0,77.0,77.0,https://dxbhsrqyrr690.cloudfront.net/sidearm.nextgen.sites/nacda.com/documents/2019/1/9/JAN10Overall.pdf,1
2018-19,Pittsburgh,fall,85,Pittsburgh,ACC,FBS,75.0,75.0,75.0,https://dxbhsrqyrr690.cloudfront.net/sidearm.nextgen.sites/nacda.com/documents/2019/1/9/JAN10Overall.pdf,1
2018-19,South Florida,fall,85,South Florida,American,FBS,75.0,75.0,75.0,https://dxbhsrqyrr690.cloudfront.net/sidearm.nextgen.sites/nacda.com/documents/2019/1/9/JAN10Overall.pdf,1
2018-19,Hofstra,fall,85,Hofstra,CAA,DI,75.0,75.0,75.0,https://dxbhsrqyrr690.cloudfront.net/sidearm.nextgen.sites/nacda.com/documents/2019/1/9/JAN10Overall.pdf,1
2018-19,Arizona,fall,85,Arizona,Pac 12,FBS,75.0,75.0,75.0,https://dxbhsrqyrr690.cloudfront.net/sidearm.nextgen.sites/nacda.com/documents/2019/1/9/JAN10Overall.pdf,1
2018-19,Utah,fall,85,Utah,Pac 12,FBS,75.0,75.0,75.0,https://dxbhsrqyrr690.cloudfront.net/sidearm.nextgen.sites/nacda.com/documents/2019/1/9/JAN10Overall.pdf,1
2018-19,Missouri,fall,85,Missouri,SEC,FBS,75.0,75.0,75.0,https://dxbhsrqyrr690.cloudfront.net/sidearm.nextgen.sites/nacda.com/documents/2019/1/9/JAN10Overall.pdf,1
2018-19,Vanderbilt,fall,85,Vanderbilt,SEC,FBS,75.0,75.0,75.0,https://dxbhsrqyrr690.cloudfront.net/sidearm.nextgen.sites/nacda.com/documents/2019/1/9/JAN10Overall.pdf,1
2018-19,Mississippi State,fall,92,Mississippi State,SEC,FBS,74.0,74.0,74.0,https://dxbhsrqyrr690.cloudfront.net/sidearm.nextgen.sites/nacda.com/documents/2019/1/9/JAN10Overall.pdf,1
2018-19,Dartmouth,fall,93,Dartmouth,Ivy League,FCS,71.0,71.0,71.0,https://dxbhsrqyrr690.cloudfront.net/sidearm.nextgen.sites/nacda.com/documents/2019/1/9/JAN10Overall.pdf,1
2018-19,Kennesaw State,fall,94,Kennesaw State,Atlantic Sun,FCS,70.0,70.0,70.0,https://dxbhsrqyrr690.cloudfront.net/sidearm.nextgen.sites/nacda.com/documents/2019/1/9/JAN10Overall.pdf,1
2018-19,Weber State,fall,94,Weber State,Big Sky,FCS,70.0,70.0,70.0,https://dxbhsrqyrr690.cloudfront.net/sidearm.nextgen.sites/nacda.com/documents/2019/1/9/JAN10Overall.pdf,1
2018-19,UC Davis,fall,94,UC Davis,Big West,FCS,70.0,70.0,70.0,https://dxbhsrqyrr690.cloudfront.net/sidearm.nextgen.sites/nacda.com/documents/2019/1/9/JAN10Overall.pdf,1
2018-19,Harvard,fall,94,Harvard,Ivy League,FCS,70.0,70.0,70.0,https://dxbhsrqyrr690.cloudfront.net/sidearm.nextgen.sites/nacda.com/documents/2019/1/9/JAN10Overall.pdf,1
2018-19,Auburn,fall,94,Auburn,SEC,FBS,70.0,70.0,70.0,https://dxbhsrqyrr690.cloudfront.net/sidearm.nextgen.sites/nacda.com/documents/2019/1/9/JAN10Overall.pdf,1
2018-19,Marquette,fall,99,Marquette,Big East,DI,64.0,64.0,64.0,https://dxbhsrqyrr690.cloudfront.net/sidearm.nextgen.sites/nacda.com/documents/2019/1/9/JAN10Overall.pdf,1
2018-19,Wyoming,fall,99,Wyoming,Mountain West,FBS,64.5,64.5,64.5,https://dxbhsrqyrr690.cloudfront.net/sidearm.nextgen.sites/nacda.com/documents/2019/1/9/JAN10Overall.pdf,1
2018-19,Eastern Kentucky,fall,100,Eastern Kentucky,OVC,FCS,58.5,58.5,58.5,https://dxbhsrqyrr690.cloudfront.net/sidearm.nextgen.sites/nacda.com/documents/2019/1/9/JAN10Overall.pdf,1
2018-19,Columbia,fall,101,Columbia,Ivy League,FCS,56.0,56.0,56.0,https://dxbhsrqyrr690.cloudfront.net/sidearm.nextgen.sites/nacda.com/documents/2019/1/9/JAN10Overall.pdf,1
2018-19,Fresno State,fall,101,Fresno State,Mountain West,FBS,56.0,56.0,56.0,https://dxbhsrqyrr690.cloudfront.net/sidearm.nextgen.sites/nacda.com/documents/2019/1/9/JAN10Overall.pdf,1
2018-19,Pennsylvania,fall,103,Pennsylvania,Ivy League,FCS,55.0,55.0,55.0,https://dxbhsrqyrr690.cloudfront.net/sidearm.nextgen.sites/nacda.com/documents/2019/1/9/JAN10Overall.pdf,1
2018-19,Temple,fall,104,Temple,American,FBS,53.0,53.0,53.0,https://dxbhsrqyrr690.cloudfront.net/sidearm.nextgen.sites/nacda.com/documents/2019/1/9/JAN10Overall.pdf,2
2018-19,Duquesne,fall,104,Duquesne,Atlantic 10,FCS,53.0,53.0,53.0,https://dxbhsrqyrr690.cloudfront.net/sidearm.nextgen.sites/nacda.com/documents/2019/1/9/JAN10Overall.pdf,2
2018-19,Saint Joseph's,fall,104,Saint Joseph's,Atlantic 10,DI,53.0,53.0,53.0,https://dxbhsrqyrr690.cloudfront.net/sidearm.nextgen.sites/nacda.com/documents/2019/1/9/JAN10Overall.pdf,2
2018-19,Montana State,fall,104,Montana State,Big Sky,FCS,53.0,53.0,53.0,https://dxbhsrqyrr690.cloudfront.net/sidearm.nextgen.sites/nacda.com/documents/2019/1/9/JAN10Overall.pdf,2
2018-19,William & Mary,fall,104,William & Mary,CAA,FCS,53.0,53.0,53.0,https://dxbhsrqyrr690.cloudfront.net/sidearm.nextgen.sites/nacda.com/documents/2019/1/9/JAN10Overall.pdf,2
2018-19,Yale,fall,104,Yale,Ivy League,FCS,53.0,53.0,53.0,https://dxbhsrqyrr690.cloudfront.net/sidearm.nextgen.sites/nacda.com/documents/2019/1/9/JAN10Overall.pdf,2
2018-19,Miami (OH),fall,104,Miami (OH),MAC,FBS,53.0,53.0,53.0,https://dxbhsrqyrr690.cloudfront.net/sidearm.nextgen.sites/nacda.com/documents/2019/1/9/JAN10Overall.pdf,2
2018-19,Utah State,fall,104,Utah State,Mountain West,FBS,53.0,53.0,53.0,https://dxbhsrqyrr690.cloudfront.net/sidearm.nextgen.sites/nacda.com/documents/2019/1/9/JAN10Overall.pdf,2
2018-19,Jacksonville State,fall,104,Jacksonville State,OVC,FCS,53.0,53.0,53.0,https://dxbhsrqyrr690.cloudfront.net/sidearm.nextgen.sites/nacda.com/documents/2019/1/9/JAN10Overall.pdf,2
2018-19,Southeast Missouri State,fall,104,Southeast Missouri State,OVC,FCS,53.0,53.0,53.0,https://dxbhsrqyrr690.cloudfront.net/sidearm.nextgen.sites/nacda.com/documents/2019/1/9/JAN10Overall.pdf,2
2018-19,Wofford,fall,104,Wofford,SoCon,FCS,53.0,53.0,53.0,https://dxbhsrqyrr690.cloudfront.net/sidearm.nextgen.sites/nacda.com/documents/2019/1/9/JAN10Overall.pdf,2
2018-19,Nicholls State,fall,104,Nicholls State,Southland,FCS,53.0,53.0,53.0,https://dxbhsrqyrr690.cloudfront.net/sidearm.nextgen.sites/nacda.com/documents/2019/1/9/JAN10Overall.pdf,2
2018-19,Boston College,fall,115,Boston College,ACC,FBS,50.0,50.0,50.0,https://dxbhsrqyrr690.cloudfront.net/sidearm.nextgen.sites/nacda.com/documents/2019/1/9/JAN10Overall.pdf,2
2018-19,Stony Brook,fall,115,Stony Brook,America East,FCS,50.0,50.0,50.0,https://dxbhsrqyrr690.cloudfront.net/sidearm.nextgen.sites/nacda.com/documents/2019/1/9/JAN10Overall.pdf,2
2018-19,Memphis,fall,115,Memphis,American,FBS,50.0,50.0,50.0,https://dxbhsrqyrr690.cloudfront.net/sidearm.nextgen.sites/nacda.com/documents/2019/1/9/JAN10Overall.pdf,2
2018-19,Florida Gulf Coast,fall,115,Florida Gulf Coast,Atlantic Sun,DI,50.0,50.0,50.0,https://dxbhsrqyrr690.cloudfront.net/sidearm.nextgen.sites/nacda.com/documents/2019/1/9/JAN10Overall.pdf,2
2018-19,Kansas,fall,115,Kansas,Big 12,FBS,50.0,50.0,50.0,https://dxbhsrqyrr690.cloudfront.net/sidearm.nextgen.sites/nacda.com/documents/2019/1/9/JAN10Overall.pdf,2
2018-19,Texas Tech,fall,115,Texas Tech,Big 12,FBS,50.0,50.0,50.0,https://dxbhsrqyrr690.cloudfront.net/sidearm.nextgen.sites/nacda.com/documents/2019/1/9/JAN10Overall.pdf,2
2018-19,Creighton,fall,115,Creighton,Big East,DI,50.0,50.0,50.0,https://dxbhsrqyrr690.cloudfront.net/sidearm.nextgen.sites/nacda.com/documents/2019/1/9/JAN10Overall.pdf,2
2018-19,High Point,fall,115,High Point,Big South,DI,50.0,50.0,50.0,https://dxbhsrqyrr690.cloudfront.net/sidearm.nextgen.sites/nacda.com/documents/2019/1/9/JAN10Overall.pdf,2
2018-19,Hawaii,fall,115,Hawaii,Big West,FBS,50.0,50.0,50.0,https://dxbhsrqyrr690.cloudfront.net/sidearm.nextgen.sites/nacda.com/documents/2019/1/9/JAN10Overall.pdf,2
2018-19,Long Beach State,fall,115,Long Beach State,Big West,DI,50.0,50.0,50.0,https://dxbhsrqyrr690.cloudfront.net/sidearm.nextgen.sites/nacda.com/documents/2019/1/9/JAN10Overall.pdf,2
2018-19,UC Irvine,fall,115,UC Irvine,Big West,DI,50.0,50.0,50.0,https://dxbhsrqyrr690.cloudfront.net/sidearm.nextgen.sites/nacda.com/documents/2019/1/9/JAN10Overall.pdf,2
2018-19,Charlotte,fall,115,Charlotte,Conference USA,FBS,50.0,50.0,50.0,https://dxbhsrqyrr690.cloudfront.net/sidearm.nextgen.sites/nacda.com/documents/2019/1/9/JAN10Overall.pdf,2
2018-19,Monmouth,fall,115,Monmouth,MAAC,FCS,50.0,50.0,50.0,https://dxbhsrqyrr690.cloudfront.net/sidearm.nextgen.sites/nacda.com/documents/2019/1/9/JAN10Overall.pdf,2
2018-19,Eastern Michigan,fall,115,Eastern Michigan,MAC,FBS,50.0,50.0,50.0,https://dxbhsrqyrr690.cloudfront.net/sidearm.nextgen.sites/nacda.com/documents/2019/1/9/JAN10Overall.pdf,2
2018-19,Howard,fall,115,Howard,MEAC,FCS,50.0,50.0,50.0,https://dxbhsrqyrr690.cloudfront.net/sidearm.nextgen.sites/nacda.com/documents/2019/1/9/JAN10Overall.pdf,2
2018-19,Bradley,fall,115,Bradley,Missouri Valley,DI,50.0,50.0,50.0,https://dxbhsrqyrr690.cloudfront.net/sidearm.nextgen.sites/nacda.com/documents/2019/1/9/JAN10Overall.pdf,2
2018-19,Murray State,fall,115,Murray State,OVC,FCS,50.0,50.0,50.0,https://dxbhsrqyrr690.cloudfront.net/sidearm.nextgen.sites/nacda.com/documents/2019/1/9/JAN10Overall.pdf,2
2018-19,Boston University,fall,115,Boston University,Patriot,DI,50.0,50.0,50.0,https://dxbhsrqyrr690.cloudfront.net/sidearm.nextgen.sites/nacda.com/documents/2019/1/9/JAN10Overall.pdf,2
2018-19,East Tennessee State,fall,115,East Tennessee State,SoCon,FCS,50.0,50.0,50.0,https://dxbhsrqyrr690.cloudfront.net/sidearm.nextgen.sites/nacda.com/documents/2019/1/9/JAN10Overall.pdf,2
2018-19,Loyola Marymount,fall,115,Loyola Marymount,WCC,DI,50.0,50.0,50.0,https://dxbhsrqyrr690.cloudfront.net/sidearm.nextgen.sites/nacda.com/documents/2019/1/9/JAN10Overall.pdf,2
2018-19,Pacific,fall,115,Pacific,WCC,DI,50.0,50.0,50.0,https://dxbhsrqyrr690.cloudfront.net/sidearm.nextgen.sites/nacda.com/documents/2019/1/9/JAN10Overall.pdf,2
2018-19,Pepperdine,fall,115,Pepperdine,WCC,DI,50.0,50.0,50.0,https://dxbhsrqyrr690.cloudfront.net/sidearm.nextgen.sites/nacda.com/documents/2019/1/9/JAN10Overall.pdf,2
2018-19,Santa Clara,fall,115,Santa Clara,WCC,DI,50.0,50.0,50.0,https://dxbhsrqyrr690.cloudfront.net/sidearm.nextgen.sites/nacda.com/documents/2019/1/9/JAN10Overall.pdf,2
2018-19,Tulane,fall,138,Tulane,American,FBS,45.0,45.0,45.0,https://dxbhsrqyrr690.cloudfront.net/sidearm.nextgen.sites/nacda.com/documents/2019/1/9/JAN10Overall.pdf,2
2018-19,Florida International,fall,138,Florida International,Conference USA,FBS,45.0,45.0,45.0,https://dxbhsrqyrr690.cloudfront.net/sidearm.nextgen.sites/nacda.com/documents/2019/1/9/JAN10Overall.pdf,2
2018-19,Louisiana Tech,fall,138,Louisiana Tech,Conference USA,FBS,45.0,45.0,45.0,https://dxbhsrqyrr690.cloudfront.net/sidearm.nextgen.sites/nacda.com/documents/2019/1/9/JAN10Overall.pdf,2
2018-19,Marshall,fall,138,Marshall,Conference USA,FBS,45.0,45.0,45.0,https://dxbhsrqyrr690.cloudfront.net/sidearm.nextgen.sites/nacda.com/documents/2019/1/9/JAN10Overall.pdf,2
2018-19,UAB,fall,138,UAB,Conference USA,FBS,45.0,45.0,45.0,https://dxbhsrqyrr690.cloudfront.net/sidearm.nextgen.sites/nacda.com/documents/2019/1/9/JAN10Overall.pdf,2
2018-19,Ohio,fall,138,Ohio,MAC,FBS,45.0,45.0,45.0,https://dxbhsrqyrr690.cloudfront.net/sidearm.nextgen.sites/nacda.com/documents/2019/1/9/JAN10Overall.pdf,2
2018-19,North Carolina A&T,fall,138,North Carolina A&T,MEAC,FCS,45.0,45.0,45.0,https://dxbhsrqyrr690.cloudfront.net/sidearm.nextgen.sites/nacda.com/documents/2019/1/9/JAN10Overall.pdf,2
2018-19,Nevada,fall,138,Nevada,Mountain West,FBS,45.0,45.0,45.0,https://dxbhsrqyrr690.cloudfront.net/sidearm.nextgen.sites/nacda.com/documents/2019/1/9/JAN10Overall.pdf,2
2018-19,Appalachian State,fall,138,Appalachian State,Sun Belt,FBS,45.0,45.0,45.0,https://dxbhsrqyrr690.cloudfront.net/sidearm.nextgen.sites/nacda.com/documents/2019/1/9/JAN10Overall.pdf,2
2018-19,Georgia Southern,fall,138,Georgia Southern,Sun Belt,FBS,45.0,45.0,45.0,https://dxbhsrqyrr690.cloudfront.net/sidearm.nextgen.sites/nacda.com/documents/2019/1/9/JAN10Overall.pdf,2
2018-19,Troy,fall,138,Troy,Sun Belt,FBS,45.0,45.0,45.0,https://dxbhsrqyrr690.cloudfront.net/sidearm.nextgen.sites/nacda.com/documents/2019/1/9/JAN10Overall.pdf,2
2018-19,Tulsa,fall,149,Tulsa,American,FBS,44.0,44.0,44.0,https://dxbhsrqyrr690.cloudfront.net/sidearm.nextgen.sites/nacda.com/documents/2019/1/9/JAN10Overall.pdf,2
2018-19,Cornell,fall,150,Cornell,Ivy League,FCS,28.0,28.0,28.0,https://dxbhsrqyrr690.cloudfront.net/sidearm.nextgen.sites/nacda.com/documents/2019/1/9/JAN10Overall.pdf,2
2018-19,Brown,fall,151,Brown,Ivy League,FCS,27.0,27.0,27.0,https://dxbhsrqyrr690.cloudfront.net/sidearm.nextgen.sites/nacda.com/documents/2019/1/9/JAN10Overall.pdf,2
2018-19,Belmont,fall,151,Belmont,OVC,DI,27.0,27.0,27.0,https://dxbhsrqyrr690.cloudfront.net/sidearm.nextgen.sites/nacda.com/documents/2019/1/9/JAN10Overall.pdf,2
2018-19,Miami (FL),fall,153,Miami (FL),ACC,FBS,25.0,25.0,25.0,https://dxbhsrqyrr690.cloudfront.net/sidearm.nextgen.sites/nacda.com/documents/2019/1/9/JAN10Overall.pdf,2
2018-19,New Hampshire,fall,153,New Hampshire,America East,FCS,25.0,25.0,25.0,https://dxbhsrqyrr690.cloudfront.net/sidearm.nextgen.sites/nacda.com/documents/2019/1/9/JAN10Overall.pdf,2
2018-19,Houston,fall,153,Houston,American,FBS,25.0,25.0,25.0,https://dxbhsrqyrr690.cloudfront.net/sidearm.nextgen.sites/nacda.com/documents/2019/1/9/JAN10Overall.pdf,2
2018-19,Navy,fall,153,Navy,American,DI,25.0,25.0,25.0,https://dxbhsrqyrr690.cloudfront.net/sidearm.nextgen.sites/nacda.com/documents/2019/1/9/JAN10Overall.pdf,2
2018-19,SMU,fall,153,SMU,American,FBS,25.0,25.0,25.0,https://dxbhsrqyrr690.cloudfront.net/sidearm.nextgen.sites/nacda.com/documents/2019/1/9/JAN10Overall.pdf,2
2018-19,Dayton,fall,153,Dayton,Atlantic 10,FCS,25.0,25.0,25.0,https://dxbhsrqyrr690.cloudfront.net/sidearm.nextgen.sites/nacda.com/documents/2019/1/9/JAN10Overall.pdf,2
2018-19,George Washington,fall,153,George Washington,Atlantic 10,DI,25.0,25.0,25.0,https://dxbhsrqyrr690.cloudfront.net/sidearm.nextgen.sites/nacda.com/documents/2019/1/9/JAN10Overall.pdf,2
2018-19,Rhode Island,fall,153,Rhode Island,Atlantic 10,FCS,25.0,25.0,25.0,https://dxbhsrqyrr690.cloudfront.net/sidearm.nextgen.sites/nacda.com/documents/2019/1/9/JAN10Overall.pdf,2
2018-19,Saint Louis,fall,153,Saint Louis,Atlantic 10,DI,25.0,25.0,25.0,https://dxbhsrqyrr690.cloudfront.net/sidearm.nextgen.sites/nacda.com/documents/2019/1/9/JAN10Overall.pdf,2
2018-19,Montana,fall,153,Montana,Big Sky,FCS,25.0,25.0,25.0,https://dxbhsrqyrr690.cloudfront.net/sidearm.nextgen.sites/nacda.com/documents/2019/1/9/JAN10Overall.pdf,2
2018-19,Campbell,fall,153,Campbell,Big South,FCS,25.0,25.0,25.0,https://dxbhsrqyrr690.cloudfront.net/sidearm.nextgen.sites/nacda.com/documents/2019/1/9/JAN10Overall.pdf,2
2018-19,Radford,fall,153,Radford,Big South,DI,25.0,25.0,25.0,https://dxbhsrqyrr690.cloudfront.net/sidearm.nextgen.sites/nacda.com/documents/2019/1/9/JAN10Overall.pdf,2
2018-19,Cal Poly,fall,153,Cal Poly,Big West,FCS,25.0,25.0,25.0,https://dxbhsrqyrr690.cloudfront.net/sidearm.nextgen.sites/nacda.com/documents/2019/1/9/JAN10Overall.pdf,2
2018-19,UC Riverside,fall,153,UC Riverside,Big West,DI,25.0,25.0,25.0,https://dxbhsrqyrr690.cloudfront.net/sidearm.nextgen.sites/nacda.com/documents/2019/1/9/JAN10Overall.pdf,2
2018-19,Delaware,fall,153,Delaware,CAA,FCS,25.0,25.0,25.0,https://dxbhsrqyrr690.cloudfront.net/sidearm.nextgen.sites/nacda.com/documents/2019/1/9/JAN10Overall.pdf,2
2018-19,Elon,fall,153,Elon,CAA,FCS,25.0,25.0,25.0,https://dxbhsrqyrr690.cloudfront.net/sidearm.nextgen.sites/nacda.com/documents/2019/1/9/JAN10Overall.pdf,2
2018-19,North Carolina Wilmington,fall,153,North Carolina Wilmington,CAA,DI,25.0,25.0,25.0,https://dxbhsrqyrr690.cloudfront.net/sidearm.nextgen.sites/nacda.com/documents/2019/1/9/JAN10Overall.pdf,2
2018-19,Towson,fall,153,Towson,CAA,FCS,25.0,25.0,25.0,https://dxbhsrqyrr690.cloudfront.net/sidearm.nextgen.sites/nacda.com/documents/2019/1/9/JAN10Overall.pdf,2
2018-19,Middle Tennessee State,fall,153,Middle Tennessee State,Conference USA,FBS,25.0,25.0,25.0,https://dxbhsrqyrr690.cloudfront.net/sidearm.nextgen.sites/nacda.com/documents/2019/1/9/JAN10Overall.pdf,2
2018-19,Illinois Chicago,fall,153,Illinois Chicago,Horizon League,DI,25.0,25.0,25.0,https://dxbhsrqyrr690.cloudfront.net/sidearm.nextgen.sites/nacda.com/documents/2019/1/9/JAN10Overall.pdf,2
2018-19,Wisconsin Green Bay,fall,153,Wisconsin Green Bay,Horizon League,DI,25.0,25.0,25.0,https://dxbhsrqyrr690.cloudfront.net/sidearm.nextgen.sites/nacda.com/documents/2019/1/9/JAN10Overall.pdf,2
2018-19,Wisconsin Milwaukee,fall,153,Wisconsin Milwaukee,Horizon League,DI,25.0,25.0,25.0,https://dxbhsrqyrr690.cloudfront.net/sidearm.nextgen.sites/nacda.com/documents/2019/1/9/JAN10Overall.pdf,2
2018-19,Rider,fall,153,Rider,MAAC,DI,25.0,25.0,25.0,https://dxbhsrqyrr690.cloudfront.net/sidearm.nextgen.sites/nacda.com/documents/2019/1/9/JAN10Overall.pdf,2
2018-19,Bowling Green,fall,153,Bowling Green,MAC,FBS,25.0,25.0,25.0,https://dxbhsrqyrr690.cloudfront.net/sidearm.nextgen.sites/nacda.com/documents/2019/1/9/JAN10Overall.pdf,2
2018-19,Buffalo,fall,153,Buffalo,MAC,FBS,25.0,25.0,25.0,https://dxbhsrqyrr690.cloudfront.net/sidearm.nextgen.sites/nacda.com/documents/2019/1/9/JAN10Overall.pdf,2
2018-19,Northern Illinois,fall,153,Northern Illinois,MAC,FBS,25.0,25.0,25.0,https://dxbhsrqyrr690.cloudfront.net/sidearm.nextgen.sites/nacda.com/documents/2019/1/9/JAN10Overall.pdf,2
2018-19,Toledo,fall,153,Toledo,MAC,FBS,25.0,25.0,25.0,https://dxbhsrqyrr690.cloudfront.net/sidearm.nextgen.sites/nacda.com/documents/2019/1/9/JAN10Overall.pdf,2
2018-19,Western Michigan,fall,153,Western Michigan,MAC,FBS,25.0,25.0,25.0,https://dxbhsrqyrr690.cloudfront.net/sidearm.nextgen.sites/nacda.com/documents/2019/1/9/JAN10Overall.pdf,2
2018-19,Illinois State,fall,153,Illinois State,Missouri Valley,FCS,25.0,25.0,25.0,https://dxbhsrqyrr690.cloudfront.net/sidearm.nextgen.sites/nacda.com/documents/2019/1/9/JAN10Overall.pdf,2
2018-19,Loyola Chicago,fall,153,Loyola Chicago,Missouri Valley,DI,25.0,25.0,25.0,https://dxbhsrqyrr690.cloudfront.net/sidearm.nextgen.sites/nacda.com/documents/2019/1/9/JAN10Overall.pdf,2
2018-19,San Diego State,fall,153,San Diego State,Mountain West,FBS,25.0,25.0,25.0,https://dxbhsrqyrr690.cloudfront.net/sidearm.nextgen.sites/nacda.com/documents/2019/1/9/JAN10Overall.pdf,2
2018-19,San Jose State,fall,153,San Jose State,Mountain West,FBS,25.0,25.0,25.0,https://dxbhsrqyrr690.cloudfront.net/sidearm.nextgen.sites/nacda.com/documents/2019/1/9/JAN10Overall.pdf,2
2018-19,Bryant,fall,153,Bryant,Northeast,FCS,25.0,25.0,25.0,https://dxbhsrqyrr690.cloudfront.net/sidearm.nextgen.sites/nacda.com/documents/2019/1/9/JAN10Overall.pdf,2
2018-19,Central Connecticut State,fall,153,Central Connecticut State,Northeast,FCS,25.0,25.0,25.0,https://dxbhsrqyrr690.cloudfront.net/sidearm.nextgen.sites/nacda.com/documents/2019/1/9/JAN10Overall.pdf,2
2018-19,LIU Brooklyn,fall,153,LIU Brooklyn,Northeast,DI,25.0,25.0,25.0,https://dxbhsrqyrr690.cloudfront.net/sidearm.nextgen.sites/nacda.com/documents/2019/1/9/JAN10Overall.pdf,2
2018-19,Arizona State,fall,153,Arizona State,Pac 12,FBS,25.0,25.0,25.0,https://dxbhsrqyrr690.cloudfront.net/sidearm.nextgen.sites/nacda.com/documents/2019/1/9/JAN10Overall.pdf,2
2018-19,California,fall,153,California,Pac 12,FBS,25.0,25.0,25.0,https://dxbhsrqyrr690.cloudfront.net/sidearm.nextgen.sites/nacda.com/documents/2019/1/9/JAN10Overall.pdf,2
2018-19,North Carolina Greensboro,fall,153,North Carolina Greensboro,SoCon,DI,25.0,25.0,25.0,https://dxbhsrqyrr690.cloudfront.net/sidearm.nextgen.sites/nacda.com/documents/2019/1/9/JAN10Overall.pdf,2
2018-19,Samford,fall,153,Samford,SoCon,FCS,25.0,25.0,25.0,https://dxbhsrqyrr690.cloudfront.net/sidearm.nextgen.sites/nacda.com/documents/2019/1/9/JAN10Overall.pdf,2
2018-19,Abilene Christian,fall,153,Abilene Christian,Southland,FCS,25.0,25.0,25.0,https://dxbhsrqyrr690.cloudfront.net/sidearm.nextgen.sites/nacda.com/documents/2019/1/9/JAN10Overall.pdf,2
2018-19,Central Arkansas,fall,153,Central Arkansas,Southland,FCS,25.0,25.0,25.0,https://dxbhsrqyrr690.cloudfront.net/sidearm.nextgen.sites/nacda.com/documents/2019/1/9/JAN10Overall.pdf,2
2018-19,Incarnate Word,fall,153,Incarnate Word,Southland,FCS,25.0,25.0,25.0,https://dxbhsrqyrr690.cloudfront.net/sidearm.nextgen.sites/nacda.com/documents/2019/1/9/JAN10Overall.pdf,2
2018-19,Lamar,fall,153,Lamar,Southland,FCS,25.0,25.0,25.0,https://dxbhsrqyrr690.cloudfront.net/sidearm.nextgen.sites/nacda.com/documents/2019/1/9/JAN10Overall.pdf,2
2018-19,Stephen F. Austin,fall,153,Stephen F. Austin,Southland,FCS,25.0,25.0,25.0,https://dxbhsrqyrr690.cloudfront.net/sidearm.nextgen.sites/nacda.com/documents/2019/1/9/JAN10Overall.pdf,2
2018-19,South Dakota,fall,153,South Dakota,Summit,FCS,25.0,25.0,25.0,https://dxbhsrqyrr690.cloudfront.net/sidearm.nextgen.sites/nacda.com/documents/2019/1/9/JAN10Overall.pdf,2
2018-19,Arkansas Little Rock,fall,153,Arkansas Little Rock,Sun Belt,DI,25.0,25.0,25.0,https://dxbhsrqyrr690.cloudfront.net/sidearm.nextgen.sites/nacda.com/documents/2019/1/9/JAN10Overall.pdf,2
2018-19,Arkansas State,fall,153,Arkansas State,Sun Belt,FBS,25.0,25.0,25.0,https://dxbhsrqyrr690.cloudfront.net/sidearm.nextgen.sites/nacda.com/documents/2019/1/9/JAN10Overall.pdf,2
2018-19,Georgia State,fall,153,Georgia State,Sun Belt,FBS,25.0,25.0,25.0,https://dxbhsrqyrr690.cloudfront.net/sidearm.nextgen.sites/nacda.com/documents/2019/1/9/JAN10Overall.pdf,2
2018-19,Louisiana Lafayette,fall,153,Louisiana Lafayette,Sun Belt,FBS,25.0,25.0,25.0,https://dxbhsrqyrr690.cloudfront.net/sidearm.nextgen.sites/nacda.com/documents/2019/1/9/JAN10Overall.pdf,2
2018-19,Alabama State,fall,153,Alabama State,SWAC,FCS,25.0,25.0,25.0,https://dxbhsrqyrr690.cloudfront.net/sidearm.nextgen.sites/nacda.com/documents/2019/1/9/JAN10Overall.pdf,2
2018-19,Alcorn State,fall,153,Alcorn State,SWAC,FCS,25.0,25.0,25.0,https://dxbhsrqyrr690.cloudfront.net/sidearm.nextgen.sites/nacda.com/documents/2019/1/9/JAN10Overall.pdf,2
2018-19,Grand Canyon,fall,153,Grand Canyon,WAC,DI,25.0,25.0,25.0,https://dxbhsrqyrr690.cloudfront.net/sidearm.nextgen.sites/nacda.com/documents/2019/1/9/JAN10Overall.pdf,2
2018-19,New Mexico State,fall,153,New Mexico State,WAC,FBS,25.0,25.0,25.0,https://dxbhsrqyrr690.cloudfront.net/sidearm.nextgen.sites/nacda.com/documents/2019/1/9/JAN10Overall.pdf,2
2018-19,Stanford,winter,1,Stanford,Pac 12,FBS,1158.75,617.75,541.0,https://dxbhsrqyrr690.cloudfront.net/sidearm.nextgen.sites/nacda.com/documents/2019/4/23/April25DIOverall.pdf,1
2018-19,Michigan,winter,2,Michigan,Big Ten,FBS,912.75,532.25,380.5,https://dxbhsrqyrr690.cloudfront.net/sidearm.nextgen.sites/nacda.com/documents/2019/4/23/April25DIOverall.pdf,1
2018-19,Penn State,winter,3,Penn State,Big Ten,FBS,830.5,493.5,337.0,https://dxbhsrqyrr690.cloudfront.net/sidearm.nextgen.sites/nacda.com/documents/2019/4/23/April25DIOverall.pdf,1
2018-19,Wisconsin,winter,4,Wisconsin,Big Ten,FBS,715.5,395.5,320.0,https://dxbhsrqyrr690.cloudfront.net/sidearm.nextgen.sites/nacda.com/documents/2019/4/23/April25DIOverall.pdf,1
2018-19,Minnesota,winter,5,Minnesota,Big Ten,FBS,661.75,430.75,231.0,https://dxbhsrqyrr690.cloudfront.net/sidearm.nextgen.sites/nacda.com/documents/2019/4/23/April25DIOverall.pdf,1
2018-19,Kentucky,winter,5,Kentucky,SEC,FBS,661.75,458.75,203.0,https://dxbhsrqyrr690.cloudfront.net/sidearm.nextgen.sites/nacda.com/documents/2019/4/23/April25DIOverall.pdf,1
2018-19,Ohio State,winter,7,Ohio State,Big Ten,FBS,652.5,542.5,110.0,https://dxbhsrqyrr690.cloudfront.net/sidearm.nextgen.sites/nacda.com/documents/2019/4/23/April25DIOverall.pdf,1
2018-19,Notre Dame,winter,8,Notre Dame,ACC,FBS,622.0,342.0,280.0,https://dxbhsrqyrr690.cloudfront.net/sidearm.nextgen.sites/nacda.com/documents/2019/4/23/April25DIOverall.pdf,1
2018-19,Virginia,winter,9,Virginia,ACC,FBS,621.0,368.0,253.0,https://dxbhsrqyrr690.cloudfront.net/sidearm.nextgen.sites/nacda.com/documents/2019/4/23/April25DIOverall.pdf,1
2018-19,Florida,winter,10,Florida,SEC,FBS,609.75,413.75,196.0,https://dxbhsrqyrr690.cloudfront.net/sidearm.nextgen.sites/nacda.com/documents/2019/4/23/April25DIOverall.pdf,1
2018-19,North Carolina State,winter,11,North Carolina State,ACC,FBS,588.5,320.5,268.0,https://dxbhsrqyrr690.cloudfront.net/sidearm.nextgen.sites/nacda.com/documents/2019/4/23/April25DIOverall.pdf,1
2018-19,Duke,winter,12,Duke,ACC,FBS,580.0,284.0,296.0,https://dxbhsrqyrr690.cloudfront.net/sidearm.nextgen.sites/nacda.com/documents/2019/4/23/April25DIOverall.pdf,1
2018-19,Texas,winter,13,Texas,Big 12,FBS,572.25,315.25,257.0,https://dxbhsrqyrr690.cloudfront.net/sidearm.nextgen.sites/nacda.com/documents/2019/4/23/April25DIOverall.pdf,1
2018-19,Oregon,winter,14,Oregon,Pac 12,FBS,550.5,287.5,263.0,https://dxbhsrqyrr690.cloudfront.net/sidearm.nextgen.sites/nacda.com/documents/2019/4/23/April25DIOverall.pdf,1
2018-19,BYU,winter,15,BYU,WCC,FBS,539.5,224.5,315.0,https://dxbhsrqyrr690.cloudfront.net/sidearm.nextgen.sites/nacda.com/documents/2019/4/23/April25DIOverall.pdf,1
2018-19,Florida State,winter,16,Florida State,ACC,FBS,536.75,320.75,216.0,https://dxbhsrqyrr690.cloudfront.net/sidearm.nextgen.sites/nacda.com/documents/2019/4/23/April25DIOverall.pdf,1
2018-19,Indiana,winter,17,Indiana,Big Ten,FBS,512.0,316.0,196.0,https://dxbhsrqyrr690.cloudfront.net/sidearm.nextgen.sites/nacda.com/documents/2019/4/23/April25DIOverall.pdf,1
2018-19,LSU,winter,18,LSU,SEC,FBS,510.33,388.33,122.0,https://dxbhsrqyrr690.cloudfront.net/sidearm.nextgen.sites/nacda.com/documents/2019/4/23/April25DIOverall.pdf,1
2018-19,Princeton,winter,19,Princeton,Ivy League,FCS,503.5,240.5,263.0,https://dxbhsrqyrr690.cloudfront.net/sidearm.nextgen.sites/nacda.com/documents/2019/4/23/April25DIOverall.pdf,1
2018-19,Texas A&M,winter,20,Texas A&M,SEC,FBS,495.0,317.5,177.5,https://dxbhsrqyrr690.cloudfront.net/sidearm.nextgen.sites/nacda.com/documents/2019/4/23/April25DIOverall.pdf,1
2018-19,North Carolina,winter,21,North Carolina,ACC,FBS,489.5,249.5,240.0,https://dxbhsrqyrr690.cloudfront.net/sidearm.nextgen.sites/nacda.com/documents/2019/4/23/April25DIOverall.pdf,1
2018-19,USC,winter,22,USC,Pac 12,FBS,482.5,268.5,214.0,https://dxbhsrqyrr690.cloudfront.net/sidearm.nextgen.sites/nacda.com/documents/2019/4/23/April25DIOverall.pdf,1
2018-19,Iowa,winter,23,Iowa,Big Ten,FBS,465.0,367.0,98.0,https://dxbhsrqyrr690.cloudfront.net/sidearm.nextgen.sites/nacda.com/documents/2019/4/23/April25DIOverall.pdf,1
2018-19,Nebraska,winter,24,Nebraska,Big Ten,FBS,463.75,373.75,90.0,https://dxbhsrqyrr690.cloudfront.net/sidearm.nextgen.sites/nacda.com/documents/2019/4/23/April25DIOverall.pdf,1
2018-19,Tennessee,winter,25,Tennessee,SEC,FBS,462.75,312.75,150.0,https://dxbhsrqyrr690.cloudfront.net/sidearm.nextgen.sites/nacda.com/documents/2019/4/23/April25DIOverall.pdf,1
2018-19,Arizona State,winter,26,Arizona State,Pac 12,FBS,437.0,412.0,25.0,https://dxbhsrqyrr690.cloudfront.net/sidearm.nextgen.sites/nacda.com/documents/2019/4/23/April25DIOverall.pdf,1
2018-19,Arkansas,winter,27,Arkansas,SEC,FBS,432.5,272.0,160.5,https://dxbhsrqyrr690.cloudfront.net/sidearm.nextgen.sites/nacda.com/documents/2019/4/23/April25DIOverall.pdf,1
2018-19,Virginia Tech,winter,28,Virginia Tech,ACC,FBS,430.33,249.33,181.0,https://dxbhsrqyrr690.cloudfront.net/sidearm.nextgen.sites/nacda.com/documents/2019/4/23/April25DIOverall.pdf,1
2018-19,Louisville,winter,29,Louisville,ACC,FBS,422.5,297.5,125.0,https://dxbhsrqyrr690.cloudfront.net/sidearm.nextgen.sites/nacda.com/documents/2019/4/23/April25DIOverall.pdf,1
2018-19,Washington,winter,30,Washington,Pac 12,FBS,420.0,125.5,294.5,https://dxbhsrqyrr690.cloudfront.net/sidearm.nextgen.sites/nacda.com/documents/2019/4/23/April25DIOverall.pdf,1
2018-19,South Carolina,winter,31,South Carolina,SEC,FBS,411.5,286.5,125.0,https://dxbhsrqyrr690.cloudfront.net/sidearm.nextgen.sites/nacda.com/documents/2019/4/23/April25DIOverall.pdf,1
2018-19,UCLA,winter,32,UCLA,Pac 12,FBS,408.5,255.5,153.0,https://dxbhsrqyrr690.cloudfront.net/sidearm.nextgen.sites/nacda.com/documents/2019/4/23/April25DIOverall.pdf,1
2018-19,Alabama,winter,33,Alabama,SEC,FBS,405.75,315.75,90.0,https://dxbhsrqyrr690.cloudfront.net/sidearm.nextgen.sites/nacda.com/documents/2019/4/23/April25DIOverall.pdf,1
2018-19,Georgia,winter,34,Georgia,SEC,FBS,405.5,307.0,98.5,https://dxbhsrqyrr690.cloudfront.net/sidearm.nextgen.sites/nacda.com/documents/2019/4/23/April25DIOverall.pdf,1
2018-19,Missouri,winter,35,Missouri,SEC,FBS,401.25,326.25,75.0,https://dxbhsrqyrr690.cloudfront.net/sidearm.nextgen.sites/nacda.com/documents/2019/4/23/April25DIOverall.pdf,1
2018-19,Colorado,winter,36,Colorado,Pac 12,FBS,389.0,184.0,205.0,https://dxbhsrqyrr690.cloudfront.net/sidearm.nextgen.sites/nacda.com/documents/2019/4/23/April25DIOverall.pdf,1
2018-19,California,winter,37,California,Pac 12,FBS,388.25,363.25,25.0,https://dxbhsrqyrr690.cloudfront.net/sidearm.nextgen.sites/nacda.com/documents/2019/4/23/April25DIOverall.pdf,1
2018-19,Michigan State,winter,38,Michigan State,Big Ten,FBS,382.5,208.5,174.0,https://dxbhsrqyrr690.cloudfront.net/sidearm.nextgen.sites/nacda.com/documents/2019/4/23/April25DIOverall.pdf,1
2018-19,Maryland,winter,39,Maryland,Big Ten,FBS,380.5,190.5,190.0,https://dxbhsrqyrr690.cloudfront.net/sidearm.nextgen.sites/nacda.com/documents/2019/4/23/April25DIOverall.pdf,1
2018-19,Iowa State,winter,40,Iowa State,Big 12,FBS,370.5,213.5,157.0,https://dxbhsrqyrr690.cloudfront.net/sidearm.nextgen.sites/nacda.com/documents/2019/4/23/April25DIOverall.pdf,1
2018-19,Oklahoma,winter,41,Oklahoma,Big 12,FBS,369.0,289.0,80.0,https://dxbhsrqyrr690.cloudfront.net/sidearm.nextgen.sites/nacda.com/documents/2019/4/23/April25DIOverall.pdf,1
2018-19,Denver,winter,41,Denver,Summit,DI,369.0,269.0,100.0,https://dxbhsrqyrr690.cloudfront.net/sidearm.nextgen.sites/nacda.com/documents/2019/4/23/April25DIOverall.pdf,1
2018-19,Baylor,winter,43,Baylor,Big 12,FBS,360.5,192.5,168.0,https://dxbhsrqyrr690.cloudfront.net/sidearm.nextgen.sites/nacda.com/documents/2019/4/23/April25DIOverall.pdf,1
2018-19,Wake Forest,winter,44,Wake Forest,ACC,FBS,345.5,34.5,311.0,https://dxbhsrqyrr690.cloudfront.net/sidearm.nextgen.sites/nacda.com/documents/2019/4/23/April25DIOverall.pdf,1
2018-19,Purdue,winter,45,Purdue,Big Ten,FBS,336.0,216.0,120.0,https://dxbhsrqyrr690.cloudfront.net/sidearm.nextgen.sites/nacda.com/documents/2019/4/23/April25DIOverall.pdf,1
2018-19,Auburn,winter,46,Auburn,SEC,FBS,334.25,264.25,70.0,https://dxbhsrqyrr690.cloudfront.net/sidearm.nextgen.sites/nacda.com/documents/2019/4/23/April25DIOverall.pdf,1
2018-19,West Virginia,winter,47,West Virginia,Big 12,FBS,320.5,168.5,152.0,https://dxbhsrqyrr690.cloudfront.net/sidearm.nextgen.sites/nacda.com/documents/2019/4/23/April25DIOverall.pdf,1
2018-19,Air Force,winter,48,Air Force,Mountain West,FBS,317.5,171.5,146.0,https://dxbhsrqyrr690.cloudfront.net/sidearm.nextgen.sites/nacda.com/documents/2019/4/23/April25DIOverall.pdf,1
2018-19,Oklahoma State,winter,49,Oklahoma State,Big 12,FBS,316.0,153.0,163.0,https://dxbhsrqyrr690.cloudfront.net/sidearm.nextgen.sites/nacda.com/documents/2019/4/23/April25DIOverall.pdf,1
2018-19,Boise State,winter,50,Boise State,Mountain West,FBS,313.25,122.25,191.0,https://dxbhsrqyrr690.cloudfront.net/sidearm.nextgen.sites/nacda.com/documents/2019/4/23/April25DIOverall.pdf,1
2018-19,Syracuse,winter,51,Syracuse,ACC,FBS,308.0,100.0,208.0,https://dxbhsrqyrr690.cloudfront.net/sidearm.nextgen.sites/nacda.com/documents/2019/4/23/April25DIOverall.pdf,1
2018-19,Arizona,winter,52,Arizona,Pac 12,FBS,292.5,217.5,75.0,https://dxbhsrqyrr690.cloudfront.net/sidearm.nextgen.sites/nacda.com/documents/2019/4/23/April25DIOverall.pdf,1
2018-19,Oregon State,winter,53,Oregon State,Pac 12,FBS,287.75,190.75,97.0,https://dxbhsrqyrr690.cloudfront.net/sidearm.nextgen.sites/nacda.com/documents/2019/4/23/April25DIOverall.pdf,1
2018-19,Illinois,winter,54,Illinois,Big Ten,FBS,287.5,176.5,111.0,https://dxbhsrqyrr690.cloudfront.net/sidearm.nextgen.sites/nacda.com/documents/2019/4/23/April25DIOverall.pdf,1
2018-19,Harvard,winter,55,Harvard,Ivy League,FCS,275.5,205.5,70.0,https://dxbhsrqyrr690.cloudfront.net/sidearm.nextgen.sites/nacda.com/documents/2019/4/23/April25DIOverall.pdf,1
2018-19,TCU,winter,56,TCU,Big 12,FBS,272.5,177.5,95.0,https://dxbhsrqyrr690.cloudfront.net/sidearm.nextgen.sites/nacda.com/documents/2019/4/23/April25DIOverall.pdf,1
2018-19,Texas Tech,winter,57,Texas Tech,Big 12,FBS,270.08,220.08,50.0,https://dxbhsrqyrr690.cloudfront.net/sidearm.nextgen.sites/nacda.com/documents/2019/4/23/April25DIOverall.pdf,1
2018-19,Northwestern,winter,58,Northwestern,Big Ten,FBS,263.5,155.5,108.0,https://dxbhsrqyrr690.cloudfront.net/sidearm.nextgen.sites/nacda.com/documents/2019/4/23/April25DIOverall.pdf,1
2018-19,Cornell,winter,59,Cornell,Ivy League,FCS,263.0,235.0,28.0,https://dxbhsrqyrr690.cloudfront.net/sidearm.nextgen.sites/nacda.com/documents/2019/4/23/April25DIOverall.pdf,1
2018-19,Utah,winter,60,Utah,Pac 12,FBS,253.75,178.75,75.0,https://dxbhsrqyrr690.cloudfront.net/sidearm.nextgen.sites/nacda.com/documents/2019/4/23/April25DIOverall.pdf,1
2018-19,Villanova,winter,61,Villanova,Big East,FCS,244.0,143.0,101.0,https://dxbhsrqyrr690.cloudfront.net/sidearm.nextgen.sites/nacda.com/documents/2019/4/23/April25DIOverall.pdf,1
2018-19,UConn,winter,62,UConn,American,FBS,240.5,120.5,120.0,https://dxbhsrqyrr690.cloudfront.net/sidearm.nextgen.sites/nacda.com/documents/2019/4/23/April25DIOverall.pdf,1
2018-19,New Mexico,winter,63,New Mexico,Mountain West,FBS,237.0,147.0,90.0,https://dxbhsrqyrr690.cloudfront.net/sidearm.nextgen.sites/nacda.com/documents/2019/4/23/April25DIOverall.pdf,1
2018-19,Houston,winter,64,Houston,American,FBS,236.33,211.33,25.0,https://dxbhsrqyrr690.cloudfront.net/sidearm.nextgen.sites/nacda.com/documents/2019/4/23/April25DIOverall.pdf,1
2018-19,North Dakota State,winter,65,North Dakota State,Summit,FCS,234.25,134.25,100.0,https://dxbhsrqyrr690.cloudfront.net/sidearm.nextgen.sites/nacda.com/documents/2019/4/23/April25DIOverall.pdf,1
2018-19,Pennsylvania,winter,66,Pennsylvania,Ivy League,FCS,234.0,179.0,55.0,https://dxbhsrqyrr690.cloudfront.net/sidearm.nextgen.sites/nacda.com/documents/2019/4/23/April25DIOverall.pdf,1
2018-19,Portland,winter,67,Portland,WCC,DI,229.5,30.0,199.5,https://dxbhsrqyrr690.cloudfront.net/sidearm.nextgen.sites/nacda.com/documents/2019/4/23/April25DIOverall.pdf,1
2018-19,Miami (FL),winter,68,Miami (FL),ACC,FBS,227.33,202.33,25.0,https://dxbhsrqyrr690.cloudfront.net/sidearm.nextgen.sites/nacda.com/documents/2019/4/23/April25DIOverall.pdf,1
2018-19,Georgetown,winter,69,Georgetown,Big East,FCS,221.5,47.5,174.0,https://dxbhsrqyrr690.cloudfront.net/sidearm.nextgen.sites/nacda.com/documents/2019/4/23/April25DIOverall.pdf,1
2018-19,Army West Point,winter,70,Army West Point,Patriot,FBS,215.5,134.5,81.0,https://dxbhsrqyrr690.cloudfront.net/sidearm.nextgen.sites/nacda.com/documents/2019/4/23/April25DIOverall.pdf,1
2018-19,UCF,winter,71,UCF,American,FBS,214.5,75.0,139.5,https://dxbhsrqyrr690.cloudfront.net/sidearm.nextgen.sites/nacda.com/documents/2019/4/23/April25DIOverall.pdf,1
2018-19,Mississippi State,winter,71,Mississippi State,SEC,FBS,214.5,140.5,74.0,https://dxbhsrqyrr690.cloudfront.net/sidearm.nextgen.sites/nacda.com/documents/2019/4/23/April25DIOverall.pdf,1
2018-19,Columbia,winter,73,Columbia,Ivy League,FCS,210.0,154.0,56.0,https://dxbhsrqyrr690.cloudfront.net/sidearm.nextgen.sites/nacda.com/documents/2019/4/23/April25DIOverall.pdf,1
2018-19,Kansas,winter,74,Kansas,Big 12,FBS,209.5,159.5,50.0,https://dxbhsrqyrr690.cloudfront.net/sidearm.nextgen.sites/nacda.com/documents/2019/4/23/April25DIOverall.pdf,1
2018-19,Ole Miss,winter,75,Ole Miss,SEC,FBS,208.0,49.0,159.0,https://dxbhsrqyrr690.cloudfront.net/sidearm.nextgen.sites/nacda.com/documents/2019/4/23/April25DIOverall.pdf,1
2018-19,Navy,winter,76,Navy,American,DI,189.0,164.0,25.0,https://dxbhsrqyrr690.cloudfront.net/sidearm.nextgen.sites/nacda.com/documents/2019/4/23/April25DIOverall.pdf,1
2018-19,Washington State,winter,77,Washington State,Pac 12,FBS,181.5,0.0,181.5,https://dxbhsrqyrr690.cloudfront.net/sidearm.nextgen.sites/nacda.com/documents/2019/4/23/April25DIOverall.pdf,1
2018-19,Murray State,winter,78,Murray State,OVC,FCS,180.0,130.0,50.0,https://dxbhsrqyrr690.cloudfront.net/sidearm.nextgen.sites/nacda.com/documents/2019/4/23/April25DIOverall.pdf,1
2018-19,Northern Arizona,winter,79,Northern Arizona,Big Sky,FCS,177.0,52.0,125.0,https://dxbhsrqyrr690.cloudfront.net/sidearm.nextgen.sites/nacda.com/documents/2019/4/23/April25DIOverall.pdf,1
2018-19,Clemson,winter,80,Clemson,ACC,FBS,175.0,50.0,125.0,https://dxbhsrqyrr690.cloudfront.net/sidearm.nextgen.sites/nacda.com/documents/2019/4/23/April25DIOverall.pdf,1
2018-19,Georgia Tech,winter,81,Georgia Tech,ACC,FBS,172.0,74.0,98.0,https://dxbhsrqyrr690.cloudfront.net/sidearm.nextgen.sites/nacda.com/documents/2019/4/23/April25DIOverall.pdf,1
2018-19,Rutgers,winter,81,Rutgers,Big Ten,FBS,172.0,94.0,78.0,https://dxbhsrqyrr690.cloudfront.net/sidearm.nextgen.sites/nacda.com/documents/2019/4/23/April25DIOverall.pdf,1
2018-19,Vanderbilt,winter,83,Vanderbilt,SEC,FBS,165.0,90.0,75.0,https://dxbhsrqyrr690.cloudfront.net/sidearm.nextgen.sites/nacda.com/documents/2019/4/23/April25DIOverall.pdf,1
2018-19,Cincinnati,winter,84,Cincinnati,American,FBS,162.5,61.5,101.0,https://dxbhsrqyrr690.cloudfront.net/sidearm.nextgen.sites/nacda.com/documents/2019/4/23/April25DIOverall.pdf,1
2018-19,Akron,winter,85,Akron,MAC,FBS,155.5,65.5,90.0,https://dxbhsrqyrr690.cloudfront.net/sidearm.nextgen.sites/nacda.com/documents/2019/4/23/April25DIOverall.pdf,1
2018-19,Dartmouth,winter,86,Dartmouth,Ivy League,FCS,151.0,80.0,71.0,https://dxbhsrqyrr690.cloudfront.net/sidearm.nextgen.sites/nacda.com/documents/2019/4/23/April25DIOverall.pdf,1
2018-19,Southern Utah,winter,87,Southern Utah,Big Sky,FCS,149.5,47.5,102.0,https://dxbhsrqyrr690.cloudfront.net/sidearm.nextgen.sites/nacda.com/documents/2019/4/23/April25DIOverall.pdf,1
2018-19,Yale,winter,88,Yale,Ivy League,FCS,147.0,94.0,53.0,https://dxbhsrqyrr690.cloudfront.net/sidearm.nextgen.sites/nacda.com/documents/2019/4/23/April25DIOverall.pdf,1
2018-19,South Dakota State,winter,88,South Dakota State,Summit,FCS,147.0,64.0,83.0,https://dxbhsrqyrr690.cloudfront.net/sidearm.nextgen.sites/nacda.com/documents/2019/4/23/April25DIOverall.pdf,1
2018-19,Buffalo,winter,90,Buffalo,MAC,FBS,145.0,120.0,25.0,https://dxbhsrqyrr690.cloudfront.net/sidearm.nextgen.sites/nacda.com/documents/2019/4/23/April25DIOverall.pdf,1
2018-19,Colgate,winter,90,Colgate,Patriot,FCS,145.0,25.0,120.0,https://dxbhsrqyrr690.cloudfront.net/sidearm.nextgen.sites/nacda.com/documents/2019/4/23/April25DIOverall.pdf,1
2018-19,Northern Iowa,winter,92,Northern Iowa,Missouri Valley,FCS,140.25,62.25,78.0,https://dxbhsrqyrr690.cloudfront.net/sidearm.nextgen.sites/nacda.com/documents/2019/4/23/April25DIOverall.pdf,1
2018-19,Marquette,winter,93,Marquette,Big East,DI,139.0,75.0,64.0,https://dxbhsrqyrr690.cloudfront.net/sidearm.nextgen.sites/nacda.com/documents/2019/4/23/April25DIOverall.pdf,1
2018-19,Stephen F. Austin,winter,94,Stephen F. Austin,Southland,FCS,138.0,113.0,25.0,https://dxbhsrqyrr690.cloudfront.net/sidearm.nextgen.sites/nacda.com/documents/2019/4/23/April25DIOverall.pdf,1
2018-19,Hawaii,winter,95,Hawaii,Big West,FBS,130.0,80.0,50.0,https://dxbhsrqyrr690.cloudfront.net/sidearm.nextgen.sites/nacda.com/documents/2019/4/23/April25DIOverall.pdf,1
2018-19,Furman,winter,96,Furman,SoCon,FCS,128.0,0.0,128.0,https://dxbhsrqyrr690.cloudfront.net/sidearm.nextgen.sites/nacda.com/documents/2019/4/23/April25DIOverall.pdf,1
2018-19,Central Michigan,winter,97,Central Michigan,MAC,FBS,126.5,126.5,0.0,https://dxbhsrqyrr690.cloudfront.net/sidearm.nextgen.sites/nacda.com/documents/2019/4/23/April25DIOverall.pdf,1
2018-19,James Madison,winter,98,James Madison,CAA,FCS,126.0,0.0,126.0,https://dxbhsrqyrr690.cloudfront.net/sidearm.nextgen.sites/nacda.com/documents/2019/4/23/April25DIOverall.pdf,1
2018-19,UC Davis,winter,99,UC Davis,Big West,FCS,125.0,55.0,70.0,https://dxbhsrqyrr690.cloudfront.net/sidearm.nextgen.sites/nacda.com/documents/2019/4/23/April25DIOverall.pdf,1
2018-19,Iona,winter,100,Iona,MAAC,DI,124.0,25.0,99.0,https://dxbhsrqyrr690.cloudfront.net/sidearm.nextgen.sites/nacda.com/documents/2019/4/23/April25DIOverall.pdf,2
2018-19,Gonzaga,winter,101,Gonzaga,WCC,DI,123.0,123.0,0.0,https://dxbhsrqyrr690.cloudfront.net/sidearm.nextgen.sites/nacda.com/documents/2019/4/23/April25DIOverall.pdf,2
2018-19,Providence,winter,102,Providence,Big East,DI,119.5,119.5,0.0,https://dxbhsrqyrr690.cloudfront.net/sidearm.nextgen.sites/nacda.com/documents/2019/4/23/April25DIOverall.pdf,2
2018-19,New Hampshire,winter,103,New Hampshire,America East,FCS,119.0,94.0,25.0,https://dxbhsrqyrr690.cloudfront.net/sidearm.nextgen.sites/nacda.com/documents/2019/4/23/April25DIOverall.pdf,2
2018-19,Montana State,winter,104,Montana State,Big Sky,FCS,116.0,63.0,53.0,https://dxbhsrqyrr690.cloudfront.net/sidearm.nextgen.sites/nacda.com/documents/2019/4/23/April25DIOverall.pdf,2
2018-19,North Carolina A&T,winter,105,North Carolina A&T,MEAC,FCS,115.5,70.5,45.0,https://dxbhsrqyrr690.cloudfront.net/sidearm.nextgen.sites/nacda.com/documents/2019/4/23/April25DIOverall.pdf,2
2018-19,Vermont,winter,106,Vermont,America East,DI,115.0,115.0,0.0,https://dxbhsrqyrr690.cloudfront.net/sidearm.nextgen.sites/nacda.com/documents/2019/4/23/April25DIOverall.pdf,2
2018-19,Pittsburgh,winter,107,Pittsburgh,ACC,FBS,114.5,39.5,75.0,https://dxbhsrqyrr690.cloudfront.net/sidearm.nextgen.sites/nacda.com/documents/2019/4/23/April25DIOverall.pdf,2
2018-19,Kennesaw State,winter,107,Kennesaw State,ASUN,FCS,114.5,44.5,70.0,https://dxbhsrqyrr690.cloudfront.net/sidearm.nextgen.sites/nacda.com/documents/2019/4/23/April25DIOverall.pdf,2
2018-19,Lipscomb,winter,109,Lipscomb,ASUN,DI,114.0,0.0,114.0,https://dxbhsrqyrr690.cloudfront.net/sidearm.nextgen.sites/nacda.com/documents/2019/4/23/April25DIOverall.pdf,2
2018-19,St. Mary's College of California,winter,109,St. Mary's College of California,WCC,DI,114.0,25.0,89.0,https://dxbhsrqyrr690.cloudfront.net/sidearm.nextgen.sites/nacda.com/documents/2019/4/23/April25DIOverall.pdf,2
2018-19,Wofford,winter,111,Wofford,SoCon,FCS,109.0,56.0,53.0,https://dxbhsrqyrr690.cloudfront.net/sidearm.nextgen.sites/nacda.com/documents/2019/4/23/April25DIOverall.pdf,2
2018-19,Maine,winter,112,Maine,America East,FCS,108.0,25.0,83.0,https://dxbhsrqyrr690.cloudfront.net/sidearm.nextgen.sites/nacda.com/documents/2019/4/23/April25DIOverall.pdf,2
2018-19,Rice,winter,113,Rice,Conference USA,FBS,105.0,25.0,80.0,https://dxbhsrqyrr690.cloudfront.net/sidearm.nextgen.sites/nacda.com/documents/2019/4/23/April25DIOverall.pdf,2
2018-19,Wyoming,winter,114,Wyoming,Mountain West,FBS,104.0,39.5,64.5,https://dxbhsrqyrr690.cloudfront.net/sidearm.nextgen.sites/nacda.com/documents/2019/4/23/April25DIOverall.pdf,2
2018-19,Temple,winter,115,Temple,American,FBS,103.0,50.0,53.0,https://dxbhsrqyrr690.cloudfront.net/sidearm.nextgen.sites/nacda.com/documents/2019/4/23/April25DIOverall.pdf,2
2018-19,Boston College,winter,116,Boston College,ACC,FBS,101.0,51.0,50.0,https://dxbhsrqyrr690.cloudfront.net/sidearm.nextgen.sites/nacda.com/documents/2019/4/23/April25DIOverall.pdf,2
2018-19,UC Irvine,winter,117,UC Irvine,Big West,DI,100.0,50.0,50.0,https://dxbhsrqyrr690.cloudfront.net/sidearm.nextgen.sites/nacda.com/documents/2019/4/23/April25DIOverall.pdf,2
2018-19,Fresno State,winter,117,Fresno State,Mountain West,FBS,100.0,44.0,56.0,https://dxbhsrqyrr690.cloudfront.net/sidearm.nextgen.sites/nacda.com/documents/2019/4/23/April25DIOverall.pdf,2
2018-19,San Diego State,winter,119,San Diego State,Mountain West,FBS,99.5,74.5,25.0,https://dxbhsrqyrr690.cloudfront.net/sidearm.nextgen.sites/nacda.com/documents/2019/4/23/April25DIOverall.pdf,2
2018-19,Missouri State,winter,120,Missouri State,Missouri Valley,FCS,95.0,95.0,0.0,https://dxbhsrqyrr690.cloudfront.net/sidearm.nextgen.sites/nacda.com/documents/2019/4/23/April25DIOverall.pdf,2
2018-19,Colorado State,winter,121,Colorado State,Mountain West,FBS,94.0,0.0,94.0,https://dxbhsrqyrr690.cloudfront.net/sidearm.nextgen.sites/nacda.com/documents/2019/4/23/April25DIOverall.pdf,2
2018-19,South Dakota,winter,122,South Dakota,Summit,FCS,92.5,67.5,25.0,https://dxbhsrqyrr690.cloudfront.net/sidearm.nextgen.sites/nacda.com/documents/2019/4/23/April25DIOverall.pdf,2
2018-19,Eastern Michigan,winter,123,Eastern Michigan,MAC,FBS,92.0,42.0,50.0,https://dxbhsrqyrr690.cloudfront.net/sidearm.nextgen.sites/nacda.com/documents/2019/4/23/April25DIOverall.pdf,2
2018-19,Massachusetts,winter,124,Massachusetts,Atlantic 10,FBS,90.0,90.0,0.0,https://dxbhsrqyrr690.cloudfront.net/sidearm.nextgen.sites/nacda.com/documents/2019/4/23/April25DIOverall.pdf,2
2018-19,Eastern Washington,winter,124,Eastern Washington,Big Sky,FCS,90.0,0.0,90.0,https://dxbhsrqyrr690.cloudfront.net/sidearm.nextgen.sites/nacda.com/documents/2019/4/23/April25DIOverall.pdf,2
2018-19,Towson,winter,126,Towson,CAA,FCS,89.0,64.0,25.0,https://dxbhsrqyrr690.cloudfront.net/sidearm.nextgen.sites/nacda.com/documents/2019/4/23/April25DIOverall.pdf,2
2018-19,San Diego,winter,126,San Diego,WCC,FCS,89.0,0.0,89.0,https://dxbhsrqyrr690.cloudfront.net/sidearm.nextgen.sites/nacda.com/documents/2019/4/23/April25DIOverall.pdf,2
2018-19,Kansas State,winter,128,Kansas State,Big 12,FBS,85.5,85.5,0.0,https://dxbhsrqyrr690.cloudfront.net/sidearm.nextgen.sites/nacda.com/documents/2019/4/23/April25DIOverall.pdf,2
2018-19,Quinnipiac,winter,129,Quinnipiac,MAAC,DI,85.0,85.0,0.0,https://dxbhsrqyrr690.cloudfront.net/sidearm.nextgen.sites/nacda.com/documents/2019/4/23/April25DIOverall.pdf,2
2018-19,Arkansas State,winter,129,Arkansas State,Sun Belt,FBS,85.0,60.0,25.0,https://dxbhsrqyrr690.cloudfront.net/sidearm.nextgen.sites/nacda.com/documents/2019/4/23/April25DIOverall.pdf,2
2018-19,American,winter,131,American,Patriot,DI,83.5,83.5,0.0,https://dxbhsrqyrr690.cloudfront.net/sidearm.nextgen.sites/nacda.com/documents/2019/4/23/April25DIOverall.pdf,2
2018-19,Maryland Eastern Shore,winter,132,Maryland Eastern Shore,MEAC,DI,83.0,83.0,0.0,https://dxbhsrqyrr690.cloudfront.net/sidearm.nextgen.sites/nacda.com/documents/2019/4/23/April25DIOverall.pdf,2
2018-19,Brown,winter,133,Brown,Ivy League,FCS,81.0,54.0,27.0,https://dxbhsrqyrr690.cloudfront.net/sidearm.nextgen.sites/nacda.com/documents/2019/4/23/April25DIOverall.pdf,2
2018-19,St. John's (NY),winter,134,St. John's (NY),Big East,DI,80.0,80.0,0.0,https://dxbhsrqyrr690.cloudfront.net/sidearm.nextgen.sites/nacda.com/documents/2019/4/23/April25DIOverall.pdf,2
2018-19,Monmouth,winter,134,Monmouth,MAAC,FCS,80.0,30.0,50.0,https://dxbhsrqyrr690.cloudfront.net/sidearm.nextgen.sites/nacda.com/documents/2019/4/23/April25DIOverall.pdf,2
2018-19,Incarnate Word,winter,134,Incarnate Word,Southland,FCS,80.0,55.0,25.0,https://dxbhsrqyrr690.cloudfront.net/sidearm.nextgen.sites/nacda.com/documents/2019/4/23/April25DIOverall.pdf,2
2018-19,Sam Houston State,winter,137,Sam Houston State,Southland,FCS,79.5,79.5,0.0,https://dxbhsrqyrr690.cloudfront.net/sidearm.nextgen.sites/nacda.com/documents/2019/4/23/April25DIOverall.pdf,2
2018-19,Albany,winter,138,Albany,America East,FCS,78.0,0.0,78.0,https://dxbhsrqyrr690.cloudfront.net/sidearm.nextgen.sites/nacda.com/documents/2019/4/23/April25DIOverall.pdf,2
2018-19,Utah State,winter,138,Utah State,Mountain West,FBS,78.0,25.0,53.0,https://dxbhsrqyrr690.cloudfront.net/sidearm.nextgen.sites/nacda.com/documents/2019/4/23/April25DIOverall.pdf,2
2018-19,Texas State,winter,138,Texas State,Sun Belt,FBS,78.0,0.0,78.0,https://dxbhsrqyrr690.cloudfront.net/sidearm.nextgen.sites/nacda.com/documents/2019/4/23/April25DIOverall.pdf,2
2018-19,Campbell,winter,141,Campbell,Big South,FCS,77.5,52.5,25.0,https://dxbhsrqyrr690.cloudfront.net/sidearm.nextgen.sites/nacda.com/documents/2019/4/23/April25DIOverall.pdf,2
2018-19,Florida International,winter,142,Florida International,Conference USA,FBS,77.0,32.0,45.0,https://dxbhsrqyrr690.cloudfront.net/sidearm.nextgen.sites/nacda.com/documents/2019/4/23/April25DIOverall.pdf,2
2018-19,North Texas,winter,142,North Texas,Conference USA,FBS,77.0,0.0,77.0,https://dxbhsrqyrr690.cloudfront.net/sidearm.nextgen.sites/nacda.com/documents/2019/4/23/April25DIOverall.pdf,2
2018-19,Belmont,winter,142,Belmont,OVC,DI,77.0,50.0,27.0,https://dxbhsrqyrr690.cloudfront.net/sidearm.nextgen.sites/nacda.com/documents/2019/4/23/April25DIOverall.pdf,2
2018-19,South Florida,winter,145,South Florida,American,FBS,75.0,0.0,75.0,https://dxbhsrqyrr690.cloudfront.net/sidearm.nextgen.sites/nacda.com/documents/2019/4/23/April25DIOverall.pdf,2
2018-19,Florida Gulf Coast,winter,145,Florida Gulf Coast,ASUN,DI,75.0,25.0,50.0,https://dxbhsrqyrr690.cloudfront.net/sidearm.nextgen.sites/nacda.com/documents/2019/4/23/April25DIOverall.pdf,2
2018-19,Hofstra,winter,145,Hofstra,CAA,DI,75.0,0.0,75.0,https://dxbhsrqyrr690.cloudfront.net/sidearm.nextgen.sites/nacda.com/documents/2019/4/23/April25DIOverall.pdf,2
2018-19,Northeastern,winter,145,Northeastern,CAA,DI,75.0,75.0,0.0,https://dxbhsrqyrr690.cloudfront.net/sidearm.nextgen.sites/nacda.com/documents/2019/4/23/April25DIOverall.pdf,2
2018-19,Bradley,winter,145,Bradley,Missouri Valley,DI,75.0,25.0,50.0,https://dxbhsrqyrr690.cloudfront.net/sidearm.nextgen.sites/nacda.com/documents/2019/4/23/April25DIOverall.pdf,2
2018-19,Abilene Christian,winter,145,Abilene Christian,Southland,FCS,75.0,50.0,25.0,https://dxbhsrqyrr690.cloudfront.net/sidearm.nextgen.sites/nacda.com/documents/2019/4/23/April25DIOverall.pdf,2
2018-19,New Mexico State,winter,145,New Mexico State,WAC,FBS,75.0,50.0,25.0,https://dxbhsrqyrr690.cloudfront.net/sidearm.nextgen.sites/nacda.com/documents/2019/4/23/April25DIOverall.pdf,2
2018-19,Memphis,winter,152,Memphis,American,FBS,74.0,24.0,50.0,https://dxbhsrqyrr690.cloudfront.net/sidearm.nextgen.sites/nacda.com/documents/2019/4/23/April25DIOverall.pdf,2
2018-19,Liberty,winter,152,Liberty,ASUN,FCS,74.0,74.0,0.0,https://dxbhsrqyrr690.cloudfront.net/sidearm.nextgen.sites/nacda.com/documents/2019/4/23/April25DIOverall.pdf,2
2018-19,Appalachian State,winter,154,Appalachian State,Sun Belt,FBS,72.0,27.0,45.0,https://dxbhsrqyrr690.cloudfront.net/sidearm.nextgen.sites/nacda.com/documents/2019/4/23/April25DIOverall.pdf,2
2018-19,Weber State,winter,155,Weber State,Big Sky,FCS,70.0,0.0,70.0,https://dxbhsrqyrr690.cloudfront.net/sidearm.nextgen.sites/nacda.com/documents/2019/4/23/April25DIOverall.pdf,2
2018-19,Nevada,winter,155,Nevada,Mountain West,FBS,70.0,25.0,45.0,https://dxbhsrqyrr690.cloudfront.net/sidearm.nextgen.sites/nacda.com/documents/2019/4/23/April25DIOverall.pdf,2
2018-19,Bethune-Cookman,winter,157,Bethune-Cookman,MEAC,FCS,69.5,69.5,0.0,https://dxbhsrqyrr690.cloudfront.net/sidearm.nextgen.sites/nacda.com/documents/2019/4/23/April25DIOverall.pdf,2
2018-19,Samford,winter,157,Samford,SoCon,FCS,69.5,44.5,25.0,https://dxbhsrqyrr690.cloudfront.net/sidearm.nextgen.sites/nacda.com/documents/2019/4/23/April25DIOverall.pdf,2
2018-19,George Washington,winter,159,George Washington,Atlantic 10,DI,68.5,43.5,25.0,https://dxbhsrqyrr690.cloudfront.net/sidearm.nextgen.sites/nacda.com/documents/2019/4/23/April25DIOverall.pdf,2
2018-19,Old Dominion,winter,160,Old Dominion,Conference USA,FBS,67.0,67.0,0.0,https://dxbhsrqyrr690.cloudfront.net/sidearm.nextgen.sites/nacda.com/documents/2019/4/23/April25DIOverall.pdf,2
2018-19,Grand Canyon,winter,160,Grand Canyon,WAC,DI,67.0,42.0,25.0,https://dxbhsrqyrr690.cloudfront.net/sidearm.nextgen.sites/nacda.com/documents/2019/4/23/April25DIOverall.pdf,2
2018-19,Ohio,winter,162,Ohio,MAC,FBS,65.0,20.0,45.0,https://dxbhsrqyrr690.cloudfront.net/sidearm.nextgen.sites/nacda.com/documents/2019/4/23/April25DIOverall.pdf,2
2018-19,Bowling Green,winter,163,Bowling Green,MAC,FBS,63.0,38.0,25.0,https://dxbhsrqyrr690.cloudfront.net/sidearm.nextgen.sites/nacda.com/documents/2019/4/23/April25DIOverall.pdf,2
2018-19,Lehigh,winter,164,Lehigh,Patriot,FCS,62.25,62.25,0.0,https://dxbhsrqyrr690.cloudfront.net/sidearm.nextgen.sites/nacda.com/documents/2019/4/23/April25DIOverall.pdf,2
2018-19,Rider,winter,165,Rider,MAAC,DI,61.5,36.5,25.0,https://dxbhsrqyrr690.cloudfront.net/sidearm.nextgen.sites/nacda.com/documents/2019/4/23/April25DIOverall.pdf,2
2018-19,Sacred Heart,winter,166,Sacred Heart,Northeast,FCS,60.0,60.0,0.0,https://dxbhsrqyrr690.cloudfront.net/sidearm.nextgen.sites/nacda.com/documents/2019/4/23/April25DIOverall.pdf,2
2018-19,Eastern Kentucky,winter,167,Eastern Kentucky,OVC,FCS,58.5,0.0,58.5,https://dxbhsrqyrr690.cloudfront.net/sidearm.nextgen.sites/nacda.com/documents/2019/4/23/April25DIOverall.pdf,2
2018-19,Fairleigh Dickinson,winter,168,Fairleigh Dickinson,Northeast,DI,57.0,57.0,0.0,https://dxbhsrqyrr690.cloudfront.net/sidearm.nextgen.sites/nacda.com/documents/2019/4/23/April25DIOverall.pdf,2
2018-19,Duquesne,winter,169,Duquesne,Atlantic 10,FCS,53.0,0.0,53.0,https://dxbhsrqyrr690.cloudfront.net/sidearm.nextgen.sites/nacda.com/documents/2019/4/23/April25DIOverall.pdf,2
2018-19,Saint Joseph's,winter,169,Saint Joseph's,Atlantic 10,DI,53.0,0.0,53.0,https://dxbhsrqyrr690.cloudfront.net/sidearm.nextgen.sites/nacda.com/documents/2019/4/23/April25DIOverall.pdf,2
2018-19,William & Mary,winter,169,William & Mary,CAA,FCS,53.0,0.0,53.0,https://dxbhsrqyrr690.cloudfront.net/sidearm.nextgen.sites/nacda.com/documents/2019/4/23/April25DIOverall.pdf,2
2018-19,Miami (OH),winter,169,Miami (OH),MAC,FBS,53.0,0.0,53.0,https://dxbhsrqyrr690.cloudfront.net/sidearm.nextgen.sites/nacda.com/documents/2019/4/23/April25DIOverall.pdf,2
2018-19,Jacksonville State,winter,169,Jacksonville State,OVC,FCS,53.0,0.0,53.0,https://dxbhsrqyrr690.cloudfront.net/sidearm.nextgen.sites/nacda.com/documents/2019/4/23/April25DIOverall.pdf,2
2018-19,Southeast Missouri State,winter,169,Southeast Missouri State,OVC,FCS,53.0,0.0,53.0,https://dxbhsrqyrr690.cloudfront.net/sidearm.nextgen.sites/nacda.com/documents/2019/4/23/April25DIOverall.pdf,2
2018-19,Nicholls State,winter,169,Nicholls State,Southland,FCS,53.0,0.0,53.0,https://dxbhsrqyrr690.cloudfront.net/sidearm.nextgen.sites/nacda.com/documents/2019/4/23/April25DIOverall.pdf,2
2018-19,South Carolina State,winter,176,South Carolina State,MEAC,FCS,52.0,52.0,0.0,https://dxbhsrqyrr690.cloudfront.net/sidearm.nextgen.sites/nacda.com/documents/2019/4/23/April25DIOverall.pdf,2
2018-19,Cal Poly,winter,177,Cal Poly,Big West,FCS,51.0,26.0,25.0,https://dxbhsrqyrr690.cloudfront.net/sidearm.nextgen.sites/nacda.com/documents/2019/4/23/April25DIOverall.pdf,2
2018-19,Northwestern State,winter,178,Northwestern State,Southland,FCS,50.5,50.5,0.0,https://dxbhsrqyrr690.cloudfront.net/sidearm.nextgen.sites/nacda.com/documents/2019/4/23/April25DIOverall.pdf,2
2018-19,Stony Brook,winter,179,Stony Brook,America East,FCS,50.0,0.0,50.0,https://dxbhsrqyrr690.cloudfront.net/sidearm.nextgen.sites/nacda.com/documents/2019/4/23/April25DIOverall.pdf,2
2018-19,Saint Louis,winter,179,Saint Louis,Atlantic 10,DI,50.0,25.0,25.0,https://dxbhsrqyrr690.cloudfront.net/sidearm.nextgen.sites/nacda.com/documents/2019/4/23/April25DIOverall.pdf,2
2018-19,Creighton,winter,179,Creighton,Big East,DI,50.0,0.0,50.0,https://dxbhsrqyrr690.cloudfront.net/sidearm.nextgen.sites/nacda.com/documents/2019/4/23/April25DIOverall.pdf,2
2018-19,Montana,winter,179,Montana,Big Sky,FCS,50.0,25.0,25.0,https://dxbhsrqyrr690.cloudfront.net/sidearm.nextgen.sites/nacda.com/documents/2019/4/23/April25DIOverall.pdf,2
2018-19,High Point,winter,179,High Point,Big South,DI,50.0,0.0,50.0,https://dxbhsrqyrr690.cloudfront.net/sidearm.nextgen.sites/nacda.com/documents/2019/4/23/April25DIOverall.pdf,2
2018-19,Radford,winter,179,Radford,Big South,DI,50.0,25.0,25.0,https://dxbhsrqyrr690.cloudfront.net/sidearm.nextgen.sites/nacda.com/documents/2019/4/23/April25DIOverall.pdf,2
2018-19,Long Beach State,winter,179,Long Beach State,Big West,DI,50.0,0.0,50.0,https://dxbhsrqyrr690.cloudfront.net/sidearm.nextgen.sites/nacda.com/documents/2019/4/23/April25DIOverall.pdf,2
2018-19,Charlotte,winter,179,Charlotte,Conference USA,FBS,50.0,0.0,50.0,https://dxbhsrqyrr690.cloudfront.net/sidearm.nextgen.sites/nacda.com/documents/2019/4/23/April25DIOverall.pdf,2
2018-19,Howard,winter,179,Howard,MEAC,FCS,50.0,0.0,50.0,https://dxbhsrqyrr690.cloudfront.net/sidearm.nextgen.sites/nacda.com/documents/2019/4/23/April25DIOverall.pdf,2
2018-19,Boston University,winter,179,Boston University,Patriot,DI,50.0,0.0,50.0,https://dxbhsrqyrr690.cloudfront.net/sidearm.nextgen.sites/nacda.com/documents/2019/4/23/April25DIOverall.pdf,2
2018-19,East Tennessee State,winter,179,East Tennessee State,SoCon,FCS,50.0,0.0,50.0,https://dxbhsrqyrr690.cloudfront.net/sidearm.nextgen.sites/nacda.com/documents/2019/4/23/April25DIOverall.pdf,2
2018-19,Arkansas Little Rock,winter,179,Arkansas Little Rock,Sun Belt,DI,50.0,25.0,25.0,https://dxbhsrqyrr690.cloudfront.net/sidearm.nextgen.sites/nacda.com/documents/2019/4/23/April25DIOverall.pdf,2
2018-19,Georgia State,winter,179,Georgia State,Sun Belt,FBS,50.0,25.0,25.0,https://dxbhsrqyrr690.cloudfront.net/sidearm.nextgen.sites/nacda.com/documents/2019/4/23/April25DIOverall.pdf,2
2018-19,Loyola Marymount,winter,179,Loyola Marymount,WCC,DI,50.0,0.0,50.0,https://dxbhsrqyrr690.cloudfront.net/sidearm.nextgen.sites/nacda.com/documents/2019/4/23/April25DIOverall.pdf,2
2018-19,Pacific,winter,179,Pacific,WCC,DI,50.0,0.0,50.0,https://dxbhsrqyrr690.cloudfront.net/sidearm.nextgen.sites/nacda.com/documents/2019/4/23/April25DIOverall.pdf,2
2018-19,Pepperdine,winter,179,Pepperdine,WCC,DI,50.0,0.0,50.0,https://dxbhsrqyrr690.cloudfront.net/sidearm.nextgen.sites/nacda.com/documents/2019/4/23/April25DIOverall.pdf,2
2018-19,Santa Clara,winter,179,Santa Clara,WCC,DI,50.0,0.0,50.0,https://dxbhsrqyrr690.cloudfront.net/sidearm.nextgen.sites/nacda.com/documents/2019/4/23/April25DIOverall.pdf,2
2018-19,Middle Tennessee State,winter,196,Middle Tennessee State,Conference USA,FBS,49.0,24.0,25.0,https://dxbhsrqyrr690.cloudfront.net/sidearm.nextgen.sites/nacda.com/documents/2019/4/23/April25DIOverall.pdf,2
2018-19,Bucknell,winter,197,Bucknell,Patriot,FCS,48.5,48.5,0.0,https://dxbhsrqyrr690.cloudfront.net/sidearm.nextgen.sites/nacda.com/documents/2019/4/23/April25DIOverall.pdf,2
2018-19,Tulane,winter,198,Tulane,American,FBS,45.0,0.0,45.0,https://dxbhsrqyrr690.cloudfront.net/sidearm.nextgen.sites/nacda.com/documents/2019/4/23/April25DIOverall.pdf,2
2018-19,Louisiana Tech,winter,198,Louisiana Tech,Conference USA,FBS,45.0,0.0,45.0,https://dxbhsrqyrr690.cloudfront.net/sidearm.nextgen.sites/nacda.com/documents/2019/4/23/April25DIOverall.pdf,3
2018-19,Marshall,winter,198,Marshall,Conference USA,FBS,45.0,0.0,45.0,https://dxbhsrqyrr690.cloudfront.net/sidearm.nextgen.sites/nacda.com/documents/2019/4/23/April25DIOverall.pdf,3
2018-19,UAB,winter,198,UAB,Conference USA,FBS,45.0,0.0,45.0,https://dxbhsrqyrr690.cloudfront.net/sidearm.nextgen.sites/nacda.com/documents/2019/4/23/April25DIOverall.pdf,3
2018-19,Georgia Southern,winter,198,Georgia Southern,Sun Belt,FBS,45.0,0.0,45.0,https://dxbhsrqyrr690.cloudfront.net/sidearm.nextgen.sites/nacda.com/documents/2019/4/23/April25DIOverall.pdf,3
2018-19,Troy,winter,198,Troy,Sun Belt,FBS,45.0,0.0,45.0,https://dxbhsrqyrr690.cloudfront.net/sidearm.nextgen.sites/nacda.com/documents/2019/4/23/April25DIOverall.pdf,3
2018-19,Tulsa,winter,204,Tulsa,American,FBS,44.0,0.0,44.0,https://dxbhsrqyrr690.cloudfront.net/sidearm.nextgen.sites/nacda.com/documents/2019/4/23/April25DIOverall.pdf,3
2018-19,Utah Valley,winter,204,Utah Valley,WAC,DI,44.0,44.0,0.0,https://dxbhsrqyrr690.cloudfront.net/sidearm.nextgen.sites/nacda.com/documents/2019/4/23/April25DIOverall.pdf,3
2018-19,Northern Illinois,winter,206,Northern Illinois,MAC,FBS,40.0,15.0,25.0,https://dxbhsrqyrr690.cloudfront.net/sidearm.nextgen.sites/nacda.com/documents/2019/4/23/April25DIOverall.pdf,3
2018-19,Southern Mississippi,winter,207,Southern Mississippi,Conference USA,FBS,37.5,37.5,0.0,https://dxbhsrqyrr690.cloudfront.net/sidearm.nextgen.sites/nacda.com/documents/2019/4/23/April25DIOverall.pdf,3
2018-19,Binghamton,winter,208,Binghamton,America East,DI,32.5,32.5,0.0,https://dxbhsrqyrr690.cloudfront.net/sidearm.nextgen.sites/nacda.com/documents/2019/4/23/April25DIOverall.pdf,3
2018-19,Cal State Bakersfield,winter,208,Cal State Bakersfield,WAC,DI,32.5,32.5,0.0,https://dxbhsrqyrr690.cloudfront.net/sidearm.nextgen.sites/nacda.com/documents/2019/4/23/April25DIOverall.pdf,3
2018-19,Indiana State,winter,210,Indiana State,Missouri Valley,FCS,30.0,30.0,0.0,https://dxbhsrqyrr690.cloudfront.net/sidearm.nextgen.sites/nacda.com/documents/2019/4/23/April25DIOverall.pdf,3
2018-19,UNLV,winter,210,UNLV,Mountain West,FBS,30.0,30.0,0.0,https://dxbhsrqyrr690.cloudfront.net/sidearm.nextgen.sites/nacda.com/documents/2019/4/23/April25DIOverall.pdf,3
2018-19,Prairie View A&M,winter,210,Prairie View A&M,SWAC,FCS,30.0,30.0,0.0,https://dxbhsrqyrr690.cloudfront.net/sidearm.nextgen.sites/nacda.com/documents/2019/4/23/April25DIOverall.pdf,3
2018-19,NJIT,winter,213,NJIT,ASUN,DI,28.0,28.0,0.0,https://dxbhsrqyrr690.cloudfront.net/sidearm.nextgen.sites/nacda.com/documents/2019/4/23/April25DIOverall.pdf,3
2018-19,SMU,winter,214,SMU,American,FBS,25.0,0.0,25.0,https://dxbhsrqyrr690.cloudfront.net/sidearm.nextgen.sites/nacda.com/documents/2019/4/23/April25DIOverall.pdf,3
2018-19,Dayton,winter,214,Dayton,Atlantic 10,FCS,25.0,0.0,25.0,https://dxbhsrqyrr690.cloudfront.net/sidearm.nextgen.sites/nacda.com/documents/2019/4/23/April25DIOverall.pdf,3
2018-19,Fordham,winter,214,Fordham,Atlantic 10,FCS,25.0,25.0,0.0,https://dxbhsrqyrr690.cloudfront.net/sidearm.nextgen.sites/nacda.com/documents/2019/4/23/April25DIOverall.pdf,3
2018-19,Rhode Island,winter,214,Rhode Island,Atlantic 10,FCS,25.0,0.0,25.0,https://dxbhsrqyrr690.cloudfront.net/sidearm.nextgen.sites/nacda.com/documents/2019/4/23/April25DIOverall.pdf,3
2018-19,VCU,winter,214,VCU,Atlantic 10,DI,25.0,25.0,0.0,https://dxbhsrqyrr690.cloudfront.net/sidearm.nextgen.sites/nacda.com/documents/2019/4/23/April25DIOverall.pdf,3
2018-19,DePaul,winter,214,DePaul,Big East,DI,25.0,25.0,0.0,https://dxbhsrqyrr690.cloudfront.net/sidearm.nextgen.sites/nacda.com/documents/2019/4/23/April25DIOverall.pdf,3
2018-19,Seton Hall,winter,214,Seton Hall,Big East,DI,25.0,25.0,0.0,https://dxbhsrqyrr690.cloudfront.net/sidearm.nextgen.sites/nacda.com/documents/2019/4/23/April25DIOverall.pdf,3
2018-19,Portland State,winter,214,Portland State,Big Sky,FCS,25.0,25.0,0.0,https://dxbhsrqyrr690.cloudfront.net/sidearm.nextgen.sites/nacda.com/documents/2019/4/23/April25DIOverall.pdf,3
2018-19,Gardner-Webb,winter,214,Gardner-Webb,Big South,FCS,25.0,25.0,0.0,https://dxbhsrqyrr690.cloudfront.net/sidearm.nextgen.sites/nacda.com/documents/2019/4/23/April25DIOverall.pdf,3
2018-19,UC Riverside,winter,214,UC Riverside,Big West,DI,25.0,0.0,25.0,https://dxbhsrqyrr690.cloudfront.net/sidearm.nextgen.sites/nacda.com/documents/2019/4/23/April25DIOverall.pdf,3
2018-19,Delaware,winter,214,Delaware,CAA,FCS,25.0,0.0,25.0,https://dxbhsrqyrr690.cloudfront.net/sidearm.nextgen.sites/nacda.com/documents/2019/4/23/April25DIOverall.pdf,3
2018-19,Elon,winter,214,Elon,CAA,FCS,25.0,0.0,25.0,https://dxbhsrqyrr690.cloudfront.net/sidearm.nextgen.sites/nacda.com/documents/2019/4/23/April25DIOverall.pdf,3
2018-19,North Carolina Wilmington,winter,214,North Carolina Wilmington,CAA,DI,25.0,0.0,25.0,https://dxbhsrqyrr690.cloudfront.net/sidearm.nextgen.sites/nacda.com/documents/2019/4/23/April25DIOverall.pdf,3
2018-19,Illinois Chicago,winter,214,Illinois Chicago,Horizon League,DI,25.0,0.0,25.0,https://dxbhsrqyrr690.cloudfront.net/sidearm.nextgen.sites/nacda.com/documents/2019/4/23/April25DIOverall.pdf,3
2018-19,Northern Kentucky,winter,214,Northern Kentucky,Horizon League,DI,25.0,25.0,0.0,https://dxbhsrqyrr690.cloudfront.net/sidearm.nextgen.sites/nacda.com/documents/2019/4/23/April25DIOverall.pdf,3
2018-19,Wisconsin Green Bay,winter,214,Wisconsin Green Bay,Horizon League,DI,25.0,0.0,25.0,https://dxbhsrqyrr690.cloudfront.net/sidearm.nextgen.sites/nacda.com/documents/2019/4/23/April25DIOverall.pdf,3
2018-19,Wisconsin Milwaukee,winter,214,Wisconsin Milwaukee,Horizon League,DI,25.0,0.0,25.0,https://dxbhsrqyrr690.cloudfront.net/sidearm.nextgen.sites/nacda.com/documents/2019/4/23/April25DIOverall.pdf,3
2018-19,Wright State,winter,214,Wright State,Horizon League,DI,25.0,25.0,0.0,https://dxbhsrqyrr690.cloudfront.net/sidearm.nextgen.sites/nacda.com/documents/2019/4/23/April25DIOverall.pdf,3
2018-19,Toledo,winter,214,Toledo,MAC,FBS,25.0,0.0,25.0,https://dxbhsrqyrr690.cloudfront.net/sidearm.nextgen.sites/nacda.com/documents/2019/4/23/April25DIOverall.pdf,3
2018-19,Western Michigan,winter,214,Western Michigan,MAC,FBS,25.0,0.0,25.0,https://dxbhsrqyrr690.cloudfront.net/sidearm.nextgen.sites/nacda.com/documents/2019/4/23/April25DIOverall.pdf,3
2018-19,Drake,winter,214,Drake,Missouri Valley,FCS,25.0,25.0,0.0,https://dxbhsrqyrr690.cloudfront.net/sidearm.nextgen.sites/nacda.com/documents/2019/4/23/April25DIOverall.pdf,3
2018-19,Illinois State,winter,214,Illinois State,Missouri Valley,FCS,25.0,0.0,25.0,https://dxbhsrqyrr690.cloudfront.net/sidearm.nextgen.sites/nacda.com/documents/2019/4/23/April25DIOverall.pdf,3
2018-19,Loyola Chicago,winter,214,Loyola Chicago,Missouri Valley,DI,25.0,0.0,25.0,https://dxbhsrqyrr690.cloudfront.net/sidearm.nextgen.sites/nacda.com/documents/2019/4/23/April25DIOverall.pdf,3
2018-19,San Jose State,winter,214,San Jose State,Mountain West,FBS,25.0,0.0,25.0,https://dxbhsrqyrr690.cloudfront.net/sidearm.nextgen.sites/nacda.com/documents/2019/4/23/April25DIOverall.pdf,3
2018-19,Bryant,winter,214,Bryant,Northeast,FCS,25.0,0.0,25.0,https://dxbhsrqyrr690.cloudfront.net/sidearm.nextgen.sites/nacda.com/documents/2019/4/23/April25DIOverall.pdf,3
2018-19,Central Connecticut State,winter,214,Central Connecticut State,Northeast,FCS,25.0,0.0,25.0,https://dxbhsrqyrr690.cloudfront.net/sidearm.nextgen.sites/nacda.com/documents/2019/4/23/April25DIOverall.pdf,3
2018-19,LIU Brooklyn,winter,214,LIU Brooklyn,Northeast,DI,25.0,0.0,25.0,https://dxbhsrqyrr690.cloudfront.net/sidearm.nextgen.sites/nacda.com/documents/2019/4/23/April25DIOverall.pdf,3
2018-19,Robert Morris,winter,214,Robert Morris,Northeast,FCS,25.0,25.0,0.0,https://dxbhsrqyrr690.cloudfront.net/sidearm.nextgen.sites/nacda.com/documents/2019/4/23/April25DIOverall.pdf,3
2018-19,Mercer,winter,214,Mercer,SoCon,FCS,25.0,25.0,0.0,https://dxbhsrqyrr690.cloudfront.net/sidearm.nextgen.sites/nacda.com/documents/2019/4/23/April25DIOverall.pdf,3
2018-19,North Carolina Greensboro,winter,214,North Carolina Greensboro,SoCon,DI,25.0,0.0,25.0,https://dxbhsrqyrr690.cloudfront.net/sidearm.nextgen.sites/nacda.com/documents/2019/4/23/April25DIOverall.pdf,3
2018-19,Central Arkansas,winter,214,Central Arkansas,Southland,FCS,25.0,0.0,25.0,https://dxbhsrqyrr690.cloudfront.net/sidearm.nextgen.sites/nacda.com/documents/2019/4/23/April25DIOverall.pdf,3
2018-19,Lamar,winter,214,Lamar,Southland,FCS,25.0,0.0,25.0,https://dxbhsrqyrr690.cloudfront.net/sidearm.nextgen.sites/nacda.com/documents/2019/4/23/April25DIOverall.pdf,3
2018-19,Louisiana Lafayette,winter,214,Louisiana Lafayette,Sun Belt,FBS,25.0,0.0,25.0,https://dxbhsrqyrr690.cloudfront.net/sidearm.nextgen.sites/nacda.com/documents/2019/4/23/April25DIOverall.pdf,3
2018-19,Alabama State,winter,214,Alabama State,SWAC,FCS,25.0,0.0,25.0,https://dxbhsrqyrr690.cloudfront.net/sidearm.nextgen.sites/nacda.com/documents/2019/4/23/April25DIOverall.pdf,3
2018-19,Alcorn State,winter,214,Alcorn State,SWAC,FCS,25.0,0.0,25.0,https://dxbhsrqyrr690.cloudfront.net/sidearm.nextgen.sites/nacda.com/documents/2019/4/23/April25DIOverall.pdf,3
2018-19,Southern,winter,214,Southern,SWAC,FCS,25.0,25.0,0.0,https://dxbhsrqyrr690.cloudfront.net/sidearm.nextgen.sites/nacda.com/documents/2019/4/23/April25DIOverall.pdf,3
2018-19,Seattle,winter,214,Seattle,WAC,DI,25.0,0.0,25.0,https://dxbhsrqyrr690.cloudfront.net/sidearm.nextgen.sites/nacda.com/documents/2019/4/23/April25DIOverall.pdf,3
2018-19,Norfolk State,winter,251,Norfolk State,MEAC,FCS,24.0,24.0,0.0,https://dxbhsrqyrr690.cloudfront.net/sidearm.nextgen.sites/nacda.com/documents/2019/4/23/April25DIOverall.pdf,3
2018-19,Nebraska Omaha,winter,251,Nebraska Omaha,Summit,DI,24.0,24.0,0.0,https://dxbhsrqyrr690.cloudfront.net/sidearm.nextgen.sites/nacda.com/documents/2019/4/23/April25DIOverall.pdf,3
2018-19,George Mason,winter,253,George Mason,Atlantic 10,DI,23.5,23.5,0.0,https://dxbhsrqyrr690.cloudfront.net/sidearm.nextgen.sites/nacda.com/documents/2019/4/23/April25DIOverall.pdf,3
2018-19,Northern Colorado,winter,253,Northern Colorado,Big Sky,FCS,23.5,23.5,0.0,https://dxbhsrqyrr690.cloudfront.net/sidearm.nextgen.sites/nacda.com/documents/2019/4/23/April25DIOverall.pdf,3
2018-19,Detroit,winter,255,Detroit,Horizon League,DI,22.0,22.0,0.0,https://dxbhsrqyrr690.cloudfront.net/sidearm.nextgen.sites/nacda.com/documents/2019/4/23/April25DIOverall.pdf,3
2018-19,IUPUI,winter,256,IUPUI,Horizon League,DI,21.0,21.0,0.0,https://dxbhsrqyrr690.cloudfront.net/sidearm.nextgen.sites/nacda.com/documents/2019/4/23/April25DIOverall.pdf,3
2018-19,UC Santa Barbara,winter,257,UC Santa Barbara,Big West,DI,18.5,18.5,0.0,https://dxbhsrqyrr690.cloudfront.net/sidearm.nextgen.sites/nacda.com/documents/2019/4/23/April25DIOverall.pdf,3
2018-19,Drexel,winter,258,Drexel,CAA,DI,15.0,15.0,0.0,https://dxbhsrqyrr690.cloudfront.net/sidearm.nextgen.sites/nacda.com/documents/2019/4/23/April25DIOverall.pdf,3
2018-19,Kent State,winter,258,Kent State,MAC,FBS,15.0,15.0,0.0,https://dxbhsrqyrr690.cloudfront.net/sidearm.nextgen.sites/nacda.com/documents/2019/4/23/April25DIOverall.pdf,3
2018-19,SIU Edwardsville,winter,258,SIU Edwardsville,OVC,DI,15.0,15.0,0.0,https://dxbhsrqyrr690.cloudfront.net/sidearm.nextgen.sites/nacda.com/documents/2019/4/23/April25DIOverall.pdf,3
2018-19,Tennessee Chattanooga,winter,258,Tennessee Chattanooga,SoCon,FCS,15.0,15.0,0.0,https://dxbhsrqyrr690.cloudfront.net/sidearm.nextgen.sites/nacda.com/documents/2019/4/23/April25DIOverall.pdf,3
2018-19,McNeese State,winter,262,McNeese State,Southland,FCS,6.0,6.0,0.0,https://dxbhsrqyrr690.cloudfront.net/sidearm.nextgen.sites/nacda.com/documents/2019/4/23/April25DIOverall.pdf,3
2018-19,North Carolina Central,winter,263,North Carolina Central,MEAC,FCS,5.0,5.0,0.0,https://dxbhsrqyrr690.cloudfront.net/sidearm.nextgen.sites/nacda.com/documents/2019/4/23/April25DIOverall.pdf,3
2020-21,North Carolina,fall,1,North Carolina,ACC,FBS,371.0,371.0,371.0,https://dxbhsrqyrr690.cloudfront.net/sidearm.nextgen.sites/nacda.com/documents/2021/6/1/June3OverallDI.pdf,1
2020-21,BYU,fall,2,BYU,WCC,FBS,349.0,349.0,349.0,https://dxbhsrqyrr690.cloudfront.net/sidearm.nextgen.sites/nacda.com/documents/2021/6/1/June3OverallDI.pdf,1
2020-21,Stanford,fall,3,Stanford,Pac 12,FBS,339.0,339.0,339.0,https://dxbhsrqyrr690.cloudfront.net/sidearm.nextgen.sites/nacda.com/documents/2021/6/1/June3OverallDI.pdf,1
2020-21,Washington,fall,4,Washington,Pac 12,FBS,295.0,295.0,295.0,https://dxbhsrqyrr690.cloudfront.net/sidearm.nextgen.sites/nacda.com/documents/2021/6/1/June3OverallDI.pdf,1
2020-21,Oklahoma State,fall,5,Oklahoma State,Big 12,FBS,230.0,230.0,230.0,https://dxbhsrqyrr690.cloudfront.net/sidearm.nextgen.sites/nacda.com/documents/2021/6/1/June3OverallDI.pdf,1
2020-21,Clemson,fall,6,Clemson,ACC,FBS,222.0,222.0,222.0,https://dxbhsrqyrr690.cloudfront.net/sidearm.nextgen.sites/nacda.com/documents/2021/6/1/June3OverallDI.pdf,1
2020-21,Ole Miss,fall,7,Ole Miss,SEC,FBS,217.0,217.0,217.0,https://dxbhsrqyrr690.cloudfront.net/sidearm.nextgen.sites/nacda.com/documents/2021/6/1/June3OverallDI.pdf,1
2020-21,Notre Dame,fall,8,Notre Dame,ACC,FBS,215.0,215.0,215.0,https://dxbhsrqyrr690.cloudfront.net/sidearm.nextgen.sites/nacda.com/documents/2021/6/1/June3OverallDI.pdf,1
2020-21,UCLA,fall,9,UCLA,Pac 12,FBS,214.0,214.0,214.0,https://dxbhsrqyrr690.cloudfront.net/sidearm.nextgen.sites/nacda.com/documents/2021/6/1/June3OverallDI.pdf,1
2020-21,Indiana,fall,10,Indiana,Big Ten,FBS,211.0,211.0,211.0,https://dxbhsrqyrr690.cloudfront.net/sidearm.nextgen.sites/nacda.com/documents/2021/6/1/June3OverallDI.pdf,1
2020-21,Arkansas,fall,11,Arkansas,SEC,FBS,209.0,209.0,209.0,https://dxbhsrqyrr690.cloudfront.net/sidearm.nextgen.sites/nacda.com/documents/2021/6/1/June3OverallDI.pdf,1
2020-21,Kentucky,fall,11,Kentucky,SEC,FBS,209.0,209.0,209.0,https://dxbhsrqyrr690.cloudfront.net/sidearm.nextgen.sites/nacda.com/documents/2021/6/1/June3OverallDI.pdf,1
2020-21,Georgetown,fall,13,Georgetown,Big East,FCS,205.0,205.0,205.0,https://dxbhsrqyrr690.cloudfront.net/sidearm.nextgen.sites/nacda.com/documents/2021/6/1/June3OverallDI.pdf,1
2020-21,Ohio State,fall,14,Ohio State,Big Ten,FBS,204.0,204.0,204.0,https://dxbhsrqyrr690.cloudfront.net/sidearm.nextgen.sites/nacda.com/documents/2021/6/1/June3OverallDI.pdf,1
2020-21,Iowa,fall,15,Iowa,Big Ten,FBS,193.0,193.0,193.0,https://dxbhsrqyrr690.cloudfront.net/sidearm.nextgen.sites/nacda.com/documents/2021/6/1/June3OverallDI.pdf,1
2020-21,USC,fall,15,USC,Pac 12,FBS,193.0,193.0,193.0,https://dxbhsrqyrr690.cloudfront.net/sidearm.nextgen.sites/nacda.com/documents/2021/6/1/June3OverallDI.pdf,1
2020-21,Penn State,fall,17,Penn State,Big Ten,FBS,192.0,192.0,192.0,https://dxbhsrqyrr690.cloudfront.net/sidearm.nextgen.sites/nacda.com/documents/2021/6/1/June3OverallDI.pdf,1
2020-21,Colorado,fall,18,Colorado,Pac 12,FBS,167.0,167.0,167.0,https://dxbhsrqyrr690.cloudfront.net/sidearm.nextgen.sites/nacda.com/documents/2021/6/1/June3OverallDI.pdf,1
2020-21,Alabama,fall,18,Alabama,SEC,FBS,166.0,166.0,166.0,https://dxbhsrqyrr690.cloudfront.net/sidearm.nextgen.sites/nacda.com/documents/2021/6/1/June3OverallDI.pdf,1
2020-21,Wisconsin,fall,20,Wisconsin,Big Ten,FBS,166.0,166.0,166.0,https://dxbhsrqyrr690.cloudfront.net/sidearm.nextgen.sites/nacda.com/documents/2021/6/1/June3OverallDI.pdf,1
2020-21,Iowa State,fall,21,Iowa State,Big 12,FBS,159.0,159.0,159.0,https://dxbhsrqyrr690.cloudfront.net/sidearm.nextgen.sites/nacda.com/documents/2021/6/1/June3OverallDI.pdf,1
2020-21,Northern Arizona,fall,22,Northern Arizona,Big Sky,FCS,157.0,157.0,157.0,https://dxbhsrqyrr690.cloudfront.net/sidearm.nextgen.sites/nacda.com/documents/2021/6/1/June3OverallDI.pdf,1
2020-21,Pittsburgh,fall,23,Pittsburgh,ACC,FBS,156.0,156.0,156.0,https://dxbhsrqyrr690.cloudfront.net/sidearm.nextgen.sites/nacda.com/documents/2021/6/1/June3OverallDI.pdf,1
2020-21,Texas A&M,fall,24,Texas A&M,SEC,FBS,153.0,153.0,153.0,https://dxbhsrqyrr690.cloudfront.net/sidearm.nextgen.sites/nacda.com/documents/2021/6/1/June3OverallDI.pdf,1
2020-21,Louisville,fall,25,Louisville,ACC,FBS,147.0,147.0,147.0,https://dxbhsrqyrr690.cloudfront.net/sidearm.nextgen.sites/nacda.com/documents/2021/6/1/June3OverallDI.pdf,1
2020-21,Texas,fall,26,Texas,Big 12,FBS,144.0,144.0,144.0,https://dxbhsrqyrr690.cloudfront.net/sidearm.nextgen.sites/nacda.com/documents/2021/6/1/June3OverallDI.pdf,1
2020-21,North Carolina State,fall,27,North Carolina State,ACC,FBS,143.0,143.0,143.0,https://dxbhsrqyrr690.cloudfront.net/sidearm.nextgen.sites/nacda.com/documents/2021/6/1/June3OverallDI.pdf,1
2020-21,Wake Forest,fall,27,Wake Forest,ACC,FBS,143.0,143.0,143.0,https://dxbhsrqyrr690.cloudfront.net/sidearm.nextgen.sites/nacda.com/documents/2021/6/1/June3OverallDI.pdf,1
2020-21,Minnesota,fall,29,Minnesota,Big Ten,FBS,139.0,139.0,139.0,https://dxbhsrqyrr690.cloudfront.net/sidearm.nextgen.sites/nacda.com/documents/2021/6/1/June3OverallDI.pdf,1
2020-21,Florida,fall,30,Florida,SEC,FBS,137.5,137.5,137.5,https://dxbhsrqyrr690.cloudfront.net/sidearm.nextgen.sites/nacda.com/documents/2021/6/1/June3OverallDI.pdf,1
2020-21,Duke,fall,31,Duke,ACC,FBS,135.0,135.0,135.0,https://dxbhsrqyrr690.cloudfront.net/sidearm.nextgen.sites/nacda.com/documents/2021/6/1/June3OverallDI.pdf,1
2020-21,Florida State,fall,31,Florida State,ACC,FBS,135.0,135.0,135.0,https://dxbhsrqyrr690.cloudfront.net/sidearm.nextgen.sites/nacda.com/documents/2021/6/1/June3OverallDI.pdf,1
2020-21,James Madison,fall,33,James Madison,CAA,FCS,133.0,133.0,133.0,https://dxbhsrqyrr690.cloudfront.net/sidearm.nextgen.sites/nacda.com/documents/2021/6/1/June3OverallDI.pdf,1
2020-21,Michigan,fall,34,Michigan,Big Ten,FBS,130.0,130.0,130.0,https://dxbhsrqyrr690.cloudfront.net/sidearm.nextgen.sites/nacda.com/documents/2021/6/1/June3OverallDI.pdf,1
2020-21,Northwestern,fall,35,Northwestern,Big Ten,FBS,127.5,127.5,127.5,https://dxbhsrqyrr690.cloudfront.net/sidearm.nextgen.sites/nacda.com/documents/2021/6/1/June3OverallDI.pdf,1
2020-21,Marshall,fall,36,Marshall,Conference USA,FBS,125.0,125.0,125.0,https://dxbhsrqyrr690.cloudfront.net/sidearm.nextgen.sites/nacda.com/documents/2021/6/1/June3OverallDI.pdf,1
2020-21,New Mexico,fall,37,New Mexico,Mountain West,FBS,122.0,122.0,122.0,https://dxbhsrqyrr690.cloudfront.net/sidearm.nextgen.sites/nacda.com/documents/2021/6/1/June3OverallDI.pdf,1
2020-21,Michigan State,fall,38,Michigan State,Big Ten,FBS,120.0,120.0,120.0,https://dxbhsrqyrr690.cloudfront.net/sidearm.nextgen.sites/nacda.com/documents/2021/6/1/June3OverallDI.pdf,1
2020-21,Tulsa,fall,39,Tulsa,American,FBS,115.0,115.0,115.0,https://dxbhsrqyrr690.cloudfront.net/sidearm.nextgen.sites/nacda.com/documents/2021/6/1/June3OverallDI.pdf,1
2020-21,UCF,fall,40,UCF,American,FBS,114.0,114.0,114.0,https://dxbhsrqyrr690.cloudfront.net/sidearm.nextgen.sites/nacda.com/documents/2021/6/1/June3OverallDI.pdf,1
2020-21,Coastal Carolina,fall,41,Coastal Carolina,Sun Belt,FBS,111.5,111.5,111.5,https://dxbhsrqyrr690.cloudfront.net/sidearm.nextgen.sites/nacda.com/documents/2021/6/1/June3OverallDI.pdf,1
2020-21,West Virginia,fall,42,West Virginia,Big 12,FBS,111.0,111.0,111.0,https://dxbhsrqyrr690.cloudfront.net/sidearm.nextgen.sites/nacda.com/documents/2021/6/1/June3OverallDI.pdf,1
2020-21,Delaware,fall,43,Delaware,CAA,FCS,108.0,108.0,108.0,https://dxbhsrqyrr690.cloudfront.net/sidearm.nextgen.sites/nacda.com/documents/2021/6/1/June3OverallDI.pdf,1
2020-21,Liberty,fall,44,Liberty,ASUN,FBS,103.0,103.0,103.0,https://dxbhsrqyrr690.cloudfront.net/sidearm.nextgen.sites/nacda.com/documents/2021/6/1/June3OverallDI.pdf,1
2020-21,High Point,fall,45,High Point,Big South,DI,100.0,100.0,100.0,https://dxbhsrqyrr690.cloudfront.net/sidearm.nextgen.sites/nacda.com/documents/2021/6/1/June3OverallDI.pdf,1
2020-21,Sam Houston State,fall,45,Sam Houston State,Southland,FCS,100.0,100.0,100.0,https://dxbhsrqyrr690.cloudfront.net/sidearm.nextgen.sites/nacda.com/documents/2021/6/1/June3OverallDI.pdf,1
2020-21,Santa Clara,fall,45,Santa Clara,WCC,DI,100.0,100.0,100.0,https://dxbhsrqyrr690.cloudfront.net/sidearm.nextgen.sites/nacda.com/documents/2021/6/1/June3OverallDI.pdf,1
2020-21,Oregon State,fall,48,Oregon State,Pac 12,FBS,92.0,92.0,92.0,https://dxbhsrqyrr690.cloudfront.net/sidearm.nextgen.sites/nacda.com/documents/2021/6/1/June3OverallDI.pdf,1
2020-21,South Dakota State,fall,49,South Dakota State,Summit,FCS,90.0,90.0,90.0,https://dxbhsrqyrr690.cloudfront.net/sidearm.nextgen.sites/nacda.com/documents/2021/6/1/June3OverallDI.pdf,1
2020-21,Missouri State,fall,50,Missouri State,Missouri Valley,FCS,89.0,89.0,89.0,https://dxbhsrqyrr690.cloudfront.net/sidearm.nextgen.sites/nacda.com/documents/2021/6/1/June3OverallDI.pdf,1
2020-21,Oregon,fall,50,Oregon,Pac 12,FBS,89.0,89.0,89.0,https://dxbhsrqyrr690.cloudfront.net/sidearm.nextgen.sites/nacda.com/documents/2021/6/1/June3OverallDI.pdf,1
2020-21,Purdue,fall,50,Purdue,Big Ten,FBS,89.0,89.0,89.0,https://dxbhsrqyrr690.cloudfront.net/sidearm.nextgen.sites/nacda.com/documents/2021/6/1/June3OverallDI.pdf,1
2020-21,Rice,fall,50,Rice,Conference USA,FBS,89.0,89.0,89.0,https://dxbhsrqyrr690.cloudfront.net/sidearm.nextgen.sites/nacda.com/documents/2021/6/1/June3OverallDI.pdf,1
2020-21,Western Kentucky,fall,50,Western Kentucky,Conference USA,FBS,89.0,89.0,89.0,https://dxbhsrqyrr690.cloudfront.net/sidearm.nextgen.sites/nacda.com/documents/2021/6/1/June3OverallDI.pdf,1
2020-21,Air Force,fall,55,Air Force,Mountain West,FBS,86.0,86.0,86.0,https://dxbhsrqyrr690.cloudfront.net/sidearm.nextgen.sites/nacda.com/documents/2021/6/1/June3OverallDI.pdf,2
2020-21,Bucknell,fall,56,Bucknell,Patriot,FCS,85.0,85.0,85.0,https://dxbhsrqyrr690.cloudfront.net/sidearm.nextgen.sites/nacda.com/documents/2021/6/1/June3OverallDI.pdf,2
2020-21,Georgia Tech,fall,57,Georgia Tech,ACC,FBS,84.0,84.0,84.0,https://dxbhsrqyrr690.cloudfront.net/sidearm.nextgen.sites/nacda.com/documents/2021/6/1/June3OverallDI.pdf,2
2020-21,Virginia,fall,58,Virginia,ACC,FBS,83.0,83.0,83.0,https://dxbhsrqyrr690.cloudfront.net/sidearm.nextgen.sites/nacda.com/documents/2021/6/1/June3OverallDI.pdf,2
2020-21,TCU,fall,59,TCU,Big 12,FBS,78.0,78.0,78.0,https://dxbhsrqyrr690.cloudfront.net/sidearm.nextgen.sites/nacda.com/documents/2021/6/1/June3OverallDI.pdf,2
2020-21,Bowling Green,fall,60,Bowling Green,MAC,FBS,75.0,75.0,75.0,https://dxbhsrqyrr690.cloudfront.net/sidearm.nextgen.sites/nacda.com/documents/2021/6/1/June3OverallDI.pdf,2
2020-21,Monmouth,fall,60,Monmouth,MAAC,FCS,75.0,75.0,75.0,https://dxbhsrqyrr690.cloudfront.net/sidearm.nextgen.sites/nacda.com/documents/2021/6/1/June3OverallDI.pdf,2
2020-21,Utah Valley,fall,60,Utah Valley,WAC,DI,75.0,75.0,75.0,https://dxbhsrqyrr690.cloudfront.net/sidearm.nextgen.sites/nacda.com/documents/2021/6/1/June3OverallDI.pdf,2
2020-21,Weber State,fall,60,Weber State,Big Sky,FCS,75.0,75.0,75.0,https://dxbhsrqyrr690.cloudfront.net/sidearm.nextgen.sites/nacda.com/documents/2021/6/1/June3OverallDI.pdf,2
2020-21,Wisconsin Milwaukee,fall,60,Wisconsin Milwaukee,Horizon League,DI,75.0,75.0,75.0,https://dxbhsrqyrr690.cloudfront.net/sidearm.nextgen.sites/nacda.com/documents/2021/6/1/June3OverallDI.pdf,2
2020-21,Oklahoma,fall,65,Oklahoma,Big 12,FBS,73.5,73.5,73.5,https://dxbhsrqyrr690.cloudfront.net/sidearm.nextgen.sites/nacda.com/documents/2021/6/1/June3OverallDI.pdf,2
2020-21,Nebraska,fall,66,Nebraska,Big Ten,FBS,73.0,73.0,73.0,https://dxbhsrqyrr690.cloudfront.net/sidearm.nextgen.sites/nacda.com/documents/2021/6/1/June3OverallDI.pdf,2
2020-21,Seton Hall,fall,66,Seton Hall,Big East,DI,73.0,73.0,73.0,https://dxbhsrqyrr690.cloudfront.net/sidearm.nextgen.sites/nacda.com/documents/2021/6/1/June3OverallDI.pdf,2
2020-21,Georgia,fall,68,Georgia,SEC,FBS,72.0,72.0,72.0,https://dxbhsrqyrr690.cloudfront.net/sidearm.nextgen.sites/nacda.com/documents/2021/6/1/June3OverallDI.pdf,2
2020-21,Cincinnati,fall,69,Cincinnati,American,FBS,70.5,70.5,70.5,https://dxbhsrqyrr690.cloudfront.net/sidearm.nextgen.sites/nacda.com/documents/2021/6/1/June3OverallDI.pdf,2
2020-21,Memphis,fall,70,Memphis,American,FBS,70.0,70.0,70.0,https://dxbhsrqyrr690.cloudfront.net/sidearm.nextgen.sites/nacda.com/documents/2021/6/1/June3OverallDI.pdf,2
2020-21,Charlotte,fall,71,Charlotte,Conference USA,FBS,68.0,68.0,68.0,https://dxbhsrqyrr690.cloudfront.net/sidearm.nextgen.sites/nacda.com/documents/2021/6/1/June3OverallDI.pdf,2
2020-21,Baylor,fall,72,Baylor,Big 12,FBS,64.0,64.0,64.0,https://dxbhsrqyrr690.cloudfront.net/sidearm.nextgen.sites/nacda.com/documents/2021/6/1/June3OverallDI.pdf,2
2020-21,Marquette,fall,72,Marquette,Big East,DI,64.0,64.0,64.0,https://dxbhsrqyrr690.cloudfront.net/sidearm.nextgen.sites/nacda.com/documents/2021/6/1/June3OverallDI.pdf,2
2020-21,Virginia Tech,fall,72,Virginia Tech,ACC,FBS,64.0,64.0,64.0,https://dxbhsrqyrr690.cloudfront.net/sidearm.nextgen.sites/nacda.com/documents/2021/6/1/June3OverallDI.pdf,2
2020-21,Boise State,fall,75,Boise State,Mountain West,FBS,63.0,63.0,63.0,https://dxbhsrqyrr690.cloudfront.net/sidearm.nextgen.sites/nacda.com/documents/2021/6/1/June3OverallDI.pdf,2
2020-21,Furman,fall,75,Furman,SoCon,FCS,63.0,63.0,63.0,https://dxbhsrqyrr690.cloudfront.net/sidearm.nextgen.sites/nacda.com/documents/2021/6/1/June3OverallDI.pdf,2
2020-21,Southern Utah,fall,75,Southern Utah,Big Sky,FCS,63.0,63.0,63.0,https://dxbhsrqyrr690.cloudfront.net/sidearm.nextgen.sites/nacda.com/documents/2021/6/1/June3OverallDI.pdf,2
2020-21,Portland,fall,78,Portland,WCC,DI,62.0,62.0,62.0,https://dxbhsrqyrr690.cloudfront.net/sidearm.nextgen.sites/nacda.com/documents/2021/6/1/June3OverallDI.pdf,2
2020-21,Iona,fall,79,Iona,MAAC,DI,60.0,60.0,60.0,https://dxbhsrqyrr690.cloudfront.net/sidearm.nextgen.sites/nacda.com/documents/2021/6/1/June3OverallDI.pdf,2
2020-21,Jacksonville State,fall,79,Jacksonville State,OVC,FCS,60.0,60.0,60.0,https://dxbhsrqyrr690.cloudfront.net/sidearm.nextgen.sites/nacda.com/documents/2021/6/1/June3OverallDI.pdf,2
2020-21,North Dakota,fall,79,North Dakota,Summit,FCS,60.0,60.0,60.0,https://dxbhsrqyrr690.cloudfront.net/sidearm.nextgen.sites/nacda.com/documents/2021/6/1/June3OverallDI.pdf,2
2020-21,North Dakota State,fall,79,North Dakota State,Summit,FCS,60.0,60.0,60.0,https://dxbhsrqyrr690.cloudfront.net/sidearm.nextgen.sites/nacda.com/documents/2021/6/1/June3OverallDI.pdf,2
2020-21,Southern Illinois,fall,79,Southern Illinois,Missouri Valley,FCS,60.0,60.0,60.0,https://dxbhsrqyrr690.cloudfront.net/sidearm.nextgen.sites/nacda.com/documents/2021/6/1/June3OverallDI.pdf,2
2020-21,UConn,fall,79,UConn,American,FBS,60.0,60.0,60.0,https://dxbhsrqyrr690.cloudfront.net/sidearm.nextgen.sites/nacda.com/documents/2021/6/1/June3OverallDI.pdf,2
2020-21,Louisiana,fall,85,Louisiana,Sun Belt,FBS,58.5,58.5,58.5,https://dxbhsrqyrr690.cloudfront.net/sidearm.nextgen.sites/nacda.com/documents/2021/6/1/June3OverallDI.pdf,2
2020-21,Utah State,fall,86,Utah State,Mountain West,FBS,57.0,57.0,57.0,https://dxbhsrqyrr690.cloudfront.net/sidearm.nextgen.sites/nacda.com/documents/2021/6/1/June3OverallDI.pdf,2
2020-21,California,fall,87,California,Pac 12,FBS,55.0,55.0,55.0,https://dxbhsrqyrr690.cloudfront.net/sidearm.nextgen.sites/nacda.com/documents/2021/6/1/June3OverallDI.pdf,2
2020-21,Missouri,fall,87,Missouri,SEC,FBS,55.0,55.0,55.0,https://dxbhsrqyrr690.cloudfront.net/sidearm.nextgen.sites/nacda.com/documents/2021/6/1/June3OverallDI.pdf,2
2020-21,South Carolina,fall,87,South Carolina,SEC,FBS,55.0,55.0,55.0,https://dxbhsrqyrr690.cloudfront.net/sidearm.nextgen.sites/nacda.com/documents/2021/6/1/June3OverallDI.pdf,2
2020-21,Miami (FL),fall,90,Miami (FL),ACC,FBS,52.0,52.0,52.0,https://dxbhsrqyrr690.cloudfront.net/sidearm.nextgen.sites/nacda.com/documents/2021/6/1/June3OverallDI.pdf,2
2020-21,Ball State,fall,91,Ball State,MAC,FBS,51.0,51.0,51.0,https://dxbhsrqyrr690.cloudfront.net/sidearm.nextgen.sites/nacda.com/documents/2021/6/1/June3OverallDI.pdf,2
2020-21,Butler,fall,91,Butler,Big East,FCS,51.0,51.0,51.0,https://dxbhsrqyrr690.cloudfront.net/sidearm.nextgen.sites/nacda.com/documents/2021/6/1/June3OverallDI.pdf,2
2020-21,American,fall,93,American,Patriot,DI,50.0,50.0,50.0,https://dxbhsrqyrr690.cloudfront.net/sidearm.nextgen.sites/nacda.com/documents/2021/6/1/June3OverallDI.pdf,2
2020-21,Arizona State,fall,93,Arizona State,Pac 12,FBS,50.0,50.0,50.0,https://dxbhsrqyrr690.cloudfront.net/sidearm.nextgen.sites/nacda.com/documents/2021/6/1/June3OverallDI.pdf,2
2020-21,Army West Point,fall,93,Army West Point,Patriot,FBS,50.0,50.0,50.0,https://dxbhsrqyrr690.cloudfront.net/sidearm.nextgen.sites/nacda.com/documents/2021/6/1/June3OverallDI.pdf,2
2020-21,Dayton,fall,93,Dayton,Atlantic 10,FCS,50.0,50.0,50.0,https://dxbhsrqyrr690.cloudfront.net/sidearm.nextgen.sites/nacda.com/documents/2021/6/1/June3OverallDI.pdf,2
2020-21,Denver,fall,93,Denver,Summit,DI,50.0,50.0,50.0,https://dxbhsrqyrr690.cloudfront.net/sidearm.nextgen.sites/nacda.com/documents/2021/6/1/June3OverallDI.pdf,2
2020-21,Fordham,fall,93,Fordham,Atlantic 10,FCS,50.0,50.0,50.0,https://dxbhsrqyrr690.cloudfront.net/sidearm.nextgen.sites/nacda.com/documents/2021/6/1/June3OverallDI.pdf,2
2020-21,Grand Canyon,fall,93,Grand Canyon,WAC,DI,50.0,50.0,50.0,https://dxbhsrqyrr690.cloudfront.net/sidearm.nextgen.sites/nacda.com/documents/2021/6/1/June3OverallDI.pdf,2
2020-21,Loyola Marymount,fall,93,Loyola Marymount,WCC,DI,50.0,50.0,50.0,https://dxbhsrqyrr690.cloudfront.net/sidearm.nextgen.sites/nacda.com/documents/2021/6/1/June3OverallDI.pdf,2
2020-21,Maryland,fall,93,Maryland,Big Ten,FBS,50.0,50.0,50.0,https://dxbhsrqyrr690.cloudfront.net/sidearm.nextgen.sites/nacda.com/documents/2021/6/1/June3OverallDI.pdf,2
2020-21,Massachusetts,fall,93,Massachusetts,Atlantic 10,FBS,50.0,50.0,50.0,https://dxbhsrqyrr690.cloudfront.net/sidearm.nextgen.sites/nacda.com/documents/2021/6/1/June3OverallDI.pdf,2
2020-21,Morehead State,fall,93,Morehead State,OVC,FCS,50.0,50.0,50.0,https://dxbhsrqyrr690.cloudfront.net/sidearm.nextgen.sites/nacda.com/documents/2021/6/1/June3OverallDI.pdf,3
2020-21,New Hampshire,fall,93,New Hampshire,America East,FCS,50.0,50.0,50.0,https://dxbhsrqyrr690.cloudfront.net/sidearm.nextgen.sites/nacda.com/documents/2021/6/1/June3OverallDI.pdf,3
2020-21,North Carolina A&T,fall,93,North Carolina A&T,MEAC,FCS,50.0,50.0,50.0,https://dxbhsrqyrr690.cloudfront.net/sidearm.nextgen.sites/nacda.com/documents/2021/6/1/June3OverallDI.pdf,3
2020-21,Omaha,fall,93,Omaha,Summit,DI,50.0,50.0,50.0,https://dxbhsrqyrr690.cloudfront.net/sidearm.nextgen.sites/nacda.com/documents/2021/6/1/June3OverallDI.pdf,3
2020-21,Pepperdine,fall,93,Pepperdine,WCC,DI,50.0,50.0,50.0,https://dxbhsrqyrr690.cloudfront.net/sidearm.nextgen.sites/nacda.com/documents/2021/6/1/June3OverallDI.pdf,3
2020-21,Rider,fall,93,Rider,MAAC,DI,50.0,50.0,50.0,https://dxbhsrqyrr690.cloudfront.net/sidearm.nextgen.sites/nacda.com/documents/2021/6/1/June3OverallDI.pdf,3
2020-21,Rutgers,fall,93,Rutgers,Big Ten,FBS,50.0,50.0,50.0,https://dxbhsrqyrr690.cloudfront.net/sidearm.nextgen.sites/nacda.com/documents/2021/6/1/June3OverallDI.pdf,3
2020-21,Saint Louis,fall,93,Saint Louis,Atlantic 10,DI,50.0,50.0,50.0,https://dxbhsrqyrr690.cloudfront.net/sidearm.nextgen.sites/nacda.com/documents/2021/6/1/June3OverallDI.pdf,3
2020-21,San Diego,fall,93,San Diego,WCC,FCS,50.0,50.0,50.0,https://dxbhsrqyrr690.cloudfront.net/sidearm.nextgen.sites/nacda.com/documents/2021/6/1/June3OverallDI.pdf,3
2020-21,San Jose State,fall,93,San Jose State,Mountain West,FBS,50.0,50.0,50.0,https://dxbhsrqyrr690.cloudfront.net/sidearm.nextgen.sites/nacda.com/documents/2021/6/1/June3OverallDI.pdf,3
2020-21,South Alabama,fall,93,South Alabama,Sun Belt,FBS,50.0,50.0,50.0,https://dxbhsrqyrr690.cloudfront.net/sidearm.nextgen.sites/nacda.com/documents/2021/6/1/June3OverallDI.pdf,3
2020-21,South Florida,fall,93,South Florida,American,FBS,50.0,50.0,50.0,https://dxbhsrqyrr690.cloudfront.net/sidearm.nextgen.sites/nacda.com/documents/2021/6/1/June3OverallDI.pdf,3
2020-21,St. Francis (NY),fall,93,St. Francis (NY),Northeast,DI,50.0,50.0,50.0,https://dxbhsrqyrr690.cloudfront.net/sidearm.nextgen.sites/nacda.com/documents/2021/6/1/June3OverallDI.pdf,3
2020-21,Texas State,fall,93,Texas State,Sun Belt,FBS,50.0,50.0,50.0,https://dxbhsrqyrr690.cloudfront.net/sidearm.nextgen.sites/nacda.com/documents/2021/6/1/June3OverallDI.pdf,3
2020-21,UNLV,fall,93,UNLV,Mountain West,FBS,50.0,50.0,50.0,https://dxbhsrqyrr690.cloudfront.net/sidearm.nextgen.sites/nacda.com/documents/2021/6/1/June3OverallDI.pdf,3
2020-21,Utah,fall,93,Utah,Pac 12,FBS,50.0,50.0,50.0,https://dxbhsrqyrr690.cloudfront.net/sidearm.nextgen.sites/nacda.com/documents/2021/6/1/June3OverallDI.pdf,3
2020-21,Vanderbilt,fall,93,Vanderbilt,SEC,FBS,50.0,50.0,50.0,https://dxbhsrqyrr690.cloudfront.net/sidearm.nextgen.sites/nacda.com/documents/2021/6/1/June3OverallDI.pdf,3
2020-21,Washington State,fall,93,Washington State,Pac 12,FBS,50.0,50.0,50.0,https://dxbhsrqyrr690.cloudfront.net/sidearm.nextgen.sites/nacda.com/documents/2021/6/1/June3OverallDI.pdf,3
2020-21,Wright State,fall,93,Wright State,Horizon League,DI,50.0,50.0,50.0,https://dxbhsrqyrr690.cloudfront.net/sidearm.nextgen.sites/nacda.com/documents/2021/6/1/June3OverallDI.pdf,3
2020-21,Buffalo,fall,122,Buffalo,MAC,FBS,49.0,49.0,49.0,https://dxbhsrqyrr690.cloudfront.net/sidearm.nextgen.sites/nacda.com/documents/2021/6/1/June3OverallDI.pdf,3
2020-21,Appalachian State,fall,123,Appalachian State,Sun Belt,FBS,45.0,45.0,45.0,https://dxbhsrqyrr690.cloudfront.net/sidearm.nextgen.sites/nacda.com/documents/2021/6/1/June3OverallDI.pdf,3
2020-21,Georgia Southern,fall,123,Georgia Southern,Sun Belt,FBS,45.0,45.0,45.0,https://dxbhsrqyrr690.cloudfront.net/sidearm.nextgen.sites/nacda.com/documents/2021/6/1/June3OverallDI.pdf,3
2020-21,Georgia State,fall,123,Georgia State,Sun Belt,FBS,45.0,45.0,45.0,https://dxbhsrqyrr690.cloudfront.net/sidearm.nextgen.sites/nacda.com/documents/2021/6/1/June3OverallDI.pdf,3
2020-21,Hawaii,fall,123,Hawaii,Big West,FBS,45.0,45.0,45.0,https://dxbhsrqyrr690.cloudfront.net/sidearm.nextgen.sites/nacda.com/documents/2021/6/1/June3OverallDI.pdf,3
2020-21,Mississippi State,fall,123,Mississippi State,SEC,FBS,45.0,45.0,45.0,https://dxbhsrqyrr690.cloudfront.net/sidearm.nextgen.sites/nacda.com/documents/2021/6/1/June3OverallDI.pdf,3
2020-21,Nevada,fall,123,Nevada,Mountain West,FBS,45.0,45.0,45.0,https://dxbhsrqyrr690.cloudfront.net/sidearm.nextgen.sites/nacda.com/documents/2021/6/1/June3OverallDI.pdf,3
2020-21,Villanova,fall,129,Villanova,Big East,FCS,34.0,34.0,34.0,https://dxbhsrqyrr690.cloudfront.net/sidearm.nextgen.sites/nacda.com/documents/2021/6/1/June3OverallDI.pdf,3
2020-21,Illinois,fall,130,Illinois,Big Ten,FBS,32.0,32.0,32.0,https://dxbhsrqyrr690.cloudfront.net/sidearm.nextgen.sites/nacda.com/documents/2021/6/1/June3OverallDI.pdf,3
2020-21,Colorado State,fall,131,Colorado State,Mountain West,FBS,28.0,28.0,28.0,https://dxbhsrqyrr690.cloudfront.net/sidearm.nextgen.sites/nacda.com/documents/2021/6/1/June3OverallDI.pdf,3
2020-21,Alabama State,fall,132,Alabama State,SWAC,FCS,25.0,25.0,25.0,https://dxbhsrqyrr690.cloudfront.net/sidearm.nextgen.sites/nacda.com/documents/2021/6/1/June3OverallDI.pdf,3
2020-21,Auburn,fall,132,Auburn,SEC,FBS,25.0,25.0,25.0,https://dxbhsrqyrr690.cloudfront.net/sidearm.nextgen.sites/nacda.com/documents/2021/6/1/June3OverallDI.pdf,3
2020-21,California Baptist,fall,132,California Baptist,WAC,DI,25.0,25.0,25.0,https://dxbhsrqyrr690.cloudfront.net/sidearm.nextgen.sites/nacda.com/documents/2021/6/1/June3OverallDI.pdf,3
2020-21,Campbell,fall,132,Campbell,Big South,FCS,25.0,25.0,25.0,https://dxbhsrqyrr690.cloudfront.net/sidearm.nextgen.sites/nacda.com/documents/2021/6/1/June3OverallDI.pdf,3
2020-21,Central Connecticut State,fall,132,Central Connecticut State,Northeast,FCS,25.0,25.0,25.0,https://dxbhsrqyrr690.cloudfront.net/sidearm.nextgen.sites/nacda.com/documents/2021/6/1/June3OverallDI.pdf,3
2020-21,Creighton,fall,132,Creighton,Big East,DI,25.0,25.0,25.0,https://dxbhsrqyrr690.cloudfront.net/sidearm.nextgen.sites/nacda.com/documents/2021/6/1/June3OverallDI.pdf,3
2020-21,Davidson,fall,132,Davidson,Atlantic 10,FCS,25.0,25.0,25.0,https://dxbhsrqyrr690.cloudfront.net/sidearm.nextgen.sites/nacda.com/documents/2021/6/1/June3OverallDI.pdf,3
2020-21,Eastern Washington,fall,132,Eastern Washington,Big Sky,FCS,25.0,25.0,25.0,https://dxbhsrqyrr690.cloudfront.net/sidearm.nextgen.sites/nacda.com/documents/2021/6/1/June3OverallDI.pdf,3
2020-21,Elon,fall,132,Elon,CAA,FCS,25.0,25.0,25.0,https://dxbhsrqyrr690.cloudfront.net/sidearm.nextgen.sites/nacda.com/documents/2021/6/1/June3OverallDI.pdf,3
2020-21,FAU,fall,132,FAU,Conference USA,FBS,25.0,25.0,25.0,https://dxbhsrqyrr690.cloudfront.net/sidearm.nextgen.sites/nacda.com/documents/2021/6/1/June3OverallDI.pdf,3
2020-21,Holy Cross,fall,132,Holy Cross,Patriot,FCS,25.0,25.0,25.0,https://dxbhsrqyrr690.cloudfront.net/sidearm.nextgen.sites/nacda.com/documents/2021/6/1/June3OverallDI.pdf,3
2020-21,Houston,fall,132,Houston,American,FBS,25.0,25.0,25.0,https://dxbhsrqyrr690.cloudfront.net/sidearm.nextgen.sites/nacda.com/documents/2021/6/1/June3OverallDI.pdf,3
2020-21,Illinois State,fall,132,Illinois State,Missouri Valley,FCS,25.0,25.0,25.0,https://dxbhsrqyrr690.cloudfront.net/sidearm.nextgen.sites/nacda.com/documents/2021/6/1/June3OverallDI.pdf,3
2020-21,Jackson State,fall,132,Jackson State,SWAC,FCS,25.0,25.0,25.0,https://dxbhsrqyrr690.cloudfront.net/sidearm.nextgen.sites/nacda.com/documents/2021/6/1/June3OverallDI.pdf,3
2020-21,Jacksonville,fall,132,Jacksonville,ASUN,FCS,25.0,25.0,25.0,https://dxbhsrqyrr690.cloudfront.net/sidearm.nextgen.sites/nacda.com/documents/2021/6/1/June3OverallDI.pdf,3
2020-21,Lipscomb,fall,132,Lipscomb,ASUN,DI,25.0,25.0,25.0,https://dxbhsrqyrr690.cloudfront.net/sidearm.nextgen.sites/nacda.com/documents/2021/6/1/June3OverallDI.pdf,3
2020-21,LIU Brooklyn,fall,132,LIU Brooklyn,Northeast,DI,25.0,25.0,25.0,https://dxbhsrqyrr690.cloudfront.net/sidearm.nextgen.sites/nacda.com/documents/2021/6/1/June3OverallDI.pdf,3
2020-21,Louisiana Tech,fall,132,Louisiana Tech,Conference USA,FBS,25.0,25.0,25.0,https://dxbhsrqyrr690.cloudfront.net/sidearm.nextgen.sites/nacda.com/documents/2021/6/1/June3OverallDI.pdf,3
2020-21,Loyola Chicago,fall,132,Loyola Chicago,Missouri Valley,DI,25.0,25.0,25.0,https://dxbhsrqyrr690.cloudfront.net/sidearm.nextgen.sites/nacda.com/documents/2021/6/1/June3OverallDI.pdf,3
2020-21,Miami (OH),fall,132,Miami (OH),MAC,FBS,25.0,25.0,25.0,https://dxbhsrqyrr690.cloudfront.net/sidearm.nextgen.sites/nacda.com/documents/2021/6/1/June3OverallDI.pdf,3
2020-21,Montana,fall,132,Montana,Big Sky,FCS,25.0,25.0,25.0,https://dxbhsrqyrr690.cloudfront.net/sidearm.nextgen.sites/nacda.com/documents/2021/6/1/June3OverallDI.pdf,3
2020-21,Navy,fall,132,Navy,Patriot,FBS,25.0,25.0,25.0,https://dxbhsrqyrr690.cloudfront.net/sidearm.nextgen.sites/nacda.com/documents/2021/6/1/June3OverallDI.pdf,3
2020-21,North Carolina Greensboro,fall,132,North Carolina Greensboro,SoCon,DI,25.0,25.0,25.0,https://dxbhsrqyrr690.cloudfront.net/sidearm.nextgen.sites/nacda.com/documents/2021/6/1/June3OverallDI.pdf,3
2020-21,North Texas,fall,132,North Texas,Conference USA,FBS,25.0,25.0,25.0,https://dxbhsrqyrr690.cloudfront.net/sidearm.nextgen.sites/nacda.com/documents/2021/6/1/June3OverallDI.pdf,3
2020-21,Sacred Heart,fall,132,Sacred Heart,Northeast,FCS,25.0,25.0,25.0,https://dxbhsrqyrr690.cloudfront.net/sidearm.nextgen.sites/nacda.com/documents/2021/6/1/June3OverallDI.pdf,3
2020-21,Samford,fall,132,Samford,SoCon,FCS,25.0,25.0,25.0,https://dxbhsrqyrr690.cloudfront.net/sidearm.nextgen.sites/nacda.com/documents/2021/6/1/June3OverallDI.pdf,4
2020-21,Siena,fall,132,Siena,MAAC,DI,25.0,25.0,25.0,https://dxbhsrqyrr690.cloudfront.net/sidearm.nextgen.sites/nacda.com/documents/2021/6/1/June3OverallDI.pdf,4
2020-21,SIU Edwardsville,fall,132,SIU Edwardsville,OVC,DI,25.0,25.0,25.0,https://dxbhsrqyrr690.cloudfront.net/sidearm.nextgen.sites/nacda.com/documents/2021/6/1/June3OverallDI.pdf,4
2020-21,South Dakota,fall,132,South Dakota,Summit,FCS,25.0,25.0,25.0,https://dxbhsrqyrr690.cloudfront.net/sidearm.nextgen.sites/nacda.com/documents/2021/6/1/June3OverallDI.pdf,4
2020-21,Southeastern Louisiana,fall,132,Southeastern Louisiana,Southland,FCS,25.0,25.0,25.0,https://dxbhsrqyrr690.cloudfront.net/sidearm.nextgen.sites/nacda.com/documents/2021/6/1/June3OverallDI.pdf,4
2020-21,Stony Brook,fall,132,Stony Brook,America East,FCS,25.0,25.0,25.0,https://dxbhsrqyrr690.cloudfront.net/sidearm.nextgen.sites/nacda.com/documents/2021/6/1/June3OverallDI.pdf,4
2020-21,Texas A&M Corpus Christi,fall,132,Texas A&M Corpus Christi,Southland,DI,25.0,25.0,25.0,https://dxbhsrqyrr690.cloudfront.net/sidearm.nextgen.sites/nacda.com/documents/2021/6/1/June3OverallDI.pdf,4
2020-21,Towson,fall,132,Towson,CAA,FCS,25.0,25.0,25.0,https://dxbhsrqyrr690.cloudfront.net/sidearm.nextgen.sites/nacda.com/documents/2021/6/1/June3OverallDI.pdf,4
2020-21,Tulane,fall,132,Tulane,American,FBS,25.0,25.0,25.0,https://dxbhsrqyrr690.cloudfront.net/sidearm.nextgen.sites/nacda.com/documents/2021/6/1/June3OverallDI.pdf,4
2020-21,UMBC,fall,132,UMBC,America East,DI,25.0,25.0,25.0,https://dxbhsrqyrr690.cloudfront.net/sidearm.nextgen.sites/nacda.com/documents/2021/6/1/June3OverallDI.pdf,4
2020-21,UTSA,fall,132,UTSA,Conference USA,FBS,25.0,25.0,25.0,https://dxbhsrqyrr690.cloudfront.net/sidearm.nextgen.sites/nacda.com/documents/2021/6/1/June3OverallDI.pdf,4
2020-21,VCU,fall,132,VCU,Atlantic 10,DI,25.0,25.0,25.0,https://dxbhsrqyrr690.cloudfront.net/sidearm.nextgen.sites/nacda.com/documents/2021/6/1/June3OverallDI.pdf,4
2020-21,Virginia Military Institute,fall,132,Virginia Military Institute,SoCon,FCS,25.0,25.0,25.0,https://dxbhsrqyrr690.cloudfront.net/sidearm.nextgen.sites/nacda.com/documents/2021/6/1/June3OverallDI.pdf,4
2020-21,Gonzaga,fall,170,Gonzaga,WCC,DI,20.0,20.0,20.0,https://dxbhsrqyrr690.cloudfront.net/sidearm.nextgen.sites/nacda.com/documents/2021/6/1/June3OverallDI.pdf,4
2020-21,San Francisco,fall,171,San Francisco,WCC,DI,14.0,14.0,14.0,https://dxbhsrqyrr690.cloudfront.net/sidearm.nextgen.sites/nacda.com/documents/2021/6/1/June3OverallDI.pdf,4
2020-21,Syracuse,fall,171,Syracuse,ACC,FBS,14.0,14.0,14.0,https://dxbhsrqyrr690.cloudfront.net/sidearm.nextgen.sites/nacda.com/documents/2021/6/1/June3OverallDI.pdf,4
2020-21,Michigan,winter,1,Michigan,Big Ten,FBS,744.5,614.5,130.0,https://dxbhsrqyrr690.cloudfront.net/sidearm.nextgen.sites/nacda.com/documents/2021/6/1/June3OverallWinterDI.pdf,1
2020-21,Stanford,winter,2,Stanford,Pac 12,FBS,722.0,383.0,339.0,https://dxbhsrqyrr690.cloudfront.net/sidearm.nextgen.sites/nacda.com/documents/2021/6/1/June3OverallWinterDI.pdf,1
2020-21,North Carolina,winter,3,North Carolina,ACC,FBS,670.5,299.5,371.0,https://dxbhsrqyrr690.cloudfront.net/sidearm.nextgen.sites/nacda.com/documents/2021/6/1/June3OverallWinterDI.pdf,1
2020-21,Ohio State,winter,4,Ohio State,Big Ten,FBS,652.5,448.5,204.0,https://dxbhsrqyrr690.cloudfront.net/sidearm.nextgen.sites/nacda.com/documents/2021/6/1/June3OverallWinterDI.pdf,1
2020-21,Kentucky,winter,5,Kentucky,SEC,FBS,629.5,420.5,209.0,https://dxbhsrqyrr690.cloudfront.net/sidearm.nextgen.sites/nacda.com/documents/2021/6/1/June3OverallWinterDI.pdf,1
2020-21,BYU,winter,6,BYU,WCC,FBS,606.75,257.75,349.0,https://dxbhsrqyrr690.cloudfront.net/sidearm.nextgen.sites/nacda.com/documents/2021/6/1/June3OverallWinterDI.pdf,1
2020-21,Alabama,winter,7,Alabama,SEC,FBS,601.0,435.0,166.0,https://dxbhsrqyrr690.cloudfront.net/sidearm.nextgen.sites/nacda.com/documents/2021/6/1/June3OverallWinterDI.pdf,1
2020-21,Arkansas,winter,8,Arkansas,SEC,FBS,592.0,383.0,209.0,https://dxbhsrqyrr690.cloudfront.net/sidearm.nextgen.sites/nacda.com/documents/2021/6/1/June3OverallWinterDI.pdf,1
2020-21,Minnesota,winter,9,Minnesota,Big Ten,FBS,591.5,452.5,139.0,https://dxbhsrqyrr690.cloudfront.net/sidearm.nextgen.sites/nacda.com/documents/2021/6/1/June3OverallWinterDI.pdf,1
2020-21,Florida,winter,10,Florida,SEC,FBS,563.0,425.5,137.5,https://dxbhsrqyrr690.cloudfront.net/sidearm.nextgen.sites/nacda.com/documents/2021/6/1/June3OverallWinterDI.pdf,1
2020-21,Texas,winter,11,Texas,Big 12,FBS,558.25,414.25,144.0,https://dxbhsrqyrr690.cloudfront.net/sidearm.nextgen.sites/nacda.com/documents/2021/6/1/June3OverallWinterDI.pdf,1
2020-21,North Carolina State,winter,12,North Carolina State,ACC,FBS,544.75,401.75,143.0,https://dxbhsrqyrr690.cloudfront.net/sidearm.nextgen.sites/nacda.com/documents/2021/6/1/June3OverallWinterDI.pdf,1
2020-21,Iowa,winter,13,Iowa,Big Ten,FBS,539.5,346.5,193.0,https://dxbhsrqyrr690.cloudfront.net/sidearm.nextgen.sites/nacda.com/documents/2021/6/1/June3OverallWinterDI.pdf,1
2020-21,Indiana,winter,14,Indiana,Big Ten,FBS,520.5,309.5,211.0,https://dxbhsrqyrr690.cloudfront.net/sidearm.nextgen.sites/nacda.com/documents/2021/6/1/June3OverallWinterDI.pdf,1
2020-21,Notre Dame,winter,15,Notre Dame,ACC,FBS,501.0,286.0,215.0,https://dxbhsrqyrr690.cloudfront.net/sidearm.nextgen.sites/nacda.com/documents/2021/6/1/June3OverallWinterDI.pdf,1
2020-21,Georgia,winter,16,Georgia,SEC,FBS,485.5,413.5,72.0,https://dxbhsrqyrr690.cloudfront.net/sidearm.nextgen.sites/nacda.com/documents/2021/6/1/June3OverallWinterDI.pdf,1
2020-21,USC,winter,17,USC,Pac 12,FBS,484.0,291.0,193.0,https://dxbhsrqyrr690.cloudfront.net/sidearm.nextgen.sites/nacda.com/documents/2021/6/1/June3OverallWinterDI.pdf,1
2020-21,Texas A&M,winter,18,Texas A&M,SEC,FBS,469.0,316.0,153.0,https://dxbhsrqyrr690.cloudfront.net/sidearm.nextgen.sites/nacda.com/documents/2021/6/1/June3OverallWinterDI.pdf,1
2020-21,Wisconsin,winter,19,Wisconsin,Big Ten,FBS,465.0,299.0,166.0,https://dxbhsrqyrr690.cloudfront.net/sidearm.nextgen.sites/nacda.com/documents/2021/6/1/June3OverallWinterDI.pdf,1
2020-21,Oklahoma State,winter,20,Oklahoma State,Big 12,FBS,462.5,232.5,230.0,https://dxbhsrqyrr690.cloudfront.net/sidearm.nextgen.sites/nacda.com/documents/2021/6/1/June3OverallWinterDI.pdf,1
2020-21,Nebraska,winter,21,Nebraska,Big Ten,FBS,460.0,387.0,73.0,https://dxbhsrqyrr690.cloudfront.net/sidearm.nextgen.sites/nacda.com/documents/2021/6/1/June3OverallWinterDI.pdf,1
2020-21,Penn State,winter,22,Penn State,Big Ten,FBS,456.5,264.5,192.0,https://dxbhsrqyrr690.cloudfront.net/sidearm.nextgen.sites/nacda.com/documents/2021/6/1/June3OverallWinterDI.pdf,1
2020-21,Louisville,winter,23,Louisville,ACC,FBS,429.0,282.0,147.0,https://dxbhsrqyrr690.cloudfront.net/sidearm.nextgen.sites/nacda.com/documents/2021/6/1/June3OverallWinterDI.pdf,1
2020-21,Virginia Tech,winter,24,Virginia Tech,ACC,FBS,428.25,364.25,64.0,https://dxbhsrqyrr690.cloudfront.net/sidearm.nextgen.sites/nacda.com/documents/2021/6/1/June3OverallWinterDI.pdf,1
2020-21,Ole Miss,winter,25,Ole Miss,SEC,FBS,424.5,207.5,217.0,https://dxbhsrqyrr690.cloudfront.net/sidearm.nextgen.sites/nacda.com/documents/2021/6/1/June3OverallWinterDI.pdf,1
2020-21,Oklahoma,winter,26,Oklahoma,Big 12,FBS,414.5,341.0,73.5,https://dxbhsrqyrr690.cloudfront.net/sidearm.nextgen.sites/nacda.com/documents/2021/6/1/June3OverallWinterDI.pdf,1
2020-21,UCLA,winter,27,UCLA,Pac 12,FBS,413.75,199.75,214.0,https://dxbhsrqyrr690.cloudfront.net/sidearm.nextgen.sites/nacda.com/documents/2021/6/1/June3OverallWinterDI.pdf,1
2020-21,West Virginia,winter,28,West Virginia,Big 12,FBS,396.0,285.0,111.0,https://dxbhsrqyrr690.cloudfront.net/sidearm.nextgen.sites/nacda.com/documents/2021/6/1/June3OverallWinterDI.pdf,1
2020-21,Florida State,winter,29,Florida State,ACC,FBS,382.5,247.5,135.0,https://dxbhsrqyrr690.cloudfront.net/sidearm.nextgen.sites/nacda.com/documents/2021/6/1/June3OverallWinterDI.pdf,1
2020-21,Iowa State,winter,30,Iowa State,Big 12,FBS,379.75,220.75,159.0,https://dxbhsrqyrr690.cloudfront.net/sidearm.nextgen.sites/nacda.com/documents/2021/6/1/June3OverallWinterDI.pdf,1
2020-21,LSU,winter,31,LSU,SEC,FBS,379.25,379.25,0.0,https://dxbhsrqyrr690.cloudfront.net/sidearm.nextgen.sites/nacda.com/documents/2021/6/1/June3OverallWinterDI.pdf,1
2020-21,Oregon,winter,32,Oregon,Pac 12,FBS,377.0,288.0,89.0,https://dxbhsrqyrr690.cloudfront.net/sidearm.nextgen.sites/nacda.com/documents/2021/6/1/June3OverallWinterDI.pdf,1
2020-21,Missouri,winter,33,Missouri,SEC,FBS,371.0,316.0,55.0,https://dxbhsrqyrr690.cloudfront.net/sidearm.nextgen.sites/nacda.com/documents/2021/6/1/June3OverallWinterDI.pdf,1
2020-21,Northwestern,winter,34,Northwestern,Big Ten,FBS,363.5,236.0,127.5,https://dxbhsrqyrr690.cloudfront.net/sidearm.nextgen.sites/nacda.com/documents/2021/6/1/June3OverallWinterDI.pdf,1
2020-21,California,winter,35,California,Pac 12,FBS,362.25,307.25,55.0,https://dxbhsrqyrr690.cloudfront.net/sidearm.nextgen.sites/nacda.com/documents/2021/6/1/June3OverallWinterDI.pdf,1
2020-21,Baylor,winter,36,Baylor,Big 12,FBS,360.5,296.5,64.0,https://dxbhsrqyrr690.cloudfront.net/sidearm.nextgen.sites/nacda.com/documents/2021/6/1/June3OverallWinterDI.pdf,1
2020-21,Colorado,winter,37,Colorado,Pac 12,FBS,359.5,192.5,167.0,https://dxbhsrqyrr690.cloudfront.net/sidearm.nextgen.sites/nacda.com/documents/2021/6/1/June3OverallWinterDI.pdf,1
2020-21,Virginia,winter,38,Virginia,ACC,FBS,358.5,275.5,83.0,https://dxbhsrqyrr690.cloudfront.net/sidearm.nextgen.sites/nacda.com/documents/2021/6/1/June3OverallWinterDI.pdf,1
2020-21,Arizona,winter,39,Arizona,Pac 12,FBS,344.0,344.0,0.0,https://dxbhsrqyrr690.cloudfront.net/sidearm.nextgen.sites/nacda.com/documents/2021/6/1/June3OverallWinterDI.pdf,1
2020-21,Duke,winter,40,Duke,ACC,FBS,326.5,191.5,135.0,https://dxbhsrqyrr690.cloudfront.net/sidearm.nextgen.sites/nacda.com/documents/2021/6/1/June3OverallWinterDI.pdf,1
2020-21,Washington,winter,41,Washington,Pac 12,FBS,315.5,20.5,295.0,https://dxbhsrqyrr690.cloudfront.net/sidearm.nextgen.sites/nacda.com/documents/2021/6/1/June3OverallWinterDI.pdf,1
2020-21,Clemson,winter,42,Clemson,ACC,FBS,313.0,91.0,222.0,https://dxbhsrqyrr690.cloudfront.net/sidearm.nextgen.sites/nacda.com/documents/2021/6/1/June3OverallWinterDI.pdf,1
2020-21,Illinois,winter,43,Illinois,Big Ten,FBS,295.5,263.5,32.0,https://dxbhsrqyrr690.cloudfront.net/sidearm.nextgen.sites/nacda.com/documents/2021/6/1/June3OverallWinterDI.pdf,1
2020-21,Purdue,winter,44,Purdue,Big Ten,FBS,290.0,201.0,89.0,https://dxbhsrqyrr690.cloudfront.net/sidearm.nextgen.sites/nacda.com/documents/2021/6/1/June3OverallWinterDI.pdf,1
2020-21,Arizona State,winter,45,Arizona State,Pac 12,FBS,288.75,238.75,50.0,https://dxbhsrqyrr690.cloudfront.net/sidearm.nextgen.sites/nacda.com/documents/2021/6/1/June3OverallWinterDI.pdf,1
2020-21,Oregon State,winter,46,Oregon State,Pac 12,FBS,288.0,196.0,92.0,https://dxbhsrqyrr690.cloudfront.net/sidearm.nextgen.sites/nacda.com/documents/2021/6/1/June3OverallWinterDI.pdf,1
2020-21,Pittsburgh,winter,47,Pittsburgh,ACC,FBS,279.0,123.0,156.0,https://dxbhsrqyrr690.cloudfront.net/sidearm.nextgen.sites/nacda.com/documents/2021/6/1/June3OverallWinterDI.pdf,1
2020-21,Tennessee,winter,48,Tennessee,SEC,FBS,277.5,277.5,0.0,https://dxbhsrqyrr690.cloudfront.net/sidearm.nextgen.sites/nacda.com/documents/2021/6/1/June3OverallWinterDI.pdf,1
2020-21,Air Force,winter,49,Air Force,Mountain West,FBS,267.5,181.5,86.0,https://dxbhsrqyrr690.cloudfront.net/sidearm.nextgen.sites/nacda.com/documents/2021/6/1/June3OverallWinterDI.pdf,1
2020-21,Michigan State,winter,50,Michigan State,Big Ten,FBS,266.5,146.5,120.0,https://dxbhsrqyrr690.cloudfront.net/sidearm.nextgen.sites/nacda.com/documents/2021/6/1/June3OverallWinterDI.pdf,1
2020-21,Utah,winter,51,Utah,Pac 12,FBS,251.0,201.0,50.0,https://dxbhsrqyrr690.cloudfront.net/sidearm.nextgen.sites/nacda.com/documents/2021/6/1/June3OverallWinterDI.pdf,1
2020-21,Georgia Tech,winter,52,Georgia Tech,ACC,FBS,250.0,166.0,84.0,https://dxbhsrqyrr690.cloudfront.net/sidearm.nextgen.sites/nacda.com/documents/2021/6/1/June3OverallWinterDI.pdf,1
2020-21,North Carolina A&T,winter,53,North Carolina A&T,MEAC,FCS,236.0,186.0,50.0,https://dxbhsrqyrr690.cloudfront.net/sidearm.nextgen.sites/nacda.com/documents/2021/6/1/June3OverallWinterDI.pdf,1
2020-21,Georgetown,winter,54,Georgetown,Big East,FCS,230.0,25.0,205.0,https://dxbhsrqyrr690.cloudfront.net/sidearm.nextgen.sites/nacda.com/documents/2021/6/1/June3OverallWinterDI.pdf,1
2020-21,Maryland,winter,55,Maryland,Big Ten,FBS,217.0,167.0,50.0,https://dxbhsrqyrr690.cloudfront.net/sidearm.nextgen.sites/nacda.com/documents/2021/6/1/June3OverallWinterDI.pdf,2
2020-21,South Carolina,winter,56,South Carolina,SEC,FBS,215.5,160.5,55.0,https://dxbhsrqyrr690.cloudfront.net/sidearm.nextgen.sites/nacda.com/documents/2021/6/1/June3OverallWinterDI.pdf,2
2020-21,TCU,winter,57,TCU,Big 12,FBS,215.0,137.0,78.0,https://dxbhsrqyrr690.cloudfront.net/sidearm.nextgen.sites/nacda.com/documents/2021/6/1/June3OverallWinterDI.pdf,2
2020-21,Denver,winter,58,Denver,Summit,DI,201.75,151.75,50.0,https://dxbhsrqyrr690.cloudfront.net/sidearm.nextgen.sites/nacda.com/documents/2021/6/1/June3OverallWinterDI.pdf,2
2020-21,North Dakota State,winter,59,North Dakota State,Summit,FCS,200.0,140.0,60.0,https://dxbhsrqyrr690.cloudfront.net/sidearm.nextgen.sites/nacda.com/documents/2021/6/1/June3OverallWinterDI.pdf,2
2020-21,Rutgers,winter,60,Rutgers,Big Ten,FBS,187.25,137.25,50.0,https://dxbhsrqyrr690.cloudfront.net/sidearm.nextgen.sites/nacda.com/documents/2021/6/1/June3OverallWinterDI.pdf,2
2020-21,Miami (FL),winter,61,Miami (FL),ACC,FBS,186.5,134.5,52.0,https://dxbhsrqyrr690.cloudfront.net/sidearm.nextgen.sites/nacda.com/documents/2021/6/1/June3OverallWinterDI.pdf,2
2020-21,Sam Houston State,winter,62,Sam Houston State,Southland,FCS,178.5,78.5,100.0,https://dxbhsrqyrr690.cloudfront.net/sidearm.nextgen.sites/nacda.com/documents/2021/6/1/June3OverallWinterDI.pdf,2
2020-21,Boston College,winter,63,Boston College,ACC,FBS,177.0,177.0,0.0,https://dxbhsrqyrr690.cloudfront.net/sidearm.nextgen.sites/nacda.com/documents/2021/6/1/June3OverallWinterDI.pdf,2
2020-21,High Point,winter,64,High Point,Big South,DI,168.5,68.5,100.0,https://dxbhsrqyrr690.cloudfront.net/sidearm.nextgen.sites/nacda.com/documents/2021/6/1/June3OverallWinterDI.pdf,2
2020-21,UConn,winter,65,UConn,American,FBS,168.0,108.0,60.0,https://dxbhsrqyrr690.cloudfront.net/sidearm.nextgen.sites/nacda.com/documents/2021/6/1/June3OverallWinterDI.pdf,2
2020-21,Wake Forest,winter,65,Wake Forest,ACC,FBS,168.0,25.0,143.0,https://dxbhsrqyrr690.cloudfront.net/sidearm.nextgen.sites/nacda.com/documents/2021/6/1/June3OverallWinterDI.pdf,2
2020-21,South Dakota State,winter,67,South Dakota State,Summit,FCS,162.0,72.0,90.0,https://dxbhsrqyrr690.cloudfront.net/sidearm.nextgen.sites/nacda.com/documents/2021/6/1/June3OverallWinterDI.pdf,2
2020-21,Texas Tech,winter,68,Texas Tech,Big 12,FBS,159.25,159.25,0.0,https://dxbhsrqyrr690.cloudfront.net/sidearm.nextgen.sites/nacda.com/documents/2021/6/1/June3OverallWinterDI.pdf,2
2020-21,Missouri State,winter,69,Missouri State,Missouri Valley,FCS,153.0,64.0,89.0,https://dxbhsrqyrr690.cloudfront.net/sidearm.nextgen.sites/nacda.com/documents/2021/6/1/June3OverallWinterDI.pdf,2
2020-21,Utah Valley,winter,69,Utah Valley,WAC,DI,153.0,78.0,75.0,https://dxbhsrqyrr690.cloudfront.net/sidearm.nextgen.sites/nacda.com/documents/2021/6/1/June3OverallWinterDI.pdf,2
2020-21,Houston,winter,71,Houston,American,FBS,151.5,126.5,25.0,https://dxbhsrqyrr690.cloudfront.net/sidearm.nextgen.sites/nacda.com/documents/2021/6/1/June3OverallWinterDI.pdf,2
2020-21,Massachusetts,winter,72,Massachusetts,Atlantic 10,FBS,150.0,100.0,50.0,https://dxbhsrqyrr690.cloudfront.net/sidearm.nextgen.sites/nacda.com/documents/2021/6/1/June3OverallWinterDI.pdf,2
2020-21,Villanova,winter,73,Villanova,Big East,FCS,149.0,115.0,34.0,https://dxbhsrqyrr690.cloudfront.net/sidearm.nextgen.sites/nacda.com/documents/2021/6/1/June3OverallWinterDI.pdf,2
2020-21,UCF,winter,74,UCF,American,FBS,139.0,25.0,114.0,https://dxbhsrqyrr690.cloudfront.net/sidearm.nextgen.sites/nacda.com/documents/2021/6/1/June3OverallWinterDI.pdf,2
2020-21,Sacred Heart,winter,75,Sacred Heart,Northeast,FCS,136.0,111.0,25.0,https://dxbhsrqyrr690.cloudfront.net/sidearm.nextgen.sites/nacda.com/documents/2021/6/1/June3OverallWinterDI.pdf,2
2020-21,Gonzaga,winter,76,Gonzaga,WCC,DI,135.0,115.0,20.0,https://dxbhsrqyrr690.cloudfront.net/sidearm.nextgen.sites/nacda.com/documents/2021/6/1/June3OverallWinterDI.pdf,2
2020-21,Utah State,winter,76,Utah State,Mountain West,FBS,135.0,78.0,57.0,https://dxbhsrqyrr690.cloudfront.net/sidearm.nextgen.sites/nacda.com/documents/2021/6/1/June3OverallWinterDI.pdf,2
2020-21,Liberty,winter,76,Liberty,ASUN,FBS,128.0,25.0,103.0,https://dxbhsrqyrr690.cloudfront.net/sidearm.nextgen.sites/nacda.com/documents/2021/6/1/June3OverallWinterDI.pdf,2
2020-21,Syracuse,winter,76,Syracuse,ACC,FBS,128.0,114.0,14.0,https://dxbhsrqyrr690.cloudfront.net/sidearm.nextgen.sites/nacda.com/documents/2021/6/1/June3OverallWinterDI.pdf,2
2020-21,Navy,winter,80,Navy,Patriot,FBS,125.5,100.5,25.0,https://dxbhsrqyrr690.cloudfront.net/sidearm.nextgen.sites/nacda.com/documents/2021/6/1/June3OverallWinterDI.pdf,2
2020-21,Bucknell,winter,81,Bucknell,Patriot,FCS,125.0,40.0,85.0,https://dxbhsrqyrr690.cloudfront.net/sidearm.nextgen.sites/nacda.com/documents/2021/6/1/June3OverallWinterDI.pdf,2
2020-21,Memphis,winter,81,Memphis,American,FBS,125.0,55.0,70.0,https://dxbhsrqyrr690.cloudfront.net/sidearm.nextgen.sites/nacda.com/documents/2021/6/1/June3OverallWinterDI.pdf,2
2020-21,Auburn,winter,83,Auburn,SEC,FBS,123.0,98.0,25.0,https://dxbhsrqyrr690.cloudfront.net/sidearm.nextgen.sites/nacda.com/documents/2021/6/1/June3OverallWinterDI.pdf,2
2020-21,Central Michigan,winter,84,Central Michigan,MAC,FBS,122.5,122.5,0.0,https://dxbhsrqyrr690.cloudfront.net/sidearm.nextgen.sites/nacda.com/documents/2021/6/1/June3OverallWinterDI.pdf,2
2020-21,Rice,winter,85,Rice,Conference USA,FBS,121.0,32.0,89.0,https://dxbhsrqyrr690.cloudfront.net/sidearm.nextgen.sites/nacda.com/documents/2021/6/1/June3OverallWinterDI.pdf,2
2020-21,Kent State,winter,86,Kent State,MAC,FBS,120.0,120.0,0.0,https://dxbhsrqyrr690.cloudfront.net/sidearm.nextgen.sites/nacda.com/documents/2021/6/1/June3OverallWinterDI.pdf,2
2020-21,North Dakota,winter,86,North Dakota,Summit,FCS,120.0,60.0,60.0,https://dxbhsrqyrr690.cloudfront.net/sidearm.nextgen.sites/nacda.com/documents/2021/6/1/June3OverallWinterDI.pdf,2
2020-21,Kansas,winter,88,Kansas,Big 12,FBS,116.5,116.5,0.0,https://dxbhsrqyrr690.cloudfront.net/sidearm.nextgen.sites/nacda.com/documents/2021/6/1/June3OverallWinterDI.pdf,2
2020-21,Southern Utah,winter,89,Southern Utah,Big Sky,FCS,116.0,53.0,63.0,https://dxbhsrqyrr690.cloudfront.net/sidearm.nextgen.sites/nacda.com/documents/2021/6/1/June3OverallWinterDI.pdf,2
2020-21,Washington State,winter,90,Washington State,Pac 12,FBS,112.0,62.0,50.0,https://dxbhsrqyrr690.cloudfront.net/sidearm.nextgen.sites/nacda.com/documents/2021/6/1/June3OverallWinterDI.pdf,2
2020-21,Vanderbilt,winter,91,Vanderbilt,SEC,FBS,110.0,60.0,50.0,https://dxbhsrqyrr690.cloudfront.net/sidearm.nextgen.sites/nacda.com/documents/2021/6/1/June3OverallWinterDI.pdf,2
2020-21,Boise State,winter,92,Boise State,Mountain West,FBS,108.5,45.5,63.0,https://dxbhsrqyrr690.cloudfront.net/sidearm.nextgen.sites/nacda.com/documents/2021/6/1/June3OverallWinterDI.pdf,2
2020-21,Wyoming,winter,93,Wyoming,Mountain West,FBS,108.0,108.0,0.0,https://dxbhsrqyrr690.cloudfront.net/sidearm.nextgen.sites/nacda.com/documents/2021/6/1/June3OverallWinterDI.pdf,2
2020-21,Rider,winter,94,Rider,MAAC,DI,104.0,54.0,50.0,https://dxbhsrqyrr690.cloudfront.net/sidearm.nextgen.sites/nacda.com/documents/2021/6/1/June3OverallWinterDI.pdf,2
2020-21,Cincinnati,winter,95,Cincinnati,American,FBS,101.0,30.5,70.5,https://dxbhsrqyrr690.cloudfront.net/sidearm.nextgen.sites/nacda.com/documents/2021/6/1/June3OverallWinterDI.pdf,2
2020-21,South Dakota,winter,95,South Dakota,Summit,FCS,101.0,76.0,25.0,https://dxbhsrqyrr690.cloudfront.net/sidearm.nextgen.sites/nacda.com/documents/2021/6/1/June3OverallWinterDI.pdf,2
2020-21,South Florida,winter,96,South Florida,American,FBS,100.0,50.0,50.0,https://dxbhsrqyrr690.cloudfront.net/sidearm.nextgen.sites/nacda.com/documents/2021/6/1/June3OverallWinterDI.pdf,2
2020-21,Wright State,winter,96,Wright State,Horizon League,DI,100.0,50.0,50.0,https://dxbhsrqyrr690.cloudfront.net/sidearm.nextgen.sites/nacda.com/documents/2021/6/1/June3OverallWinterDI.pdf,2
2020-21,Arkansas State,winter,99,Arkansas State,Sun Belt,FBS,90.0,90.0,0.0,https://dxbhsrqyrr690.cloudfront.net/sidearm.nextgen.sites/nacda.com/documents/2021/6/1/June3OverallWinterDI.pdf,2
2020-21,Northeastern,winter,99,Northeastern,CAA,DI,90.0,90.0,0.0,https://dxbhsrqyrr690.cloudfront.net/sidearm.nextgen.sites/nacda.com/documents/2021/6/1/June3OverallWinterDI.pdf,2
2020-21,Creighton,winter,101,Creighton,Big East,DI,89.0,64.0,25.0,https://dxbhsrqyrr690.cloudfront.net/sidearm.nextgen.sites/nacda.com/documents/2021/6/1/June3OverallWinterDI.pdf,2
2020-21,Loyola Chicago,winter,101,Loyola Chicago,Missouri Valley,DI,89.0,64.0,25.0,https://dxbhsrqyrr690.cloudfront.net/sidearm.nextgen.sites/nacda.com/documents/2021/6/1/June3OverallWinterDI.pdf,2
2020-21,Marquette,winter,101,Marquette,Big East,DI,89.0,25.0,64.0,https://dxbhsrqyrr690.cloudfront.net/sidearm.nextgen.sites/nacda.com/documents/2021/6/1/June3OverallWinterDI.pdf,2
2020-21,New Hampshire,winter,104,New Hampshire,America East,FCS,88.0,38.0,50.0,https://dxbhsrqyrr690.cloudfront.net/sidearm.nextgen.sites/nacda.com/documents/2021/6/1/June3OverallWinterDI.pdf,2
2020-21,Cleveland State,winter,105,Cleveland State,Horizon League,DI,87.0,87.0,0.0,https://dxbhsrqyrr690.cloudfront.net/sidearm.nextgen.sites/nacda.com/documents/2021/6/1/June3OverallWinterDI.pdf,2
2020-21,Buffalo,winter,106,Buffalo,MAC,FBS,86.0,37.0,49.0,https://dxbhsrqyrr690.cloudfront.net/sidearm.nextgen.sites/nacda.com/documents/2021/6/1/June3OverallWinterDI.pdf,2
2020-21,Southern Illinois,winter,106,Southern Illinois,Missouri Valley,FCS,86.0,26.0,60.0,https://dxbhsrqyrr690.cloudfront.net/sidearm.nextgen.sites/nacda.com/documents/2021/6/1/June3OverallWinterDI.pdf,2
2020-21,Appalachian State,winter,108,Appalachian State,Sun Belt,FBS,85.0,40.0,45.0,https://dxbhsrqyrr690.cloudfront.net/sidearm.nextgen.sites/nacda.com/documents/2021/6/1/June3OverallWinterDI.pdf,2
2020-21,Iona,winter,108,Iona,MAAC,DI,85.0,25.0,60.0,https://dxbhsrqyrr690.cloudfront.net/sidearm.nextgen.sites/nacda.com/documents/2021/6/1/June3OverallWinterDI.pdf,3
2020-21,Youngstown State,winter,110,Youngstown State,Horizon League,FCS,83.0,83.0,0.0,https://dxbhsrqyrr690.cloudfront.net/sidearm.nextgen.sites/nacda.com/documents/2021/6/1/June3OverallWinterDI.pdf,3
2020-21,Army West Point,winter,111,Army West Point,Patriot,FBS,82.0,32.0,50.0,https://dxbhsrqyrr690.cloudfront.net/sidearm.nextgen.sites/nacda.com/documents/2021/6/1/June3OverallWinterDI.pdf,3
2020-21,NJIT,winter,112,NJIT,America East,DI,80.0,80.0,0.0,https://dxbhsrqyrr690.cloudfront.net/sidearm.nextgen.sites/nacda.com/documents/2021/6/1/June3OverallWinterDI.pdf,3
2020-21,Furman,winter,113,Furman,SoCon,FCS,76.0,13.0,63.0,https://dxbhsrqyrr690.cloudfront.net/sidearm.nextgen.sites/nacda.com/documents/2021/6/1/June3OverallWinterDI.pdf,3
2020-21,Miami (OH),winter,113,Miami (OH),MAC,FBS,76.0,51.0,25.0,https://dxbhsrqyrr690.cloudfront.net/sidearm.nextgen.sites/nacda.com/documents/2021/6/1/June3OverallWinterDI.pdf,3
2020-21,American,winter,115,American,Patriot,DI,75.0,25.0,50.0,https://dxbhsrqyrr690.cloudfront.net/sidearm.nextgen.sites/nacda.com/documents/2021/6/1/June3OverallWinterDI.pdf,3
2020-21,Colorado State,winter,115,Colorado State,Mountain West,FBS,75.0,47.0,28.0,https://dxbhsrqyrr690.cloudfront.net/sidearm.nextgen.sites/nacda.com/documents/2021/6/1/June3OverallWinterDI.pdf,3
2020-21,Drexel,winter,115,Drexel,CAA,DI,75.0,75.0,0.0,https://dxbhsrqyrr690.cloudfront.net/sidearm.nextgen.sites/nacda.com/documents/2021/6/1/June3OverallWinterDI.pdf,3
2020-21,Grand Canyon,winter,115,Grand Canyon,WAC,DI,75.0,25.0,50.0,https://dxbhsrqyrr690.cloudfront.net/sidearm.nextgen.sites/nacda.com/documents/2021/6/1/June3OverallWinterDI.pdf,3
2020-21,Morehead State,winter,115,Morehead State,OVC,FCS,75.0,25.0,50.0,https://dxbhsrqyrr690.cloudfront.net/sidearm.nextgen.sites/nacda.com/documents/2021/6/1/June3OverallWinterDI.pdf,3
2020-21,North Texas,winter,115,North Texas,Conference USA,FBS,75.0,50.0,25.0,https://dxbhsrqyrr690.cloudfront.net/sidearm.nextgen.sites/nacda.com/documents/2021/6/1/June3OverallWinterDI.pdf,3
2020-21,Omaha,winter,115,Omaha,Summit,DI,75.0,25.0,50.0,https://dxbhsrqyrr690.cloudfront.net/sidearm.nextgen.sites/nacda.com/documents/2021/6/1/June3OverallWinterDI.pdf,3
2020-21,St. John's (NY),winter,115,St. John's (NY),Big East,DI,75.0,75.0,0.0,https://dxbhsrqyrr690.cloudfront.net/sidearm.nextgen.sites/nacda.com/documents/2021/6/1/June3OverallWinterDI.pdf,3
2020-21,Towson,winter,123,Towson,CAA,FCS,70.5,45.5,25.0,https://dxbhsrqyrr690.cloudfront.net/sidearm.nextgen.sites/nacda.com/documents/2021/6/1/June3OverallWinterDI.pdf,3
2020-21,LIU Brooklyn,winter,124,LIU Brooklyn,Northeast,DI,70.0,45.0,25.0,https://dxbhsrqyrr690.cloudfront.net/sidearm.nextgen.sites/nacda.com/documents/2021/6/1/June3OverallWinterDI.pdf,3
2020-21,Montana State,winter,124,Montana State,Big Sky,FCS,70.0,70.0,0.0,https://dxbhsrqyrr690.cloudfront.net/sidearm.nextgen.sites/nacda.com/documents/2021/6/1/June3OverallWinterDI.pdf,3
2020-21,UC San Diego,winter,126,UC San Diego,Big West,DI,69.0,69.0,0.0,https://dxbhsrqyrr690.cloudfront.net/sidearm.nextgen.sites/nacda.com/documents/2021/6/1/June3OverallWinterDI.pdf,3
2020-21,Norfolk State,winter,127,Norfolk State,MEAC,FCS,68.5,68.5,0.0,https://dxbhsrqyrr690.cloudfront.net/sidearm.nextgen.sites/nacda.com/documents/2021/6/1/June3OverallWinterDI.pdf,3
2020-21,Ohio,winter,127,Ohio,MAC,FBS,68.5,68.5,0.0,https://dxbhsrqyrr690.cloudfront.net/sidearm.nextgen.sites/nacda.com/documents/2021/6/1/June3OverallWinterDI.pdf,3
2020-21,Lehigh,winter,129,Lehigh,Patriot,FCS,67.0,67.0,0.0,https://dxbhsrqyrr690.cloudfront.net/sidearm.nextgen.sites/nacda.com/documents/2021/6/1/June3OverallWinterDI.pdf,3
2020-21,Kansas State,winter,130,Kansas State,Big 12,FBS,66.5,66.5,0.0,https://dxbhsrqyrr690.cloudfront.net/sidearm.nextgen.sites/nacda.com/documents/2021/6/1/June3OverallWinterDI.pdf,3
2020-21,Florida Gulf Coast,winter,131,Florida Gulf Coast,ASUN,DI,66.0,66.0,0.0,https://dxbhsrqyrr690.cloudfront.net/sidearm.nextgen.sites/nacda.com/documents/2021/6/1/June3OverallWinterDI.pdf,3
2020-21,San Diego State,winter,131,San Diego State,Mountain West,FBS,66.0,66.0,0.0,https://dxbhsrqyrr690.cloudfront.net/sidearm.nextgen.sites/nacda.com/documents/2021/6/1/June3OverallWinterDI.pdf,3
2020-21,Oral Roberts,winter,133,Oral Roberts,Summit,DI,64.0,64.0,0.0,https://dxbhsrqyrr690.cloudfront.net/sidearm.nextgen.sites/nacda.com/documents/2021/6/1/June3OverallWinterDI.pdf,3
2020-21,Mississippi State,winter,134,Mississippi State,SEC,FBS,63.5,18.5,45.0,https://dxbhsrqyrr690.cloudfront.net/sidearm.nextgen.sites/nacda.com/documents/2021/6/1/June3OverallWinterDI.pdf,3
2020-21,Vermont,winter,135,Vermont,America East,DI,63.0,63.0,0.0,https://dxbhsrqyrr690.cloudfront.net/sidearm.nextgen.sites/nacda.com/documents/2021/6/1/June3OverallWinterDI.pdf,3
2020-21,Providence,winter,136,Providence,Big East,DI,62.0,62.0,0.0,https://dxbhsrqyrr690.cloudfront.net/sidearm.nextgen.sites/nacda.com/documents/2021/6/1/June3OverallWinterDI.pdf,3
2020-21,Stephen F. Austin,winter,136,Stephen F. Austin,Southland,FCS,62.0,62.0,0.0,https://dxbhsrqyrr690.cloudfront.net/sidearm.nextgen.sites/nacda.com/documents/2021/6/1/June3OverallWinterDI.pdf,3
2020-21,Campbell,winter,138,Campbell,Big South,FCS,60.0,35.0,25.0,https://dxbhsrqyrr690.cloudfront.net/sidearm.nextgen.sites/nacda.com/documents/2021/6/1/June3OverallWinterDI.pdf,3
2020-21,Drake,winter,138,Drake,Missouri Valley,FCS,60.0,60.0,0.0,https://dxbhsrqyrr690.cloudfront.net/sidearm.nextgen.sites/nacda.com/documents/2021/6/1/June3OverallWinterDI.pdf,3
2020-21,Eastern Michigan,winter,140,Eastern Michigan,MAC,FBS,58.5,58.5,0.0,https://dxbhsrqyrr690.cloudfront.net/sidearm.nextgen.sites/nacda.com/documents/2021/6/1/June3OverallWinterDI.pdf,3
2020-21,Mount St. Mary's,winter,141,Mount St. Mary's,Northeast,DI,55.0,55.0,0.0,https://dxbhsrqyrr690.cloudfront.net/sidearm.nextgen.sites/nacda.com/documents/2021/6/1/June3OverallWinterDI.pdf,3
2020-21,Northern Iowa,winter,141,Northern Iowa,Missouri Valley,FCS,55.0,55.0,0.0,https://dxbhsrqyrr690.cloudfront.net/sidearm.nextgen.sites/nacda.com/documents/2021/6/1/June3OverallWinterDI.pdf,3
2020-21,VCU,winter,141,VCU,Atlantic 10,DI,55.0,30.0,25.0,https://dxbhsrqyrr690.cloudfront.net/sidearm.nextgen.sites/nacda.com/documents/2021/6/1/June3OverallWinterDI.pdf,3
2020-21,Temple,winter,144,Temple,American,FBS,54.0,54.0,0.0,https://dxbhsrqyrr690.cloudfront.net/sidearm.nextgen.sites/nacda.com/documents/2021/6/1/June3OverallWinterDI.pdf,3
2020-21,Abilene Christian,winter,145,Abilene Christian,Southland,FCS,50.0,50.0,0.0,https://dxbhsrqyrr690.cloudfront.net/sidearm.nextgen.sites/nacda.com/documents/2021/6/1/June3OverallWinterDI.pdf,3
2020-21,Belmont,winter,145,Belmont,OVC,DI,50.0,50.0,0.0,https://dxbhsrqyrr690.cloudfront.net/sidearm.nextgen.sites/nacda.com/documents/2021/6/1/June3OverallWinterDI.pdf,3
2020-21,Colgate,winter,145,Colgate,Patriot,FCS,50.0,50.0,0.0,https://dxbhsrqyrr690.cloudfront.net/sidearm.nextgen.sites/nacda.com/documents/2021/6/1/June3OverallWinterDI.pdf,3
2020-21,Eastern Washington,winter,145,Eastern Washington,Big Sky,FCS,50.0,25.0,25.0,https://dxbhsrqyrr690.cloudfront.net/sidearm.nextgen.sites/nacda.com/documents/2021/6/1/June3OverallWinterDI.pdf,3
2020-21,Jackson State,winter,145,Jackson State,SWAC,FCS,50.0,25.0,25.0,https://dxbhsrqyrr690.cloudfront.net/sidearm.nextgen.sites/nacda.com/documents/2021/6/1/June3OverallWinterDI.pdf,3
2020-21,Louisiana Tech,winter,145,Louisiana Tech,Conference USA,FBS,50.0,25.0,25.0,https://dxbhsrqyrr690.cloudfront.net/sidearm.nextgen.sites/nacda.com/documents/2021/6/1/June3OverallWinterDI.pdf,3
2020-21,North Carolina Greensboro,winter,145,North Carolina Greensboro,SoCon,DI,50.0,25.0,25.0,https://dxbhsrqyrr690.cloudfront.net/sidearm.nextgen.sites/nacda.com/documents/2021/6/1/June3OverallWinterDI.pdf,3
2020-21,Samford,winter,145,Samford,SoCon,FCS,50.0,25.0,25.0,https://dxbhsrqyrr690.cloudfront.net/sidearm.nextgen.sites/nacda.com/documents/2021/6/1/June3OverallWinterDI.pdf,3
2020-21,Southeastern Louisiana,winter,145,Southeastern Louisiana,Southland,FCS,50.0,25.0,25.0,https://dxbhsrqyrr690.cloudfront.net/sidearm.nextgen.sites/nacda.com/documents/2021/6/1/June3OverallWinterDI.pdf,3
2020-21,Stony Brook,winter,145,Stony Brook,America East,FCS,50.0,25.0,25.0,https://dxbhsrqyrr690.cloudfront.net/sidearm.nextgen.sites/nacda.com/documents/2021/6/1/June3OverallWinterDI.pdf,3
2020-21,Cal Poly,winter,155,Cal Poly,Big West,FCS,49.0,49.0,0.0,https://dxbhsrqyrr690.cloudfront.net/sidearm.nextgen.sites/nacda.com/documents/2021/6/1/June3OverallWinterDI.pdf,3
2020-21,Incarnate Word,winter,156,Incarnate Word,Southland,FCS,48.0,48.0,0.0,https://dxbhsrqyrr690.cloudfront.net/sidearm.nextgen.sites/nacda.com/documents/2021/6/1/June3OverallWinterDI.pdf,3
2020-21,Akron,winter,157,Akron,MAC,FBS,47.0,47.0,0.0,https://dxbhsrqyrr690.cloudfront.net/sidearm.nextgen.sites/nacda.com/documents/2021/6/1/June3OverallWinterDI.pdf,3
2020-21,Northern Illinois,winter,158,Northern Illinois,MAC,FBS,45.0,45.0,0.0,https://dxbhsrqyrr690.cloudfront.net/sidearm.nextgen.sites/nacda.com/documents/2021/6/1/June3OverallWinterDI.pdf,3
2020-21,Delaware State,winter,159,Delaware State,MEAC,FCS,42.5,42.5,0.0,https://dxbhsrqyrr690.cloudfront.net/sidearm.nextgen.sites/nacda.com/documents/2021/6/1/June3OverallWinterDI.pdf,3
2020-21,Duquesne,winter,159,Duquesne,Atlantic 10,FCS,42.5,42.5,0.0,https://dxbhsrqyrr690.cloudfront.net/sidearm.nextgen.sites/nacda.com/documents/2021/6/1/June3OverallWinterDI.pdf,3
2020-21,Fairleigh Dickinson,winter,159,Fairleigh Dickinson,Northeast,DI,42.5,42.5,0.0,https://dxbhsrqyrr690.cloudfront.net/sidearm.nextgen.sites/nacda.com/documents/2021/6/1/June3OverallWinterDI.pdf,3
2020-21,Massachusetts Lowell,winter,162,Massachusetts Lowell,America East,DI,40.5,40.5,0.0,https://dxbhsrqyrr690.cloudfront.net/sidearm.nextgen.sites/nacda.com/documents/2021/6/1/June3OverallWinterDI.pdf,3
2020-21,Western Michigan,winter,163,Western Michigan,MAC,FBS,40.0,40.0,0.0,https://dxbhsrqyrr690.cloudfront.net/sidearm.nextgen.sites/nacda.com/documents/2021/6/1/June3OverallWinterDI.pdf,4
2020-21,Fresno State,winter,164,Fresno State,Mountain West,FBS,38.5,38.5,0.0,https://dxbhsrqyrr690.cloudfront.net/sidearm.nextgen.sites/nacda.com/documents/2021/6/1/June3OverallWinterDI.pdf,4
2020-21,Binghamton,winter,165,Binghamton,America East,DI,35.0,35.0,0.0,https://dxbhsrqyrr690.cloudfront.net/sidearm.nextgen.sites/nacda.com/documents/2021/6/1/June3OverallWinterDI.pdf,4
2020-21,William & Mary,winter,166,William & Mary,CAA,FCS,32.5,32.5,0.0,https://dxbhsrqyrr690.cloudfront.net/sidearm.nextgen.sites/nacda.com/documents/2021/6/1/June3OverallWinterDI.pdf,4
2020-21,Cal State Bakersfield,winter,167,Cal State Bakersfield,WAC,DI,32.0,32.0,0.0,https://dxbhsrqyrr690.cloudfront.net/sidearm.nextgen.sites/nacda.com/documents/2021/6/1/June3OverallWinterDI.pdf,4
2020-21,Oakland,winter,168,Oakland,Horizon League,DI,31.0,31.0,0.0,https://dxbhsrqyrr690.cloudfront.net/sidearm.nextgen.sites/nacda.com/documents/2021/6/1/June3OverallWinterDI.pdf,4
2020-21,Southern Mississippi,winter,169,Southern Mississippi,Conference USA,FBS,30.5,30.5,0.0,https://dxbhsrqyrr690.cloudfront.net/sidearm.nextgen.sites/nacda.com/documents/2021/6/1/June3OverallWinterDI.pdf,4
2020-21,Hofstra,winter,170,Hofstra,CAA,DI,29.5,29.5,0.0,https://dxbhsrqyrr690.cloudfront.net/sidearm.nextgen.sites/nacda.com/documents/2021/6/1/June3OverallWinterDI.pdf,4
2020-21,Boston University,winter,171,Boston University,Patriot,DI,25.0,25.0,0.0,https://dxbhsrqyrr690.cloudfront.net/sidearm.nextgen.sites/nacda.com/documents/2021/6/1/June3OverallWinterDI.pdf,4
2020-21,Bradley,winter,171,Bradley,Missouri Valley,DI,25.0,25.0,0.0,https://dxbhsrqyrr690.cloudfront.net/sidearm.nextgen.sites/nacda.com/documents/2021/6/1/June3OverallWinterDI.pdf,4
2020-21,Eastern Kentucky,winter,171,Eastern Kentucky,OVC,FCS,25.0,25.0,0.0,https://dxbhsrqyrr690.cloudfront.net/sidearm.nextgen.sites/nacda.com/documents/2021/6/1/June3OverallWinterDI.pdf,4
2020-21,Hartford,winter,171,Hartford,America East,DI,25.0,25.0,0.0,https://dxbhsrqyrr690.cloudfront.net/sidearm.nextgen.sites/nacda.com/documents/2021/6/1/June3OverallWinterDI.pdf,4
2020-21,Idaho State,winter,171,Idaho State,Big Sky,FCS,25.0,25.0,0.0,https://dxbhsrqyrr690.cloudfront.net/sidearm.nextgen.sites/nacda.com/documents/2021/6/1/June3OverallWinterDI.pdf,4
2020-21,Marist,winter,171,Marist,MAAC,FCS,25.0,25.0,0.0,https://dxbhsrqyrr690.cloudfront.net/sidearm.nextgen.sites/nacda.com/documents/2021/6/1/June3OverallWinterDI.pdf,4
2020-21,Mercer,winter,171,Mercer,SoCon,FCS,25.0,25.0,0.0,https://dxbhsrqyrr690.cloudfront.net/sidearm.nextgen.sites/nacda.com/documents/2021/6/1/June3OverallWinterDI.pdf,4
2020-21,Middle Tennessee State,winter,171,Middle Tennessee State,Conference USA,FBS,25.0,25.0,0.0,https://dxbhsrqyrr690.cloudfront.net/sidearm.nextgen.sites/nacda.com/documents/2021/6/1/June3OverallWinterDI.pdf,4
2020-21,Northern Colorado,winter,171,Northern Colorado,Big Sky,FCS,25.0,25.0,0.0,https://dxbhsrqyrr690.cloudfront.net/sidearm.nextgen.sites/nacda.com/documents/2021/6/1/June3OverallWinterDI.pdf,4
2020-21,Prairie View A&M,winter,171,Prairie View A&M,SWAC,FCS,25.0,25.0,0.0,https://dxbhsrqyrr690.cloudfront.net/sidearm.nextgen.sites/nacda.com/documents/2021/6/1/June3OverallWinterDI.pdf,4
2020-21,Quinnipiac,winter,171,Quinnipiac,MAAC,DI,25.0,25.0,0.0,https://dxbhsrqyrr690.cloudfront.net/sidearm.nextgen.sites/nacda.com/documents/2021/6/1/June3OverallWinterDI.pdf,4
2020-21,Robert Morris,winter,171,Robert Morris,Northeast,FCS,25.0,25.0,0.0,https://dxbhsrqyrr690.cloudfront.net/sidearm.nextgen.sites/nacda.com/documents/2021/6/1/June3OverallWinterDI.pdf,4
2020-21,St. Bonaventure,winter,171,St. Bonaventure,Atlantic 10,DI,25.0,25.0,0.0,https://dxbhsrqyrr690.cloudfront.net/sidearm.nextgen.sites/nacda.com/documents/2021/6/1/June3OverallWinterDI.pdf,4
2020-21,Texas Southern,winter,171,Texas Southern,SWAC,FCS,25.0,25.0,0.0,https://dxbhsrqyrr690.cloudfront.net/sidearm.nextgen.sites/nacda.com/documents/2021/6/1/June3OverallWinterDI.pdf,4
2020-21,Troy,winter,171,Troy,Sun Belt,FBS,25.0,25.0,0.0,https://dxbhsrqyrr690.cloudfront.net/sidearm.nextgen.sites/nacda.com/documents/2021/6/1/June3OverallWinterDI.pdf,4
2020-21,UC Davis,winter,171,UC Davis,Big West,FCS,25.0,25.0,0.0,https://dxbhsrqyrr690.cloudfront.net/sidearm.nextgen.sites/nacda.com/documents/2021/6/1/June3OverallWinterDI.pdf,4
2020-21,UC Santa Barbara,winter,171,UC Santa Barbara,Big West,DI,25.0,25.0,0.0,https://dxbhsrqyrr690.cloudfront.net/sidearm.nextgen.sites/nacda.com/documents/2021/6/1/June3OverallWinterDI.pdf,4
2020-21,Western Illinois,winter,171,Western Illinois,Summit,FCS,25.0,25.0,0.0,https://dxbhsrqyrr690.cloudfront.net/sidearm.nextgen.sites/nacda.com/documents/2021/6/1/June3OverallWinterDI.pdf,4
2020-21,Winthrop,winter,171,Winthrop,Big South,DI,25.0,25.0,0.0,https://dxbhsrqyrr690.cloudfront.net/sidearm.nextgen.sites/nacda.com/documents/2021/6/1/June3OverallWinterDI.pdf,4
2020-21,Gardner-Webb,winter,190,Gardner-Webb,Big South,FCS,22.0,22.0,0.0,https://dxbhsrqyrr690.cloudfront.net/sidearm.nextgen.sites/nacda.com/documents/2021/6/1/June3OverallWinterDI.pdf,4
2020-21,Kennesaw State,winter,191,Kennesaw State,ASUN,FCS,20.5,20.5,0.0,https://dxbhsrqyrr690.cloudfront.net/sidearm.nextgen.sites/nacda.com/documents/2021/6/1/June3OverallWinterDI.pdf,4
2020-21,Tennessee Chattanooga,winter,192,Tennessee Chattanooga,SoCon,FCS,18.5,18.5,0.0,https://dxbhsrqyrr690.cloudfront.net/sidearm.nextgen.sites/nacda.com/documents/2021/6/1/June3OverallWinterDI.pdf,4
2020-21,Arkansas Little Rock,winter,193,Arkansas Little Rock,Sun Belt,DI,15.5,15.5,0.0,https://dxbhsrqyrr690.cloudfront.net/sidearm.nextgen.sites/nacda.com/documents/2021/6/1/June3OverallWinterDI.pdf,4
2020-21,Houston Baptist,winter,194,Houston Baptist,Southland,FCS,13.0,13.0,0.0,https://dxbhsrqyrr690.cloudfront.net/sidearm.nextgen.sites/nacda.com/documents/2021/6/1/June3OverallWinterDI.pdf,4
2020-21,Texas Arlington,winter,194,Texas Arlington,Sun Belt,DI,13.0,13.0,0.0,https://dxbhsrqyrr690.cloudfront.net/sidearm.nextgen.sites/nacda.com/documents/2021/6/1/June3OverallWinterDI.pdf,4
2020-21,Wichita State,winter,196,Wichita State,American,DI,5.0,5.0,0.0,https://dxbhsrqyrr690.cloudfront.net/sidearm.nextgen.sites/nacda.com/documents/2021/6/1/June3OverallWinterDI.pdf,4
2021-22,BYU,fall,1,BYU,WCC,FBS,368.0,368.0,368.0,https://dxbhsrqyrr690.cloudfront.net/sidearm.nextgen.sites/nacda.com/documents/2022/1/12/Jan_13OverallStandings.pdf,1
2021-22,Notre Dame,fall,2,Notre Dame,ACC,FBS,360.0,360.0,360.0,https://dxbhsrqyrr690.cloudfront.net/sidearm.nextgen.sites/nacda.com/documents/2022/1/12/Jan_13OverallStandings.pdf,1
2021-22,Michigan,fall,3,Michigan,Big Ten,FBS,354.0,354.0,354.0,https://dxbhsrqyrr690.cloudfront.net/sidearm.nextgen.sites/nacda.com/documents/2022/1/12/Jan_13OverallStandings.pdf,1
2021-22,Wisconsin,fall,4,Wisconsin,Big Ten,FBS,339.5,339.5,339.5,https://dxbhsrqyrr690.cloudfront.net/sidearm.nextgen.sites/nacda.com/documents/2022/1/12/Jan_13OverallStandings.pdf,1
2021-22,Penn State,fall,5,Penn State,Big Ten,FBS,298.0,298.0,298.0,https://dxbhsrqyrr690.cloudfront.net/sidearm.nextgen.sites/nacda.com/documents/2022/1/12/Jan_13OverallStandings.pdf,1
2021-22,North Carolina,fall,6,North Carolina,ACC,FBS,295.5,295.5,295.5,https://dxbhsrqyrr690.cloudfront.net/sidearm.nextgen.sites/nacda.com/documents/2022/1/12/Jan_13OverallStandings.pdf,1
2021-22,Washington,fall,7,Washington,Pac-12,FBS,283.0,283.0,283.0,https://dxbhsrqyrr690.cloudfront.net/sidearm.nextgen.sites/nacda.com/documents/2022/1/12/Jan_13OverallStandings.pdf,1
2021-22,Arkansas,fall,8,Arkansas,SEC,FBS,277.5,277.5,277.5,https://dxbhsrqyrr690.cloudfront.net/sidearm.nextgen.sites/nacda.com/documents/2022/1/12/Jan_13OverallStandings.pdf,1
2021-22,Florida State,fall,9,Florida State,ACC,FBS,259.0,259.0,259.0,https://dxbhsrqyrr690.cloudfront.net/sidearm.nextgen.sites/nacda.com/documents/2022/1/12/Jan_13OverallStandings.pdf,1
2021-22,Pittsburgh,fall,10,Pittsburgh,ACC,FBS,248.0,248.0,248.0,https://dxbhsrqyrr690.cloudfront.net/sidearm.nextgen.sites/nacda.com/documents/2022/1/12/Jan_13OverallStandings.pdf,1
2021-22,Alabama,fall,11,Alabama,SEC,FBS,247.0,247.0,247.0,https://dxbhsrqyrr690.cloudfront.net/sidearm.nextgen.sites/nacda.com/documents/2022/1/12/Jan_13OverallStandings.pdf,1
2021-22,Ole Miss,fall,12,Ole Miss,SEC,FBS,243.5,243.5,243.5,https://dxbhsrqyrr690.cloudfront.net/sidearm.nextgen.sites/nacda.com/documents/2022/1/12/Jan_13OverallStandings.pdf,1
2021-22,Wake Forest,fall,13,Wake Forest,ACC,FBS,243.0,243.0,243.0,https://dxbhsrqyrr690.cloudfront.net/sidearm.nextgen.sites/nacda.com/documents/2022/1/12/Jan_13OverallStandings.pdf,1
2021-22,Minnesota,fall,13,Minnesota,Big Ten,FBS,243.0,243.0,243.0,https://dxbhsrqyrr690.cloudfront.net/sidearm.nextgen.sites/nacda.com/documents/2022/1/12/Jan_13OverallStandings.pdf,1
2021-22,Georgetown,fall,15,Georgetown,Big East,FCS,241.0,241.0,241.0,https://dxbhsrqyrr690.cloudfront.net/sidearm.nextgen.sites/nacda.com/documents/2022/1/12/Jan_13OverallStandings.pdf,1
2021-22,North Carolina State,fall,16,North Carolina State,ACC,FBS,234.0,234.0,234.0,https://dxbhsrqyrr690.cloudfront.net/sidearm.nextgen.sites/nacda.com/documents/2022/1/12/Jan_13OverallStandings.pdf,1
2021-22,Stanford,fall,17,Stanford,Pac-12,FBS,223.5,223.5,223.5,https://dxbhsrqyrr690.cloudfront.net/sidearm.nextgen.sites/nacda.com/documents/2022/1/12/Jan_13OverallStandings.pdf,1
2021-22,Harvard,fall,18,Harvard,Ivy League,FCS,221.5,221.5,221.5,https://dxbhsrqyrr690.cloudfront.net/sidearm.nextgen.sites/nacda.com/documents/2022/1/12/Jan_13OverallStandings.pdf,1
2021-22,Oklahoma State,fall,19,Oklahoma State,Big 12,FBS,220.0,220.0,220.0,https://dxbhsrqyrr690.cloudfront.net/sidearm.nextgen.sites/nacda.com/documents/2022/1/12/Jan_13OverallStandings.pdf,1
2021-22,Iowa State,fall,20,Iowa State,Big 12,FBS,209.0,209.0,209.0,https://dxbhsrqyrr690.cloudfront.net/sidearm.nextgen.sites/nacda.com/documents/2022/1/12/Jan_13OverallStandings.pdf,1
2021-22,Kentucky,fall,21,Kentucky,SEC,FBS,201.0,201.0,201.0,https://dxbhsrqyrr690.cloudfront.net/sidearm.nextgen.sites/nacda.com/documents/2022/1/12/Jan_13OverallStandings.pdf,1
2021-22,UCLA,fall,22,UCLA,Pac-12,FBS,199.0,199.0,199.0,https://dxbhsrqyrr690.cloudfront.net/sidearm.nextgen.sites/nacda.com/documents/2022/1/12/Jan_13OverallStandings.pdf,1
2021-22,Villanova,fall,23,Villanova,Big East,FCS,196.0,196.0,196.0,https://dxbhsrqyrr690.cloudfront.net/sidearm.nextgen.sites/nacda.com/documents/2022/1/12/Jan_13OverallStandings.pdf,1
2021-22,Texas,fall,24,Texas,Big 12,FBS,186.5,186.5,186.5,https://dxbhsrqyrr690.cloudfront.net/sidearm.nextgen.sites/nacda.com/documents/2022/1/12/Jan_13OverallStandings.pdf,1
2021-22,Louisville,fall,25,Louisville,ACC,FBS,186.0,186.0,186.0,https://dxbhsrqyrr690.cloudfront.net/sidearm.nextgen.sites/nacda.com/documents/2022/1/12/Jan_13OverallStandings.pdf,1
2021-22,Clemson,fall,26,Clemson,ACC,FBS,183.5,183.5,183.5,https://dxbhsrqyrr690.cloudfront.net/sidearm.nextgen.sites/nacda.com/documents/2022/1/12/Jan_13OverallStandings.pdf,1
2021-22,Tulsa,fall,27,Tulsa,American,FBS,182.5,182.5,182.5,https://dxbhsrqyrr690.cloudfront.net/sidearm.nextgen.sites/nacda.com/documents/2022/1/12/Jan_13OverallStandings.pdf,1
2021-22,Rutgers,fall,28,Rutgers,Big Ten,FBS,178.0,178.0,178.0,https://dxbhsrqyrr690.cloudfront.net/sidearm.nextgen.sites/nacda.com/documents/2022/1/12/Jan_13OverallStandings.pdf,1
2021-22,Princeton,fall,28,Princeton,Ivy League,FCS,178.0,178.0,178.0,https://dxbhsrqyrr690.cloudfront.net/sidearm.nextgen.sites/nacda.com/documents/2022/1/12/Jan_13OverallStandings.pdf,1
2021-22,West Virginia,fall,30,West Virginia,Big 12,FBS,176.0,176.0,176.0,https://dxbhsrqyrr690.cloudfront.net/sidearm.nextgen.sites/nacda.com/documents/2022/1/12/Jan_13OverallStandings.pdf,1
2021-22,Michigan State,fall,31,Michigan State,Big Ten,FBS,173.0,173.0,173.0,https://dxbhsrqyrr690.cloudfront.net/sidearm.nextgen.sites/nacda.com/documents/2022/1/12/Jan_13OverallStandings.pdf,1
2021-22,Oregon,fall,31,Oregon,Pac-12,FBS,173.0,173.0,173.0,https://dxbhsrqyrr690.cloudfront.net/sidearm.nextgen.sites/nacda.com/documents/2022/1/12/Jan_13OverallStandings.pdf,1
2021-22,Syracuse,fall,33,Syracuse,ACC,FBS,169.0,169.0,169.0,https://dxbhsrqyrr690.cloudfront.net/sidearm.nextgen.sites/nacda.com/documents/2022/1/12/Jan_13OverallStandings.pdf,1
2021-22,Utah,fall,34,Utah,Pac-12,FBS,168.5,168.5,168.5,https://dxbhsrqyrr690.cloudfront.net/sidearm.nextgen.sites/nacda.com/documents/2022/1/12/Jan_13OverallStandings.pdf,1
2021-22,Purdue,fall,35,Purdue,Big Ten,FBS,168.0,168.0,168.0,https://dxbhsrqyrr690.cloudfront.net/sidearm.nextgen.sites/nacda.com/documents/2022/1/12/Jan_13OverallStandings.pdf,1
2021-22,Providence,fall,36,Providence,Big East,DI,166.0,166.0,166.0,https://dxbhsrqyrr690.cloudfront.net/sidearm.nextgen.sites/nacda.com/documents/2022/1/12/Jan_13OverallStandings.pdf,1
2021-22,Tennessee,fall,36,Tennessee,SEC,FBS,166.0,166.0,166.0,https://dxbhsrqyrr690.cloudfront.net/sidearm.nextgen.sites/nacda.com/documents/2022/1/12/Jan_13OverallStandings.pdf,1
2021-22,Ohio State,fall,38,Ohio State,Big Ten,FBS,164.0,164.0,164.0,https://dxbhsrqyrr690.cloudfront.net/sidearm.nextgen.sites/nacda.com/documents/2022/1/12/Jan_13OverallStandings.pdf,1
2021-22,Liberty,fall,39,Liberty,ASUN,FBS,162.0,162.0,162.0,https://dxbhsrqyrr690.cloudfront.net/sidearm.nextgen.sites/nacda.com/documents/2022/1/12/Jan_13OverallStandings.pdf,1
2021-22,Maryland,fall,40,Maryland,Big Ten,FBS,153.0,153.0,153.0,https://dxbhsrqyrr690.cloudfront.net/sidearm.nextgen.sites/nacda.com/documents/2022/1/12/Jan_13OverallStandings.pdf,1
2021-22,Northern Arizona,fall,41,Northern Arizona,Big Sky,FCS,151.0,151.0,151.0,https://dxbhsrqyrr690.cloudfront.net/sidearm.nextgen.sites/nacda.com/documents/2022/1/12/Jan_13OverallStandings.pdf,1
2021-22,Colorado,fall,42,Colorado,Pac-12,FBS,150.5,150.5,150.5,https://dxbhsrqyrr690.cloudfront.net/sidearm.nextgen.sites/nacda.com/documents/2022/1/12/Jan_13OverallStandings.pdf,1
2021-22,South Carolina,fall,43,South Carolina,SEC,FBS,143.0,143.0,143.0,https://dxbhsrqyrr690.cloudfront.net/sidearm.nextgen.sites/nacda.com/documents/2022/1/12/Jan_13OverallStandings.pdf,1
2021-22,USC,fall,44,USC,Pac-12,FBS,140.0,140.0,140.0,https://dxbhsrqyrr690.cloudfront.net/sidearm.nextgen.sites/nacda.com/documents/2022/1/12/Jan_13OverallStandings.pdf,1
2021-22,Baylor,fall,45,Baylor,Big 12,FBS,137.5,137.5,137.5,https://dxbhsrqyrr690.cloudfront.net/sidearm.nextgen.sites/nacda.com/documents/2022/1/12/Jan_13OverallStandings.pdf,1
2021-22,Duke,fall,46,Duke,ACC,FBS,137.0,137.0,137.0,https://dxbhsrqyrr690.cloudfront.net/sidearm.nextgen.sites/nacda.com/documents/2022/1/12/Jan_13OverallStandings.pdf,1
2021-22,Portland,fall,47,Portland,WCC,DI,135.5,135.5,135.5,https://dxbhsrqyrr690.cloudfront.net/sidearm.nextgen.sites/nacda.com/documents/2022/1/12/Jan_13OverallStandings.pdf,1
2021-22,Santa Clara,fall,48,Santa Clara,WCC,DI,133.0,133.0,133.0,https://dxbhsrqyrr690.cloudfront.net/sidearm.nextgen.sites/nacda.com/documents/2022/1/12/Jan_13OverallStandings.pdf,1
2021-22,Northwestern,fall,49,Northwestern,Big Ten,FBS,127.0,127.0,127.0,https://dxbhsrqyrr690.cloudfront.net/sidearm.nextgen.sites/nacda.com/documents/2022/1/12/Jan_13OverallStandings.pdf,1
2021-22,Virginia Tech,fall,50,Virginia Tech,ACC,FBS,125.0,125.0,125.0,https://dxbhsrqyrr690.cloudfront.net/sidearm.nextgen.sites/nacda.com/documents/2022/1/12/Jan_13OverallStandings.pdf,1
2021-22,Washington State,fall,50,Washington State,Pac-12,FBS,125.0,125.0,125.0,https://dxbhsrqyrr690.cloudfront.net/sidearm.nextgen.sites/nacda.com/documents/2022/1/12/Jan_13OverallStandings.pdf,1
2021-22,Saint Louis,fall,52,Saint Louis,Atlantic 10,DI,123.0,123.0,123.0,https://dxbhsrqyrr690.cloudfront.net/sidearm.nextgen.sites/nacda.com/documents/2022/1/12/Jan_13OverallStandings.pdf,1
2021-22,Virginia,fall,53,Virginia,ACC,FBS,122.0,122.0,122.0,https://dxbhsrqyrr690.cloudfront.net/sidearm.nextgen.sites/nacda.com/documents/2022/1/12/Jan_13OverallStandings.pdf,1
2021-22,Rice,fall,53,Rice,Conference USA,FBS,122.0,122.0,122.0,https://dxbhsrqyrr690.cloudfront.net/sidearm.nextgen.sites/nacda.com/documents/2022/1/12/Jan_13OverallStandings.pdf,1
2021-22,Iowa,fall,55,Iowa,Big Ten,FBS,121.0,121.0,121.0,https://dxbhsrqyrr690.cloudfront.net/sidearm.nextgen.sites/nacda.com/documents/2022/1/12/Jan_13OverallStandings.pdf,2
2021-22,Illinois,fall,56,Illinois,Big Ten,FBS,120.0,120.0,120.0,https://dxbhsrqyrr690.cloudfront.net/sidearm.nextgen.sites/nacda.com/documents/2022/1/12/Jan_13OverallStandings.pdf,2
2021-22,Butler,fall,57,Butler,Big East,FCS,116.0,116.0,116.0,https://dxbhsrqyrr690.cloudfront.net/sidearm.nextgen.sites/nacda.com/documents/2022/1/12/Jan_13OverallStandings.pdf,2
2021-22,Florida,fall,57,Florida,SEC,FBS,116.0,116.0,116.0,https://dxbhsrqyrr690.cloudfront.net/sidearm.nextgen.sites/nacda.com/documents/2022/1/12/Jan_13OverallStandings.pdf,2
2021-22,St. John's (NY),fall,59,St. John's (NY),Big East,DI,114.0,114.0,114.0,https://dxbhsrqyrr690.cloudfront.net/sidearm.nextgen.sites/nacda.com/documents/2022/1/12/Jan_13OverallStandings.pdf,2
2021-22,Hofstra,fall,59,Hofstra,CAA,DI,114.0,114.0,114.0,https://dxbhsrqyrr690.cloudfront.net/sidearm.nextgen.sites/nacda.com/documents/2022/1/12/Jan_13OverallStandings.pdf,2
2021-22,New Mexico,fall,61,New Mexico,Mountain West,FBS,110.0,110.0,110.0,https://dxbhsrqyrr690.cloudfront.net/sidearm.nextgen.sites/nacda.com/documents/2022/1/12/Jan_13OverallStandings.pdf,2
2021-22,South Dakota State,fall,62,South Dakota State,Summit,FCS,108.0,108.0,108.0,https://dxbhsrqyrr690.cloudfront.net/sidearm.nextgen.sites/nacda.com/documents/2022/1/12/Jan_13OverallStandings.pdf,2
2021-22,Air Force,fall,63,Air Force,Mountain West,FBS,102.0,102.0,102.0,https://dxbhsrqyrr690.cloudfront.net/sidearm.nextgen.sites/nacda.com/documents/2022/1/12/Jan_13OverallStandings.pdf,2
2021-22,Creighton,fall,64,Creighton,Big East,DI,100.0,100.0,100.0,https://dxbhsrqyrr690.cloudfront.net/sidearm.nextgen.sites/nacda.com/documents/2022/1/12/Jan_13OverallStandings.pdf,2
2021-22,California,fall,64,California,Pac-12,FBS,100.0,100.0,100.0,https://dxbhsrqyrr690.cloudfront.net/sidearm.nextgen.sites/nacda.com/documents/2022/1/12/Jan_13OverallStandings.pdf,2
2021-22,Georgia,fall,64,Georgia,SEC,FBS,100.0,100.0,100.0,https://dxbhsrqyrr690.cloudfront.net/sidearm.nextgen.sites/nacda.com/documents/2022/1/12/Jan_13OverallStandings.pdf,2
2021-22,North Dakota State,fall,64,North Dakota State,Summit,FCS,100.0,100.0,100.0,https://dxbhsrqyrr690.cloudfront.net/sidearm.nextgen.sites/nacda.com/documents/2022/1/12/Jan_13OverallStandings.pdf,2
2021-22,Miami (OH),fall,68,Miami (OH),MAC,FBS,98.0,98.0,98.0,https://dxbhsrqyrr690.cloudfront.net/sidearm.nextgen.sites/nacda.com/documents/2022/1/12/Jan_13OverallStandings.pdf,2
2021-22,Oregon State,fall,68,Oregon State,Pac-12,FBS,98.0,98.0,98.0,https://dxbhsrqyrr690.cloudfront.net/sidearm.nextgen.sites/nacda.com/documents/2022/1/12/Jan_13OverallStandings.pdf,2
2021-22,Utah State,fall,70,Utah State,Mountain West,FBS,96.0,96.0,96.0,https://dxbhsrqyrr690.cloudfront.net/sidearm.nextgen.sites/nacda.com/documents/2022/1/12/Jan_13OverallStandings.pdf,2
2021-22,UCF,fall,71,UCF,American,FBS,95.0,95.0,95.0,https://dxbhsrqyrr690.cloudfront.net/sidearm.nextgen.sites/nacda.com/documents/2022/1/12/Jan_13OverallStandings.pdf,2
2021-22,Montana,fall,71,Montana,Big Sky,FCS,95.0,95.0,95.0,https://dxbhsrqyrr690.cloudfront.net/sidearm.nextgen.sites/nacda.com/documents/2022/1/12/Jan_13OverallStandings.pdf,2
2021-22,Western Kentucky,fall,71,Western Kentucky,Conference USA,FBS,95.0,95.0,95.0,https://dxbhsrqyrr690.cloudfront.net/sidearm.nextgen.sites/nacda.com/documents/2022/1/12/Jan_13OverallStandings.pdf,2
2021-22,Georgia State,fall,71,Georgia State,Sun Belt,FBS,95.0,95.0,95.0,https://dxbhsrqyrr690.cloudfront.net/sidearm.nextgen.sites/nacda.com/documents/2022/1/12/Jan_13OverallStandings.pdf,2
2021-22,Montana State,fall,75,Montana State,Big Sky,FCS,90.0,90.0,90.0,https://dxbhsrqyrr690.cloudfront.net/sidearm.nextgen.sites/nacda.com/documents/2022/1/12/Jan_13OverallStandings.pdf,2
2021-22,Nebraska,fall,75,Nebraska,Big Ten,FBS,90.0,90.0,90.0,https://dxbhsrqyrr690.cloudfront.net/sidearm.nextgen.sites/nacda.com/documents/2022/1/12/Jan_13OverallStandings.pdf,2
2021-22,Pepperdine,fall,77,Pepperdine,WCC,DI,89.0,89.0,89.0,https://dxbhsrqyrr690.cloudfront.net/sidearm.nextgen.sites/nacda.com/documents/2022/1/12/Jan_13OverallStandings.pdf,2
2021-22,James Madison,fall,78,James Madison,CAA,FCS,83.0,83.0,83.0,https://dxbhsrqyrr690.cloudfront.net/sidearm.nextgen.sites/nacda.com/documents/2022/1/12/Jan_13OverallStandings.pdf,2
2021-22,Cincinnati,fall,79,Cincinnati,American,FBS,80.0,80.0,80.0,https://dxbhsrqyrr690.cloudfront.net/sidearm.nextgen.sites/nacda.com/documents/2022/1/12/Jan_13OverallStandings.pdf,2
2021-22,UC Davis,fall,79,UC Davis,Big West,FCS,80.0,80.0,80.0,https://dxbhsrqyrr690.cloudfront.net/sidearm.nextgen.sites/nacda.com/documents/2022/1/12/Jan_13OverallStandings.pdf,2
2021-22,Lipscomb,fall,81,Lipscomb,ASUN,DI,79.0,79.0,79.0,https://dxbhsrqyrr690.cloudfront.net/sidearm.nextgen.sites/nacda.com/documents/2022/1/12/Jan_13OverallStandings.pdf,2
2021-22,LSU,fall,82,LSU,SEC,FBS,77.0,77.0,77.0,https://dxbhsrqyrr690.cloudfront.net/sidearm.nextgen.sites/nacda.com/documents/2022/1/12/Jan_13OverallStandings.pdf,2
2021-22,Marshall,fall,83,Marshall,Conference USA,FBS,75.0,75.0,75.0,https://dxbhsrqyrr690.cloudfront.net/sidearm.nextgen.sites/nacda.com/documents/2022/1/12/Jan_13OverallStandings.pdf,2
2021-22,Ball State,fall,83,Ball State,MAC,FBS,75.0,75.0,75.0,https://dxbhsrqyrr690.cloudfront.net/sidearm.nextgen.sites/nacda.com/documents/2022/1/12/Jan_13OverallStandings.pdf,2
2021-22,Bowling Green,fall,83,Bowling Green,MAC,FBS,75.0,75.0,75.0,https://dxbhsrqyrr690.cloudfront.net/sidearm.nextgen.sites/nacda.com/documents/2022/1/12/Jan_13OverallStandings.pdf,2
2021-22,Northern Illinois,fall,83,Northern Illinois,MAC,FBS,75.0,75.0,75.0,https://dxbhsrqyrr690.cloudfront.net/sidearm.nextgen.sites/nacda.com/documents/2022/1/12/Jan_13OverallStandings.pdf,2
2021-22,Gonzaga,fall,83,Gonzaga,WCC,DI,75.0,75.0,75.0,https://dxbhsrqyrr690.cloudfront.net/sidearm.nextgen.sites/nacda.com/documents/2022/1/12/Jan_13OverallStandings.pdf,2
2021-22,Georgia Tech,fall,88,Georgia Tech,ACC,FBS,73.0,73.0,73.0,https://dxbhsrqyrr690.cloudfront.net/sidearm.nextgen.sites/nacda.com/documents/2022/1/12/Jan_13OverallStandings.pdf,2
2021-22,Kansas State,fall,89,Kansas State,Big 12,FBS,70.0,70.0,70.0,https://dxbhsrqyrr690.cloudfront.net/sidearm.nextgen.sites/nacda.com/documents/2022/1/12/Jan_13OverallStandings.pdf,2
2021-22,Texas Tech,fall,89,Texas Tech,Big 12,FBS,70.0,70.0,70.0,https://dxbhsrqyrr690.cloudfront.net/sidearm.nextgen.sites/nacda.com/documents/2022/1/12/Jan_13OverallStandings.pdf,2
2021-22,East Tennessee State,fall,89,East Tennessee State,SoCon,FCS,70.0,70.0,70.0,https://dxbhsrqyrr690.cloudfront.net/sidearm.nextgen.sites/nacda.com/documents/2022/1/12/Jan_13OverallStandings.pdf,2
2021-22,Furman,fall,89,Furman,SoCon,FCS,70.0,70.0,70.0,https://dxbhsrqyrr690.cloudfront.net/sidearm.nextgen.sites/nacda.com/documents/2022/1/12/Jan_13OverallStandings.pdf,2
2021-22,Sam Houston State,fall,89,Sam Houston State,WAC,FCS,70.0,70.0,70.0,https://dxbhsrqyrr690.cloudfront.net/sidearm.nextgen.sites/nacda.com/documents/2022/1/12/Jan_13OverallStandings.pdf,2
2021-22,Oklahoma,fall,94,Oklahoma,Big 12,FBS,67.5,67.5,67.5,https://dxbhsrqyrr690.cloudfront.net/sidearm.nextgen.sites/nacda.com/documents/2022/1/12/Jan_13OverallStandings.pdf,2
2021-22,New Hampshire,fall,95,New Hampshire,America East,FCS,64.0,64.0,64.0,https://dxbhsrqyrr690.cloudfront.net/sidearm.nextgen.sites/nacda.com/documents/2022/1/12/Jan_13OverallStandings.pdf,2
2021-22,Kansas,fall,95,Kansas,Big 12,FBS,64.0,64.0,64.0,https://dxbhsrqyrr690.cloudfront.net/sidearm.nextgen.sites/nacda.com/documents/2022/1/12/Jan_13OverallStandings.pdf,2
2021-22,TCU,fall,95,TCU,Big 12,FBS,64.0,64.0,64.0,https://dxbhsrqyrr690.cloudfront.net/sidearm.nextgen.sites/nacda.com/documents/2022/1/12/Jan_13OverallStandings.pdf,2
2021-22,Indiana,fall,95,Indiana,Big Ten,FBS,64.0,64.0,64.0,https://dxbhsrqyrr690.cloudfront.net/sidearm.nextgen.sites/nacda.com/documents/2022/1/12/Jan_13OverallStandings.pdf,2
2021-22,Houston,fall,99,Houston,American,FBS,57.0,57.0,57.0,https://dxbhsrqyrr690.cloudfront.net/sidearm.nextgen.sites/nacda.com/documents/2022/1/12/Jan_13OverallStandings.pdf,2
2021-22,Colorado State,fall,99,Colorado State,Mountain West,FBS,57.0,57.0,57.0,https://dxbhsrqyrr690.cloudfront.net/sidearm.nextgen.sites/nacda.com/documents/2022/1/12/Jan_13OverallStandings.pdf,2
2021-22,Louisiana,fall,101,Louisiana,Sun Belt,FBS,56.0,56.0,56.0,https://dxbhsrqyrr690.cloudfront.net/sidearm.nextgen.sites/nacda.com/documents/2022/1/12/Jan_13OverallStandings.pdf,2
2021-22,Miami (FL),fall,102,Miami (FL),ACC,FBS,55.0,55.0,55.0,https://dxbhsrqyrr690.cloudfront.net/sidearm.nextgen.sites/nacda.com/documents/2022/1/12/Jan_13OverallStandings.pdf,2
2021-22,Memphis,fall,102,Memphis,American,FBS,55.0,55.0,55.0,https://dxbhsrqyrr690.cloudfront.net/sidearm.nextgen.sites/nacda.com/documents/2022/1/12/Jan_13OverallStandings.pdf,3
2021-22,SMU,fall,102,SMU,American,FBS,55.0,55.0,55.0,https://dxbhsrqyrr690.cloudfront.net/sidearm.nextgen.sites/nacda.com/documents/2022/1/12/Jan_13OverallStandings.pdf,3
2021-22,Hawaii,fall,102,Hawaii,Big West,FBS,55.0,55.0,55.0,https://dxbhsrqyrr690.cloudfront.net/sidearm.nextgen.sites/nacda.com/documents/2022/1/12/Jan_13OverallStandings.pdf,3
2021-22,Charlotte,fall,106,Charlotte,Conference USA,FBS,54.0,54.0,54.0,https://dxbhsrqyrr690.cloudfront.net/sidearm.nextgen.sites/nacda.com/documents/2022/1/12/Jan_13OverallStandings.pdf,3
2021-22,Kennesaw State,fall,107,Kennesaw State,ASUN,FCS,53.0,53.0,53.0,https://dxbhsrqyrr690.cloudfront.net/sidearm.nextgen.sites/nacda.com/documents/2022/1/12/Jan_13OverallStandings.pdf,3
2021-22,Saint Joseph's,fall,107,Saint Joseph's,Atlantic 10,DI,53.0,53.0,53.0,https://dxbhsrqyrr690.cloudfront.net/sidearm.nextgen.sites/nacda.com/documents/2022/1/12/Jan_13OverallStandings.pdf,3
2021-22,Eastern Washington,fall,107,Eastern Washington,Big Sky,FCS,53.0,53.0,53.0,https://dxbhsrqyrr690.cloudfront.net/sidearm.nextgen.sites/nacda.com/documents/2022/1/12/Jan_13OverallStandings.pdf,3
2021-22,Sacramento State,fall,107,Sacramento State,Big Sky,FCS,53.0,53.0,53.0,https://dxbhsrqyrr690.cloudfront.net/sidearm.nextgen.sites/nacda.com/documents/2022/1/12/Jan_13OverallStandings.pdf,3
2021-22,Delaware,fall,107,Delaware,CAA,FCS,53.0,53.0,53.0,https://dxbhsrqyrr690.cloudfront.net/sidearm.nextgen.sites/nacda.com/documents/2022/1/12/Jan_13OverallStandings.pdf,3
2021-22,Southern Illinois,fall,107,Southern Illinois,Missouri Valley,FCS,53.0,53.0,53.0,https://dxbhsrqyrr690.cloudfront.net/sidearm.nextgen.sites/nacda.com/documents/2022/1/12/Jan_13OverallStandings.pdf,3
2021-22,Tennessee Martin,fall,107,Tennessee Martin,OVC,FCS,53.0,53.0,53.0,https://dxbhsrqyrr690.cloudfront.net/sidearm.nextgen.sites/nacda.com/documents/2022/1/12/Jan_13OverallStandings.pdf,3
2021-22,American,fall,107,American,Patriot,DI,53.0,53.0,53.0,https://dxbhsrqyrr690.cloudfront.net/sidearm.nextgen.sites/nacda.com/documents/2022/1/12/Jan_13OverallStandings.pdf,3
2021-22,Holy Cross,fall,107,Holy Cross,Patriot,FCS,53.0,53.0,53.0,https://dxbhsrqyrr690.cloudfront.net/sidearm.nextgen.sites/nacda.com/documents/2022/1/12/Jan_13OverallStandings.pdf,3
2021-22,Incarnate Word,fall,107,Incarnate Word,Southland,FCS,53.0,53.0,53.0,https://dxbhsrqyrr690.cloudfront.net/sidearm.nextgen.sites/nacda.com/documents/2022/1/12/Jan_13OverallStandings.pdf,3
2021-22,Southeastern Louisiana,fall,107,Southeastern Louisiana,Southland,FCS,53.0,53.0,53.0,https://dxbhsrqyrr690.cloudfront.net/sidearm.nextgen.sites/nacda.com/documents/2022/1/12/Jan_13OverallStandings.pdf,3
2021-22,Vermont,fall,118,Vermont,America East,DI,50.0,50.0,50.0,https://dxbhsrqyrr690.cloudfront.net/sidearm.nextgen.sites/nacda.com/documents/2022/1/12/Jan_13OverallStandings.pdf,3
2021-22,Florida Gulf Coast,fall,118,Florida Gulf Coast,ASUN,DI,50.0,50.0,50.0,https://dxbhsrqyrr690.cloudfront.net/sidearm.nextgen.sites/nacda.com/documents/2022/1/12/Jan_13OverallStandings.pdf,3
2021-22,Dayton,fall,118,Dayton,Atlantic 10,FCS,50.0,50.0,50.0,https://dxbhsrqyrr690.cloudfront.net/sidearm.nextgen.sites/nacda.com/documents/2022/1/12/Jan_13OverallStandings.pdf,3
2021-22,Southern Utah,fall,118,Southern Utah,Big Sky,FCS,50.0,50.0,50.0,https://dxbhsrqyrr690.cloudfront.net/sidearm.nextgen.sites/nacda.com/documents/2022/1/12/Jan_13OverallStandings.pdf,3
2021-22,Campbell,fall,118,Campbell,Big South,FCS,50.0,50.0,50.0,https://dxbhsrqyrr690.cloudfront.net/sidearm.nextgen.sites/nacda.com/documents/2022/1/12/Jan_13OverallStandings.pdf,3
2021-22,UC Irvine,fall,118,UC Irvine,Big West,DI,50.0,50.0,50.0,https://dxbhsrqyrr690.cloudfront.net/sidearm.nextgen.sites/nacda.com/documents/2022/1/12/Jan_13OverallStandings.pdf,3
2021-22,FIU,fall,118,FIU,Conference USA,FBS,50.0,50.0,50.0,https://dxbhsrqyrr690.cloudfront.net/sidearm.nextgen.sites/nacda.com/documents/2022/1/12/Jan_13OverallStandings.pdf,3
2021-22,Old Dominion,fall,118,Old Dominion,Conference USA,FBS,50.0,50.0,50.0,https://dxbhsrqyrr690.cloudfront.net/sidearm.nextgen.sites/nacda.com/documents/2022/1/12/Jan_13OverallStandings.pdf,3
2021-22,Wisconsin Milwaukee,fall,118,Wisconsin Milwaukee,Horizon League,DI,50.0,50.0,50.0,https://dxbhsrqyrr690.cloudfront.net/sidearm.nextgen.sites/nacda.com/documents/2022/1/12/Jan_13OverallStandings.pdf,3
2021-22,Brown,fall,118,Brown,Ivy League,FCS,50.0,50.0,50.0,https://dxbhsrqyrr690.cloudfront.net/sidearm.nextgen.sites/nacda.com/documents/2022/1/12/Jan_13OverallStandings.pdf,3
2021-22,Fairfield,fall,118,Fairfield,MAAC,DI,50.0,50.0,50.0,https://dxbhsrqyrr690.cloudfront.net/sidearm.nextgen.sites/nacda.com/documents/2022/1/12/Jan_13OverallStandings.pdf,3
2021-22,Missouri State,fall,118,Missouri State,Missouri Valley,FCS,50.0,50.0,50.0,https://dxbhsrqyrr690.cloudfront.net/sidearm.nextgen.sites/nacda.com/documents/2022/1/12/Jan_13OverallStandings.pdf,3
2021-22,LIU Brooklyn,fall,118,LIU Brooklyn,Northeast,DI,50.0,50.0,50.0,https://dxbhsrqyrr690.cloudfront.net/sidearm.nextgen.sites/nacda.com/documents/2022/1/12/Jan_13OverallStandings.pdf,3
2021-22,Sacred Heart,fall,118,Sacred Heart,Northeast,FCS,50.0,50.0,50.0,https://dxbhsrqyrr690.cloudfront.net/sidearm.nextgen.sites/nacda.com/documents/2022/1/12/Jan_13OverallStandings.pdf,3
2021-22,Auburn,fall,118,Auburn,SEC,FBS,50.0,50.0,50.0,https://dxbhsrqyrr690.cloudfront.net/sidearm.nextgen.sites/nacda.com/documents/2022/1/12/Jan_13OverallStandings.pdf,3
2021-22,Mississippi State,fall,118,Mississippi State,SEC,FBS,50.0,50.0,50.0,https://dxbhsrqyrr690.cloudfront.net/sidearm.nextgen.sites/nacda.com/documents/2022/1/12/Jan_13OverallStandings.pdf,3
2021-22,Samford,fall,118,Samford,SoCon,FCS,50.0,50.0,50.0,https://dxbhsrqyrr690.cloudfront.net/sidearm.nextgen.sites/nacda.com/documents/2022/1/12/Jan_13OverallStandings.pdf,3
2021-22,Denver,fall,118,Denver,Summit,DI,50.0,50.0,50.0,https://dxbhsrqyrr690.cloudfront.net/sidearm.nextgen.sites/nacda.com/documents/2022/1/12/Jan_13OverallStandings.pdf,3
2021-22,South Dakota,fall,118,South Dakota,Summit,FCS,50.0,50.0,50.0,https://dxbhsrqyrr690.cloudfront.net/sidearm.nextgen.sites/nacda.com/documents/2022/1/12/Jan_13OverallStandings.pdf,3
2021-22,South Alabama,fall,118,South Alabama,Sun Belt,FBS,50.0,50.0,50.0,https://dxbhsrqyrr690.cloudfront.net/sidearm.nextgen.sites/nacda.com/documents/2022/1/12/Jan_13OverallStandings.pdf,3
2021-22,Florida A&M,fall,118,Florida A&M,SWAC,FCS,50.0,50.0,50.0,https://dxbhsrqyrr690.cloudfront.net/sidearm.nextgen.sites/nacda.com/documents/2022/1/12/Jan_13OverallStandings.pdf,3
2021-22,Grand Canyon,fall,118,Grand Canyon,WAC,DI,50.0,50.0,50.0,https://dxbhsrqyrr690.cloudfront.net/sidearm.nextgen.sites/nacda.com/documents/2022/1/12/Jan_13OverallStandings.pdf,3
2021-22,Texas A&M,fall,140,Texas A&M,SEC,FBS,49.0,49.0,49.0,https://dxbhsrqyrr690.cloudfront.net/sidearm.nextgen.sites/nacda.com/documents/2022/1/12/Jan_13OverallStandings.pdf,3
2021-22,Middle Tennessee State,fall,141,Middle Tennessee State,Conference USA,FBS,45.0,45.0,45.0,https://dxbhsrqyrr690.cloudfront.net/sidearm.nextgen.sites/nacda.com/documents/2022/1/12/Jan_13OverallStandings.pdf,3
2021-22,UAB,fall,141,UAB,Conference USA,FBS,45.0,45.0,45.0,https://dxbhsrqyrr690.cloudfront.net/sidearm.nextgen.sites/nacda.com/documents/2022/1/12/Jan_13OverallStandings.pdf,3
2021-22,Central Michigan,fall,141,Central Michigan,MAC,FBS,45.0,45.0,45.0,https://dxbhsrqyrr690.cloudfront.net/sidearm.nextgen.sites/nacda.com/documents/2022/1/12/Jan_13OverallStandings.pdf,3
2021-22,Western Michigan,fall,141,Western Michigan,MAC,FBS,45.0,45.0,45.0,https://dxbhsrqyrr690.cloudfront.net/sidearm.nextgen.sites/nacda.com/documents/2022/1/12/Jan_13OverallStandings.pdf,3
2021-22,Fresno State,fall,141,Fresno State,Mountain West,FBS,45.0,45.0,45.0,https://dxbhsrqyrr690.cloudfront.net/sidearm.nextgen.sites/nacda.com/documents/2022/1/12/Jan_13OverallStandings.pdf,3
2021-22,Wyoming,fall,141,Wyoming,Mountain West,FBS,45.0,45.0,45.0,https://dxbhsrqyrr690.cloudfront.net/sidearm.nextgen.sites/nacda.com/documents/2022/1/12/Jan_13OverallStandings.pdf,3
2021-22,Army West Point,fall,141,Army West Point,Patriot,FBS,45.0,45.0,45.0,https://dxbhsrqyrr690.cloudfront.net/sidearm.nextgen.sites/nacda.com/documents/2022/1/12/Jan_13OverallStandings.pdf,3
2021-22,Coastal Carolina,fall,141,Coastal Carolina,Sun Belt,FBS,45.0,45.0,45.0,https://dxbhsrqyrr690.cloudfront.net/sidearm.nextgen.sites/nacda.com/documents/2022/1/12/Jan_13OverallStandings.pdf,3
2021-22,San Diego State,fall,141,San Diego State,Mountain West,FBS,45.0,45.0,45.0,https://dxbhsrqyrr690.cloudfront.net/sidearm.nextgen.sites/nacda.com/documents/2022/1/12/Jan_13OverallStandings.pdf,3
2021-22,Boise State,fall,150,Boise State,Mountain West,FBS,30.0,30.0,30.0,https://dxbhsrqyrr690.cloudfront.net/sidearm.nextgen.sites/nacda.com/documents/2022/1/12/Jan_13OverallStandings.pdf,3
2021-22,North Florida,fall,151,North Florida,ASUN,DI,29.0,29.0,29.0,https://dxbhsrqyrr690.cloudfront.net/sidearm.nextgen.sites/nacda.com/documents/2022/1/12/Jan_13OverallStandings.pdf,3
2021-22,Columbia,fall,151,Columbia,Ivy League,FCS,29.0,29.0,29.0,https://dxbhsrqyrr690.cloudfront.net/sidearm.nextgen.sites/nacda.com/documents/2022/1/12/Jan_13OverallStandings.pdf,3
2021-22,Iona,fall,151,Iona,MAAC,DI,29.0,29.0,29.0,https://dxbhsrqyrr690.cloudfront.net/sidearm.nextgen.sites/nacda.com/documents/2022/1/12/Jan_13OverallStandings.pdf,3
2021-22,Arkansas State,fall,151,Arkansas State,Sun Belt,FBS,29.0,29.0,29.0,https://dxbhsrqyrr690.cloudfront.net/sidearm.nextgen.sites/nacda.com/documents/2022/1/12/Jan_13OverallStandings.pdf,3
2021-22,Lamar,fall,151,Lamar,WAC,FCS,29.0,29.0,29.0,https://dxbhsrqyrr690.cloudfront.net/sidearm.nextgen.sites/nacda.com/documents/2022/1/12/Jan_13OverallStandings.pdf,3
2021-22,UConn,fall,156,UConn,Big East,FBS,27.0,27.0,27.0,https://dxbhsrqyrr690.cloudfront.net/sidearm.nextgen.sites/nacda.com/documents/2022/1/12/Jan_13OverallStandings.pdf,3
2021-22,Yale,fall,156,Yale,Ivy League,FCS,27.0,27.0,27.0,https://dxbhsrqyrr690.cloudfront.net/sidearm.nextgen.sites/nacda.com/documents/2022/1/12/Jan_13OverallStandings.pdf,4
2021-22,Abilene Christian,fall,156,Abilene Christian,WAC,FCS,27.0,27.0,27.0,https://dxbhsrqyrr690.cloudfront.net/sidearm.nextgen.sites/nacda.com/documents/2022/1/12/Jan_13OverallStandings.pdf,4
2021-22,Maine,fall,159,Maine,America East,FCS,25.0,25.0,25.0,https://dxbhsrqyrr690.cloudfront.net/sidearm.nextgen.sites/nacda.com/documents/2022/1/12/Jan_13OverallStandings.pdf,4
2021-22,UMBC,fall,159,UMBC,America East,DI,25.0,25.0,25.0,https://dxbhsrqyrr690.cloudfront.net/sidearm.nextgen.sites/nacda.com/documents/2022/1/12/Jan_13OverallStandings.pdf,4
2021-22,South Florida,fall,159,South Florida,American,FBS,25.0,25.0,25.0,https://dxbhsrqyrr690.cloudfront.net/sidearm.nextgen.sites/nacda.com/documents/2022/1/12/Jan_13OverallStandings.pdf,4
2021-22,Davidson,fall,159,Davidson,Atlantic 10,FCS,25.0,25.0,25.0,https://dxbhsrqyrr690.cloudfront.net/sidearm.nextgen.sites/nacda.com/documents/2022/1/12/Jan_13OverallStandings.pdf,4
2021-22,Fordham,fall,159,Fordham,Atlantic 10,FCS,25.0,25.0,25.0,https://dxbhsrqyrr690.cloudfront.net/sidearm.nextgen.sites/nacda.com/documents/2022/1/12/Jan_13OverallStandings.pdf,4
2021-22,Marquette,fall,159,Marquette,Big East,DI,25.0,25.0,25.0,https://dxbhsrqyrr690.cloudfront.net/sidearm.nextgen.sites/nacda.com/documents/2022/1/12/Jan_13OverallStandings.pdf,4
2021-22,Xavier,fall,159,Xavier,Big East,DI,25.0,25.0,25.0,https://dxbhsrqyrr690.cloudfront.net/sidearm.nextgen.sites/nacda.com/documents/2022/1/12/Jan_13OverallStandings.pdf,4
2021-22,Northern Colorado,fall,159,Northern Colorado,Big Sky,FCS,25.0,25.0,25.0,https://dxbhsrqyrr690.cloudfront.net/sidearm.nextgen.sites/nacda.com/documents/2022/1/12/Jan_13OverallStandings.pdf,4
2021-22,High Point,fall,159,High Point,Big South,DI,25.0,25.0,25.0,https://dxbhsrqyrr690.cloudfront.net/sidearm.nextgen.sites/nacda.com/documents/2022/1/12/Jan_13OverallStandings.pdf,4
2021-22,Long Beach State,fall,159,Long Beach State,Big West,DI,25.0,25.0,25.0,https://dxbhsrqyrr690.cloudfront.net/sidearm.nextgen.sites/nacda.com/documents/2022/1/12/Jan_13OverallStandings.pdf,4
2021-22,UC Santa Barbara,fall,159,UC Santa Barbara,Big West,DI,25.0,25.0,25.0,https://dxbhsrqyrr690.cloudfront.net/sidearm.nextgen.sites/nacda.com/documents/2022/1/12/Jan_13OverallStandings.pdf,4
2021-22,Towson,fall,159,Towson,CAA,FCS,25.0,25.0,25.0,https://dxbhsrqyrr690.cloudfront.net/sidearm.nextgen.sites/nacda.com/documents/2022/1/12/Jan_13OverallStandings.pdf,4
2021-22,North Texas,fall,159,North Texas,Conference USA,FBS,25.0,25.0,25.0,https://dxbhsrqyrr690.cloudfront.net/sidearm.nextgen.sites/nacda.com/documents/2022/1/12/Jan_13OverallStandings.pdf,4
2021-22,UTEP,fall,159,UTEP,Conference USA,FBS,25.0,25.0,25.0,https://dxbhsrqyrr690.cloudfront.net/sidearm.nextgen.sites/nacda.com/documents/2022/1/12/Jan_13OverallStandings.pdf,4
2021-22,UTSA,fall,159,UTSA,Conference USA,FBS,25.0,25.0,25.0,https://dxbhsrqyrr690.cloudfront.net/sidearm.nextgen.sites/nacda.com/documents/2022/1/12/Jan_13OverallStandings.pdf,4
2021-22,Illinois Chicago,fall,159,Illinois Chicago,Horizon League,DI,25.0,25.0,25.0,https://dxbhsrqyrr690.cloudfront.net/sidearm.nextgen.sites/nacda.com/documents/2022/1/12/Jan_13OverallStandings.pdf,4
2021-22,Oakland,fall,159,Oakland,Horizon League,DI,25.0,25.0,25.0,https://dxbhsrqyrr690.cloudfront.net/sidearm.nextgen.sites/nacda.com/documents/2022/1/12/Jan_13OverallStandings.pdf,4
2021-22,Marist,fall,159,Marist,MAAC,FCS,25.0,25.0,25.0,https://dxbhsrqyrr690.cloudfront.net/sidearm.nextgen.sites/nacda.com/documents/2022/1/12/Jan_13OverallStandings.pdf,4
2021-22,Monmouth,fall,159,Monmouth,MAAC,FCS,25.0,25.0,25.0,https://dxbhsrqyrr690.cloudfront.net/sidearm.nextgen.sites/nacda.com/documents/2022/1/12/Jan_13OverallStandings.pdf,4
2021-22,Akron,fall,159,Akron,MAC,FBS,25.0,25.0,25.0,https://dxbhsrqyrr690.cloudfront.net/sidearm.nextgen.sites/nacda.com/documents/2022/1/12/Jan_13OverallStandings.pdf,4
2021-22,Eastern Michigan,fall,159,Eastern Michigan,MAC,FBS,25.0,25.0,25.0,https://dxbhsrqyrr690.cloudfront.net/sidearm.nextgen.sites/nacda.com/documents/2022/1/12/Jan_13OverallStandings.pdf,4
2021-22,Kent State,fall,159,Kent State,MAC,FBS,25.0,25.0,25.0,https://dxbhsrqyrr690.cloudfront.net/sidearm.nextgen.sites/nacda.com/documents/2022/1/12/Jan_13OverallStandings.pdf,4
2021-22,Toledo,fall,159,Toledo,MAC,FBS,25.0,25.0,25.0,https://dxbhsrqyrr690.cloudfront.net/sidearm.nextgen.sites/nacda.com/documents/2022/1/12/Jan_13OverallStandings.pdf,4
2021-22,Howard,fall,159,Howard,MEAC,FCS,25.0,25.0,25.0,https://dxbhsrqyrr690.cloudfront.net/sidearm.nextgen.sites/nacda.com/documents/2022/1/12/Jan_13OverallStandings.pdf,4
2021-22,Illinois State,fall,159,Illinois State,Missouri Valley,FCS,25.0,25.0,25.0,https://dxbhsrqyrr690.cloudfront.net/sidearm.nextgen.sites/nacda.com/documents/2022/1/12/Jan_13OverallStandings.pdf,4
2021-22,Loyola Chicago,fall,159,Loyola Chicago,Missouri Valley,DI,25.0,25.0,25.0,https://dxbhsrqyrr690.cloudfront.net/sidearm.nextgen.sites/nacda.com/documents/2022/1/12/Jan_13OverallStandings.pdf,4
2021-22,Northern Iowa,fall,159,Northern Iowa,Missouri Valley,FCS,25.0,25.0,25.0,https://dxbhsrqyrr690.cloudfront.net/sidearm.nextgen.sites/nacda.com/documents/2022/1/12/Jan_13OverallStandings.pdf,4
2021-22,Nevada,fall,159,Nevada,Mountain West,FBS,25.0,25.0,25.0,https://dxbhsrqyrr690.cloudfront.net/sidearm.nextgen.sites/nacda.com/documents/2022/1/12/Jan_13OverallStandings.pdf,4
2021-22,Central Connecticut State,fall,159,Central Connecticut State,Northeast,FCS,25.0,25.0,25.0,https://dxbhsrqyrr690.cloudfront.net/sidearm.nextgen.sites/nacda.com/documents/2022/1/12/Jan_13OverallStandings.pdf,4
2021-22,SIU Edwardsville,fall,159,SIU Edwardsville,OVC,DI,25.0,25.0,25.0,https://dxbhsrqyrr690.cloudfront.net/sidearm.nextgen.sites/nacda.com/documents/2022/1/12/Jan_13OverallStandings.pdf,4
2021-22,Southeast Missouri State,fall,159,Southeast Missouri State,OVC,FCS,25.0,25.0,25.0,https://dxbhsrqyrr690.cloudfront.net/sidearm.nextgen.sites/nacda.com/documents/2022/1/12/Jan_13OverallStandings.pdf,4
2021-22,Arizona State,fall,159,Arizona State,Pac-12,FBS,25.0,25.0,25.0,https://dxbhsrqyrr690.cloudfront.net/sidearm.nextgen.sites/nacda.com/documents/2022/1/12/Jan_13OverallStandings.pdf,4
2021-22,Bucknell,fall,159,Bucknell,Patriot,FCS,25.0,25.0,25.0,https://dxbhsrqyrr690.cloudfront.net/sidearm.nextgen.sites/nacda.com/documents/2022/1/12/Jan_13OverallStandings.pdf,4
2021-22,Colgate,fall,159,Colgate,Patriot,FCS,25.0,25.0,25.0,https://dxbhsrqyrr690.cloudfront.net/sidearm.nextgen.sites/nacda.com/documents/2022/1/12/Jan_13OverallStandings.pdf,4
2021-22,Loyola Maryland,fall,159,Loyola Maryland,Patriot,DI,25.0,25.0,25.0,https://dxbhsrqyrr690.cloudfront.net/sidearm.nextgen.sites/nacda.com/documents/2022/1/12/Jan_13OverallStandings.pdf,4
2021-22,Missouri,fall,159,Missouri,SEC,FBS,25.0,25.0,25.0,https://dxbhsrqyrr690.cloudfront.net/sidearm.nextgen.sites/nacda.com/documents/2022/1/12/Jan_13OverallStandings.pdf,4
2021-22,Citadel,fall,159,Citadel,SoCon,FCS,25.0,25.0,25.0,https://dxbhsrqyrr690.cloudfront.net/sidearm.nextgen.sites/nacda.com/documents/2022/1/12/Jan_13OverallStandings.pdf,4
2021-22,Mercer,fall,159,Mercer,SoCon,FCS,25.0,25.0,25.0,https://dxbhsrqyrr690.cloudfront.net/sidearm.nextgen.sites/nacda.com/documents/2022/1/12/Jan_13OverallStandings.pdf,4
2021-22,Northwestern State,fall,159,Northwestern State,Southland,FCS,25.0,25.0,25.0,https://dxbhsrqyrr690.cloudfront.net/sidearm.nextgen.sites/nacda.com/documents/2022/1/12/Jan_13OverallStandings.pdf,4
2021-22,Texas A&M Corpus Christi,fall,159,Texas A&M Corpus Christi,Southland,DI,25.0,25.0,25.0,https://dxbhsrqyrr690.cloudfront.net/sidearm.nextgen.sites/nacda.com/documents/2022/1/12/Jan_13OverallStandings.pdf,4
2021-22,Appalachian State,fall,159,Appalachian State,Sun Belt,FBS,25.0,25.0,25.0,https://dxbhsrqyrr690.cloudfront.net/sidearm.nextgen.sites/nacda.com/documents/2022/1/12/Jan_13OverallStandings.pdf,4
2021-22,Prairie View A&M,fall,159,Prairie View A&M,SWAC,FCS,25.0,25.0,25.0,https://dxbhsrqyrr690.cloudfront.net/sidearm.nextgen.sites/nacda.com/documents/2022/1/12/Jan_13OverallStandings.pdf,4
2021-22,Stephen F. Austin,fall,159,Stephen F. Austin,WAC,FCS,25.0,25.0,25.0,https://dxbhsrqyrr690.cloudfront.net/sidearm.nextgen.sites/nacda.com/documents/2022/1/12/Jan_13OverallStandings.pdf,4
2021-22,Seattle,fall,159,Seattle,WAC,DI,25.0,25.0,25.0,https://dxbhsrqyrr690.cloudfront.net/sidearm.nextgen.sites/nacda.com/documents/2022/1/12/Jan_13OverallStandings.pdf,4
2021-22,Utah Valley,fall,159,Utah Valley,WAC,DI,25.0,25.0,25.0,https://dxbhsrqyrr690.cloudfront.net/sidearm.nextgen.sites/nacda.com/documents/2022/1/12/Jan_13OverallStandings.pdf,4
2021-22,San Diego,fall,159,San Diego,WCC,FCS,25.0,25.0,25.0,https://dxbhsrqyrr690.cloudfront.net/sidearm.nextgen.sites/nacda.com/documents/2022/1/12/Jan_13OverallStandings.pdf,4
2021-22,Boston College,fall,205,Boston College,ACC,FBS,5.0,5.0,5.0,https://dxbhsrqyrr690.cloudfront.net/sidearm.nextgen.sites/nacda.com/documents/2022/1/12/Jan_13OverallStandings.pdf,4
2021-22,East Carolina,fall,205,East Carolina,American,FBS,5.0,5.0,5.0,https://dxbhsrqyrr690.cloudfront.net/sidearm.nextgen.sites/nacda.com/documents/2022/1/12/Jan_13OverallStandings.pdf,4
2021-22,Michigan,winter,1,Michigan,Big Ten,FBS,1000.25,646.25,354.0,https://dxbhsrqyrr690.cloudfront.net/sidearm.nextgen.sites/nacda.com/documents/2022/4/21/April21Overall.pdf,1
2021-22,Stanford,winter,2,Stanford,Pac-12,FBS,851.25,627.75,223.5,https://dxbhsrqyrr690.cloudfront.net/sidearm.nextgen.sites/nacda.com/documents/2022/4/21/April21Overall.pdf,1
2021-22,Ohio State,winter,3,Ohio State,Big Ten,FBS,842.0,678.0,164.0,https://dxbhsrqyrr690.cloudfront.net/sidearm.nextgen.sites/nacda.com/documents/2022/4/21/April21Overall.pdf,1
2021-22,Notre Dame,winter,4,Notre Dame,ACC,FBS,814.0,454.0,360.0,https://dxbhsrqyrr690.cloudfront.net/sidearm.nextgen.sites/nacda.com/documents/2022/4/21/April21Overall.pdf,1
2021-22,North Carolina,winter,5,North Carolina,ACC,FBS,702.0,406.5,295.5,https://dxbhsrqyrr690.cloudfront.net/sidearm.nextgen.sites/nacda.com/documents/2022/4/21/April21Overall.pdf,1
2021-22,Texas,winter,6,Texas,Big 12,FBS,679.5,493.0,186.5,https://dxbhsrqyrr690.cloudfront.net/sidearm.nextgen.sites/nacda.com/documents/2022/4/21/April21Overall.pdf,1
2021-22,Wisconsin,winter,7,Wisconsin,Big Ten,FBS,662.5,323.0,339.5,https://dxbhsrqyrr690.cloudfront.net/sidearm.nextgen.sites/nacda.com/documents/2022/4/21/April21Overall.pdf,1
2021-22,Kentucky,winter,8,Kentucky,SEC,FBS,662.25,461.25,201.0,https://dxbhsrqyrr690.cloudfront.net/sidearm.nextgen.sites/nacda.com/documents/2022/4/21/April21Overall.pdf,1
2021-22,North Carolina State,winter,9,North Carolina State,ACC,FBS,644.0,410.0,234.0,https://dxbhsrqyrr690.cloudfront.net/sidearm.nextgen.sites/nacda.com/documents/2022/4/21/April21Overall.pdf,1
2021-22,Arkansas,winter,10,Arkansas,SEC,FBS,634.25,356.75,277.5,https://dxbhsrqyrr690.cloudfront.net/sidearm.nextgen.sites/nacda.com/documents/2022/4/21/April21Overall.pdf,1
2021-22,Minnesota,winter,11,Minnesota,Big Ten,FBS,633.75,390.75,243.0,https://dxbhsrqyrr690.cloudfront.net/sidearm.nextgen.sites/nacda.com/documents/2022/4/21/April21Overall.pdf,1
2021-22,Alabama,winter,12,Alabama,SEC,FBS,591.0,344.0,247.0,https://dxbhsrqyrr690.cloudfront.net/sidearm.nextgen.sites/nacda.com/documents/2022/4/21/April21Overall.pdf,1
2021-22,BYU,winter,13,BYU,WCC,FBS,552.0,184.0,368.0,https://dxbhsrqyrr690.cloudfront.net/sidearm.nextgen.sites/nacda.com/documents/2022/4/21/April21Overall.pdf,1
2021-22,Tennessee,winter,14,Tennessee,SEC,FBS,547.0,381.0,166.0,https://dxbhsrqyrr690.cloudfront.net/sidearm.nextgen.sites/nacda.com/documents/2022/4/21/April21Overall.pdf,1
2021-22,Florida,winter,15,Florida,SEC,FBS,533.0,417.0,116.0,https://dxbhsrqyrr690.cloudfront.net/sidearm.nextgen.sites/nacda.com/documents/2022/4/21/April21Overall.pdf,1
2021-22,Harvard,winter,16,Harvard,Ivy League,FCS,512.0,290.5,221.5,https://dxbhsrqyrr690.cloudfront.net/sidearm.nextgen.sites/nacda.com/documents/2022/4/21/April21Overall.pdf,1
2021-22,Penn State,winter,17,Penn State,Big Ten,FBS,502.5,204.5,298.0,https://dxbhsrqyrr690.cloudfront.net/sidearm.nextgen.sites/nacda.com/documents/2022/4/21/April21Overall.pdf,1
2021-22,Ole Miss,winter,18,Ole Miss,SEC,FBS,488.0,244.5,243.5,https://dxbhsrqyrr690.cloudfront.net/sidearm.nextgen.sites/nacda.com/documents/2022/4/21/April21Overall.pdf,1
2021-22,Princeton,winter,19,Princeton,Ivy League,FCS,484.75,306.75,178.0,https://dxbhsrqyrr690.cloudfront.net/sidearm.nextgen.sites/nacda.com/documents/2022/4/21/April21Overall.pdf,1
2021-22,Iowa State,winter,20,Iowa State,Big 12,FBS,462.0,253.0,209.0,https://dxbhsrqyrr690.cloudfront.net/sidearm.nextgen.sites/nacda.com/documents/2022/4/21/April21Overall.pdf,1
2021-22,Virginia Tech,winter,21,Virginia Tech,ACC,FBS,457.75,332.75,125.0,https://dxbhsrqyrr690.cloudfront.net/sidearm.nextgen.sites/nacda.com/documents/2022/4/21/April21Overall.pdf,1
2021-22,Oklahoma,winter,22,Oklahoma,Big 12,FBS,454.0,386.5,67.5,https://dxbhsrqyrr690.cloudfront.net/sidearm.nextgen.sites/nacda.com/documents/2022/4/21/April21Overall.pdf,1
2021-22,Louisville,winter,23,Louisville,ACC,FBS,452.0,266.0,186.0,https://dxbhsrqyrr690.cloudfront.net/sidearm.nextgen.sites/nacda.com/documents/2022/4/21/April21Overall.pdf,1
2021-22,Utah,winter,24,Utah,Pac-12,FBS,435.5,267.0,168.5,https://dxbhsrqyrr690.cloudfront.net/sidearm.nextgen.sites/nacda.com/documents/2022/4/21/April21Overall.pdf,1
2021-22,LSU,winter,25,LSU,SEC,FBS,430.75,353.75,77.0,https://dxbhsrqyrr690.cloudfront.net/sidearm.nextgen.sites/nacda.com/documents/2022/4/21/April21Overall.pdf,1
2021-22,Duke,winter,26,Duke,ACC,FBS,430.5,293.5,137.0,https://dxbhsrqyrr690.cloudfront.net/sidearm.nextgen.sites/nacda.com/documents/2022/4/21/April21Overall.pdf,1
2021-22,Georgia,winter,27,Georgia,SEC,FBS,424.5,324.5,100.0,https://dxbhsrqyrr690.cloudfront.net/sidearm.nextgen.sites/nacda.com/documents/2022/4/21/April21Overall.pdf,1
2021-22,Iowa,winter,28,Iowa,Big Ten,FBS,417.75,296.75,121.0,https://dxbhsrqyrr690.cloudfront.net/sidearm.nextgen.sites/nacda.com/documents/2022/4/21/April21Overall.pdf,1
2021-22,California,winter,29,California,Pac-12,FBS,413.75,313.75,100.0,https://dxbhsrqyrr690.cloudfront.net/sidearm.nextgen.sites/nacda.com/documents/2022/4/21/April21Overall.pdf,1
2021-22,Nebraska,winter,30,Nebraska,Big Ten,FBS,404.5,314.5,90.0,https://dxbhsrqyrr690.cloudfront.net/sidearm.nextgen.sites/nacda.com/documents/2022/4/21/April21Overall.pdf,1
2021-22,Illinois,winter,31,Illinois,Big Ten,FBS,400.0,280.0,120.0,https://dxbhsrqyrr690.cloudfront.net/sidearm.nextgen.sites/nacda.com/documents/2022/4/21/April21Overall.pdf,1
2021-22,UCLA,winter,32,UCLA,Pac-12,FBS,398.25,199.25,199.0,https://dxbhsrqyrr690.cloudfront.net/sidearm.nextgen.sites/nacda.com/documents/2022/4/21/April21Overall.pdf,1
2021-22,Michigan State,winter,33,Michigan State,Big Ten,FBS,396.25,223.25,173.0,https://dxbhsrqyrr690.cloudfront.net/sidearm.nextgen.sites/nacda.com/documents/2022/4/21/April21Overall.pdf,1
2021-22,Washington,winter,34,Washington,Pac-12,FBS,388.5,105.5,283.0,https://dxbhsrqyrr690.cloudfront.net/sidearm.nextgen.sites/nacda.com/documents/2022/4/21/April21Overall.pdf,1
2021-22,USC,winter,35,USC,Pac-12,FBS,387.0,247.0,140.0,https://dxbhsrqyrr690.cloudfront.net/sidearm.nextgen.sites/nacda.com/documents/2022/4/21/April21Overall.pdf,1
2021-22,Arizona State,winter,36,Arizona State,Pac-12,FBS,384.75,359.75,25.0,https://dxbhsrqyrr690.cloudfront.net/sidearm.nextgen.sites/nacda.com/documents/2022/4/21/April21Overall.pdf,1
2021-22,Purdue,winter,37,Purdue,Big Ten,FBS,378.75,210.75,168.0,https://dxbhsrqyrr690.cloudfront.net/sidearm.nextgen.sites/nacda.com/documents/2022/4/21/April21Overall.pdf,1
2021-22,Villanova,winter,38,Villanova,Big East,FCS,373.0,177.0,196.0,https://dxbhsrqyrr690.cloudfront.net/sidearm.nextgen.sites/nacda.com/documents/2022/4/21/April21Overall.pdf,1
2021-22,Virginia,winter,39,Virginia,ACC,FBS,372.0,250.0,122.0,https://dxbhsrqyrr690.cloudfront.net/sidearm.nextgen.sites/nacda.com/documents/2022/4/21/April21Overall.pdf,1
2021-22,Florida State,winter,40,Florida State,ACC,FBS,366.25,107.25,259.0,https://dxbhsrqyrr690.cloudfront.net/sidearm.nextgen.sites/nacda.com/documents/2022/4/21/April21Overall.pdf,1
2021-22,Oklahoma State,winter,41,Oklahoma State,Big 12,FBS,364.75,144.75,220.0,https://dxbhsrqyrr690.cloudfront.net/sidearm.nextgen.sites/nacda.com/documents/2022/4/21/April21Overall.pdf,1
2021-22,South Carolina,winter,42,South Carolina,SEC,FBS,362.0,219.0,143.0,https://dxbhsrqyrr690.cloudfront.net/sidearm.nextgen.sites/nacda.com/documents/2022/4/21/April21Overall.pdf,1
2021-22,Arizona,winter,43,Arizona,Pac-12,FBS,358.0,358.0,0.0,https://dxbhsrqyrr690.cloudfront.net/sidearm.nextgen.sites/nacda.com/documents/2022/4/21/April21Overall.pdf,1
2021-22,Indiana,winter,44,Indiana,Big Ten,FBS,353.0,289.0,64.0,https://dxbhsrqyrr690.cloudfront.net/sidearm.nextgen.sites/nacda.com/documents/2022/4/21/April21Overall.pdf,1
2021-22,Colorado,winter,45,Colorado,Pac-12,FBS,350.5,200.0,150.5,https://dxbhsrqyrr690.cloudfront.net/sidearm.nextgen.sites/nacda.com/documents/2022/4/21/April21Overall.pdf,1
2021-22,Northwestern,winter,46,Northwestern,Big Ten,FBS,343.5,216.5,127.0,https://dxbhsrqyrr690.cloudfront.net/sidearm.nextgen.sites/nacda.com/documents/2022/4/21/April21Overall.pdf,1
2021-22,Missouri,winter,47,Missouri,SEC,FBS,340.75,315.75,25.0,https://dxbhsrqyrr690.cloudfront.net/sidearm.nextgen.sites/nacda.com/documents/2022/4/21/April21Overall.pdf,1
2021-22,West Virginia,winter,48,West Virginia,Big 12,FBS,339.5,163.5,176.0,https://dxbhsrqyrr690.cloudfront.net/sidearm.nextgen.sites/nacda.com/documents/2022/4/21/April21Overall.pdf,1
2021-22,Oregon,winter,49,Oregon,Pac-12,FBS,331.5,158.5,173.0,https://dxbhsrqyrr690.cloudfront.net/sidearm.nextgen.sites/nacda.com/documents/2022/4/21/April21Overall.pdf,1
2021-22,Rutgers,winter,50,Rutgers,Big Ten,FBS,318.5,140.5,178.0,https://dxbhsrqyrr690.cloudfront.net/sidearm.nextgen.sites/nacda.com/documents/2022/4/21/April21Overall.pdf,1
2021-22,Pittsburgh,winter,51,Pittsburgh,ACC,FBS,298.0,50.0,248.0,https://dxbhsrqyrr690.cloudfront.net/sidearm.nextgen.sites/nacda.com/documents/2022/4/21/April21Overall.pdf,1
2021-22,Denver,winter,52,Denver,Summit,DI,295.75,245.75,50.0,https://dxbhsrqyrr690.cloudfront.net/sidearm.nextgen.sites/nacda.com/documents/2022/4/21/April21Overall.pdf,1
2021-22,Maryland,winter,53,Maryland,Big Ten,FBS,295.0,142.0,153.0,https://dxbhsrqyrr690.cloudfront.net/sidearm.nextgen.sites/nacda.com/documents/2022/4/21/April21Overall.pdf,1
2021-22,Auburn,winter,54,Auburn,SEC,FBS,292.5,242.5,50.0,https://dxbhsrqyrr690.cloudfront.net/sidearm.nextgen.sites/nacda.com/documents/2022/4/21/April21Overall.pdf,1
2021-22,Air Force,winter,55,Air Force,Mountain West,FBS,286.5,184.5,102.0,https://dxbhsrqyrr690.cloudfront.net/sidearm.nextgen.sites/nacda.com/documents/2022/4/21/April21Overall.pdf,1
2021-22,Miami (FL),winter,56,Miami (FL),ACC,FBS,281.0,226.0,55.0,https://dxbhsrqyrr690.cloudfront.net/sidearm.nextgen.sites/nacda.com/documents/2022/4/21/April21Overall.pdf,1
2021-22,Texas A&M,winter,57,Texas A&M,SEC,FBS,273.25,224.25,49.0,https://dxbhsrqyrr690.cloudfront.net/sidearm.nextgen.sites/nacda.com/documents/2022/4/21/April21Overall.pdf,1
2021-22,TCU,winter,58,TCU,Big 12,FBS,270.75,206.75,64.0,https://dxbhsrqyrr690.cloudfront.net/sidearm.nextgen.sites/nacda.com/documents/2022/4/21/April21Overall.pdf,1
2021-22,Oregon State,winter,59,Oregon State,Pac-12,FBS,256.0,158.0,98.0,https://dxbhsrqyrr690.cloudfront.net/sidearm.nextgen.sites/nacda.com/documents/2022/4/21/April21Overall.pdf,1
2021-22,Texas Tech,winter,60,Texas Tech,Big 12,FBS,255.5,185.5,70.0,https://dxbhsrqyrr690.cloudfront.net/sidearm.nextgen.sites/nacda.com/documents/2022/4/21/April21Overall.pdf,1
2021-22,Baylor,winter,61,Baylor,Big 12,FBS,253.5,116.0,137.5,https://dxbhsrqyrr690.cloudfront.net/sidearm.nextgen.sites/nacda.com/documents/2022/4/21/April21Overall.pdf,1
2021-22,Kansas,winter,62,Kansas,Big 12,FBS,252.5,188.5,64.0,https://dxbhsrqyrr690.cloudfront.net/sidearm.nextgen.sites/nacda.com/documents/2022/4/21/April21Overall.pdf,1
2021-22,Wake Forest,winter,63,Wake Forest,ACC,FBS,243.0,0.0,243.0,https://dxbhsrqyrr690.cloudfront.net/sidearm.nextgen.sites/nacda.com/documents/2022/4/21/April21Overall.pdf,1
2021-22,Yale,winter,63,Yale,Ivy League,FCS,243.0,216.0,27.0,https://dxbhsrqyrr690.cloudfront.net/sidearm.nextgen.sites/nacda.com/documents/2022/4/21/April21Overall.pdf,1
2021-22,Georgetown,winter,65,Georgetown,Big East,FCS,241.0,0.0,241.0,https://dxbhsrqyrr690.cloudfront.net/sidearm.nextgen.sites/nacda.com/documents/2022/4/21/April21Overall.pdf,1
2021-22,Northern Arizona,winter,66,Northern Arizona,Big Sky,FCS,231.0,80.0,151.0,https://dxbhsrqyrr690.cloudfront.net/sidearm.nextgen.sites/nacda.com/documents/2022/4/21/April21Overall.pdf,1
2021-22,Providence,winter,67,Providence,Big East,DI,230.0,64.0,166.0,https://dxbhsrqyrr690.cloudfront.net/sidearm.nextgen.sites/nacda.com/documents/2022/4/21/April21Overall.pdf,1
2021-22,Creighton,winter,68,Creighton,Big East,DI,223.0,123.0,100.0,https://dxbhsrqyrr690.cloudfront.net/sidearm.nextgen.sites/nacda.com/documents/2022/4/21/April21Overall.pdf,1
2021-22,Montana State,winter,69,Montana State,Big Sky,FCS,219.0,129.0,90.0,https://dxbhsrqyrr690.cloudfront.net/sidearm.nextgen.sites/nacda.com/documents/2022/4/21/April21Overall.pdf,1
2021-22,Pennsylvania,winter,70,Pennsylvania,Ivy League,FCS,213.0,213.0,0.0,https://dxbhsrqyrr690.cloudfront.net/sidearm.nextgen.sites/nacda.com/documents/2022/4/21/April21Overall.pdf,2
2021-22,Syracuse,winter,71,Syracuse,ACC,FBS,194.0,25.0,169.0,https://dxbhsrqyrr690.cloudfront.net/sidearm.nextgen.sites/nacda.com/documents/2022/4/21/April21Overall.pdf,2
2021-22,Kansas State,winter,72,Kansas State,Big 12,FBS,190.0,120.0,70.0,https://dxbhsrqyrr690.cloudfront.net/sidearm.nextgen.sites/nacda.com/documents/2022/4/21/April21Overall.pdf,2
2021-22,UCF,winter,73,UCF,American,FBS,189.0,94.0,95.0,https://dxbhsrqyrr690.cloudfront.net/sidearm.nextgen.sites/nacda.com/documents/2022/4/21/April21Overall.pdf,2
2021-22,Gonzaga,winter,73,Gonzaga,WCC,DI,189.0,114.0,75.0,https://dxbhsrqyrr690.cloudfront.net/sidearm.nextgen.sites/nacda.com/documents/2022/4/21/April21Overall.pdf,2
2021-22,Clemson,winter,75,Clemson,ACC,FBS,183.5,0.0,183.5,https://dxbhsrqyrr690.cloudfront.net/sidearm.nextgen.sites/nacda.com/documents/2022/4/21/April21Overall.pdf,2
2021-22,Columbia,winter,75,Columbia,Ivy League,FCS,183.5,154.5,29.0,https://dxbhsrqyrr690.cloudfront.net/sidearm.nextgen.sites/nacda.com/documents/2022/4/21/April21Overall.pdf,2
2021-22,St. John's (NY),winter,77,St. John's (NY),Big East,DI,183.0,69.0,114.0,https://dxbhsrqyrr690.cloudfront.net/sidearm.nextgen.sites/nacda.com/documents/2022/4/21/April21Overall.pdf,2
2021-22,Tulsa,winter,78,Tulsa,American,FBS,182.5,0.0,182.5,https://dxbhsrqyrr690.cloudfront.net/sidearm.nextgen.sites/nacda.com/documents/2022/4/21/April21Overall.pdf,2
2021-22,Washington State,winter,79,Washington State,Pac-12,FBS,180.5,55.5,125.0,https://dxbhsrqyrr690.cloudfront.net/sidearm.nextgen.sites/nacda.com/documents/2022/4/21/April21Overall.pdf,2
2021-22,Stephen F. Austin,winter,80,Stephen F. Austin,WAC,FCS,175.0,150.0,25.0,https://dxbhsrqyrr690.cloudfront.net/sidearm.nextgen.sites/nacda.com/documents/2022/4/21/April21Overall.pdf,2
2021-22,North Dakota State,winter,81,North Dakota State,Summit,FCS,170.5,70.5,100.0,https://dxbhsrqyrr690.cloudfront.net/sidearm.nextgen.sites/nacda.com/documents/2022/4/21/April21Overall.pdf,2
2021-22,Sam Houston State,winter,81,Sam Houston State,WAC,FCS,170.5,100.5,70.0,https://dxbhsrqyrr690.cloudfront.net/sidearm.nextgen.sites/nacda.com/documents/2022/4/21/April21Overall.pdf,2
2021-22,Vermont,winter,83,Vermont,America East,DI,165.0,115.0,50.0,https://dxbhsrqyrr690.cloudfront.net/sidearm.nextgen.sites/nacda.com/documents/2022/4/21/April21Overall.pdf,2
2021-22,South Dakota State,winter,84,South Dakota State,Summit,FCS,162.5,54.5,25.0,https://dxbhsrqyrr690.cloudfront.net/sidearm.nextgen.sites/nacda.com/documents/2022/4/21/April21Overall.pdf,2
2021-22,Liberty,winter,85,Liberty,ASUN,FBS,162.0,0.0,162.0,https://dxbhsrqyrr690.cloudfront.net/sidearm.nextgen.sites/nacda.com/documents/2022/4/21/April21Overall.pdf,2
2021-22,Georgia Tech,winter,86,Georgia Tech,ACC,FBS,151.0,78.0,73.0,https://dxbhsrqyrr690.cloudfront.net/sidearm.nextgen.sites/nacda.com/documents/2022/4/21/April21Overall.pdf,2
2021-22,Utah State,winter,87,Utah State,Mountain West,FBS,149.5,53.5,96.0,https://dxbhsrqyrr690.cloudfront.net/sidearm.nextgen.sites/nacda.com/documents/2022/4/21/April21Overall.pdf,2
2021-22,Memphis,winter,88,Memphis,American,FBS,142.0,87.0,55.0,https://dxbhsrqyrr690.cloudfront.net/sidearm.nextgen.sites/nacda.com/documents/2022/4/21/April21Overall.pdf,2
2021-22,UConn,winter,88,UConn,Big East,FBS,142.0,115.0,27.0,https://dxbhsrqyrr690.cloudfront.net/sidearm.nextgen.sites/nacda.com/documents/2022/4/21/April21Overall.pdf,2
2021-22,Western Michigan,winter,88,Western Michigan,MAC,FBS,142.0,97.0,45.0,https://dxbhsrqyrr690.cloudfront.net/sidearm.nextgen.sites/nacda.com/documents/2022/4/21/April21Overall.pdf,2
2021-22,New Mexico,winter,91,New Mexico,Mountain West,FBS,141.5,31.5,110.0,https://dxbhsrqyrr690.cloudfront.net/sidearm.nextgen.sites/nacda.com/documents/2022/4/21/April21Overall.pdf,2
2021-22,Rice,winter,92,Rice,Conference USA,FBS,138.0,16.0,122.0,https://dxbhsrqyrr690.cloudfront.net/sidearm.nextgen.sites/nacda.com/documents/2022/4/21/April21Overall.pdf,2
2021-22,Wyoming,winter,92,Wyoming,Mountain West,FBS,138.0,93.0,45.0,https://dxbhsrqyrr690.cloudfront.net/sidearm.nextgen.sites/nacda.com/documents/2022/4/21/April21Overall.pdf,2
2021-22,New Hampshire,winter,94,New Hampshire,America East,FCS,136.0,72.0,64.0,https://dxbhsrqyrr690.cloudfront.net/sidearm.nextgen.sites/nacda.com/documents/2022/4/21/April21Overall.pdf,2
2021-22,Portland,winter,95,Portland,WCC,DI,135.5,0.0,135.5,https://dxbhsrqyrr690.cloudfront.net/sidearm.nextgen.sites/nacda.com/documents/2022/4/21/April21Overall.pdf,2
2021-22,Santa Clara,winter,96,Santa Clara,WCC,DI,133.0,0.0,133.0,https://dxbhsrqyrr690.cloudfront.net/sidearm.nextgen.sites/nacda.com/documents/2022/4/21/April21Overall.pdf,2
2021-22,North Carolina A&T State,winter,97,North Carolina A&T State,Big South,FCS,132.5,132.5,0.0,https://dxbhsrqyrr690.cloudfront.net/sidearm.nextgen.sites/nacda.com/documents/2022/4/21/April21Overall.pdf,2
2021-22,Houston,winter,98,Houston,American,FBS,130.0,73.0,57.0,https://dxbhsrqyrr690.cloudfront.net/sidearm.nextgen.sites/nacda.com/documents/2022/4/21/April21Overall.pdf,2
2021-22,Western Kentucky,winter,98,Western Kentucky,Conference USA,FBS,130.0,35.0,95.0,https://dxbhsrqyrr690.cloudfront.net/sidearm.nextgen.sites/nacda.com/documents/2022/4/21/April21Overall.pdf,2
2021-22,Colorado State,winter,100,Colorado State,Mountain West,FBS,129.5,72.5,57.0,https://dxbhsrqyrr690.cloudfront.net/sidearm.nextgen.sites/nacda.com/documents/2022/4/21/April21Overall.pdf,2
2021-22,Cincinnati,winter,101,Cincinnati,American,FBS,124.0,44.0,80.0,https://dxbhsrqyrr690.cloudfront.net/sidearm.nextgen.sites/nacda.com/documents/2022/4/21/April21Overall.pdf,2
2021-22,Saint Louis,winter,102,Saint Louis,Atlantic 10,DI,123.0,0.0,123.0,https://dxbhsrqyrr690.cloudfront.net/sidearm.nextgen.sites/nacda.com/documents/2022/4/21/April21Overall.pdf,2
2021-22,Cornell,winter,103,Cornell,Ivy League,FCS,120.0,120.0,0.0,https://dxbhsrqyrr690.cloudfront.net/sidearm.nextgen.sites/nacda.com/documents/2022/4/21/April21Overall.pdf,2
2021-22,Quinnipiac,winter,103,Quinnipiac,MAAC,DI,120.0,120.0,0.0,https://dxbhsrqyrr690.cloudfront.net/sidearm.nextgen.sites/nacda.com/documents/2022/4/21/April21Overall.pdf,2
2021-22,Georgia State,winter,103,Georgia State,Sun Belt,FBS,120.0,25.0,95.0,https://dxbhsrqyrr690.cloudfront.net/sidearm.nextgen.sites/nacda.com/documents/2022/4/21/April21Overall.pdf,2
2021-22,Butler,winter,106,Butler,Big East,FCS,116.0,0.0,116.0,https://dxbhsrqyrr690.cloudfront.net/sidearm.nextgen.sites/nacda.com/documents/2022/4/21/April21Overall.pdf,2
2021-22,Hofstra,winter,107,Hofstra,CAA,DI,114.0,0.0,114.0,https://dxbhsrqyrr690.cloudfront.net/sidearm.nextgen.sites/nacda.com/documents/2022/4/21/April21Overall.pdf,2
2021-22,South Dakota,winter,107,South Dakota,Summit,FCS,114.0,64.0,50.0,https://dxbhsrqyrr690.cloudfront.net/sidearm.nextgen.sites/nacda.com/documents/2022/4/21/April21Overall.pdf,2
2021-22,Colgate,winter,109,Colgate,Patriot,FCS,110.0,85.0,25.0,https://dxbhsrqyrr690.cloudfront.net/sidearm.nextgen.sites/nacda.com/documents/2022/4/21/April21Overall.pdf,2
2021-22,Northern Illinois,winter,110,Northern Illinois,MAC,FBS,109.5,34.5,75.0,https://dxbhsrqyrr690.cloudfront.net/sidearm.nextgen.sites/nacda.com/documents/2022/4/21/April21Overall.pdf,2
2021-22,Army West Point,winter,110,Army West Point,Patriot,FBS,109.5,64.5,45.0,https://dxbhsrqyrr690.cloudfront.net/sidearm.nextgen.sites/nacda.com/documents/2022/4/21/April21Overall.pdf,2
2021-22,Northeastern,winter,112,Northeastern,CAA,DI,108.0,108.0,0.0,https://dxbhsrqyrr690.cloudfront.net/sidearm.nextgen.sites/nacda.com/documents/2022/4/21/April21Overall.pdf,2
2021-22,Murray State,winter,113,Murray State,OVC,FCS,105.0,105.0,0.0,https://dxbhsrqyrr690.cloudfront.net/sidearm.nextgen.sites/nacda.com/documents/2022/4/21/April21Overall.pdf,2
2021-22,Southern Utah,winter,114,Southern Utah,Big Sky,FCS,103.5,53.5,50.0,https://dxbhsrqyrr690.cloudfront.net/sidearm.nextgen.sites/nacda.com/documents/2022/4/21/April21Overall.pdf,2
2021-22,Delaware,winter,115,Delaware,CAA,FCS,103.0,50.0,53.0,https://dxbhsrqyrr690.cloudfront.net/sidearm.nextgen.sites/nacda.com/documents/2022/4/21/April21Overall.pdf,2
2021-22,Navy,winter,115,Navy,Patriot,FBS,103.0,103.0,0.0,https://dxbhsrqyrr690.cloudfront.net/sidearm.nextgen.sites/nacda.com/documents/2022/4/21/April21Overall.pdf,2
2021-22,San Diego State,winter,117,San Diego State,Mountain West,FBS,102.0,57.0,45.0,https://dxbhsrqyrr690.cloudfront.net/sidearm.nextgen.sites/nacda.com/documents/2022/4/21/April21Overall.pdf,2
2021-22,Boise State,winter,118,Boise State,Mountain West,FBS,100.5,70.5,30.0,https://dxbhsrqyrr690.cloudfront.net/sidearm.nextgen.sites/nacda.com/documents/2022/4/21/April21Overall.pdf,2
2021-22,Florida Gulf Coast,winter,119,Florida Gulf Coast,ASUN,DI,100.0,50.0,50.0,https://dxbhsrqyrr690.cloudfront.net/sidearm.nextgen.sites/nacda.com/documents/2022/4/21/April21Overall.pdf,2
2021-22,Fairleigh Dickinson,winter,120,Fairleigh Dickinson,Northeast,DI,99.0,99.0,0.0,https://dxbhsrqyrr690.cloudfront.net/sidearm.nextgen.sites/nacda.com/documents/2022/4/21/April21Overall.pdf,2
2021-22,Coastal Carolina,winter,121,Coastal Carolina,Sun Belt,FBS,98.5,53.5,45.0,https://dxbhsrqyrr690.cloudfront.net/sidearm.nextgen.sites/nacda.com/documents/2022/4/21/April21Overall.pdf,2
2021-22,Towson,winter,122,Towson,CAA,FCS,98.0,73.0,25.0,https://dxbhsrqyrr690.cloudfront.net/sidearm.nextgen.sites/nacda.com/documents/2022/4/21/April21Overall.pdf,2
2021-22,Miami (OH),winter,122,Miami (OH),MAC,FBS,98.0,0.0,98.0,https://dxbhsrqyrr690.cloudfront.net/sidearm.nextgen.sites/nacda.com/documents/2022/4/21/April21Overall.pdf,2
2021-22,Montana,winter,124,Montana,Big Sky,FCS,95.0,0.0,95.0,https://dxbhsrqyrr690.cloudfront.net/sidearm.nextgen.sites/nacda.com/documents/2022/4/21/April21Overall.pdf,2
2021-22,Middle Tennessee State,winter,125,Middle Tennessee State,Conference USA,FBS,92.5,47.5,45.0,https://dxbhsrqyrr690.cloudfront.net/sidearm.nextgen.sites/nacda.com/documents/2022/4/21/April21Overall.pdf,2
2021-22,SMU,winter,126,SMU,American,FBS,91.0,36.0,55.0,https://dxbhsrqyrr690.cloudfront.net/sidearm.nextgen.sites/nacda.com/documents/2022/4/21/April21Overall.pdf,2
2021-22,Arkansas State,winter,127,Arkansas State,Sun Belt,FBS,89.0,60.0,29.0,https://dxbhsrqyrr690.cloudfront.net/sidearm.nextgen.sites/nacda.com/documents/2022/4/21/April21Overall.pdf,2
2021-22,Pepperdine,winter,127,Pepperdine,WCC,DI,89.0,0.0,89.0,https://dxbhsrqyrr690.cloudfront.net/sidearm.nextgen.sites/nacda.com/documents/2022/4/21/April21Overall.pdf,2
2021-22,Campbell,winter,129,Campbell,Big South,FCS,87.0,37.0,50.0,https://dxbhsrqyrr690.cloudfront.net/sidearm.nextgen.sites/nacda.com/documents/2022/4/21/April21Overall.pdf,2
2021-22,Samford,winter,129,Samford,SoCon,FCS,87.0,37.0,50.0,https://dxbhsrqyrr690.cloudfront.net/sidearm.nextgen.sites/nacda.com/documents/2022/4/21/April21Overall.pdf,2
2021-22,Vanderbilt,winter,131,Vanderbilt,SEC,FBS,86.5,86.5,0.0,https://dxbhsrqyrr690.cloudfront.net/sidearm.nextgen.sites/nacda.com/documents/2022/4/21/April21Overall.pdf,2
2021-22,LIU Brooklyn,winter,132,LIU Brooklyn,Northeast,DI,86.0,36.0,50.0,https://dxbhsrqyrr690.cloudfront.net/sidearm.nextgen.sites/nacda.com/documents/2022/4/21/April21Overall.pdf,2
2021-22,Incarnate Word,winter,132,Incarnate Word,Southland,FCS,86.0,33.0,53.0,https://dxbhsrqyrr690.cloudfront.net/sidearm.nextgen.sites/nacda.com/documents/2022/4/21/April21Overall.pdf,2
2021-22,FIU,winter,134,FIU,Conference USA,FBS,84.0,34.0,50.0,https://dxbhsrqyrr690.cloudfront.net/sidearm.nextgen.sites/nacda.com/documents/2022/4/21/April21Overall.pdf,2
2021-22,Kent State,winter,134,Kent State,MAC,FBS,84.0,59.0,25.0,https://dxbhsrqyrr690.cloudfront.net/sidearm.nextgen.sites/nacda.com/documents/2022/4/21/April21Overall.pdf,2
2021-22,James Madison,winter,136,James Madison,CAA,FCS,83.0,0.0,83.0,https://dxbhsrqyrr690.cloudfront.net/sidearm.nextgen.sites/nacda.com/documents/2022/4/21/April21Overall.pdf,2
2021-22,Hawaii,winter,137,Hawaii,Big West,FBS,80.0,25.0,55.0,https://dxbhsrqyrr690.cloudfront.net/sidearm.nextgen.sites/nacda.com/documents/2022/4/21/April21Overall.pdf,2
2021-22,UC Davis,winter,137,UC Davis,Big West,FCS,80.0,0.0,80.0,https://dxbhsrqyrr690.cloudfront.net/sidearm.nextgen.sites/nacda.com/documents/2022/4/21/April21Overall.pdf,2
2021-22,Central Michigan,winter,139,Central Michigan,MAC,FBS,79.5,34.5,45.0,https://dxbhsrqyrr690.cloudfront.net/sidearm.nextgen.sites/nacda.com/documents/2022/4/21/April21Overall.pdf,3
2021-22,Lipscomb,winter,140,Lipscomb,ASUN,DI,79.0,0.0,79.0,https://dxbhsrqyrr690.cloudfront.net/sidearm.nextgen.sites/nacda.com/documents/2022/4/21/April21Overall.pdf,3
2021-22,Charlotte,winter,140,Charlotte,Conference USA,FBS,79.0,25.0,54.0,https://dxbhsrqyrr690.cloudfront.net/sidearm.nextgen.sites/nacda.com/documents/2022/4/21/April21Overall.pdf,3
2021-22,Northern Iowa,winter,142,Northern Iowa,Missouri Valley,FCS,78.5,53.5,25.0,https://dxbhsrqyrr690.cloudfront.net/sidearm.nextgen.sites/nacda.com/documents/2022/4/21/April21Overall.pdf,3
2021-22,American,winter,143,American,Patriot,DI,78.0,25.0,53.0,https://dxbhsrqyrr690.cloudfront.net/sidearm.nextgen.sites/nacda.com/documents/2022/4/21/April21Overall.pdf,3
2021-22,Brown,winter,144,Brown,Ivy League,FCS,76.0,26.0,50.0,https://dxbhsrqyrr690.cloudfront.net/sidearm.nextgen.sites/nacda.com/documents/2022/4/21/April21Overall.pdf,3
2021-22,Boston College,winter,145,Boston College,ACC,FBS,75.0,70.0,5.0,https://dxbhsrqyrr690.cloudfront.net/sidearm.nextgen.sites/nacda.com/documents/2022/4/21/April21Overall.pdf,3
2021-22,Dayton,winter,145,Dayton,Atlantic 10,FCS,75.0,25.0,50.0,https://dxbhsrqyrr690.cloudfront.net/sidearm.nextgen.sites/nacda.com/documents/2022/4/21/April21Overall.pdf,3
2021-22,Marshall,winter,145,Marshall,Conference USA,FBS,75.0,0.0,75.0,https://dxbhsrqyrr690.cloudfront.net/sidearm.nextgen.sites/nacda.com/documents/2022/4/21/April21Overall.pdf,3
2021-22,Fairfield,winter,145,Fairfield,MAAC,DI,75.0,25.0,50.0,https://dxbhsrqyrr690.cloudfront.net/sidearm.nextgen.sites/nacda.com/documents/2022/4/21/April21Overall.pdf,3
2021-22,Ball State,winter,145,Ball State,MAC,FBS,75.0,0.0,75.0,https://dxbhsrqyrr690.cloudfront.net/sidearm.nextgen.sites/nacda.com/documents/2022/4/21/April21Overall.pdf,3
2021-22,Bowling Green,winter,145,Bowling Green,MAC,FBS,75.0,0.0,75.0,https://dxbhsrqyrr690.cloudfront.net/sidearm.nextgen.sites/nacda.com/documents/2022/4/21/April21Overall.pdf,3
2021-22,Missouri State,winter,145,Missouri State,Missouri Valley,FCS,75.0,25.0,50.0,https://dxbhsrqyrr690.cloudfront.net/sidearm.nextgen.sites/nacda.com/documents/2022/4/21/April21Overall.pdf,3
2021-22,Sacred Heart,winter,145,Sacred Heart,Northeast,FCS,75.0,25.0,50.0,https://dxbhsrqyrr690.cloudfront.net/sidearm.nextgen.sites/nacda.com/documents/2022/4/21/April21Overall.pdf,3
2021-22,High Point,winter,153,High Point,Big South,DI,74.5,49.5,25.0,https://dxbhsrqyrr690.cloudfront.net/sidearm.nextgen.sites/nacda.com/documents/2022/4/21/April21Overall.pdf,3
2021-22,Kennesaw State,winter,154,Kennesaw State,ASUN,FCS,73.5,20.5,53.0,https://dxbhsrqyrr690.cloudfront.net/sidearm.nextgen.sites/nacda.com/documents/2022/4/21/April21Overall.pdf,3
2021-22,Southern Illinois,winter,154,Southern Illinois,Missouri Valley,FCS,73.5,20.5,53.0,https://dxbhsrqyrr690.cloudfront.net/sidearm.nextgen.sites/nacda.com/documents/2022/4/21/April21Overall.pdf,3
2021-22,Saint Peter's,winter,156,Saint Peter's,MAAC,DI,73.0,73.0,0.0,https://dxbhsrqyrr690.cloudfront.net/sidearm.nextgen.sites/nacda.com/documents/2022/4/21/April21Overall.pdf,3
2021-22,Mississippi State,winter,157,Mississippi State,SEC,FBS,72.5,22.5,50.0,https://dxbhsrqyrr690.cloudfront.net/sidearm.nextgen.sites/nacda.com/documents/2022/4/21/April21Overall.pdf,3
2021-22,South Alabama,winter,157,South Alabama,Sun Belt,FBS,72.5,22.5,50.0,https://dxbhsrqyrr690.cloudfront.net/sidearm.nextgen.sites/nacda.com/documents/2022/4/21/April21Overall.pdf,3
2021-22,Appalachian State,winter,159,Appalachian State,Sun Belt,FBS,71.0,46.0,25.0,https://dxbhsrqyrr690.cloudfront.net/sidearm.nextgen.sites/nacda.com/documents/2022/4/21/April21Overall.pdf,3
2021-22,UAB,winter,160,UAB,Conference USA,FBS,70.0,25.0,45.0,https://dxbhsrqyrr690.cloudfront.net/sidearm.nextgen.sites/nacda.com/documents/2022/4/21/April21Overall.pdf,3
2021-22,East Tennessee State,winter,160,East Tennessee State,SoCon,FCS,70.0,0.0,70.0,https://dxbhsrqyrr690.cloudfront.net/sidearm.nextgen.sites/nacda.com/documents/2022/4/21/April21Overall.pdf,3
2021-22,Furman,winter,160,Furman,SoCon,FCS,70.0,0.0,70.0,https://dxbhsrqyrr690.cloudfront.net/sidearm.nextgen.sites/nacda.com/documents/2022/4/21/April21Overall.pdf,3
2021-22,Mount St. Mary's,winter,163,Mount St. Mary's,Northeast,DI,65.0,65.0,0.0,https://dxbhsrqyrr690.cloudfront.net/sidearm.nextgen.sites/nacda.com/documents/2022/4/21/April21Overall.pdf,3
2021-22,Louisiana Tech,winter,164,Louisiana Tech,Conference USA,FBS,60.0,60.0,0.0,https://dxbhsrqyrr690.cloudfront.net/sidearm.nextgen.sites/nacda.com/documents/2022/4/21/April21Overall.pdf,3
2021-22,Dartmouth,winter,165,Dartmouth,Ivy League,FCS,57.0,57.0,0.0,https://dxbhsrqyrr690.cloudfront.net/sidearm.nextgen.sites/nacda.com/documents/2022/4/21/April21Overall.pdf,3
2021-22,Citadel,winter,165,Citadel,SoCon,FCS,57.0,32.0,25.0,https://dxbhsrqyrr690.cloudfront.net/sidearm.nextgen.sites/nacda.com/documents/2022/4/21/April21Overall.pdf,3
2021-22,Louisiana,winter,167,Louisiana,Sun Belt,FBS,56.0,0.0,56.0,https://dxbhsrqyrr690.cloudfront.net/sidearm.nextgen.sites/nacda.com/documents/2022/4/21/April21Overall.pdf,3
2021-22,Northern Colorado,winter,168,Northern Colorado,Big Sky,FCS,54.5,29.5,25.0,https://dxbhsrqyrr690.cloudfront.net/sidearm.nextgen.sites/nacda.com/documents/2022/4/21/April21Overall.pdf,3
2021-22,Saint Joseph's,winter,169,Saint Joseph's,Atlantic 10,DI,53.0,0.0,53.0,https://dxbhsrqyrr690.cloudfront.net/sidearm.nextgen.sites/nacda.com/documents/2022/4/21/April21Overall.pdf,3
2021-22,Eastern Washington,winter,169,Eastern Washington,Big Sky,FCS,53.0,0.0,53.0,https://dxbhsrqyrr690.cloudfront.net/sidearm.nextgen.sites/nacda.com/documents/2022/4/21/April21Overall.pdf,3
2021-22,Sacramento State,winter,169,Sacramento State,Big Sky,FCS,53.0,0.0,53.0,https://dxbhsrqyrr690.cloudfront.net/sidearm.nextgen.sites/nacda.com/documents/2022/4/21/April21Overall.pdf,3
2021-22,Tennessee Martin,winter,169,Tennessee Martin,OVC,FCS,53.0,0.0,53.0,https://dxbhsrqyrr690.cloudfront.net/sidearm.nextgen.sites/nacda.com/documents/2022/4/21/April21Overall.pdf,3
2021-22,Holy Cross,winter,169,Holy Cross,Patriot,FCS,53.0,0.0,53.0,https://dxbhsrqyrr690.cloudfront.net/sidearm.nextgen.sites/nacda.com/documents/2022/4/21/April21Overall.pdf,3
2021-22,Southeastern Louisiana,winter,169,Southeastern Louisiana,Southland,FCS,53.0,0.0,53.0,https://dxbhsrqyrr690.cloudfront.net/sidearm.nextgen.sites/nacda.com/documents/2022/4/21/April21Overall.pdf,3
2021-22,Cal Poly,winter,175,Cal Poly,Big West,FCS,52.0,52.0,0.0,https://dxbhsrqyrr690.cloudfront.net/sidearm.nextgen.sites/nacda.com/documents/2022/4/21/April21Overall.pdf,3
2021-22,UC San Diego,winter,176,UC San Diego,Big West,DI,51.0,51.0,0.0,https://dxbhsrqyrr690.cloudfront.net/sidearm.nextgen.sites/nacda.com/documents/2022/4/21/April21Overall.pdf,3
2021-22,South Florida,winter,177,South Florida,American,FBS,50.0,25.0,25.0,https://dxbhsrqyrr690.cloudfront.net/sidearm.nextgen.sites/nacda.com/documents/2022/4/21/April21Overall.pdf,3
2021-22,Davidson,winter,177,Davidson,Atlantic 10,FCS,50.0,25.0,25.0,https://dxbhsrqyrr690.cloudfront.net/sidearm.nextgen.sites/nacda.com/documents/2022/4/21/April21Overall.pdf,3
2021-22,Massachusetts,winter,177,Massachusetts,Atlantic 10,FBS,50.0,50.0,0.0,https://dxbhsrqyrr690.cloudfront.net/sidearm.nextgen.sites/nacda.com/documents/2022/4/21/April21Overall.pdf,3
2021-22,Richmond,winter,177,Richmond,Atlantic 10,FCS,50.0,50.0,0.0,https://dxbhsrqyrr690.cloudfront.net/sidearm.nextgen.sites/nacda.com/documents/2022/4/21/April21Overall.pdf,3
2021-22,Marquette,winter,177,Marquette,Big East,DI,50.0,25.0,25.0,https://dxbhsrqyrr690.cloudfront.net/sidearm.nextgen.sites/nacda.com/documents/2022/4/21/April21Overall.pdf,3
2021-22,Longwood,winter,177,Longwood,Big South,DI,50.0,50.0,0.0,https://dxbhsrqyrr690.cloudfront.net/sidearm.nextgen.sites/nacda.com/documents/2022/4/21/April21Overall.pdf,3
2021-22,UC Irvine,winter,177,UC Irvine,Big West,DI,50.0,0.0,50.0,https://dxbhsrqyrr690.cloudfront.net/sidearm.nextgen.sites/nacda.com/documents/2022/4/21/April21Overall.pdf,3
2021-22,Old Dominion,winter,177,Old Dominion,Conference USA,FBS,50.0,0.0,50.0,https://dxbhsrqyrr690.cloudfront.net/sidearm.nextgen.sites/nacda.com/documents/2022/4/21/April21Overall.pdf,3
2021-22,Wisconsin Milwaukee,winter,177,Wisconsin Milwaukee,Horizon League,DI,50.0,0.0,50.0,https://dxbhsrqyrr690.cloudfront.net/sidearm.nextgen.sites/nacda.com/documents/2022/4/21/April21Overall.pdf,3
2021-22,Akron,winter,177,Akron,MAC,FBS,50.0,25.0,25.0,https://dxbhsrqyrr690.cloudfront.net/sidearm.nextgen.sites/nacda.com/documents/2022/4/21/April21Overall.pdf,3
2021-22,Howard,winter,177,Howard,MEAC,FCS,50.0,25.0,25.0,https://dxbhsrqyrr690.cloudfront.net/sidearm.nextgen.sites/nacda.com/documents/2022/4/21/April21Overall.pdf,3
2021-22,Illinois State,winter,177,Illinois State,Missouri Valley,FCS,50.0,25.0,25.0,https://dxbhsrqyrr690.cloudfront.net/sidearm.nextgen.sites/nacda.com/documents/2022/4/21/April21Overall.pdf,3
2021-22,Loyola Chicago,winter,177,Loyola Chicago,Missouri Valley,DI,50.0,25.0,25.0,https://dxbhsrqyrr690.cloudfront.net/sidearm.nextgen.sites/nacda.com/documents/2022/4/21/April21Overall.pdf,3
2021-22,Belmont,winter,177,Belmont,OVC,DI,50.0,50.0,0.0,https://dxbhsrqyrr690.cloudfront.net/sidearm.nextgen.sites/nacda.com/documents/2022/4/21/April21Overall.pdf,3
2021-22,Mercer,winter,177,Mercer,SoCon,FCS,50.0,25.0,25.0,https://dxbhsrqyrr690.cloudfront.net/sidearm.nextgen.sites/nacda.com/documents/2022/4/21/April21Overall.pdf,3
2021-22,Florida A&M,winter,177,Florida A&M,SWAC,FCS,50.0,0.0,50.0,https://dxbhsrqyrr690.cloudfront.net/sidearm.nextgen.sites/nacda.com/documents/2022/4/21/April21Overall.pdf,3
2021-22,Grand Canyon,winter,177,Grand Canyon,WAC,DI,50.0,0.0,50.0,https://dxbhsrqyrr690.cloudfront.net/sidearm.nextgen.sites/nacda.com/documents/2022/4/21/April21Overall.pdf,3
2021-22,New Mexico State,winter,177,New Mexico State,WAC,FBS,50.0,50.0,0.0,https://dxbhsrqyrr690.cloudfront.net/sidearm.nextgen.sites/nacda.com/documents/2022/4/21/April21Overall.pdf,3
2021-22,Saint Mary's (CA),winter,177,Saint Mary's (CA),WCC,DI,50.0,50.0,0.0,https://dxbhsrqyrr690.cloudfront.net/sidearm.nextgen.sites/nacda.com/documents/2022/4/21/April21Overall.pdf,3
2021-22,Bucknell,winter,196,Bucknell,Patriot,FCS,49.5,24.5,25.0,https://dxbhsrqyrr690.cloudfront.net/sidearm.nextgen.sites/nacda.com/documents/2022/4/21/April21Overall.pdf,3
2021-22,Lehigh,winter,197,Lehigh,Patriot,FCS,48.5,48.5,0.0,https://dxbhsrqyrr690.cloudfront.net/sidearm.nextgen.sites/nacda.com/documents/2022/4/21/April21Overall.pdf,3
2021-22,UTSA,winter,198,UTSA,Conference USA,FBS,47.5,22.5,25.0,https://dxbhsrqyrr690.cloudfront.net/sidearm.nextgen.sites/nacda.com/documents/2022/4/21/April21Overall.pdf,3
2021-22,Eastern Michigan,winter,198,Eastern Michigan,MAC,FBS,47.5,22.5,25.0,https://dxbhsrqyrr690.cloudfront.net/sidearm.nextgen.sites/nacda.com/documents/2022/4/21/April21Overall.pdf,3
2021-22,Utah Valley,winter,200,Utah Valley,WAC,DI,46.5,21.5,25.0,https://dxbhsrqyrr690.cloudfront.net/sidearm.nextgen.sites/nacda.com/documents/2022/4/21/April21Overall.pdf,3
2021-22,Fresno State,winter,201,Fresno State,Mountain West,FBS,45.0,0.0,45.0,https://dxbhsrqyrr690.cloudfront.net/sidearm.nextgen.sites/nacda.com/documents/2022/4/21/April21Overall.pdf,3
2021-22,Southern Mississippi,winter,202,Southern Mississippi,Conference USA,FBS,43.0,43.0,0.0,https://dxbhsrqyrr690.cloudfront.net/sidearm.nextgen.sites/nacda.com/documents/2022/4/21/April21Overall.pdf,3
2021-22,Tennessee State,winter,202,Tennessee State,OVC,FCS,43.0,43.0,0.0,https://dxbhsrqyrr690.cloudfront.net/sidearm.nextgen.sites/nacda.com/documents/2022/4/21/April21Overall.pdf,3
2021-22,Youngstown State,winter,204,Youngstown State,Horizon League,FCS,42.5,42.5,0.0,https://dxbhsrqyrr690.cloudfront.net/sidearm.nextgen.sites/nacda.com/documents/2022/4/21/April21Overall.pdf,3
2021-22,Drexel,winter,205,Drexel,CAA,DI,41.0,41.0,0.0,https://dxbhsrqyrr690.cloudfront.net/sidearm.nextgen.sites/nacda.com/documents/2022/4/21/April21Overall.pdf,3
2021-22,Tennessee Chattanooga,winter,205,Tennessee Chattanooga,SoCon,FCS,41.0,41.0,0.0,https://dxbhsrqyrr690.cloudfront.net/sidearm.nextgen.sites/nacda.com/documents/2022/4/21/April21Overall.pdf,3
2021-22,Rider,winter,207,Rider,MAAC,DI,39.0,39.0,0.0,https://dxbhsrqyrr690.cloudfront.net/sidearm.nextgen.sites/nacda.com/documents/2022/4/21/April21Overall.pdf,3
2021-22,Binghamton,winter,208,Binghamton,America East,DI,37.0,37.0,0.0,https://dxbhsrqyrr690.cloudfront.net/sidearm.nextgen.sites/nacda.com/documents/2022/4/21/April21Overall.pdf,4
2021-22,San Jose State,winter,208,San Jose State,Mountain West,FBS,37.0,37.0,0.0,https://dxbhsrqyrr690.cloudfront.net/sidearm.nextgen.sites/nacda.com/documents/2022/4/21/April21Overall.pdf,4
2021-22,Temple,winter,210,Temple,American,FBS,34.0,34.0,0.0,https://dxbhsrqyrr690.cloudfront.net/sidearm.nextgen.sites/nacda.com/documents/2022/4/21/April21Overall.pdf,4
2021-22,NJIT,winter,211,NJIT,America East,DI,32.0,32.0,0.0,https://dxbhsrqyrr690.cloudfront.net/sidearm.nextgen.sites/nacda.com/documents/2022/4/21/April21Overall.pdf,4
2021-22,Texas State,winter,212,Texas State,Sun Belt,FBS,31.5,31.5,0.0,https://dxbhsrqyrr690.cloudfront.net/sidearm.nextgen.sites/nacda.com/documents/2022/4/21/April21Overall.pdf,4
2021-22,Drake,winter,213,Drake,Missouri Valley,FCS,30.5,30.5,0.0,https://dxbhsrqyrr690.cloudfront.net/sidearm.nextgen.sites/nacda.com/documents/2022/4/21/April21Overall.pdf,4
2021-22,Wisconsin Green Bay,winter,214,Wisconsin Green Bay,Horizon League,DI,30.0,30.0,0.0,https://dxbhsrqyrr690.cloudfront.net/sidearm.nextgen.sites/nacda.com/documents/2022/4/21/April21Overall.pdf,4
2021-22,Texas A&M Corpus Christi,winter,214,Texas A&M Corpus Christi,Southland,DI,30.0,5.0,25.0,https://dxbhsrqyrr690.cloudfront.net/sidearm.nextgen.sites/nacda.com/documents/2022/4/21/April21Overall.pdf,4
2021-22,North Florida,winter,216,North Florida,ASUN,DI,29.0,0.0,29.0,https://dxbhsrqyrr690.cloudfront.net/sidearm.nextgen.sites/nacda.com/documents/2022/4/21/April21Overall.pdf,4
2021-22,Iona,winter,216,Iona,MAAC,DI,29.0,0.0,29.0,https://dxbhsrqyrr690.cloudfront.net/sidearm.nextgen.sites/nacda.com/documents/2022/4/21/April21Overall.pdf,4
2021-22,Lamar,winter,216,Lamar,WAC,FCS,29.0,0.0,29.0,https://dxbhsrqyrr690.cloudfront.net/sidearm.nextgen.sites/nacda.com/documents/2022/4/21/April21Overall.pdf,4
2021-22,Abilene Christian,winter,219,Abilene Christian,WAC,FCS,27.0,0.0,27.0,https://dxbhsrqyrr690.cloudfront.net/sidearm.nextgen.sites/nacda.com/documents/2022/4/21/April21Overall.pdf,4
2021-22,Albany,winter,220,Albany,America East,FCS,25.0,25.0,0.0,https://dxbhsrqyrr690.cloudfront.net/sidearm.nextgen.sites/nacda.com/documents/2022/4/21/April21Overall.pdf,4
2021-22,Maine,winter,220,Maine,America East,FCS,25.0,0.0,25.0,https://dxbhsrqyrr690.cloudfront.net/sidearm.nextgen.sites/nacda.com/documents/2022/4/21/April21Overall.pdf,4
2021-22,Massachusetts Lowell,winter,220,Massachusetts Lowell,America East,DI,25.0,25.0,0.0,https://dxbhsrqyrr690.cloudfront.net/sidearm.nextgen.sites/nacda.com/documents/2022/4/21/April21Overall.pdf,4
2021-22,UMBC,winter,220,UMBC,America East,DI,25.0,0.0,25.0,https://dxbhsrqyrr690.cloudfront.net/sidearm.nextgen.sites/nacda.com/documents/2022/4/21/April21Overall.pdf,4
2021-22,Jacksonville State,winter,220,Jacksonville State,ASUN,FCS,25.0,25.0,0.0,https://dxbhsrqyrr690.cloudfront.net/sidearm.nextgen.sites/nacda.com/documents/2022/4/21/April21Overall.pdf,4
2021-22,Fordham,winter,220,Fordham,Atlantic 10,FCS,25.0,0.0,25.0,https://dxbhsrqyrr690.cloudfront.net/sidearm.nextgen.sites/nacda.com/documents/2022/4/21/April21Overall.pdf,4
2021-22,Seton Hall,winter,220,Seton Hall,Big East,DI,25.0,25.0,0.0,https://dxbhsrqyrr690.cloudfront.net/sidearm.nextgen.sites/nacda.com/documents/2022/4/21/April21Overall.pdf,4
2021-22,Xavier,winter,220,Xavier,Big East,DI,25.0,0.0,25.0,https://dxbhsrqyrr690.cloudfront.net/sidearm.nextgen.sites/nacda.com/documents/2022/4/21/April21Overall.pdf,4
2021-22,Cal State Fullerton,winter,220,Cal State Fullerton,Big West,DI,25.0,25.0,0.0,https://dxbhsrqyrr690.cloudfront.net/sidearm.nextgen.sites/nacda.com/documents/2022/4/21/April21Overall.pdf,4
2021-22,Long Beach State,winter,220,Long Beach State,Big West,DI,25.0,0.0,25.0,https://dxbhsrqyrr690.cloudfront.net/sidearm.nextgen.sites/nacda.com/documents/2022/4/21/April21Overall.pdf,4
2021-22,UC Santa Barbara,winter,220,UC Santa Barbara,Big West,DI,25.0,0.0,25.0,https://dxbhsrqyrr690.cloudfront.net/sidearm.nextgen.sites/nacda.com/documents/2022/4/21/April21Overall.pdf,4
2021-22,North Texas,winter,220,North Texas,Conference USA,FBS,25.0,0.0,25.0,https://dxbhsrqyrr690.cloudfront.net/sidearm.nextgen.sites/nacda.com/documents/2022/4/21/April21Overall.pdf,4
2021-22,UTEP,winter,220,UTEP,Conference USA,FBS,25.0,0.0,25.0,https://dxbhsrqyrr690.cloudfront.net/sidearm.nextgen.sites/nacda.com/documents/2022/4/21/April21Overall.pdf,4
2021-22,Illinois Chicago,winter,220,Illinois Chicago,Horizon League,DI,25.0,0.0,25.0,https://dxbhsrqyrr690.cloudfront.net/sidearm.nextgen.sites/nacda.com/documents/2022/4/21/April21Overall.pdf,4
2021-22,IUPUI,winter,220,IUPUI,Horizon League,DI,25.0,25.0,0.0,https://dxbhsrqyrr690.cloudfront.net/sidearm.nextgen.sites/nacda.com/documents/2022/4/21/April21Overall.pdf,4
2021-22,Oakland,winter,220,Oakland,Horizon League,DI,25.0,0.0,25.0,https://dxbhsrqyrr690.cloudfront.net/sidearm.nextgen.sites/nacda.com/documents/2022/4/21/April21Overall.pdf,4
2021-22,Wright State,winter,220,Wright State,Horizon League,DI,25.0,25.0,0.0,https://dxbhsrqyrr690.cloudfront.net/sidearm.nextgen.sites/nacda.com/documents/2022/4/21/April21Overall.pdf,4
2021-22,Marist,winter,220,Marist,MAAC,FCS,25.0,0.0,25.0,https://dxbhsrqyrr690.cloudfront.net/sidearm.nextgen.sites/nacda.com/documents/2022/4/21/April21Overall.pdf,4
2021-22,Monmouth,winter,220,Monmouth,MAAC,FCS,25.0,0.0,25.0,https://dxbhsrqyrr690.cloudfront.net/sidearm.nextgen.sites/nacda.com/documents/2022/4/21/April21Overall.pdf,4
2021-22,Buffalo,winter,220,Buffalo,MAC,FBS,25.0,25.0,0.0,https://dxbhsrqyrr690.cloudfront.net/sidearm.nextgen.sites/nacda.com/documents/2022/4/21/April21Overall.pdf,4
2021-22,Toledo,winter,220,Toledo,MAC,FBS,25.0,0.0,25.0,https://dxbhsrqyrr690.cloudfront.net/sidearm.nextgen.sites/nacda.com/documents/2022/4/21/April21Overall.pdf,4
2021-22,Norfolk State,winter,220,Norfolk State,MEAC,FCS,25.0,25.0,0.0,https://dxbhsrqyrr690.cloudfront.net/sidearm.nextgen.sites/nacda.com/documents/2022/4/21/April21Overall.pdf,4
2021-22,Nevada,winter,220,Nevada,Mountain West,FBS,25.0,0.0,25.0,https://dxbhsrqyrr690.cloudfront.net/sidearm.nextgen.sites/nacda.com/documents/2022/4/21/April21Overall.pdf,4
2021-22,UNLV,winter,220,UNLV,Mountain West,FBS,25.0,25.0,0.0,https://dxbhsrqyrr690.cloudfront.net/sidearm.nextgen.sites/nacda.com/documents/2022/4/21/April21Overall.pdf,4
2021-22,Central Connecticut State,winter,220,Central Connecticut State,Northeast,FCS,25.0,0.0,25.0,https://dxbhsrqyrr690.cloudfront.net/sidearm.nextgen.sites/nacda.com/documents/2022/4/21/April21Overall.pdf,4
2021-22,SIU Edwardsville,winter,220,SIU Edwardsville,OVC,DI,25.0,0.0,25.0,https://dxbhsrqyrr690.cloudfront.net/sidearm.nextgen.sites/nacda.com/documents/2022/4/21/April21Overall.pdf,4
2021-22,Southeast Missouri State,winter,220,Southeast Missouri State,OVC,FCS,25.0,0.0,25.0,https://dxbhsrqyrr690.cloudfront.net/sidearm.nextgen.sites/nacda.com/documents/2022/4/21/April21Overall.pdf,4
2021-22,Loyola Maryland,winter,220,Loyola Maryland,Patriot,DI,25.0,0.0,25.0,https://dxbhsrqyrr690.cloudfront.net/sidearm.nextgen.sites/nacda.com/documents/2022/4/21/April21Overall.pdf,4
2021-22,Northwestern State,winter,220,Northwestern State,Southland,FCS,25.0,0.0,25.0,https://dxbhsrqyrr690.cloudfront.net/sidearm.nextgen.sites/nacda.com/documents/2022/4/21/April21Overall.pdf,4
2021-22,North Dakota,winter,220,North Dakota,Summit,FCS,25.0,25.0,0.0,https://dxbhsrqyrr690.cloudfront.net/sidearm.nextgen.sites/nacda.com/documents/2022/4/21/April21Overall.pdf,4
2021-22,Texas Arlington,winter,220,Texas Arlington,Sun Belt,DI,25.0,25.0,0.0,https://dxbhsrqyrr690.cloudfront.net/sidearm.nextgen.sites/nacda.com/documents/2022/4/21/April21Overall.pdf,4
2021-22,Alabama State,winter,220,Alabama State,SWAC,FCS,25.0,25.0,0.0,https://dxbhsrqyrr690.cloudfront.net/sidearm.nextgen.sites/nacda.com/documents/2022/4/21/April21Overall.pdf,4
2021-22,Jackson State,winter,220,Jackson State,SWAC,FCS,25.0,25.0,0.0,https://dxbhsrqyrr690.cloudfront.net/sidearm.nextgen.sites/nacda.com/documents/2022/4/21/April21Overall.pdf,4
2021-22,Prairie View A&M,winter,220,Prairie View A&M,SWAC,FCS,25.0,0.0,25.0,https://dxbhsrqyrr690.cloudfront.net/sidearm.nextgen.sites/nacda.com/documents/2022/4/21/April21Overall.pdf,4
2021-22,Texas Southern,winter,220,Texas Southern,SWAC,FCS,25.0,25.0,0.0,https://dxbhsrqyrr690.cloudfront.net/sidearm.nextgen.sites/nacda.com/documents/2022/4/21/April21Overall.pdf,4
2021-22,Seattle,winter,220,Seattle,WAC,DI,25.0,0.0,25.0,https://dxbhsrqyrr690.cloudfront.net/sidearm.nextgen.sites/nacda.com/documents/2022/4/21/April21Overall.pdf,4
2021-22,San Diego,winter,220,San Diego,WCC,FCS,25.0,0.0,25.0,https://dxbhsrqyrr690.cloudfront.net/sidearm.nextgen.sites/nacda.com/documents/2022/4/21/April21Overall.pdf,4
2021-22,San Francisco,winter,220,San Francisco,WCC,DI,25.0,25.0,0.0,https://dxbhsrqyrr690.cloudfront.net/sidearm.nextgen.sites/nacda.com/documents/2022/4/21/April21Overall.pdf,4
2021-22,Cal State Bakersfield,winter,258,Cal State Bakersfield,Big West,DI,16.0,16.0,0.0,https://dxbhsrqyrr690.cloudfront.net/sidearm.nextgen.sites/nacda.com/documents/2022/4/21/April21Overall.pdf,4
2021-22,Cleveland State,winter,258,Cleveland State,Horizon League,DI,16.0,16.0,0.0,https://dxbhsrqyrr690.cloudfront.net/sidearm.nextgen.sites/nacda.com/documents/2022/4/21/April21Overall.pdf,4
2021-22,East Carolina,winter,260,East Carolina,American,FBS,5.0,0.0,5.0,https://dxbhsrqyrr690.cloudfront.net/sidearm.nextgen.sites/nacda.com/documents/2022/4/21/April21Overall.pdf,4
2021-22,DePaul,winter,260,DePaul,Big East,DI,5.0,5.0,0.0,https://dxbhsrqyrr690.cloudfront.net/sidearm.nextgen.sites/nacda.com/documents/2022/4/21/April21Overall.pdf,4
2021-22,Bryant,winter,260,Bryant,Northeast,FCS,5.0,5.0,0.0,https://dxbhsrqyrr690.cloudfront.net/sidearm.nextgen.sites/nacda.com/documents/2022/4/21/April21Overall.pdf,4
2022-23,North Carolina,fall,1,North Carolina,ACC,FBS,382.5,382.5,382.5,https://dxbhsrqyrr690.cloudfront.net/sidearm.nextgen.sites/nacda.com/documents/2023/1/13/Jan_12OverallStandings_Update.pdf,1
2022-23,Stanford,fall,2,Stanford,Pac-12,FBS,330.0,330.0,330.0,https://dxbhsrqyrr690.cloudfront.net/sidearm.nextgen.sites/nacda.com/documents/2023/1/13/Jan_12OverallStandings_Update.pdf,1
2022-23,BYU,fall,3,BYU,WCC,FBS,314.5,314.5,314.5,https://dxbhsrqyrr690.cloudfront.net/sidearm.nextgen.sites/nacda.com/documents/2023/1/13/Jan_12OverallStandings_Update.pdf,1
2022-23,Ohio State,fall,4,Ohio State,Big Ten,FBS,313.0,313.0,313.0,https://dxbhsrqyrr690.cloudfront.net/sidearm.nextgen.sites/nacda.com/documents/2023/1/13/Jan_12OverallStandings_Update.pdf,1
2022-23,Syracuse,fall,5,Syracuse,ACC,FBS,310.5,310.5,310.5,https://dxbhsrqyrr690.cloudfront.net/sidearm.nextgen.sites/nacda.com/documents/2023/1/13/Jan_12OverallStandings_Update.pdf,1
2022-23,Penn State,fall,6,Penn State,Big Ten,FBS,309.0,309.0,309.0,https://dxbhsrqyrr690.cloudfront.net/sidearm.nextgen.sites/nacda.com/documents/2023/1/13/Jan_12OverallStandings_Update.pdf,1
2022-23,Pittsburgh,fall,6,Pittsburgh,ACC,FBS,309.0,309.0,309.0,https://dxbhsrqyrr690.cloudfront.net/sidearm.nextgen.sites/nacda.com/documents/2023/1/13/Jan_12OverallStandings_Update.pdf,1
2022-23,Texas,fall,8,Texas,Big 12,FBS,298.0,298.0,298.0,https://dxbhsrqyrr690.cloudfront.net/sidearm.nextgen.sites/nacda.com/documents/2023/1/13/Jan_12OverallStandings_Update.pdf,1
2022-23,Virginia,fall,9,Virginia,ACC,FBS,297.0,297.0,297.0,https://dxbhsrqyrr690.cloudfront.net/sidearm.nextgen.sites/nacda.com/documents/2023/1/13/Jan_12OverallStandings_Update.pdf,1
2022-23,Alabama,fall,10,Alabama,SEC,FBS,290.0,290.0,290.0,https://dxbhsrqyrr690.cloudfront.net/sidearm.nextgen.sites/nacda.com/documents/2023/1/13/Jan_12OverallStandings_Update.pdf,1
2022-23,Arkansas,fall,11,Arkansas,SEC,FBS,272.0,272.0,272.0,https://dxbhsrqyrr690.cloudfront.net/sidearm.nextgen.sites/nacda.com/documents/2023/1/13/Jan_12OverallStandings_Update.pdf,1
2022-23,UCLA,fall,11,UCLA,Pac-12,FBS,272.0,272.0,272.0,https://dxbhsrqyrr690.cloudfront.net/sidearm.nextgen.sites/nacda.com/documents/2023/1/13/Jan_12OverallStandings_Update.pdf,1
2022-23,Washington,fall,13,Washington,Pac-12,FBS,264.0,264.0,264.0,https://dxbhsrqyrr690.cloudfront.net/sidearm.nextgen.sites/nacda.com/documents/2023/1/13/Jan_12OverallStandings_Update.pdf,1
2022-23,Notre Dame,fall,14,Notre Dame,ACC,FBS,261.0,261.0,261.0,https://dxbhsrqyrr690.cloudfront.net/sidearm.nextgen.sites/nacda.com/documents/2023/1/13/Jan_12OverallStandings_Update.pdf,1
2022-23,Florida State,fall,15,Florida State,ACC,FBS,258.5,258.5,258.5,https://dxbhsrqyrr690.cloudfront.net/sidearm.nextgen.sites/nacda.com/documents/2023/1/13/Jan_12OverallStandings_Update.pdf,1
2022-23,Oregon,fall,16,Oregon,Pac-12,FBS,251.5,251.5,251.5,https://dxbhsrqyrr690.cloudfront.net/sidearm.nextgen.sites/nacda.com/documents/2023/1/13/Jan_12OverallStandings_Update.pdf,1
2022-23,Wisconsin,fall,17,Wisconsin,Big Ten,FBS,246.5,246.5,246.5,https://dxbhsrqyrr690.cloudfront.net/sidearm.nextgen.sites/nacda.com/documents/2023/1/13/Jan_12OverallStandings_Update.pdf,1
2022-23,Duke,fall,18,Duke,ACC,FBS,244.0,244.0,244.0,https://dxbhsrqyrr690.cloudfront.net/sidearm.nextgen.sites/nacda.com/documents/2023/1/13/Jan_12OverallStandings_Update.pdf,1
2022-23,Michigan,fall,19,Michigan,Big Ten,FBS,235.0,235.0,235.0,https://dxbhsrqyrr690.cloudfront.net/sidearm.nextgen.sites/nacda.com/documents/2023/1/13/Jan_12OverallStandings_Update.pdf,1
2022-23,USC,fall,20,USC,Pac-12,FBS,228.0,228.0,228.0,https://dxbhsrqyrr690.cloudfront.net/sidearm.nextgen.sites/nacda.com/documents/2023/1/13/Jan_12OverallStandings_Update.pdf,1
2022-23,Wake Forest,fall,21,Wake Forest,ACC,FBS,223.0,223.0,223.0,https://dxbhsrqyrr690.cloudfront.net/sidearm.nextgen.sites/nacda.com/documents/2023/1/13/Jan_12OverallStandings_Update.pdf,1
2022-23,North Carolina State,fall,22,North Carolina State,ACC,FBS,216.0,216.0,216.0,https://dxbhsrqyrr690.cloudfront.net/sidearm.nextgen.sites/nacda.com/documents/2023/1/13/Jan_12OverallStandings_Update.pdf,1
2022-23,Louisville,fall,23,Louisville,ACC,FBS,213.0,213.0,213.0,https://dxbhsrqyrr690.cloudfront.net/sidearm.nextgen.sites/nacda.com/documents/2023/1/13/Jan_12OverallStandings_Update.pdf,1
2022-23,Georgetown,fall,24,Georgetown,Big East,FCS,210.5,210.5,210.5,https://dxbhsrqyrr690.cloudfront.net/sidearm.nextgen.sites/nacda.com/documents/2023/1/13/Jan_12OverallStandings_Update.pdf,1
2022-23,TCU,fall,25,TCU,Big 12,FBS,204.0,204.0,204.0,https://dxbhsrqyrr690.cloudfront.net/sidearm.nextgen.sites/nacda.com/documents/2023/1/13/Jan_12OverallStandings_Update.pdf,1
2022-23,Tennessee,fall,26,Tennessee,SEC,FBS,203.5,203.5,203.5,https://dxbhsrqyrr690.cloudfront.net/sidearm.nextgen.sites/nacda.com/documents/2023/1/13/Jan_12OverallStandings_Update.pdf,1
2022-23,Georgia,fall,27,Georgia,SEC,FBS,200.0,200.0,200.0,https://dxbhsrqyrr690.cloudfront.net/sidearm.nextgen.sites/nacda.com/documents/2023/1/13/Jan_12OverallStandings_Update.pdf,1
2022-23,Northern Arizona,fall,28,Northern Arizona,Big Sky,FCS,198.5,198.5,198.5,https://dxbhsrqyrr690.cloudfront.net/sidearm.nextgen.sites/nacda.com/documents/2023/1/13/Jan_12OverallStandings_Update.pdf,1
2022-23,Northwestern,fall,29,Northwestern,Big Ten,FBS,198.0,198.0,198.0,https://dxbhsrqyrr690.cloudfront.net/sidearm.nextgen.sites/nacda.com/documents/2023/1/13/Jan_12OverallStandings_Update.pdf,1
2022-23,Oklahoma State,fall,30,Oklahoma State,Big 12,FBS,195.0,195.0,195.0,https://dxbhsrqyrr690.cloudfront.net/sidearm.nextgen.sites/nacda.com/documents/2023/1/13/Jan_12OverallStandings_Update.pdf,1
2022-23,LSU,fall,31,LSU,SEC,FBS,186.0,186.0,186.0,https://dxbhsrqyrr690.cloudfront.net/sidearm.nextgen.sites/nacda.com/documents/2023/1/13/Jan_12OverallStandings_Update.pdf,1
2022-23,Maryland,fall,32,Maryland,Big Ten,FBS,178.0,178.0,178.0,https://dxbhsrqyrr690.cloudfront.net/sidearm.nextgen.sites/nacda.com/documents/2023/1/13/Jan_12OverallStandings_Update.pdf,1
2022-23,Colorado,fall,33,Colorado,Pac-12,FBS,161.5,161.5,161.5,https://dxbhsrqyrr690.cloudfront.net/sidearm.nextgen.sites/nacda.com/documents/2023/1/13/Jan_12OverallStandings_Update.pdf,1
2022-23,Oregon State,fall,34,Oregon State,Pac-12,FBS,157.0,157.0,157.0,https://dxbhsrqyrr690.cloudfront.net/sidearm.nextgen.sites/nacda.com/documents/2023/1/13/Jan_12OverallStandings_Update.pdf,1
2022-23,Kentucky,fall,35,Kentucky,SEC,FBS,153.0,153.0,153.0,https://dxbhsrqyrr690.cloudfront.net/sidearm.nextgen.sites/nacda.com/documents/2023/1/13/Jan_12OverallStandings_Update.pdf,1
2022-23,Princeton,fall,36,Princeton,Ivy League,FCS,148.0,148.0,148.0,https://dxbhsrqyrr690.cloudfront.net/sidearm.nextgen.sites/nacda.com/documents/2023/1/13/Jan_12OverallStandings_Update.pdf,1
2022-23,Clemson,fall,37,Clemson,ACC,FBS,139.5,139.5,139.5,https://dxbhsrqyrr690.cloudfront.net/sidearm.nextgen.sites/nacda.com/documents/2023/1/13/Jan_12OverallStandings_Update.pdf,1
2022-23,Minnesota,fall,38,Minnesota,Big Ten,FBS,135.0,135.0,135.0,https://dxbhsrqyrr690.cloudfront.net/sidearm.nextgen.sites/nacda.com/documents/2023/1/13/Jan_12OverallStandings_Update.pdf,1
2022-23,Memphis,fall,39,Memphis,American,FBS,134.0,134.0,134.0,https://dxbhsrqyrr690.cloudfront.net/sidearm.nextgen.sites/nacda.com/documents/2023/1/13/Jan_12OverallStandings_Update.pdf,1
2022-23,Harvard,fall,40,Harvard,Ivy League,FCS,133.0,133.0,133.0,https://dxbhsrqyrr690.cloudfront.net/sidearm.nextgen.sites/nacda.com/documents/2023/1/13/Jan_12OverallStandings_Update.pdf,1
2022-23,Tulsa,fall,40,Tulsa,American,FBS,133.0,133.0,133.0,https://dxbhsrqyrr690.cloudfront.net/sidearm.nextgen.sites/nacda.com/documents/2023/1/13/Jan_12OverallStandings_Update.pdf,1
2022-23,Montana State,fall,42,Montana State,Big Sky,FCS,132.0,132.0,132.0,https://dxbhsrqyrr690.cloudfront.net/sidearm.nextgen.sites/nacda.com/documents/2023/1/13/Jan_12OverallStandings_Update.pdf,1
2022-23,Michigan State,fall,43,Michigan State,Big Ten,FBS,131.0,131.0,131.0,https://dxbhsrqyrr690.cloudfront.net/sidearm.nextgen.sites/nacda.com/documents/2023/1/13/Jan_12OverallStandings_Update.pdf,1
2022-23,Utah,fall,44,Utah,Pac-12,FBS,130.5,130.5,130.5,https://dxbhsrqyrr690.cloudfront.net/sidearm.nextgen.sites/nacda.com/documents/2023/1/13/Jan_12OverallStandings_Update.pdf,1
2022-23,New Hampshire,fall,45,New Hampshire,America East,FCS,128.0,128.0,128.0,https://dxbhsrqyrr690.cloudfront.net/sidearm.nextgen.sites/nacda.com/documents/2023/1/13/Jan_12OverallStandings_Update.pdf,1
2022-23,California,fall,46,California,Pac-12,FBS,125.0,125.0,125.0,https://dxbhsrqyrr690.cloudfront.net/sidearm.nextgen.sites/nacda.com/documents/2023/1/13/Jan_12OverallStandings_Update.pdf,1
2022-23,UCF,fall,46,UCF,American,FBS,125.0,125.0,125.0,https://dxbhsrqyrr690.cloudfront.net/sidearm.nextgen.sites/nacda.com/documents/2023/1/13/Jan_12OverallStandings_Update.pdf,1
2022-23,Portland,fall,48,Portland,WCC,DI,123.0,123.0,123.0,https://dxbhsrqyrr690.cloudfront.net/sidearm.nextgen.sites/nacda.com/documents/2023/1/13/Jan_12OverallStandings_Update.pdf,1
2022-23,Samford,fall,49,Samford,SoCon,FCS,120.0,120.0,120.0,https://dxbhsrqyrr690.cloudfront.net/sidearm.nextgen.sites/nacda.com/documents/2023/1/13/Jan_12OverallStandings_Update.pdf,1
2022-23,Air Force,fall,50,Air Force,Mountain West,FBS,117.0,117.0,117.0,https://dxbhsrqyrr690.cloudfront.net/sidearm.nextgen.sites/nacda.com/documents/2023/1/13/Jan_12OverallStandings_Update.pdf,1
2022-23,Iowa,fall,51,Iowa,Big Ten,FBS,115.0,115.0,115.0,https://dxbhsrqyrr690.cloudfront.net/sidearm.nextgen.sites/nacda.com/documents/2023/1/13/Jan_12OverallStandings_Update.pdf,1
2022-23,South Carolina,fall,51,South Carolina,SEC,FBS,115.0,115.0,115.0,https://dxbhsrqyrr690.cloudfront.net/sidearm.nextgen.sites/nacda.com/documents/2023/1/13/Jan_12OverallStandings_Update.pdf,1
2022-23,Houston,fall,53,Houston,American,FBS,109.0,109.0,109.0,https://dxbhsrqyrr690.cloudfront.net/sidearm.nextgen.sites/nacda.com/documents/2023/1/13/Jan_12OverallStandings_Update.pdf,1
2022-23,Marshall,fall,53,Marshall,Sun Belt,FBS,109.0,109.0,109.0,https://dxbhsrqyrr690.cloudfront.net/sidearm.nextgen.sites/nacda.com/documents/2023/1/13/Jan_12OverallStandings_Update.pdf,1
2022-23,Creighton,fall,55,Creighton,Big East,DI,108.0,108.0,108.0,https://dxbhsrqyrr690.cloudfront.net/sidearm.nextgen.sites/nacda.com/documents/2023/1/13/Jan_12OverallStandings_Update.pdf,1
2022-23,San Diego,fall,55,San Diego,WCC,FCS,108.0,108.0,108.0,https://dxbhsrqyrr690.cloudfront.net/sidearm.nextgen.sites/nacda.com/documents/2023/1/13/Jan_12OverallStandings_Update.pdf,1
2022-23,Delaware,fall,57,Delaware,CAA,FCS,106.0,106.0,106.0,https://dxbhsrqyrr690.cloudfront.net/sidearm.nextgen.sites/nacda.com/documents/2023/1/13/Jan_12OverallStandings_Update.pdf,1
2022-23,Mississippi State,fall,58,Mississippi State,SEC,FBS,105.0,105.0,105.0,https://dxbhsrqyrr690.cloudfront.net/sidearm.nextgen.sites/nacda.com/documents/2023/1/13/Jan_12OverallStandings_Update.pdf,1
2022-23,Iowa State,fall,59,Iowa State,Big 12,FBS,103.0,103.0,103.0,https://dxbhsrqyrr690.cloudfront.net/sidearm.nextgen.sites/nacda.com/documents/2023/1/13/Jan_12OverallStandings_Update.pdf,1
2022-23,Ole Miss,fall,60,Ole Miss,SEC,FBS,101.0,101.0,101.0,https://dxbhsrqyrr690.cloudfront.net/sidearm.nextgen.sites/nacda.com/documents/2023/1/13/Jan_12OverallStandings_Update.pdf,1
2022-23,SMU,fall,60,SMU,American,FBS,101.0,101.0,101.0,https://dxbhsrqyrr690.cloudfront.net/sidearm.nextgen.sites/nacda.com/documents/2023/1/13/Jan_12OverallStandings_Update.pdf,1
2022-23,South Dakota State,fall,62,South Dakota State,Summit,FCS,100.0,100.0,100.0,https://dxbhsrqyrr690.cloudfront.net/sidearm.nextgen.sites/nacda.com/documents/2023/1/13/Jan_12OverallStandings_Update.pdf,1
2022-23,Utah State,fall,63,Utah State,Mountain West,FBS,98.0,98.0,98.0,https://dxbhsrqyrr690.cloudfront.net/sidearm.nextgen.sites/nacda.com/documents/2023/1/13/Jan_12OverallStandings_Update.pdf,1
2022-23,California Baptist,fall,64,California Baptist,WAC,DI,97.0,97.0,97.0,https://dxbhsrqyrr690.cloudfront.net/sidearm.nextgen.sites/nacda.com/documents/2023/1/13/Jan_12OverallStandings_Update.pdf,1
2022-23,West Virginia,fall,64,West Virginia,Big 12,FBS,97.0,97.0,97.0,https://dxbhsrqyrr690.cloudfront.net/sidearm.nextgen.sites/nacda.com/documents/2023/1/13/Jan_12OverallStandings_Update.pdf,1
2022-23,Tulane,fall,66,Tulane,American,FBS,96.0,96.0,96.0,https://dxbhsrqyrr690.cloudfront.net/sidearm.nextgen.sites/nacda.com/documents/2023/1/13/Jan_12OverallStandings_Update.pdf,1
2022-23,Colorado State,fall,67,Colorado State,Mountain West,FBS,95.0,95.0,95.0,https://dxbhsrqyrr690.cloudfront.net/sidearm.nextgen.sites/nacda.com/documents/2023/1/13/Jan_12OverallStandings_Update.pdf,1
2022-23,Western Kentucky,fall,67,Western Kentucky,Conference USA,FBS,95.0,95.0,95.0,https://dxbhsrqyrr690.cloudfront.net/sidearm.nextgen.sites/nacda.com/documents/2023/1/13/Jan_12OverallStandings_Update.pdf,1
2022-23,Cornell,fall,69,Cornell,Ivy League,FCS,91.0,91.0,91.0,https://dxbhsrqyrr690.cloudfront.net/sidearm.nextgen.sites/nacda.com/documents/2023/1/13/Jan_12OverallStandings_Update.pdf,1
2022-23,Toledo,fall,69,Toledo,MAC,FBS,91.0,91.0,91.0,https://dxbhsrqyrr690.cloudfront.net/sidearm.nextgen.sites/nacda.com/documents/2023/1/13/Jan_12OverallStandings_Update.pdf,1
2022-23,Indiana,fall,71,Indiana,Big Ten,FBS,90.0,90.0,90.0,https://dxbhsrqyrr690.cloudfront.net/sidearm.nextgen.sites/nacda.com/documents/2023/1/13/Jan_12OverallStandings_Update.pdf,1
2022-23,New Mexico,fall,71,New Mexico,Mountain West,FBS,90.0,90.0,90.0,https://dxbhsrqyrr690.cloudfront.net/sidearm.nextgen.sites/nacda.com/documents/2023/1/13/Jan_12OverallStandings_Update.pdf,1
2022-23,North Dakota State,fall,71,North Dakota State,Summit,FCS,90.0,90.0,90.0,https://dxbhsrqyrr690.cloudfront.net/sidearm.nextgen.sites/nacda.com/documents/2023/1/13/Jan_12OverallStandings_Update.pdf,1
2022-23,Baylor,fall,74,Baylor,Big 12,FBS,89.0,89.0,89.0,https://dxbhsrqyrr690.cloudfront.net/sidearm.nextgen.sites/nacda.com/documents/2023/1/13/Jan_12OverallStandings_Update.pdf,1
2022-23,Florida,fall,74,Florida,SEC,FBS,89.0,89.0,89.0,https://dxbhsrqyrr690.cloudfront.net/sidearm.nextgen.sites/nacda.com/documents/2023/1/13/Jan_12OverallStandings_Update.pdf,1
2022-23,Providence,fall,76,Providence,Big East,DI,85.5,85.5,85.5,https://dxbhsrqyrr690.cloudfront.net/sidearm.nextgen.sites/nacda.com/documents/2023/1/13/Jan_12OverallStandings_Update.pdf,1
2022-23,Incarnate Word,fall,77,Incarnate Word,Southland,FCS,83.0,83.0,83.0,https://dxbhsrqyrr690.cloudfront.net/sidearm.nextgen.sites/nacda.com/documents/2023/1/13/Jan_12OverallStandings_Update.pdf,1
2022-23,Furman,fall,78,Furman,SoCon,FCS,79.0,79.0,79.0,https://dxbhsrqyrr690.cloudfront.net/sidearm.nextgen.sites/nacda.com/documents/2023/1/13/Jan_12OverallStandings_Update.pdf,1
2022-23,Liberty,fall,79,Liberty,ASUN,FBS,78.0,78.0,78.0,https://dxbhsrqyrr690.cloudfront.net/sidearm.nextgen.sites/nacda.com/documents/2023/1/13/Jan_12OverallStandings_Update.pdf,1
2022-23,Miami (OH),fall,79,Miami (OH),MAC,FBS,78.0,78.0,78.0,https://dxbhsrqyrr690.cloudfront.net/sidearm.nextgen.sites/nacda.com/documents/2023/1/13/Jan_12OverallStandings_Update.pdf,1
2022-23,Southeastern Louisiana,fall,79,Southeastern Louisiana,Southland,FCS,78.0,78.0,78.0,https://dxbhsrqyrr690.cloudfront.net/sidearm.nextgen.sites/nacda.com/documents/2023/1/13/Jan_12OverallStandings_Update.pdf,1
2022-23,Texas A&M,fall,79,Texas A&M,SEC,FBS,78.0,78.0,78.0,https://dxbhsrqyrr690.cloudfront.net/sidearm.nextgen.sites/nacda.com/documents/2023/1/13/Jan_12OverallStandings_Update.pdf,1
2022-23,Auburn,fall,83,Auburn,SEC,FBS,77.0,77.0,77.0,https://dxbhsrqyrr690.cloudfront.net/sidearm.nextgen.sites/nacda.com/documents/2023/1/13/Jan_12OverallStandings_Update.pdf,1
2022-23,Lipscomb,fall,84,Lipscomb,ASUN,DI,76.0,76.0,76.0,https://dxbhsrqyrr690.cloudfront.net/sidearm.nextgen.sites/nacda.com/documents/2023/1/13/Jan_12OverallStandings_Update.pdf,1
2022-23,Pennsylvania,fall,84,Pennsylvania,Ivy League,FCS,76.0,76.0,76.0,https://dxbhsrqyrr690.cloudfront.net/sidearm.nextgen.sites/nacda.com/documents/2023/1/13/Jan_12OverallStandings_Update.pdf,1
2022-23,Fairleigh Dickinson,fall,86,Fairleigh Dickinson,Northeast,DI,75.0,75.0,75.0,https://dxbhsrqyrr690.cloudfront.net/sidearm.nextgen.sites/nacda.com/documents/2023/1/13/Jan_12OverallStandings_Update.pdf,1
2022-23,High Point,fall,86,High Point,Big South,DI,75.0,75.0,75.0,https://dxbhsrqyrr690.cloudfront.net/sidearm.nextgen.sites/nacda.com/documents/2023/1/13/Jan_12OverallStandings_Update.pdf,1
2022-23,Kansas,fall,86,Kansas,Big 12,FBS,75.0,75.0,75.0,https://dxbhsrqyrr690.cloudfront.net/sidearm.nextgen.sites/nacda.com/documents/2023/1/13/Jan_12OverallStandings_Update.pdf,1
2022-23,Purdue,fall,86,Purdue,Big Ten,FBS,75.0,75.0,75.0,https://dxbhsrqyrr690.cloudfront.net/sidearm.nextgen.sites/nacda.com/documents/2023/1/13/Jan_12OverallStandings_Update.pdf,1
2022-23,Quinnipiac,fall,86,Quinnipiac,MAAC,DI,75.0,75.0,75.0,https://dxbhsrqyrr690.cloudfront.net/sidearm.nextgen.sites/nacda.com/documents/2023/1/13/Jan_12OverallStandings_Update.pdf,1
2022-23,Rice,fall,86,Rice,Conference USA,FBS,75.0,75.0,75.0,https://dxbhsrqyrr690.cloudfront.net/sidearm.nextgen.sites/nacda.com/documents/2023/1/13/Jan_12OverallStandings_Update.pdf,1
2022-23,Saint Louis,fall,86,Saint Louis,Atlantic 10,DI,75.0,75.0,75.0,https://dxbhsrqyrr690.cloudfront.net/sidearm.nextgen.sites/nacda.com/documents/2023/1/13/Jan_12OverallStandings_Update.pdf,1
2022-23,Washington State,fall,86,Washington State,Pac-12,FBS,75.0,75.0,75.0,https://dxbhsrqyrr690.cloudfront.net/sidearm.nextgen.sites/nacda.com/documents/2023/1/13/Jan_12OverallStandings_Update.pdf,1
2022-23,North Carolina Greensboro,fall,94,North Carolina Greensboro,SoCon,DI,73.0,73.0,73.0,https://dxbhsrqyrr690.cloudfront.net/sidearm.nextgen.sites/nacda.com/documents/2023/1/13/Jan_12OverallStandings_Update.pdf,1
2022-23,Utah Valley,fall,94,Utah Valley,WAC,DI,73.0,73.0,73.0,https://dxbhsrqyrr690.cloudfront.net/sidearm.nextgen.sites/nacda.com/documents/2023/1/13/Jan_12OverallStandings_Update.pdf,1
2022-23,Vermont,fall,94,Vermont,America East,DI,73.0,73.0,73.0,https://dxbhsrqyrr690.cloudfront.net/sidearm.nextgen.sites/nacda.com/documents/2023/1/13/Jan_12OverallStandings_Update.pdf,1
2022-23,Albany,fall,97,Albany,America East,FCS,70.0,70.0,70.0,https://dxbhsrqyrr690.cloudfront.net/sidearm.nextgen.sites/nacda.com/documents/2023/1/13/Jan_12OverallStandings_Update.pdf,1
2022-23,Buffalo,fall,97,Buffalo,MAC,FBS,70.0,70.0,70.0,https://dxbhsrqyrr690.cloudfront.net/sidearm.nextgen.sites/nacda.com/documents/2023/1/13/Jan_12OverallStandings_Update.pdf,1
2022-23,Holy Cross,fall,97,Holy Cross,Patriot,FCS,70.0,70.0,70.0,https://dxbhsrqyrr690.cloudfront.net/sidearm.nextgen.sites/nacda.com/documents/2023/1/13/Jan_12OverallStandings_Update.pdf,1
2022-23,New Mexico State,fall,97,New Mexico State,WAC,FBS,70.0,70.0,70.0,https://dxbhsrqyrr690.cloudfront.net/sidearm.nextgen.sites/nacda.com/documents/2023/1/13/Jan_12OverallStandings_Update.pdf,2
2022-23,Sacramento State,fall,97,Sacramento State,Big Sky,FCS,70.0,70.0,70.0,https://dxbhsrqyrr690.cloudfront.net/sidearm.nextgen.sites/nacda.com/documents/2023/1/13/Jan_12OverallStandings_Update.pdf,2
2022-23,Saint Joseph's,fall,97,Saint Joseph's,Atlantic 10,DI,70.0,70.0,70.0,https://dxbhsrqyrr690.cloudfront.net/sidearm.nextgen.sites/nacda.com/documents/2023/1/13/Jan_12OverallStandings_Update.pdf,2
2022-23,William & Mary,fall,97,William & Mary,CAA,FCS,70.0,70.0,70.0,https://dxbhsrqyrr690.cloudfront.net/sidearm.nextgen.sites/nacda.com/documents/2023/1/13/Jan_12OverallStandings_Update.pdf,2
2022-23,FIU,fall,104,FIU,Conference USA,FBS,64.0,64.0,64.0,https://dxbhsrqyrr690.cloudfront.net/sidearm.nextgen.sites/nacda.com/documents/2023/1/13/Jan_12OverallStandings_Update.pdf,2
2022-23,Marquette,fall,104,Marquette,Big East,DI,64.0,64.0,64.0,https://dxbhsrqyrr690.cloudfront.net/sidearm.nextgen.sites/nacda.com/documents/2023/1/13/Jan_12OverallStandings_Update.pdf,2
2022-23,Nebraska,fall,104,Nebraska,Big Ten,FBS,64.0,64.0,64.0,https://dxbhsrqyrr690.cloudfront.net/sidearm.nextgen.sites/nacda.com/documents/2023/1/13/Jan_12OverallStandings_Update.pdf,2
2022-23,UC Irvine,fall,104,UC Irvine,Big West,DI,64.0,64.0,64.0,https://dxbhsrqyrr690.cloudfront.net/sidearm.nextgen.sites/nacda.com/documents/2023/1/13/Jan_12OverallStandings_Update.pdf,2
2022-23,Western Michigan,fall,104,Western Michigan,MAC,FBS,64.0,64.0,64.0,https://dxbhsrqyrr690.cloudfront.net/sidearm.nextgen.sites/nacda.com/documents/2023/1/13/Jan_12OverallStandings_Update.pdf,2
2022-23,Gonzaga,fall,109,Gonzaga,WCC,DI,63.0,63.0,63.0,https://dxbhsrqyrr690.cloudfront.net/sidearm.nextgen.sites/nacda.com/documents/2023/1/13/Jan_12OverallStandings_Update.pdf,2
2022-23,Kansas State,fall,110,Kansas State,Big 12,FBS,61.5,61.5,61.5,https://dxbhsrqyrr690.cloudfront.net/sidearm.nextgen.sites/nacda.com/documents/2023/1/13/Jan_12OverallStandings_Update.pdf,2
2022-23,Pacific,fall,111,Pacific,WCC,DI,55.0,55.0,55.0,https://dxbhsrqyrr690.cloudfront.net/sidearm.nextgen.sites/nacda.com/documents/2023/1/13/Jan_12OverallStandings_Update.pdf,2
2022-23,Villanova,fall,111,Villanova,Big East,FCS,55.0,55.0,55.0,https://dxbhsrqyrr690.cloudfront.net/sidearm.nextgen.sites/nacda.com/documents/2023/1/13/Jan_12OverallStandings_Update.pdf,2
2022-23,Troy,fall,113,Troy,Sun Belt,FBS,54.0,54.0,54.0,https://dxbhsrqyrr690.cloudfront.net/sidearm.nextgen.sites/nacda.com/documents/2023/1/13/Jan_12OverallStandings_Update.pdf,2
2022-23,Butler,fall,114,Butler,Big East,FCS,53.0,53.0,53.0,https://dxbhsrqyrr690.cloudfront.net/sidearm.nextgen.sites/nacda.com/documents/2023/1/13/Jan_12OverallStandings_Update.pdf,2
2022-23,Gardner-Webb,fall,114,Gardner-Webb,Big South,FCS,53.0,53.0,53.0,https://dxbhsrqyrr690.cloudfront.net/sidearm.nextgen.sites/nacda.com/documents/2023/1/13/Jan_12OverallStandings_Update.pdf,2
2022-23,Montana,fall,114,Montana,Big Sky,FCS,53.0,53.0,53.0,https://dxbhsrqyrr690.cloudfront.net/sidearm.nextgen.sites/nacda.com/documents/2023/1/13/Jan_12OverallStandings_Update.pdf,2
2022-23,Richmond,fall,114,Richmond,Atlantic 10,FCS,53.0,53.0,53.0,https://dxbhsrqyrr690.cloudfront.net/sidearm.nextgen.sites/nacda.com/documents/2023/1/13/Jan_12OverallStandings_Update.pdf,2
2022-23,Weber State,fall,114,Weber State,Big Sky,FCS,53.0,53.0,53.0,https://dxbhsrqyrr690.cloudfront.net/sidearm.nextgen.sites/nacda.com/documents/2023/1/13/Jan_12OverallStandings_Update.pdf,2
2022-23,Loyola Chicago,fall,119,Loyola Chicago,Atlantic 10,DI,52.0,52.0,52.0,https://dxbhsrqyrr690.cloudfront.net/sidearm.nextgen.sites/nacda.com/documents/2023/1/13/Jan_12OverallStandings_Update.pdf,2
2022-23,Akron,fall,120,Akron,MAC,FBS,50.0,50.0,50.0,https://dxbhsrqyrr690.cloudfront.net/sidearm.nextgen.sites/nacda.com/documents/2023/1/13/Jan_12OverallStandings_Update.pdf,2
2022-23,Bowling Green,fall,120,Bowling Green,MAC,FBS,50.0,50.0,50.0,https://dxbhsrqyrr690.cloudfront.net/sidearm.nextgen.sites/nacda.com/documents/2023/1/13/Jan_12OverallStandings_Update.pdf,2
2022-23,Brown,fall,120,Brown,Ivy League,FCS,50.0,50.0,50.0,https://dxbhsrqyrr690.cloudfront.net/sidearm.nextgen.sites/nacda.com/documents/2023/1/13/Jan_12OverallStandings_Update.pdf,2
2022-23,Denver,fall,120,Denver,Summit,DI,50.0,50.0,50.0,https://dxbhsrqyrr690.cloudfront.net/sidearm.nextgen.sites/nacda.com/documents/2023/1/13/Jan_12OverallStandings_Update.pdf,2
2022-23,Elon,fall,120,Elon,CAA,FCS,50.0,50.0,50.0,https://dxbhsrqyrr690.cloudfront.net/sidearm.nextgen.sites/nacda.com/documents/2023/1/13/Jan_12OverallStandings_Update.pdf,2
2022-23,Florida Gulf Coast,fall,120,Florida Gulf Coast,ASUN,DI,50.0,50.0,50.0,https://dxbhsrqyrr690.cloudfront.net/sidearm.nextgen.sites/nacda.com/documents/2023/1/13/Jan_12OverallStandings_Update.pdf,2
2022-23,Fordham,fall,120,Fordham,Atlantic 10,FCS,50.0,50.0,50.0,https://dxbhsrqyrr690.cloudfront.net/sidearm.nextgen.sites/nacda.com/documents/2023/1/13/Jan_12OverallStandings_Update.pdf,2
2022-23,Fresno State,fall,120,Fresno State,Mountain West,FBS,50.0,50.0,50.0,https://dxbhsrqyrr690.cloudfront.net/sidearm.nextgen.sites/nacda.com/documents/2023/1/13/Jan_12OverallStandings_Update.pdf,2
2022-23,Georgia Tech,fall,120,Georgia Tech,ACC,FBS,50.0,50.0,50.0,https://dxbhsrqyrr690.cloudfront.net/sidearm.nextgen.sites/nacda.com/documents/2023/1/13/Jan_12OverallStandings_Update.pdf,2
2022-23,Hofstra,fall,120,Hofstra,CAA,DI,50.0,50.0,50.0,https://dxbhsrqyrr690.cloudfront.net/sidearm.nextgen.sites/nacda.com/documents/2023/1/13/Jan_12OverallStandings_Update.pdf,2
2022-23,Missouri State,fall,120,Missouri State,Missouri Valley,FCS,50.0,50.0,50.0,https://dxbhsrqyrr690.cloudfront.net/sidearm.nextgen.sites/nacda.com/documents/2023/1/13/Jan_12OverallStandings_Update.pdf,2
2022-23,Northern Iowa,fall,120,Northern Iowa,Missouri Valley,FCS,50.0,50.0,50.0,https://dxbhsrqyrr690.cloudfront.net/sidearm.nextgen.sites/nacda.com/documents/2023/1/13/Jan_12OverallStandings_Update.pdf,2
2022-23,Rutgers,fall,120,Rutgers,Big Ten,FBS,50.0,50.0,50.0,https://dxbhsrqyrr690.cloudfront.net/sidearm.nextgen.sites/nacda.com/documents/2023/1/13/Jan_12OverallStandings_Update.pdf,2
2022-23,San Jose State,fall,120,San Jose State,Mountain West,FBS,50.0,50.0,50.0,https://dxbhsrqyrr690.cloudfront.net/sidearm.nextgen.sites/nacda.com/documents/2023/1/13/Jan_12OverallStandings_Update.pdf,2
2022-23,Santa Clara,fall,120,Santa Clara,WCC,DI,50.0,50.0,50.0,https://dxbhsrqyrr690.cloudfront.net/sidearm.nextgen.sites/nacda.com/documents/2023/1/13/Jan_12OverallStandings_Update.pdf,2
2022-23,South Florida,fall,120,South Florida,American,FBS,50.0,50.0,50.0,https://dxbhsrqyrr690.cloudfront.net/sidearm.nextgen.sites/nacda.com/documents/2023/1/13/Jan_12OverallStandings_Update.pdf,2
2022-23,UTSA,fall,120,UTSA,Conference USA,FBS,50.0,50.0,50.0,https://dxbhsrqyrr690.cloudfront.net/sidearm.nextgen.sites/nacda.com/documents/2023/1/13/Jan_12OverallStandings_Update.pdf,2
2022-23,Vanderbilt,fall,120,Vanderbilt,SEC,FBS,50.0,50.0,50.0,https://dxbhsrqyrr690.cloudfront.net/sidearm.nextgen.sites/nacda.com/documents/2023/1/13/Jan_12OverallStandings_Update.pdf,2
2022-23,Xavier,fall,120,Xavier,Big East,DI,50.0,50.0,50.0,https://dxbhsrqyrr690.cloudfront.net/sidearm.nextgen.sites/nacda.com/documents/2023/1/13/Jan_12OverallStandings_Update.pdf,2
2022-23,Boise State,fall,139,Boise State,Mountain West,FBS,45.0,45.0,45.0,https://dxbhsrqyrr690.cloudfront.net/sidearm.nextgen.sites/nacda.com/documents/2023/1/13/Jan_12OverallStandings_Update.pdf,2
2022-23,East Carolina,fall,139,East Carolina,American,FBS,45.0,45.0,45.0,https://dxbhsrqyrr690.cloudfront.net/sidearm.nextgen.sites/nacda.com/documents/2023/1/13/Jan_12OverallStandings_Update.pdf,2
2022-23,Eastern Michigan,fall,139,Eastern Michigan,MAC,FBS,45.0,45.0,45.0,https://dxbhsrqyrr690.cloudfront.net/sidearm.nextgen.sites/nacda.com/documents/2023/1/13/Jan_12OverallStandings_Update.pdf,2
2022-23,Middle Tennessee State,fall,139,Middle Tennessee State,Conference USA,FBS,45.0,45.0,45.0,https://dxbhsrqyrr690.cloudfront.net/sidearm.nextgen.sites/nacda.com/documents/2023/1/13/Jan_12OverallStandings_Update.pdf,2
2022-23,Ohio,fall,139,Ohio,MAC,FBS,45.0,45.0,45.0,https://dxbhsrqyrr690.cloudfront.net/sidearm.nextgen.sites/nacda.com/documents/2023/1/13/Jan_12OverallStandings_Update.pdf,2
2022-23,Southern Mississippi,fall,139,Southern Mississippi,Sun Belt,FBS,45.0,45.0,45.0,https://dxbhsrqyrr690.cloudfront.net/sidearm.nextgen.sites/nacda.com/documents/2023/1/13/Jan_12OverallStandings_Update.pdf,2
2022-23,Texas Tech,fall,139,Texas Tech,Big 12,FBS,45.0,45.0,45.0,https://dxbhsrqyrr690.cloudfront.net/sidearm.nextgen.sites/nacda.com/documents/2023/1/13/Jan_12OverallStandings_Update.pdf,2
2022-23,UAB,fall,139,UAB,Conference USA,FBS,45.0,45.0,45.0,https://dxbhsrqyrr690.cloudfront.net/sidearm.nextgen.sites/nacda.com/documents/2023/1/13/Jan_12OverallStandings_Update.pdf,2
2022-23,Arkansas State,fall,147,Arkansas State,Sun Belt,FBS,27.0,27.0,27.0,https://dxbhsrqyrr690.cloudfront.net/sidearm.nextgen.sites/nacda.com/documents/2023/1/13/Jan_12OverallStandings_Update.pdf,2
2022-23,Iona,fall,147,Iona,MAAC,DI,27.0,27.0,27.0,https://dxbhsrqyrr690.cloudfront.net/sidearm.nextgen.sites/nacda.com/documents/2023/1/13/Jan_12OverallStandings_Update.pdf,2
2022-23,La Salle,fall,147,La Salle,Atlantic 10,DI,27.0,27.0,27.0,https://dxbhsrqyrr690.cloudfront.net/sidearm.nextgen.sites/nacda.com/documents/2023/1/13/Jan_12OverallStandings_Update.pdf,2
2022-23,Wichita State,fall,147,Wichita State,American,DI,27.0,27.0,27.0,https://dxbhsrqyrr690.cloudfront.net/sidearm.nextgen.sites/nacda.com/documents/2023/1/13/Jan_12OverallStandings_Update.pdf,2
2022-23,Bradley,fall,151,Bradley,Missouri Valley,DI,26.0,26.0,26.0,https://dxbhsrqyrr690.cloudfront.net/sidearm.nextgen.sites/nacda.com/documents/2023/1/13/Jan_12OverallStandings_Update.pdf,2
2022-23,Columbia,fall,151,Columbia,Ivy League,FCS,26.0,26.0,26.0,https://dxbhsrqyrr690.cloudfront.net/sidearm.nextgen.sites/nacda.com/documents/2023/1/13/Jan_12OverallStandings_Update.pdf,2
2022-23,Northeastern,fall,151,Northeastern,CAA,DI,26.0,26.0,26.0,https://dxbhsrqyrr690.cloudfront.net/sidearm.nextgen.sites/nacda.com/documents/2023/1/13/Jan_12OverallStandings_Update.pdf,2
2022-23,Arizona State,fall,154,Arizona State,Pac-12,FBS,25.0,25.0,25.0,https://dxbhsrqyrr690.cloudfront.net/sidearm.nextgen.sites/nacda.com/documents/2023/1/13/Jan_12OverallStandings_Update.pdf,2
2022-23,Ball State,fall,154,Ball State,MAC,FBS,25.0,25.0,25.0,https://dxbhsrqyrr690.cloudfront.net/sidearm.nextgen.sites/nacda.com/documents/2023/1/13/Jan_12OverallStandings_Update.pdf,2
2022-23,Bucknell,fall,154,Bucknell,Patriot,FCS,25.0,25.0,25.0,https://dxbhsrqyrr690.cloudfront.net/sidearm.nextgen.sites/nacda.com/documents/2023/1/13/Jan_12OverallStandings_Update.pdf,2
2022-23,Cincinnati,fall,154,Cincinnati,American,FBS,25.0,25.0,25.0,https://dxbhsrqyrr690.cloudfront.net/sidearm.nextgen.sites/nacda.com/documents/2023/1/13/Jan_12OverallStandings_Update.pdf,2
2022-23,Cleveland State,fall,154,Cleveland State,Horizon League,DI,25.0,25.0,25.0,https://dxbhsrqyrr690.cloudfront.net/sidearm.nextgen.sites/nacda.com/documents/2023/1/13/Jan_12OverallStandings_Update.pdf,2
2022-23,Coastal Carolina,fall,154,Coastal Carolina,Sun Belt,FBS,25.0,25.0,25.0,https://dxbhsrqyrr690.cloudfront.net/sidearm.nextgen.sites/nacda.com/documents/2023/1/13/Jan_12OverallStandings_Update.pdf,2
2022-23,Colgate,fall,154,Colgate,Patriot,FCS,25.0,25.0,25.0,https://dxbhsrqyrr690.cloudfront.net/sidearm.nextgen.sites/nacda.com/documents/2023/1/13/Jan_12OverallStandings_Update.pdf,2
2022-23,Davidson,fall,154,Davidson,Atlantic 10,FCS,25.0,25.0,25.0,https://dxbhsrqyrr690.cloudfront.net/sidearm.nextgen.sites/nacda.com/documents/2023/1/13/Jan_12OverallStandings_Update.pdf,2
2022-23,Delaware State,fall,154,Delaware State,MEAC,FCS,25.0,25.0,25.0,https://dxbhsrqyrr690.cloudfront.net/sidearm.nextgen.sites/nacda.com/documents/2023/1/13/Jan_12OverallStandings_Update.pdf,2
2022-23,Eastern Kentucky,fall,154,Eastern Kentucky,ASUN,FCS,25.0,25.0,25.0,https://dxbhsrqyrr690.cloudfront.net/sidearm.nextgen.sites/nacda.com/documents/2023/1/13/Jan_12OverallStandings_Update.pdf,2
2022-23,Florida A&M,fall,154,Florida A&M,SWAC,FCS,25.0,25.0,25.0,https://dxbhsrqyrr690.cloudfront.net/sidearm.nextgen.sites/nacda.com/documents/2023/1/13/Jan_12OverallStandings_Update.pdf,2
2022-23,Georgia Southern,fall,154,Georgia Southern,Sun Belt,FBS,25.0,25.0,25.0,https://dxbhsrqyrr690.cloudfront.net/sidearm.nextgen.sites/nacda.com/documents/2023/1/13/Jan_12OverallStandings_Update.pdf,2
2022-23,Hawaii,fall,154,Hawaii,Big West,FBS,25.0,25.0,25.0,https://dxbhsrqyrr690.cloudfront.net/sidearm.nextgen.sites/nacda.com/documents/2023/1/13/Jan_12OverallStandings_Update.pdf,2
2022-23,Idaho,fall,154,Idaho,Big Sky,FCS,25.0,25.0,25.0,https://dxbhsrqyrr690.cloudfront.net/sidearm.nextgen.sites/nacda.com/documents/2023/1/13/Jan_12OverallStandings_Update.pdf,2
2022-23,Illinois,fall,154,Illinois,Big Ten,FBS,25.0,25.0,25.0,https://dxbhsrqyrr690.cloudfront.net/sidearm.nextgen.sites/nacda.com/documents/2023/1/13/Jan_12OverallStandings_Update.pdf,2
2022-23,Jackson State,fall,154,Jackson State,SWAC,FCS,25.0,25.0,25.0,https://dxbhsrqyrr690.cloudfront.net/sidearm.nextgen.sites/nacda.com/documents/2023/1/13/Jan_12OverallStandings_Update.pdf,2
2022-23,James Madison,fall,154,James Madison,Sun Belt,FCS,25.0,25.0,25.0,https://dxbhsrqyrr690.cloudfront.net/sidearm.nextgen.sites/nacda.com/documents/2023/1/13/Jan_12OverallStandings_Update.pdf,2
2022-23,Lamar,fall,154,Lamar,Southland,FCS,25.0,25.0,25.0,https://dxbhsrqyrr690.cloudfront.net/sidearm.nextgen.sites/nacda.com/documents/2023/1/13/Jan_12OverallStandings_Update.pdf,2
2022-23,Lehigh,fall,154,Lehigh,Patriot,FCS,25.0,25.0,25.0,https://dxbhsrqyrr690.cloudfront.net/sidearm.nextgen.sites/nacda.com/documents/2023/1/13/Jan_12OverallStandings_Update.pdf,2
2022-23,Louisiana,fall,154,Louisiana,Sun Belt,FBS,25.0,25.0,25.0,https://dxbhsrqyrr690.cloudfront.net/sidearm.nextgen.sites/nacda.com/documents/2023/1/13/Jan_12OverallStandings_Update.pdf,2
2022-23,Loyola Marymount,fall,154,Loyola Marymount,WCC,DI,25.0,25.0,25.0,https://dxbhsrqyrr690.cloudfront.net/sidearm.nextgen.sites/nacda.com/documents/2023/1/13/Jan_12OverallStandings_Update.pdf,2
2022-23,Miami (FL),fall,154,Miami (FL),ACC,FBS,25.0,25.0,25.0,https://dxbhsrqyrr690.cloudfront.net/sidearm.nextgen.sites/nacda.com/documents/2023/1/13/Jan_12OverallStandings_Update.pdf,2
2022-23,Missouri,fall,154,Missouri,SEC,FBS,25.0,25.0,25.0,https://dxbhsrqyrr690.cloudfront.net/sidearm.nextgen.sites/nacda.com/documents/2023/1/13/Jan_12OverallStandings_Update.pdf,2
2022-23,Navy,fall,154,Navy,Patriot,FBS,25.0,25.0,25.0,https://dxbhsrqyrr690.cloudfront.net/sidearm.nextgen.sites/nacda.com/documents/2023/1/13/Jan_12OverallStandings_Update.pdf,2
2022-23,North Dakota,fall,154,North Dakota,Summit,FCS,25.0,25.0,25.0,https://dxbhsrqyrr690.cloudfront.net/sidearm.nextgen.sites/nacda.com/documents/2023/1/13/Jan_12OverallStandings_Update.pdf,2
2022-23,North Texas,fall,154,North Texas,Conference USA,FBS,25.0,25.0,25.0,https://dxbhsrqyrr690.cloudfront.net/sidearm.nextgen.sites/nacda.com/documents/2023/1/13/Jan_12OverallStandings_Update.pdf,2
2022-23,Northern Colorado,fall,154,Northern Colorado,Big Sky,FCS,25.0,25.0,25.0,https://dxbhsrqyrr690.cloudfront.net/sidearm.nextgen.sites/nacda.com/documents/2023/1/13/Jan_12OverallStandings_Update.pdf,2
2022-23,Oklahoma,fall,154,Oklahoma,Big 12,FBS,25.0,25.0,25.0,https://dxbhsrqyrr690.cloudfront.net/sidearm.nextgen.sites/nacda.com/documents/2023/1/13/Jan_12OverallStandings_Update.pdf,2
2022-23,Old Dominion,fall,154,Old Dominion,Sun Belt,FBS,25.0,25.0,25.0,https://dxbhsrqyrr690.cloudfront.net/sidearm.nextgen.sites/nacda.com/documents/2023/1/13/Jan_12OverallStandings_Update.pdf,2
2022-23,Omaha,fall,154,Omaha,Summit,DI,25.0,25.0,25.0,https://dxbhsrqyrr690.cloudfront.net/sidearm.nextgen.sites/nacda.com/documents/2023/1/13/Jan_12OverallStandings_Update.pdf,2
2022-23,Pepperdine,fall,154,Pepperdine,WCC,DI,25.0,25.0,25.0,https://dxbhsrqyrr690.cloudfront.net/sidearm.nextgen.sites/nacda.com/documents/2023/1/13/Jan_12OverallStandings_Update.pdf,2
2022-23,Radford,fall,154,Radford,Big South,DI,25.0,25.0,25.0,https://dxbhsrqyrr690.cloudfront.net/sidearm.nextgen.sites/nacda.com/documents/2023/1/13/Jan_12OverallStandings_Update.pdf,2
2022-23,Rider,fall,154,Rider,MAAC,DI,25.0,25.0,25.0,https://dxbhsrqyrr690.cloudfront.net/sidearm.nextgen.sites/nacda.com/documents/2023/1/13/Jan_12OverallStandings_Update.pdf,2
2022-23,Saint Francis (PA),fall,154,Saint Francis (PA),Northeast,FCS,25.0,25.0,25.0,https://dxbhsrqyrr690.cloudfront.net/sidearm.nextgen.sites/nacda.com/documents/2023/1/13/Jan_12OverallStandings_Update.pdf,2
2022-23,San Diego State,fall,154,San Diego State,Mountain West,FBS,25.0,25.0,25.0,https://dxbhsrqyrr690.cloudfront.net/sidearm.nextgen.sites/nacda.com/documents/2023/1/13/Jan_12OverallStandings_Update.pdf,2
2022-23,Seton Hall,fall,154,Seton Hall,Big East,DI,25.0,25.0,25.0,https://dxbhsrqyrr690.cloudfront.net/sidearm.nextgen.sites/nacda.com/documents/2023/1/13/Jan_12OverallStandings_Update.pdf,2
2022-23,SIU Edwardsville,fall,154,SIU Edwardsville,OVC,DI,25.0,25.0,25.0,https://dxbhsrqyrr690.cloudfront.net/sidearm.nextgen.sites/nacda.com/documents/2023/1/13/Jan_12OverallStandings_Update.pdf,2
2022-23,South Alabama,fall,154,South Alabama,Sun Belt,FBS,25.0,25.0,25.0,https://dxbhsrqyrr690.cloudfront.net/sidearm.nextgen.sites/nacda.com/documents/2023/1/13/Jan_12OverallStandings_Update.pdf,2
2022-23,South Dakota,fall,154,South Dakota,Summit,FCS,25.0,25.0,25.0,https://dxbhsrqyrr690.cloudfront.net/sidearm.nextgen.sites/nacda.com/documents/2023/1/13/Jan_12OverallStandings_Update.pdf,2
2022-23,Southeast Missouri State,fall,154,Southeast Missouri State,OVC,FCS,25.0,25.0,25.0,https://dxbhsrqyrr690.cloudfront.net/sidearm.nextgen.sites/nacda.com/documents/2023/1/13/Jan_12OverallStandings_Update.pdf,2
2022-23,Stephen F. Austin,fall,154,Stephen F. Austin,WAC,FCS,25.0,25.0,25.0,https://dxbhsrqyrr690.cloudfront.net/sidearm.nextgen.sites/nacda.com/documents/2023/1/13/Jan_12OverallStandings_Update.pdf,2
2022-23,Tennessee State,fall,154,Tennessee State,OVC,FCS,25.0,25.0,25.0,https://dxbhsrqyrr690.cloudfront.net/sidearm.nextgen.sites/nacda.com/documents/2023/1/13/Jan_12OverallStandings_Update.pdf,2
2022-23,Towson,fall,154,Towson,CAA,FCS,25.0,25.0,25.0,https://dxbhsrqyrr690.cloudfront.net/sidearm.nextgen.sites/nacda.com/documents/2023/1/13/Jan_12OverallStandings_Update.pdf,2
2022-23,UC Davis,fall,154,UC Davis,Big West,FCS,25.0,25.0,25.0,https://dxbhsrqyrr690.cloudfront.net/sidearm.nextgen.sites/nacda.com/documents/2023/1/13/Jan_12OverallStandings_Update.pdf,2
2022-23,UC Riverside,fall,154,UC Riverside,Big West,DI,25.0,25.0,25.0,https://dxbhsrqyrr690.cloudfront.net/sidearm.nextgen.sites/nacda.com/documents/2023/1/13/Jan_12OverallStandings_Update.pdf,2
2022-23,UConn,fall,154,UConn,Big East,FBS,25.0,25.0,25.0,https://dxbhsrqyrr690.cloudfront.net/sidearm.nextgen.sites/nacda.com/documents/2023/1/13/Jan_12OverallStandings_Update.pdf,3
2022-23,UMBC,fall,154,UMBC,America East,DI,25.0,25.0,25.0,https://dxbhsrqyrr690.cloudfront.net/sidearm.nextgen.sites/nacda.com/documents/2023/1/13/Jan_12OverallStandings_Update.pdf,3
2022-23,UNLV,fall,154,UNLV,Mountain West,FBS,25.0,25.0,25.0,https://dxbhsrqyrr690.cloudfront.net/sidearm.nextgen.sites/nacda.com/documents/2023/1/13/Jan_12OverallStandings_Update.pdf,3
2022-23,Virginia Tech,fall,154,Virginia Tech,ACC,FBS,25.0,25.0,25.0,https://dxbhsrqyrr690.cloudfront.net/sidearm.nextgen.sites/nacda.com/documents/2023/1/13/Jan_12OverallStandings_Update.pdf,3
2022-23,Wisconsin Milwaukee,fall,154,Wisconsin Milwaukee,Horizon League,DI,25.0,25.0,25.0,https://dxbhsrqyrr690.cloudfront.net/sidearm.nextgen.sites/nacda.com/documents/2023/1/13/Jan_12OverallStandings_Update.pdf,3
2022-23,Wright State,fall,154,Wright State,Horizon League,DI,25.0,25.0,25.0,https://dxbhsrqyrr690.cloudfront.net/sidearm.nextgen.sites/nacda.com/documents/2023/1/13/Jan_12OverallStandings_Update.pdf,3
2022-23,Wyoming,fall,154,Wyoming,Mountain West,FBS,25.0,25.0,25.0,https://dxbhsrqyrr690.cloudfront.net/sidearm.nextgen.sites/nacda.com/documents/2023/1/13/Jan_12OverallStandings_Update.pdf,3
2022-23,Yale,fall,154,Yale,Ivy League,FCS,25.0,25.0,25.0,https://dxbhsrqyrr690.cloudfront.net/sidearm.nextgen.sites/nacda.com/documents/2023/1/13/Jan_12OverallStandings_Update.pdf,3
2022-23,Ohio State,winter,1,Ohio State,Big Ten,FBS,1017.25,704.25,313.0,https://dxbhsrqyrr690.cloudfront.net/sidearm.nextgen.sites/nacda.com/documents/2023/4/21/April21Overall.pdf,1
2022-23,Stanford,winter,2,Stanford,Pac-12,FBS,908.0,578.0,330.0,https://dxbhsrqyrr690.cloudfront.net/sidearm.nextgen.sites/nacda.com/documents/2023/4/21/April21Overall.pdf,1
2022-23,Penn State,winter,3,Penn State,Big Ten,FBS,802.0,493.0,309.0,https://dxbhsrqyrr690.cloudfront.net/sidearm.nextgen.sites/nacda.com/documents/2023/4/21/April21Overall.pdf,1
2022-23,Texas,winter,4,Texas,Big 12,FBS,758.75,460.75,298.0,https://dxbhsrqyrr690.cloudfront.net/sidearm.nextgen.sites/nacda.com/documents/2023/4/21/April21Overall.pdf,1
2022-23,Michigan,winter,5,Michigan,Big Ten,FBS,737.25,502.25,235.0,https://dxbhsrqyrr690.cloudfront.net/sidearm.nextgen.sites/nacda.com/documents/2023/4/21/April21Overall.pdf,1
2022-23,North Carolina,winter,6,North Carolina,ACC,FBS,723.5,341.0,382.5,https://dxbhsrqyrr690.cloudfront.net/sidearm.nextgen.sites/nacda.com/documents/2023/4/21/April21Overall.pdf,1
2022-23,Alabama,winter,7,Alabama,SEC,FBS,695.0,405.0,290.0,https://dxbhsrqyrr690.cloudfront.net/sidearm.nextgen.sites/nacda.com/documents/2023/4/21/April21Overall.pdf,1
2022-23,North Carolina State,winter,8,North Carolina State,ACC,FBS,642.5,426.5,216.0,https://dxbhsrqyrr690.cloudfront.net/sidearm.nextgen.sites/nacda.com/documents/2023/4/21/April21Overall.pdf,1
2022-23,Arkansas,winter,9,Arkansas,SEC,FBS,635.0,363.0,272.0,https://dxbhsrqyrr690.cloudfront.net/sidearm.nextgen.sites/nacda.com/documents/2023/4/21/April21Overall.pdf,1
2022-23,Wisconsin,winter,10,Wisconsin,Big Ten,FBS,624.75,378.25,246.5,https://dxbhsrqyrr690.cloudfront.net/sidearm.nextgen.sites/nacda.com/documents/2023/4/21/April21Overall.pdf,1
2022-23,Tennessee,winter,11,Tennessee,SEC,FBS,610.5,407.0,203.5,https://dxbhsrqyrr690.cloudfront.net/sidearm.nextgen.sites/nacda.com/documents/2023/4/21/April21Overall.pdf,1
2022-23,Virginia,winter,12,Virginia,ACC,FBS,595.5,298.5,297.0,https://dxbhsrqyrr690.cloudfront.net/sidearm.nextgen.sites/nacda.com/documents/2023/4/21/April21Overall.pdf,1
2022-23,Georgia,winter,13,Georgia,SEC,FBS,591.5,391.5,200.0,https://dxbhsrqyrr690.cloudfront.net/sidearm.nextgen.sites/nacda.com/documents/2023/4/21/April21Overall.pdf,1
2022-23,Minnesota,winter,14,Minnesota,Big Ten,FBS,587.0,452.0,135.0,https://dxbhsrqyrr690.cloudfront.net/sidearm.nextgen.sites/nacda.com/documents/2023/4/21/April21Overall.pdf,1
2022-23,LSU,winter,15,LSU,SEC,FBS,576.0,390.0,186.0,https://dxbhsrqyrr690.cloudfront.net/sidearm.nextgen.sites/nacda.com/documents/2023/4/21/April21Overall.pdf,1
2022-23,Kentucky,winter,16,Kentucky,SEC,FBS,570.25,417.25,153.0,https://dxbhsrqyrr690.cloudfront.net/sidearm.nextgen.sites/nacda.com/documents/2023/4/21/April21Overall.pdf,1
2022-23,UCLA,winter,17,UCLA,Pac-12,FBS,554.25,282.25,272.0,https://dxbhsrqyrr690.cloudfront.net/sidearm.nextgen.sites/nacda.com/documents/2023/4/21/April21Overall.pdf,1
2022-23,Notre Dame,winter,18,Notre Dame,ACC,FBS,551.5,290.5,261.0,https://dxbhsrqyrr690.cloudfront.net/sidearm.nextgen.sites/nacda.com/documents/2023/4/21/April21Overall.pdf,1
2022-23,Nebraska,winter,19,Nebraska,Big Ten,FBS,534.75,470.75,64.0,https://dxbhsrqyrr690.cloudfront.net/sidearm.nextgen.sites/nacda.com/documents/2023/4/21/April21Overall.pdf,1
2022-23,Princeton,winter,20,Princeton,Ivy League,FCS,509.0,361.0,148.0,https://dxbhsrqyrr690.cloudfront.net/sidearm.nextgen.sites/nacda.com/documents/2023/4/21/April21Overall.pdf,1
2022-23,Louisville,winter,21,Louisville,ACC,FBS,508.8,295.8,213.0,https://dxbhsrqyrr690.cloudfront.net/sidearm.nextgen.sites/nacda.com/documents/2023/4/21/April21Overall.pdf,1
2022-23,USC,winter,22,USC,Pac-12,FBS,506.5,278.5,228.0,https://dxbhsrqyrr690.cloudfront.net/sidearm.nextgen.sites/nacda.com/documents/2023/4/21/April21Overall.pdf,1
2022-23,Utah,winter,23,Utah,Pac-12,FBS,505.5,375.0,130.5,https://dxbhsrqyrr690.cloudfront.net/sidearm.nextgen.sites/nacda.com/documents/2023/4/21/April21Overall.pdf,1
2022-23,Duke,winter,24,Duke,ACC,FBS,503.8,259.8,244.0,https://dxbhsrqyrr690.cloudfront.net/sidearm.nextgen.sites/nacda.com/documents/2023/4/21/April21Overall.pdf,1
2022-23,Florida,winter,25,Florida,SEC,FBS,491.5,402.5,89.0,https://dxbhsrqyrr690.cloudfront.net/sidearm.nextgen.sites/nacda.com/documents/2023/4/21/April21Overall.pdf,1
2022-23,Pittsburgh,winter,26,Pittsburgh,ACC,FBS,469.0,160.0,309.0,https://dxbhsrqyrr690.cloudfront.net/sidearm.nextgen.sites/nacda.com/documents/2023/4/21/April21Overall.pdf,1
2022-23,BYU,winter,27,BYU,WCC,FBS,463.75,149.25,314.5,https://dxbhsrqyrr690.cloudfront.net/sidearm.nextgen.sites/nacda.com/documents/2023/4/21/April21Overall.pdf,1
2022-23,Washington,winter,28,Washington,Pac-12,FBS,453.25,189.25,264.0,https://dxbhsrqyrr690.cloudfront.net/sidearm.nextgen.sites/nacda.com/documents/2023/4/21/April21Overall.pdf,1
2022-23,Indiana,winter,29,Indiana,Big Ten,FBS,407.5,317.5,90.0,https://dxbhsrqyrr690.cloudfront.net/sidearm.nextgen.sites/nacda.com/documents/2023/4/21/April21Overall.pdf,1
2022-23,Iowa,winter,30,Iowa,Big Ten,FBS,403.0,288.0,115.0,https://dxbhsrqyrr690.cloudfront.net/sidearm.nextgen.sites/nacda.com/documents/2023/4/21/April21Overall.pdf,1
2022-23,Oklahoma State,winter,31,Oklahoma State,Big 12,FBS,400.25,205.25,195.0,https://dxbhsrqyrr690.cloudfront.net/sidearm.nextgen.sites/nacda.com/documents/2023/4/21/April21Overall.pdf,1
2022-23,California,winter,32,California,Pac-12,FBS,397.75,272.75,125.0,https://dxbhsrqyrr690.cloudfront.net/sidearm.nextgen.sites/nacda.com/documents/2023/4/21/April21Overall.pdf,1
2022-23,Northwestern,winter,33,Northwestern,Big Ten,FBS,396.5,198.5,198.0,https://dxbhsrqyrr690.cloudfront.net/sidearm.nextgen.sites/nacda.com/documents/2023/4/21/April21Overall.pdf,1
2022-23,Oklahoma,winter,34,Oklahoma,Big 12,FBS,390.5,365.5,25.0,https://dxbhsrqyrr690.cloudfront.net/sidearm.nextgen.sites/nacda.com/documents/2023/4/21/April21Overall.pdf,1
2022-23,Florida State,winter,35,Florida State,ACC,FBS,387.0,128.5,258.5,https://dxbhsrqyrr690.cloudfront.net/sidearm.nextgen.sites/nacda.com/documents/2023/4/21/April21Overall.pdf,1
2022-23,Maryland,winter,36,Maryland,Big Ten,FBS,384.0,206.0,178.0,https://dxbhsrqyrr690.cloudfront.net/sidearm.nextgen.sites/nacda.com/documents/2023/4/21/April21Overall.pdf,1
2022-23,Syracuse,winter,37,Syracuse,ACC,FBS,376.5,66.0,310.5,https://dxbhsrqyrr690.cloudfront.net/sidearm.nextgen.sites/nacda.com/documents/2023/4/21/April21Overall.pdf,1
2022-23,Ole Miss,winter,38,Ole Miss,SEC,FBS,376.25,275.25,101.0,https://dxbhsrqyrr690.cloudfront.net/sidearm.nextgen.sites/nacda.com/documents/2023/4/21/April21Overall.pdf,1
2022-23,Arizona State,winter,39,Arizona State,Pac-12,FBS,373.75,348.75,25.0,https://dxbhsrqyrr690.cloudfront.net/sidearm.nextgen.sites/nacda.com/documents/2023/4/21/April21Overall.pdf,1
2022-23,South Carolina,winter,40,South Carolina,SEC,FBS,357.3,242.3,115.0,https://dxbhsrqyrr690.cloudfront.net/sidearm.nextgen.sites/nacda.com/documents/2023/4/21/April21Overall.pdf,1
2022-23,Harvard,winter,41,Harvard,Ivy League,FCS,355.5,222.5,133.0,https://dxbhsrqyrr690.cloudfront.net/sidearm.nextgen.sites/nacda.com/documents/2023/4/21/April21Overall.pdf,1
2022-23,Air Force,winter,42,Air Force,Mountain West,FBS,350.0,233.0,117.0,https://dxbhsrqyrr690.cloudfront.net/sidearm.nextgen.sites/nacda.com/documents/2023/4/21/April21Overall.pdf,1
2022-23,Virginia Tech,winter,43,Virginia Tech,ACC,FBS,345.5,320.5,25.0,https://dxbhsrqyrr690.cloudfront.net/sidearm.nextgen.sites/nacda.com/documents/2023/4/21/April21Overall.pdf,1
2022-23,TCU,winter,44,TCU,Big 12,FBS,344.0,140.0,204.0,https://dxbhsrqyrr690.cloudfront.net/sidearm.nextgen.sites/nacda.com/documents/2023/4/21/April21Overall.pdf,1
2022-23,Oregon,winter,45,Oregon,Pac-12,FBS,340.75,89.25,251.5,https://dxbhsrqyrr690.cloudfront.net/sidearm.nextgen.sites/nacda.com/documents/2023/4/21/April21Overall.pdf,1
2022-23,West Virginia,winter,46,West Virginia,Big 12,FBS,339.0,242.0,97.0,https://dxbhsrqyrr690.cloudfront.net/sidearm.nextgen.sites/nacda.com/documents/2023/4/21/April21Overall.pdf,1
2022-23,Michigan State,winter,47,Michigan State,Big Ten,FBS,334.75,203.75,131.0,https://dxbhsrqyrr690.cloudfront.net/sidearm.nextgen.sites/nacda.com/documents/2023/4/21/April21Overall.pdf,1
2022-23,Auburn,winter,48,Auburn,SEC,FBS,330.5,253.5,77.0,https://dxbhsrqyrr690.cloudfront.net/sidearm.nextgen.sites/nacda.com/documents/2023/4/21/April21Overall.pdf,1
2022-23,Missouri,winter,49,Missouri,SEC,FBS,327.5,302.5,25.0,https://dxbhsrqyrr690.cloudfront.net/sidearm.nextgen.sites/nacda.com/documents/2023/4/21/April21Overall.pdf,1
2022-23,Miami (FL),winter,50,Miami (FL),ACC,FBS,318.5,293.5,25.0,https://dxbhsrqyrr690.cloudfront.net/sidearm.nextgen.sites/nacda.com/documents/2023/4/21/April21Overall.pdf,1
2022-23,Colorado,winter,51,Colorado,Pac-12,FBS,315.5,154.0,161.5,https://dxbhsrqyrr690.cloudfront.net/sidearm.nextgen.sites/nacda.com/documents/2023/4/21/April21Overall.pdf,1
2022-23,Illinois,winter,52,Illinois,Big Ten,FBS,303.5,278.5,25.0,https://dxbhsrqyrr690.cloudfront.net/sidearm.nextgen.sites/nacda.com/documents/2023/4/21/April21Overall.pdf,1
2022-23,Arizona,winter,53,Arizona,Pac-12,FBS,295.3,295.3,0.0,https://dxbhsrqyrr690.cloudfront.net/sidearm.nextgen.sites/nacda.com/documents/2023/4/21/April21Overall.pdf,1
2022-23,Northern Arizona,winter,54,Northern Arizona,Big Sky,FCS,285.75,87.25,198.5,https://dxbhsrqyrr690.cloudfront.net/sidearm.nextgen.sites/nacda.com/documents/2023/4/21/April21Overall.pdf,1
2022-23,Texas A&M,winter,55,Texas A&M,SEC,FBS,274.25,196.25,78.0,https://dxbhsrqyrr690.cloudfront.net/sidearm.nextgen.sites/nacda.com/documents/2023/4/21/April21Overall.pdf,1
2022-23,Oregon State,winter,56,Oregon State,Pac-12,FBS,262.75,105.75,157.0,https://dxbhsrqyrr690.cloudfront.net/sidearm.nextgen.sites/nacda.com/documents/2023/4/21/April21Overall.pdf,1
2022-23,Cornell,winter,57,Cornell,Ivy League,FCS,260.0,169.0,91.0,https://dxbhsrqyrr690.cloudfront.net/sidearm.nextgen.sites/nacda.com/documents/2023/4/21/April21Overall.pdf,1
2022-23,Georgetown,winter,58,Georgetown,Big East,FCS,249.0,38.5,210.5,https://dxbhsrqyrr690.cloudfront.net/sidearm.nextgen.sites/nacda.com/documents/2023/4/21/April21Overall.pdf,1
2022-23,Baylor,winter,59,Baylor,Big 12,FBS,246.0,157.0,89.0,https://dxbhsrqyrr690.cloudfront.net/sidearm.nextgen.sites/nacda.com/documents/2023/4/21/April21Overall.pdf,1
2022-23,Purdue,winter,60,Purdue,Big Ten,FBS,238.5,163.5,75.0,https://dxbhsrqyrr690.cloudfront.net/sidearm.nextgen.sites/nacda.com/documents/2023/4/21/April21Overall.pdf,1
2022-23,Clemson,winter,61,Clemson,ACC,FBS,238.0,98.5,139.5,https://dxbhsrqyrr690.cloudfront.net/sidearm.nextgen.sites/nacda.com/documents/2023/4/21/April21Overall.pdf,1
2022-23,Quinnipiac,winter,62,Quinnipiac,MAAC,DI,235.0,160.0,75.0,https://dxbhsrqyrr690.cloudfront.net/sidearm.nextgen.sites/nacda.com/documents/2023/4/21/April21Overall.pdf,1
2022-23,Denver,winter,63,Denver,Summit,DI,231.25,181.25,50.0,https://dxbhsrqyrr690.cloudfront.net/sidearm.nextgen.sites/nacda.com/documents/2023/4/21/April21Overall.pdf,1
2022-23,Kansas,winter,64,Kansas,Big 12,FBS,229.5,154.5,75.0,https://dxbhsrqyrr690.cloudfront.net/sidearm.nextgen.sites/nacda.com/documents/2023/4/21/April21Overall.pdf,1
2022-23,Montana State,winter,65,Montana State,Big Sky,FCS,229.0,97.0,132.0,https://dxbhsrqyrr690.cloudfront.net/sidearm.nextgen.sites/nacda.com/documents/2023/4/21/April21Overall.pdf,1
2022-23,Pennsylvania,winter,66,Pennsylvania,Ivy League,FCS,226.0,150.0,76.0,https://dxbhsrqyrr690.cloudfront.net/sidearm.nextgen.sites/nacda.com/documents/2023/4/21/April21Overall.pdf,1
2022-23,Wake Forest,winter,67,Wake Forest,ACC,FBS,223.0,0.0,223.0,https://dxbhsrqyrr690.cloudfront.net/sidearm.nextgen.sites/nacda.com/documents/2023/4/21/April21Overall.pdf,1
2022-23,Iowa State,winter,68,Iowa State,Big 12,FBS,219.0,116.0,103.0,https://dxbhsrqyrr690.cloudfront.net/sidearm.nextgen.sites/nacda.com/documents/2023/4/21/April21Overall.pdf,1
2022-23,Mississippi State,winter,69,Mississippi State,SEC,FBS,214.0,109.0,105.0,https://dxbhsrqyrr690.cloudfront.net/sidearm.nextgen.sites/nacda.com/documents/2023/4/21/April21Overall.pdf,1
2022-23,South Dakota State,winter,70,South Dakota State,Summit,FCS,211.5,111.5,100.0,https://dxbhsrqyrr690.cloudfront.net/sidearm.nextgen.sites/nacda.com/documents/2023/4/21/April21Overall.pdf,1
2022-23,Creighton,winter,71,Creighton,Big East,DI,206.0,98.0,108.0,https://dxbhsrqyrr690.cloudfront.net/sidearm.nextgen.sites/nacda.com/documents/2023/4/21/April21Overall.pdf,1
2022-23,Houston,winter,72,Houston,American,FBS,205.0,96.0,109.0,https://dxbhsrqyrr690.cloudfront.net/sidearm.nextgen.sites/nacda.com/documents/2023/4/21/April21Overall.pdf,2
2022-23,Vermont,winter,73,Vermont,America East,DI,203.0,130.0,73.0,https://dxbhsrqyrr690.cloudfront.net/sidearm.nextgen.sites/nacda.com/documents/2023/4/21/April21Overall.pdf,2
2022-23,New Hampshire,winter,74,New Hampshire,America East,FCS,194.0,66.0,128.0,https://dxbhsrqyrr690.cloudfront.net/sidearm.nextgen.sites/nacda.com/documents/2023/4/21/April21Overall.pdf,2
2022-23,Columbia,winter,75,Columbia,Ivy League,FCS,191.5,165.5,26.0,https://dxbhsrqyrr690.cloudfront.net/sidearm.nextgen.sites/nacda.com/documents/2023/4/21/April21Overall.pdf,2
2022-23,UConn,winter,76,UConn,Big East,FBS,189.0,164.0,25.0,https://dxbhsrqyrr690.cloudfront.net/sidearm.nextgen.sites/nacda.com/documents/2023/4/21/April21Overall.pdf,2
2022-23,Vanderbilt,winter,77,Vanderbilt,SEC,FBS,184.0,134.0,50.0,https://dxbhsrqyrr690.cloudfront.net/sidearm.nextgen.sites/nacda.com/documents/2023/4/21/April21Overall.pdf,2
2022-23,Fairleigh Dickinson,winter,78,Fairleigh Dickinson,Northeast,DI,169.0,94.0,75.0,https://dxbhsrqyrr690.cloudfront.net/sidearm.nextgen.sites/nacda.com/documents/2023/4/21/April21Overall.pdf,2
2022-23,Texas Tech,winter,79,Texas Tech,Big 12,FBS,168.5,123.5,45.0,https://dxbhsrqyrr690.cloudfront.net/sidearm.nextgen.sites/nacda.com/documents/2023/4/21/April21Overall.pdf,2
2022-23,Gonzaga,winter,80,Gonzaga,WCC,DI,161.0,98.0,63.0,https://dxbhsrqyrr690.cloudfront.net/sidearm.nextgen.sites/nacda.com/documents/2023/4/21/April21Overall.pdf,2
2022-23,Memphis,winter,81,Memphis,American,FBS,159.0,25.0,134.0,https://dxbhsrqyrr690.cloudfront.net/sidearm.nextgen.sites/nacda.com/documents/2023/4/21/April21Overall.pdf,2
2022-23,South Florida,winter,82,South Florida,American,FBS,149.0,99.0,50.0,https://dxbhsrqyrr690.cloudfront.net/sidearm.nextgen.sites/nacda.com/documents/2023/4/21/April21Overall.pdf,2
2022-23,Portland,winter,83,Portland,WCC,DI,148.0,25.0,123.0,https://dxbhsrqyrr690.cloudfront.net/sidearm.nextgen.sites/nacda.com/documents/2023/4/21/April21Overall.pdf,2
2022-23,Yale,winter,84,Yale,Ivy League,FCS,145.0,120.0,25.0,https://dxbhsrqyrr690.cloudfront.net/sidearm.nextgen.sites/nacda.com/documents/2023/4/21/April21Overall.pdf,2
2022-23,Western Michigan,winter,85,Western Michigan,MAC,FBS,142.5,78.5,64.0,https://dxbhsrqyrr690.cloudfront.net/sidearm.nextgen.sites/nacda.com/documents/2023/4/21/April21Overall.pdf,2
2022-23,Toledo,winter,86,Toledo,MAC,FBS,141.0,50.0,91.0,https://dxbhsrqyrr690.cloudfront.net/sidearm.nextgen.sites/nacda.com/documents/2023/4/21/April21Overall.pdf,2
2022-23,North Dakota State,winter,87,North Dakota State,Summit,FCS,140.0,50.0,90.0,https://dxbhsrqyrr690.cloudfront.net/sidearm.nextgen.sites/nacda.com/documents/2023/4/21/April21Overall.pdf,2
2022-23,Marquette,winter,88,Marquette,Big East,DI,139.0,75.0,64.0,https://dxbhsrqyrr690.cloudfront.net/sidearm.nextgen.sites/nacda.com/documents/2023/4/21/April21Overall.pdf,2
2022-23,Colgate,winter,89,Colgate,Patriot,FCS,135.0,110.0,25.0,https://dxbhsrqyrr690.cloudfront.net/sidearm.nextgen.sites/nacda.com/documents/2023/4/21/April21Overall.pdf,2
2022-23,Kansas State,winter,90,Kansas State,Big 12,FBS,134.5,73.0,61.5,https://dxbhsrqyrr690.cloudfront.net/sidearm.nextgen.sites/nacda.com/documents/2023/4/21/April21Overall.pdf,2
2022-23,Tulsa,winter,91,Tulsa,American,FBS,133.0,0.0,133.0,https://dxbhsrqyrr690.cloudfront.net/sidearm.nextgen.sites/nacda.com/documents/2023/4/21/April21Overall.pdf,2
2022-23,Furman,winter,92,Furman,SoCon,FCS,129.0,50.0,79.0,https://dxbhsrqyrr690.cloudfront.net/sidearm.nextgen.sites/nacda.com/documents/2023/4/21/April21Overall.pdf,2
2022-23,UCF,winter,93,UCF,American,FBS,125.0,0.0,125.0,https://dxbhsrqyrr690.cloudfront.net/sidearm.nextgen.sites/nacda.com/documents/2023/4/21/April21Overall.pdf,2
2022-23,Tulane,winter,94,Tulane,American,FBS,123.8,27.8,96.0,https://dxbhsrqyrr690.cloudfront.net/sidearm.nextgen.sites/nacda.com/documents/2023/4/21/April21Overall.pdf,2
2022-23,Utah State,winter,95,Utah State,Mountain West,FBS,123.0,25.0,98.0,https://dxbhsrqyrr690.cloudfront.net/sidearm.nextgen.sites/nacda.com/documents/2023/4/21/April21Overall.pdf,2
2022-23,Samford,winter,96,Samford,SoCon,FCS,120.0,0.0,120.0,https://dxbhsrqyrr690.cloudfront.net/sidearm.nextgen.sites/nacda.com/documents/2023/4/21/April21Overall.pdf,2
2022-23,Villanova,winter,97,Villanova,Big East,FCS,119.0,64.0,55.0,https://dxbhsrqyrr690.cloudfront.net/sidearm.nextgen.sites/nacda.com/documents/2023/4/21/April21Overall.pdf,2
2022-23,Miami (OH),winter,98,Miami (OH),MAC,FBS,118.0,40.0,78.0,https://dxbhsrqyrr690.cloudfront.net/sidearm.nextgen.sites/nacda.com/documents/2023/4/21/April21Overall.pdf,2
2022-23,New Mexico,winter,99,New Mexico,Mountain West,FBS,117.8,27.8,90.0,https://dxbhsrqyrr690.cloudfront.net/sidearm.nextgen.sites/nacda.com/documents/2023/4/21/April21Overall.pdf,2
2022-23,Arkansas State,winter,100,Arkansas State,Sun Belt,FBS,117.0,90.0,27.0,https://dxbhsrqyrr690.cloudfront.net/sidearm.nextgen.sites/nacda.com/documents/2023/4/21/April21Overall.pdf,2
2022-23,Boise State,winter,101,Boise State,Mountain West,FBS,115.5,70.5,45.0,https://dxbhsrqyrr690.cloudfront.net/sidearm.nextgen.sites/nacda.com/documents/2023/4/21/April21Overall.pdf,2
2022-23,San Diego State,winter,102,San Diego State,Mountain West,FBS,115.0,90.0,25.0,https://dxbhsrqyrr690.cloudfront.net/sidearm.nextgen.sites/nacda.com/documents/2023/4/21/April21Overall.pdf,2
2022-23,Xavier,winter,103,Xavier,Big East,DI,114.0,64.0,50.0,https://dxbhsrqyrr690.cloudfront.net/sidearm.nextgen.sites/nacda.com/documents/2023/4/21/April21Overall.pdf,2
2022-23,Georgia Tech,winter,104,Georgia Tech,ACC,FBS,113.0,63.0,50.0,https://dxbhsrqyrr690.cloudfront.net/sidearm.nextgen.sites/nacda.com/documents/2023/4/21/April21Overall.pdf,2
2022-23,Stephen F. Austin,winter,105,Stephen F. Austin,WAC,FCS,112.8,87.8,25.0,https://dxbhsrqyrr690.cloudfront.net/sidearm.nextgen.sites/nacda.com/documents/2023/4/21/April21Overall.pdf,2
2022-23,Kennesaw State,winter,106,Kennesaw State,ASUN,FCS,112.5,112.5,0.0,https://dxbhsrqyrr690.cloudfront.net/sidearm.nextgen.sites/nacda.com/documents/2023/4/21/April21Overall.pdf,2
2022-23,Providence,winter,107,Providence,Big East,DI,110.5,25.0,85.5,https://dxbhsrqyrr690.cloudfront.net/sidearm.nextgen.sites/nacda.com/documents/2023/4/21/April21Overall.pdf,2
2022-23,Incarnate Word,winter,108,Incarnate Word,Southland,FCS,109.0,26.0,83.0,https://dxbhsrqyrr690.cloudfront.net/sidearm.nextgen.sites/nacda.com/documents/2023/4/21/April21Overall.pdf,2
2022-23,Marshall,winter,108,Marshall,Sun Belt,FBS,109.0,0.0,109.0,https://dxbhsrqyrr690.cloudfront.net/sidearm.nextgen.sites/nacda.com/documents/2023/4/21/April21Overall.pdf,2
2022-23,Northeastern,winter,108,Northeastern,CAA,DI,109.0,83.0,26.0,https://dxbhsrqyrr690.cloudfront.net/sidearm.nextgen.sites/nacda.com/documents/2023/4/21/April21Overall.pdf,2
2022-23,San Diego,winter,111,San Diego,WCC,FCS,108.0,0.0,108.0,https://dxbhsrqyrr690.cloudfront.net/sidearm.nextgen.sites/nacda.com/documents/2023/4/21/April21Overall.pdf,2
2022-23,Northern Iowa,winter,112,Northern Iowa,Missouri Valley,FCS,107.75,57.75,50.0,https://dxbhsrqyrr690.cloudfront.net/sidearm.nextgen.sites/nacda.com/documents/2023/4/21/April21Overall.pdf,2
2022-23,Delaware,winter,113,Delaware,CAA,FCS,106.0,0.0,106.0,https://dxbhsrqyrr690.cloudfront.net/sidearm.nextgen.sites/nacda.com/documents/2023/4/21/April21Overall.pdf,2
2022-23,Utah Valley,winter,113,Utah Valley,WAC,DI,106.0,33.0,73.0,https://dxbhsrqyrr690.cloudfront.net/sidearm.nextgen.sites/nacda.com/documents/2023/4/21/April21Overall.pdf,2
2022-23,Southeastern Louisiana,winter,115,Southeastern Louisiana,Southland,FCS,103.0,25.0,78.0,https://dxbhsrqyrr690.cloudfront.net/sidearm.nextgen.sites/nacda.com/documents/2023/4/21/April21Overall.pdf,2
2022-23,High Point,winter,116,High Point,Big South,DI,102.8,27.8,75.0,https://dxbhsrqyrr690.cloudfront.net/sidearm.nextgen.sites/nacda.com/documents/2023/4/21/April21Overall.pdf,2
2022-23,Rice,winter,116,Rice,Conference USA,FBS,102.8,27.8,75.0,https://dxbhsrqyrr690.cloudfront.net/sidearm.nextgen.sites/nacda.com/documents/2023/4/21/April21Overall.pdf,2
2022-23,SMU,winter,118,SMU,American,FBS,101.0,0.0,101.0,https://dxbhsrqyrr690.cloudfront.net/sidearm.nextgen.sites/nacda.com/documents/2023/4/21/April21Overall.pdf,2
2022-23,Ball State,winter,119,Ball State,MAC,FBS,100.5,75.5,25.0,https://dxbhsrqyrr690.cloudfront.net/sidearm.nextgen.sites/nacda.com/documents/2023/4/21/April21Overall.pdf,2
2022-23,Florida Gulf Coast,winter,120,Florida Gulf Coast,ASUN,DI,100.0,50.0,50.0,https://dxbhsrqyrr690.cloudfront.net/sidearm.nextgen.sites/nacda.com/documents/2023/4/21/April21Overall.pdf,2
2022-23,Northern Colorado,winter,120,Northern Colorado,Big Sky,FCS,100.0,75.0,25.0,https://dxbhsrqyrr690.cloudfront.net/sidearm.nextgen.sites/nacda.com/documents/2023/4/21/April21Overall.pdf,2
2022-23,Saint Louis,winter,120,Saint Louis,Atlantic 10,DI,100.0,25.0,75.0,https://dxbhsrqyrr690.cloudfront.net/sidearm.nextgen.sites/nacda.com/documents/2023/4/21/April21Overall.pdf,2
2022-23,Washington State,winter,120,Washington State,Pac-12,FBS,100.0,25.0,75.0,https://dxbhsrqyrr690.cloudfront.net/sidearm.nextgen.sites/nacda.com/documents/2023/4/21/April21Overall.pdf,2
2022-23,California Baptist,winter,124,California Baptist,WAC,DI,97.0,0.0,97.0,https://dxbhsrqyrr690.cloudfront.net/sidearm.nextgen.sites/nacda.com/documents/2023/4/21/April21Overall.pdf,2
2022-23,Colorado State,winter,125,Colorado State,Mountain West,FBS,95.0,0.0,95.0,https://dxbhsrqyrr690.cloudfront.net/sidearm.nextgen.sites/nacda.com/documents/2023/4/21/April21Overall.pdf,2
2022-23,Holy Cross,winter,125,Holy Cross,Patriot,FCS,95.0,25.0,70.0,https://dxbhsrqyrr690.cloudfront.net/sidearm.nextgen.sites/nacda.com/documents/2023/4/21/April21Overall.pdf,2
2022-23,Sacramento State,winter,125,Sacramento State,Big Sky,FCS,95.0,25.0,70.0,https://dxbhsrqyrr690.cloudfront.net/sidearm.nextgen.sites/nacda.com/documents/2023/4/21/April21Overall.pdf,2
2022-23,Towson,winter,125,Towson,CAA,FCS,95.0,70.0,25.0,https://dxbhsrqyrr690.cloudfront.net/sidearm.nextgen.sites/nacda.com/documents/2023/4/21/April21Overall.pdf,2
2022-23,Western Kentucky,winter,125,Western Kentucky,Conference USA,FBS,95.0,0.0,95.0,https://dxbhsrqyrr690.cloudfront.net/sidearm.nextgen.sites/nacda.com/documents/2023/4/21/April21Overall.pdf,2
2022-23,Drake,winter,130,Drake,Missouri Valley,FCS,94.0,94.0,0.0,https://dxbhsrqyrr690.cloudfront.net/sidearm.nextgen.sites/nacda.com/documents/2023/4/21/April21Overall.pdf,2
2022-23,FIU,winter,130,FIU,Conference USA,FBS,94.0,30.0,64.0,https://dxbhsrqyrr690.cloudfront.net/sidearm.nextgen.sites/nacda.com/documents/2023/4/21/April21Overall.pdf,2
2022-23,Gardner-Webb,winter,130,Gardner-Webb,Big South,FCS,94.0,41.0,53.0,https://dxbhsrqyrr690.cloudfront.net/sidearm.nextgen.sites/nacda.com/documents/2023/4/21/April21Overall.pdf,2
2022-23,St. John's (NY),winter,130,St. John's (NY),Big East,DI,94.0,94.0,0.0,https://dxbhsrqyrr690.cloudfront.net/sidearm.nextgen.sites/nacda.com/documents/2023/4/21/April21Overall.pdf,2
2022-23,UNLV,winter,130,UNLV,Mountain West,FBS,94.0,69.0,25.0,https://dxbhsrqyrr690.cloudfront.net/sidearm.nextgen.sites/nacda.com/documents/2023/4/21/April21Overall.pdf,2
2022-23,Hawaii,winter,135,Hawaii,Big West,FBS,93.0,68.0,25.0,https://dxbhsrqyrr690.cloudfront.net/sidearm.nextgen.sites/nacda.com/documents/2023/4/21/April21Overall.pdf,2
2022-23,Rutgers,winter,136,Rutgers,Big Ten,FBS,89.5,39.5,50.0,https://dxbhsrqyrr690.cloudfront.net/sidearm.nextgen.sites/nacda.com/documents/2023/4/21/April21Overall.pdf,2
2022-23,Buffalo,winter,137,Buffalo,MAC,FBS,86.0,16.0,70.0,https://dxbhsrqyrr690.cloudfront.net/sidearm.nextgen.sites/nacda.com/documents/2023/4/21/April21Overall.pdf,2
2022-23,Akron,winter,138,Akron,MAC,FBS,83.0,33.0,50.0,https://dxbhsrqyrr690.cloudfront.net/sidearm.nextgen.sites/nacda.com/documents/2023/4/21/April21Overall.pdf,2
2022-23,Boston University,winter,138,Boston University,Patriot,DI,83.0,83.0,0.0,https://dxbhsrqyrr690.cloudfront.net/sidearm.nextgen.sites/nacda.com/documents/2023/4/21/April21Overall.pdf,2
2022-23,FAU,winter,138,FAU,Conference USA,FBS,83.0,83.0,0.0,https://dxbhsrqyrr690.cloudfront.net/sidearm.nextgen.sites/nacda.com/documents/2023/4/21/April21Overall.pdf,2
2022-23,Navy,winter,141,Navy,Patriot,FBS,80.5,55.5,25.0,https://dxbhsrqyrr690.cloudfront.net/sidearm.nextgen.sites/nacda.com/documents/2023/4/21/April21Overall.pdf,2
2022-23,Lehigh,winter,142,Lehigh,Patriot,FCS,78.5,53.5,25.0,https://dxbhsrqyrr690.cloudfront.net/sidearm.nextgen.sites/nacda.com/documents/2023/4/21/April21Overall.pdf,2
2022-23,Southern Utah,winter,142,Southern Utah,WAC,FCS,78.5,78.5,0.0,https://dxbhsrqyrr690.cloudfront.net/sidearm.nextgen.sites/nacda.com/documents/2023/4/21/April21Overall.pdf,3
2022-23,Brown,winter,144,Brown,Ivy League,FCS,78.0,28.0,50.0,https://dxbhsrqyrr690.cloudfront.net/sidearm.nextgen.sites/nacda.com/documents/2023/4/21/April21Overall.pdf,3
2022-23,Liberty,winter,144,Liberty,ASUN,FBS,78.0,0.0,78.0,https://dxbhsrqyrr690.cloudfront.net/sidearm.nextgen.sites/nacda.com/documents/2023/4/21/April21Overall.pdf,3
2022-23,San Jose State,winter,146,San Jose State,Mountain West,FBS,77.8,27.8,50.0,https://dxbhsrqyrr690.cloudfront.net/sidearm.nextgen.sites/nacda.com/documents/2023/4/21/April21Overall.pdf,3
2022-23,Butler,winter,147,Butler,Big East,FCS,77.0,24.0,53.0,https://dxbhsrqyrr690.cloudfront.net/sidearm.nextgen.sites/nacda.com/documents/2023/4/21/April21Overall.pdf,3
2022-23,Iona,winter,147,Iona,MAAC,DI,77.0,50.0,27.0,https://dxbhsrqyrr690.cloudfront.net/sidearm.nextgen.sites/nacda.com/documents/2023/4/21/April21Overall.pdf,3
2022-23,Lipscomb,winter,149,Lipscomb,ASUN,DI,76.0,0.0,76.0,https://dxbhsrqyrr690.cloudfront.net/sidearm.nextgen.sites/nacda.com/documents/2023/4/21/April21Overall.pdf,3
2022-23,Nevada,winter,149,Nevada,Mountain West,FBS,76.0,76.0,0.0,https://dxbhsrqyrr690.cloudfront.net/sidearm.nextgen.sites/nacda.com/documents/2023/4/21/April21Overall.pdf,3
2022-23,Dartmouth,winter,151,Dartmouth,Ivy League,FCS,75.0,75.0,0.0,https://dxbhsrqyrr690.cloudfront.net/sidearm.nextgen.sites/nacda.com/documents/2023/4/21/April21Overall.pdf,3
2022-23,North Carolina Greensboro,winter,152,North Carolina Greensboro,SoCon,DI,73.0,0.0,73.0,https://dxbhsrqyrr690.cloudfront.net/sidearm.nextgen.sites/nacda.com/documents/2023/4/21/April21Overall.pdf,3
2022-23,South Dakota,winter,153,South Dakota,Summit,FCS,70.5,45.5,25.0,https://dxbhsrqyrr690.cloudfront.net/sidearm.nextgen.sites/nacda.com/documents/2023/4/21/April21Overall.pdf,3
2022-23,Albany,winter,154,Albany,America East,FCS,70.0,0.0,70.0,https://dxbhsrqyrr690.cloudfront.net/sidearm.nextgen.sites/nacda.com/documents/2023/4/21/April21Overall.pdf,3
2022-23,East Carolina,winter,154,East Carolina,American,FBS,70.0,25.0,45.0,https://dxbhsrqyrr690.cloudfront.net/sidearm.nextgen.sites/nacda.com/documents/2023/4/21/April21Overall.pdf,3
2022-23,LIU Brooklyn,winter,154,LIU Brooklyn,Northeast,DI,70.0,70.0,0.0,https://dxbhsrqyrr690.cloudfront.net/sidearm.nextgen.sites/nacda.com/documents/2023/4/21/April21Overall.pdf,3
2022-23,Middle Tennessee State,winter,154,Middle Tennessee State,Conference USA,FBS,70.0,25.0,45.0,https://dxbhsrqyrr690.cloudfront.net/sidearm.nextgen.sites/nacda.com/documents/2023/4/21/April21Overall.pdf,3
2022-23,New Mexico State,winter,154,New Mexico State,WAC,FBS,70.0,0.0,70.0,https://dxbhsrqyrr690.cloudfront.net/sidearm.nextgen.sites/nacda.com/documents/2023/4/21/April21Overall.pdf,3
2022-23,Saint Joseph's,winter,154,Saint Joseph's,Atlantic 10,DI,70.0,0.0,70.0,https://dxbhsrqyrr690.cloudfront.net/sidearm.nextgen.sites/nacda.com/documents/2023/4/21/April21Overall.pdf,3
2022-23,William & Mary,winter,154,William & Mary,CAA,FCS,70.0,0.0,70.0,https://dxbhsrqyrr690.cloudfront.net/sidearm.nextgen.sites/nacda.com/documents/2023/4/21/April21Overall.pdf,3
2022-23,Eastern Michigan,winter,161,Eastern Michigan,MAC,FBS,69.0,24.0,45.0,https://dxbhsrqyrr690.cloudfront.net/sidearm.nextgen.sites/nacda.com/documents/2023/4/21/April21Overall.pdf,3
2022-23,Sacred Heart,winter,162,Sacred Heart,Northeast,FCS,67.5,67.5,0.0,https://dxbhsrqyrr690.cloudfront.net/sidearm.nextgen.sites/nacda.com/documents/2023/4/21/April21Overall.pdf,3
2022-23,Rider,winter,163,Rider,MAAC,DI,66.0,41.0,25.0,https://dxbhsrqyrr690.cloudfront.net/sidearm.nextgen.sites/nacda.com/documents/2023/4/21/April21Overall.pdf,3
2022-23,UC Irvine,winter,164,UC Irvine,Big West,DI,64.0,0.0,64.0,https://dxbhsrqyrr690.cloudfront.net/sidearm.nextgen.sites/nacda.com/documents/2023/4/21/April21Overall.pdf,3
2022-23,South Alabama,winter,165,South Alabama,Sun Belt,FBS,60.5,35.5,25.0,https://dxbhsrqyrr690.cloudfront.net/sidearm.nextgen.sites/nacda.com/documents/2023/4/21/April21Overall.pdf,3
2022-23,North Carolina A&T State,winter,166,North Carolina A&T State,CAA,FCS,60.0,60.0,0.0,https://dxbhsrqyrr690.cloudfront.net/sidearm.nextgen.sites/nacda.com/documents/2023/4/21/April21Overall.pdf,3
2022-23,Sam Houston State,winter,166,Sam Houston State,WAC,FCS,60.0,60.0,0.0,https://dxbhsrqyrr690.cloudfront.net/sidearm.nextgen.sites/nacda.com/documents/2023/4/21/April21Overall.pdf,3
2022-23,Youngstown State,winter,166,Youngstown State,Horizon League,FCS,60.0,60.0,0.0,https://dxbhsrqyrr690.cloudfront.net/sidearm.nextgen.sites/nacda.com/documents/2023/4/21/April21Overall.pdf,3
2022-23,Pacific,winter,169,Pacific,WCC,DI,55.0,0.0,55.0,https://dxbhsrqyrr690.cloudfront.net/sidearm.nextgen.sites/nacda.com/documents/2023/4/21/April21Overall.pdf,3
2022-23,Tennessee Chattanooga,winter,170,Tennessee Chattanooga,SoCon,FCS,54.0,54.0,0.0,https://dxbhsrqyrr690.cloudfront.net/sidearm.nextgen.sites/nacda.com/documents/2023/4/21/April21Overall.pdf,3
2022-23,Troy,winter,170,Troy,Sun Belt,FBS,54.0,0.0,54.0,https://dxbhsrqyrr690.cloudfront.net/sidearm.nextgen.sites/nacda.com/documents/2023/4/21/April21Overall.pdf,3
2022-23,Bradley,winter,172,Bradley,Missouri Valley,DI,53.8,27.8,26.0,https://dxbhsrqyrr690.cloudfront.net/sidearm.nextgen.sites/nacda.com/documents/2023/4/21/April21Overall.pdf,3
2022-23,Montana,winter,173,Montana,Big Sky,FCS,53.0,0.0,53.0,https://dxbhsrqyrr690.cloudfront.net/sidearm.nextgen.sites/nacda.com/documents/2023/4/21/April21Overall.pdf,3
2022-23,Richmond,winter,173,Richmond,Atlantic 10,FCS,53.0,0.0,53.0,https://dxbhsrqyrr690.cloudfront.net/sidearm.nextgen.sites/nacda.com/documents/2023/4/21/April21Overall.pdf,3
2022-23,Weber State,winter,173,Weber State,Big Sky,FCS,53.0,0.0,53.0,https://dxbhsrqyrr690.cloudfront.net/sidearm.nextgen.sites/nacda.com/documents/2023/4/21/April21Overall.pdf,3
2022-23,Cincinnati,winter,176,Cincinnati,American,FBS,52.5,27.5,25.0,https://dxbhsrqyrr690.cloudfront.net/sidearm.nextgen.sites/nacda.com/documents/2023/4/21/April21Overall.pdf,3
2022-23,Loyola Chicago,winter,177,Loyola Chicago,Atlantic 10,DI,52.0,0.0,52.0,https://dxbhsrqyrr690.cloudfront.net/sidearm.nextgen.sites/nacda.com/documents/2023/4/21/April21Overall.pdf,3
2022-23,SIU Edwardsville,winter,177,SIU Edwardsville,OVC,DI,52.0,27.0,25.0,https://dxbhsrqyrr690.cloudfront.net/sidearm.nextgen.sites/nacda.com/documents/2023/4/21/April21Overall.pdf,3
2022-23,Bowling Green,winter,179,Bowling Green,MAC,FBS,50.0,0.0,50.0,https://dxbhsrqyrr690.cloudfront.net/sidearm.nextgen.sites/nacda.com/documents/2023/4/21/April21Overall.pdf,3
2022-23,Cleveland State,winter,179,Cleveland State,Horizon League,DI,50.0,25.0,25.0,https://dxbhsrqyrr690.cloudfront.net/sidearm.nextgen.sites/nacda.com/documents/2023/4/21/April21Overall.pdf,3
2022-23,Elon,winter,179,Elon,CAA,FCS,50.0,0.0,50.0,https://dxbhsrqyrr690.cloudfront.net/sidearm.nextgen.sites/nacda.com/documents/2023/4/21/April21Overall.pdf,3
2022-23,Fordham,winter,179,Fordham,Atlantic 10,FCS,50.0,0.0,50.0,https://dxbhsrqyrr690.cloudfront.net/sidearm.nextgen.sites/nacda.com/documents/2023/4/21/April21Overall.pdf,3
2022-23,Fresno State,winter,179,Fresno State,Mountain West,FBS,50.0,0.0,50.0,https://dxbhsrqyrr690.cloudfront.net/sidearm.nextgen.sites/nacda.com/documents/2023/4/21/April21Overall.pdf,3
2022-23,Hofstra,winter,179,Hofstra,CAA,DI,50.0,0.0,50.0,https://dxbhsrqyrr690.cloudfront.net/sidearm.nextgen.sites/nacda.com/documents/2023/4/21/April21Overall.pdf,3
2022-23,James Madison,winter,179,James Madison,Sun Belt,FCS,50.0,25.0,25.0,https://dxbhsrqyrr690.cloudfront.net/sidearm.nextgen.sites/nacda.com/documents/2023/4/21/April21Overall.pdf,3
2022-23,Louisiana,winter,179,Louisiana,Sun Belt,FBS,50.0,25.0,25.0,https://dxbhsrqyrr690.cloudfront.net/sidearm.nextgen.sites/nacda.com/documents/2023/4/21/April21Overall.pdf,3
2022-23,Missouri State,winter,179,Missouri State,Missouri Valley,FCS,50.0,0.0,50.0,https://dxbhsrqyrr690.cloudfront.net/sidearm.nextgen.sites/nacda.com/documents/2023/4/21/April21Overall.pdf,3
2022-23,Saint Mary's (CA),winter,179,Saint Mary's (CA),WCC,DI,50.0,50.0,0.0,https://dxbhsrqyrr690.cloudfront.net/sidearm.nextgen.sites/nacda.com/documents/2023/4/21/April21Overall.pdf,3
2022-23,Santa Clara,winter,179,Santa Clara,WCC,DI,50.0,0.0,50.0,https://dxbhsrqyrr690.cloudfront.net/sidearm.nextgen.sites/nacda.com/documents/2023/4/21/April21Overall.pdf,3
2022-23,UTSA,winter,179,UTSA,Conference USA,FBS,50.0,0.0,50.0,https://dxbhsrqyrr690.cloudfront.net/sidearm.nextgen.sites/nacda.com/documents/2023/4/21/April21Overall.pdf,3
2022-23,Army West Point,winter,191,Army West Point,Patriot,FBS,48.5,48.5,0.0,https://dxbhsrqyrr690.cloudfront.net/sidearm.nextgen.sites/nacda.com/documents/2023/4/21/April21Overall.pdf,3
2022-23,Wyoming,winter,192,Wyoming,Mountain West,FBS,48.0,23.0,25.0,https://dxbhsrqyrr690.cloudfront.net/sidearm.nextgen.sites/nacda.com/documents/2023/4/21/April21Overall.pdf,3
2022-23,Cal Poly,winter,193,Cal Poly,Big West,FCS,47.0,47.0,0.0,https://dxbhsrqyrr690.cloudfront.net/sidearm.nextgen.sites/nacda.com/documents/2023/4/21/April21Overall.pdf,3
2022-23,Murray State,winter,194,Murray State,Missouri Valley,FCS,46.0,46.0,0.0,https://dxbhsrqyrr690.cloudfront.net/sidearm.nextgen.sites/nacda.com/documents/2023/4/21/April21Overall.pdf,3
2022-23,Wichita State,winter,194,Wichita State,American,DI,46.0,19.0,27.0,https://dxbhsrqyrr690.cloudfront.net/sidearm.nextgen.sites/nacda.com/documents/2023/4/21/April21Overall.pdf,3
2022-23,Ohio,winter,196,Ohio,MAC,FBS,45.0,0.0,45.0,https://dxbhsrqyrr690.cloudfront.net/sidearm.nextgen.sites/nacda.com/documents/2023/4/21/April21Overall.pdf,3
2022-23,Southern Illinois,winter,196,Southern Illinois,Missouri Valley,FCS,45.0,45.0,0.0,https://dxbhsrqyrr690.cloudfront.net/sidearm.nextgen.sites/nacda.com/documents/2023/4/21/April21Overall.pdf,3
2022-23,Southern Mississippi,winter,196,Southern Mississippi,Sun Belt,FBS,45.0,0.0,45.0,https://dxbhsrqyrr690.cloudfront.net/sidearm.nextgen.sites/nacda.com/documents/2023/4/21/April21Overall.pdf,3
2022-23,UAB,winter,196,UAB,Conference USA,FBS,45.0,0.0,45.0,https://dxbhsrqyrr690.cloudfront.net/sidearm.nextgen.sites/nacda.com/documents/2023/4/21/April21Overall.pdf,3
2022-23,Duquesne,winter,200,Duquesne,Atlantic 10,FCS,42.5,42.5,0.0,https://dxbhsrqyrr690.cloudfront.net/sidearm.nextgen.sites/nacda.com/documents/2023/4/21/April21Overall.pdf,3
2022-23,Louisiana Tech,winter,200,Louisiana Tech,Conference USA,FBS,42.5,42.5,0.0,https://dxbhsrqyrr690.cloudfront.net/sidearm.nextgen.sites/nacda.com/documents/2023/4/21/April21Overall.pdf,3
2022-23,UC San Diego,winter,202,UC San Diego,Big West,DI,42.0,42.0,0.0,https://dxbhsrqyrr690.cloudfront.net/sidearm.nextgen.sites/nacda.com/documents/2023/4/21/April21Overall.pdf,3
2022-23,NJIT,winter,203,NJIT,America East,DI,38.0,38.0,0.0,https://dxbhsrqyrr690.cloudfront.net/sidearm.nextgen.sites/nacda.com/documents/2023/4/21/April21Overall.pdf,3
2022-23,Northern Illinois,winter,204,Northern Illinois,MAC,FBS,35.0,35.0,0.0,https://dxbhsrqyrr690.cloudfront.net/sidearm.nextgen.sites/nacda.com/documents/2023/4/21/April21Overall.pdf,3
2022-23,Drexel,winter,205,Drexel,CAA,DI,31.0,31.0,0.0,https://dxbhsrqyrr690.cloudfront.net/sidearm.nextgen.sites/nacda.com/documents/2023/4/21/April21Overall.pdf,3
2022-23,Boston College,winter,206,Boston College,ACC,FBS,30.0,30.0,0.0,https://dxbhsrqyrr690.cloudfront.net/sidearm.nextgen.sites/nacda.com/documents/2023/4/21/April21Overall.pdf,3
2022-23,Southeast Missouri State,winter,206,Southeast Missouri State,OVC,FCS,30.0,5.0,25.0,https://dxbhsrqyrr690.cloudfront.net/sidearm.nextgen.sites/nacda.com/documents/2023/4/21/April21Overall.pdf,3
2022-23,Campbell,winter,208,Campbell,Big South,FCS,29.0,29.0,0.0,https://dxbhsrqyrr690.cloudfront.net/sidearm.nextgen.sites/nacda.com/documents/2023/4/21/April21Overall.pdf,3
2022-23,La Salle,winter,209,La Salle,Atlantic 10,DI,27.0,0.0,27.0,https://dxbhsrqyrr690.cloudfront.net/sidearm.nextgen.sites/nacda.com/documents/2023/4/21/April21Overall.pdf,3
2022-23,American,winter,210,American,Patriot,DI,25.5,25.5,0.0,https://dxbhsrqyrr690.cloudfront.net/sidearm.nextgen.sites/nacda.com/documents/2023/4/21/April21Overall.pdf,3
2022-23,Bucknell,winter,211,Bucknell,Patriot,FCS,25.0,0.0,25.0,https://dxbhsrqyrr690.cloudfront.net/sidearm.nextgen.sites/nacda.com/documents/2023/4/21/April21Overall.pdf,3
2022-23,Canisius,winter,211,Canisius,MAAC,DI,25.0,25.0,0.0,https://dxbhsrqyrr690.cloudfront.net/sidearm.nextgen.sites/nacda.com/documents/2023/4/21/April21Overall.pdf,3
2022-23,Coastal Carolina,winter,211,Coastal Carolina,Sun Belt,FBS,25.0,0.0,25.0,https://dxbhsrqyrr690.cloudfront.net/sidearm.nextgen.sites/nacda.com/documents/2023/4/21/April21Overall.pdf,3
2022-23,College of Charleston,winter,211,College of Charleston,CAA,DI,25.0,25.0,0.0,https://dxbhsrqyrr690.cloudfront.net/sidearm.nextgen.sites/nacda.com/documents/2023/4/21/April21Overall.pdf,4
2022-23,Davidson,winter,211,Davidson,Atlantic 10,FCS,25.0,0.0,25.0,https://dxbhsrqyrr690.cloudfront.net/sidearm.nextgen.sites/nacda.com/documents/2023/4/21/April21Overall.pdf,4
2022-23,Delaware State,winter,211,Delaware State,MEAC,FCS,25.0,0.0,25.0,https://dxbhsrqyrr690.cloudfront.net/sidearm.nextgen.sites/nacda.com/documents/2023/4/21/April21Overall.pdf,4
2022-23,Eastern Kentucky,winter,211,Eastern Kentucky,ASUN,FCS,25.0,0.0,25.0,https://dxbhsrqyrr690.cloudfront.net/sidearm.nextgen.sites/nacda.com/documents/2023/4/21/April21Overall.pdf,4
2022-23,Florida A&M,winter,211,Florida A&M,SWAC,FCS,25.0,0.0,25.0,https://dxbhsrqyrr690.cloudfront.net/sidearm.nextgen.sites/nacda.com/documents/2023/4/21/April21Overall.pdf,4
2022-23,Georgia Southern,winter,211,Georgia Southern,Sun Belt,FBS,25.0,0.0,25.0,https://dxbhsrqyrr690.cloudfront.net/sidearm.nextgen.sites/nacda.com/documents/2023/4/21/April21Overall.pdf,4
2022-23,Grand Canyon,winter,211,Grand Canyon,WAC,DI,25.0,25.0,0.0,https://dxbhsrqyrr690.cloudfront.net/sidearm.nextgen.sites/nacda.com/documents/2023/4/21/April21Overall.pdf,4
2022-23,Howard,winter,211,Howard,MEAC,FCS,25.0,25.0,0.0,https://dxbhsrqyrr690.cloudfront.net/sidearm.nextgen.sites/nacda.com/documents/2023/4/21/April21Overall.pdf,4
2022-23,Idaho,winter,211,Idaho,Big Sky,FCS,25.0,0.0,25.0,https://dxbhsrqyrr690.cloudfront.net/sidearm.nextgen.sites/nacda.com/documents/2023/4/21/April21Overall.pdf,4
2022-23,Jackson State,winter,211,Jackson State,SWAC,FCS,25.0,0.0,25.0,https://dxbhsrqyrr690.cloudfront.net/sidearm.nextgen.sites/nacda.com/documents/2023/4/21/April21Overall.pdf,4
2022-23,Kent State,winter,211,Kent State,MAC,FBS,25.0,25.0,0.0,https://dxbhsrqyrr690.cloudfront.net/sidearm.nextgen.sites/nacda.com/documents/2023/4/21/April21Overall.pdf,4
2022-23,Lamar,winter,211,Lamar,Southland,FCS,25.0,0.0,25.0,https://dxbhsrqyrr690.cloudfront.net/sidearm.nextgen.sites/nacda.com/documents/2023/4/21/April21Overall.pdf,4
2022-23,Loyola Marymount,winter,211,Loyola Marymount,WCC,DI,25.0,0.0,25.0,https://dxbhsrqyrr690.cloudfront.net/sidearm.nextgen.sites/nacda.com/documents/2023/4/21/April21Overall.pdf,4
2022-23,Merrimack,winter,211,Merrimack,Northeast (Fall 2023),DI,25.0,25.0,0.0,https://dxbhsrqyrr690.cloudfront.net/sidearm.nextgen.sites/nacda.com/documents/2023/4/21/April21Overall.pdf,4
2022-23,Norfolk State,winter,211,Norfolk State,MEAC,FCS,25.0,25.0,0.0,https://dxbhsrqyrr690.cloudfront.net/sidearm.nextgen.sites/nacda.com/documents/2023/4/21/April21Overall.pdf,4
2022-23,North Carolina Asheville,winter,211,North Carolina Asheville,Big South,DI,25.0,25.0,0.0,https://dxbhsrqyrr690.cloudfront.net/sidearm.nextgen.sites/nacda.com/documents/2023/4/21/April21Overall.pdf,4
2022-23,North Dakota,winter,211,North Dakota,Summit,FCS,25.0,0.0,25.0,https://dxbhsrqyrr690.cloudfront.net/sidearm.nextgen.sites/nacda.com/documents/2023/4/21/April21Overall.pdf,4
2022-23,North Texas,winter,211,North Texas,Conference USA,FBS,25.0,0.0,25.0,https://dxbhsrqyrr690.cloudfront.net/sidearm.nextgen.sites/nacda.com/documents/2023/4/21/April21Overall.pdf,4
2022-23,Northern Kentucky,winter,211,Northern Kentucky,Horizon League,DI,25.0,25.0,0.0,https://dxbhsrqyrr690.cloudfront.net/sidearm.nextgen.sites/nacda.com/documents/2023/4/21/April21Overall.pdf,4
2022-23,Old Dominion,winter,211,Old Dominion,Sun Belt,FBS,25.0,0.0,25.0,https://dxbhsrqyrr690.cloudfront.net/sidearm.nextgen.sites/nacda.com/documents/2023/4/21/April21Overall.pdf,4
2022-23,Omaha,winter,211,Omaha,Summit,DI,25.0,0.0,25.0,https://dxbhsrqyrr690.cloudfront.net/sidearm.nextgen.sites/nacda.com/documents/2023/4/21/April21Overall.pdf,4
2022-23,Oral Roberts,winter,211,Oral Roberts,Summit,DI,25.0,25.0,0.0,https://dxbhsrqyrr690.cloudfront.net/sidearm.nextgen.sites/nacda.com/documents/2023/4/21/April21Overall.pdf,4
2022-23,Pepperdine,winter,211,Pepperdine,WCC,DI,25.0,0.0,25.0,https://dxbhsrqyrr690.cloudfront.net/sidearm.nextgen.sites/nacda.com/documents/2023/4/21/April21Overall.pdf,4
2022-23,Prairie View A&M,winter,211,Prairie View A&M,SWAC,FCS,25.0,25.0,0.0,https://dxbhsrqyrr690.cloudfront.net/sidearm.nextgen.sites/nacda.com/documents/2023/4/21/April21Overall.pdf,4
2022-23,Radford,winter,211,Radford,Big South,DI,25.0,0.0,25.0,https://dxbhsrqyrr690.cloudfront.net/sidearm.nextgen.sites/nacda.com/documents/2023/4/21/April21Overall.pdf,4
2022-23,Saint Francis (PA),winter,211,Saint Francis (PA),Northeast,FCS,25.0,0.0,25.0,https://dxbhsrqyrr690.cloudfront.net/sidearm.nextgen.sites/nacda.com/documents/2023/4/21/April21Overall.pdf,4
2022-23,Seton Hall,winter,211,Seton Hall,Big East,DI,25.0,0.0,25.0,https://dxbhsrqyrr690.cloudfront.net/sidearm.nextgen.sites/nacda.com/documents/2023/4/21/April21Overall.pdf,4
2022-23,Tennessee State,winter,211,Tennessee State,OVC,FCS,25.0,0.0,25.0,https://dxbhsrqyrr690.cloudfront.net/sidearm.nextgen.sites/nacda.com/documents/2023/4/21/April21Overall.pdf,4
2022-23,Tennessee Tech,winter,211,Tennessee Tech,OVC,FCS,25.0,25.0,0.0,https://dxbhsrqyrr690.cloudfront.net/sidearm.nextgen.sites/nacda.com/documents/2023/4/21/April21Overall.pdf,4
2022-23,Texas A&M Corpus Christi,winter,211,Texas A&M Corpus Christi,Southland,DI,25.0,25.0,0.0,https://dxbhsrqyrr690.cloudfront.net/sidearm.nextgen.sites/nacda.com/documents/2023/4/21/April21Overall.pdf,4
2022-23,UC Davis,winter,211,UC Davis,Big West,FCS,25.0,0.0,25.0,https://dxbhsrqyrr690.cloudfront.net/sidearm.nextgen.sites/nacda.com/documents/2023/4/21/April21Overall.pdf,4
2022-23,UC Riverside,winter,211,UC Riverside,Big West,DI,25.0,0.0,25.0,https://dxbhsrqyrr690.cloudfront.net/sidearm.nextgen.sites/nacda.com/documents/2023/4/21/April21Overall.pdf,4
2022-23,UC Santa Barbara,winter,211,UC Santa Barbara,Big West,DI,25.0,25.0,0.0,https://dxbhsrqyrr690.cloudfront.net/sidearm.nextgen.sites/nacda.com/documents/2023/4/21/April21Overall.pdf,4
2022-23,UMBC,winter,211,UMBC,America East,DI,25.0,0.0,25.0,https://dxbhsrqyrr690.cloudfront.net/sidearm.nextgen.sites/nacda.com/documents/2023/4/21/April21Overall.pdf,4
2022-23,VCU,winter,211,VCU,Atlantic 10,DI,25.0,25.0,0.0,https://dxbhsrqyrr690.cloudfront.net/sidearm.nextgen.sites/nacda.com/documents/2023/4/21/April21Overall.pdf,4
2022-23,Wisconsin Milwaukee,winter,211,Wisconsin Milwaukee,Horizon League,DI,25.0,0.0,25.0,https://dxbhsrqyrr690.cloudfront.net/sidearm.nextgen.sites/nacda.com/documents/2023/4/21/April21Overall.pdf,4
2022-23,Wright State,winter,211,Wright State,Horizon League,DI,25.0,0.0,25.0,https://dxbhsrqyrr690.cloudfront.net/sidearm.nextgen.sites/nacda.com/documents/2023/4/21/April21Overall.pdf,4
2022-23,Binghamton,winter,251,Binghamton,America East,DI,23.0,23.0,0.0,https://dxbhsrqyrr690.cloudfront.net/sidearm.nextgen.sites/nacda.com/documents/2023/4/21/April21Overall.pdf,4
2022-23,Temple,winter,252,Temple,American,FBS,22.0,22.0,0.0,https://dxbhsrqyrr690.cloudfront.net/sidearm.nextgen.sites/nacda.com/documents/2023/4/21/April21Overall.pdf,4
2022-23,Appalachian State,winter,253,Appalachian State,Sun Belt,FBS,20.0,20.0,0.0,https://dxbhsrqyrr690.cloudfront.net/sidearm.nextgen.sites/nacda.com/documents/2023/4/21/April21Overall.pdf,4
2022-23,Cal State Bakersfield,winter,253,Cal State Bakersfield,Big West,DI,20.0,20.0,0.0,https://dxbhsrqyrr690.cloudfront.net/sidearm.nextgen.sites/nacda.com/documents/2023/4/21/April21Overall.pdf,4
2022-23,Central Michigan,winter,253,Central Michigan,MAC,FBS,20.0,20.0,0.0,https://dxbhsrqyrr690.cloudfront.net/sidearm.nextgen.sites/nacda.com/documents/2023/4/21/April21Overall.pdf,4
2022-23,Louisiana Monroe,winter,256,Louisiana Monroe,Sun Belt,FBS,19.0,19.0,0.0,https://dxbhsrqyrr690.cloudfront.net/sidearm.nextgen.sites/nacda.com/documents/2023/4/21/April21Overall.pdf,4
2022-23,George Mason,winter,257,George Mason,Atlantic 10,DI,16.0,16.0,0.0,https://dxbhsrqyrr690.cloudfront.net/sidearm.nextgen.sites/nacda.com/documents/2023/4/21/April21Overall.pdf,4
2022-23,Monmouth,winter,258,Monmouth,CAA,FCS,5.0,5.0,0.0,https://dxbhsrqyrr690.cloudfront.net/sidearm.nextgen.sites/nacda.com/documents/2023/4/21/April21Overall.pdf,4
2022-23,Southern,winter,258,Southern,SWAC,FCS,5.0,5.0,0.0,https://dxbhsrqyrr690.cloudfront.net/sidearm.nextgen.sites/nacda.com/documents/2023/4/21/April21Overall.pdf,4
2022-23,Texas Southern,winter,258,Texas Southern,SWAC,FCS,5.0,5.0,0.0,https://dxbhsrqyrr690.cloudfront.net/sidearm.nextgen.sites/nacda.com/documents/2023/4/21/April21Overall.pdf,4
2023-24,North Carolina,fall,1,North Carolina,ACC,FBS,372.5,372.5,372.5,https://dxbhsrqyrr690.cloudfront.net/sidearm.nextgen.sites/nacda.com/documents/2024/1/9/23.24DI_FinalFallOverall.pdf,1
2023-24,Stanford,fall,2,Stanford,Pac-12,FBS,371.0,371.0,371.0,https://dxbhsrqyrr690.cloudfront.net/sidearm.nextgen.sites/nacda.com/documents/2024/1/9/23.24DI_FinalFallOverall.pdf,1
2023-24,Texas,fall,3,Texas,Big 12,FBS,344.0,344.0,344.0,https://dxbhsrqyrr690.cloudfront.net/sidearm.nextgen.sites/nacda.com/documents/2024/1/9/23.24DI_FinalFallOverall.pdf,1
2023-24,Notre Dame,fall,4,Notre Dame,ACC,FBS,343.0,343.0,343.0,https://dxbhsrqyrr690.cloudfront.net/sidearm.nextgen.sites/nacda.com/documents/2024/1/9/23.24DI_FinalFallOverall.pdf,1
2023-24,Tennessee,fall,5,Tennessee,SEC,FBS,292.5,292.5,292.5,https://dxbhsrqyrr690.cloudfront.net/sidearm.nextgen.sites/nacda.com/documents/2024/1/9/23.24DI_FinalFallOverall.pdf,1
2023-24,BYU,fall,6,BYU,Big 12,FBS,279.5,279.5,279.5,https://dxbhsrqyrr690.cloudfront.net/sidearm.nextgen.sites/nacda.com/documents/2024/1/9/23.24DI_FinalFallOverall.pdf,1
2023-24,Wisconsin,fall,7,Wisconsin,Big Ten,FBS,277.5,277.5,277.5,https://dxbhsrqyrr690.cloudfront.net/sidearm.nextgen.sites/nacda.com/documents/2024/1/9/23.24DI_FinalFallOverall.pdf,1
2023-24,Arkansas,fall,8,Arkansas,SEC,FBS,272.0,272.0,272.0,https://dxbhsrqyrr690.cloudfront.net/sidearm.nextgen.sites/nacda.com/documents/2024/1/9/23.24DI_FinalFallOverall.pdf,1
2023-24,Penn State,fall,9,Penn State,Big Ten,FBS,271.0,271.0,271.0,https://dxbhsrqyrr690.cloudfront.net/sidearm.nextgen.sites/nacda.com/documents/2024/1/9/23.24DI_FinalFallOverall.pdf,1
2023-24,Virginia,fall,10,Virginia,ACC,FBS,259.0,259.0,259.0,https://dxbhsrqyrr690.cloudfront.net/sidearm.nextgen.sites/nacda.com/documents/2024/1/9/23.24DI_FinalFallOverall.pdf,1
2023-24,Syracuse,fall,11,Syracuse,ACC,FBS,256.0,256.0,256.0,https://dxbhsrqyrr690.cloudfront.net/sidearm.nextgen.sites/nacda.com/documents/2024/1/9/23.24DI_FinalFallOverall.pdf,1
2023-24,Florida State,fall,12,Florida State,ACC,FBS,245.5,245.5,245.5,https://dxbhsrqyrr690.cloudfront.net/sidearm.nextgen.sites/nacda.com/documents/2024/1/9/23.24DI_FinalFallOverall.pdf,1
2023-24,Louisville,fall,13,Louisville,ACC,FBS,244.0,244.0,244.0,https://dxbhsrqyrr690.cloudfront.net/sidearm.nextgen.sites/nacda.com/documents/2024/1/9/23.24DI_FinalFallOverall.pdf,1
2023-24,Oklahoma State,fall,14,Oklahoma State,Big 12,FBS,243.5,243.5,243.5,https://dxbhsrqyrr690.cloudfront.net/sidearm.nextgen.sites/nacda.com/documents/2024/1/9/23.24DI_FinalFallOverall.pdf,1
2023-24,Clemson,fall,15,Clemson,ACC,FBS,237.0,237.0,237.0,https://dxbhsrqyrr690.cloudfront.net/sidearm.nextgen.sites/nacda.com/documents/2024/1/9/23.24DI_FinalFallOverall.pdf,1
2023-24,Alabama,fall,16,Alabama,SEC,FBS,225.0,225.0,225.0,https://dxbhsrqyrr690.cloudfront.net/sidearm.nextgen.sites/nacda.com/documents/2024/1/9/23.24DI_FinalFallOverall.pdf,1
2023-24,Harvard,fall,17,Harvard,Ivy League,FCS,224.0,224.0,224.0,https://dxbhsrqyrr690.cloudfront.net/sidearm.nextgen.sites/nacda.com/documents/2024/1/9/23.24DI_FinalFallOverall.pdf,1
2023-24,Oregon,fall,18,Oregon,Pac-12,FBS,212.5,212.5,212.5,https://dxbhsrqyrr690.cloudfront.net/sidearm.nextgen.sites/nacda.com/documents/2024/1/9/23.24DI_FinalFallOverall.pdf,1
2023-24,North Carolina State,fall,19,North Carolina State,ACC,FBS,210.0,210.0,210.0,https://dxbhsrqyrr690.cloudfront.net/sidearm.nextgen.sites/nacda.com/documents/2024/1/9/23.24DI_FinalFallOverall.pdf,1
2023-24,UCLA,fall,19,UCLA,Pac-12,FBS,210.0,210.0,210.0,https://dxbhsrqyrr690.cloudfront.net/sidearm.nextgen.sites/nacda.com/documents/2024/1/9/23.24DI_FinalFallOverall.pdf,1
2023-24,Michigan,fall,21,Michigan,Big Ten,FBS,208.0,208.0,208.0,https://dxbhsrqyrr690.cloudfront.net/sidearm.nextgen.sites/nacda.com/documents/2024/1/9/23.24DI_FinalFallOverall.pdf,1
2023-24,Georgetown,fall,22,Georgetown,Big East,FCS,200.0,200.0,200.0,https://dxbhsrqyrr690.cloudfront.net/sidearm.nextgen.sites/nacda.com/documents/2024/1/9/23.24DI_FinalFallOverall.pdf,1
2023-24,USC,fall,22,USC,Pac-12,FBS,200.0,200.0,200.0,https://dxbhsrqyrr690.cloudfront.net/sidearm.nextgen.sites/nacda.com/documents/2024/1/9/23.24DI_FinalFallOverall.pdf,1
2023-24,Washington,fall,24,Washington,Pac-12,FBS,188.5,188.5,188.5,https://dxbhsrqyrr690.cloudfront.net/sidearm.nextgen.sites/nacda.com/documents/2024/1/9/23.24DI_FinalFallOverall.pdf,1
2023-24,Pittsburgh,fall,25,Pittsburgh,ACC,FBS,181.0,181.0,181.0,https://dxbhsrqyrr690.cloudfront.net/sidearm.nextgen.sites/nacda.com/documents/2024/1/9/23.24DI_FinalFallOverall.pdf,1
2023-24,Northern Arizona,fall,26,Northern Arizona,Big Sky,FCS,180.0,180.0,180.0,https://dxbhsrqyrr690.cloudfront.net/sidearm.nextgen.sites/nacda.com/documents/2024/1/9/23.24DI_FinalFallOverall.pdf,1
2023-24,Iowa State,fall,27,Iowa State,Big 12,FBS,179.0,179.0,179.0,https://dxbhsrqyrr690.cloudfront.net/sidearm.nextgen.sites/nacda.com/documents/2024/1/9/23.24DI_FinalFallOverall.pdf,1
2023-24,Duke,fall,28,Duke,ACC,FBS,178.0,178.0,178.0,https://dxbhsrqyrr690.cloudfront.net/sidearm.nextgen.sites/nacda.com/documents/2024/1/9/23.24DI_FinalFallOverall.pdf,1
2023-24,Georgia,fall,29,Georgia,SEC,FBS,174.0,174.0,174.0,https://dxbhsrqyrr690.cloudfront.net/sidearm.nextgen.sites/nacda.com/documents/2024/1/9/23.24DI_FinalFallOverall.pdf,1
2023-24,Princeton,fall,30,Princeton,Ivy League,FCS,171.0,171.0,171.0,https://dxbhsrqyrr690.cloudfront.net/sidearm.nextgen.sites/nacda.com/documents/2024/1/9/23.24DI_FinalFallOverall.pdf,1
2023-24,California Baptist,fall,31,California Baptist,WAC,DI,165.5,165.5,165.5,https://dxbhsrqyrr690.cloudfront.net/sidearm.nextgen.sites/nacda.com/documents/2024/1/9/23.24DI_FinalFallOverall.pdf,1
2023-24,SMU,fall,32,SMU,American,FBS,164.0,164.0,164.0,https://dxbhsrqyrr690.cloudfront.net/sidearm.nextgen.sites/nacda.com/documents/2024/1/9/23.24DI_FinalFallOverall.pdf,1
2023-24,Nebraska,fall,33,Nebraska,Big Ten,FBS,163.0,163.0,163.0,https://dxbhsrqyrr690.cloudfront.net/sidearm.nextgen.sites/nacda.com/documents/2024/1/9/23.24DI_FinalFallOverall.pdf,1
2023-24,Northwestern,fall,33,Northwestern,Big Ten,FBS,163.0,163.0,163.0,https://dxbhsrqyrr690.cloudfront.net/sidearm.nextgen.sites/nacda.com/documents/2024/1/9/23.24DI_FinalFallOverall.pdf,1
2023-24,West Virginia,fall,35,West Virginia,Big 12,FBS,160.0,160.0,160.0,https://dxbhsrqyrr690.cloudfront.net/sidearm.nextgen.sites/nacda.com/documents/2024/1/9/23.24DI_FinalFallOverall.pdf,1
2023-24,Memphis,fall,36,Memphis,American,FBS,159.0,159.0,159.0,https://dxbhsrqyrr690.cloudfront.net/sidearm.nextgen.sites/nacda.com/documents/2024/1/9/23.24DI_FinalFallOverall.pdf,1
2023-24,South Dakota State,fall,37,South Dakota State,Summit,FCS,153.0,153.0,153.0,https://dxbhsrqyrr690.cloudfront.net/sidearm.nextgen.sites/nacda.com/documents/2024/1/9/23.24DI_FinalFallOverall.pdf,1
2023-24,Villanova,fall,38,Villanova,Big East,FCS,152.0,152.0,152.0,https://dxbhsrqyrr690.cloudfront.net/sidearm.nextgen.sites/nacda.com/documents/2024/1/9/23.24DI_FinalFallOverall.pdf,1
2023-24,Michigan State,fall,39,Michigan State,Big Ten,FBS,150.5,150.5,150.5,https://dxbhsrqyrr690.cloudfront.net/sidearm.nextgen.sites/nacda.com/documents/2024/1/9/23.24DI_FinalFallOverall.pdf,1
2023-24,California,fall,40,California,Pac-12,FBS,150.0,150.0,150.0,https://dxbhsrqyrr690.cloudfront.net/sidearm.nextgen.sites/nacda.com/documents/2024/1/9/23.24DI_FinalFallOverall.pdf,1
2023-24,Ole Miss,fall,40,Ole Miss,SEC,FBS,150.0,150.0,150.0,https://dxbhsrqyrr690.cloudfront.net/sidearm.nextgen.sites/nacda.com/documents/2024/1/9/23.24DI_FinalFallOverall.pdf,1
2023-24,Iowa,fall,42,Iowa,Big Ten,FBS,147.0,147.0,147.0,https://dxbhsrqyrr690.cloudfront.net/sidearm.nextgen.sites/nacda.com/documents/2024/1/9/23.24DI_FinalFallOverall.pdf,1
2023-24,Texas A&M,fall,43,Texas A&M,SEC,FBS,144.0,144.0,144.0,https://dxbhsrqyrr690.cloudfront.net/sidearm.nextgen.sites/nacda.com/documents/2024/1/9/23.24DI_FinalFallOverall.pdf,1
2023-24,James Madison,fall,44,James Madison,Sun Belt,FBS,139.0,139.0,139.0,https://dxbhsrqyrr690.cloudfront.net/sidearm.nextgen.sites/nacda.com/documents/2024/1/9/23.24DI_FinalFallOverall.pdf,1
2023-24,Kentucky,fall,44,Kentucky,SEC,FBS,139.0,139.0,139.0,https://dxbhsrqyrr690.cloudfront.net/sidearm.nextgen.sites/nacda.com/documents/2024/1/9/23.24DI_FinalFallOverall.pdf,1
2023-24,Colorado,fall,46,Colorado,Pac-12,FBS,129.0,129.0,129.0,https://dxbhsrqyrr690.cloudfront.net/sidearm.nextgen.sites/nacda.com/documents/2024/1/9/23.24DI_FinalFallOverall.pdf,1
2023-24,Wake Forest,fall,47,Wake Forest,ACC,FBS,128.0,128.0,128.0,https://dxbhsrqyrr690.cloudfront.net/sidearm.nextgen.sites/nacda.com/documents/2024/1/9/23.24DI_FinalFallOverall.pdf,1
2023-24,Florida,fall,48,Florida,SEC,FBS,125.0,125.0,125.0,https://dxbhsrqyrr690.cloudfront.net/sidearm.nextgen.sites/nacda.com/documents/2024/1/9/23.24DI_FinalFallOverall.pdf,1
2023-24,Gonzaga,fall,49,Gonzaga,WCC,DI,124.0,124.0,124.0,https://dxbhsrqyrr690.cloudfront.net/sidearm.nextgen.sites/nacda.com/documents/2024/1/9/23.24DI_FinalFallOverall.pdf,1
2023-24,Minnesota,fall,50,Minnesota,Big Ten,FBS,123.0,123.0,123.0,https://dxbhsrqyrr690.cloudfront.net/sidearm.nextgen.sites/nacda.com/documents/2024/1/9/23.24DI_FinalFallOverall.pdf,1
2023-24,Missouri,fall,51,Missouri,SEC,FBS,120.5,120.5,120.5,https://dxbhsrqyrr690.cloudfront.net/sidearm.nextgen.sites/nacda.com/documents/2024/1/9/23.24DI_FinalFallOverall.pdf,1
2023-24,Ohio State,fall,51,Ohio State,Big Ten,FBS,120.5,120.5,120.5,https://dxbhsrqyrr690.cloudfront.net/sidearm.nextgen.sites/nacda.com/documents/2024/1/9/23.24DI_FinalFallOverall.pdf,1
2023-24,Furman,fall,53,Furman,SoCon,FCS,120.0,120.0,120.0,https://dxbhsrqyrr690.cloudfront.net/sidearm.nextgen.sites/nacda.com/documents/2024/1/9/23.24DI_FinalFallOverall.pdf,1
2023-24,Lipscomb,fall,54,Lipscomb,ASUN,DI,119.0,119.0,119.0,https://dxbhsrqyrr690.cloudfront.net/sidearm.nextgen.sites/nacda.com/documents/2024/1/9/23.24DI_FinalFallOverall.pdf,1
2023-24,LSU,fall,55,LSU,SEC,FBS,117.5,117.5,117.5,https://dxbhsrqyrr690.cloudfront.net/sidearm.nextgen.sites/nacda.com/documents/2024/1/9/23.24DI_FinalFallOverall.pdf,1
2023-24,Montana State,fall,56,Montana State,Big Sky,FCS,116.0,116.0,116.0,https://dxbhsrqyrr690.cloudfront.net/sidearm.nextgen.sites/nacda.com/documents/2024/1/9/23.24DI_FinalFallOverall.pdf,1
2023-24,Rutgers,fall,57,Rutgers,Big Ten,FBS,115.0,115.0,115.0,https://dxbhsrqyrr690.cloudfront.net/sidearm.nextgen.sites/nacda.com/documents/2024/1/9/23.24DI_FinalFallOverall.pdf,1
2023-24,UC Irvine,fall,58,UC Irvine,Big West,DI,114.0,114.0,114.0,https://dxbhsrqyrr690.cloudfront.net/sidearm.nextgen.sites/nacda.com/documents/2024/1/9/23.24DI_FinalFallOverall.pdf,1
2023-24,Western Michigan,fall,58,Western Michigan,MAC,FBS,114.0,114.0,114.0,https://dxbhsrqyrr690.cloudfront.net/sidearm.nextgen.sites/nacda.com/documents/2024/1/9/23.24DI_FinalFallOverall.pdf,1
2023-24,Maryland,fall,60,Maryland,Big Ten,FBS,110.0,110.0,110.0,https://dxbhsrqyrr690.cloudfront.net/sidearm.nextgen.sites/nacda.com/documents/2024/1/9/23.24DI_FinalFallOverall.pdf,1
2023-24,Air Force,fall,61,Air Force,Mountain West,FBS,109.5,109.5,109.5,https://dxbhsrqyrr690.cloudfront.net/sidearm.nextgen.sites/nacda.com/documents/2024/1/9/23.24DI_FinalFallOverall.pdf,1
2023-24,Georgia Tech,fall,62,Georgia Tech,ACC,FBS,109.0,109.0,109.0,https://dxbhsrqyrr690.cloudfront.net/sidearm.nextgen.sites/nacda.com/documents/2024/1/9/23.24DI_FinalFallOverall.pdf,1
2023-24,Texas Tech,fall,62,Texas Tech,Big 12,FBS,109.0,109.0,109.0,https://dxbhsrqyrr690.cloudfront.net/sidearm.nextgen.sites/nacda.com/documents/2024/1/9/23.24DI_FinalFallOverall.pdf,1
2023-24,Oregon State,fall,64,Oregon State,Pac-12,FBS,108.0,108.0,108.0,https://dxbhsrqyrr690.cloudfront.net/sidearm.nextgen.sites/nacda.com/documents/2024/1/9/23.24DI_FinalFallOverall.pdf,1
2023-24,Kansas,fall,65,Kansas,Big 12,FBS,101.0,101.0,101.0,https://dxbhsrqyrr690.cloudfront.net/sidearm.nextgen.sites/nacda.com/documents/2024/1/9/23.24DI_FinalFallOverall.pdf,1
2023-24,Portland,fall,65,Portland,WCC,DI,101.0,101.0,101.0,https://dxbhsrqyrr690.cloudfront.net/sidearm.nextgen.sites/nacda.com/documents/2024/1/9/23.24DI_FinalFallOverall.pdf,1
2023-24,Providence,fall,67,Providence,Big East,DI,99.0,99.0,99.0,https://dxbhsrqyrr690.cloudfront.net/sidearm.nextgen.sites/nacda.com/documents/2024/1/9/23.24DI_FinalFallOverall.pdf,1
2023-24,Indiana,fall,68,Indiana,Big Ten,FBS,98.0,98.0,98.0,https://dxbhsrqyrr690.cloudfront.net/sidearm.nextgen.sites/nacda.com/documents/2024/1/9/23.24DI_FinalFallOverall.pdf,1
2023-24,Idaho,fall,69,Idaho,Big Sky,FCS,95.0,95.0,95.0,https://dxbhsrqyrr690.cloudfront.net/sidearm.nextgen.sites/nacda.com/documents/2024/1/9/23.24DI_FinalFallOverall.pdf,1
2023-24,Liberty,fall,69,Liberty,Conference USA,FBS,95.0,95.0,95.0,https://dxbhsrqyrr690.cloudfront.net/sidearm.nextgen.sites/nacda.com/documents/2024/1/9/23.24DI_FinalFallOverall.pdf,1
2023-24,Old Dominion,fall,69,Old Dominion,Sun Belt,FBS,95.0,95.0,95.0,https://dxbhsrqyrr690.cloudfront.net/sidearm.nextgen.sites/nacda.com/documents/2024/1/9/23.24DI_FinalFallOverall.pdf,1
2023-24,Western Kentucky,fall,69,Western Kentucky,Conference USA,FBS,95.0,95.0,95.0,https://dxbhsrqyrr690.cloudfront.net/sidearm.nextgen.sites/nacda.com/documents/2024/1/9/23.24DI_FinalFallOverall.pdf,1
2023-24,Boston College,fall,73,Boston College,ACC,FBS,93.0,93.0,93.0,https://dxbhsrqyrr690.cloudfront.net/sidearm.nextgen.sites/nacda.com/documents/2024/1/9/23.24DI_FinalFallOverall.pdf,1
2023-24,Montana,fall,74,Montana,Big Sky,FCS,90.0,90.0,90.0,https://dxbhsrqyrr690.cloudfront.net/sidearm.nextgen.sites/nacda.com/documents/2024/1/9/23.24DI_FinalFallOverall.pdf,1
2023-24,Arizona State,fall,75,Arizona State,Pac-12,FBS,89.0,89.0,89.0,https://dxbhsrqyrr690.cloudfront.net/sidearm.nextgen.sites/nacda.com/documents/2024/1/9/23.24DI_FinalFallOverall.pdf,1
2023-24,Marshall,fall,75,Marshall,Sun Belt,FBS,89.0,89.0,89.0,https://dxbhsrqyrr690.cloudfront.net/sidearm.nextgen.sites/nacda.com/documents/2024/1/9/23.24DI_FinalFallOverall.pdf,1
2023-24,Utah,fall,77,Utah,Pac-12,FBS,88.0,88.0,88.0,https://dxbhsrqyrr690.cloudfront.net/sidearm.nextgen.sites/nacda.com/documents/2024/1/9/23.24DI_FinalFallOverall.pdf,1
2023-24,Albany,fall,78,Albany,America East,FCS,83.0,83.0,83.0,https://dxbhsrqyrr690.cloudfront.net/sidearm.nextgen.sites/nacda.com/documents/2024/1/9/23.24DI_FinalFallOverall.pdf,1
2023-24,Kansas State,fall,78,Kansas State,Big 12,FBS,83.0,83.0,83.0,https://dxbhsrqyrr690.cloudfront.net/sidearm.nextgen.sites/nacda.com/documents/2024/1/9/23.24DI_FinalFallOverall.pdf,1
2023-24,North Dakota State,fall,78,North Dakota State,Summit,FCS,83.0,83.0,83.0,https://dxbhsrqyrr690.cloudfront.net/sidearm.nextgen.sites/nacda.com/documents/2024/1/9/23.24DI_FinalFallOverall.pdf,1
2023-24,Tulane,fall,81,Tulane,American,FBS,81.0,81.0,81.0,https://dxbhsrqyrr690.cloudfront.net/sidearm.nextgen.sites/nacda.com/documents/2024/1/9/23.24DI_FinalFallOverall.pdf,1
2023-24,Columbia,fall,82,Columbia,Ivy League,FCS,78.0,78.0,78.0,https://dxbhsrqyrr690.cloudfront.net/sidearm.nextgen.sites/nacda.com/documents/2024/1/9/23.24DI_FinalFallOverall.pdf,1
2023-24,Delaware,fall,82,Delaware,CAA,FCS,78.0,78.0,78.0,https://dxbhsrqyrr690.cloudfront.net/sidearm.nextgen.sites/nacda.com/documents/2024/1/9/23.24DI_FinalFallOverall.pdf,1
2023-24,Mercer,fall,82,Mercer,SoCon,FCS,78.0,78.0,78.0,https://dxbhsrqyrr690.cloudfront.net/sidearm.nextgen.sites/nacda.com/documents/2024/1/9/23.24DI_FinalFallOverall.pdf,1
2023-24,Dayton,fall,85,Dayton,Atlantic 10,FCS,75.0,75.0,75.0,https://dxbhsrqyrr690.cloudfront.net/sidearm.nextgen.sites/nacda.com/documents/2024/1/9/23.24DI_FinalFallOverall.pdf,1
2023-24,Miami (FL),fall,85,Miami (FL),ACC,FBS,75.0,75.0,75.0,https://dxbhsrqyrr690.cloudfront.net/sidearm.nextgen.sites/nacda.com/documents/2024/1/9/23.24DI_FinalFallOverall.pdf,1
2023-24,UCF,fall,85,UCF,Big 12,FBS,75.0,75.0,75.0,https://dxbhsrqyrr690.cloudfront.net/sidearm.nextgen.sites/nacda.com/documents/2024/1/9/23.24DI_FinalFallOverall.pdf,1
2023-24,Utah State,fall,85,Utah State,Mountain West,FBS,75.0,75.0,75.0,https://dxbhsrqyrr690.cloudfront.net/sidearm.nextgen.sites/nacda.com/documents/2024/1/9/23.24DI_FinalFallOverall.pdf,1
2023-24,Yale,fall,85,Yale,Ivy League,FCS,75.0,75.0,75.0,https://dxbhsrqyrr690.cloudfront.net/sidearm.nextgen.sites/nacda.com/documents/2024/1/9/23.24DI_FinalFallOverall.pdf,1
2023-24,Loyola Marymount,fall,90,Loyola Marymount,WCC,DI,73.0,73.0,73.0,https://dxbhsrqyrr690.cloudfront.net/sidearm.nextgen.sites/nacda.com/documents/2024/1/9/23.24DI_FinalFallOverall.pdf,1
2023-24,Coastal Carolina,fall,91,Coastal Carolina,Sun Belt,FBS,70.0,70.0,70.0,https://dxbhsrqyrr690.cloudfront.net/sidearm.nextgen.sites/nacda.com/documents/2024/1/9/23.24DI_FinalFallOverall.pdf,1
2023-24,Fresno State,fall,91,Fresno State,Mountain West,FBS,70.0,70.0,70.0,https://dxbhsrqyrr690.cloudfront.net/sidearm.nextgen.sites/nacda.com/documents/2024/1/9/23.24DI_FinalFallOverall.pdf,1
2023-24,Miami (OH),fall,91,Miami (OH),MAC,FBS,70.0,70.0,70.0,https://dxbhsrqyrr690.cloudfront.net/sidearm.nextgen.sites/nacda.com/documents/2024/1/9/23.24DI_FinalFallOverall.pdf,1
2023-24,Ohio,fall,91,Ohio,MAC,FBS,70.0,70.0,70.0,https://dxbhsrqyrr690.cloudfront.net/sidearm.nextgen.sites/nacda.com/documents/2024/1/9/23.24DI_FinalFallOverall.pdf,1
2023-24,South Alabama,fall,91,South Alabama,Sun Belt,FBS,70.0,70.0,70.0,https://dxbhsrqyrr690.cloudfront.net/sidearm.nextgen.sites/nacda.com/documents/2024/1/9/23.24DI_FinalFallOverall.pdf,1
2023-24,South Dakota,fall,91,South Dakota,Summit,FCS,70.0,70.0,70.0,https://dxbhsrqyrr690.cloudfront.net/sidearm.nextgen.sites/nacda.com/documents/2024/1/9/23.24DI_FinalFallOverall.pdf,1
2023-24,Texas State,fall,91,Texas State,Sun Belt,FBS,70.0,70.0,70.0,https://dxbhsrqyrr690.cloudfront.net/sidearm.nextgen.sites/nacda.com/documents/2024/1/9/23.24DI_FinalFallOverall.pdf,1
2023-24,Arizona,fall,98,Arizona,Pac-12,FBS,66.0,66.0,66.0,https://dxbhsrqyrr690.cloudfront.net/sidearm.nextgen.sites/nacda.com/documents/2024/1/9/23.24DI_FinalFallOverall.pdf,1
2023-24,Creighton,fall,99,Creighton,Big East,DI,64.0,64.0,64.0,https://dxbhsrqyrr690.cloudfront.net/sidearm.nextgen.sites/nacda.com/documents/2024/1/9/23.24DI_FinalFallOverall.pdf,1
2023-24,Hofstra,fall,99,Hofstra,CAA,DI,64.0,64.0,64.0,https://dxbhsrqyrr690.cloudfront.net/sidearm.nextgen.sites/nacda.com/documents/2024/1/9/23.24DI_FinalFallOverall.pdf,2
2023-24,Mississippi State,fall,99,Mississippi State,SEC,FBS,64.0,64.0,64.0,https://dxbhsrqyrr690.cloudfront.net/sidearm.nextgen.sites/nacda.com/documents/2024/1/9/23.24DI_FinalFallOverall.pdf,2
2023-24,New Hampshire,fall,99,New Hampshire,America East,FCS,64.0,64.0,64.0,https://dxbhsrqyrr690.cloudfront.net/sidearm.nextgen.sites/nacda.com/documents/2024/1/9/23.24DI_FinalFallOverall.pdf,2
2023-24,Purdue,fall,99,Purdue,Big Ten,FBS,64.0,64.0,64.0,https://dxbhsrqyrr690.cloudfront.net/sidearm.nextgen.sites/nacda.com/documents/2024/1/9/23.24DI_FinalFallOverall.pdf,2
2023-24,Saint Louis,fall,99,Saint Louis,Atlantic 10,DI,64.0,64.0,64.0,https://dxbhsrqyrr690.cloudfront.net/sidearm.nextgen.sites/nacda.com/documents/2024/1/9/23.24DI_FinalFallOverall.pdf,2
2023-24,Vermont,fall,99,Vermont,America East,DI,64.0,64.0,64.0,https://dxbhsrqyrr690.cloudfront.net/sidearm.nextgen.sites/nacda.com/documents/2024/1/9/23.24DI_FinalFallOverall.pdf,2
2023-24,Washington State,fall,99,Washington State,Pac-12,FBS,64.0,64.0,64.0,https://dxbhsrqyrr690.cloudfront.net/sidearm.nextgen.sites/nacda.com/documents/2024/1/9/23.24DI_FinalFallOverall.pdf,2
2023-24,Oklahoma,fall,107,Oklahoma,Big 12,FBS,60.0,60.0,60.0,https://dxbhsrqyrr690.cloudfront.net/sidearm.nextgen.sites/nacda.com/documents/2024/1/9/23.24DI_FinalFallOverall.pdf,2
2023-24,New Mexico,fall,108,New Mexico,Mountain West,FBS,56.0,56.0,56.0,https://dxbhsrqyrr690.cloudfront.net/sidearm.nextgen.sites/nacda.com/documents/2024/1/9/23.24DI_FinalFallOverall.pdf,2
2023-24,Arkansas State,fall,109,Arkansas State,Sun Belt,FBS,53.0,53.0,53.0,https://dxbhsrqyrr690.cloudfront.net/sidearm.nextgen.sites/nacda.com/documents/2024/1/9/23.24DI_FinalFallOverall.pdf,2
2023-24,Butler,fall,109,Butler,Big East,FCS,53.0,53.0,53.0,https://dxbhsrqyrr690.cloudfront.net/sidearm.nextgen.sites/nacda.com/documents/2024/1/9/23.24DI_FinalFallOverall.pdf,2
2023-24,Richmond,fall,109,Richmond,Atlantic 10,FCS,53.0,53.0,53.0,https://dxbhsrqyrr690.cloudfront.net/sidearm.nextgen.sites/nacda.com/documents/2024/1/9/23.24DI_FinalFallOverall.pdf,2
2023-24,Sacramento State,fall,109,Sacramento State,Big Sky,FCS,53.0,53.0,53.0,https://dxbhsrqyrr690.cloudfront.net/sidearm.nextgen.sites/nacda.com/documents/2024/1/9/23.24DI_FinalFallOverall.pdf,2
2023-24,Southern Illinois,fall,109,Southern Illinois,Missouri Valley,FCS,53.0,53.0,53.0,https://dxbhsrqyrr690.cloudfront.net/sidearm.nextgen.sites/nacda.com/documents/2024/1/9/23.24DI_FinalFallOverall.pdf,2
2023-24,Tennessee Chattanooga,fall,109,Tennessee Chattanooga,SoCon,FCS,53.0,53.0,53.0,https://dxbhsrqyrr690.cloudfront.net/sidearm.nextgen.sites/nacda.com/documents/2024/1/9/23.24DI_FinalFallOverall.pdf,2
2023-24,Youngstown State,fall,109,Youngstown State,Horizon League,FCS,53.0,53.0,53.0,https://dxbhsrqyrr690.cloudfront.net/sidearm.nextgen.sites/nacda.com/documents/2024/1/9/23.24DI_FinalFallOverall.pdf,2
2023-24,Utah Valley,fall,116,Utah Valley,WAC,DI,51.0,51.0,51.0,https://dxbhsrqyrr690.cloudfront.net/sidearm.nextgen.sites/nacda.com/documents/2024/1/9/23.24DI_FinalFallOverall.pdf,2
2023-24,Auburn,fall,117,Auburn,SEC,FBS,50.0,50.0,50.0,https://dxbhsrqyrr690.cloudfront.net/sidearm.nextgen.sites/nacda.com/documents/2024/1/9/23.24DI_FinalFallOverall.pdf,2
2023-24,Baylor,fall,117,Baylor,Big 12,FBS,50.0,50.0,50.0,https://dxbhsrqyrr690.cloudfront.net/sidearm.nextgen.sites/nacda.com/documents/2024/1/9/23.24DI_FinalFallOverall.pdf,2
2023-24,Brown,fall,117,Brown,Ivy League,FCS,50.0,50.0,50.0,https://dxbhsrqyrr690.cloudfront.net/sidearm.nextgen.sites/nacda.com/documents/2024/1/9/23.24DI_FinalFallOverall.pdf,2
2023-24,Charlotte,fall,117,Charlotte,American,FBS,50.0,50.0,50.0,https://dxbhsrqyrr690.cloudfront.net/sidearm.nextgen.sites/nacda.com/documents/2024/1/9/23.24DI_FinalFallOverall.pdf,2
2023-24,Denver,fall,117,Denver,Summit,DI,50.0,50.0,50.0,https://dxbhsrqyrr690.cloudfront.net/sidearm.nextgen.sites/nacda.com/documents/2024/1/9/23.24DI_FinalFallOverall.pdf,2
2023-24,FIU,fall,117,FIU,Conference USA,FBS,50.0,50.0,50.0,https://dxbhsrqyrr690.cloudfront.net/sidearm.nextgen.sites/nacda.com/documents/2024/1/9/23.24DI_FinalFallOverall.pdf,2
2023-24,Florida Gulf Coast,fall,117,Florida Gulf Coast,ASUN,DI,50.0,50.0,50.0,https://dxbhsrqyrr690.cloudfront.net/sidearm.nextgen.sites/nacda.com/documents/2024/1/9/23.24DI_FinalFallOverall.pdf,2
2023-24,Grand Canyon,fall,117,Grand Canyon,WAC,DI,50.0,50.0,50.0,https://dxbhsrqyrr690.cloudfront.net/sidearm.nextgen.sites/nacda.com/documents/2024/1/9/23.24DI_FinalFallOverall.pdf,2
2023-24,Hawaii,fall,117,Hawaii,Big West,FBS,50.0,50.0,50.0,https://dxbhsrqyrr690.cloudfront.net/sidearm.nextgen.sites/nacda.com/documents/2024/1/9/23.24DI_FinalFallOverall.pdf,2
2023-24,High Point,fall,117,High Point,Big South,DI,50.0,50.0,50.0,https://dxbhsrqyrr690.cloudfront.net/sidearm.nextgen.sites/nacda.com/documents/2024/1/9/23.24DI_FinalFallOverall.pdf,2
2023-24,Houston,fall,117,Houston,Big 12,FBS,50.0,50.0,50.0,https://dxbhsrqyrr690.cloudfront.net/sidearm.nextgen.sites/nacda.com/documents/2024/1/9/23.24DI_FinalFallOverall.pdf,2
2023-24,LIU Brooklyn,fall,117,LIU Brooklyn,Northeast,DI,50.0,50.0,50.0,https://dxbhsrqyrr690.cloudfront.net/sidearm.nextgen.sites/nacda.com/documents/2024/1/9/23.24DI_FinalFallOverall.pdf,2
2023-24,Marquette,fall,117,Marquette,Big East,DI,50.0,50.0,50.0,https://dxbhsrqyrr690.cloudfront.net/sidearm.nextgen.sites/nacda.com/documents/2024/1/9/23.24DI_FinalFallOverall.pdf,2
2023-24,Missouri State,fall,117,Missouri State,Missouri Valley,FCS,50.0,50.0,50.0,https://dxbhsrqyrr690.cloudfront.net/sidearm.nextgen.sites/nacda.com/documents/2024/1/9/23.24DI_FinalFallOverall.pdf,2
2023-24,Omaha,fall,117,Omaha,Summit,DI,50.0,50.0,50.0,https://dxbhsrqyrr690.cloudfront.net/sidearm.nextgen.sites/nacda.com/documents/2024/1/9/23.24DI_FinalFallOverall.pdf,2
2023-24,Pepperdine,fall,117,Pepperdine,WCC,DI,50.0,50.0,50.0,https://dxbhsrqyrr690.cloudfront.net/sidearm.nextgen.sites/nacda.com/documents/2024/1/9/23.24DI_FinalFallOverall.pdf,2
2023-24,San Jose State,fall,117,San Jose State,Mountain West,FBS,50.0,50.0,50.0,https://dxbhsrqyrr690.cloudfront.net/sidearm.nextgen.sites/nacda.com/documents/2024/1/9/23.24DI_FinalFallOverall.pdf,2
2023-24,Santa Clara,fall,117,Santa Clara,WCC,DI,50.0,50.0,50.0,https://dxbhsrqyrr690.cloudfront.net/sidearm.nextgen.sites/nacda.com/documents/2024/1/9/23.24DI_FinalFallOverall.pdf,2
2023-24,South Carolina,fall,117,South Carolina,SEC,FBS,50.0,50.0,50.0,https://dxbhsrqyrr690.cloudfront.net/sidearm.nextgen.sites/nacda.com/documents/2024/1/9/23.24DI_FinalFallOverall.pdf,2
2023-24,TCU,fall,117,TCU,Big 12,FBS,50.0,50.0,50.0,https://dxbhsrqyrr690.cloudfront.net/sidearm.nextgen.sites/nacda.com/documents/2024/1/9/23.24DI_FinalFallOverall.pdf,2
2023-24,Xavier,fall,117,Xavier,Big East,DI,50.0,50.0,50.0,https://dxbhsrqyrr690.cloudfront.net/sidearm.nextgen.sites/nacda.com/documents/2024/1/9/23.24DI_FinalFallOverall.pdf,2
2023-24,American,fall,138,American,Patriot,DI,45.0,45.0,45.0,https://dxbhsrqyrr690.cloudfront.net/sidearm.nextgen.sites/nacda.com/documents/2024/1/9/23.24DI_FinalFallOverall.pdf,2
2023-24,Appalachian State,fall,138,Appalachian State,Sun Belt,FBS,45.0,45.0,45.0,https://dxbhsrqyrr690.cloudfront.net/sidearm.nextgen.sites/nacda.com/documents/2024/1/9/23.24DI_FinalFallOverall.pdf,2
2023-24,Colorado State,fall,138,Colorado State,Mountain West,FBS,45.0,45.0,45.0,https://dxbhsrqyrr690.cloudfront.net/sidearm.nextgen.sites/nacda.com/documents/2024/1/9/23.24DI_FinalFallOverall.pdf,2
2023-24,Florida A&M,fall,138,Florida A&M,SWAC,FBS,45.0,45.0,45.0,https://dxbhsrqyrr690.cloudfront.net/sidearm.nextgen.sites/nacda.com/documents/2024/1/9/23.24DI_FinalFallOverall.pdf,2
2023-24,Georgia State,fall,138,Georgia State,Sun Belt,FBS,45.0,45.0,45.0,https://dxbhsrqyrr690.cloudfront.net/sidearm.nextgen.sites/nacda.com/documents/2024/1/9/23.24DI_FinalFallOverall.pdf,2
2023-24,Iona,fall,138,Iona,MAAC,DI,45.0,45.0,45.0,https://dxbhsrqyrr690.cloudfront.net/sidearm.nextgen.sites/nacda.com/documents/2024/1/9/23.24DI_FinalFallOverall.pdf,2
2023-24,Louisiana,fall,138,Louisiana,Sun Belt,FBS,45.0,45.0,45.0,https://dxbhsrqyrr690.cloudfront.net/sidearm.nextgen.sites/nacda.com/documents/2024/1/9/23.24DI_FinalFallOverall.pdf,2
2023-24,Northern Illinois,fall,138,Northern Illinois,MAC,FBS,45.0,45.0,45.0,https://dxbhsrqyrr690.cloudfront.net/sidearm.nextgen.sites/nacda.com/documents/2024/1/9/23.24DI_FinalFallOverall.pdf,2
2023-24,Saint Joseph's,fall,138,Saint Joseph's,Atlantic 10,DI,45.0,45.0,45.0,https://dxbhsrqyrr690.cloudfront.net/sidearm.nextgen.sites/nacda.com/documents/2024/1/9/23.24DI_FinalFallOverall.pdf,2
2023-24,South Florida,fall,138,South Florida,American,FBS,45.0,45.0,45.0,https://dxbhsrqyrr690.cloudfront.net/sidearm.nextgen.sites/nacda.com/documents/2024/1/9/23.24DI_FinalFallOverall.pdf,2
2023-24,UTSA,fall,138,UTSA,American,FBS,45.0,45.0,45.0,https://dxbhsrqyrr690.cloudfront.net/sidearm.nextgen.sites/nacda.com/documents/2024/1/9/23.24DI_FinalFallOverall.pdf,2
2023-24,Virginia Tech,fall,138,Virginia Tech,ACC,FBS,45.0,45.0,45.0,https://dxbhsrqyrr690.cloudfront.net/sidearm.nextgen.sites/nacda.com/documents/2024/1/9/23.24DI_FinalFallOverall.pdf,2
2023-24,William & Mary,fall,138,William & Mary,CAA,FCS,45.0,45.0,45.0,https://dxbhsrqyrr690.cloudfront.net/sidearm.nextgen.sites/nacda.com/documents/2024/1/9/23.24DI_FinalFallOverall.pdf,2
2023-24,Wyoming,fall,138,Wyoming,Mountain West,FBS,45.0,45.0,45.0,https://dxbhsrqyrr690.cloudfront.net/sidearm.nextgen.sites/nacda.com/documents/2024/1/9/23.24DI_FinalFallOverall.pdf,2
2023-24,Eastern Kentucky,fall,152,Eastern Kentucky,ASUN,FCS,43.0,43.0,43.0,https://dxbhsrqyrr690.cloudfront.net/sidearm.nextgen.sites/nacda.com/documents/2024/1/9/23.24DI_FinalFallOverall.pdf,2
2023-24,Cornell,fall,153,Cornell,Ivy League,FCS,28.0,28.0,28.0,https://dxbhsrqyrr690.cloudfront.net/sidearm.nextgen.sites/nacda.com/documents/2024/1/9/23.24DI_FinalFallOverall.pdf,2
2023-24,Incarnate Word,fall,153,Incarnate Word,Southland,FCS,28.0,28.0,28.0,https://dxbhsrqyrr690.cloudfront.net/sidearm.nextgen.sites/nacda.com/documents/2024/1/9/23.24DI_FinalFallOverall.pdf,2
2023-24,Loyola Chicago,fall,153,Loyola Chicago,Atlantic 10,DI,28.0,28.0,28.0,https://dxbhsrqyrr690.cloudfront.net/sidearm.nextgen.sites/nacda.com/documents/2024/1/9/23.24DI_FinalFallOverall.pdf,2
2023-24,Navy,fall,153,Navy,Patriot,FBS,28.0,28.0,28.0,https://dxbhsrqyrr690.cloudfront.net/sidearm.nextgen.sites/nacda.com/documents/2024/1/9/23.24DI_FinalFallOverall.pdf,2
2023-24,Pennsylvania,fall,153,Pennsylvania,Ivy League,FCS,28.0,28.0,28.0,https://dxbhsrqyrr690.cloudfront.net/sidearm.nextgen.sites/nacda.com/documents/2024/1/9/23.24DI_FinalFallOverall.pdf,2
2023-24,Tulsa,fall,153,Tulsa,American,FBS,28.0,28.0,28.0,https://dxbhsrqyrr690.cloudfront.net/sidearm.nextgen.sites/nacda.com/documents/2024/1/9/23.24DI_FinalFallOverall.pdf,2
2023-24,Austin Peay State,fall,159,Austin Peay State,ASUN,FCS,25.0,25.0,25.0,https://dxbhsrqyrr690.cloudfront.net/sidearm.nextgen.sites/nacda.com/documents/2024/1/9/23.24DI_FinalFallOverall.pdf,2
2023-24,Boise State,fall,159,Boise State,Mountain West,FBS,25.0,25.0,25.0,https://dxbhsrqyrr690.cloudfront.net/sidearm.nextgen.sites/nacda.com/documents/2024/1/9/23.24DI_FinalFallOverall.pdf,2
2023-24,Boston University,fall,159,Boston University,Patriot,DI,25.0,25.0,25.0,https://dxbhsrqyrr690.cloudfront.net/sidearm.nextgen.sites/nacda.com/documents/2024/1/9/23.24DI_FinalFallOverall.pdf,2
2023-24,Bowling Green,fall,159,Bowling Green,MAC,FBS,25.0,25.0,25.0,https://dxbhsrqyrr690.cloudfront.net/sidearm.nextgen.sites/nacda.com/documents/2024/1/9/23.24DI_FinalFallOverall.pdf,2
2023-24,Bryant,fall,159,Bryant,America East,FCS,25.0,25.0,25.0,https://dxbhsrqyrr690.cloudfront.net/sidearm.nextgen.sites/nacda.com/documents/2024/1/9/23.24DI_FinalFallOverall.pdf,2
2023-24,Bucknell,fall,159,Bucknell,Patriot,FCS,25.0,25.0,25.0,https://dxbhsrqyrr690.cloudfront.net/sidearm.nextgen.sites/nacda.com/documents/2024/1/9/23.24DI_FinalFallOverall.pdf,2
2023-24,Central Connecticut State,fall,159,Central Connecticut State,Northeast,FCS,25.0,25.0,25.0,https://dxbhsrqyrr690.cloudfront.net/sidearm.nextgen.sites/nacda.com/documents/2024/1/9/23.24DI_FinalFallOverall.pdf,2
2023-24,Colgate,fall,159,Colgate,Patriot,FCS,25.0,25.0,25.0,https://dxbhsrqyrr690.cloudfront.net/sidearm.nextgen.sites/nacda.com/documents/2024/1/9/23.24DI_FinalFallOverall.pdf,2
2023-24,Coppin State,fall,159,Coppin State,MEAC,DI,25.0,25.0,25.0,https://dxbhsrqyrr690.cloudfront.net/sidearm.nextgen.sites/nacda.com/documents/2024/1/9/23.24DI_FinalFallOverall.pdf,2
2023-24,Drake,fall,159,Drake,Missouri Valley,FCS,25.0,25.0,25.0,https://dxbhsrqyrr690.cloudfront.net/sidearm.nextgen.sites/nacda.com/documents/2024/1/9/23.24DI_FinalFallOverall.pdf,2
2023-24,Duquesne,fall,159,Duquesne,Atlantic 10,FCS,25.0,25.0,25.0,https://dxbhsrqyrr690.cloudfront.net/sidearm.nextgen.sites/nacda.com/documents/2024/1/9/23.24DI_FinalFallOverall.pdf,2
2023-24,Eastern Illinois,fall,159,Eastern Illinois,OVC,FCS,25.0,25.0,25.0,https://dxbhsrqyrr690.cloudfront.net/sidearm.nextgen.sites/nacda.com/documents/2024/1/9/23.24DI_FinalFallOverall.pdf,2
2023-24,Eastern Michigan,fall,159,Eastern Michigan,MAC,FBS,25.0,25.0,25.0,https://dxbhsrqyrr690.cloudfront.net/sidearm.nextgen.sites/nacda.com/documents/2024/1/9/23.24DI_FinalFallOverall.pdf,2
2023-24,Fairfield,fall,159,Fairfield,MAAC,DI,25.0,25.0,25.0,https://dxbhsrqyrr690.cloudfront.net/sidearm.nextgen.sites/nacda.com/documents/2024/1/9/23.24DI_FinalFallOverall.pdf,2
2023-24,Fordham,fall,159,Fordham,Atlantic 10,FCS,25.0,25.0,25.0,https://dxbhsrqyrr690.cloudfront.net/sidearm.nextgen.sites/nacda.com/documents/2024/1/9/23.24DI_FinalFallOverall.pdf,2
2023-24,Gardner-Webb,fall,159,Gardner-Webb,Big South,FCS,25.0,25.0,25.0,https://dxbhsrqyrr690.cloudfront.net/sidearm.nextgen.sites/nacda.com/documents/2024/1/9/23.24DI_FinalFallOverall.pdf,2
2023-24,Georgia Southern,fall,159,Georgia Southern,Sun Belt,FBS,25.0,25.0,25.0,https://dxbhsrqyrr690.cloudfront.net/sidearm.nextgen.sites/nacda.com/documents/2024/1/9/23.24DI_FinalFallOverall.pdf,2
2023-24,Grambling State,fall,159,Grambling State,SWAC,FCS,25.0,25.0,25.0,https://dxbhsrqyrr690.cloudfront.net/sidearm.nextgen.sites/nacda.com/documents/2024/1/9/23.24DI_FinalFallOverall.pdf,2
2023-24,Howard,fall,159,Howard,MEAC,FBS,25.0,25.0,25.0,https://dxbhsrqyrr690.cloudfront.net/sidearm.nextgen.sites/nacda.com/documents/2024/1/9/23.24DI_FinalFallOverall.pdf,2
2023-24,Jackson State,fall,159,Jackson State,SWAC,FCS,25.0,25.0,25.0,https://dxbhsrqyrr690.cloudfront.net/sidearm.nextgen.sites/nacda.com/documents/2024/1/9/23.24DI_FinalFallOverall.pdf,2
2023-24,Jacksonville State,fall,159,Jacksonville State,Conference USA,FBS,25.0,25.0,25.0,https://dxbhsrqyrr690.cloudfront.net/sidearm.nextgen.sites/nacda.com/documents/2024/1/9/23.24DI_FinalFallOverall.pdf,2
2023-24,Lafayette,fall,159,Lafayette,Patriot,FCS,25.0,25.0,25.0,https://dxbhsrqyrr690.cloudfront.net/sidearm.nextgen.sites/nacda.com/documents/2024/1/9/23.24DI_FinalFallOverall.pdf,2
2023-24,Lamar,fall,159,Lamar,Southland,FCS,25.0,25.0,25.0,https://dxbhsrqyrr690.cloudfront.net/sidearm.nextgen.sites/nacda.com/documents/2024/1/9/23.24DI_FinalFallOverall.pdf,2
2023-24,Maine,fall,159,Maine,America East,FCS,25.0,25.0,25.0,https://dxbhsrqyrr690.cloudfront.net/sidearm.nextgen.sites/nacda.com/documents/2024/1/9/23.24DI_FinalFallOverall.pdf,2
2023-24,Morehead State,fall,159,Morehead State,OVC,FCS,25.0,25.0,25.0,https://dxbhsrqyrr690.cloudfront.net/sidearm.nextgen.sites/nacda.com/documents/2024/1/9/23.24DI_FinalFallOverall.pdf,2
2023-24,New Mexico State,fall,159,New Mexico State,Conference USA,FBS,25.0,25.0,25.0,https://dxbhsrqyrr690.cloudfront.net/sidearm.nextgen.sites/nacda.com/documents/2024/1/9/23.24DI_FinalFallOverall.pdf,2
2023-24,Nicholls State,fall,159,Nicholls State,Southland,FCS,25.0,25.0,25.0,https://dxbhsrqyrr690.cloudfront.net/sidearm.nextgen.sites/nacda.com/documents/2024/1/9/23.24DI_FinalFallOverall.pdf,2
2023-24,North Carolina Central,fall,159,North Carolina Central,MEAC,FCS,25.0,25.0,25.0,https://dxbhsrqyrr690.cloudfront.net/sidearm.nextgen.sites/nacda.com/documents/2024/1/9/23.24DI_FinalFallOverall.pdf,2
2023-24,North Dakota,fall,159,North Dakota,Summit,FCS,25.0,25.0,25.0,https://dxbhsrqyrr690.cloudfront.net/sidearm.nextgen.sites/nacda.com/documents/2024/1/9/23.24DI_FinalFallOverall.pdf,2
2023-24,Northern Iowa,fall,159,Northern Iowa,Missouri Valley,FCS,25.0,25.0,25.0,https://dxbhsrqyrr690.cloudfront.net/sidearm.nextgen.sites/nacda.com/documents/2024/1/9/23.24DI_FinalFallOverall.pdf,2
2023-24,Quinnipiac,fall,159,Quinnipiac,MAAC,DI,25.0,25.0,25.0,https://dxbhsrqyrr690.cloudfront.net/sidearm.nextgen.sites/nacda.com/documents/2024/1/9/23.24DI_FinalFallOverall.pdf,2
2023-24,Radford,fall,159,Radford,Big South,DI,25.0,25.0,25.0,https://dxbhsrqyrr690.cloudfront.net/sidearm.nextgen.sites/nacda.com/documents/2024/1/9/23.24DI_FinalFallOverall.pdf,2
2023-24,Rice,fall,159,Rice,American,FBS,25.0,25.0,25.0,https://dxbhsrqyrr690.cloudfront.net/sidearm.nextgen.sites/nacda.com/documents/2024/1/9/23.24DI_FinalFallOverall.pdf,2
2023-24,Rider,fall,159,Rider,MAAC,DI,25.0,25.0,25.0,https://dxbhsrqyrr690.cloudfront.net/sidearm.nextgen.sites/nacda.com/documents/2024/1/9/23.24DI_FinalFallOverall.pdf,2
2023-24,Sacred Heart,fall,159,Sacred Heart,Northeast,FCS,25.0,25.0,25.0,https://dxbhsrqyrr690.cloudfront.net/sidearm.nextgen.sites/nacda.com/documents/2024/1/9/23.24DI_FinalFallOverall.pdf,2
2023-24,San Diego,fall,159,San Diego,WCC,FCS,25.0,25.0,25.0,https://dxbhsrqyrr690.cloudfront.net/sidearm.nextgen.sites/nacda.com/documents/2024/1/9/23.24DI_FinalFallOverall.pdf,2
2023-24,Seattle,fall,159,Seattle,WAC,DI,25.0,25.0,25.0,https://dxbhsrqyrr690.cloudfront.net/sidearm.nextgen.sites/nacda.com/documents/2024/1/9/23.24DI_FinalFallOverall.pdf,2
2023-24,SIU Edwardsville,fall,159,SIU Edwardsville,OVC,DI,25.0,25.0,25.0,https://dxbhsrqyrr690.cloudfront.net/sidearm.nextgen.sites/nacda.com/documents/2024/1/9/23.24DI_FinalFallOverall.pdf,2
2023-24,Southeastern Louisiana,fall,159,Southeastern Louisiana,Southland,FCS,25.0,25.0,25.0,https://dxbhsrqyrr690.cloudfront.net/sidearm.nextgen.sites/nacda.com/documents/2024/1/9/23.24DI_FinalFallOverall.pdf,2
2023-24,Stephen F. Austin,fall,159,Stephen F. Austin,WAC,FCS,25.0,25.0,25.0,https://dxbhsrqyrr690.cloudfront.net/sidearm.nextgen.sites/nacda.com/documents/2024/1/9/23.24DI_FinalFallOverall.pdf,2
2023-24,Toledo,fall,159,Toledo,MAC,FBS,25.0,25.0,25.0,https://dxbhsrqyrr690.cloudfront.net/sidearm.nextgen.sites/nacda.com/documents/2024/1/9/23.24DI_FinalFallOverall.pdf,3
2023-24,Towson,fall,159,Towson,CAA,FCS,25.0,25.0,25.0,https://dxbhsrqyrr690.cloudfront.net/sidearm.nextgen.sites/nacda.com/documents/2024/1/9/23.24DI_FinalFallOverall.pdf,3
2023-24,Troy,fall,159,Troy,Sun Belt,FBS,25.0,25.0,25.0,https://dxbhsrqyrr690.cloudfront.net/sidearm.nextgen.sites/nacda.com/documents/2024/1/9/23.24DI_FinalFallOverall.pdf,3
2023-24,UC Santa Barbara,fall,159,UC Santa Barbara,Big West,DI,25.0,25.0,25.0,https://dxbhsrqyrr690.cloudfront.net/sidearm.nextgen.sites/nacda.com/documents/2024/1/9/23.24DI_FinalFallOverall.pdf,3
2023-24,UMBC,fall,159,UMBC,America East,DI,25.0,25.0,25.0,https://dxbhsrqyrr690.cloudfront.net/sidearm.nextgen.sites/nacda.com/documents/2024/1/9/23.24DI_FinalFallOverall.pdf,3
2023-24,UNLV,fall,159,UNLV,Mountain West,FBS,25.0,25.0,25.0,https://dxbhsrqyrr690.cloudfront.net/sidearm.nextgen.sites/nacda.com/documents/2024/1/9/23.24DI_FinalFallOverall.pdf,3
2023-24,Valparaiso,fall,159,Valparaiso,Missouri Valley,FCS,25.0,25.0,25.0,https://dxbhsrqyrr690.cloudfront.net/sidearm.nextgen.sites/nacda.com/documents/2024/1/9/23.24DI_FinalFallOverall.pdf,3
2023-24,Weber State,fall,159,Weber State,Big Sky,FCS,25.0,25.0,25.0,https://dxbhsrqyrr690.cloudfront.net/sidearm.nextgen.sites/nacda.com/documents/2024/1/9/23.24DI_FinalFallOverall.pdf,3
2023-24,Western Carolina,fall,159,Western Carolina,SoCon,FCS,25.0,25.0,25.0,https://dxbhsrqyrr690.cloudfront.net/sidearm.nextgen.sites/nacda.com/documents/2024/1/9/23.24DI_FinalFallOverall.pdf,3
2023-24,Wisconsin Green Bay,fall,159,Wisconsin Green Bay,Horizon League,DI,25.0,25.0,25.0,https://dxbhsrqyrr690.cloudfront.net/sidearm.nextgen.sites/nacda.com/documents/2024/1/9/23.24DI_FinalFallOverall.pdf,3
2023-24,Wisconsin Milwaukee,fall,159,Wisconsin Milwaukee,Horizon League,DI,25.0,25.0,25.0,https://dxbhsrqyrr690.cloudfront.net/sidearm.nextgen.sites/nacda.com/documents/2024/1/9/23.24DI_FinalFallOverall.pdf,3
2023-24,Wofford,fall,159,Wofford,SoCon,FCS,25.0,25.0,25.0,https://dxbhsrqyrr690.cloudfront.net/sidearm.nextgen.sites/nacda.com/documents/2024/1/9/23.24DI_FinalFallOverall.pdf,3
2023-24,Wright State,fall,159,Wright State,Horizon League,DI,25.0,25.0,25.0,https://dxbhsrqyrr690.cloudfront.net/sidearm.nextgen.sites/nacda.com/documents/2024/1/9/23.24DI_FinalFallOverall.pdf,3
2023-24,Stanford,winter,1,Stanford,Pac-12,FBS,977.0,606.0,371.0,https://dxbhsrqyrr690.cloudfront.net/sidearm.nextgen.sites/nacda.com/documents/2024/4/22/23.24DI_WinterOverall_4.25.pdf,1
2023-24,Texas,winter,2,Texas,Big 12,FBS,746.5,402.5,344.0,https://dxbhsrqyrr690.cloudfront.net/sidearm.nextgen.sites/nacda.com/documents/2024/4/22/23.24DI_WinterOverall_4.25.pdf,1
2023-24,North Carolina,winter,3,North Carolina,ACC,FBS,733.5,361.0,372.5,https://dxbhsrqyrr690.cloudfront.net/sidearm.nextgen.sites/nacda.com/documents/2024/4/22/23.24DI_WinterOverall_4.25.pdf,1
2023-24,Michigan,winter,4,Michigan,Big Ten,FBS,708.0,500.0,208.0,https://dxbhsrqyrr690.cloudfront.net/sidearm.nextgen.sites/nacda.com/documents/2024/4/22/23.24DI_WinterOverall_4.25.pdf,1
2023-24,Penn State,winter,5,Penn State,Big Ten,FBS,702.75,431.75,271.0,https://dxbhsrqyrr690.cloudfront.net/sidearm.nextgen.sites/nacda.com/documents/2024/4/22/23.24DI_WinterOverall_4.25.pdf,1
2023-24,Notre Dame,winter,6,Notre Dame,ACC,FBS,698.0,355.0,343.0,https://dxbhsrqyrr690.cloudfront.net/sidearm.nextgen.sites/nacda.com/documents/2024/4/22/23.24DI_WinterOverall_4.25.pdf,1
2023-24,Nebraska,winter,7,Nebraska,Big Ten,FBS,672.25,509.25,163.0,https://dxbhsrqyrr690.cloudfront.net/sidearm.nextgen.sites/nacda.com/documents/2024/4/22/23.24DI_WinterOverall_4.25.pdf,1
2023-24,Ohio State,winter,8,Ohio State,Big Ten,FBS,669.0,548.5,120.5,https://dxbhsrqyrr690.cloudfront.net/sidearm.nextgen.sites/nacda.com/documents/2024/4/22/23.24DI_WinterOverall_4.25.pdf,1
2023-24,Wisconsin,winter,9,Wisconsin,Big Ten,FBS,662.5,385.0,277.5,https://dxbhsrqyrr690.cloudfront.net/sidearm.nextgen.sites/nacda.com/documents/2024/4/22/23.24DI_WinterOverall_4.25.pdf,1
2023-24,Alabama,winter,10,Alabama,SEC,FBS,659.13,434.13,225.0,https://dxbhsrqyrr690.cloudfront.net/sidearm.nextgen.sites/nacda.com/documents/2024/4/22/23.24DI_WinterOverall_4.25.pdf,1
2023-24,Tennessee,winter,11,Tennessee,SEC,FBS,652.5,360.0,292.5,https://dxbhsrqyrr690.cloudfront.net/sidearm.nextgen.sites/nacda.com/documents/2024/4/22/23.24DI_WinterOverall_4.25.pdf,1
2023-24,North Carolina State,winter,12,North Carolina State,ACC,FBS,651.5,441.5,210.0,https://dxbhsrqyrr690.cloudfront.net/sidearm.nextgen.sites/nacda.com/documents/2024/4/22/23.24DI_WinterOverall_4.25.pdf,1
2023-24,Florida,winter,13,Florida,SEC,FBS,575.0,450.0,125.0,https://dxbhsrqyrr690.cloudfront.net/sidearm.nextgen.sites/nacda.com/documents/2024/4/22/23.24DI_WinterOverall_4.25.pdf,1
2023-24,Arkansas,winter,14,Arkansas,SEC,FBS,566.25,294.25,272.0,https://dxbhsrqyrr690.cloudfront.net/sidearm.nextgen.sites/nacda.com/documents/2024/4/22/23.24DI_WinterOverall_4.25.pdf,1
2023-24,USC,winter,15,USC,Pac-12,FBS,536.5,336.5,200.0,https://dxbhsrqyrr690.cloudfront.net/sidearm.nextgen.sites/nacda.com/documents/2024/4/22/23.24DI_WinterOverall_4.25.pdf,1
2023-24,Virginia,winter,16,Virginia,ACC,FBS,524.0,265.0,259.0,https://dxbhsrqyrr690.cloudfront.net/sidearm.nextgen.sites/nacda.com/documents/2024/4/22/23.24DI_WinterOverall_4.25.pdf,1
2023-24,Iowa State,winter,17,Iowa State,Big 12,FBS,522.5,343.5,179.0,https://dxbhsrqyrr690.cloudfront.net/sidearm.nextgen.sites/nacda.com/documents/2024/4/22/23.24DI_WinterOverall_4.25.pdf,1
2023-24,Minnesota,winter,18,Minnesota,Big Ten,FBS,509.75,386.75,123.0,https://dxbhsrqyrr690.cloudfront.net/sidearm.nextgen.sites/nacda.com/documents/2024/4/22/23.24DI_WinterOverall_4.25.pdf,1
2023-24,BYU,winter,19,BYU,Big 12,FBS,503.5,224.0,279.5,https://dxbhsrqyrr690.cloudfront.net/sidearm.nextgen.sites/nacda.com/documents/2024/4/22/23.24DI_WinterOverall_4.25.pdf,1
2023-24,Georgia,winter,20,Georgia,SEC,FBS,499.38,325.38,174.0,https://dxbhsrqyrr690.cloudfront.net/sidearm.nextgen.sites/nacda.com/documents/2024/4/22/23.24DI_WinterOverall_4.25.pdf,1
2023-24,Harvard,winter,21,Harvard,Ivy League,FCS,489.5,265.5,224.0,https://dxbhsrqyrr690.cloudfront.net/sidearm.nextgen.sites/nacda.com/documents/2024/4/22/23.24DI_WinterOverall_4.25.pdf,1
2023-24,LSU,winter,22,LSU,SEC,FBS,485.0,367.5,117.5,https://dxbhsrqyrr690.cloudfront.net/sidearm.nextgen.sites/nacda.com/documents/2024/4/22/23.24DI_WinterOverall_4.25.pdf,1
2023-24,Texas A&M,winter,23,Texas A&M,SEC,FBS,474.0,330.0,144.0,https://dxbhsrqyrr690.cloudfront.net/sidearm.nextgen.sites/nacda.com/documents/2024/4/22/23.24DI_WinterOverall_4.25.pdf,1
2023-24,Oklahoma State,winter,24,Oklahoma State,Big 12,FBS,452.0,208.5,243.5,https://dxbhsrqyrr690.cloudfront.net/sidearm.nextgen.sites/nacda.com/documents/2024/4/22/23.24DI_WinterOverall_4.25.pdf,1
2023-24,Florida State,winter,25,Florida State,ACC,FBS,444.38,198.88,245.5,https://dxbhsrqyrr690.cloudfront.net/sidearm.nextgen.sites/nacda.com/documents/2024/4/22/23.24DI_WinterOverall_4.25.pdf,1
2023-24,Duke,winter,26,Duke,ACC,FBS,433.5,255.5,178.0,https://dxbhsrqyrr690.cloudfront.net/sidearm.nextgen.sites/nacda.com/documents/2024/4/22/23.24DI_WinterOverall_4.25.pdf,1
2023-24,Louisville,winter,27,Louisville,ACC,FBS,431.5,187.5,244.0,https://dxbhsrqyrr690.cloudfront.net/sidearm.nextgen.sites/nacda.com/documents/2024/4/22/23.24DI_WinterOverall_4.25.pdf,1
2023-24,California,winter,28,California,Pac-12,FBS,428.5,278.5,150.0,https://dxbhsrqyrr690.cloudfront.net/sidearm.nextgen.sites/nacda.com/documents/2024/4/22/23.24DI_WinterOverall_4.25.pdf,1
2023-24,Arizona State,winter,29,Arizona State,Pac-12,FBS,420.75,331.75,89.0,https://dxbhsrqyrr690.cloudfront.net/sidearm.nextgen.sites/nacda.com/documents/2024/4/22/23.24DI_WinterOverall_4.25.pdf,1
2023-24,Michigan State,winter,30,Michigan State,Big Ten,FBS,416.75,266.25,150.5,https://dxbhsrqyrr690.cloudfront.net/sidearm.nextgen.sites/nacda.com/documents/2024/4/22/23.24DI_WinterOverall_4.25.pdf,1
2023-24,Clemson,winter,31,Clemson,ACC,FBS,413.5,176.5,237.0,https://dxbhsrqyrr690.cloudfront.net/sidearm.nextgen.sites/nacda.com/documents/2024/4/22/23.24DI_WinterOverall_4.25.pdf,1
2023-24,Indiana,winter,32,Indiana,Big Ten,FBS,412.0,314.0,98.0,https://dxbhsrqyrr690.cloudfront.net/sidearm.nextgen.sites/nacda.com/documents/2024/4/22/23.24DI_WinterOverall_4.25.pdf,1
2023-24,Utah,winter,33,Utah,Pac-12,FBS,396.0,308.0,88.0,https://dxbhsrqyrr690.cloudfront.net/sidearm.nextgen.sites/nacda.com/documents/2024/4/22/23.24DI_WinterOverall_4.25.pdf,1
2023-24,Virginia Tech,winter,34,Virginia Tech,ACC,FBS,393.75,348.75,45.0,https://dxbhsrqyrr690.cloudfront.net/sidearm.nextgen.sites/nacda.com/documents/2024/4/22/23.24DI_WinterOverall_4.25.pdf,1
2023-24,West Virginia,winter,35,West Virginia,Big 12,FBS,386.0,226.0,160.0,https://dxbhsrqyrr690.cloudfront.net/sidearm.nextgen.sites/nacda.com/documents/2024/4/22/23.24DI_WinterOverall_4.25.pdf,1
2023-24,Oklahoma,winter,36,Oklahoma,Big 12,FBS,383.75,323.75,60.0,https://dxbhsrqyrr690.cloudfront.net/sidearm.nextgen.sites/nacda.com/documents/2024/4/22/23.24DI_WinterOverall_4.25.pdf,1
2023-24,Iowa,winter,37,Iowa,Big Ten,FBS,381.0,234.0,147.0,https://dxbhsrqyrr690.cloudfront.net/sidearm.nextgen.sites/nacda.com/documents/2024/4/22/23.24DI_WinterOverall_4.25.pdf,1
2023-24,UCLA,winter,38,UCLA,Pac-12,FBS,379.5,169.5,210.0,https://dxbhsrqyrr690.cloudfront.net/sidearm.nextgen.sites/nacda.com/documents/2024/4/22/23.24DI_WinterOverall_4.25.pdf,1
2023-24,Kentucky,winter,39,Kentucky,SEC,FBS,376.75,237.75,139.0,https://dxbhsrqyrr690.cloudfront.net/sidearm.nextgen.sites/nacda.com/documents/2024/4/22/23.24DI_WinterOverall_4.25.pdf,1
2023-24,Colorado,winter,40,Colorado,Pac-12,FBS,364.5,235.5,129.0,https://dxbhsrqyrr690.cloudfront.net/sidearm.nextgen.sites/nacda.com/documents/2024/4/22/23.24DI_WinterOverall_4.25.pdf,1
2023-24,Washington,winter,41,Washington,Pac-12,FBS,358.0,169.5,188.5,https://dxbhsrqyrr690.cloudfront.net/sidearm.nextgen.sites/nacda.com/documents/2024/4/22/23.24DI_WinterOverall_4.25.pdf,1
2023-24,Northwestern,winter,42,Northwestern,Big Ten,FBS,353.0,190.0,163.0,https://dxbhsrqyrr690.cloudfront.net/sidearm.nextgen.sites/nacda.com/documents/2024/4/22/23.24DI_WinterOverall_4.25.pdf,1
2023-24,Ole Miss,winter,43,Ole Miss,SEC,FBS,352.88,202.88,150.0,https://dxbhsrqyrr690.cloudfront.net/sidearm.nextgen.sites/nacda.com/documents/2024/4/22/23.24DI_WinterOverall_4.25.pdf,1
2023-24,Oregon,winter,44,Oregon,Pac-12,FBS,342.5,130.0,212.5,https://dxbhsrqyrr690.cloudfront.net/sidearm.nextgen.sites/nacda.com/documents/2024/4/22/23.24DI_WinterOverall_4.25.pdf,1
2023-24,Syracuse,winter,45,Syracuse,ACC,FBS,333.0,77.0,256.0,https://dxbhsrqyrr690.cloudfront.net/sidearm.nextgen.sites/nacda.com/documents/2024/4/22/23.24DI_WinterOverall_4.25.pdf,1
2023-24,South Carolina,winter,46,South Carolina,SEC,FBS,330.0,280.0,50.0,https://dxbhsrqyrr690.cloudfront.net/sidearm.nextgen.sites/nacda.com/documents/2024/4/22/23.24DI_WinterOverall_4.25.pdf,1
2023-24,Illinois,winter,47,Illinois,Big Ten,FBS,325.5,325.5,0.0,https://dxbhsrqyrr690.cloudfront.net/sidearm.nextgen.sites/nacda.com/documents/2024/4/22/23.24DI_WinterOverall_4.25.pdf,1
2023-24,Air Force,winter,48,Air Force,Mountain West,FBS,304.0,194.5,109.5,https://dxbhsrqyrr690.cloudfront.net/sidearm.nextgen.sites/nacda.com/documents/2024/4/22/23.24DI_WinterOverall_4.25.pdf,1
2023-24,Princeton,winter,48,Princeton,Ivy League,FCS,304.0,133.0,171.0,https://dxbhsrqyrr690.cloudfront.net/sidearm.nextgen.sites/nacda.com/documents/2024/4/22/23.24DI_WinterOverall_4.25.pdf,1
2023-24,Georgetown,winter,50,Georgetown,Big East,FCS,303.0,103.0,200.0,https://dxbhsrqyrr690.cloudfront.net/sidearm.nextgen.sites/nacda.com/documents/2024/4/22/23.24DI_WinterOverall_4.25.pdf,1
2023-24,Denver,winter,51,Denver,Summit,DI,301.75,251.75,50.0,https://dxbhsrqyrr690.cloudfront.net/sidearm.nextgen.sites/nacda.com/documents/2024/4/22/23.24DI_WinterOverall_4.25.pdf,1
2023-24,Missouri,winter,52,Missouri,SEC,FBS,299.0,178.5,120.5,https://dxbhsrqyrr690.cloudfront.net/sidearm.nextgen.sites/nacda.com/documents/2024/4/22/23.24DI_WinterOverall_4.25.pdf,1
2023-24,Texas Tech,winter,53,Texas Tech,Big 12,FBS,293.25,184.25,109.0,https://dxbhsrqyrr690.cloudfront.net/sidearm.nextgen.sites/nacda.com/documents/2024/4/22/23.24DI_WinterOverall_4.25.pdf,1
2023-24,Cornell,winter,54,Cornell,Ivy League,FCS,289.0,261.0,28.0,https://dxbhsrqyrr690.cloudfront.net/sidearm.nextgen.sites/nacda.com/documents/2024/4/22/23.24DI_WinterOverall_4.25.pdf,1
2023-24,Purdue,winter,55,Purdue,Big Ten,FBS,284.0,220.0,64.0,https://dxbhsrqyrr690.cloudfront.net/sidearm.nextgen.sites/nacda.com/documents/2024/4/22/23.24DI_WinterOverall_4.25.pdf,1
2023-24,Kansas,winter,56,Kansas,Big 12,FBS,283.5,182.5,101.0,https://dxbhsrqyrr690.cloudfront.net/sidearm.nextgen.sites/nacda.com/documents/2024/4/22/23.24DI_WinterOverall_4.25.pdf,1
2023-24,Northern Arizona,winter,57,Northern Arizona,Big Sky,FCS,281.5,101.5,180.0,https://dxbhsrqyrr690.cloudfront.net/sidearm.nextgen.sites/nacda.com/documents/2024/4/22/23.24DI_WinterOverall_4.25.pdf,1
2023-24,Oregon State,winter,58,Oregon State,Pac-12,FBS,277.0,169.0,108.0,https://dxbhsrqyrr690.cloudfront.net/sidearm.nextgen.sites/nacda.com/documents/2024/4/22/23.24DI_WinterOverall_4.25.pdf,1
2023-24,Pittsburgh,winter,58,Pittsburgh,ACC,FBS,277.0,96.0,181.0,https://dxbhsrqyrr690.cloudfront.net/sidearm.nextgen.sites/nacda.com/documents/2024/4/22/23.24DI_WinterOverall_4.25.pdf,1
2023-24,Rutgers,winter,60,Rutgers,Big Ten,FBS,274.5,159.5,115.0,https://dxbhsrqyrr690.cloudfront.net/sidearm.nextgen.sites/nacda.com/documents/2024/4/22/23.24DI_WinterOverall_4.25.pdf,1
2023-24,South Dakota State,winter,61,South Dakota State,Summit,FCS,266.0,113.0,153.0,https://dxbhsrqyrr690.cloudfront.net/sidearm.nextgen.sites/nacda.com/documents/2024/4/22/23.24DI_WinterOverall_4.25.pdf,1
2023-24,Pennsylvania,winter,62,Pennsylvania,Ivy League,FCS,263.5,235.5,28.0,https://dxbhsrqyrr690.cloudfront.net/sidearm.nextgen.sites/nacda.com/documents/2024/4/22/23.24DI_WinterOverall_4.25.pdf,1
2023-24,Boston College,winter,63,Boston College,ACC,FBS,260.0,167.0,93.0,https://dxbhsrqyrr690.cloudfront.net/sidearm.nextgen.sites/nacda.com/documents/2024/4/22/23.24DI_WinterOverall_4.25.pdf,1
2023-24,Auburn,winter,64,Auburn,SEC,FBS,253.0,203.0,50.0,https://dxbhsrqyrr690.cloudfront.net/sidearm.nextgen.sites/nacda.com/documents/2024/4/22/23.24DI_WinterOverall_4.25.pdf,1
2023-24,Gonzaga,winter,65,Gonzaga,WCC,DI,252.0,128.0,124.0,https://dxbhsrqyrr690.cloudfront.net/sidearm.nextgen.sites/nacda.com/documents/2024/4/22/23.24DI_WinterOverall_4.25.pdf,1
2023-24,Arizona,winter,66,Arizona,Pac-12,FBS,247.0,181.0,66.0,https://dxbhsrqyrr690.cloudfront.net/sidearm.nextgen.sites/nacda.com/documents/2024/4/22/23.24DI_WinterOverall_4.25.pdf,1
2023-24,Villanova,winter,67,Villanova,Big East,FCS,232.5,80.5,152.0,https://dxbhsrqyrr690.cloudfront.net/sidearm.nextgen.sites/nacda.com/documents/2024/4/22/23.24DI_WinterOverall_4.25.pdf,1
2023-24,SMU,winter,68,SMU,American,FBS,220.0,56.0,164.0,https://dxbhsrqyrr690.cloudfront.net/sidearm.nextgen.sites/nacda.com/documents/2024/4/22/23.24DI_WinterOverall_4.25.pdf,1
2023-24,Maryland,winter,69,Maryland,Big Ten,FBS,218.5,108.5,110.0,https://dxbhsrqyrr690.cloudfront.net/sidearm.nextgen.sites/nacda.com/documents/2024/4/22/23.24DI_WinterOverall_4.25.pdf,1
2023-24,Baylor,winter,70,Baylor,Big 12,FBS,216.5,166.5,50.0,https://dxbhsrqyrr690.cloudfront.net/sidearm.nextgen.sites/nacda.com/documents/2024/4/22/23.24DI_WinterOverall_4.25.pdf,1
2023-24,California Baptist,winter,70,California Baptist,WAC,DI,216.5,51.0,165.5,https://dxbhsrqyrr690.cloudfront.net/sidearm.nextgen.sites/nacda.com/documents/2024/4/22/23.24DI_WinterOverall_4.25.pdf,1
2023-24,Houston,winter,72,Houston,Big 12,FBS,215.0,165.0,50.0,https://dxbhsrqyrr690.cloudfront.net/sidearm.nextgen.sites/nacda.com/documents/2024/4/22/23.24DI_WinterOverall_4.25.pdf,2
2023-24,Columbia,winter,73,Columbia,Ivy League,FCS,211.0,133.0,78.0,https://dxbhsrqyrr690.cloudfront.net/sidearm.nextgen.sites/nacda.com/documents/2024/4/22/23.24DI_WinterOverall_4.25.pdf,2
2023-24,UConn,winter,74,UConn,Big East,FBS,208.0,208.0,0.0,https://dxbhsrqyrr690.cloudfront.net/sidearm.nextgen.sites/nacda.com/documents/2024/4/22/23.24DI_WinterOverall_4.25.pdf,2
2023-24,Montana State,winter,75,Montana State,Big Sky,FCS,196.0,80.0,116.0,https://dxbhsrqyrr690.cloudfront.net/sidearm.nextgen.sites/nacda.com/documents/2024/4/22/23.24DI_WinterOverall_4.25.pdf,2
2023-24,Miami (FL),winter,76,Miami (FL),ACC,FBS,194.5,119.5,75.0,https://dxbhsrqyrr690.cloudfront.net/sidearm.nextgen.sites/nacda.com/documents/2024/4/22/23.24DI_WinterOverall_4.25.pdf,2
2023-24,Arkansas State,winter,77,Arkansas State,Sun Belt,FBS,190.5,137.5,53.0,https://dxbhsrqyrr690.cloudfront.net/sidearm.nextgen.sites/nacda.com/documents/2024/4/22/23.24DI_WinterOverall_4.25.pdf,2
2023-24,James Madison,winter,78,James Madison,Sun Belt,FBS,189.0,50.0,139.0,https://dxbhsrqyrr690.cloudfront.net/sidearm.nextgen.sites/nacda.com/documents/2024/4/22/23.24DI_WinterOverall_4.25.pdf,2
2023-24,Yale,winter,79,Yale,Ivy League,FCS,188.0,113.0,75.0,https://dxbhsrqyrr690.cloudfront.net/sidearm.nextgen.sites/nacda.com/documents/2024/4/22/23.24DI_WinterOverall_4.25.pdf,2
2023-24,Creighton,winter,80,Creighton,Big East,DI,178.0,114.0,64.0,https://dxbhsrqyrr690.cloudfront.net/sidearm.nextgen.sites/nacda.com/documents/2024/4/22/23.24DI_WinterOverall_4.25.pdf,2
2023-24,TCU,winter,81,TCU,Big 12,FBS,175.0,125.0,50.0,https://dxbhsrqyrr690.cloudfront.net/sidearm.nextgen.sites/nacda.com/documents/2024/4/22/23.24DI_WinterOverall_4.25.pdf,2
2023-24,Vermont,winter,82,Vermont,America East,DI,161.0,97.0,64.0,https://dxbhsrqyrr690.cloudfront.net/sidearm.nextgen.sites/nacda.com/documents/2024/4/22/23.24DI_WinterOverall_4.25.pdf,2
2023-24,Wake Forest,winter,83,Wake Forest,ACC,FBS,160.5,32.5,128.0,https://dxbhsrqyrr690.cloudfront.net/sidearm.nextgen.sites/nacda.com/documents/2024/4/22/23.24DI_WinterOverall_4.25.pdf,2
2023-24,Memphis,winter,84,Memphis,American,FBS,159.0,0.0,159.0,https://dxbhsrqyrr690.cloudfront.net/sidearm.nextgen.sites/nacda.com/documents/2024/4/22/23.24DI_WinterOverall_4.25.pdf,2
2023-24,Providence,winter,85,Providence,Big East,DI,149.5,50.5,99.0,https://dxbhsrqyrr690.cloudfront.net/sidearm.nextgen.sites/nacda.com/documents/2024/4/22/23.24DI_WinterOverall_4.25.pdf,2
2023-24,Navy,winter,86,Navy,Patriot,FBS,142.0,114.0,28.0,https://dxbhsrqyrr690.cloudfront.net/sidearm.nextgen.sites/nacda.com/documents/2024/4/22/23.24DI_WinterOverall_4.25.pdf,2
2023-24,Duquesne,winter,87,Duquesne,Atlantic 10,FCS,140.0,115.0,25.0,https://dxbhsrqyrr690.cloudfront.net/sidearm.nextgen.sites/nacda.com/documents/2024/4/22/23.24DI_WinterOverall_4.25.pdf,2
2023-24,Youngstown State,winter,88,Youngstown State,Horizon League,FCS,139.5,86.5,53.0,https://dxbhsrqyrr690.cloudfront.net/sidearm.nextgen.sites/nacda.com/documents/2024/4/22/23.24DI_WinterOverall_4.25.pdf,2
2023-24,Marquette,winter,89,Marquette,Big East,DI,139.0,89.0,50.0,https://dxbhsrqyrr690.cloudfront.net/sidearm.nextgen.sites/nacda.com/documents/2024/4/22/23.24DI_WinterOverall_4.25.pdf,2
2023-24,UC Irvine,winter,89,UC Irvine,Big West,DI,139.0,25.0,114.0,https://dxbhsrqyrr690.cloudfront.net/sidearm.nextgen.sites/nacda.com/documents/2024/4/22/23.24DI_WinterOverall_4.25.pdf,2
2023-24,Western Michigan,winter,89,Western Michigan,MAC,FBS,139.0,25.0,114.0,https://dxbhsrqyrr690.cloudfront.net/sidearm.nextgen.sites/nacda.com/documents/2024/4/22/23.24DI_WinterOverall_4.25.pdf,2
2023-24,Washington State,winter,92,Washington State,Pac-12,FBS,138.0,74.0,64.0,https://dxbhsrqyrr690.cloudfront.net/sidearm.nextgen.sites/nacda.com/documents/2024/4/22/23.24DI_WinterOverall_4.25.pdf,2
2023-24,Colgate,winter,93,Colgate,Patriot,FCS,133.0,108.0,25.0,https://dxbhsrqyrr690.cloudfront.net/sidearm.nextgen.sites/nacda.com/documents/2024/4/22/23.24DI_WinterOverall_4.25.pdf,2
2023-24,Kansas State,winter,93,Kansas State,Big 12,FBS,133.0,50.0,83.0,https://dxbhsrqyrr690.cloudfront.net/sidearm.nextgen.sites/nacda.com/documents/2024/4/22/23.24DI_WinterOverall_4.25.pdf,2
2023-24,San Jose State,winter,93,San Jose State,Mountain West,FBS,133.0,83.0,50.0,https://dxbhsrqyrr690.cloudfront.net/sidearm.nextgen.sites/nacda.com/documents/2024/4/22/23.24DI_WinterOverall_4.25.pdf,2
2023-24,New Hampshire,winter,96,New Hampshire,America East,FCS,130.0,66.0,64.0,https://dxbhsrqyrr690.cloudfront.net/sidearm.nextgen.sites/nacda.com/documents/2024/4/22/23.24DI_WinterOverall_4.25.pdf,2
2023-24,Portland,winter,97,Portland,WCC,DI,126.0,25.0,101.0,https://dxbhsrqyrr690.cloudfront.net/sidearm.nextgen.sites/nacda.com/documents/2024/4/22/23.24DI_WinterOverall_4.25.pdf,2
2023-24,Dayton,winter,98,Dayton,Atlantic 10,FCS,125.0,50.0,75.0,https://dxbhsrqyrr690.cloudfront.net/sidearm.nextgen.sites/nacda.com/documents/2024/4/22/23.24DI_WinterOverall_4.25.pdf,2
2023-24,Jacksonville State,winter,98,Jacksonville State,Conference USA,FBS,125.0,100.0,25.0,https://dxbhsrqyrr690.cloudfront.net/sidearm.nextgen.sites/nacda.com/documents/2024/4/22/23.24DI_WinterOverall_4.25.pdf,2
2023-24,Utah State,winter,98,Utah State,Mountain West,FBS,125.0,50.0,75.0,https://dxbhsrqyrr690.cloudfront.net/sidearm.nextgen.sites/nacda.com/documents/2024/4/22/23.24DI_WinterOverall_4.25.pdf,2
2023-24,Towson,winter,101,Towson,CAA,FCS,123.5,98.5,25.0,https://dxbhsrqyrr690.cloudfront.net/sidearm.nextgen.sites/nacda.com/documents/2024/4/22/23.24DI_WinterOverall_4.25.pdf,2
2023-24,Colorado State,winter,102,Colorado State,Mountain West,FBS,123.0,78.0,45.0,https://dxbhsrqyrr690.cloudfront.net/sidearm.nextgen.sites/nacda.com/documents/2024/4/22/23.24DI_WinterOverall_4.25.pdf,2
2023-24,Furman,winter,103,Furman,SoCon,FCS,120.0,0.0,120.0,https://dxbhsrqyrr690.cloudfront.net/sidearm.nextgen.sites/nacda.com/documents/2024/4/22/23.24DI_WinterOverall_4.25.pdf,2
2023-24,New Mexico,winter,103,New Mexico,Mountain West,FBS,120.0,64.0,56.0,https://dxbhsrqyrr690.cloudfront.net/sidearm.nextgen.sites/nacda.com/documents/2024/4/22/23.24DI_WinterOverall_4.25.pdf,2
2023-24,Western Kentucky,winter,103,Western Kentucky,Conference USA,FBS,120.0,25.0,95.0,https://dxbhsrqyrr690.cloudfront.net/sidearm.nextgen.sites/nacda.com/documents/2024/4/22/23.24DI_WinterOverall_4.25.pdf,2
2023-24,Lipscomb,winter,106,Lipscomb,ASUN,DI,119.0,0.0,119.0,https://dxbhsrqyrr690.cloudfront.net/sidearm.nextgen.sites/nacda.com/documents/2024/4/22/23.24DI_WinterOverall_4.25.pdf,2
2023-24,Ohio,winter,106,Ohio,MAC,FBS,119.0,49.0,70.0,https://dxbhsrqyrr690.cloudfront.net/sidearm.nextgen.sites/nacda.com/documents/2024/4/22/23.24DI_WinterOverall_4.25.pdf,2
2023-24,Vanderbilt,winter,106,Vanderbilt,SEC,FBS,119.0,119.0,0.0,https://dxbhsrqyrr690.cloudfront.net/sidearm.nextgen.sites/nacda.com/documents/2024/4/22/23.24DI_WinterOverall_4.25.pdf,2
2023-24,Brown,winter,109,Brown,Ivy League,FCS,116.0,66.0,50.0,https://dxbhsrqyrr690.cloudfront.net/sidearm.nextgen.sites/nacda.com/documents/2024/4/22/23.24DI_WinterOverall_4.25.pdf,2
2023-24,Marshall,winter,110,Marshall,Sun Belt,FBS,114.0,25.0,89.0,https://dxbhsrqyrr690.cloudfront.net/sidearm.nextgen.sites/nacda.com/documents/2024/4/22/23.24DI_WinterOverall_4.25.pdf,2
2023-24,North Dakota State,winter,111,North Dakota State,Summit,FCS,112.5,29.5,83.0,https://dxbhsrqyrr690.cloudfront.net/sidearm.nextgen.sites/nacda.com/documents/2024/4/22/23.24DI_WinterOverall_4.25.pdf,2
2023-24,Mississippi State,winter,112,Mississippi State,SEC,FBS,110.5,46.5,64.0,https://dxbhsrqyrr690.cloudfront.net/sidearm.nextgen.sites/nacda.com/documents/2024/4/22/23.24DI_WinterOverall_4.25.pdf,2
2023-24,Georgia Tech,winter,113,Georgia Tech,ACC,FBS,109.0,0.0,109.0,https://dxbhsrqyrr690.cloudfront.net/sidearm.nextgen.sites/nacda.com/documents/2024/4/22/23.24DI_WinterOverall_4.25.pdf,2
2023-24,Miami (OH),winter,113,Miami (OH),MAC,FBS,109.0,39.0,70.0,https://dxbhsrqyrr690.cloudfront.net/sidearm.nextgen.sites/nacda.com/documents/2024/4/22/23.24DI_WinterOverall_4.25.pdf,2
2023-24,Boston University,winter,115,Boston University,Patriot,DI,108.0,83.0,25.0,https://dxbhsrqyrr690.cloudfront.net/sidearm.nextgen.sites/nacda.com/documents/2024/4/22/23.24DI_WinterOverall_4.25.pdf,2
2023-24,High Point,winter,115,High Point,Big South,DI,108.0,58.0,50.0,https://dxbhsrqyrr690.cloudfront.net/sidearm.nextgen.sites/nacda.com/documents/2024/4/22/23.24DI_WinterOverall_4.25.pdf,2
2023-24,Rice,winter,117,Rice,American,FBS,106.5,81.5,25.0,https://dxbhsrqyrr690.cloudfront.net/sidearm.nextgen.sites/nacda.com/documents/2024/4/22/23.24DI_WinterOverall_4.25.pdf,2
2023-24,Grand Canyon,winter,118,Grand Canyon,WAC,DI,100.0,50.0,50.0,https://dxbhsrqyrr690.cloudfront.net/sidearm.nextgen.sites/nacda.com/documents/2024/4/22/23.24DI_WinterOverall_4.25.pdf,2
2023-24,Southern Illinois,winter,119,Southern Illinois,Missouri Valley,FCS,99.0,46.0,53.0,https://dxbhsrqyrr690.cloudfront.net/sidearm.nextgen.sites/nacda.com/documents/2024/4/22/23.24DI_WinterOverall_4.25.pdf,2
2023-24,Tennessee Chattanooga,winter,120,Tennessee Chattanooga,SoCon,FCS,98.0,45.0,53.0,https://dxbhsrqyrr690.cloudfront.net/sidearm.nextgen.sites/nacda.com/documents/2024/4/22/23.24DI_WinterOverall_4.25.pdf,2
2023-24,Charlotte,winter,121,Charlotte,American,FBS,96.0,46.0,50.0,https://dxbhsrqyrr690.cloudfront.net/sidearm.nextgen.sites/nacda.com/documents/2024/4/22/23.24DI_WinterOverall_4.25.pdf,2
2023-24,Idaho,winter,122,Idaho,Big Sky,FCS,95.0,0.0,95.0,https://dxbhsrqyrr690.cloudfront.net/sidearm.nextgen.sites/nacda.com/documents/2024/4/22/23.24DI_WinterOverall_4.25.pdf,2
2023-24,Liberty,winter,122,Liberty,Conference USA,FBS,95.0,0.0,95.0,https://dxbhsrqyrr690.cloudfront.net/sidearm.nextgen.sites/nacda.com/documents/2024/4/22/23.24DI_WinterOverall_4.25.pdf,2
2023-24,Old Dominion,winter,122,Old Dominion,Sun Belt,FBS,95.0,0.0,95.0,https://dxbhsrqyrr690.cloudfront.net/sidearm.nextgen.sites/nacda.com/documents/2024/4/22/23.24DI_WinterOverall_4.25.pdf,2
2023-24,Montana,winter,125,Montana,Big Sky,FCS,90.0,0.0,90.0,https://dxbhsrqyrr690.cloudfront.net/sidearm.nextgen.sites/nacda.com/documents/2024/4/22/23.24DI_WinterOverall_4.25.pdf,2
2023-24,South Dakota,winter,126,South Dakota,Summit,FCS,88.5,18.5,70.0,https://dxbhsrqyrr690.cloudfront.net/sidearm.nextgen.sites/nacda.com/documents/2024/4/22/23.24DI_WinterOverall_4.25.pdf,2
2023-24,Northern Iowa,winter,127,Northern Iowa,Missouri Valley,FCS,86.5,61.5,25.0,https://dxbhsrqyrr690.cloudfront.net/sidearm.nextgen.sites/nacda.com/documents/2024/4/22/23.24DI_WinterOverall_4.25.pdf,2
2023-24,Wyoming,winter,128,Wyoming,Mountain West,FBS,86.0,41.0,45.0,https://dxbhsrqyrr690.cloudfront.net/sidearm.nextgen.sites/nacda.com/documents/2024/4/22/23.24DI_WinterOverall_4.25.pdf,2
2023-24,Quinnipiac,winter,129,Quinnipiac,MAAC,DI,85.0,60.0,25.0,https://dxbhsrqyrr690.cloudfront.net/sidearm.nextgen.sites/nacda.com/documents/2024/4/22/23.24DI_WinterOverall_4.25.pdf,2
2023-24,Albany,winter,130,Albany,America East,FCS,83.0,0.0,83.0,https://dxbhsrqyrr690.cloudfront.net/sidearm.nextgen.sites/nacda.com/documents/2024/4/22/23.24DI_WinterOverall_4.25.pdf,2
2023-24,Ball State,winter,130,Ball State,MAC,FBS,83.0,83.0,0.0,https://dxbhsrqyrr690.cloudfront.net/sidearm.nextgen.sites/nacda.com/documents/2024/4/22/23.24DI_WinterOverall_4.25.pdf,2
2023-24,Sam Houston State,winter,130,Sam Houston State,Conference USA,FCS,83.0,83.0,0.0,https://dxbhsrqyrr690.cloudfront.net/sidearm.nextgen.sites/nacda.com/documents/2024/4/22/23.24DI_WinterOverall_4.25.pdf,2
2023-24,Tulane,winter,133,Tulane,American,FBS,81.0,0.0,81.0,https://dxbhsrqyrr690.cloudfront.net/sidearm.nextgen.sites/nacda.com/documents/2024/4/22/23.24DI_WinterOverall_4.25.pdf,2
2023-24,Appalachian State,winter,134,Appalachian State,Sun Belt,FBS,80.0,35.0,45.0,https://dxbhsrqyrr690.cloudfront.net/sidearm.nextgen.sites/nacda.com/documents/2024/4/22/23.24DI_WinterOverall_4.25.pdf,2
2023-24,Dartmouth,winter,134,Dartmouth,Ivy League,FCS,80.0,80.0,0.0,https://dxbhsrqyrr690.cloudfront.net/sidearm.nextgen.sites/nacda.com/documents/2024/4/22/23.24DI_WinterOverall_4.25.pdf,2
2023-24,Delaware,winter,136,Delaware,CAA,FCS,78.0,0.0,78.0,https://dxbhsrqyrr690.cloudfront.net/sidearm.nextgen.sites/nacda.com/documents/2024/4/22/23.24DI_WinterOverall_4.25.pdf,2
2023-24,Mercer,winter,136,Mercer,SoCon,FCS,78.0,0.0,78.0,https://dxbhsrqyrr690.cloudfront.net/sidearm.nextgen.sites/nacda.com/documents/2024/4/22/23.24DI_WinterOverall_4.25.pdf,2
2023-24,Richmond,winter,136,Richmond,Atlantic 10,FCS,78.0,25.0,53.0,https://dxbhsrqyrr690.cloudfront.net/sidearm.nextgen.sites/nacda.com/documents/2024/4/22/23.24DI_WinterOverall_4.25.pdf,2
2023-24,Drake,winter,139,Drake,Missouri Valley,FCS,75.0,50.0,25.0,https://dxbhsrqyrr690.cloudfront.net/sidearm.nextgen.sites/nacda.com/documents/2024/4/22/23.24DI_WinterOverall_4.25.pdf,2
2023-24,Florida Gulf Coast,winter,139,Florida Gulf Coast,ASUN,DI,75.0,25.0,50.0,https://dxbhsrqyrr690.cloudfront.net/sidearm.nextgen.sites/nacda.com/documents/2024/4/22/23.24DI_WinterOverall_4.25.pdf,2
2023-24,Maine,winter,139,Maine,America East,FCS,75.0,50.0,25.0,https://dxbhsrqyrr690.cloudfront.net/sidearm.nextgen.sites/nacda.com/documents/2024/4/22/23.24DI_WinterOverall_4.25.pdf,2
2023-24,Omaha,winter,139,Omaha,Summit,DI,75.0,25.0,50.0,https://dxbhsrqyrr690.cloudfront.net/sidearm.nextgen.sites/nacda.com/documents/2024/4/22/23.24DI_WinterOverall_4.25.pdf,2
2023-24,UCF,winter,139,UCF,Big 12,FBS,75.0,0.0,75.0,https://dxbhsrqyrr690.cloudfront.net/sidearm.nextgen.sites/nacda.com/documents/2024/4/22/23.24DI_WinterOverall_4.25.pdf,3
2023-24,UTSA,winter,144,UTSA,American,FBS,74.0,29.0,45.0,https://dxbhsrqyrr690.cloudfront.net/sidearm.nextgen.sites/nacda.com/documents/2024/4/22/23.24DI_WinterOverall_4.25.pdf,3
2023-24,Loyola Marymount,winter,145,Loyola Marymount,WCC,DI,73.0,0.0,73.0,https://dxbhsrqyrr690.cloudfront.net/sidearm.nextgen.sites/nacda.com/documents/2024/4/22/23.24DI_WinterOverall_4.25.pdf,3
2023-24,Kent State,winter,146,Kent State,MAC,FBS,70.5,70.5,0.0,https://dxbhsrqyrr690.cloudfront.net/sidearm.nextgen.sites/nacda.com/documents/2024/4/22/23.24DI_WinterOverall_4.25.pdf,3
2023-24,Coastal Carolina,winter,147,Coastal Carolina,Sun Belt,FBS,70.0,0.0,70.0,https://dxbhsrqyrr690.cloudfront.net/sidearm.nextgen.sites/nacda.com/documents/2024/4/22/23.24DI_WinterOverall_4.25.pdf,3
2023-24,Fresno State,winter,147,Fresno State,Mountain West,FBS,70.0,0.0,70.0,https://dxbhsrqyrr690.cloudfront.net/sidearm.nextgen.sites/nacda.com/documents/2024/4/22/23.24DI_WinterOverall_4.25.pdf,3
2023-24,South Alabama,winter,147,South Alabama,Sun Belt,FBS,70.0,0.0,70.0,https://dxbhsrqyrr690.cloudfront.net/sidearm.nextgen.sites/nacda.com/documents/2024/4/22/23.24DI_WinterOverall_4.25.pdf,3
2023-24,Texas State,winter,147,Texas State,Sun Belt,FBS,70.0,0.0,70.0,https://dxbhsrqyrr690.cloudfront.net/sidearm.nextgen.sites/nacda.com/documents/2024/4/22/23.24DI_WinterOverall_4.25.pdf,3
2023-24,St. John's (NY),winter,151,St. John's (NY),Big East,DI,69.0,69.0,0.0,https://dxbhsrqyrr690.cloudfront.net/sidearm.nextgen.sites/nacda.com/documents/2024/4/22/23.24DI_WinterOverall_4.25.pdf,3
2023-24,Boise State,winter,152,Boise State,Mountain West,FBS,67.0,42.0,25.0,https://dxbhsrqyrr690.cloudfront.net/sidearm.nextgen.sites/nacda.com/documents/2024/4/22/23.24DI_WinterOverall_4.25.pdf,3
2023-24,Utah Valley,winter,152,Utah Valley,WAC,DI,67.0,16.0,51.0,https://dxbhsrqyrr690.cloudfront.net/sidearm.nextgen.sites/nacda.com/documents/2024/4/22/23.24DI_WinterOverall_4.25.pdf,3
2023-24,LIU Brooklyn,winter,154,LIU Brooklyn,Northeast,DI,66.0,16.0,50.0,https://dxbhsrqyrr690.cloudfront.net/sidearm.nextgen.sites/nacda.com/documents/2024/4/22/23.24DI_WinterOverall_4.25.pdf,3
2023-24,Louisiana Tech,winter,155,Louisiana Tech,Conference USA,FBS,65.0,65.0,0.0,https://dxbhsrqyrr690.cloudfront.net/sidearm.nextgen.sites/nacda.com/documents/2024/4/22/23.24DI_WinterOverall_4.25.pdf,3
2023-24,Rider,winter,156,Rider,MAAC,DI,64.5,39.5,25.0,https://dxbhsrqyrr690.cloudfront.net/sidearm.nextgen.sites/nacda.com/documents/2024/4/22/23.24DI_WinterOverall_4.25.pdf,3
2023-24,Hofstra,winter,157,Hofstra,CAA,DI,64.0,0.0,64.0,https://dxbhsrqyrr690.cloudfront.net/sidearm.nextgen.sites/nacda.com/documents/2024/4/22/23.24DI_WinterOverall_4.25.pdf,3
2023-24,Saint Louis,winter,157,Saint Louis,Atlantic 10,DI,64.0,0.0,64.0,https://dxbhsrqyrr690.cloudfront.net/sidearm.nextgen.sites/nacda.com/documents/2024/4/22/23.24DI_WinterOverall_4.25.pdf,3
2023-24,San Diego State,winter,157,San Diego State,Mountain West,FBS,64.0,64.0,0.0,https://dxbhsrqyrr690.cloudfront.net/sidearm.nextgen.sites/nacda.com/documents/2024/4/22/23.24DI_WinterOverall_4.25.pdf,3
2023-24,South Florida,winter,160,South Florida,American,FBS,63.5,18.5,45.0,https://dxbhsrqyrr690.cloudfront.net/sidearm.nextgen.sites/nacda.com/documents/2024/4/22/23.24DI_WinterOverall_4.25.pdf,3
2023-24,San Diego,winter,161,San Diego,WCC,FCS,61.0,36.0,25.0,https://dxbhsrqyrr690.cloudfront.net/sidearm.nextgen.sites/nacda.com/documents/2024/4/22/23.24DI_WinterOverall_4.25.pdf,3
2023-24,Lehigh,winter,162,Lehigh,Patriot,FCS,60.0,60.0,0.0,https://dxbhsrqyrr690.cloudfront.net/sidearm.nextgen.sites/nacda.com/documents/2024/4/22/23.24DI_WinterOverall_4.25.pdf,3
2023-24,Nevada,winter,162,Nevada,Mountain West,FBS,60.0,60.0,0.0,https://dxbhsrqyrr690.cloudfront.net/sidearm.nextgen.sites/nacda.com/documents/2024/4/22/23.24DI_WinterOverall_4.25.pdf,3
2023-24,Bucknell,winter,164,Bucknell,Patriot,FCS,58.5,33.5,25.0,https://dxbhsrqyrr690.cloudfront.net/sidearm.nextgen.sites/nacda.com/documents/2024/4/22/23.24DI_WinterOverall_4.25.pdf,3
2023-24,Akron,winter,165,Akron,MAC,FBS,58.0,58.0,0.0,https://dxbhsrqyrr690.cloudfront.net/sidearm.nextgen.sites/nacda.com/documents/2024/4/22/23.24DI_WinterOverall_4.25.pdf,3
2023-24,Incarnate Word,winter,166,Incarnate Word,Southland,FCS,56.0,28.0,28.0,https://dxbhsrqyrr690.cloudfront.net/sidearm.nextgen.sites/nacda.com/documents/2024/4/22/23.24DI_WinterOverall_4.25.pdf,3
2023-24,Arkansas Little Rock,winter,167,Arkansas Little Rock,OVC,DI,55.0,55.0,0.0,https://dxbhsrqyrr690.cloudfront.net/sidearm.nextgen.sites/nacda.com/documents/2024/4/22/23.24DI_WinterOverall_4.25.pdf,3
2023-24,Butler,winter,168,Butler,Big East,FCS,53.0,0.0,53.0,https://dxbhsrqyrr690.cloudfront.net/sidearm.nextgen.sites/nacda.com/documents/2024/4/22/23.24DI_WinterOverall_4.25.pdf,3
2023-24,Sacramento State,winter,168,Sacramento State,Big Sky,FCS,53.0,0.0,53.0,https://dxbhsrqyrr690.cloudfront.net/sidearm.nextgen.sites/nacda.com/documents/2024/4/22/23.24DI_WinterOverall_4.25.pdf,3
2023-24,Fairfield,winter,170,Fairfield,MAAC,DI,50.0,25.0,25.0,https://dxbhsrqyrr690.cloudfront.net/sidearm.nextgen.sites/nacda.com/documents/2024/4/22/23.24DI_WinterOverall_4.25.pdf,3
2023-24,FIU,winter,170,FIU,Conference USA,FBS,50.0,0.0,50.0,https://dxbhsrqyrr690.cloudfront.net/sidearm.nextgen.sites/nacda.com/documents/2024/4/22/23.24DI_WinterOverall_4.25.pdf,3
2023-24,Grambling State,winter,170,Grambling State,SWAC,FCS,50.0,25.0,25.0,https://dxbhsrqyrr690.cloudfront.net/sidearm.nextgen.sites/nacda.com/documents/2024/4/22/23.24DI_WinterOverall_4.25.pdf,3
2023-24,Hawaii,winter,170,Hawaii,Big West,FBS,50.0,0.0,50.0,https://dxbhsrqyrr690.cloudfront.net/sidearm.nextgen.sites/nacda.com/documents/2024/4/22/23.24DI_WinterOverall_4.25.pdf,3
2023-24,Jackson State,winter,170,Jackson State,SWAC,FCS,50.0,25.0,25.0,https://dxbhsrqyrr690.cloudfront.net/sidearm.nextgen.sites/nacda.com/documents/2024/4/22/23.24DI_WinterOverall_4.25.pdf,3
2023-24,Middle Tennessee State,winter,170,Middle Tennessee State,Conference USA,FBS,50.0,50.0,0.0,https://dxbhsrqyrr690.cloudfront.net/sidearm.nextgen.sites/nacda.com/documents/2024/4/22/23.24DI_WinterOverall_4.25.pdf,3
2023-24,Missouri State,winter,170,Missouri State,Missouri Valley,FCS,50.0,0.0,50.0,https://dxbhsrqyrr690.cloudfront.net/sidearm.nextgen.sites/nacda.com/documents/2024/4/22/23.24DI_WinterOverall_4.25.pdf,3
2023-24,Morehead State,winter,170,Morehead State,OVC,FCS,50.0,25.0,25.0,https://dxbhsrqyrr690.cloudfront.net/sidearm.nextgen.sites/nacda.com/documents/2024/4/22/23.24DI_WinterOverall_4.25.pdf,3
2023-24,North Dakota,winter,170,North Dakota,Summit,FCS,50.0,25.0,25.0,https://dxbhsrqyrr690.cloudfront.net/sidearm.nextgen.sites/nacda.com/documents/2024/4/22/23.24DI_WinterOverall_4.25.pdf,3
2023-24,Oakland,winter,170,Oakland,Horizon League,DI,50.0,50.0,0.0,https://dxbhsrqyrr690.cloudfront.net/sidearm.nextgen.sites/nacda.com/documents/2024/4/22/23.24DI_WinterOverall_4.25.pdf,3
2023-24,Pepperdine,winter,170,Pepperdine,WCC,DI,50.0,0.0,50.0,https://dxbhsrqyrr690.cloudfront.net/sidearm.nextgen.sites/nacda.com/documents/2024/4/22/23.24DI_WinterOverall_4.25.pdf,3
2023-24,Santa Clara,winter,170,Santa Clara,WCC,DI,50.0,0.0,50.0,https://dxbhsrqyrr690.cloudfront.net/sidearm.nextgen.sites/nacda.com/documents/2024/4/22/23.24DI_WinterOverall_4.25.pdf,3
2023-24,UNLV,winter,170,UNLV,Mountain West,FBS,50.0,25.0,25.0,https://dxbhsrqyrr690.cloudfront.net/sidearm.nextgen.sites/nacda.com/documents/2024/4/22/23.24DI_WinterOverall_4.25.pdf,3
2023-24,Wisconsin Green Bay,winter,170,Wisconsin Green Bay,Horizon League,DI,50.0,25.0,25.0,https://dxbhsrqyrr690.cloudfront.net/sidearm.nextgen.sites/nacda.com/documents/2024/4/22/23.24DI_WinterOverall_4.25.pdf,3
2023-24,Xavier,winter,170,Xavier,Big East,DI,50.0,0.0,50.0,https://dxbhsrqyrr690.cloudfront.net/sidearm.nextgen.sites/nacda.com/documents/2024/4/22/23.24DI_WinterOverall_4.25.pdf,3
2023-24,Wagner,winter,185,Wagner,Northeast,FCS,47.0,47.0,0.0,https://dxbhsrqyrr690.cloudfront.net/sidearm.nextgen.sites/nacda.com/documents/2024/4/22/23.24DI_WinterOverall_4.25.pdf,3
2023-24,Southern Utah,winter,186,Southern Utah,WAC,FCS,45.5,45.5,0.0,https://dxbhsrqyrr690.cloudfront.net/sidearm.nextgen.sites/nacda.com/documents/2024/4/22/23.24DI_WinterOverall_4.25.pdf,3
2023-24,American,winter,187,American,Patriot,DI,45.0,0.0,45.0,https://dxbhsrqyrr690.cloudfront.net/sidearm.nextgen.sites/nacda.com/documents/2024/4/22/23.24DI_WinterOverall_4.25.pdf,3
2023-24,Florida A&M,winter,187,Florida A&M,SWAC,FBS,45.0,0.0,45.0,https://dxbhsrqyrr690.cloudfront.net/sidearm.nextgen.sites/nacda.com/documents/2024/4/22/23.24DI_WinterOverall_4.25.pdf,3
2023-24,Georgia State,winter,187,Georgia State,Sun Belt,FBS,45.0,0.0,45.0,https://dxbhsrqyrr690.cloudfront.net/sidearm.nextgen.sites/nacda.com/documents/2024/4/22/23.24DI_WinterOverall_4.25.pdf,3
2023-24,Iona,winter,187,Iona,MAAC,DI,45.0,0.0,45.0,https://dxbhsrqyrr690.cloudfront.net/sidearm.nextgen.sites/nacda.com/documents/2024/4/22/23.24DI_WinterOverall_4.25.pdf,3
2023-24,Louisiana,winter,187,Louisiana,Sun Belt,FBS,45.0,0.0,45.0,https://dxbhsrqyrr690.cloudfront.net/sidearm.nextgen.sites/nacda.com/documents/2024/4/22/23.24DI_WinterOverall_4.25.pdf,3
2023-24,Maryland Eastern Shore,winter,187,Maryland Eastern Shore,MEAC,DI,45.0,45.0,0.0,https://dxbhsrqyrr690.cloudfront.net/sidearm.nextgen.sites/nacda.com/documents/2024/4/22/23.24DI_WinterOverall_4.25.pdf,3
2023-24,Merrimack,winter,187,Merrimack,Northeast,DI,45.0,45.0,0.0,https://dxbhsrqyrr690.cloudfront.net/sidearm.nextgen.sites/nacda.com/documents/2024/4/22/23.24DI_WinterOverall_4.25.pdf,3
2023-24,North Carolina A&T State,winter,187,North Carolina A&T State,CAA,FCS,45.0,45.0,0.0,https://dxbhsrqyrr690.cloudfront.net/sidearm.nextgen.sites/nacda.com/documents/2024/4/22/23.24DI_WinterOverall_4.25.pdf,3
2023-24,Northern Illinois,winter,187,Northern Illinois,MAC,FBS,45.0,0.0,45.0,https://dxbhsrqyrr690.cloudfront.net/sidearm.nextgen.sites/nacda.com/documents/2024/4/22/23.24DI_WinterOverall_4.25.pdf,3
2023-24,Saint Joseph's,winter,187,Saint Joseph's,Atlantic 10,DI,45.0,0.0,45.0,https://dxbhsrqyrr690.cloudfront.net/sidearm.nextgen.sites/nacda.com/documents/2024/4/22/23.24DI_WinterOverall_4.25.pdf,3
2023-24,William & Mary,winter,187,William & Mary,CAA,FCS,45.0,0.0,45.0,https://dxbhsrqyrr690.cloudfront.net/sidearm.nextgen.sites/nacda.com/documents/2024/4/22/23.24DI_WinterOverall_4.25.pdf,3
2023-24,Campbell,winter,198,Campbell,Big South,FCS,43.0,43.0,0.0,https://dxbhsrqyrr690.cloudfront.net/sidearm.nextgen.sites/nacda.com/documents/2024/4/22/23.24DI_WinterOverall_4.25.pdf,3
2023-24,Eastern Kentucky,winter,198,Eastern Kentucky,ASUN,FCS,43.0,0.0,43.0,https://dxbhsrqyrr690.cloudfront.net/sidearm.nextgen.sites/nacda.com/documents/2024/4/22/23.24DI_WinterOverall_4.25.pdf,3
2023-24,Arkansas Pine Bluff,winter,200,Arkansas Pine Bluff,SWAC,FCS,41.0,41.0,0.0,https://dxbhsrqyrr690.cloudfront.net/sidearm.nextgen.sites/nacda.com/documents/2024/4/22/23.24DI_WinterOverall_4.25.pdf,3
2023-24,Cal State Northridge,winter,200,Cal State Northridge,Big West,DI,41.0,41.0,0.0,https://dxbhsrqyrr690.cloudfront.net/sidearm.nextgen.sites/nacda.com/documents/2024/4/22/23.24DI_WinterOverall_4.25.pdf,3
2023-24,Gardner-Webb,winter,200,Gardner-Webb,Big South,FCS,41.0,16.0,25.0,https://dxbhsrqyrr690.cloudfront.net/sidearm.nextgen.sites/nacda.com/documents/2024/4/22/23.24DI_WinterOverall_4.25.pdf,3
2023-24,Army West Point,winter,203,Army West Point,Patriot,FBS,39.5,39.5,0.0,https://dxbhsrqyrr690.cloudfront.net/sidearm.nextgen.sites/nacda.com/documents/2024/4/22/23.24DI_WinterOverall_4.25.pdf,3
2023-24,SIU Edwardsville,winter,204,SIU Edwardsville,OVC,DI,37.5,12.5,25.0,https://dxbhsrqyrr690.cloudfront.net/sidearm.nextgen.sites/nacda.com/documents/2024/4/22/23.24DI_WinterOverall_4.25.pdf,3
2023-24,VCU,winter,204,VCU,Atlantic 10,DI,37.5,37.5,0.0,https://dxbhsrqyrr690.cloudfront.net/sidearm.nextgen.sites/nacda.com/documents/2024/4/22/23.24DI_WinterOverall_4.25.pdf,3
2023-24,Fairleigh Dickinson,winter,206,Fairleigh Dickinson,Northeast,DI,35.0,35.0,0.0,https://dxbhsrqyrr690.cloudfront.net/sidearm.nextgen.sites/nacda.com/documents/2024/4/22/23.24DI_WinterOverall_4.25.pdf,3
2023-24,Binghamton,winter,207,Binghamton,America East,DI,33.5,33.5,0.0,https://dxbhsrqyrr690.cloudfront.net/sidearm.nextgen.sites/nacda.com/documents/2024/4/22/23.24DI_WinterOverall_4.25.pdf,3
2023-24,Cleveland State,winter,208,Cleveland State,Horizon League,DI,32.5,32.5,0.0,https://dxbhsrqyrr690.cloudfront.net/sidearm.nextgen.sites/nacda.com/documents/2024/4/22/23.24DI_WinterOverall_4.25.pdf,3
2023-24,George Washington,winter,209,George Washington,Atlantic 10,DI,32.0,32.0,0.0,https://dxbhsrqyrr690.cloudfront.net/sidearm.nextgen.sites/nacda.com/documents/2024/4/22/23.24DI_WinterOverall_4.25.pdf,3
2023-24,Central Michigan,winter,210,Central Michigan,MAC,FBS,31.5,31.5,0.0,https://dxbhsrqyrr690.cloudfront.net/sidearm.nextgen.sites/nacda.com/documents/2024/4/22/23.24DI_WinterOverall_4.25.pdf,3
2023-24,Southern Mississippi,winter,211,Southern Mississippi,Sun Belt,FBS,31.0,31.0,0.0,https://dxbhsrqyrr690.cloudfront.net/sidearm.nextgen.sites/nacda.com/documents/2024/4/22/23.24DI_WinterOverall_4.25.pdf,3
2023-24,Howard,winter,212,Howard,MEAC,FBS,30.0,5.0,25.0,https://dxbhsrqyrr690.cloudfront.net/sidearm.nextgen.sites/nacda.com/documents/2024/4/22/23.24DI_WinterOverall_4.25.pdf,3
2023-24,Sacred Heart,winter,212,Sacred Heart,Northeast,FCS,30.0,5.0,25.0,https://dxbhsrqyrr690.cloudfront.net/sidearm.nextgen.sites/nacda.com/documents/2024/4/22/23.24DI_WinterOverall_4.25.pdf,3
2023-24,Temple,winter,212,Temple,American,FBS,30.0,30.0,0.0,https://dxbhsrqyrr690.cloudfront.net/sidearm.nextgen.sites/nacda.com/documents/2024/4/22/23.24DI_WinterOverall_4.25.pdf,4
2023-24,Cincinnati,winter,215,Cincinnati,Big 12,FBS,29.0,29.0,0.0,https://dxbhsrqyrr690.cloudfront.net/sidearm.nextgen.sites/nacda.com/documents/2024/4/22/23.24DI_WinterOverall_4.25.pdf,4
2023-24,Wichita State,winter,215,Wichita State,American,DI,29.0,29.0,0.0,https://dxbhsrqyrr690.cloudfront.net/sidearm.nextgen.sites/nacda.com/documents/2024/4/22/23.24DI_WinterOverall_4.25.pdf,4
2023-24,Loyola Chicago,winter,217,Loyola Chicago,Atlantic 10,DI,28.0,0.0,28.0,https://dxbhsrqyrr690.cloudfront.net/sidearm.nextgen.sites/nacda.com/documents/2024/4/22/23.24DI_WinterOverall_4.25.pdf,4
2023-24,Tulsa,winter,217,Tulsa,American,FBS,28.0,0.0,28.0,https://dxbhsrqyrr690.cloudfront.net/sidearm.nextgen.sites/nacda.com/documents/2024/4/22/23.24DI_WinterOverall_4.25.pdf,4
2023-24,Southeast Missouri State,winter,219,Southeast Missouri State,OVC,FCS,27.0,27.0,0.0,https://dxbhsrqyrr690.cloudfront.net/sidearm.nextgen.sites/nacda.com/documents/2024/4/22/23.24DI_WinterOverall_4.25.pdf,4
2023-24,Cal Poly,winter,220,Cal Poly,Big West,FCS,26.0,26.0,0.0,https://dxbhsrqyrr690.cloudfront.net/sidearm.nextgen.sites/nacda.com/documents/2024/4/22/23.24DI_WinterOverall_4.25.pdf,4
2023-24,George Mason,winter,220,George Mason,Atlantic 10,DI,26.0,26.0,0.0,https://dxbhsrqyrr690.cloudfront.net/sidearm.nextgen.sites/nacda.com/documents/2024/4/22/23.24DI_WinterOverall_4.25.pdf,4
2023-24,Alabama State,winter,222,Alabama State,SWAC,FCS,25.0,25.0,0.0,https://dxbhsrqyrr690.cloudfront.net/sidearm.nextgen.sites/nacda.com/documents/2024/4/22/23.24DI_WinterOverall_4.25.pdf,4
2023-24,Austin Peay State,winter,222,Austin Peay State,ASUN,FCS,25.0,0.0,25.0,https://dxbhsrqyrr690.cloudfront.net/sidearm.nextgen.sites/nacda.com/documents/2024/4/22/23.24DI_WinterOverall_4.25.pdf,4
2023-24,Bowling Green,winter,222,Bowling Green,MAC,FBS,25.0,0.0,25.0,https://dxbhsrqyrr690.cloudfront.net/sidearm.nextgen.sites/nacda.com/documents/2024/4/22/23.24DI_WinterOverall_4.25.pdf,4
2023-24,Bryant,winter,222,Bryant,America East,FCS,25.0,0.0,25.0,https://dxbhsrqyrr690.cloudfront.net/sidearm.nextgen.sites/nacda.com/documents/2024/4/22/23.24DI_WinterOverall_4.25.pdf,4
2023-24,Central Connecticut State,winter,222,Central Connecticut State,Northeast,FCS,25.0,0.0,25.0,https://dxbhsrqyrr690.cloudfront.net/sidearm.nextgen.sites/nacda.com/documents/2024/4/22/23.24DI_WinterOverall_4.25.pdf,4
2023-24,College of Charleston,winter,222,College of Charleston,CAA,DI,25.0,25.0,0.0,https://dxbhsrqyrr690.cloudfront.net/sidearm.nextgen.sites/nacda.com/documents/2024/4/22/23.24DI_WinterOverall_4.25.pdf,4
2023-24,Coppin State,winter,222,Coppin State,MEAC,DI,25.0,0.0,25.0,https://dxbhsrqyrr690.cloudfront.net/sidearm.nextgen.sites/nacda.com/documents/2024/4/22/23.24DI_WinterOverall_4.25.pdf,4
2023-24,Drexel,winter,222,Drexel,CAA,DI,25.0,25.0,0.0,https://dxbhsrqyrr690.cloudfront.net/sidearm.nextgen.sites/nacda.com/documents/2024/4/22/23.24DI_WinterOverall_4.25.pdf,4
2023-24,Eastern Illinois,winter,222,Eastern Illinois,OVC,FCS,25.0,0.0,25.0,https://dxbhsrqyrr690.cloudfront.net/sidearm.nextgen.sites/nacda.com/documents/2024/4/22/23.24DI_WinterOverall_4.25.pdf,4
2023-24,Eastern Michigan,winter,222,Eastern Michigan,MAC,FBS,25.0,0.0,25.0,https://dxbhsrqyrr690.cloudfront.net/sidearm.nextgen.sites/nacda.com/documents/2024/4/22/23.24DI_WinterOverall_4.25.pdf,4
2023-24,Eastern Washington,winter,222,Eastern Washington,Big Sky,FCS,25.0,25.0,0.0,https://dxbhsrqyrr690.cloudfront.net/sidearm.nextgen.sites/nacda.com/documents/2024/4/22/23.24DI_WinterOverall_4.25.pdf,4
2023-24,FAU,winter,222,FAU,American,FBS,25.0,25.0,0.0,https://dxbhsrqyrr690.cloudfront.net/sidearm.nextgen.sites/nacda.com/documents/2024/4/22/23.24DI_WinterOverall_4.25.pdf,4
2023-24,Fordham,winter,222,Fordham,Atlantic 10,FCS,25.0,0.0,25.0,https://dxbhsrqyrr690.cloudfront.net/sidearm.nextgen.sites/nacda.com/documents/2024/4/22/23.24DI_WinterOverall_4.25.pdf,4
2023-24,Georgia Southern,winter,222,Georgia Southern,Sun Belt,FBS,25.0,0.0,25.0,https://dxbhsrqyrr690.cloudfront.net/sidearm.nextgen.sites/nacda.com/documents/2024/4/22/23.24DI_WinterOverall_4.25.pdf,4
2023-24,Holy Cross,winter,222,Holy Cross,Patriot,FCS,25.0,25.0,0.0,https://dxbhsrqyrr690.cloudfront.net/sidearm.nextgen.sites/nacda.com/documents/2024/4/22/23.24DI_WinterOverall_4.25.pdf,4
2023-24,Lafayette,winter,222,Lafayette,Patriot,FCS,25.0,0.0,25.0,https://dxbhsrqyrr690.cloudfront.net/sidearm.nextgen.sites/nacda.com/documents/2024/4/22/23.24DI_WinterOverall_4.25.pdf,4
2023-24,Lamar,winter,222,Lamar,Southland,FCS,25.0,0.0,25.0,https://dxbhsrqyrr690.cloudfront.net/sidearm.nextgen.sites/nacda.com/documents/2024/4/22/23.24DI_WinterOverall_4.25.pdf,4
2023-24,Long Beach State,winter,222,Long Beach State,Big West,DI,25.0,25.0,0.0,https://dxbhsrqyrr690.cloudfront.net/sidearm.nextgen.sites/nacda.com/documents/2024/4/22/23.24DI_WinterOverall_4.25.pdf,4
2023-24,Longwood,winter,222,Longwood,Big South,DI,25.0,25.0,0.0,https://dxbhsrqyrr690.cloudfront.net/sidearm.nextgen.sites/nacda.com/documents/2024/4/22/23.24DI_WinterOverall_4.25.pdf,4
2023-24,Massachusetts,winter,222,Massachusetts,Atlantic 10,FBS,25.0,25.0,0.0,https://dxbhsrqyrr690.cloudfront.net/sidearm.nextgen.sites/nacda.com/documents/2024/4/22/23.24DI_WinterOverall_4.25.pdf,4
2023-24,McNeese State,winter,222,McNeese State,Southland,FCS,25.0,25.0,0.0,https://dxbhsrqyrr690.cloudfront.net/sidearm.nextgen.sites/nacda.com/documents/2024/4/22/23.24DI_WinterOverall_4.25.pdf,4
2023-24,New Mexico State,winter,222,New Mexico State,Conference USA,FBS,25.0,0.0,25.0,https://dxbhsrqyrr690.cloudfront.net/sidearm.nextgen.sites/nacda.com/documents/2024/4/22/23.24DI_WinterOverall_4.25.pdf,4
2023-24,Nicholls State,winter,222,Nicholls State,Southland,FCS,25.0,0.0,25.0,https://dxbhsrqyrr690.cloudfront.net/sidearm.nextgen.sites/nacda.com/documents/2024/4/22/23.24DI_WinterOverall_4.25.pdf,4
2023-24,Norfolk State,winter,222,Norfolk State,MEAC,FCS,25.0,25.0,0.0,https://dxbhsrqyrr690.cloudfront.net/sidearm.nextgen.sites/nacda.com/documents/2024/4/22/23.24DI_WinterOverall_4.25.pdf,4
2023-24,North Carolina Central,winter,222,North Carolina Central,MEAC,FCS,25.0,0.0,25.0,https://dxbhsrqyrr690.cloudfront.net/sidearm.nextgen.sites/nacda.com/documents/2024/4/22/23.24DI_WinterOverall_4.25.pdf,4
2023-24,Presbyterian College,winter,222,Presbyterian College,Big South,FCS,25.0,25.0,0.0,https://dxbhsrqyrr690.cloudfront.net/sidearm.nextgen.sites/nacda.com/documents/2024/4/22/23.24DI_WinterOverall_4.25.pdf,4
2023-24,Radford,winter,222,Radford,Big South,DI,25.0,0.0,25.0,https://dxbhsrqyrr690.cloudfront.net/sidearm.nextgen.sites/nacda.com/documents/2024/4/22/23.24DI_WinterOverall_4.25.pdf,4
2023-24,Saint Mary's (CA),winter,222,Saint Mary's (CA),WCC,DI,25.0,25.0,0.0,https://dxbhsrqyrr690.cloudfront.net/sidearm.nextgen.sites/nacda.com/documents/2024/4/22/23.24DI_WinterOverall_4.25.pdf,4
2023-24,Saint Peter's,winter,222,Saint Peter's,MAAC,DI,25.0,25.0,0.0,https://dxbhsrqyrr690.cloudfront.net/sidearm.nextgen.sites/nacda.com/documents/2024/4/22/23.24DI_WinterOverall_4.25.pdf,4
2023-24,Samford,winter,222,Samford,SoCon,FCS,25.0,25.0,0.0,https://dxbhsrqyrr690.cloudfront.net/sidearm.nextgen.sites/nacda.com/documents/2024/4/22/23.24DI_WinterOverall_4.25.pdf,4
2023-24,Seattle,winter,222,Seattle,WAC,DI,25.0,0.0,25.0,https://dxbhsrqyrr690.cloudfront.net/sidearm.nextgen.sites/nacda.com/documents/2024/4/22/23.24DI_WinterOverall_4.25.pdf,4
2023-24,Southeastern Louisiana,winter,222,Southeastern Louisiana,Southland,FCS,25.0,0.0,25.0,https://dxbhsrqyrr690.cloudfront.net/sidearm.nextgen.sites/nacda.com/documents/2024/4/22/23.24DI_WinterOverall_4.25.pdf,4
2023-24,Stephen F. Austin,winter,222,Stephen F. Austin,WAC,FCS,25.0,0.0,25.0,https://dxbhsrqyrr690.cloudfront.net/sidearm.nextgen.sites/nacda.com/documents/2024/4/22/23.24DI_WinterOverall_4.25.pdf,4
2023-24,Stetson,winter,222,Stetson,ASUN,FCS,25.0,25.0,0.0,https://dxbhsrqyrr690.cloudfront.net/sidearm.nextgen.sites/nacda.com/documents/2024/4/22/23.24DI_WinterOverall_4.25.pdf,4
2023-24,Stonehill (2026-27),winter,222,Stonehill (2026-27),Northeast,DI,25.0,25.0,0.0,https://dxbhsrqyrr690.cloudfront.net/sidearm.nextgen.sites/nacda.com/documents/2024/4/22/23.24DI_WinterOverall_4.25.pdf,4
2023-24,Texas A&M Corpus Christi,winter,222,Texas A&M Corpus Christi,Southland,DI,25.0,25.0,0.0,https://dxbhsrqyrr690.cloudfront.net/sidearm.nextgen.sites/nacda.com/documents/2024/4/22/23.24DI_WinterOverall_4.25.pdf,4
2023-24,Toledo,winter,222,Toledo,MAC,FBS,25.0,0.0,25.0,https://dxbhsrqyrr690.cloudfront.net/sidearm.nextgen.sites/nacda.com/documents/2024/4/22/23.24DI_WinterOverall_4.25.pdf,4
2023-24,Troy,winter,222,Troy,Sun Belt,FBS,25.0,0.0,25.0,https://dxbhsrqyrr690.cloudfront.net/sidearm.nextgen.sites/nacda.com/documents/2024/4/22/23.24DI_WinterOverall_4.25.pdf,4
2023-24,UAB,winter,222,UAB,American,FBS,25.0,25.0,0.0,https://dxbhsrqyrr690.cloudfront.net/sidearm.nextgen.sites/nacda.com/documents/2024/4/22/23.24DI_WinterOverall_4.25.pdf,4
2023-24,UC Santa Barbara,winter,222,UC Santa Barbara,Big West,DI,25.0,0.0,25.0,https://dxbhsrqyrr690.cloudfront.net/sidearm.nextgen.sites/nacda.com/documents/2024/4/22/23.24DI_WinterOverall_4.25.pdf,4
2023-24,UMBC,winter,222,UMBC,America East,DI,25.0,0.0,25.0,https://dxbhsrqyrr690.cloudfront.net/sidearm.nextgen.sites/nacda.com/documents/2024/4/22/23.24DI_WinterOverall_4.25.pdf,4
2023-24,Valparaiso,winter,222,Valparaiso,Missouri Valley,FCS,25.0,0.0,25.0,https://dxbhsrqyrr690.cloudfront.net/sidearm.nextgen.sites/nacda.com/documents/2024/4/22/23.24DI_WinterOverall_4.25.pdf,4
2023-24,Weber State,winter,222,Weber State,Big Sky,FCS,25.0,0.0,25.0,https://dxbhsrqyrr690.cloudfront.net/sidearm.nextgen.sites/nacda.com/documents/2024/4/22/23.24DI_WinterOverall_4.25.pdf,4
2023-24,Western Carolina,winter,222,Western Carolina,SoCon,FCS,25.0,0.0,25.0,https://dxbhsrqyrr690.cloudfront.net/sidearm.nextgen.sites/nacda.com/documents/2024/4/22/23.24DI_WinterOverall_4.25.pdf,4
2023-24,Wisconsin Milwaukee,winter,222,Wisconsin Milwaukee,Horizon League,DI,25.0,0.0,25.0,https://dxbhsrqyrr690.cloudfront.net/sidearm.nextgen.sites/nacda.com/documents/2024/4/22/23.24DI_WinterOverall_4.25.pdf,4
2023-24,Wofford,winter,222,Wofford,SoCon,FCS,25.0,0.0,25.0,https://dxbhsrqyrr690.cloudfront.net/sidearm.nextgen.sites/nacda.com/documents/2024/4/22/23.24DI_WinterOverall_4.25.pdf,4
2023-24,Wright State,winter,222,Wright State,Horizon League,DI,25.0,0.0,25.0,https://dxbhsrqyrr690.cloudfront.net/sidearm.nextgen.sites/nacda.com/documents/2024/4/22/23.24DI_WinterOverall_4.25.pdf,4
2023-24,Northern Colorado,winter,269,Northern Colorado,Big Sky,FCS,23.0,23.0,0.0,https://dxbhsrqyrr690.cloudfront.net/sidearm.nextgen.sites/nacda.com/documents/2024/4/22/23.24DI_WinterOverall_4.25.pdf,4
2023-24,DePaul,winter,270,DePaul,Big East,DI,22.5,22.5,0.0,https://dxbhsrqyrr690.cloudfront.net/sidearm.nextgen.sites/nacda.com/documents/2024/4/22/23.24DI_WinterOverall_4.25.pdf,4
2023-24,Buffalo,winter,271,Buffalo,MAC,FBS,20.0,20.0,0.0,https://dxbhsrqyrr690.cloudfront.net/sidearm.nextgen.sites/nacda.com/documents/2024/4/22/23.24DI_WinterOverall_4.25.pdf,4
2023-24,Northeastern,winter,272,Northeastern,CAA,DI,18.5,18.5,0.0,https://dxbhsrqyrr690.cloudfront.net/sidearm.nextgen.sites/nacda.com/documents/2024/4/22/23.24DI_WinterOverall_4.25.pdf,4
2023-24,Virginia Military Institute,winter,273,Virginia Military Institute,SoCon,FCS,16.0,16.0,0.0,https://dxbhsrqyrr690.cloudfront.net/sidearm.nextgen.sites/nacda.com/documents/2024/4/22/23.24DI_WinterOverall_4.25.pdf,4
2023-24,Tennessee Martin,winter,274,Tennessee Martin,OVC,FCS,5.0,5.0,0.0,https://dxbhsrqyrr690.cloudfront.net/sidearm.nextgen.sites/nacda.com/documents/2024/4/22/23.24DI_WinterOverall_4.25.pdf,4
2024-25,North Carolina,fall,1,North Carolina,ACC,FBS,422.5,422.5,422.5,https://dxbhsrqyrr690.cloudfront.net/sidearm.nextgen.sites/nacda.com/documents/2025/1/21/24.25DI_FinalFallOverall.pdf,1
2024-25,Stanford,fall,2,Stanford,ACC,FBS,413.0,413.0,413.0,https://dxbhsrqyrr690.cloudfront.net/sidearm.nextgen.sites/nacda.com/documents/2025/1/21/24.25DI_FinalFallOverall.pdf,1
2024-25,Penn State,fall,3,Penn State,Big Ten,FBS,335.0,335.0,335.0,https://dxbhsrqyrr690.cloudfront.net/sidearm.nextgen.sites/nacda.com/documents/2025/1/21/24.25DI_FinalFallOverall.pdf,1
2024-25,BYU,fall,4,BYU,Big 12,FBS,311.5,311.5,311.5,https://dxbhsrqyrr690.cloudfront.net/sidearm.nextgen.sites/nacda.com/documents/2025/1/21/24.25DI_FinalFallOverall.pdf,1
2024-25,Virginia,fall,5,Virginia,ACC,FBS,293.5,293.5,293.5,https://dxbhsrqyrr690.cloudfront.net/sidearm.nextgen.sites/nacda.com/documents/2025/1/21/24.25DI_FinalFallOverall.pdf,1
2024-25,Notre Dame,fall,6,Notre Dame,ACC,FBS,289.0,289.0,289.0,https://dxbhsrqyrr690.cloudfront.net/sidearm.nextgen.sites/nacda.com/documents/2025/1/21/24.25DI_FinalFallOverall.pdf,1
2024-25,Oregon,fall,7,Oregon,Big Ten,FBS,280.5,280.5,280.5,https://dxbhsrqyrr690.cloudfront.net/sidearm.nextgen.sites/nacda.com/documents/2025/1/21/24.25DI_FinalFallOverall.pdf,1
2024-25,Ohio State,fall,8,Ohio State,Big Ten,FBS,276.0,276.0,276.0,https://dxbhsrqyrr690.cloudfront.net/sidearm.nextgen.sites/nacda.com/documents/2025/1/21/24.25DI_FinalFallOverall.pdf,1
2024-25,Washington,fall,9,Washington,Big Ten,FBS,271.5,271.5,271.5,https://dxbhsrqyrr690.cloudfront.net/sidearm.nextgen.sites/nacda.com/documents/2025/1/21/24.25DI_FinalFallOverall.pdf,1
2024-25,Texas,fall,10,Texas,SEC,FBS,269.0,269.0,269.0,https://dxbhsrqyrr690.cloudfront.net/sidearm.nextgen.sites/nacda.com/documents/2025/1/21/24.25DI_FinalFallOverall.pdf,1
2024-25,Wisconsin,fall,10,Wisconsin,Big Ten,FBS,269.0,269.0,269.0,https://dxbhsrqyrr690.cloudfront.net/sidearm.nextgen.sites/nacda.com/documents/2025/1/21/24.25DI_FinalFallOverall.pdf,1
2024-25,Wake Forest,fall,12,Wake Forest,ACC,FBS,264.0,264.0,264.0,https://dxbhsrqyrr690.cloudfront.net/sidearm.nextgen.sites/nacda.com/documents/2025/1/21/24.25DI_FinalFallOverall.pdf,1
2024-25,USC,fall,13,USC,Big Ten,FBS,258.0,258.0,258.0,https://dxbhsrqyrr690.cloudfront.net/sidearm.nextgen.sites/nacda.com/documents/2025/1/21/24.25DI_FinalFallOverall.pdf,1
2024-25,Arkansas,fall,14,Arkansas,SEC,FBS,251.0,251.0,251.0,https://dxbhsrqyrr690.cloudfront.net/sidearm.nextgen.sites/nacda.com/documents/2025/1/21/24.25DI_FinalFallOverall.pdf,1
2024-25,Duke,fall,15,Duke,ACC,FBS,223.0,223.0,223.0,https://dxbhsrqyrr690.cloudfront.net/sidearm.nextgen.sites/nacda.com/documents/2025/1/21/24.25DI_FinalFallOverall.pdf,1
2024-25,Georgetown,fall,16,Georgetown,Big East,FCS,220.0,220.0,220.0,https://dxbhsrqyrr690.cloudfront.net/sidearm.nextgen.sites/nacda.com/documents/2025/1/21/24.25DI_FinalFallOverall.pdf,1
2024-25,Princeton,fall,17,Princeton,Ivy League,FCS,219.0,219.0,219.0,https://dxbhsrqyrr690.cloudfront.net/sidearm.nextgen.sites/nacda.com/documents/2025/1/21/24.25DI_FinalFallOverall.pdf,1
2024-25,SMU,fall,18,SMU,ACC,FBS,217.25,217.25,217.25,https://dxbhsrqyrr690.cloudfront.net/sidearm.nextgen.sites/nacda.com/documents/2025/1/21/24.25DI_FinalFallOverall.pdf,1
2024-25,Syracuse,fall,19,Syracuse,ACC,FBS,217.0,217.0,217.0,https://dxbhsrqyrr690.cloudfront.net/sidearm.nextgen.sites/nacda.com/documents/2025/1/21/24.25DI_FinalFallOverall.pdf,1
2024-25,Minnesota,fall,20,Minnesota,Big Ten,FBS,215.0,215.0,215.0,https://dxbhsrqyrr690.cloudfront.net/sidearm.nextgen.sites/nacda.com/documents/2025/1/21/24.25DI_FinalFallOverall.pdf,1
2024-25,Tennessee,fall,21,Tennessee,SEC,FBS,195.5,195.5,195.5,https://dxbhsrqyrr690.cloudfront.net/sidearm.nextgen.sites/nacda.com/documents/2025/1/21/24.25DI_FinalFallOverall.pdf,1
2024-25,West Virginia,fall,22,West Virginia,Big 12,FBS,190.0,190.0,190.0,https://dxbhsrqyrr690.cloudfront.net/sidearm.nextgen.sites/nacda.com/documents/2025/1/21/24.25DI_FinalFallOverall.pdf,1
2024-25,North Carolina State,fall,23,North Carolina State,ACC,FBS,184.5,184.5,184.5,https://dxbhsrqyrr690.cloudfront.net/sidearm.nextgen.sites/nacda.com/documents/2025/1/21/24.25DI_FinalFallOverall.pdf,1
2024-25,Pittsburgh,fall,24,Pittsburgh,ACC,FBS,181.0,181.0,181.0,https://dxbhsrqyrr690.cloudfront.net/sidearm.nextgen.sites/nacda.com/documents/2025/1/21/24.25DI_FinalFallOverall.pdf,1
2024-25,Alabama,fall,25,Alabama,SEC,FBS,180.5,180.5,180.5,https://dxbhsrqyrr690.cloudfront.net/sidearm.nextgen.sites/nacda.com/documents/2025/1/21/24.25DI_FinalFallOverall.pdf,1
2024-25,Northern Arizona,fall,26,Northern Arizona,Big Sky,FCS,180.0,180.0,180.0,https://dxbhsrqyrr690.cloudfront.net/sidearm.nextgen.sites/nacda.com/documents/2025/1/21/24.25DI_FinalFallOverall.pdf,1
2024-25,Iowa State,fall,27,Iowa State,Big 12,FBS,179.0,179.0,179.0,https://dxbhsrqyrr690.cloudfront.net/sidearm.nextgen.sites/nacda.com/documents/2025/1/21/24.25DI_FinalFallOverall.pdf,1
2024-25,UCLA,fall,28,UCLA,Big Ten,FBS,175.0,175.0,175.0,https://dxbhsrqyrr690.cloudfront.net/sidearm.nextgen.sites/nacda.com/documents/2025/1/21/24.25DI_FinalFallOverall.pdf,1
2024-25,Florida,fall,29,Florida,SEC,FBS,173.5,173.5,173.5,https://dxbhsrqyrr690.cloudfront.net/sidearm.nextgen.sites/nacda.com/documents/2025/1/21/24.25DI_FinalFallOverall.pdf,1
2024-25,UConn,fall,30,UConn,Big East,FBS,169.0,169.0,169.0,https://dxbhsrqyrr690.cloudfront.net/sidearm.nextgen.sites/nacda.com/documents/2025/1/21/24.25DI_FinalFallOverall.pdf,1
2024-25,Ole Miss,fall,31,Ole Miss,SEC,FBS,162.0,162.0,162.0,https://dxbhsrqyrr690.cloudfront.net/sidearm.nextgen.sites/nacda.com/documents/2025/1/21/24.25DI_FinalFallOverall.pdf,1
2024-25,Harvard,fall,32,Harvard,Ivy League,FCS,158.0,158.0,158.0,https://dxbhsrqyrr690.cloudfront.net/sidearm.nextgen.sites/nacda.com/documents/2025/1/21/24.25DI_FinalFallOverall.pdf,1
2024-25,Nebraska,fall,33,Nebraska,Big Ten,FBS,157.0,157.0,157.0,https://dxbhsrqyrr690.cloudfront.net/sidearm.nextgen.sites/nacda.com/documents/2025/1/21/24.25DI_FinalFallOverall.pdf,1
2024-25,Massachusetts,fall,34,Massachusetts,Atlantic 10,FBS,156.0,156.0,156.0,https://dxbhsrqyrr690.cloudfront.net/sidearm.nextgen.sites/nacda.com/documents/2025/1/21/24.25DI_FinalFallOverall.pdf,1
2024-25,Colorado,fall,35,Colorado,Big 12,FBS,154.0,154.0,154.0,https://dxbhsrqyrr690.cloudfront.net/sidearm.nextgen.sites/nacda.com/documents/2025/1/21/24.25DI_FinalFallOverall.pdf,1
2024-25,Florida State,fall,36,Florida State,ACC,FBS,152.0,152.0,152.0,https://dxbhsrqyrr690.cloudfront.net/sidearm.nextgen.sites/nacda.com/documents/2025/1/21/24.25DI_FinalFallOverall.pdf,1
2024-25,Virginia Tech,fall,37,Virginia Tech,ACC,FBS,146.0,146.0,146.0,https://dxbhsrqyrr690.cloudfront.net/sidearm.nextgen.sites/nacda.com/documents/2025/1/21/24.25DI_FinalFallOverall.pdf,1
2024-25,TCU,fall,38,TCU,Big 12,FBS,145.0,145.0,145.0,https://dxbhsrqyrr690.cloudfront.net/sidearm.nextgen.sites/nacda.com/documents/2025/1/21/24.25DI_FinalFallOverall.pdf,1
2024-25,Michigan State,fall,39,Michigan State,Big Ten,FBS,144.0,144.0,144.0,https://dxbhsrqyrr690.cloudfront.net/sidearm.nextgen.sites/nacda.com/documents/2025/1/21/24.25DI_FinalFallOverall.pdf,1
2024-25,Oklahoma State,fall,40,Oklahoma State,Big 12,FBS,142.5,142.5,142.5,https://dxbhsrqyrr690.cloudfront.net/sidearm.nextgen.sites/nacda.com/documents/2025/1/21/24.25DI_FinalFallOverall.pdf,1
2024-25,New Mexico,fall,41,New Mexico,Mountain West,FBS,141.0,141.0,141.0,https://dxbhsrqyrr690.cloudfront.net/sidearm.nextgen.sites/nacda.com/documents/2025/1/21/24.25DI_FinalFallOverall.pdf,1
2024-25,Michigan,fall,42,Michigan,Big Ten,FBS,140.0,140.0,140.0,https://dxbhsrqyrr690.cloudfront.net/sidearm.nextgen.sites/nacda.com/documents/2025/1/21/24.25DI_FinalFallOverall.pdf,1
2024-25,Louisville,fall,43,Louisville,ACC,FBS,135.0,135.0,135.0,https://dxbhsrqyrr690.cloudfront.net/sidearm.nextgen.sites/nacda.com/documents/2025/1/21/24.25DI_FinalFallOverall.pdf,1
2024-25,Providence,fall,43,Providence,Big East,DI,135.0,135.0,135.0,https://dxbhsrqyrr690.cloudfront.net/sidearm.nextgen.sites/nacda.com/documents/2025/1/21/24.25DI_FinalFallOverall.pdf,1
2024-25,Villanova,fall,45,Villanova,Big East,FCS,134.0,134.0,134.0,https://dxbhsrqyrr690.cloudfront.net/sidearm.nextgen.sites/nacda.com/documents/2025/1/21/24.25DI_FinalFallOverall.pdf,1
2024-25,South Dakota State,fall,46,South Dakota State,Summit,FCS,133.0,133.0,133.0,https://dxbhsrqyrr690.cloudfront.net/sidearm.nextgen.sites/nacda.com/documents/2025/1/21/24.25DI_FinalFallOverall.pdf,1
2024-25,Indiana,fall,47,Indiana,Big Ten,FBS,131.5,131.5,131.5,https://dxbhsrqyrr690.cloudfront.net/sidearm.nextgen.sites/nacda.com/documents/2025/1/21/24.25DI_FinalFallOverall.pdf,1
2024-25,South Carolina,fall,48,South Carolina,SEC,FBS,130.0,130.0,130.0,https://dxbhsrqyrr690.cloudfront.net/sidearm.nextgen.sites/nacda.com/documents/2025/1/21/24.25DI_FinalFallOverall.pdf,1
2024-25,Clemson,fall,49,Clemson,ACC,FBS,129.25,129.25,129.25,https://dxbhsrqyrr690.cloudfront.net/sidearm.nextgen.sites/nacda.com/documents/2025/1/21/24.25DI_FinalFallOverall.pdf,1
2024-25,Northwestern,fall,50,Northwestern,Big Ten,FBS,129.0,129.0,129.0,https://dxbhsrqyrr690.cloudfront.net/sidearm.nextgen.sites/nacda.com/documents/2025/1/21/24.25DI_FinalFallOverall.pdf,1
2024-25,Dayton,fall,51,Dayton,Atlantic 10,FCS,128.0,128.0,128.0,https://dxbhsrqyrr690.cloudfront.net/sidearm.nextgen.sites/nacda.com/documents/2025/1/21/24.25DI_FinalFallOverall.pdf,1
2024-25,Vermont,fall,52,Vermont,America East,DI,125.0,125.0,125.0,https://dxbhsrqyrr690.cloudfront.net/sidearm.nextgen.sites/nacda.com/documents/2025/1/21/24.25DI_FinalFallOverall.pdf,1
2024-25,Western Michigan,fall,52,Western Michigan,MAC,FBS,125.0,125.0,125.0,https://dxbhsrqyrr690.cloudfront.net/sidearm.nextgen.sites/nacda.com/documents/2025/1/21/24.25DI_FinalFallOverall.pdf,1
2024-25,Kentucky,fall,54,Kentucky,SEC,FBS,123.0,123.0,123.0,https://dxbhsrqyrr690.cloudfront.net/sidearm.nextgen.sites/nacda.com/documents/2025/1/21/24.25DI_FinalFallOverall.pdf,1
2024-25,Arizona State,fall,55,Arizona State,Big 12,FBS,122.0,122.0,122.0,https://dxbhsrqyrr690.cloudfront.net/sidearm.nextgen.sites/nacda.com/documents/2025/1/21/24.25DI_FinalFallOverall.pdf,1
2024-25,Missouri,fall,56,Missouri,SEC,FBS,118.0,118.0,118.0,https://dxbhsrqyrr690.cloudfront.net/sidearm.nextgen.sites/nacda.com/documents/2025/1/21/24.25DI_FinalFallOverall.pdf,1
2024-25,Texas A&M,fall,57,Texas A&M,SEC,FBS,116.0,116.0,116.0,https://dxbhsrqyrr690.cloudfront.net/sidearm.nextgen.sites/nacda.com/documents/2025/1/21/24.25DI_FinalFallOverall.pdf,1
2024-25,Boston College,fall,58,Boston College,ACC,FBS,115.0,115.0,115.0,https://dxbhsrqyrr690.cloudfront.net/sidearm.nextgen.sites/nacda.com/documents/2025/1/21/24.25DI_FinalFallOverall.pdf,1
2024-25,California Baptist,fall,59,California Baptist,WAC,DI,113.0,113.0,113.0,https://dxbhsrqyrr690.cloudfront.net/sidearm.nextgen.sites/nacda.com/documents/2025/1/21/24.25DI_FinalFallOverall.pdf,1
2024-25,Vanderbilt,fall,60,Vanderbilt,SEC,FBS,109.0,109.0,109.0,https://dxbhsrqyrr690.cloudfront.net/sidearm.nextgen.sites/nacda.com/documents/2025/1/21/24.25DI_FinalFallOverall.pdf,1
2024-25,South Dakota,fall,61,South Dakota,Summit,FCS,108.0,108.0,108.0,https://dxbhsrqyrr690.cloudfront.net/sidearm.nextgen.sites/nacda.com/documents/2025/1/21/24.25DI_FinalFallOverall.pdf,1
2024-25,Furman,fall,62,Furman,SoCon,FCS,107.0,107.0,107.0,https://dxbhsrqyrr690.cloudfront.net/sidearm.nextgen.sites/nacda.com/documents/2025/1/21/24.25DI_FinalFallOverall.pdf,1
2024-25,Miami (FL),fall,63,Miami (FL),ACC,FBS,106.0,106.0,106.0,https://dxbhsrqyrr690.cloudfront.net/sidearm.nextgen.sites/nacda.com/documents/2025/1/21/24.25DI_FinalFallOverall.pdf,1
2024-25,Utah,fall,64,Utah,Big 12,FBS,105.0,105.0,105.0,https://dxbhsrqyrr690.cloudfront.net/sidearm.nextgen.sites/nacda.com/documents/2025/1/21/24.25DI_FinalFallOverall.pdf,1
2024-25,North Dakota State,fall,65,North Dakota State,Summit,FCS,100.0,100.0,100.0,https://dxbhsrqyrr690.cloudfront.net/sidearm.nextgen.sites/nacda.com/documents/2025/1/21/24.25DI_FinalFallOverall.pdf,1
2024-25,Tulane,fall,65,Tulane,American,FBS,100.0,100.0,100.0,https://dxbhsrqyrr690.cloudfront.net/sidearm.nextgen.sites/nacda.com/documents/2025/1/21/24.25DI_FinalFallOverall.pdf,1
2024-25,LSU,fall,67,LSU,SEC,FBS,99.0,99.0,99.0,https://dxbhsrqyrr690.cloudfront.net/sidearm.nextgen.sites/nacda.com/documents/2025/1/21/24.25DI_FinalFallOverall.pdf,1
2024-25,Georgia,fall,68,Georgia,SEC,FBS,98.5,98.5,98.5,https://dxbhsrqyrr690.cloudfront.net/sidearm.nextgen.sites/nacda.com/documents/2025/1/21/24.25DI_FinalFallOverall.pdf,1
2024-25,Maryland,fall,69,Maryland,Big Ten,FBS,95.0,95.0,95.0,https://dxbhsrqyrr690.cloudfront.net/sidearm.nextgen.sites/nacda.com/documents/2025/1/21/24.25DI_FinalFallOverall.pdf,1
2024-25,Incarnate Word,fall,70,Incarnate Word,Southland,FCS,92.0,92.0,92.0,https://dxbhsrqyrr690.cloudfront.net/sidearm.nextgen.sites/nacda.com/documents/2025/1/21/24.25DI_FinalFallOverall.pdf,1
2024-25,Purdue,fall,71,Purdue,Big Ten,FBS,91.0,91.0,91.0,https://dxbhsrqyrr690.cloudfront.net/sidearm.nextgen.sites/nacda.com/documents/2025/1/21/24.25DI_FinalFallOverall.pdf,1
2024-25,Marshall,fall,72,Marshall,Sun Belt,FBS,90.0,90.0,90.0,https://dxbhsrqyrr690.cloudfront.net/sidearm.nextgen.sites/nacda.com/documents/2025/1/21/24.25DI_FinalFallOverall.pdf,1
2024-25,Miami (OH),fall,72,Miami (OH),MAC,FBS,90.0,90.0,90.0,https://dxbhsrqyrr690.cloudfront.net/sidearm.nextgen.sites/nacda.com/documents/2025/1/21/24.25DI_FinalFallOverall.pdf,1
2024-25,Montana State,fall,72,Montana State,Big Sky,FCS,90.0,90.0,90.0,https://dxbhsrqyrr690.cloudfront.net/sidearm.nextgen.sites/nacda.com/documents/2025/1/21/24.25DI_FinalFallOverall.pdf,1
2024-25,Saint Joseph's,fall,72,Saint Joseph's,Atlantic 10,DI,90.0,90.0,90.0,https://dxbhsrqyrr690.cloudfront.net/sidearm.nextgen.sites/nacda.com/documents/2025/1/21/24.25DI_FinalFallOverall.pdf,1
2024-25,UC Davis,fall,72,UC Davis,Big West,FCS,90.0,90.0,90.0,https://dxbhsrqyrr690.cloudfront.net/sidearm.nextgen.sites/nacda.com/documents/2025/1/21/24.25DI_FinalFallOverall.pdf,1
2024-25,Iowa,fall,77,Iowa,Big Ten,FBS,89.0,89.0,89.0,https://dxbhsrqyrr690.cloudfront.net/sidearm.nextgen.sites/nacda.com/documents/2025/1/21/24.25DI_FinalFallOverall.pdf,1
2024-25,Toledo,fall,77,Toledo,MAC,FBS,89.0,89.0,89.0,https://dxbhsrqyrr690.cloudfront.net/sidearm.nextgen.sites/nacda.com/documents/2025/1/21/24.25DI_FinalFallOverall.pdf,1
2024-25,Illinois,fall,79,Illinois,Big Ten,FBS,83.5,83.5,83.5,https://dxbhsrqyrr690.cloudfront.net/sidearm.nextgen.sites/nacda.com/documents/2025/1/21/24.25DI_FinalFallOverall.pdf,1
2024-25,Denver,fall,80,Denver,Summit,DI,83.0,83.0,83.0,https://dxbhsrqyrr690.cloudfront.net/sidearm.nextgen.sites/nacda.com/documents/2025/1/21/24.25DI_FinalFallOverall.pdf,1
2024-25,Fordham,fall,81,Fordham,Atlantic 10,FCS,80.0,80.0,80.0,https://dxbhsrqyrr690.cloudfront.net/sidearm.nextgen.sites/nacda.com/documents/2025/1/21/24.25DI_FinalFallOverall.pdf,1
2024-25,Auburn,fall,82,Auburn,SEC,FBS,77.0,77.0,77.0,https://dxbhsrqyrr690.cloudfront.net/sidearm.nextgen.sites/nacda.com/documents/2025/1/21/24.25DI_FinalFallOverall.pdf,1
2024-25,Cornell,fall,82,Cornell,Ivy League,FCS,77.0,77.0,77.0,https://dxbhsrqyrr690.cloudfront.net/sidearm.nextgen.sites/nacda.com/documents/2025/1/21/24.25DI_FinalFallOverall.pdf,1
2024-25,Loyola Chicago,fall,82,Loyola Chicago,Atlantic 10,DI,77.0,77.0,77.0,https://dxbhsrqyrr690.cloudfront.net/sidearm.nextgen.sites/nacda.com/documents/2025/1/21/24.25DI_FinalFallOverall.pdf,1
2024-25,Utah State,fall,82,Utah State,Mountain West,FBS,77.0,77.0,77.0,https://dxbhsrqyrr690.cloudfront.net/sidearm.nextgen.sites/nacda.com/documents/2025/1/21/24.25DI_FinalFallOverall.pdf,1
2024-25,Lipscomb,fall,86,Lipscomb,ASUN,DI,76.0,76.0,76.0,https://dxbhsrqyrr690.cloudfront.net/sidearm.nextgen.sites/nacda.com/documents/2025/1/21/24.25DI_FinalFallOverall.pdf,1
2024-25,Baylor,fall,87,Baylor,Big 12,FBS,75.0,75.0,75.0,https://dxbhsrqyrr690.cloudfront.net/sidearm.nextgen.sites/nacda.com/documents/2025/1/21/24.25DI_FinalFallOverall.pdf,1
2024-25,California,fall,87,California,ACC,FBS,75.0,75.0,75.0,https://dxbhsrqyrr690.cloudfront.net/sidearm.nextgen.sites/nacda.com/documents/2025/1/21/24.25DI_FinalFallOverall.pdf,1
2024-25,Fairfield,fall,87,Fairfield,MAAC,DI,75.0,75.0,75.0,https://dxbhsrqyrr690.cloudfront.net/sidearm.nextgen.sites/nacda.com/documents/2025/1/21/24.25DI_FinalFallOverall.pdf,1
2024-25,Georgia Tech,fall,87,Georgia Tech,ACC,FBS,75.0,75.0,75.0,https://dxbhsrqyrr690.cloudfront.net/sidearm.nextgen.sites/nacda.com/documents/2025/1/21/24.25DI_FinalFallOverall.pdf,1
2024-25,Kansas,fall,87,Kansas,Big 12,FBS,75.0,75.0,75.0,https://dxbhsrqyrr690.cloudfront.net/sidearm.nextgen.sites/nacda.com/documents/2025/1/21/24.25DI_FinalFallOverall.pdf,1
2024-25,Missouri State,fall,87,Missouri State,Missouri Valley,FCS,75.0,75.0,75.0,https://dxbhsrqyrr690.cloudfront.net/sidearm.nextgen.sites/nacda.com/documents/2025/1/21/24.25DI_FinalFallOverall.pdf,1
2024-25,Oklahoma,fall,87,Oklahoma,SEC,FBS,75.0,75.0,75.0,https://dxbhsrqyrr690.cloudfront.net/sidearm.nextgen.sites/nacda.com/documents/2025/1/21/24.25DI_FinalFallOverall.pdf,1
2024-25,Saint Louis,fall,87,Saint Louis,Atlantic 10,DI,75.0,75.0,75.0,https://dxbhsrqyrr690.cloudfront.net/sidearm.nextgen.sites/nacda.com/documents/2025/1/21/24.25DI_FinalFallOverall.pdf,1
2024-25,Texas Tech,fall,87,Texas Tech,Big 12,FBS,75.0,75.0,75.0,https://dxbhsrqyrr690.cloudfront.net/sidearm.nextgen.sites/nacda.com/documents/2025/1/21/24.25DI_FinalFallOverall.pdf,1
2024-25,UC Santa Barbara,fall,87,UC Santa Barbara,Big West,DI,75.0,75.0,75.0,https://dxbhsrqyrr690.cloudfront.net/sidearm.nextgen.sites/nacda.com/documents/2025/1/21/24.25DI_FinalFallOverall.pdf,1
2024-25,Creighton,fall,97,Creighton,Big East,DI,73.0,73.0,73.0,https://dxbhsrqyrr690.cloudfront.net/sidearm.nextgen.sites/nacda.com/documents/2025/1/21/24.25DI_FinalFallOverall.pdf,1
2024-25,Illinois State,fall,98,Illinois State,Missouri Valley,FCS,72.0,72.0,72.0,https://dxbhsrqyrr690.cloudfront.net/sidearm.nextgen.sites/nacda.com/documents/2025/1/21/24.25DI_FinalFallOverall.pdf,1
2024-25,Navy,fall,98,Navy,Patriot,FBS,72.0,72.0,72.0,https://dxbhsrqyrr690.cloudfront.net/sidearm.nextgen.sites/nacda.com/documents/2025/1/21/24.25DI_FinalFallOverall.pdf,1
2024-25,East Carolina,fall,100,East Carolina,American,FBS,70.0,70.0,70.0,https://dxbhsrqyrr690.cloudfront.net/sidearm.nextgen.sites/nacda.com/documents/2025/1/21/24.25DI_FinalFallOverall.pdf,2
2024-25,Eastern Kentucky,fall,100,Eastern Kentucky,ASUN,FCS,70.0,70.0,70.0,https://dxbhsrqyrr690.cloudfront.net/sidearm.nextgen.sites/nacda.com/documents/2025/1/21/24.25DI_FinalFallOverall.pdf,2
2024-25,James Madison,fall,100,James Madison,Sun Belt,FBS,70.0,70.0,70.0,https://dxbhsrqyrr690.cloudfront.net/sidearm.nextgen.sites/nacda.com/documents/2025/1/21/24.25DI_FinalFallOverall.pdf,2
2024-25,Texas State,fall,100,Texas State,Sun Belt,FBS,70.0,70.0,70.0,https://dxbhsrqyrr690.cloudfront.net/sidearm.nextgen.sites/nacda.com/documents/2025/1/21/24.25DI_FinalFallOverall.pdf,2
2024-25,Boise State,fall,104,Boise State,Mountain West,FBS,69.0,69.0,69.0,https://dxbhsrqyrr690.cloudfront.net/sidearm.nextgen.sites/nacda.com/documents/2025/1/21/24.25DI_FinalFallOverall.pdf,2
2024-25,Idaho,fall,105,Idaho,Big Sky,FCS,65.0,65.0,65.0,https://dxbhsrqyrr690.cloudfront.net/sidearm.nextgen.sites/nacda.com/documents/2025/1/21/24.25DI_FinalFallOverall.pdf,2
2024-25,Mercer,fall,105,Mercer,SoCon,FCS,65.0,65.0,65.0,https://dxbhsrqyrr690.cloudfront.net/sidearm.nextgen.sites/nacda.com/documents/2025/1/21/24.25DI_FinalFallOverall.pdf,2
2024-25,Marquette,fall,107,Marquette,Big East,DI,64.0,64.0,64.0,https://dxbhsrqyrr690.cloudfront.net/sidearm.nextgen.sites/nacda.com/documents/2025/1/21/24.25DI_FinalFallOverall.pdf,2
2024-25,Mississippi State,fall,107,Mississippi State,SEC,FBS,64.0,64.0,64.0,https://dxbhsrqyrr690.cloudfront.net/sidearm.nextgen.sites/nacda.com/documents/2025/1/21/24.25DI_FinalFallOverall.pdf,2
2024-25,San Diego,fall,107,San Diego,WCC,FCS,64.0,64.0,64.0,https://dxbhsrqyrr690.cloudfront.net/sidearm.nextgen.sites/nacda.com/documents/2025/1/21/24.25DI_FinalFallOverall.pdf,2
2024-25,UMKC,fall,107,UMKC,Summit,DI,64.0,64.0,64.0,https://dxbhsrqyrr690.cloudfront.net/sidearm.nextgen.sites/nacda.com/documents/2025/1/21/24.25DI_FinalFallOverall.pdf,2
2024-25,Portland,fall,111,Portland,WCC,DI,56.0,56.0,56.0,https://dxbhsrqyrr690.cloudfront.net/sidearm.nextgen.sites/nacda.com/documents/2025/1/21/24.25DI_FinalFallOverall.pdf,2
2024-25,Butler,fall,112,Butler,Big East,FCS,54.0,54.0,54.0,https://dxbhsrqyrr690.cloudfront.net/sidearm.nextgen.sites/nacda.com/documents/2025/1/21/24.25DI_FinalFallOverall.pdf,2
2024-25,Liberty,fall,112,Liberty,Conference USA,FBS,54.0,54.0,54.0,https://dxbhsrqyrr690.cloudfront.net/sidearm.nextgen.sites/nacda.com/documents/2025/1/21/24.25DI_FinalFallOverall.pdf,2
2024-25,Army West Point,fall,114,Army West Point,Patriot,FBS,53.0,53.0,53.0,https://dxbhsrqyrr690.cloudfront.net/sidearm.nextgen.sites/nacda.com/documents/2025/1/21/24.25DI_FinalFallOverall.pdf,2
2024-25,Iona,fall,115,Iona,MAAC,DI,52.0,52.0,52.0,https://dxbhsrqyrr690.cloudfront.net/sidearm.nextgen.sites/nacda.com/documents/2025/1/21/24.25DI_FinalFallOverall.pdf,2
2024-25,Yale,fall,115,Yale,Ivy League,FCS,52.0,52.0,52.0,https://dxbhsrqyrr690.cloudfront.net/sidearm.nextgen.sites/nacda.com/documents/2025/1/21/24.25DI_FinalFallOverall.pdf,2
2024-25,Memphis,fall,117,Memphis,American,FBS,51.0,51.0,51.0,https://dxbhsrqyrr690.cloudfront.net/sidearm.nextgen.sites/nacda.com/documents/2025/1/21/24.25DI_FinalFallOverall.pdf,2
2024-25,Akron,fall,118,Akron,MAC,FBS,50.0,50.0,50.0,https://dxbhsrqyrr690.cloudfront.net/sidearm.nextgen.sites/nacda.com/documents/2025/1/21/24.25DI_FinalFallOverall.pdf,2
2024-25,Colorado State,fall,118,Colorado State,Mountain West,FBS,50.0,50.0,50.0,https://dxbhsrqyrr690.cloudfront.net/sidearm.nextgen.sites/nacda.com/documents/2025/1/21/24.25DI_FinalFallOverall.pdf,2
2024-25,Gardner-Webb,fall,118,Gardner-Webb,Big South,FCS,50.0,50.0,50.0,https://dxbhsrqyrr690.cloudfront.net/sidearm.nextgen.sites/nacda.com/documents/2025/1/21/24.25DI_FinalFallOverall.pdf,2
2024-25,Hofstra,fall,118,Hofstra,CAA,DI,50.0,50.0,50.0,https://dxbhsrqyrr690.cloudfront.net/sidearm.nextgen.sites/nacda.com/documents/2025/1/21/24.25DI_FinalFallOverall.pdf,2
2024-25,Loyola Marymount,fall,118,Loyola Marymount,WCC,DI,50.0,50.0,50.0,https://dxbhsrqyrr690.cloudfront.net/sidearm.nextgen.sites/nacda.com/documents/2025/1/21/24.25DI_FinalFallOverall.pdf,2
2024-25,Morehead State,fall,118,Morehead State,OVC,FCS,50.0,50.0,50.0,https://dxbhsrqyrr690.cloudfront.net/sidearm.nextgen.sites/nacda.com/documents/2025/1/21/24.25DI_FinalFallOverall.pdf,2
2024-25,New Hampshire,fall,118,New Hampshire,America East,FCS,50.0,50.0,50.0,https://dxbhsrqyrr690.cloudfront.net/sidearm.nextgen.sites/nacda.com/documents/2025/1/21/24.25DI_FinalFallOverall.pdf,2
2024-25,Northern Iowa,fall,118,Northern Iowa,Missouri Valley,FCS,50.0,50.0,50.0,https://dxbhsrqyrr690.cloudfront.net/sidearm.nextgen.sites/nacda.com/documents/2025/1/21/24.25DI_FinalFallOverall.pdf,2
2024-25,Pennsylvania,fall,118,Pennsylvania,Ivy League,FCS,50.0,50.0,50.0,https://dxbhsrqyrr690.cloudfront.net/sidearm.nextgen.sites/nacda.com/documents/2025/1/21/24.25DI_FinalFallOverall.pdf,2
2024-25,Rutgers,fall,118,Rutgers,Big Ten,FBS,50.0,50.0,50.0,https://dxbhsrqyrr690.cloudfront.net/sidearm.nextgen.sites/nacda.com/documents/2025/1/21/24.25DI_FinalFallOverall.pdf,2
2024-25,Sacramento State,fall,118,Sacramento State,Big Sky,FCS,50.0,50.0,50.0,https://dxbhsrqyrr690.cloudfront.net/sidearm.nextgen.sites/nacda.com/documents/2025/1/21/24.25DI_FinalFallOverall.pdf,2
2024-25,Santa Clara,fall,118,Santa Clara,WCC,DI,50.0,50.0,50.0,https://dxbhsrqyrr690.cloudfront.net/sidearm.nextgen.sites/nacda.com/documents/2025/1/21/24.25DI_FinalFallOverall.pdf,2
2024-25,UNLV,fall,118,UNLV,Mountain West,FBS,50.0,50.0,50.0,https://dxbhsrqyrr690.cloudfront.net/sidearm.nextgen.sites/nacda.com/documents/2025/1/21/24.25DI_FinalFallOverall.pdf,2
2024-25,Western Kentucky,fall,118,Western Kentucky,Conference USA,FBS,50.0,50.0,50.0,https://dxbhsrqyrr690.cloudfront.net/sidearm.nextgen.sites/nacda.com/documents/2025/1/21/24.25DI_FinalFallOverall.pdf,2
2024-25,Gonzaga,fall,132,Gonzaga,WCC,DI,49.0,49.0,49.0,https://dxbhsrqyrr690.cloudfront.net/sidearm.nextgen.sites/nacda.com/documents/2025/1/21/24.25DI_FinalFallOverall.pdf,2
2024-25,Abilene Christian,fall,133,Abilene Christian,WAC,FCS,45.0,45.0,45.0,https://dxbhsrqyrr690.cloudfront.net/sidearm.nextgen.sites/nacda.com/documents/2025/1/21/24.25DI_FinalFallOverall.pdf,2
2024-25,Arkansas State,fall,133,Arkansas State,Sun Belt,FBS,45.0,45.0,45.0,https://dxbhsrqyrr690.cloudfront.net/sidearm.nextgen.sites/nacda.com/documents/2025/1/21/24.25DI_FinalFallOverall.pdf,2
2024-25,Buffalo,fall,133,Buffalo,MAC,FBS,45.0,45.0,45.0,https://dxbhsrqyrr690.cloudfront.net/sidearm.nextgen.sites/nacda.com/documents/2025/1/21/24.25DI_FinalFallOverall.pdf,2
2024-25,Delaware,fall,133,Delaware,CAA,FCS,45.0,45.0,45.0,https://dxbhsrqyrr690.cloudfront.net/sidearm.nextgen.sites/nacda.com/documents/2025/1/21/24.25DI_FinalFallOverall.pdf,2
2024-25,Jackson State,fall,133,Jackson State,SWAC,FCS,45.0,45.0,45.0,https://dxbhsrqyrr690.cloudfront.net/sidearm.nextgen.sites/nacda.com/documents/2025/1/21/24.25DI_FinalFallOverall.pdf,2
2024-25,Kansas State,fall,133,Kansas State,Big 12,FBS,45.0,45.0,45.0,https://dxbhsrqyrr690.cloudfront.net/sidearm.nextgen.sites/nacda.com/documents/2025/1/21/24.25DI_FinalFallOverall.pdf,2
2024-25,Lafayette,fall,133,Lafayette,Patriot,FCS,45.0,45.0,45.0,https://dxbhsrqyrr690.cloudfront.net/sidearm.nextgen.sites/nacda.com/documents/2025/1/21/24.25DI_FinalFallOverall.pdf,2
2024-25,Lehigh,fall,133,Lehigh,Patriot,FCS,45.0,45.0,45.0,https://dxbhsrqyrr690.cloudfront.net/sidearm.nextgen.sites/nacda.com/documents/2025/1/21/24.25DI_FinalFallOverall.pdf,2
2024-25,Montana,fall,133,Montana,Big Sky,FCS,45.0,45.0,45.0,https://dxbhsrqyrr690.cloudfront.net/sidearm.nextgen.sites/nacda.com/documents/2025/1/21/24.25DI_FinalFallOverall.pdf,2
2024-25,Northern Illinois,fall,133,Northern Illinois,MAC,FBS,45.0,45.0,45.0,https://dxbhsrqyrr690.cloudfront.net/sidearm.nextgen.sites/nacda.com/documents/2025/1/21/24.25DI_FinalFallOverall.pdf,2
2024-25,Ohio,fall,133,Ohio,MAC,FBS,45.0,45.0,45.0,https://dxbhsrqyrr690.cloudfront.net/sidearm.nextgen.sites/nacda.com/documents/2025/1/21/24.25DI_FinalFallOverall.pdf,2
2024-25,Rhode Island,fall,133,Rhode Island,Atlantic 10,FCS,45.0,45.0,45.0,https://dxbhsrqyrr690.cloudfront.net/sidearm.nextgen.sites/nacda.com/documents/2025/1/21/24.25DI_FinalFallOverall.pdf,2
2024-25,Sam Houston State,fall,133,Sam Houston State,Conference USA,FBS,45.0,45.0,45.0,https://dxbhsrqyrr690.cloudfront.net/sidearm.nextgen.sites/nacda.com/documents/2025/1/21/24.25DI_FinalFallOverall.pdf,2
2024-25,South Alabama,fall,133,South Alabama,Sun Belt,FBS,45.0,45.0,45.0,https://dxbhsrqyrr690.cloudfront.net/sidearm.nextgen.sites/nacda.com/documents/2025/1/21/24.25DI_FinalFallOverall.pdf,2
2024-25,South Florida,fall,133,South Florida,American,FBS,45.0,45.0,45.0,https://dxbhsrqyrr690.cloudfront.net/sidearm.nextgen.sites/nacda.com/documents/2025/1/21/24.25DI_FinalFallOverall.pdf,2
2024-25,Tarleton State,fall,133,Tarleton State,WAC,FCS,45.0,45.0,45.0,https://dxbhsrqyrr690.cloudfront.net/sidearm.nextgen.sites/nacda.com/documents/2025/1/21/24.25DI_FinalFallOverall.pdf,2
2024-25,Tennessee Martin,fall,133,Tennessee Martin,OVC,FCS,45.0,45.0,45.0,https://dxbhsrqyrr690.cloudfront.net/sidearm.nextgen.sites/nacda.com/documents/2025/1/21/24.25DI_FinalFallOverall.pdf,2
2024-25,UTSA,fall,133,UTSA,American,FBS,45.0,45.0,45.0,https://dxbhsrqyrr690.cloudfront.net/sidearm.nextgen.sites/nacda.com/documents/2025/1/21/24.25DI_FinalFallOverall.pdf,2
2024-25,Wyoming,fall,151,Wyoming,Mountain West,FBS,44.0,44.0,44.0,https://dxbhsrqyrr690.cloudfront.net/sidearm.nextgen.sites/nacda.com/documents/2025/1/21/24.25DI_FinalFallOverall.pdf,2
2024-25,Tulsa,fall,152,Tulsa,American,FBS,43.0,43.0,43.0,https://dxbhsrqyrr690.cloudfront.net/sidearm.nextgen.sites/nacda.com/documents/2025/1/21/24.25DI_FinalFallOverall.pdf,2
2024-25,Utah Valley,fall,153,Utah Valley,WAC,DI,29.0,29.0,29.0,https://dxbhsrqyrr690.cloudfront.net/sidearm.nextgen.sites/nacda.com/documents/2025/1/21/24.25DI_FinalFallOverall.pdf,2
2024-25,Boston University,fall,154,Boston University,Patriot,DI,25.0,25.0,25.0,https://dxbhsrqyrr690.cloudfront.net/sidearm.nextgen.sites/nacda.com/documents/2025/1/21/24.25DI_FinalFallOverall.pdf,2
2024-25,Bowling Green,fall,154,Bowling Green,MAC,FBS,25.0,25.0,25.0,https://dxbhsrqyrr690.cloudfront.net/sidearm.nextgen.sites/nacda.com/documents/2025/1/21/24.25DI_FinalFallOverall.pdf,2
2024-25,Bucknell,fall,154,Bucknell,Patriot,FCS,25.0,25.0,25.0,https://dxbhsrqyrr690.cloudfront.net/sidearm.nextgen.sites/nacda.com/documents/2025/1/21/24.25DI_FinalFallOverall.pdf,2
2024-25,Central Connecticut State,fall,154,Central Connecticut State,Northeast,FCS,25.0,25.0,25.0,https://dxbhsrqyrr690.cloudfront.net/sidearm.nextgen.sites/nacda.com/documents/2025/1/21/24.25DI_FinalFallOverall.pdf,2
2024-25,Charlotte,fall,154,Charlotte,American,FBS,25.0,25.0,25.0,https://dxbhsrqyrr690.cloudfront.net/sidearm.nextgen.sites/nacda.com/documents/2025/1/21/24.25DI_FinalFallOverall.pdf,2
2024-25,Chicago State,fall,154,Chicago State,Northeast,DI,25.0,25.0,25.0,https://dxbhsrqyrr690.cloudfront.net/sidearm.nextgen.sites/nacda.com/documents/2025/1/21/24.25DI_FinalFallOverall.pdf,2
2024-25,Cleveland State,fall,154,Cleveland State,Horizon League,DI,25.0,25.0,25.0,https://dxbhsrqyrr690.cloudfront.net/sidearm.nextgen.sites/nacda.com/documents/2025/1/21/24.25DI_FinalFallOverall.pdf,2
2024-25,Coastal Carolina,fall,154,Coastal Carolina,Sun Belt,FBS,25.0,25.0,25.0,https://dxbhsrqyrr690.cloudfront.net/sidearm.nextgen.sites/nacda.com/documents/2025/1/21/24.25DI_FinalFallOverall.pdf,2
2024-25,Colgate,fall,154,Colgate,Patriot,FCS,25.0,25.0,25.0,https://dxbhsrqyrr690.cloudfront.net/sidearm.nextgen.sites/nacda.com/documents/2025/1/21/24.25DI_FinalFallOverall.pdf,2
2024-25,College of Charleston,fall,154,College of Charleston,CAA,DI,25.0,25.0,25.0,https://dxbhsrqyrr690.cloudfront.net/sidearm.nextgen.sites/nacda.com/documents/2025/1/21/24.25DI_FinalFallOverall.pdf,2
2024-25,Delaware State,fall,154,Delaware State,MEAC,FCS,25.0,25.0,25.0,https://dxbhsrqyrr690.cloudfront.net/sidearm.nextgen.sites/nacda.com/documents/2025/1/21/24.25DI_FinalFallOverall.pdf,2
2024-25,Drake,fall,154,Drake,Missouri Valley,FCS,25.0,25.0,25.0,https://dxbhsrqyrr690.cloudfront.net/sidearm.nextgen.sites/nacda.com/documents/2025/1/21/24.25DI_FinalFallOverall.pdf,2
2024-25,Evansville,fall,154,Evansville,Missouri Valley,DI,25.0,25.0,25.0,https://dxbhsrqyrr690.cloudfront.net/sidearm.nextgen.sites/nacda.com/documents/2025/1/21/24.25DI_FinalFallOverall.pdf,2
2024-25,FIU,fall,154,FIU,Conference USA,FBS,25.0,25.0,25.0,https://dxbhsrqyrr690.cloudfront.net/sidearm.nextgen.sites/nacda.com/documents/2025/1/21/24.25DI_FinalFallOverall.pdf,2
2024-25,Florida A&M,fall,154,Florida A&M,SWAC,FBS,25.0,25.0,25.0,https://dxbhsrqyrr690.cloudfront.net/sidearm.nextgen.sites/nacda.com/documents/2025/1/21/24.25DI_FinalFallOverall.pdf,2
2024-25,Florida Gulf Coast,fall,154,Florida Gulf Coast,ASUN,DI,25.0,25.0,25.0,https://dxbhsrqyrr690.cloudfront.net/sidearm.nextgen.sites/nacda.com/documents/2025/1/21/24.25DI_FinalFallOverall.pdf,2
2024-25,Fresno State,fall,154,Fresno State,Mountain West,FBS,25.0,25.0,25.0,https://dxbhsrqyrr690.cloudfront.net/sidearm.nextgen.sites/nacda.com/documents/2025/1/21/24.25DI_FinalFallOverall.pdf,2
2024-25,Georgia Southern,fall,154,Georgia Southern,Sun Belt,FBS,25.0,25.0,25.0,https://dxbhsrqyrr690.cloudfront.net/sidearm.nextgen.sites/nacda.com/documents/2025/1/21/24.25DI_FinalFallOverall.pdf,2
2024-25,Hawaii,fall,154,Hawaii,Big West,FBS,25.0,25.0,25.0,https://dxbhsrqyrr690.cloudfront.net/sidearm.nextgen.sites/nacda.com/documents/2025/1/21/24.25DI_FinalFallOverall.pdf,2
2024-25,High Point,fall,154,High Point,Big South,DI,25.0,25.0,25.0,https://dxbhsrqyrr690.cloudfront.net/sidearm.nextgen.sites/nacda.com/documents/2025/1/21/24.25DI_FinalFallOverall.pdf,2
2024-25,Howard,fall,154,Howard,MEAC,FCS,25.0,25.0,25.0,https://dxbhsrqyrr690.cloudfront.net/sidearm.nextgen.sites/nacda.com/documents/2025/1/21/24.25DI_FinalFallOverall.pdf,2
2024-25,Jacksonville State,fall,154,Jacksonville State,Conference USA,FBS,25.0,25.0,25.0,https://dxbhsrqyrr690.cloudfront.net/sidearm.nextgen.sites/nacda.com/documents/2025/1/21/24.25DI_FinalFallOverall.pdf,2
2024-25,LIU Brooklyn,fall,154,LIU Brooklyn,Northeast,FCS,25.0,25.0,25.0,https://dxbhsrqyrr690.cloudfront.net/sidearm.nextgen.sites/nacda.com/documents/2025/1/21/24.25DI_FinalFallOverall.pdf,2
2024-25,Long Beach State,fall,154,Long Beach State,Big West,DI,25.0,25.0,25.0,https://dxbhsrqyrr690.cloudfront.net/sidearm.nextgen.sites/nacda.com/documents/2025/1/21/24.25DI_FinalFallOverall.pdf,2
2024-25,Louisiana,fall,154,Louisiana,Sun Belt,FBS,25.0,25.0,25.0,https://dxbhsrqyrr690.cloudfront.net/sidearm.nextgen.sites/nacda.com/documents/2025/1/21/24.25DI_FinalFallOverall.pdf,2
2024-25,Louisiana Tech,fall,154,Louisiana Tech,Conference USA,FBS,25.0,25.0,25.0,https://dxbhsrqyrr690.cloudfront.net/sidearm.nextgen.sites/nacda.com/documents/2025/1/21/24.25DI_FinalFallOverall.pdf,2
2024-25,Maine,fall,154,Maine,America East,FCS,25.0,25.0,25.0,https://dxbhsrqyrr690.cloudfront.net/sidearm.nextgen.sites/nacda.com/documents/2025/1/21/24.25DI_FinalFallOverall.pdf,2
2024-25,North Florida,fall,154,North Florida,ASUN,DI,25.0,25.0,25.0,https://dxbhsrqyrr690.cloudfront.net/sidearm.nextgen.sites/nacda.com/documents/2025/1/21/24.25DI_FinalFallOverall.pdf,2
2024-25,North Texas,fall,154,North Texas,American,FBS,25.0,25.0,25.0,https://dxbhsrqyrr690.cloudfront.net/sidearm.nextgen.sites/nacda.com/documents/2025/1/21/24.25DI_FinalFallOverall.pdf,2
2024-25,Oregon State,fall,154,Oregon State,Pac-12,FBS,25.0,25.0,25.0,https://dxbhsrqyrr690.cloudfront.net/sidearm.nextgen.sites/nacda.com/documents/2025/1/21/24.25DI_FinalFallOverall.pdf,2
2024-25,Pepperdine,fall,154,Pepperdine,WCC,DI,25.0,25.0,25.0,https://dxbhsrqyrr690.cloudfront.net/sidearm.nextgen.sites/nacda.com/documents/2025/1/21/24.25DI_FinalFallOverall.pdf,2
2024-25,Richmond,fall,154,Richmond,Atlantic 10,FCS,25.0,25.0,25.0,https://dxbhsrqyrr690.cloudfront.net/sidearm.nextgen.sites/nacda.com/documents/2025/1/21/24.25DI_FinalFallOverall.pdf,2
2024-25,Robert Morris,fall,154,Robert Morris,Horizon League,FCS,25.0,25.0,25.0,https://dxbhsrqyrr690.cloudfront.net/sidearm.nextgen.sites/nacda.com/documents/2025/1/21/24.25DI_FinalFallOverall.pdf,2
2024-25,Samford,fall,154,Samford,SoCon,FCS,25.0,25.0,25.0,https://dxbhsrqyrr690.cloudfront.net/sidearm.nextgen.sites/nacda.com/documents/2025/1/21/24.25DI_FinalFallOverall.pdf,2
2024-25,San Jose State,fall,154,San Jose State,Mountain West,FBS,25.0,25.0,25.0,https://dxbhsrqyrr690.cloudfront.net/sidearm.nextgen.sites/nacda.com/documents/2025/1/21/24.25DI_FinalFallOverall.pdf,2
2024-25,Seattle,fall,154,Seattle,WAC,DI,25.0,25.0,25.0,https://dxbhsrqyrr690.cloudfront.net/sidearm.nextgen.sites/nacda.com/documents/2025/1/21/24.25DI_FinalFallOverall.pdf,2
2024-25,SIU Edwardsville,fall,154,SIU Edwardsville,OVC,DI,25.0,25.0,25.0,https://dxbhsrqyrr690.cloudfront.net/sidearm.nextgen.sites/nacda.com/documents/2025/1/21/24.25DI_FinalFallOverall.pdf,2
2024-25,South Carolina State,fall,154,South Carolina State,MEAC,FCS,25.0,25.0,25.0,https://dxbhsrqyrr690.cloudfront.net/sidearm.nextgen.sites/nacda.com/documents/2025/1/21/24.25DI_FinalFallOverall.pdf,2
2024-25,South Carolina Upstate,fall,154,South Carolina Upstate,Big South,DI,25.0,25.0,25.0,https://dxbhsrqyrr690.cloudfront.net/sidearm.nextgen.sites/nacda.com/documents/2025/1/21/24.25DI_FinalFallOverall.pdf,2
2024-25,Southeast Missouri State,fall,154,Southeast Missouri State,OVC,FCS,25.0,25.0,25.0,https://dxbhsrqyrr690.cloudfront.net/sidearm.nextgen.sites/nacda.com/documents/2025/1/21/24.25DI_FinalFallOverall.pdf,2
2024-25,Southern,fall,154,Southern,SWAC,FCS,25.0,25.0,25.0,https://dxbhsrqyrr690.cloudfront.net/sidearm.nextgen.sites/nacda.com/documents/2025/1/21/24.25DI_FinalFallOverall.pdf,2
2024-25,Stephen F. Austin,fall,154,Stephen F. Austin,Southland,FCS,25.0,25.0,25.0,https://dxbhsrqyrr690.cloudfront.net/sidearm.nextgen.sites/nacda.com/documents/2025/1/21/24.25DI_FinalFallOverall.pdf,2
2024-25,Stony Brook,fall,154,Stony Brook,CAA,FCS,25.0,25.0,25.0,https://dxbhsrqyrr690.cloudfront.net/sidearm.nextgen.sites/nacda.com/documents/2025/1/21/24.25DI_FinalFallOverall.pdf,2
2024-25,Tennessee State,fall,154,Tennessee State,OVC,FCS,25.0,25.0,25.0,https://dxbhsrqyrr690.cloudfront.net/sidearm.nextgen.sites/nacda.com/documents/2025/1/21/24.25DI_FinalFallOverall.pdf,2
2024-25,Texas A&M Corpus Christi,fall,154,Texas A&M Corpus Christi,Southland,DI,25.0,25.0,25.0,https://dxbhsrqyrr690.cloudfront.net/sidearm.nextgen.sites/nacda.com/documents/2025/1/21/24.25DI_FinalFallOverall.pdf,2
2024-25,Texas Arlington,fall,154,Texas Arlington,WAC,DI,25.0,25.0,25.0,https://dxbhsrqyrr690.cloudfront.net/sidearm.nextgen.sites/nacda.com/documents/2025/1/21/24.25DI_FinalFallOverall.pdf,3
2024-25,UTEP,fall,154,UTEP,Conference USA,FBS,25.0,25.0,25.0,https://dxbhsrqyrr690.cloudfront.net/sidearm.nextgen.sites/nacda.com/documents/2025/1/21/24.25DI_FinalFallOverall.pdf,3
2024-25,Washington State,fall,154,Washington State,Pac-12,FBS,25.0,25.0,25.0,https://dxbhsrqyrr690.cloudfront.net/sidearm.nextgen.sites/nacda.com/documents/2025/1/21/24.25DI_FinalFallOverall.pdf,3
2024-25,Wichita State,fall,154,Wichita State,American,DI,25.0,25.0,25.0,https://dxbhsrqyrr690.cloudfront.net/sidearm.nextgen.sites/nacda.com/documents/2025/1/21/24.25DI_FinalFallOverall.pdf,3
2024-25,Wisconsin Milwaukee,fall,154,Wisconsin Milwaukee,Horizon League,DI,25.0,25.0,25.0,https://dxbhsrqyrr690.cloudfront.net/sidearm.nextgen.sites/nacda.com/documents/2025/1/21/24.25DI_FinalFallOverall.pdf,3
2024-25,Wofford,fall,154,Wofford,SoCon,FCS,25.0,25.0,25.0,https://dxbhsrqyrr690.cloudfront.net/sidearm.nextgen.sites/nacda.com/documents/2025/1/21/24.25DI_FinalFallOverall.pdf,3
2024-25,Stanford,winter,1,Stanford,ACC,FBS,904.0,491.0,413.0,https://dxbhsrqyrr690.cloudfront.net/sidearm.nextgen.sites/nacda.com/documents/2025/4/22/24.25DI_WinterOverall_4.24.pdf,1
2024-25,North Carolina,winter,2,North Carolina,ACC,FBS,896.75,474.25,422.5,https://dxbhsrqyrr690.cloudfront.net/sidearm.nextgen.sites/nacda.com/documents/2025/4/22/24.25DI_WinterOverall_4.24.pdf,1
2024-25,Ohio State,winter,3,Ohio State,Big Ten,FBS,794.75,518.75,276.0,https://dxbhsrqyrr690.cloudfront.net/sidearm.nextgen.sites/nacda.com/documents/2025/4/22/24.25DI_WinterOverall_4.24.pdf,1
2024-25,Penn State,winter,4,Penn State,Big Ten,FBS,750.0,415.0,335.0,https://dxbhsrqyrr690.cloudfront.net/sidearm.nextgen.sites/nacda.com/documents/2025/4/22/24.25DI_WinterOverall_4.24.pdf,1
2024-25,Wisconsin,winter,5,Wisconsin,Big Ten,FBS,693.7,424.7,269.0,https://dxbhsrqyrr690.cloudfront.net/sidearm.nextgen.sites/nacda.com/documents/2025/4/22/24.25DI_WinterOverall_4.24.pdf,1
2024-25,Michigan,winter,6,Michigan,Big Ten,FBS,652.0,512.0,140.0,https://dxbhsrqyrr690.cloudfront.net/sidearm.nextgen.sites/nacda.com/documents/2025/4/22/24.25DI_WinterOverall_4.24.pdf,1
2024-25,USC,winter,7,USC,Big Ten,FBS,642.0,384.0,258.0,https://dxbhsrqyrr690.cloudfront.net/sidearm.nextgen.sites/nacda.com/documents/2025/4/22/24.25DI_WinterOverall_4.24.pdf,1
2024-25,Nebraska,winter,8,Nebraska,Big Ten,FBS,638.75,481.75,157.0,https://dxbhsrqyrr690.cloudfront.net/sidearm.nextgen.sites/nacda.com/documents/2025/4/22/24.25DI_WinterOverall_4.24.pdf,1
2024-25,Texas,winter,9,Texas,SEC,FBS,623.5,354.5,269.0,https://dxbhsrqyrr690.cloudfront.net/sidearm.nextgen.sites/nacda.com/documents/2025/4/22/24.25DI_WinterOverall_4.24.pdf,1
2024-25,BYU,winter,10,BYU,Big 12,FBS,602.5,291.0,311.5,https://dxbhsrqyrr690.cloudfront.net/sidearm.nextgen.sites/nacda.com/documents/2025/4/22/24.25DI_WinterOverall_4.24.pdf,1
2024-25,Alabama,winter,11,Alabama,SEC,FBS,584.5,404.0,180.5,https://dxbhsrqyrr690.cloudfront.net/sidearm.nextgen.sites/nacda.com/documents/2025/4/22/24.25DI_WinterOverall_4.24.pdf,1
2024-25,Florida,winter,12,Florida,SEC,FBS,560.75,387.25,173.5,https://dxbhsrqyrr690.cloudfront.net/sidearm.nextgen.sites/nacda.com/documents/2025/4/22/24.25DI_WinterOverall_4.24.pdf,1
2024-25,North Carolina State,winter,13,North Carolina State,ACC,FBS,558.5,374.0,184.5,https://dxbhsrqyrr690.cloudfront.net/sidearm.nextgen.sites/nacda.com/documents/2025/4/22/24.25DI_WinterOverall_4.24.pdf,1
2024-25,Arkansas,winter,14,Arkansas,SEC,FBS,557.95,306.95,251.0,https://dxbhsrqyrr690.cloudfront.net/sidearm.nextgen.sites/nacda.com/documents/2025/4/22/24.25DI_WinterOverall_4.24.pdf,1
2024-25,Minnesota,winter,15,Minnesota,Big Ten,FBS,550.5,335.5,215.0,https://dxbhsrqyrr690.cloudfront.net/sidearm.nextgen.sites/nacda.com/documents/2025/4/22/24.25DI_WinterOverall_4.24.pdf,1
2024-25,Duke,winter,16,Duke,ACC,FBS,542.5,319.5,223.0,https://dxbhsrqyrr690.cloudfront.net/sidearm.nextgen.sites/nacda.com/documents/2025/4/22/24.25DI_WinterOverall_4.24.pdf,1
2024-25,Tennessee,winter,17,Tennessee,SEC,FBS,541.75,346.25,195.5,https://dxbhsrqyrr690.cloudfront.net/sidearm.nextgen.sites/nacda.com/documents/2025/4/22/24.25DI_WinterOverall_4.24.pdf,1
2024-25,Oregon,winter,18,Oregon,Big Ten,FBS,540.5,260.0,280.5,https://dxbhsrqyrr690.cloudfront.net/sidearm.nextgen.sites/nacda.com/documents/2025/4/22/24.25DI_WinterOverall_4.24.pdf,1
2024-25,Virginia,winter,19,Virginia,ACC,FBS,538.25,244.75,293.5,https://dxbhsrqyrr690.cloudfront.net/sidearm.nextgen.sites/nacda.com/documents/2025/4/22/24.25DI_WinterOverall_4.24.pdf,1
2024-25,Kentucky,winter,20,Kentucky,SEC,FBS,526.95,403.95,123.0,https://dxbhsrqyrr690.cloudfront.net/sidearm.nextgen.sites/nacda.com/documents/2025/4/22/24.25DI_WinterOverall_4.24.pdf,1
2024-25,Oklahoma,winter,21,Oklahoma,SEC,FBS,524.95,449.95,75.0,https://dxbhsrqyrr690.cloudfront.net/sidearm.nextgen.sites/nacda.com/documents/2025/4/22/24.25DI_WinterOverall_4.24.pdf,1
2024-25,Notre Dame,winter,22,Notre Dame,ACC,FBS,502.5,213.5,289.0,https://dxbhsrqyrr690.cloudfront.net/sidearm.nextgen.sites/nacda.com/documents/2025/4/22/24.25DI_WinterOverall_4.24.pdf,1
2024-25,Georgia,winter,23,Georgia,SEC,FBS,487.5,389.0,98.5,https://dxbhsrqyrr690.cloudfront.net/sidearm.nextgen.sites/nacda.com/documents/2025/4/22/24.25DI_WinterOverall_4.24.pdf,1
2024-25,West Virginia,winter,24,West Virginia,Big 12,FBS,481.5,291.5,190.0,https://dxbhsrqyrr690.cloudfront.net/sidearm.nextgen.sites/nacda.com/documents/2025/4/22/24.25DI_WinterOverall_4.24.pdf,1
2024-25,Illinois,winter,25,Illinois,Big Ten,FBS,473.0,389.5,83.5,https://dxbhsrqyrr690.cloudfront.net/sidearm.nextgen.sites/nacda.com/documents/2025/4/22/24.25DI_WinterOverall_4.24.pdf,1
2024-25,UCLA,winter,26,UCLA,Big Ten,FBS,468.5,293.5,175.0,https://dxbhsrqyrr690.cloudfront.net/sidearm.nextgen.sites/nacda.com/documents/2025/4/22/24.25DI_WinterOverall_4.24.pdf,1
2024-25,LSU,winter,27,LSU,SEC,FBS,447.25,348.25,99.0,https://dxbhsrqyrr690.cloudfront.net/sidearm.nextgen.sites/nacda.com/documents/2025/4/22/24.25DI_WinterOverall_4.24.pdf,1
2024-25,Ole Miss,winter,28,Ole Miss,SEC,FBS,436.75,274.75,162.0,https://dxbhsrqyrr690.cloudfront.net/sidearm.nextgen.sites/nacda.com/documents/2025/4/22/24.25DI_WinterOverall_4.24.pdf,1
2024-25,Texas A&M,winter,29,Texas A&M,SEC,FBS,417.25,301.25,116.0,https://dxbhsrqyrr690.cloudfront.net/sidearm.nextgen.sites/nacda.com/documents/2025/4/22/24.25DI_WinterOverall_4.24.pdf,1
2024-25,Missouri,winter,30,Missouri,SEC,FBS,413.0,295.0,118.0,https://dxbhsrqyrr690.cloudfront.net/sidearm.nextgen.sites/nacda.com/documents/2025/4/22/24.25DI_WinterOverall_4.24.pdf,1
2024-25,Princeton,winter,31,Princeton,Ivy League,FCS,410.0,191.0,219.0,https://dxbhsrqyrr690.cloudfront.net/sidearm.nextgen.sites/nacda.com/documents/2025/4/22/24.25DI_WinterOverall_4.24.pdf,1
2024-25,Auburn,winter,32,Auburn,SEC,FBS,409.25,332.25,77.0,https://dxbhsrqyrr690.cloudfront.net/sidearm.nextgen.sites/nacda.com/documents/2025/4/22/24.25DI_WinterOverall_4.24.pdf,1
2024-25,Harvard,winter,33,Harvard,Ivy League,FCS,408.75,250.75,158.0,https://dxbhsrqyrr690.cloudfront.net/sidearm.nextgen.sites/nacda.com/documents/2025/4/22/24.25DI_WinterOverall_4.24.pdf,1
2024-25,Washington,winter,34,Washington,Big Ten,FBS,407.2,135.7,271.5,https://dxbhsrqyrr690.cloudfront.net/sidearm.nextgen.sites/nacda.com/documents/2025/4/22/24.25DI_WinterOverall_4.24.pdf,1
2024-25,South Carolina,winter,35,South Carolina,SEC,FBS,406.0,276.0,130.0,https://dxbhsrqyrr690.cloudfront.net/sidearm.nextgen.sites/nacda.com/documents/2025/4/22/24.25DI_WinterOverall_4.24.pdf,1
2024-25,Arizona State,winter,36,Arizona State,Big 12,FBS,400.5,278.5,122.0,https://dxbhsrqyrr690.cloudfront.net/sidearm.nextgen.sites/nacda.com/documents/2025/4/22/24.25DI_WinterOverall_4.24.pdf,1
2024-25,Virginia Tech,winter,37,Virginia Tech,ACC,FBS,400.0,254.0,146.0,https://dxbhsrqyrr690.cloudfront.net/sidearm.nextgen.sites/nacda.com/documents/2025/4/22/24.25DI_WinterOverall_4.24.pdf,1
2024-25,Indiana,winter,38,Indiana,Big Ten,FBS,395.5,264.0,131.5,https://dxbhsrqyrr690.cloudfront.net/sidearm.nextgen.sites/nacda.com/documents/2025/4/22/24.25DI_WinterOverall_4.24.pdf,1
2024-25,California,winter,39,California,ACC,FBS,395.25,320.25,75.0,https://dxbhsrqyrr690.cloudfront.net/sidearm.nextgen.sites/nacda.com/documents/2025/4/22/24.25DI_WinterOverall_4.24.pdf,1
2024-25,Purdue,winter,40,Purdue,Big Ten,FBS,394.0,303.0,91.0,https://dxbhsrqyrr690.cloudfront.net/sidearm.nextgen.sites/nacda.com/documents/2025/4/22/24.25DI_WinterOverall_4.24.pdf,1
2024-25,Louisville,winter,41,Louisville,ACC,FBS,391.5,256.5,135.0,https://dxbhsrqyrr690.cloudfront.net/sidearm.nextgen.sites/nacda.com/documents/2025/4/22/24.25DI_WinterOverall_4.24.pdf,1
2024-25,Utah,winter,42,Utah,Big 12,FBS,383.5,278.5,105.0,https://dxbhsrqyrr690.cloudfront.net/sidearm.nextgen.sites/nacda.com/documents/2025/4/22/24.25DI_WinterOverall_4.24.pdf,1
2024-25,Cornell,winter,43,Cornell,Ivy League,FCS,382.5,305.5,77.0,https://dxbhsrqyrr690.cloudfront.net/sidearm.nextgen.sites/nacda.com/documents/2025/4/22/24.25DI_WinterOverall_4.24.pdf,1
2024-25,UConn,winter,44,UConn,Big East,FBS,379.0,210.0,169.0,https://dxbhsrqyrr690.cloudfront.net/sidearm.nextgen.sites/nacda.com/documents/2025/4/22/24.25DI_WinterOverall_4.24.pdf,1
2024-25,Michigan State,winter,45,Michigan State,Big Ten,FBS,378.75,234.75,144.0,https://dxbhsrqyrr690.cloudfront.net/sidearm.nextgen.sites/nacda.com/documents/2025/4/22/24.25DI_WinterOverall_4.24.pdf,1
2024-25,Iowa State,winter,46,Iowa State,Big 12,FBS,352.0,173.0,179.0,https://dxbhsrqyrr690.cloudfront.net/sidearm.nextgen.sites/nacda.com/documents/2025/4/22/24.25DI_WinterOverall_4.24.pdf,1
2024-25,Iowa,winter,47,Iowa,Big Ten,FBS,343.0,254.0,89.0,https://dxbhsrqyrr690.cloudfront.net/sidearm.nextgen.sites/nacda.com/documents/2025/4/22/24.25DI_WinterOverall_4.24.pdf,1
2024-25,Oklahoma State,winter,48,Oklahoma State,Big 12,FBS,327.5,185.0,142.5,https://dxbhsrqyrr690.cloudfront.net/sidearm.nextgen.sites/nacda.com/documents/2025/4/22/24.25DI_WinterOverall_4.24.pdf,1
2024-25,Maryland,winter,49,Maryland,Big Ten,FBS,317.5,222.5,95.0,https://dxbhsrqyrr690.cloudfront.net/sidearm.nextgen.sites/nacda.com/documents/2025/4/22/24.25DI_WinterOverall_4.24.pdf,1
2024-25,Florida State,winter,50,Florida State,ACC,FBS,314.5,162.5,152.0,https://dxbhsrqyrr690.cloudfront.net/sidearm.nextgen.sites/nacda.com/documents/2025/4/22/24.25DI_WinterOverall_4.24.pdf,1
2024-25,TCU,winter,50,TCU,Big 12,FBS,314.5,169.5,145.0,https://dxbhsrqyrr690.cloudfront.net/sidearm.nextgen.sites/nacda.com/documents/2025/4/22/24.25DI_WinterOverall_4.24.pdf,1
2024-25,Denver,winter,52,Denver,Summit,DI,312.75,229.75,83.0,https://dxbhsrqyrr690.cloudfront.net/sidearm.nextgen.sites/nacda.com/documents/2025/4/22/24.25DI_WinterOverall_4.24.pdf,1
2024-25,Pittsburgh,winter,53,Pittsburgh,ACC,FBS,312.0,131.0,181.0,https://dxbhsrqyrr690.cloudfront.net/sidearm.nextgen.sites/nacda.com/documents/2025/4/22/24.25DI_WinterOverall_4.24.pdf,1
2024-25,Wake Forest,winter,54,Wake Forest,ACC,FBS,303.0,39.0,264.0,https://dxbhsrqyrr690.cloudfront.net/sidearm.nextgen.sites/nacda.com/documents/2025/4/22/24.25DI_WinterOverall_4.24.pdf,1
2024-25,Georgetown,winter,55,Georgetown,Big East,FCS,299.7,79.7,220.0,https://dxbhsrqyrr690.cloudfront.net/sidearm.nextgen.sites/nacda.com/documents/2025/4/22/24.25DI_WinterOverall_4.24.pdf,1
2024-25,Boston College,winter,56,Boston College,ACC,FBS,294.5,179.5,115.0,https://dxbhsrqyrr690.cloudfront.net/sidearm.nextgen.sites/nacda.com/documents/2025/4/22/24.25DI_WinterOverall_4.24.pdf,1
2024-25,Baylor,winter,57,Baylor,Big 12,FBS,285.25,210.25,75.0,https://dxbhsrqyrr690.cloudfront.net/sidearm.nextgen.sites/nacda.com/documents/2025/4/22/24.25DI_WinterOverall_4.24.pdf,1
2024-25,Texas Tech,winter,57,Texas Tech,Big 12,FBS,285.25,210.25,75.0,https://dxbhsrqyrr690.cloudfront.net/sidearm.nextgen.sites/nacda.com/documents/2025/4/22/24.25DI_WinterOverall_4.24.pdf,1
2024-25,Miami (FL),winter,59,Miami (FL),ACC,FBS,282.5,176.5,106.0,https://dxbhsrqyrr690.cloudfront.net/sidearm.nextgen.sites/nacda.com/documents/2025/4/22/24.25DI_WinterOverall_4.24.pdf,1
2024-25,New Mexico,winter,60,New Mexico,Mountain West,FBS,278.5,137.5,141.0,https://dxbhsrqyrr690.cloudfront.net/sidearm.nextgen.sites/nacda.com/documents/2025/4/22/24.25DI_WinterOverall_4.24.pdf,1
2024-25,Colorado,winter,61,Colorado,Big 12,FBS,275.0,121.0,154.0,https://dxbhsrqyrr690.cloudfront.net/sidearm.nextgen.sites/nacda.com/documents/2025/4/22/24.25DI_WinterOverall_4.24.pdf,1
2024-25,Arizona,winter,62,Arizona,Big 12,FBS,256.25,256.25,0.0,https://dxbhsrqyrr690.cloudfront.net/sidearm.nextgen.sites/nacda.com/documents/2025/4/22/24.25DI_WinterOverall_4.24.pdf,1
2024-25,SMU,winter,63,SMU,ACC,FBS,253.25,36.0,217.25,https://dxbhsrqyrr690.cloudfront.net/sidearm.nextgen.sites/nacda.com/documents/2025/4/22/24.25DI_WinterOverall_4.24.pdf,1
2024-25,Clemson,winter,64,Clemson,ACC,FBS,252.75,123.5,129.25,https://dxbhsrqyrr690.cloudfront.net/sidearm.nextgen.sites/nacda.com/documents/2025/4/22/24.25DI_WinterOverall_4.24.pdf,1
2024-25,Northern Arizona,winter,65,Northern Arizona,Big Sky,FCS,252.0,72.0,180.0,https://dxbhsrqyrr690.cloudfront.net/sidearm.nextgen.sites/nacda.com/documents/2025/4/22/24.25DI_WinterOverall_4.24.pdf,1
2024-25,Northwestern,winter,66,Northwestern,Big Ten,FBS,237.5,108.5,129.0,https://dxbhsrqyrr690.cloudfront.net/sidearm.nextgen.sites/nacda.com/documents/2025/4/22/24.25DI_WinterOverall_4.24.pdf,1
2024-25,South Dakota State,winter,67,South Dakota State,Summit,FCS,234.0,101.0,133.0,https://dxbhsrqyrr690.cloudfront.net/sidearm.nextgen.sites/nacda.com/documents/2025/4/22/24.25DI_WinterOverall_4.24.pdf,1
2024-25,Pennsylvania,winter,68,Pennsylvania,Ivy League,FCS,226.0,176.0,50.0,https://dxbhsrqyrr690.cloudfront.net/sidearm.nextgen.sites/nacda.com/documents/2025/4/22/24.25DI_WinterOverall_4.24.pdf,1
2024-25,Vermont,winter,69,Vermont,America East,DI,225.0,100.0,125.0,https://dxbhsrqyrr690.cloudfront.net/sidearm.nextgen.sites/nacda.com/documents/2025/4/22/24.25DI_WinterOverall_4.24.pdf,1
2024-25,Western Michigan,winter,69,Western Michigan,MAC,FBS,225.0,100.0,125.0,https://dxbhsrqyrr690.cloudfront.net/sidearm.nextgen.sites/nacda.com/documents/2025/4/22/24.25DI_WinterOverall_4.24.pdf,1
2024-25,Vanderbilt,winter,71,Vanderbilt,SEC,FBS,224.0,115.0,109.0,https://dxbhsrqyrr690.cloudfront.net/sidearm.nextgen.sites/nacda.com/documents/2025/4/22/24.25DI_WinterOverall_4.24.pdf,1
2024-25,Syracuse,winter,72,Syracuse,ACC,FBS,217.0,0.0,217.0,https://dxbhsrqyrr690.cloudfront.net/sidearm.nextgen.sites/nacda.com/documents/2025/4/22/24.25DI_WinterOverall_4.24.pdf,2
2024-25,Massachusetts,winter,73,Massachusetts,Atlantic 10,FBS,216.0,60.0,156.0,https://dxbhsrqyrr690.cloudfront.net/sidearm.nextgen.sites/nacda.com/documents/2025/4/22/24.25DI_WinterOverall_4.24.pdf,2
2024-25,Mississippi State,winter,74,Mississippi State,SEC,FBS,211.75,147.75,64.0,https://dxbhsrqyrr690.cloudfront.net/sidearm.nextgen.sites/nacda.com/documents/2025/4/22/24.25DI_WinterOverall_4.24.pdf,2
2024-25,Providence,winter,75,Providence,Big East,DI,207.0,72.0,135.0,https://dxbhsrqyrr690.cloudfront.net/sidearm.nextgen.sites/nacda.com/documents/2025/4/22/24.25DI_WinterOverall_4.24.pdf,2
2024-25,Yale,winter,76,Yale,Ivy League,FCS,196.5,144.5,52.0,https://dxbhsrqyrr690.cloudfront.net/sidearm.nextgen.sites/nacda.com/documents/2025/4/22/24.25DI_WinterOverall_4.24.pdf,2
2024-25,Boston University,winter,77,Boston University,Patriot,DI,193.5,168.5,25.0,https://dxbhsrqyrr690.cloudfront.net/sidearm.nextgen.sites/nacda.com/documents/2025/4/22/24.25DI_WinterOverall_4.24.pdf,2
2024-25,Houston,winter,78,Houston,Big 12,FBS,191.0,191.0,0.0,https://dxbhsrqyrr690.cloudfront.net/sidearm.nextgen.sites/nacda.com/documents/2025/4/22/24.25DI_WinterOverall_4.24.pdf,2
2024-25,Villanova,winter,79,Villanova,Big East,FCS,188.5,54.5,134.0,https://dxbhsrqyrr690.cloudfront.net/sidearm.nextgen.sites/nacda.com/documents/2025/4/22/24.25DI_WinterOverall_4.24.pdf,2
2024-25,Kansas,winter,80,Kansas,Big 12,FBS,184.5,109.5,75.0,https://dxbhsrqyrr690.cloudfront.net/sidearm.nextgen.sites/nacda.com/documents/2025/4/22/24.25DI_WinterOverall_4.24.pdf,2
2024-25,Montana State,winter,81,Montana State,Big Sky,FCS,181.0,91.0,90.0,https://dxbhsrqyrr690.cloudfront.net/sidearm.nextgen.sites/nacda.com/documents/2025/4/22/24.25DI_WinterOverall_4.24.pdf,2
2024-25,California Baptist,winter,82,California Baptist,WAC,DI,166.5,53.5,113.0,https://dxbhsrqyrr690.cloudfront.net/sidearm.nextgen.sites/nacda.com/documents/2025/4/22/24.25DI_WinterOverall_4.24.pdf,2
2024-25,Utah State,winter,83,Utah State,Mountain West,FBS,165.5,88.5,77.0,https://dxbhsrqyrr690.cloudfront.net/sidearm.nextgen.sites/nacda.com/documents/2025/4/22/24.25DI_WinterOverall_4.24.pdf,2
2024-25,Oregon State,winter,84,Oregon State,Pac-12,FBS,159.75,134.75,25.0,https://dxbhsrqyrr690.cloudfront.net/sidearm.nextgen.sites/nacda.com/documents/2025/4/22/24.25DI_WinterOverall_4.24.pdf,2
2024-25,Navy,winter,85,Navy,Patriot,FBS,157.5,85.5,72.0,https://dxbhsrqyrr690.cloudfront.net/sidearm.nextgen.sites/nacda.com/documents/2025/4/22/24.25DI_WinterOverall_4.24.pdf,2
2024-25,Army West Point,winter,86,Army West Point,Patriot,FBS,156.0,103.0,53.0,https://dxbhsrqyrr690.cloudfront.net/sidearm.nextgen.sites/nacda.com/documents/2025/4/22/24.25DI_WinterOverall_4.24.pdf,2
2024-25,Northern Iowa,winter,87,Northern Iowa,Missouri Valley,FCS,150.0,100.0,50.0,https://dxbhsrqyrr690.cloudfront.net/sidearm.nextgen.sites/nacda.com/documents/2025/4/22/24.25DI_WinterOverall_4.24.pdf,2
2024-25,Georgia Tech,winter,88,Georgia Tech,ACC,FBS,149.0,74.0,75.0,https://dxbhsrqyrr690.cloudfront.net/sidearm.nextgen.sites/nacda.com/documents/2025/4/22/24.25DI_WinterOverall_4.24.pdf,2
2024-25,Creighton,winter,89,Creighton,Big East,DI,148.0,75.0,73.0,https://dxbhsrqyrr690.cloudfront.net/sidearm.nextgen.sites/nacda.com/documents/2025/4/22/24.25DI_WinterOverall_4.24.pdf,2
2024-25,Rutgers,winter,89,Rutgers,Big Ten,FBS,148.0,98.0,50.0,https://dxbhsrqyrr690.cloudfront.net/sidearm.nextgen.sites/nacda.com/documents/2025/4/22/24.25DI_WinterOverall_4.24.pdf,2
2024-25,Incarnate Word,winter,91,Incarnate Word,Southland,FCS,144.0,52.0,92.0,https://dxbhsrqyrr690.cloudfront.net/sidearm.nextgen.sites/nacda.com/documents/2025/4/22/24.25DI_WinterOverall_4.24.pdf,2
2024-25,Wyoming,winter,92,Wyoming,Mountain West,FBS,142.0,98.0,44.0,https://dxbhsrqyrr690.cloudfront.net/sidearm.nextgen.sites/nacda.com/documents/2025/4/22/24.25DI_WinterOverall_4.24.pdf,2
2024-25,Columbia,winter,93,Columbia,Ivy League,FCS,138.5,138.5,0.0,https://dxbhsrqyrr690.cloudfront.net/sidearm.nextgen.sites/nacda.com/documents/2025/4/22/24.25DI_WinterOverall_4.24.pdf,2
2024-25,North Dakota State,winter,94,North Dakota State,Summit,FCS,137.0,37.0,100.0,https://dxbhsrqyrr690.cloudfront.net/sidearm.nextgen.sites/nacda.com/documents/2025/4/22/24.25DI_WinterOverall_4.24.pdf,2
2024-25,Colorado State,winter,95,Colorado State,Mountain West,FBS,135.5,85.5,50.0,https://dxbhsrqyrr690.cloudfront.net/sidearm.nextgen.sites/nacda.com/documents/2025/4/22/24.25DI_WinterOverall_4.24.pdf,2
2024-25,Akron,winter,96,Akron,MAC,FBS,134.5,84.5,50.0,https://dxbhsrqyrr690.cloudfront.net/sidearm.nextgen.sites/nacda.com/documents/2025/4/22/24.25DI_WinterOverall_4.24.pdf,2
2024-25,Lehigh,winter,97,Lehigh,Patriot,FCS,130.0,85.0,45.0,https://dxbhsrqyrr690.cloudfront.net/sidearm.nextgen.sites/nacda.com/documents/2025/4/22/24.25DI_WinterOverall_4.24.pdf,2
2024-25,Dayton,winter,98,Dayton,Atlantic 10,FCS,128.0,0.0,128.0,https://dxbhsrqyrr690.cloudfront.net/sidearm.nextgen.sites/nacda.com/documents/2025/4/22/24.25DI_WinterOverall_4.24.pdf,2
2024-25,UC Davis,winter,99,UC Davis,Big West,FCS,127.0,37.0,90.0,https://dxbhsrqyrr690.cloudfront.net/sidearm.nextgen.sites/nacda.com/documents/2025/4/22/24.25DI_WinterOverall_4.24.pdf,2
2024-25,St. John's (NY),winter,100,St. John's (NY),Big East,DI,125.0,125.0,0.0,https://dxbhsrqyrr690.cloudfront.net/sidearm.nextgen.sites/nacda.com/documents/2025/4/22/24.25DI_WinterOverall_4.24.pdf,2
2024-25,South Florida,winter,101,South Florida,American,FBS,122.5,77.5,45.0,https://dxbhsrqyrr690.cloudfront.net/sidearm.nextgen.sites/nacda.com/documents/2025/4/22/24.25DI_WinterOverall_4.24.pdf,2
2024-25,Kansas State,winter,102,Kansas State,Big 12,FBS,122.0,77.0,45.0,https://dxbhsrqyrr690.cloudfront.net/sidearm.nextgen.sites/nacda.com/documents/2025/4/22/24.25DI_WinterOverall_4.24.pdf,2
2024-25,Fairleigh Dickinson,winter,103,Fairleigh Dickinson,Northeast,DI,119.0,119.0,0.0,https://dxbhsrqyrr690.cloudfront.net/sidearm.nextgen.sites/nacda.com/documents/2025/4/22/24.25DI_WinterOverall_4.24.pdf,2
2024-25,Arkansas State,winter,104,Arkansas State,Sun Belt,FBS,115.0,70.0,45.0,https://dxbhsrqyrr690.cloudfront.net/sidearm.nextgen.sites/nacda.com/documents/2025/4/22/24.25DI_WinterOverall_4.24.pdf,2
2024-25,Jacksonville State,winter,104,Jacksonville State,Conference USA,FBS,115.0,90.0,25.0,https://dxbhsrqyrr690.cloudfront.net/sidearm.nextgen.sites/nacda.com/documents/2025/4/22/24.25DI_WinterOverall_4.24.pdf,2
2024-25,Stephen F. Austin,winter,104,Stephen F. Austin,Southland,FCS,115.0,90.0,25.0,https://dxbhsrqyrr690.cloudfront.net/sidearm.nextgen.sites/nacda.com/documents/2025/4/22/24.25DI_WinterOverall_4.24.pdf,2
2024-25,Boise State,winter,107,Boise State,Mountain West,FBS,114.5,45.5,69.0,https://dxbhsrqyrr690.cloudfront.net/sidearm.nextgen.sites/nacda.com/documents/2025/4/22/24.25DI_WinterOverall_4.24.pdf,2
2024-25,New Hampshire,winter,108,New Hampshire,America East,FCS,113.0,63.0,50.0,https://dxbhsrqyrr690.cloudfront.net/sidearm.nextgen.sites/nacda.com/documents/2025/4/22/24.25DI_WinterOverall_4.24.pdf,2
2024-25,South Dakota,winter,109,South Dakota,Summit,FCS,108.0,0.0,108.0,https://dxbhsrqyrr690.cloudfront.net/sidearm.nextgen.sites/nacda.com/documents/2025/4/22/24.25DI_WinterOverall_4.24.pdf,2
2024-25,Wichita State,winter,109,Wichita State,American,DI,108.0,83.0,25.0,https://dxbhsrqyrr690.cloudfront.net/sidearm.nextgen.sites/nacda.com/documents/2025/4/22/24.25DI_WinterOverall_4.24.pdf,2
2024-25,Air Force,winter,111,Air Force,Mountain West,FBS,107.5,107.5,0.0,https://dxbhsrqyrr690.cloudfront.net/sidearm.nextgen.sites/nacda.com/documents/2025/4/22/24.25DI_WinterOverall_4.24.pdf,2
2024-25,Furman,winter,112,Furman,SoCon,FCS,107.0,0.0,107.0,https://dxbhsrqyrr690.cloudfront.net/sidearm.nextgen.sites/nacda.com/documents/2025/4/22/24.25DI_WinterOverall_4.24.pdf,2
2024-25,Liberty,winter,113,Liberty,Conference USA,FBS,104.0,50.0,54.0,https://dxbhsrqyrr690.cloudfront.net/sidearm.nextgen.sites/nacda.com/documents/2025/4/22/24.25DI_WinterOverall_4.24.pdf,2
2024-25,Brown,winter,114,Brown,Ivy League,FCS,102.0,102.0,0.0,https://dxbhsrqyrr690.cloudfront.net/sidearm.nextgen.sites/nacda.com/documents/2025/4/22/24.25DI_WinterOverall_4.24.pdf,2
2024-25,Lipscomb,winter,115,Lipscomb,ASUN,DI,101.0,25.0,76.0,https://dxbhsrqyrr690.cloudfront.net/sidearm.nextgen.sites/nacda.com/documents/2025/4/22/24.25DI_WinterOverall_4.24.pdf,2
2024-25,Washington State,winter,116,Washington State,Pac-12,FBS,100.5,75.5,25.0,https://dxbhsrqyrr690.cloudfront.net/sidearm.nextgen.sites/nacda.com/documents/2025/4/22/24.25DI_WinterOverall_4.24.pdf,2
2024-25,Fairfield,winter,117,Fairfield,MAAC,DI,100.0,25.0,75.0,https://dxbhsrqyrr690.cloudfront.net/sidearm.nextgen.sites/nacda.com/documents/2025/4/22/24.25DI_WinterOverall_4.24.pdf,2
2024-25,Tulane,winter,117,Tulane,American,FBS,100.0,0.0,100.0,https://dxbhsrqyrr690.cloudfront.net/sidearm.nextgen.sites/nacda.com/documents/2025/4/22/24.25DI_WinterOverall_4.24.pdf,2
2024-25,Youngstown State,winter,117,Youngstown State,Horizon League,FCS,100.0,100.0,0.0,https://dxbhsrqyrr690.cloudfront.net/sidearm.nextgen.sites/nacda.com/documents/2025/4/22/24.25DI_WinterOverall_4.24.pdf,2
2024-25,Gonzaga,winter,120,Gonzaga,WCC,DI,99.0,50.0,49.0,https://dxbhsrqyrr690.cloudfront.net/sidearm.nextgen.sites/nacda.com/documents/2025/4/22/24.25DI_WinterOverall_4.24.pdf,2
2024-25,Ohio,winter,121,Ohio,MAC,FBS,97.5,52.5,45.0,https://dxbhsrqyrr690.cloudfront.net/sidearm.nextgen.sites/nacda.com/documents/2025/4/22/24.25DI_WinterOverall_4.24.pdf,2
2024-25,UC San Diego,winter,122,UC San Diego,Big West,DI,91.5,91.5,0.0,https://dxbhsrqyrr690.cloudfront.net/sidearm.nextgen.sites/nacda.com/documents/2025/4/22/24.25DI_WinterOverall_4.24.pdf,2
2024-25,Marshall,winter,123,Marshall,Sun Belt,FBS,90.0,0.0,90.0,https://dxbhsrqyrr690.cloudfront.net/sidearm.nextgen.sites/nacda.com/documents/2025/4/22/24.25DI_WinterOverall_4.24.pdf,2
2024-25,Miami (OH),winter,123,Miami (OH),MAC,FBS,90.0,0.0,90.0,https://dxbhsrqyrr690.cloudfront.net/sidearm.nextgen.sites/nacda.com/documents/2025/4/22/24.25DI_WinterOverall_4.24.pdf,2
2024-25,Saint Joseph's,winter,123,Saint Joseph's,Atlantic 10,DI,90.0,0.0,90.0,https://dxbhsrqyrr690.cloudfront.net/sidearm.nextgen.sites/nacda.com/documents/2025/4/22/24.25DI_WinterOverall_4.24.pdf,2
2024-25,Sam Houston State,winter,123,Sam Houston State,Conference USA,FBS,90.0,45.0,45.0,https://dxbhsrqyrr690.cloudfront.net/sidearm.nextgen.sites/nacda.com/documents/2025/4/22/24.25DI_WinterOverall_4.24.pdf,2
2024-25,Marquette,winter,127,Marquette,Big East,DI,89.0,25.0,64.0,https://dxbhsrqyrr690.cloudfront.net/sidearm.nextgen.sites/nacda.com/documents/2025/4/22/24.25DI_WinterOverall_4.24.pdf,2
2024-25,Toledo,winter,127,Toledo,MAC,FBS,89.0,0.0,89.0,https://dxbhsrqyrr690.cloudfront.net/sidearm.nextgen.sites/nacda.com/documents/2025/4/22/24.25DI_WinterOverall_4.24.pdf,2
2024-25,Tarleton State,winter,129,Tarleton State,WAC,FCS,88.5,43.5,45.0,https://dxbhsrqyrr690.cloudfront.net/sidearm.nextgen.sites/nacda.com/documents/2025/4/22/24.25DI_WinterOverall_4.24.pdf,2
2024-25,East Carolina,winter,130,East Carolina,American,FBS,87.0,17.0,70.0,https://dxbhsrqyrr690.cloudfront.net/sidearm.nextgen.sites/nacda.com/documents/2025/4/22/24.25DI_WinterOverall_4.24.pdf,2
2024-25,Colgate,winter,131,Colgate,Patriot,FCS,85.0,60.0,25.0,https://dxbhsrqyrr690.cloudfront.net/sidearm.nextgen.sites/nacda.com/documents/2025/4/22/24.25DI_WinterOverall_4.24.pdf,2
2024-25,Dartmouth,winter,131,Dartmouth,Ivy League,FCS,85.0,85.0,0.0,https://dxbhsrqyrr690.cloudfront.net/sidearm.nextgen.sites/nacda.com/documents/2025/4/22/24.25DI_WinterOverall_4.24.pdf,2
2024-25,LIU Brooklyn,winter,131,LIU Brooklyn,Northeast,FCS,85.0,60.0,25.0,https://dxbhsrqyrr690.cloudfront.net/sidearm.nextgen.sites/nacda.com/documents/2025/4/22/24.25DI_WinterOverall_4.24.pdf,2
2024-25,Northern Colorado,winter,131,Northern Colorado,Big Sky,FCS,85.0,85.0,0.0,https://dxbhsrqyrr690.cloudfront.net/sidearm.nextgen.sites/nacda.com/documents/2025/4/22/24.25DI_WinterOverall_4.24.pdf,2
2024-25,Cal Poly,winter,135,Cal Poly,Big West,FCS,80.5,80.5,0.0,https://dxbhsrqyrr690.cloudfront.net/sidearm.nextgen.sites/nacda.com/documents/2025/4/22/24.25DI_WinterOverall_4.24.pdf,2
2024-25,Fordham,winter,136,Fordham,Atlantic 10,FCS,80.0,0.0,80.0,https://dxbhsrqyrr690.cloudfront.net/sidearm.nextgen.sites/nacda.com/documents/2025/4/22/24.25DI_WinterOverall_4.24.pdf,2
2024-25,Georgia Southern,winter,136,Georgia Southern,Sun Belt,FBS,80.0,55.0,25.0,https://dxbhsrqyrr690.cloudfront.net/sidearm.nextgen.sites/nacda.com/documents/2025/4/22/24.25DI_WinterOverall_4.24.pdf,2
2024-25,Hofstra,winter,136,Hofstra,CAA,DI,80.0,30.0,50.0,https://dxbhsrqyrr690.cloudfront.net/sidearm.nextgen.sites/nacda.com/documents/2025/4/22/24.25DI_WinterOverall_4.24.pdf,2
2024-25,Loyola Chicago,winter,139,Loyola Chicago,Atlantic 10,DI,77.0,0.0,77.0,https://dxbhsrqyrr690.cloudfront.net/sidearm.nextgen.sites/nacda.com/documents/2025/4/22/24.25DI_WinterOverall_4.24.pdf,2
2024-25,Memphis,winter,140,Memphis,American,FBS,76.0,25.0,51.0,https://dxbhsrqyrr690.cloudfront.net/sidearm.nextgen.sites/nacda.com/documents/2025/4/22/24.25DI_WinterOverall_4.24.pdf,2
2024-25,South Alabama,winter,140,South Alabama,Sun Belt,FBS,76.0,31.0,45.0,https://dxbhsrqyrr690.cloudfront.net/sidearm.nextgen.sites/nacda.com/documents/2025/4/22/24.25DI_WinterOverall_4.24.pdf,2
2024-25,Drake,winter,142,Drake,Missouri Valley,FCS,75.0,50.0,25.0,https://dxbhsrqyrr690.cloudfront.net/sidearm.nextgen.sites/nacda.com/documents/2025/4/22/24.25DI_WinterOverall_4.24.pdf,2
2024-25,Missouri State,winter,142,Missouri State,Missouri Valley,FCS,75.0,0.0,75.0,https://dxbhsrqyrr690.cloudfront.net/sidearm.nextgen.sites/nacda.com/documents/2025/4/22/24.25DI_WinterOverall_4.24.pdf,3
2024-25,Richmond,winter,142,Richmond,Atlantic 10,FCS,75.0,50.0,25.0,https://dxbhsrqyrr690.cloudfront.net/sidearm.nextgen.sites/nacda.com/documents/2025/4/22/24.25DI_WinterOverall_4.24.pdf,3
2024-25,Saint Louis,winter,142,Saint Louis,Atlantic 10,DI,75.0,0.0,75.0,https://dxbhsrqyrr690.cloudfront.net/sidearm.nextgen.sites/nacda.com/documents/2025/4/22/24.25DI_WinterOverall_4.24.pdf,3
2024-25,UC Santa Barbara,winter,142,UC Santa Barbara,Big West,DI,75.0,0.0,75.0,https://dxbhsrqyrr690.cloudfront.net/sidearm.nextgen.sites/nacda.com/documents/2025/4/22/24.25DI_WinterOverall_4.24.pdf,3
2024-25,Cincinnati,winter,147,Cincinnati,Big 12,FBS,73.0,73.0,0.0,https://dxbhsrqyrr690.cloudfront.net/sidearm.nextgen.sites/nacda.com/documents/2025/4/22/24.25DI_WinterOverall_4.24.pdf,3
2024-25,High Point,winter,148,High Point,Big South,DI,72.0,47.0,25.0,https://dxbhsrqyrr690.cloudfront.net/sidearm.nextgen.sites/nacda.com/documents/2025/4/22/24.25DI_WinterOverall_4.24.pdf,3
2024-25,Illinois State,winter,148,Illinois State,Missouri Valley,FCS,72.0,0.0,72.0,https://dxbhsrqyrr690.cloudfront.net/sidearm.nextgen.sites/nacda.com/documents/2025/4/22/24.25DI_WinterOverall_4.24.pdf,3
2024-25,Sacred Heart,winter,148,Sacred Heart,MAAC,FCS,72.0,72.0,0.0,https://dxbhsrqyrr690.cloudfront.net/sidearm.nextgen.sites/nacda.com/documents/2025/4/22/24.25DI_WinterOverall_4.24.pdf,3
2024-25,Eastern Kentucky,winter,151,Eastern Kentucky,ASUN,FCS,70.0,0.0,70.0,https://dxbhsrqyrr690.cloudfront.net/sidearm.nextgen.sites/nacda.com/documents/2025/4/22/24.25DI_WinterOverall_4.24.pdf,3
2024-25,James Madison,winter,151,James Madison,Sun Belt,FBS,70.0,0.0,70.0,https://dxbhsrqyrr690.cloudfront.net/sidearm.nextgen.sites/nacda.com/documents/2025/4/22/24.25DI_WinterOverall_4.24.pdf,3
2024-25,Louisiana Tech,winter,151,Louisiana Tech,Conference USA,FBS,70.0,45.0,25.0,https://dxbhsrqyrr690.cloudfront.net/sidearm.nextgen.sites/nacda.com/documents/2025/4/22/24.25DI_WinterOverall_4.24.pdf,3
2024-25,Montana,winter,151,Montana,Big Sky,FCS,70.0,25.0,45.0,https://dxbhsrqyrr690.cloudfront.net/sidearm.nextgen.sites/nacda.com/documents/2025/4/22/24.25DI_WinterOverall_4.24.pdf,3
2024-25,Texas State,winter,151,Texas State,Sun Belt,FBS,70.0,0.0,70.0,https://dxbhsrqyrr690.cloudfront.net/sidearm.nextgen.sites/nacda.com/documents/2025/4/22/24.25DI_WinterOverall_4.24.pdf,3
2024-25,VCU,winter,151,VCU,Atlantic 10,DI,70.0,70.0,0.0,https://dxbhsrqyrr690.cloudfront.net/sidearm.nextgen.sites/nacda.com/documents/2025/4/22/24.25DI_WinterOverall_4.24.pdf,3
2024-25,Utah Valley,winter,157,Utah Valley,WAC,DI,68.0,39.0,29.0,https://dxbhsrqyrr690.cloudfront.net/sidearm.nextgen.sites/nacda.com/documents/2025/4/22/24.25DI_WinterOverall_4.24.pdf,3
2024-25,Cleveland State,winter,158,Cleveland State,Horizon League,DI,65.0,40.0,25.0,https://dxbhsrqyrr690.cloudfront.net/sidearm.nextgen.sites/nacda.com/documents/2025/4/22/24.25DI_WinterOverall_4.24.pdf,3
2024-25,Idaho,winter,158,Idaho,Big Sky,FCS,65.0,0.0,65.0,https://dxbhsrqyrr690.cloudfront.net/sidearm.nextgen.sites/nacda.com/documents/2025/4/22/24.25DI_WinterOverall_4.24.pdf,3
2024-25,Mercer,winter,158,Mercer,SoCon,FCS,65.0,0.0,65.0,https://dxbhsrqyrr690.cloudfront.net/sidearm.nextgen.sites/nacda.com/documents/2025/4/22/24.25DI_WinterOverall_4.24.pdf,3
2024-25,North Carolina A&T State,winter,158,North Carolina A&T State,CAA,FCS,65.0,65.0,0.0,https://dxbhsrqyrr690.cloudfront.net/sidearm.nextgen.sites/nacda.com/documents/2025/4/22/24.25DI_WinterOverall_4.24.pdf,3
2024-25,Northern Illinois,winter,162,Northern Illinois,MAC,FBS,64.0,19.0,45.0,https://dxbhsrqyrr690.cloudfront.net/sidearm.nextgen.sites/nacda.com/documents/2025/4/22/24.25DI_WinterOverall_4.24.pdf,3
2024-25,San Diego,winter,162,San Diego,WCC,FCS,64.0,0.0,64.0,https://dxbhsrqyrr690.cloudfront.net/sidearm.nextgen.sites/nacda.com/documents/2025/4/22/24.25DI_WinterOverall_4.24.pdf,3
2024-25,UMKC,winter,162,UMKC,Summit,DI,64.0,0.0,64.0,https://dxbhsrqyrr690.cloudfront.net/sidearm.nextgen.sites/nacda.com/documents/2025/4/22/24.25DI_WinterOverall_4.24.pdf,3
2024-25,Bucknell,winter,165,Bucknell,Patriot,FCS,58.5,33.5,25.0,https://dxbhsrqyrr690.cloudfront.net/sidearm.nextgen.sites/nacda.com/documents/2025/4/22/24.25DI_WinterOverall_4.24.pdf,3
2024-25,William & Mary,winter,166,William & Mary,CAA,FCS,57.5,57.5,0.0,https://dxbhsrqyrr690.cloudfront.net/sidearm.nextgen.sites/nacda.com/documents/2025/4/22/24.25DI_WinterOverall_4.24.pdf,3
2024-25,Arkansas Little Rock,winter,167,Arkansas Little Rock,OVC,DI,57.0,57.0,0.0,https://dxbhsrqyrr690.cloudfront.net/sidearm.nextgen.sites/nacda.com/documents/2025/4/22/24.25DI_WinterOverall_4.24.pdf,3
2024-25,Portland,winter,168,Portland,WCC,DI,56.0,0.0,56.0,https://dxbhsrqyrr690.cloudfront.net/sidearm.nextgen.sites/nacda.com/documents/2025/4/22/24.25DI_WinterOverall_4.24.pdf,3
2024-25,North Florida,winter,169,North Florida,ASUN,DI,55.0,30.0,25.0,https://dxbhsrqyrr690.cloudfront.net/sidearm.nextgen.sites/nacda.com/documents/2025/4/22/24.25DI_WinterOverall_4.24.pdf,3
2024-25,Butler,winter,170,Butler,Big East,FCS,54.0,0.0,54.0,https://dxbhsrqyrr690.cloudfront.net/sidearm.nextgen.sites/nacda.com/documents/2025/4/22/24.25DI_WinterOverall_4.24.pdf,3
2024-25,Southern Utah,winter,171,Southern Utah,WAC,FCS,53.5,53.5,0.0,https://dxbhsrqyrr690.cloudfront.net/sidearm.nextgen.sites/nacda.com/documents/2025/4/22/24.25DI_WinterOverall_4.24.pdf,3
2024-25,Iona,winter,172,Iona,MAAC,DI,52.0,0.0,52.0,https://dxbhsrqyrr690.cloudfront.net/sidearm.nextgen.sites/nacda.com/documents/2025/4/22/24.25DI_WinterOverall_4.24.pdf,3
2024-25,UTEP,winter,173,UTEP,Conference USA,FBS,51.5,26.5,25.0,https://dxbhsrqyrr690.cloudfront.net/sidearm.nextgen.sites/nacda.com/documents/2025/4/22/24.25DI_WinterOverall_4.24.pdf,3
2024-25,Florida Gulf Coast,winter,174,Florida Gulf Coast,ASUN,DI,50.0,25.0,25.0,https://dxbhsrqyrr690.cloudfront.net/sidearm.nextgen.sites/nacda.com/documents/2025/4/22/24.25DI_WinterOverall_4.24.pdf,3
2024-25,Gardner-Webb,winter,174,Gardner-Webb,Big South,FCS,50.0,0.0,50.0,https://dxbhsrqyrr690.cloudfront.net/sidearm.nextgen.sites/nacda.com/documents/2025/4/22/24.25DI_WinterOverall_4.24.pdf,3
2024-25,Grand Canyon,winter,174,Grand Canyon,WAC,DI,50.0,50.0,0.0,https://dxbhsrqyrr690.cloudfront.net/sidearm.nextgen.sites/nacda.com/documents/2025/4/22/24.25DI_WinterOverall_4.24.pdf,3
2024-25,Loyola Marymount,winter,174,Loyola Marymount,WCC,DI,50.0,0.0,50.0,https://dxbhsrqyrr690.cloudfront.net/sidearm.nextgen.sites/nacda.com/documents/2025/4/22/24.25DI_WinterOverall_4.24.pdf,3
2024-25,Maine,winter,174,Maine,America East,FCS,50.0,25.0,25.0,https://dxbhsrqyrr690.cloudfront.net/sidearm.nextgen.sites/nacda.com/documents/2025/4/22/24.25DI_WinterOverall_4.24.pdf,3
2024-25,McNeese State,winter,174,McNeese State,Southland,FCS,50.0,50.0,0.0,https://dxbhsrqyrr690.cloudfront.net/sidearm.nextgen.sites/nacda.com/documents/2025/4/22/24.25DI_WinterOverall_4.24.pdf,3
2024-25,Morehead State,winter,174,Morehead State,OVC,FCS,50.0,0.0,50.0,https://dxbhsrqyrr690.cloudfront.net/sidearm.nextgen.sites/nacda.com/documents/2025/4/22/24.25DI_WinterOverall_4.24.pdf,3
2024-25,Norfolk State,winter,174,Norfolk State,MEAC,FCS,50.0,50.0,0.0,https://dxbhsrqyrr690.cloudfront.net/sidearm.nextgen.sites/nacda.com/documents/2025/4/22/24.25DI_WinterOverall_4.24.pdf,3
2024-25,Robert Morris,winter,174,Robert Morris,Horizon League,FCS,50.0,25.0,25.0,https://dxbhsrqyrr690.cloudfront.net/sidearm.nextgen.sites/nacda.com/documents/2025/4/22/24.25DI_WinterOverall_4.24.pdf,3
2024-25,Sacramento State,winter,174,Sacramento State,Big Sky,FCS,50.0,0.0,50.0,https://dxbhsrqyrr690.cloudfront.net/sidearm.nextgen.sites/nacda.com/documents/2025/4/22/24.25DI_WinterOverall_4.24.pdf,3
2024-25,Saint Mary's (CA),winter,174,Saint Mary's (CA),WCC,DI,50.0,50.0,0.0,https://dxbhsrqyrr690.cloudfront.net/sidearm.nextgen.sites/nacda.com/documents/2025/4/22/24.25DI_WinterOverall_4.24.pdf,3
2024-25,Santa Clara,winter,174,Santa Clara,WCC,DI,50.0,0.0,50.0,https://dxbhsrqyrr690.cloudfront.net/sidearm.nextgen.sites/nacda.com/documents/2025/4/22/24.25DI_WinterOverall_4.24.pdf,3
2024-25,SIU Edwardsville,winter,174,SIU Edwardsville,OVC,DI,50.0,25.0,25.0,https://dxbhsrqyrr690.cloudfront.net/sidearm.nextgen.sites/nacda.com/documents/2025/4/22/24.25DI_WinterOverall_4.24.pdf,3
2024-25,Southern,winter,174,Southern,SWAC,FCS,50.0,25.0,25.0,https://dxbhsrqyrr690.cloudfront.net/sidearm.nextgen.sites/nacda.com/documents/2025/4/22/24.25DI_WinterOverall_4.24.pdf,3
2024-25,UNLV,winter,174,UNLV,Mountain West,FBS,50.0,0.0,50.0,https://dxbhsrqyrr690.cloudfront.net/sidearm.nextgen.sites/nacda.com/documents/2025/4/22/24.25DI_WinterOverall_4.24.pdf,3
2024-25,Western Kentucky,winter,174,Western Kentucky,Conference USA,FBS,50.0,0.0,50.0,https://dxbhsrqyrr690.cloudfront.net/sidearm.nextgen.sites/nacda.com/documents/2025/4/22/24.25DI_WinterOverall_4.24.pdf,3
2024-25,Wofford,winter,174,Wofford,SoCon,FCS,50.0,25.0,25.0,https://dxbhsrqyrr690.cloudfront.net/sidearm.nextgen.sites/nacda.com/documents/2025/4/22/24.25DI_WinterOverall_4.24.pdf,3
2024-25,Wagner,winter,191,Wagner,Northeast,FCS,48.0,48.0,0.0,https://dxbhsrqyrr690.cloudfront.net/sidearm.nextgen.sites/nacda.com/documents/2025/4/22/24.25DI_WinterOverall_4.24.pdf,3
2024-25,Ball State,winter,192,Ball State,MAC,FBS,47.5,47.5,0.0,https://dxbhsrqyrr690.cloudfront.net/sidearm.nextgen.sites/nacda.com/documents/2025/4/22/24.25DI_WinterOverall_4.24.pdf,3
2024-25,Temple,winter,193,Temple,American,FBS,46.0,46.0,0.0,https://dxbhsrqyrr690.cloudfront.net/sidearm.nextgen.sites/nacda.com/documents/2025/4/22/24.25DI_WinterOverall_4.24.pdf,3
2024-25,Abilene Christian,winter,194,Abilene Christian,WAC,FCS,45.0,0.0,45.0,https://dxbhsrqyrr690.cloudfront.net/sidearm.nextgen.sites/nacda.com/documents/2025/4/22/24.25DI_WinterOverall_4.24.pdf,3
2024-25,Buffalo,winter,194,Buffalo,MAC,FBS,45.0,0.0,45.0,https://dxbhsrqyrr690.cloudfront.net/sidearm.nextgen.sites/nacda.com/documents/2025/4/22/24.25DI_WinterOverall_4.24.pdf,3
2024-25,Delaware,winter,194,Delaware,CAA,FCS,45.0,0.0,45.0,https://dxbhsrqyrr690.cloudfront.net/sidearm.nextgen.sites/nacda.com/documents/2025/4/22/24.25DI_WinterOverall_4.24.pdf,3
2024-25,Fresno State,winter,194,Fresno State,Mountain West,FBS,45.0,20.0,25.0,https://dxbhsrqyrr690.cloudfront.net/sidearm.nextgen.sites/nacda.com/documents/2025/4/22/24.25DI_WinterOverall_4.24.pdf,3
2024-25,Jackson State,winter,194,Jackson State,SWAC,FCS,45.0,0.0,45.0,https://dxbhsrqyrr690.cloudfront.net/sidearm.nextgen.sites/nacda.com/documents/2025/4/22/24.25DI_WinterOverall_4.24.pdf,3
2024-25,Lafayette,winter,194,Lafayette,Patriot,FCS,45.0,0.0,45.0,https://dxbhsrqyrr690.cloudfront.net/sidearm.nextgen.sites/nacda.com/documents/2025/4/22/24.25DI_WinterOverall_4.24.pdf,3
2024-25,Nevada,winter,194,Nevada,Mountain West,FBS,45.0,45.0,0.0,https://dxbhsrqyrr690.cloudfront.net/sidearm.nextgen.sites/nacda.com/documents/2025/4/22/24.25DI_WinterOverall_4.24.pdf,3
2024-25,Rhode Island,winter,194,Rhode Island,Atlantic 10,FCS,45.0,0.0,45.0,https://dxbhsrqyrr690.cloudfront.net/sidearm.nextgen.sites/nacda.com/documents/2025/4/22/24.25DI_WinterOverall_4.24.pdf,3
2024-25,Tennessee Martin,winter,194,Tennessee Martin,OVC,FCS,45.0,0.0,45.0,https://dxbhsrqyrr690.cloudfront.net/sidearm.nextgen.sites/nacda.com/documents/2025/4/22/24.25DI_WinterOverall_4.24.pdf,3
2024-25,UTSA,winter,194,UTSA,American,FBS,45.0,0.0,45.0,https://dxbhsrqyrr690.cloudfront.net/sidearm.nextgen.sites/nacda.com/documents/2025/4/22/24.25DI_WinterOverall_4.24.pdf,3
2024-25,George Mason,winter,204,George Mason,Atlantic 10,DI,44.0,44.0,0.0,https://dxbhsrqyrr690.cloudfront.net/sidearm.nextgen.sites/nacda.com/documents/2025/4/22/24.25DI_WinterOverall_4.24.pdf,3
2024-25,Southern Illinois,winter,204,Southern Illinois,Missouri Valley,FCS,44.0,44.0,0.0,https://dxbhsrqyrr690.cloudfront.net/sidearm.nextgen.sites/nacda.com/documents/2025/4/22/24.25DI_WinterOverall_4.24.pdf,3
2024-25,NJIT,winter,206,NJIT,America East,DI,43.0,43.0,0.0,https://dxbhsrqyrr690.cloudfront.net/sidearm.nextgen.sites/nacda.com/documents/2025/4/22/24.25DI_WinterOverall_4.24.pdf,3
2024-25,Tulsa,winter,206,Tulsa,American,FBS,43.0,0.0,43.0,https://dxbhsrqyrr690.cloudfront.net/sidearm.nextgen.sites/nacda.com/documents/2025/4/22/24.25DI_WinterOverall_4.24.pdf,3
2024-25,San Jose State,winter,208,San Jose State,Mountain West,FBS,42.0,17.0,25.0,https://dxbhsrqyrr690.cloudfront.net/sidearm.nextgen.sites/nacda.com/documents/2025/4/22/24.25DI_WinterOverall_4.24.pdf,3
2024-25,Cal State Northridge,winter,209,Cal State Northridge,Big West,DI,41.0,41.0,0.0,https://dxbhsrqyrr690.cloudfront.net/sidearm.nextgen.sites/nacda.com/documents/2025/4/22/24.25DI_WinterOverall_4.24.pdf,3
2024-25,Cal State Bakersfield,winter,210,Cal State Bakersfield,Big West,DI,40.0,40.0,0.0,https://dxbhsrqyrr690.cloudfront.net/sidearm.nextgen.sites/nacda.com/documents/2025/4/22/24.25DI_WinterOverall_4.24.pdf,3
2024-25,Murray State,winter,211,Murray State,Missouri Valley,FCS,35.0,35.0,0.0,https://dxbhsrqyrr690.cloudfront.net/sidearm.nextgen.sites/nacda.com/documents/2025/4/22/24.25DI_WinterOverall_4.24.pdf,3
2024-25,Rider,winter,211,Rider,MAAC,DI,35.0,35.0,0.0,https://dxbhsrqyrr690.cloudfront.net/sidearm.nextgen.sites/nacda.com/documents/2025/4/22/24.25DI_WinterOverall_4.24.pdf,3
2024-25,San Diego State,winter,213,San Diego State,Mountain West,FBS,30.0,30.0,0.0,https://dxbhsrqyrr690.cloudfront.net/sidearm.nextgen.sites/nacda.com/documents/2025/4/22/24.25DI_WinterOverall_4.24.pdf,3
2024-25,Binghamton,winter,214,Binghamton,America East,DI,28.5,28.5,0.0,https://dxbhsrqyrr690.cloudfront.net/sidearm.nextgen.sites/nacda.com/documents/2025/4/22/24.25DI_WinterOverall_4.24.pdf,4
2024-25,Central Michigan,winter,214,Central Michigan,MAC,FBS,28.5,28.5,0.0,https://dxbhsrqyrr690.cloudfront.net/sidearm.nextgen.sites/nacda.com/documents/2025/4/22/24.25DI_WinterOverall_4.24.pdf,4
2024-25,Arkansas Pine Bluff,winter,216,Arkansas Pine Bluff,SWAC,FCS,26.5,26.5,0.0,https://dxbhsrqyrr690.cloudfront.net/sidearm.nextgen.sites/nacda.com/documents/2025/4/22/24.25DI_WinterOverall_4.24.pdf,4
2024-25,Alabama State,winter,217,Alabama State,SWAC,FCS,25.0,25.0,0.0,https://dxbhsrqyrr690.cloudfront.net/sidearm.nextgen.sites/nacda.com/documents/2025/4/22/24.25DI_WinterOverall_4.24.pdf,4
2024-25,Bowling Green,winter,217,Bowling Green,MAC,FBS,25.0,0.0,25.0,https://dxbhsrqyrr690.cloudfront.net/sidearm.nextgen.sites/nacda.com/documents/2025/4/22/24.25DI_WinterOverall_4.24.pdf,4
2024-25,Bryant,winter,217,Bryant,America East,FCS,25.0,25.0,0.0,https://dxbhsrqyrr690.cloudfront.net/sidearm.nextgen.sites/nacda.com/documents/2025/4/22/24.25DI_WinterOverall_4.24.pdf,4
2024-25,Central Connecticut State,winter,217,Central Connecticut State,Northeast,FCS,25.0,0.0,25.0,https://dxbhsrqyrr690.cloudfront.net/sidearm.nextgen.sites/nacda.com/documents/2025/4/22/24.25DI_WinterOverall_4.24.pdf,4
2024-25,Charlotte,winter,217,Charlotte,American,FBS,25.0,0.0,25.0,https://dxbhsrqyrr690.cloudfront.net/sidearm.nextgen.sites/nacda.com/documents/2025/4/22/24.25DI_WinterOverall_4.24.pdf,4
2024-25,Chicago State,winter,217,Chicago State,Northeast,DI,25.0,0.0,25.0,https://dxbhsrqyrr690.cloudfront.net/sidearm.nextgen.sites/nacda.com/documents/2025/4/22/24.25DI_WinterOverall_4.24.pdf,4
2024-25,Coastal Carolina,winter,217,Coastal Carolina,Sun Belt,FBS,25.0,0.0,25.0,https://dxbhsrqyrr690.cloudfront.net/sidearm.nextgen.sites/nacda.com/documents/2025/4/22/24.25DI_WinterOverall_4.24.pdf,4
2024-25,College of Charleston,winter,217,College of Charleston,CAA,DI,25.0,0.0,25.0,https://dxbhsrqyrr690.cloudfront.net/sidearm.nextgen.sites/nacda.com/documents/2025/4/22/24.25DI_WinterOverall_4.24.pdf,4
2024-25,Delaware State,winter,217,Delaware State,MEAC,FCS,25.0,0.0,25.0,https://dxbhsrqyrr690.cloudfront.net/sidearm.nextgen.sites/nacda.com/documents/2025/4/22/24.25DI_WinterOverall_4.24.pdf,4
2024-25,Evansville,winter,217,Evansville,Missouri Valley,DI,25.0,0.0,25.0,https://dxbhsrqyrr690.cloudfront.net/sidearm.nextgen.sites/nacda.com/documents/2025/4/22/24.25DI_WinterOverall_4.24.pdf,4
2024-25,FIU,winter,217,FIU,Conference USA,FBS,25.0,0.0,25.0,https://dxbhsrqyrr690.cloudfront.net/sidearm.nextgen.sites/nacda.com/documents/2025/4/22/24.25DI_WinterOverall_4.24.pdf,4
2024-25,Florida A&M,winter,217,Florida A&M,SWAC,FBS,25.0,0.0,25.0,https://dxbhsrqyrr690.cloudfront.net/sidearm.nextgen.sites/nacda.com/documents/2025/4/22/24.25DI_WinterOverall_4.24.pdf,4
2024-25,Hawaii,winter,217,Hawaii,Big West,FBS,25.0,0.0,25.0,https://dxbhsrqyrr690.cloudfront.net/sidearm.nextgen.sites/nacda.com/documents/2025/4/22/24.25DI_WinterOverall_4.24.pdf,4
2024-25,Howard,winter,217,Howard,MEAC,FCS,25.0,0.0,25.0,https://dxbhsrqyrr690.cloudfront.net/sidearm.nextgen.sites/nacda.com/documents/2025/4/22/24.25DI_WinterOverall_4.24.pdf,4
2024-25,Long Beach State,winter,217,Long Beach State,Big West,DI,25.0,0.0,25.0,https://dxbhsrqyrr690.cloudfront.net/sidearm.nextgen.sites/nacda.com/documents/2025/4/22/24.25DI_WinterOverall_4.24.pdf,4
2024-25,Louisiana,winter,217,Louisiana,Sun Belt,FBS,25.0,0.0,25.0,https://dxbhsrqyrr690.cloudfront.net/sidearm.nextgen.sites/nacda.com/documents/2025/4/22/24.25DI_WinterOverall_4.24.pdf,4
2024-25,Mount St. Mary's,winter,217,Mount St. Mary's,MAAC,DI,25.0,25.0,0.0,https://dxbhsrqyrr690.cloudfront.net/sidearm.nextgen.sites/nacda.com/documents/2025/4/22/24.25DI_WinterOverall_4.24.pdf,4
2024-25,North Carolina Greensboro,winter,217,North Carolina Greensboro,SoCon,DI,25.0,25.0,0.0,https://dxbhsrqyrr690.cloudfront.net/sidearm.nextgen.sites/nacda.com/documents/2025/4/22/24.25DI_WinterOverall_4.24.pdf,4
2024-25,North Carolina Wilmington,winter,217,North Carolina Wilmington,CAA,DI,25.0,25.0,0.0,https://dxbhsrqyrr690.cloudfront.net/sidearm.nextgen.sites/nacda.com/documents/2025/4/22/24.25DI_WinterOverall_4.24.pdf,4
2024-25,North Texas,winter,217,North Texas,American,FBS,25.0,0.0,25.0,https://dxbhsrqyrr690.cloudfront.net/sidearm.nextgen.sites/nacda.com/documents/2025/4/22/24.25DI_WinterOverall_4.24.pdf,4
2024-25,Omaha,winter,217,Omaha,Summit,DI,25.0,25.0,0.0,https://dxbhsrqyrr690.cloudfront.net/sidearm.nextgen.sites/nacda.com/documents/2025/4/22/24.25DI_WinterOverall_4.24.pdf,4
2024-25,Pepperdine,winter,217,Pepperdine,WCC,DI,25.0,0.0,25.0,https://dxbhsrqyrr690.cloudfront.net/sidearm.nextgen.sites/nacda.com/documents/2025/4/22/24.25DI_WinterOverall_4.24.pdf,4
2024-25,Prairie View A&M,winter,217,Prairie View A&M,SWAC,FCS,25.0,25.0,0.0,https://dxbhsrqyrr690.cloudfront.net/sidearm.nextgen.sites/nacda.com/documents/2025/4/22/24.25DI_WinterOverall_4.24.pdf,4
2024-25,Quinnipiac,winter,217,Quinnipiac,MAAC,DI,25.0,25.0,0.0,https://dxbhsrqyrr690.cloudfront.net/sidearm.nextgen.sites/nacda.com/documents/2025/4/22/24.25DI_WinterOverall_4.24.pdf,4
2024-25,Samford,winter,217,Samford,SoCon,FCS,25.0,0.0,25.0,https://dxbhsrqyrr690.cloudfront.net/sidearm.nextgen.sites/nacda.com/documents/2025/4/22/24.25DI_WinterOverall_4.24.pdf,4
2024-25,Seattle,winter,217,Seattle,WAC,DI,25.0,0.0,25.0,https://dxbhsrqyrr690.cloudfront.net/sidearm.nextgen.sites/nacda.com/documents/2025/4/22/24.25DI_WinterOverall_4.24.pdf,4
2024-25,South Carolina State,winter,217,South Carolina State,MEAC,FCS,25.0,0.0,25.0,https://dxbhsrqyrr690.cloudfront.net/sidearm.nextgen.sites/nacda.com/documents/2025/4/22/24.25DI_WinterOverall_4.24.pdf,4
2024-25,South Carolina Upstate,winter,217,South Carolina Upstate,Big South,DI,25.0,0.0,25.0,https://dxbhsrqyrr690.cloudfront.net/sidearm.nextgen.sites/nacda.com/documents/2025/4/22/24.25DI_WinterOverall_4.24.pdf,4
2024-25,Southeast Missouri State,winter,217,Southeast Missouri State,OVC,FCS,25.0,0.0,25.0,https://dxbhsrqyrr690.cloudfront.net/sidearm.nextgen.sites/nacda.com/documents/2025/4/22/24.25DI_WinterOverall_4.24.pdf,4
2024-25,Stony Brook,winter,217,Stony Brook,CAA,FCS,25.0,0.0,25.0,https://dxbhsrqyrr690.cloudfront.net/sidearm.nextgen.sites/nacda.com/documents/2025/4/22/24.25DI_WinterOverall_4.24.pdf,4
2024-25,Tennessee State,winter,217,Tennessee State,OVC,FCS,25.0,0.0,25.0,https://dxbhsrqyrr690.cloudfront.net/sidearm.nextgen.sites/nacda.com/documents/2025/4/22/24.25DI_WinterOverall_4.24.pdf,4
2024-25,Tennessee Tech,winter,217,Tennessee Tech,OVC,FCS,25.0,25.0,0.0,https://dxbhsrqyrr690.cloudfront.net/sidearm.nextgen.sites/nacda.com/documents/2025/4/22/24.25DI_WinterOverall_4.24.pdf,4
2024-25,Texas A&M Corpus Christi,winter,217,Texas A&M Corpus Christi,Southland,DI,25.0,0.0,25.0,https://dxbhsrqyrr690.cloudfront.net/sidearm.nextgen.sites/nacda.com/documents/2025/4/22/24.25DI_WinterOverall_4.24.pdf,4
2024-25,Texas Arlington,winter,217,Texas Arlington,WAC,DI,25.0,0.0,25.0,https://dxbhsrqyrr690.cloudfront.net/sidearm.nextgen.sites/nacda.com/documents/2025/4/22/24.25DI_WinterOverall_4.24.pdf,4
2024-25,Troy,winter,217,Troy,Sun Belt,FBS,25.0,25.0,0.0,https://dxbhsrqyrr690.cloudfront.net/sidearm.nextgen.sites/nacda.com/documents/2025/4/22/24.25DI_WinterOverall_4.24.pdf,4
2024-25,Wisconsin Green Bay,winter,217,Wisconsin Green Bay,Horizon League,DI,25.0,25.0,0.0,https://dxbhsrqyrr690.cloudfront.net/sidearm.nextgen.sites/nacda.com/documents/2025/4/22/24.25DI_WinterOverall_4.24.pdf,4
2024-25,Wisconsin Milwaukee,winter,217,Wisconsin Milwaukee,Horizon League,DI,25.0,0.0,25.0,https://dxbhsrqyrr690.cloudfront.net/sidearm.nextgen.sites/nacda.com/documents/2025/4/22/24.25DI_WinterOverall_4.24.pdf,4
2024-25,Xavier,winter,217,Xavier,Big East,DI,25.0,25.0,0.0,https://dxbhsrqyrr690.cloudfront.net/sidearm.nextgen.sites/nacda.com/documents/2025/4/22/24.25DI_WinterOverall_4.24.pdf,4
2024-25,Appalachian State,winter,255,Appalachian State,Sun Belt,FBS,23.5,23.5,0.0,https://dxbhsrqyrr690.cloudfront.net/sidearm.nextgen.sites/nacda.com/documents/2025/4/22/24.25DI_WinterOverall_4.24.pdf,4
2024-25,Citadel,winter,255,Citadel,SoCon,FCS,23.5,23.5,0.0,https://dxbhsrqyrr690.cloudfront.net/sidearm.nextgen.sites/nacda.com/documents/2025/4/22/24.25DI_WinterOverall_4.24.pdf,4
2024-25,Tennessee Chattanooga,winter,255,Tennessee Chattanooga,SoCon,FCS,23.5,23.5,0.0,https://dxbhsrqyrr690.cloudfront.net/sidearm.nextgen.sites/nacda.com/documents/2025/4/22/24.25DI_WinterOverall_4.24.pdf,4
2024-25,Kent State,winter,258,Kent State,MAC,FBS,21.5,21.5,0.0,https://dxbhsrqyrr690.cloudfront.net/sidearm.nextgen.sites/nacda.com/documents/2025/4/22/24.25DI_WinterOverall_4.24.pdf,4
2024-25,Campbell,winter,259,Campbell,CAA,FCS,17.0,17.0,0.0,https://dxbhsrqyrr690.cloudfront.net/sidearm.nextgen.sites/nacda.com/documents/2025/4/22/24.25DI_WinterOverall_4.24.pdf,4
2024-25,American,winter,260,American,Patriot,DI,5.0,5.0,0.0,https://dxbhsrqyrr690.cloudfront.net/sidearm.nextgen.sites/nacda.com/documents/2025/4/22/24.25DI_WinterOverall_4.24.pdf,4
2024-25,Saint Francis (PA),winter,260,Saint Francis (PA),Northeast,FCS,5.0,5.0,0.0,https://dxbhsrqyrr690.cloudfront.net/sidearm.nextgen.sites/nacda.com/documents/2025/4/22/24.25DI_WinterOverall_4.24.pdf,4
2025-26,North Carolina,fall,1,North Carolina,ACC,FBS,359.0,359.0,359.0,https://dxbhsrqyrr690.cloudfront.net/sidearm.nextgen.sites/nacda.com/documents/2026/1/20/25.26DI_FinalFallOverall.pdf,1
2025-26,Stanford,fall,2,Stanford,ACC,FBS,346.5,346.5,346.5,https://dxbhsrqyrr690.cloudfront.net/sidearm.nextgen.sites/nacda.com/documents/2026/1/20/25.26DI_FinalFallOverall.pdf,1
2025-26,Virginia,fall,3,Virginia,ACC,FBS,339.5,339.5,339.5,https://dxbhsrqyrr690.cloudfront.net/sidearm.nextgen.sites/nacda.com/documents/2026/1/20/25.26DI_FinalFallOverall.pdf,1
2025-26,BYU,fall,4,BYU,Big 12,FBS,309.5,309.5,309.5,https://dxbhsrqyrr690.cloudfront.net/sidearm.nextgen.sites/nacda.com/documents/2026/1/20/25.26DI_FinalFallOverall.pdf,1
2025-26,Notre Dame,fall,5,Notre Dame,ACC,FBS,301.0,301.0,301.0,https://dxbhsrqyrr690.cloudfront.net/sidearm.nextgen.sites/nacda.com/documents/2026/1/20/25.26DI_FinalFallOverall.pdf,1
2025-26,Washington,fall,6,Washington,Big Ten,FBS,273.0,273.0,273.0,https://dxbhsrqyrr690.cloudfront.net/sidearm.nextgen.sites/nacda.com/documents/2026/1/20/25.26DI_FinalFallOverall.pdf,1
2025-26,Princeton,fall,7,Princeton,Ivy League,FCS,265.0,265.0,265.0,https://dxbhsrqyrr690.cloudfront.net/sidearm.nextgen.sites/nacda.com/documents/2026/1/20/25.26DI_FinalFallOverall.pdf,1
2025-26,Wake Forest,fall,8,Wake Forest,ACC,FBS,257.5,257.5,257.5,https://dxbhsrqyrr690.cloudfront.net/sidearm.nextgen.sites/nacda.com/documents/2026/1/20/25.26DI_FinalFallOverall.pdf,1
2025-26,Duke,fall,9,Duke,ACC,FBS,257.0,257.0,257.0,https://dxbhsrqyrr690.cloudfront.net/sidearm.nextgen.sites/nacda.com/documents/2026/1/20/25.26DI_FinalFallOverall.pdf,1
2025-26,Alabama,fall,10,Alabama,SEC,FBS,251.0,251.0,251.0,https://dxbhsrqyrr690.cloudfront.net/sidearm.nextgen.sites/nacda.com/documents/2026/1/20/25.26DI_FinalFallOverall.pdf,1
2025-26,Colorado,fall,11,Colorado,Big 12,FBS,244.5,244.5,244.5,https://dxbhsrqyrr690.cloudfront.net/sidearm.nextgen.sites/nacda.com/documents/2026/1/20/25.26DI_FinalFallOverall.pdf,1
2025-26,Georgetown,fall,12,Georgetown,Big East,FCS,242.5,242.5,242.5,https://dxbhsrqyrr690.cloudfront.net/sidearm.nextgen.sites/nacda.com/documents/2026/1/20/25.26DI_FinalFallOverall.pdf,1
2025-26,Texas A&M,fall,13,Texas A&M,SEC,FBS,240.5,240.5,240.5,https://dxbhsrqyrr690.cloudfront.net/sidearm.nextgen.sites/nacda.com/documents/2026/1/20/25.26DI_FinalFallOverall.pdf,1
2025-26,Oregon,fall,14,Oregon,Big Ten,FBS,240.0,240.0,240.0,https://dxbhsrqyrr690.cloudfront.net/sidearm.nextgen.sites/nacda.com/documents/2026/1/20/25.26DI_FinalFallOverall.pdf,1
2025-26,Penn State,fall,15,Penn State,Big Ten,FBS,239.5,239.5,239.5,https://dxbhsrqyrr690.cloudfront.net/sidearm.nextgen.sites/nacda.com/documents/2026/1/20/25.26DI_FinalFallOverall.pdf,1
2025-26,Wisconsin,fall,16,Wisconsin,Big Ten,FBS,236.0,236.0,236.0,https://dxbhsrqyrr690.cloudfront.net/sidearm.nextgen.sites/nacda.com/documents/2026/1/20/25.26DI_FinalFallOverall.pdf,1
2025-26,North Carolina State,fall,17,North Carolina State,ACC,FBS,235.0,235.0,235.0,https://dxbhsrqyrr690.cloudfront.net/sidearm.nextgen.sites/nacda.com/documents/2026/1/20/25.26DI_FinalFallOverall.pdf,1
2025-26,Northwestern,fall,18,Northwestern,Big Ten,FBS,226.0,226.0,226.0,https://dxbhsrqyrr690.cloudfront.net/sidearm.nextgen.sites/nacda.com/documents/2026/1/20/25.26DI_FinalFallOverall.pdf,1
2025-26,UCLA,fall,19,UCLA,Big Ten,FBS,225.0,225.0,225.0,https://dxbhsrqyrr690.cloudfront.net/sidearm.nextgen.sites/nacda.com/documents/2026/1/20/25.26DI_FinalFallOverall.pdf,1
2025-26,Indiana,fall,20,Indiana,Big Ten,FBS,214.0,214.0,214.0,https://dxbhsrqyrr690.cloudfront.net/sidearm.nextgen.sites/nacda.com/documents/2026/1/20/25.26DI_FinalFallOverall.pdf,1
2025-26,Louisville,fall,21,Louisville,ACC,FBS,207.0,207.0,207.0,https://dxbhsrqyrr690.cloudfront.net/sidearm.nextgen.sites/nacda.com/documents/2026/1/20/25.26DI_FinalFallOverall.pdf,1
2025-26,Syracuse,fall,22,Syracuse,ACC,FBS,198.0,198.0,198.0,https://dxbhsrqyrr690.cloudfront.net/sidearm.nextgen.sites/nacda.com/documents/2026/1/20/25.26DI_FinalFallOverall.pdf,1
2025-26,New Mexico,fall,23,New Mexico,Mountain West,FBS,195.0,195.0,195.0,https://dxbhsrqyrr690.cloudfront.net/sidearm.nextgen.sites/nacda.com/documents/2026/1/20/25.26DI_FinalFallOverall.pdf,1
2025-26,USC,fall,24,USC,Big Ten,FBS,193.0,193.0,193.0,https://dxbhsrqyrr690.cloudfront.net/sidearm.nextgen.sites/nacda.com/documents/2026/1/20/25.26DI_FinalFallOverall.pdf,1
2025-26,Iowa State,fall,25,Iowa State,Big 12,FBS,189.0,189.0,189.0,https://dxbhsrqyrr690.cloudfront.net/sidearm.nextgen.sites/nacda.com/documents/2026/1/20/25.26DI_FinalFallOverall.pdf,1
2025-26,SMU,fall,26,SMU,ACC,FBS,187.0,187.0,187.0,https://dxbhsrqyrr690.cloudfront.net/sidearm.nextgen.sites/nacda.com/documents/2026/1/20/25.26DI_FinalFallOverall.pdf,1
2025-26,TCU,fall,27,TCU,Big 12,FBS,178.0,178.0,178.0,https://dxbhsrqyrr690.cloudfront.net/sidearm.nextgen.sites/nacda.com/documents/2026/1/20/25.26DI_FinalFallOverall.pdf,1
2025-26,Michigan,fall,28,Michigan,Big Ten,FBS,170.0,170.0,170.0,https://dxbhsrqyrr690.cloudfront.net/sidearm.nextgen.sites/nacda.com/documents/2026/1/20/25.26DI_FinalFallOverall.pdf,1
2025-26,West Virginia,fall,29,West Virginia,Big 12,FBS,169.0,169.0,169.0,https://dxbhsrqyrr690.cloudfront.net/sidearm.nextgen.sites/nacda.com/documents/2026/1/20/25.26DI_FinalFallOverall.pdf,1
2025-26,Oklahoma State,fall,30,Oklahoma State,Big 12,FBS,164.5,164.5,164.5,https://dxbhsrqyrr690.cloudfront.net/sidearm.nextgen.sites/nacda.com/documents/2026/1/20/25.26DI_FinalFallOverall.pdf,1
2025-26,Texas,fall,31,Texas,SEC,FBS,163.0,163.0,163.0,https://dxbhsrqyrr690.cloudfront.net/sidearm.nextgen.sites/nacda.com/documents/2026/1/20/25.26DI_FinalFallOverall.pdf,1
2025-26,Vanderbilt,fall,32,Vanderbilt,SEC,FBS,161.0,161.0,161.0,https://dxbhsrqyrr690.cloudfront.net/sidearm.nextgen.sites/nacda.com/documents/2026/1/20/25.26DI_FinalFallOverall.pdf,1
2025-26,Villanova,fall,33,Villanova,Big East,FCS,159.0,159.0,159.0,https://dxbhsrqyrr690.cloudfront.net/sidearm.nextgen.sites/nacda.com/documents/2026/1/20/25.26DI_FinalFallOverall.pdf,1
2025-26,Uconn,fall,34,UConn,Big East,FBS,154.0,154.0,154.0,https://dxbhsrqyrr690.cloudfront.net/sidearm.nextgen.sites/nacda.com/documents/2026/1/20/25.26DI_FinalFallOverall.pdf,1
2025-26,Harvard,fall,35,Harvard,Ivy League,FCS,153.0,153.0,153.0,https://dxbhsrqyrr690.cloudfront.net/sidearm.nextgen.sites/nacda.com/documents/2026/1/20/25.26DI_FinalFallOverall.pdf,1
2025-26,Yale,fall,35,Yale,Ivy League,FCS,153.0,153.0,153.0,https://dxbhsrqyrr690.cloudfront.net/sidearm.nextgen.sites/nacda.com/documents/2026/1/20/25.26DI_FinalFallOverall.pdf,1
2025-26,Iowa,fall,37,Iowa,Big Ten,FBS,152.0,152.0,152.0,https://dxbhsrqyrr690.cloudfront.net/sidearm.nextgen.sites/nacda.com/documents/2026/1/20/25.26DI_FinalFallOverall.pdf,1
2025-26,Michigan State,fall,37,Michigan State,Big Ten,FBS,152.0,152.0,152.0,https://dxbhsrqyrr690.cloudfront.net/sidearm.nextgen.sites/nacda.com/documents/2026/1/20/25.26DI_FinalFallOverall.pdf,1
2025-26,Georgia,fall,39,Georgia,SEC,FBS,150.0,150.0,150.0,https://dxbhsrqyrr690.cloudfront.net/sidearm.nextgen.sites/nacda.com/documents/2026/1/20/25.26DI_FinalFallOverall.pdf,1
2025-26,Washington State,fall,40,Washington State,Pac-12,FBS,149.0,149.0,149.0,https://dxbhsrqyrr690.cloudfront.net/sidearm.nextgen.sites/nacda.com/documents/2026/1/20/25.26DI_FinalFallOverall.pdf,1
2025-26,Ohio State,fall,41,Ohio State,Big Ten,FBS,146.5,146.5,146.5,https://dxbhsrqyrr690.cloudfront.net/sidearm.nextgen.sites/nacda.com/documents/2026/1/20/25.26DI_FinalFallOverall.pdf,1
2025-26,Tennessee,fall,42,Tennessee,SEC,FBS,146.0,146.0,146.0,https://dxbhsrqyrr690.cloudfront.net/sidearm.nextgen.sites/nacda.com/documents/2026/1/20/25.26DI_FinalFallOverall.pdf,1
2025-26,Utah,fall,43,Utah,Big 12,FBS,143.5,143.5,143.5,https://dxbhsrqyrr690.cloudfront.net/sidearm.nextgen.sites/nacda.com/documents/2026/1/20/25.26DI_FinalFallOverall.pdf,1
2025-26,Northern Arizona,fall,44,Northern Arizona,Big Sky,FCS,141.0,141.0,141.0,https://dxbhsrqyrr690.cloudfront.net/sidearm.nextgen.sites/nacda.com/documents/2026/1/20/25.26DI_FinalFallOverall.pdf,1
2025-26,Kentucky,fall,45,Kentucky,SEC,FBS,140.0,140.0,140.0,https://dxbhsrqyrr690.cloudfront.net/sidearm.nextgen.sites/nacda.com/documents/2026/1/20/25.26DI_FinalFallOverall.pdf,1
2025-26,LSU,fall,45,LSU,SEC,FBS,140.0,140.0,140.0,https://dxbhsrqyrr690.cloudfront.net/sidearm.nextgen.sites/nacda.com/documents/2026/1/20/25.26DI_FinalFallOverall.pdf,1
2025-26,Miami (FL),fall,45,Miami (FL),ACC,FBS,140.0,140.0,140.0,https://dxbhsrqyrr690.cloudfront.net/sidearm.nextgen.sites/nacda.com/documents/2026/1/20/25.26DI_FinalFallOverall.pdf,1
2025-26,Minnesota,fall,48,Minnesota,Big Ten,FBS,137.0,137.0,137.0,https://dxbhsrqyrr690.cloudfront.net/sidearm.nextgen.sites/nacda.com/documents/2026/1/20/25.26DI_FinalFallOverall.pdf,1
2025-26,Ole Miss,fall,48,Ole Miss,SEC,FBS,137.0,137.0,137.0,https://dxbhsrqyrr690.cloudfront.net/sidearm.nextgen.sites/nacda.com/documents/2026/1/20/25.26DI_FinalFallOverall.pdf,1
2025-26,Tulane,fall,48,Tulane,American,FBS,137.0,137.0,137.0,https://dxbhsrqyrr690.cloudfront.net/sidearm.nextgen.sites/nacda.com/documents/2026/1/20/25.26DI_FinalFallOverall.pdf,1
2025-26,Arkansas,fall,51,Arkansas,SEC,FBS,134.0,134.0,134.0,https://dxbhsrqyrr690.cloudfront.net/sidearm.nextgen.sites/nacda.com/documents/2026/1/20/25.26DI_FinalFallOverall.pdf,1
2025-26,Kansas,fall,52,Kansas,Big 12,FBS,128.0,128.0,128.0,https://dxbhsrqyrr690.cloudfront.net/sidearm.nextgen.sites/nacda.com/documents/2026/1/20/25.26DI_FinalFallOverall.pdf,1
2025-26,Oklahoma,fall,53,Oklahoma,SEC,FBS,127.5,127.5,127.5,https://dxbhsrqyrr690.cloudfront.net/sidearm.nextgen.sites/nacda.com/documents/2026/1/20/25.26DI_FinalFallOverall.pdf,1
2025-26,Florida,fall,54,Florida,SEC,FBS,125.0,125.0,125.0,https://dxbhsrqyrr690.cloudfront.net/sidearm.nextgen.sites/nacda.com/documents/2026/1/20/25.26DI_FinalFallOverall.pdf,1
2025-26,Stephen F. Austin,fall,55,Stephen F. Austin,Southland,FCS,122.0,122.0,122.0,https://dxbhsrqyrr690.cloudfront.net/sidearm.nextgen.sites/nacda.com/documents/2026/1/20/25.26DI_FinalFallOverall.pdf,1
2025-26,Texas Tech,fall,55,Texas Tech,Big 12,FBS,122.0,122.0,122.0,https://dxbhsrqyrr690.cloudfront.net/sidearm.nextgen.sites/nacda.com/documents/2026/1/20/25.26DI_FinalFallOverall.pdf,1
2025-26,Western Michigan,fall,57,Western Michigan,MAC,FBS,120.0,120.0,120.0,https://dxbhsrqyrr690.cloudfront.net/sidearm.nextgen.sites/nacda.com/documents/2026/1/20/25.26DI_FinalFallOverall.pdf,1
2025-26,Baylor,fall,58,Baylor,Big 12,FBS,114.0,114.0,114.0,https://dxbhsrqyrr690.cloudfront.net/sidearm.nextgen.sites/nacda.com/documents/2026/1/20/25.26DI_FinalFallOverall.pdf,1
2025-26,High Point,fall,58,High Point,Big South,DI,114.0,114.0,114.0,https://dxbhsrqyrr690.cloudfront.net/sidearm.nextgen.sites/nacda.com/documents/2026/1/20/25.26DI_FinalFallOverall.pdf,1
2025-26,Montana,fall,60,Montana,Big Sky,FCS,108.0,108.0,108.0,https://dxbhsrqyrr690.cloudfront.net/sidearm.nextgen.sites/nacda.com/documents/2026/1/20/25.26DI_FinalFallOverall.pdf,1
2025-26,Pittsburgh,fall,60,Pittsburgh,ACC,FBS,108.0,108.0,108.0,https://dxbhsrqyrr690.cloudfront.net/sidearm.nextgen.sites/nacda.com/documents/2026/1/20/25.26DI_FinalFallOverall.pdf,1
2025-26,Boise State,fall,62,Boise State,Mountain West,FBS,104.0,104.0,104.0,https://dxbhsrqyrr690.cloudfront.net/sidearm.nextgen.sites/nacda.com/documents/2026/1/20/25.26DI_FinalFallOverall.pdf,1
2025-26,South Dakota State,fall,63,South Dakota State,Summit,FCS,103.0,103.0,103.0,https://dxbhsrqyrr690.cloudfront.net/sidearm.nextgen.sites/nacda.com/documents/2026/1/20/25.26DI_FinalFallOverall.pdf,1
2025-26,Clemson,fall,64,Clemson,ACC,FBS,100.0,100.0,100.0,https://dxbhsrqyrr690.cloudfront.net/sidearm.nextgen.sites/nacda.com/documents/2026/1/20/25.26DI_FinalFallOverall.pdf,1
2025-26,Florida State,fall,64,Florida State,ACC,FBS,100.0,100.0,100.0,https://dxbhsrqyrr690.cloudfront.net/sidearm.nextgen.sites/nacda.com/documents/2026/1/20/25.26DI_FinalFallOverall.pdf,1
2025-26,Montana State,fall,64,Montana State,Big Sky,FCS,100.0,100.0,100.0,https://dxbhsrqyrr690.cloudfront.net/sidearm.nextgen.sites/nacda.com/documents/2026/1/20/25.26DI_FinalFallOverall.pdf,1
2025-26,Portland,fall,64,Portland,WCC,DI,100.0,100.0,100.0,https://dxbhsrqyrr690.cloudfront.net/sidearm.nextgen.sites/nacda.com/documents/2026/1/20/25.26DI_FinalFallOverall.pdf,1
2025-26,UCF,fall,64,UCF,Big 12,FBS,100.0,100.0,100.0,https://dxbhsrqyrr690.cloudfront.net/sidearm.nextgen.sites/nacda.com/documents/2026/1/20/25.26DI_FinalFallOverall.pdf,1
2025-26,Utah State,fall,64,Utah State,Mountain West,FBS,100.0,100.0,100.0,https://dxbhsrqyrr690.cloudfront.net/sidearm.nextgen.sites/nacda.com/documents/2026/1/20/25.26DI_FinalFallOverall.pdf,1
2025-26,Army West Point,fall,70,Army West Point,Patriot,FBS,98.0,98.0,98.0,https://dxbhsrqyrr690.cloudfront.net/sidearm.nextgen.sites/nacda.com/documents/2026/1/20/25.26DI_FinalFallOverall.pdf,1
2025-26,Nebraska,fall,70,Nebraska,Big Ten,FBS,98.0,98.0,98.0,https://dxbhsrqyrr690.cloudfront.net/sidearm.nextgen.sites/nacda.com/documents/2026/1/20/25.26DI_FinalFallOverall.pdf,1
2025-26,UC Davis,fall,72,UC Davis,Big West,FCS,95.0,95.0,95.0,https://dxbhsrqyrr690.cloudfront.net/sidearm.nextgen.sites/nacda.com/documents/2026/1/20/25.26DI_FinalFallOverall.pdf,1
2025-26,Illinois State,fall,73,Illinois State,Missouri Valley,FCS,90.0,90.0,90.0,https://dxbhsrqyrr690.cloudfront.net/sidearm.nextgen.sites/nacda.com/documents/2026/1/20/25.26DI_FinalFallOverall.pdf,1
2025-26,Miami (OH),fall,73,Miami (OH),MAC,FBS,90.0,90.0,90.0,https://dxbhsrqyrr690.cloudfront.net/sidearm.nextgen.sites/nacda.com/documents/2026/1/20/25.26DI_FinalFallOverall.pdf,1
2025-26,Arizona State,fall,75,Arizona State,Big 12,FBS,89.0,89.0,89.0,https://dxbhsrqyrr690.cloudfront.net/sidearm.nextgen.sites/nacda.com/documents/2026/1/20/25.26DI_FinalFallOverall.pdf,1
2025-26,Cal Poly,fall,75,Cal Poly,Big West,FCS,89.0,89.0,89.0,https://dxbhsrqyrr690.cloudfront.net/sidearm.nextgen.sites/nacda.com/documents/2026/1/20/25.26DI_FinalFallOverall.pdf,1
2025-26,South Carolina,fall,77,South Carolina,SEC,FBS,85.0,85.0,85.0,https://dxbhsrqyrr690.cloudfront.net/sidearm.nextgen.sites/nacda.com/documents/2026/1/20/25.26DI_FinalFallOverall.pdf,1
2025-26,Furman,fall,78,Furman,SoCon,FCS,83.0,83.0,83.0,https://dxbhsrqyrr690.cloudfront.net/sidearm.nextgen.sites/nacda.com/documents/2026/1/20/25.26DI_FinalFallOverall.pdf,1
2025-26,Saint Louis,fall,78,Saint Louis,Atlantic 10,DI,83.0,83.0,83.0,https://dxbhsrqyrr690.cloudfront.net/sidearm.nextgen.sites/nacda.com/documents/2026/1/20/25.26DI_FinalFallOverall.pdf,1
2025-26,Mississippi State,fall,80,Mississippi State,SEC,FBS,78.0,78.0,78.0,https://dxbhsrqyrr690.cloudfront.net/sidearm.nextgen.sites/nacda.com/documents/2026/1/20/25.26DI_FinalFallOverall.pdf,1
2025-26,Navy,fall,80,Navy,Patriot,FBS,78.0,78.0,78.0,https://dxbhsrqyrr690.cloudfront.net/sidearm.nextgen.sites/nacda.com/documents/2026/1/20/25.26DI_FinalFallOverall.pdf,1
2025-26,Toledo,fall,80,Toledo,MAC,FBS,78.0,78.0,78.0,https://dxbhsrqyrr690.cloudfront.net/sidearm.nextgen.sites/nacda.com/documents/2026/1/20/25.26DI_FinalFallOverall.pdf,1
2025-26,Lipscomb,fall,83,Lipscomb,ASUN,DI,77.0,77.0,77.0,https://dxbhsrqyrr690.cloudfront.net/sidearm.nextgen.sites/nacda.com/documents/2026/1/20/25.26DI_FinalFallOverall.pdf,1
2025-26,Arizona,fall,84,Arizona,Big 12,FBS,75.0,75.0,75.0,https://dxbhsrqyrr690.cloudfront.net/sidearm.nextgen.sites/nacda.com/documents/2026/1/20/25.26DI_FinalFallOverall.pdf,1
2025-26,Georgia Tech,fall,84,Georgia Tech,ACC,FBS,75.0,75.0,75.0,https://dxbhsrqyrr690.cloudfront.net/sidearm.nextgen.sites/nacda.com/documents/2026/1/20/25.26DI_FinalFallOverall.pdf,1
2025-26,Memphis,fall,84,Memphis,American,FBS,75.0,75.0,75.0,https://dxbhsrqyrr690.cloudfront.net/sidearm.nextgen.sites/nacda.com/documents/2026/1/20/25.26DI_FinalFallOverall.pdf,1
2025-26,San Diego,fall,84,San Diego,WCC,FCS,75.0,75.0,75.0,https://dxbhsrqyrr690.cloudfront.net/sidearm.nextgen.sites/nacda.com/documents/2026/1/20/25.26DI_FinalFallOverall.pdf,1
2025-26,Xavier,fall,84,Xavier,Big East,DI,75.0,75.0,75.0,https://dxbhsrqyrr690.cloudfront.net/sidearm.nextgen.sites/nacda.com/documents/2026/1/20/25.26DI_FinalFallOverall.pdf,1
2025-26,California Baptist,fall,89,California Baptist,WAC,DI,74.0,74.0,74.0,https://dxbhsrqyrr690.cloudfront.net/sidearm.nextgen.sites/nacda.com/documents/2026/1/20/25.26DI_FinalFallOverall.pdf,1
2025-26,Illinois,fall,89,Illinois,Big Ten,FBS,74.0,74.0,74.0,https://dxbhsrqyrr690.cloudfront.net/sidearm.nextgen.sites/nacda.com/documents/2026/1/20/25.26DI_FinalFallOverall.pdf,1
2025-26,Akron,fall,91,Akron,MAC,FBS,73.0,73.0,73.0,https://dxbhsrqyrr690.cloudfront.net/sidearm.nextgen.sites/nacda.com/documents/2026/1/20/25.26DI_FinalFallOverall.pdf,1
2025-26,Creighton,fall,91,Creighton,Big East,DI,73.0,73.0,73.0,https://dxbhsrqyrr690.cloudfront.net/sidearm.nextgen.sites/nacda.com/documents/2026/1/20/25.26DI_FinalFallOverall.pdf,1
2025-26,Maryland,fall,91,Maryland,Big Ten,FBS,73.0,73.0,73.0,https://dxbhsrqyrr690.cloudfront.net/sidearm.nextgen.sites/nacda.com/documents/2026/1/20/25.26DI_FinalFallOverall.pdf,1
2025-26,Purdue,fall,91,Purdue,Big Ten,FBS,73.0,73.0,73.0,https://dxbhsrqyrr690.cloudfront.net/sidearm.nextgen.sites/nacda.com/documents/2026/1/20/25.26DI_FinalFallOverall.pdf,1
2025-26,Missouri,fall,95,Missouri,SEC,FBS,71.0,71.0,71.0,https://dxbhsrqyrr690.cloudfront.net/sidearm.nextgen.sites/nacda.com/documents/2026/1/20/25.26DI_FinalFallOverall.pdf,1
2025-26,Arkansas State,fall,96,Arkansas State,Sun Belt,FBS,70.0,70.0,70.0,https://dxbhsrqyrr690.cloudfront.net/sidearm.nextgen.sites/nacda.com/documents/2026/1/20/25.26DI_FinalFallOverall.pdf,2
2025-26,Fairfield,fall,96,Fairfield,MAAC,DI,70.0,70.0,70.0,https://dxbhsrqyrr690.cloudfront.net/sidearm.nextgen.sites/nacda.com/documents/2026/1/20/25.26DI_FinalFallOverall.pdf,2
2025-26,Liberty,fall,96,Liberty,Conference USA,FBS,70.0,70.0,70.0,https://dxbhsrqyrr690.cloudfront.net/sidearm.nextgen.sites/nacda.com/documents/2026/1/20/25.26DI_FinalFallOverall.pdf,2
2025-26,New Hampshire,fall,96,New Hampshire,America East,FCS,70.0,70.0,70.0,https://dxbhsrqyrr690.cloudfront.net/sidearm.nextgen.sites/nacda.com/documents/2026/1/20/25.26DI_FinalFallOverall.pdf,2
2025-26,South Dakota,fall,96,South Dakota,Summit,FCS,70.0,70.0,70.0,https://dxbhsrqyrr690.cloudfront.net/sidearm.nextgen.sites/nacda.com/documents/2026/1/20/25.26DI_FinalFallOverall.pdf,2
2025-26,Tarleton State,fall,96,Tarleton State,WAC,FCS,70.0,70.0,70.0,https://dxbhsrqyrr690.cloudfront.net/sidearm.nextgen.sites/nacda.com/documents/2026/1/20/25.26DI_FinalFallOverall.pdf,2
2025-26,Texas State,fall,96,Texas State,Sun Belt,FBS,70.0,70.0,70.0,https://dxbhsrqyrr690.cloudfront.net/sidearm.nextgen.sites/nacda.com/documents/2026/1/20/25.26DI_FinalFallOverall.pdf,2
2025-26,UTSA,fall,96,UTSA,American,FBS,70.0,70.0,70.0,https://dxbhsrqyrr690.cloudfront.net/sidearm.nextgen.sites/nacda.com/documents/2026/1/20/25.26DI_FinalFallOverall.pdf,2
2025-26,Western Kentucky,fall,96,Western Kentucky,Conference USA,FBS,70.0,70.0,70.0,https://dxbhsrqyrr690.cloudfront.net/sidearm.nextgen.sites/nacda.com/documents/2026/1/20/25.26DI_FinalFallOverall.pdf,2
2025-26,Eastern Kentucky,fall,105,Eastern Kentucky,ASUN,FCS,69.0,69.0,69.0,https://dxbhsrqyrr690.cloudfront.net/sidearm.nextgen.sites/nacda.com/documents/2026/1/20/25.26DI_FinalFallOverall.pdf,2
2025-26,Providence,fall,105,Providence,Big East,DI,69.0,69.0,69.0,https://dxbhsrqyrr690.cloudfront.net/sidearm.nextgen.sites/nacda.com/documents/2026/1/20/25.26DI_FinalFallOverall.pdf,2
2025-26,Bryant,fall,107,Bryant,America East,FCS,64.0,64.0,64.0,https://dxbhsrqyrr690.cloudfront.net/sidearm.nextgen.sites/nacda.com/documents/2026/1/20/25.26DI_FinalFallOverall.pdf,2
2025-26,Grand Canyon,fall,107,Grand Canyon,Mountain West,DI,64.0,64.0,64.0,https://dxbhsrqyrr690.cloudfront.net/sidearm.nextgen.sites/nacda.com/documents/2026/1/20/25.26DI_FinalFallOverall.pdf,2
2025-26,Hofstra,fall,107,Hofstra,CAA,DI,64.0,64.0,64.0,https://dxbhsrqyrr690.cloudfront.net/sidearm.nextgen.sites/nacda.com/documents/2026/1/20/25.26DI_FinalFallOverall.pdf,2
2025-26,North Carolina Greensboro,fall,107,North Carolina Greensboro,SoCon,DI,64.0,64.0,64.0,https://dxbhsrqyrr690.cloudfront.net/sidearm.nextgen.sites/nacda.com/documents/2026/1/20/25.26DI_FinalFallOverall.pdf,2
2025-26,Virginia Tech,fall,111,Virginia Tech,ACC,FBS,61.5,61.5,61.5,https://dxbhsrqyrr690.cloudfront.net/sidearm.nextgen.sites/nacda.com/documents/2026/1/20/25.26DI_FinalFallOverall.pdf,2
2025-26,Butler,fall,112,Butler,Big East,FCS,58.5,58.5,58.5,https://dxbhsrqyrr690.cloudfront.net/sidearm.nextgen.sites/nacda.com/documents/2026/1/20/25.26DI_FinalFallOverall.pdf,2
2025-26,Fordham,fall,113,Fordham,Atlantic 10,FCS,55.0,55.0,55.0,https://dxbhsrqyrr690.cloudfront.net/sidearm.nextgen.sites/nacda.com/documents/2026/1/20/25.26DI_FinalFallOverall.pdf,2
2025-26,Houston,fall,113,Houston,Big 12,FBS,55.0,55.0,55.0,https://dxbhsrqyrr690.cloudfront.net/sidearm.nextgen.sites/nacda.com/documents/2026/1/20/25.26DI_FinalFallOverall.pdf,2
2025-26,Air Force,fall,115,Air Force,Mountain West,FBS,54.0,54.0,54.0,https://dxbhsrqyrr690.cloudfront.net/sidearm.nextgen.sites/nacda.com/documents/2026/1/20/25.26DI_FinalFallOverall.pdf,2
2025-26,James Madison,fall,115,James Madison,Sun Belt,FBS,54.0,54.0,54.0,https://dxbhsrqyrr690.cloudfront.net/sidearm.nextgen.sites/nacda.com/documents/2026/1/20/25.26DI_FinalFallOverall.pdf,2
2025-26,Abilene Christian,fall,117,Abilene Christian,WAC,FCS,53.0,53.0,53.0,https://dxbhsrqyrr690.cloudfront.net/sidearm.nextgen.sites/nacda.com/documents/2026/1/20/25.26DI_FinalFallOverall.pdf,2
2025-26,Cincinnati,fall,117,Cincinnati,Big 12,FBS,53.0,53.0,53.0,https://dxbhsrqyrr690.cloudfront.net/sidearm.nextgen.sites/nacda.com/documents/2026/1/20/25.26DI_FinalFallOverall.pdf,2
2025-26,Lehigh,fall,117,Lehigh,Patriot,FCS,53.0,53.0,53.0,https://dxbhsrqyrr690.cloudfront.net/sidearm.nextgen.sites/nacda.com/documents/2026/1/20/25.26DI_FinalFallOverall.pdf,2
2025-26,Mercer,fall,117,Mercer,SoCon,FCS,53.0,53.0,53.0,https://dxbhsrqyrr690.cloudfront.net/sidearm.nextgen.sites/nacda.com/documents/2026/1/20/25.26DI_FinalFallOverall.pdf,2
2025-26,North Dakota,fall,117,North Dakota,Summit,FCS,53.0,53.0,53.0,https://dxbhsrqyrr690.cloudfront.net/sidearm.nextgen.sites/nacda.com/documents/2026/1/20/25.26DI_FinalFallOverall.pdf,2
2025-26,North Dakota State,fall,117,North Dakota State,Summit,FCS,53.0,53.0,53.0,https://dxbhsrqyrr690.cloudfront.net/sidearm.nextgen.sites/nacda.com/documents/2026/1/20/25.26DI_FinalFallOverall.pdf,2
2025-26,Rhode Island,fall,117,Rhode Island,Atlantic 10,FCS,53.0,53.0,53.0,https://dxbhsrqyrr690.cloudfront.net/sidearm.nextgen.sites/nacda.com/documents/2026/1/20/25.26DI_FinalFallOverall.pdf,2
2025-26,Loyola Chicago,fall,124,Loyola Chicago,Atlantic 10,DI,52.0,52.0,52.0,https://dxbhsrqyrr690.cloudfront.net/sidearm.nextgen.sites/nacda.com/documents/2026/1/20/25.26DI_FinalFallOverall.pdf,2
2025-26,Tulsa,fall,124,Tulsa,American,FBS,52.0,52.0,52.0,https://dxbhsrqyrr690.cloudfront.net/sidearm.nextgen.sites/nacda.com/documents/2026/1/20/25.26DI_FinalFallOverall.pdf,2
2025-26,Cornell,fall,126,Cornell,Ivy League,FCS,50.0,50.0,50.0,https://dxbhsrqyrr690.cloudfront.net/sidearm.nextgen.sites/nacda.com/documents/2026/1/20/25.26DI_FinalFallOverall.pdf,2
2025-26,Denver,fall,126,Denver,Summit,DI,50.0,50.0,50.0,https://dxbhsrqyrr690.cloudfront.net/sidearm.nextgen.sites/nacda.com/documents/2026/1/20/25.26DI_FinalFallOverall.pdf,2
2025-26,Elon,fall,126,Elon,CAA,FCS,50.0,50.0,50.0,https://dxbhsrqyrr690.cloudfront.net/sidearm.nextgen.sites/nacda.com/documents/2026/1/20/25.26DI_FinalFallOverall.pdf,2
2025-26,Kansas State,fall,126,Kansas State,Big 12,FBS,50.0,50.0,50.0,https://dxbhsrqyrr690.cloudfront.net/sidearm.nextgen.sites/nacda.com/documents/2026/1/20/25.26DI_FinalFallOverall.pdf,2
2025-26,Marquette,fall,126,Marquette,Big East,DI,50.0,50.0,50.0,https://dxbhsrqyrr690.cloudfront.net/sidearm.nextgen.sites/nacda.com/documents/2026/1/20/25.26DI_FinalFallOverall.pdf,2
2025-26,Marshall,fall,126,Marshall,Sun Belt,FBS,50.0,50.0,50.0,https://dxbhsrqyrr690.cloudfront.net/sidearm.nextgen.sites/nacda.com/documents/2026/1/20/25.26DI_FinalFallOverall.pdf,2
2025-26,Northern Iowa,fall,126,Northern Iowa,Missouri Valley,FCS,50.0,50.0,50.0,https://dxbhsrqyrr690.cloudfront.net/sidearm.nextgen.sites/nacda.com/documents/2026/1/20/25.26DI_FinalFallOverall.pdf,2
2025-26,Rice,fall,126,Rice,American,FBS,50.0,50.0,50.0,https://dxbhsrqyrr690.cloudfront.net/sidearm.nextgen.sites/nacda.com/documents/2026/1/20/25.26DI_FinalFallOverall.pdf,2
2025-26,Seton Hall,fall,126,Seton Hall,Big East,DI,50.0,50.0,50.0,https://dxbhsrqyrr690.cloudfront.net/sidearm.nextgen.sites/nacda.com/documents/2026/1/20/25.26DI_FinalFallOverall.pdf,2
2025-26,South Florida,fall,126,South Florida,American,FBS,50.0,50.0,50.0,https://dxbhsrqyrr690.cloudfront.net/sidearm.nextgen.sites/nacda.com/documents/2026/1/20/25.26DI_FinalFallOverall.pdf,2
2025-26,Tennessee Tech,fall,126,Tennessee Tech,OVC,FCS,50.0,50.0,50.0,https://dxbhsrqyrr690.cloudfront.net/sidearm.nextgen.sites/nacda.com/documents/2026/1/20/25.26DI_FinalFallOverall.pdf,2
2025-26,UMKC,fall,126,UMKC,Summit,DI,50.0,50.0,50.0,https://dxbhsrqyrr690.cloudfront.net/sidearm.nextgen.sites/nacda.com/documents/2026/1/20/25.26DI_FinalFallOverall.pdf,2
2025-26,Utah Valley,fall,126,Utah Valley,WAC,DI,50.0,50.0,50.0,https://dxbhsrqyrr690.cloudfront.net/sidearm.nextgen.sites/nacda.com/documents/2026/1/20/25.26DI_FinalFallOverall.pdf,2
2025-26,Vermont,fall,126,Vermont,America East,DI,50.0,50.0,50.0,https://dxbhsrqyrr690.cloudfront.net/sidearm.nextgen.sites/nacda.com/documents/2026/1/20/25.26DI_FinalFallOverall.pdf,2
2025-26,Boston College,fall,140,Boston College,ACC,FBS,45.0,45.0,45.0,https://dxbhsrqyrr690.cloudfront.net/sidearm.nextgen.sites/nacda.com/documents/2026/1/20/25.26DI_FinalFallOverall.pdf,2
2025-26,Delaware,fall,140,Delaware,Conference USA,FBS,45.0,45.0,45.0,https://dxbhsrqyrr690.cloudfront.net/sidearm.nextgen.sites/nacda.com/documents/2026/1/20/25.26DI_FinalFallOverall.pdf,2
2025-26,East Carolina,fall,140,East Carolina,American,FBS,45.0,45.0,45.0,https://dxbhsrqyrr690.cloudfront.net/sidearm.nextgen.sites/nacda.com/documents/2026/1/20/25.26DI_FinalFallOverall.pdf,2
2025-26,Fresno State,fall,140,Fresno State,Mountain West,FBS,45.0,45.0,45.0,https://dxbhsrqyrr690.cloudfront.net/sidearm.nextgen.sites/nacda.com/documents/2026/1/20/25.26DI_FinalFallOverall.pdf,2
2025-26,Georgia Southern,fall,140,Georgia Southern,Sun Belt,FBS,45.0,45.0,45.0,https://dxbhsrqyrr690.cloudfront.net/sidearm.nextgen.sites/nacda.com/documents/2026/1/20/25.26DI_FinalFallOverall.pdf,2
2025-26,Hawaii,fall,140,Hawaii,Big West,FBS,45.0,45.0,45.0,https://dxbhsrqyrr690.cloudfront.net/sidearm.nextgen.sites/nacda.com/documents/2026/1/20/25.26DI_FinalFallOverall.pdf,2
2025-26,Jacksonville State,fall,140,Jacksonville State,Conference USA,FBS,45.0,45.0,45.0,https://dxbhsrqyrr690.cloudfront.net/sidearm.nextgen.sites/nacda.com/documents/2026/1/20/25.26DI_FinalFallOverall.pdf,2
2025-26,Louisiana Tech,fall,140,Louisiana Tech,Conference USA,FBS,45.0,45.0,45.0,https://dxbhsrqyrr690.cloudfront.net/sidearm.nextgen.sites/nacda.com/documents/2026/1/20/25.26DI_FinalFallOverall.pdf,2
2025-26,North Texas,fall,140,North Texas,American,FBS,45.0,45.0,45.0,https://dxbhsrqyrr690.cloudfront.net/sidearm.nextgen.sites/nacda.com/documents/2026/1/20/25.26DI_FinalFallOverall.pdf,2
2025-26,Ohio,fall,140,Ohio,MAC,FBS,45.0,45.0,45.0,https://dxbhsrqyrr690.cloudfront.net/sidearm.nextgen.sites/nacda.com/documents/2026/1/20/25.26DI_FinalFallOverall.pdf,2
2025-26,Old Dominion,fall,140,Old Dominion,Sun Belt,FBS,45.0,45.0,45.0,https://dxbhsrqyrr690.cloudfront.net/sidearm.nextgen.sites/nacda.com/documents/2026/1/20/25.26DI_FinalFallOverall.pdf,2
2025-26,Saint Joseph's,fall,140,Saint Joseph's,Atlantic 10,DI,45.0,45.0,45.0,https://dxbhsrqyrr690.cloudfront.net/sidearm.nextgen.sites/nacda.com/documents/2026/1/20/25.26DI_FinalFallOverall.pdf,2
2025-26,South Carolina State,fall,140,South Carolina State,MEAC,FCS,45.0,45.0,45.0,https://dxbhsrqyrr690.cloudfront.net/sidearm.nextgen.sites/nacda.com/documents/2026/1/20/25.26DI_FinalFallOverall.pdf,2
2025-26,Iona,fall,153,Iona,MAAC,DI,42.0,42.0,42.0,https://dxbhsrqyrr690.cloudfront.net/sidearm.nextgen.sites/nacda.com/documents/2026/1/20/25.26DI_FinalFallOverall.pdf,2
2025-26,American,fall,154,American,Patriot,DI,25.0,25.0,25.0,https://dxbhsrqyrr690.cloudfront.net/sidearm.nextgen.sites/nacda.com/documents/2026/1/20/25.26DI_FinalFallOverall.pdf,2
2025-26,Appalachian State,fall,154,Appalachian State,Sun Belt,FBS,25.0,25.0,25.0,https://dxbhsrqyrr690.cloudfront.net/sidearm.nextgen.sites/nacda.com/documents/2026/1/20/25.26DI_FinalFallOverall.pdf,2
2025-26,Boston University,fall,154,Boston University,Patriot,DI,25.0,25.0,25.0,https://dxbhsrqyrr690.cloudfront.net/sidearm.nextgen.sites/nacda.com/documents/2026/1/20/25.26DI_FinalFallOverall.pdf,2
2025-26,California,fall,154,California,ACC,FBS,25.0,25.0,25.0,https://dxbhsrqyrr690.cloudfront.net/sidearm.nextgen.sites/nacda.com/documents/2026/1/20/25.26DI_FinalFallOverall.pdf,2
2025-26,Campbell,fall,154,Campbell,CAA,FCS,25.0,25.0,25.0,https://dxbhsrqyrr690.cloudfront.net/sidearm.nextgen.sites/nacda.com/documents/2026/1/20/25.26DI_FinalFallOverall.pdf,2
2025-26,Central Arkansas,fall,154,Central Arkansas,ASUN,FCS,25.0,25.0,25.0,https://dxbhsrqyrr690.cloudfront.net/sidearm.nextgen.sites/nacda.com/documents/2026/1/20/25.26DI_FinalFallOverall.pdf,2
2025-26,Central Connecticut State,fall,154,Central Connecticut State,NEC,FCS,25.0,25.0,25.0,https://dxbhsrqyrr690.cloudfront.net/sidearm.nextgen.sites/nacda.com/documents/2026/1/20/25.26DI_FinalFallOverall.pdf,2
2025-26,Central Michigan,fall,154,Central Michigan,MAC,FBS,25.0,25.0,25.0,https://dxbhsrqyrr690.cloudfront.net/sidearm.nextgen.sites/nacda.com/documents/2026/1/20/25.26DI_FinalFallOverall.pdf,2
2025-26,Cleveland State,fall,154,Cleveland State,Horizon League,DI,25.0,25.0,25.0,https://dxbhsrqyrr690.cloudfront.net/sidearm.nextgen.sites/nacda.com/documents/2026/1/20/25.26DI_FinalFallOverall.pdf,2
2025-26,Coastal Carolina,fall,154,Coastal Carolina,Sun Belt,FBS,25.0,25.0,25.0,https://dxbhsrqyrr690.cloudfront.net/sidearm.nextgen.sites/nacda.com/documents/2026/1/20/25.26DI_FinalFallOverall.pdf,2
2025-26,Coppin State,fall,154,Coppin State,MEAC,DI,25.0,25.0,25.0,https://dxbhsrqyrr690.cloudfront.net/sidearm.nextgen.sites/nacda.com/documents/2026/1/20/25.26DI_FinalFallOverall.pdf,2
2025-26,Dartmouth,fall,154,Dartmouth,Ivy League,FCS,25.0,25.0,25.0,https://dxbhsrqyrr690.cloudfront.net/sidearm.nextgen.sites/nacda.com/documents/2026/1/20/25.26DI_FinalFallOverall.pdf,2
2025-26,Dayton,fall,154,Dayton,Atlantic 10,FCS,25.0,25.0,25.0,https://dxbhsrqyrr690.cloudfront.net/sidearm.nextgen.sites/nacda.com/documents/2026/1/20/25.26DI_FinalFallOverall.pdf,2
2025-26,Drake,fall,154,Drake,Missouri Valley,FCS,25.0,25.0,25.0,https://dxbhsrqyrr690.cloudfront.net/sidearm.nextgen.sites/nacda.com/documents/2026/1/20/25.26DI_FinalFallOverall.pdf,2
2025-26,Drexel,fall,154,Drexel,CAA,DI,25.0,25.0,25.0,https://dxbhsrqyrr690.cloudfront.net/sidearm.nextgen.sites/nacda.com/documents/2026/1/20/25.26DI_FinalFallOverall.pdf,2
2025-26,Eastern Illinois,fall,154,Eastern Illinois,OVC,FCS,25.0,25.0,25.0,https://dxbhsrqyrr690.cloudfront.net/sidearm.nextgen.sites/nacda.com/documents/2026/1/20/25.26DI_FinalFallOverall.pdf,2
2025-26,Fairleigh Dickinson,fall,154,Fairleigh Dickinson,NEC,DI,25.0,25.0,25.0,https://dxbhsrqyrr690.cloudfront.net/sidearm.nextgen.sites/nacda.com/documents/2026/1/20/25.26DI_FinalFallOverall.pdf,2
2025-26,FAU,fall,154,FAU,American,FBS,25.0,25.0,25.0,https://dxbhsrqyrr690.cloudfront.net/sidearm.nextgen.sites/nacda.com/documents/2026/1/20/25.26DI_FinalFallOverall.pdf,2
2025-26,FIU,fall,154,FIU,Conference USA,FBS,25.0,25.0,25.0,https://dxbhsrqyrr690.cloudfront.net/sidearm.nextgen.sites/nacda.com/documents/2026/1/20/25.26DI_FinalFallOverall.pdf,2
2025-26,Florida A&M,fall,154,Florida A&M,SWAC,FBS,25.0,25.0,25.0,https://dxbhsrqyrr690.cloudfront.net/sidearm.nextgen.sites/nacda.com/documents/2026/1/20/25.26DI_FinalFallOverall.pdf,2
2025-26,Grambling State,fall,154,Grambling State,SWAC,FCS,25.0,25.0,25.0,https://dxbhsrqyrr690.cloudfront.net/sidearm.nextgen.sites/nacda.com/documents/2026/1/20/25.26DI_FinalFallOverall.pdf,2
2025-26,Houston Christian,fall,154,Houston Christian,Southland,FCS,25.0,25.0,25.0,https://dxbhsrqyrr690.cloudfront.net/sidearm.nextgen.sites/nacda.com/documents/2026/1/20/25.26DI_FinalFallOverall.pdf,2
2025-26,Illinois Chicago,fall,154,Illinois Chicago,Missouri Valley,DI,25.0,25.0,25.0,https://dxbhsrqyrr690.cloudfront.net/sidearm.nextgen.sites/nacda.com/documents/2026/1/20/25.26DI_FinalFallOverall.pdf,2
2025-26,Kennesaw State,fall,154,Kennesaw State,Conference USA,FBS,25.0,25.0,25.0,https://dxbhsrqyrr690.cloudfront.net/sidearm.nextgen.sites/nacda.com/documents/2026/1/20/25.26DI_FinalFallOverall.pdf,2
2025-26,Lafayette,fall,154,Lafayette,Patriot,FCS,25.0,25.0,25.0,https://dxbhsrqyrr690.cloudfront.net/sidearm.nextgen.sites/nacda.com/documents/2026/1/20/25.26DI_FinalFallOverall.pdf,2
2025-26,Lamar,fall,154,Lamar,Southland,FCS,25.0,25.0,25.0,https://dxbhsrqyrr690.cloudfront.net/sidearm.nextgen.sites/nacda.com/documents/2026/1/20/25.26DI_FinalFallOverall.pdf,2
2025-26,Lindenwood,fall,154,Lindenwood,OVC,FCS,25.0,25.0,25.0,https://dxbhsrqyrr690.cloudfront.net/sidearm.nextgen.sites/nacda.com/documents/2026/1/20/25.26DI_FinalFallOverall.pdf,2
2025-26,LIU Brooklyn,fall,154,LIU Brooklyn,NEC,FCS,25.0,25.0,25.0,https://dxbhsrqyrr690.cloudfront.net/sidearm.nextgen.sites/nacda.com/documents/2026/1/20/25.26DI_FinalFallOverall.pdf,2
2025-26,Louisiana,fall,154,Louisiana,Sun Belt,FBS,25.0,25.0,25.0,https://dxbhsrqyrr690.cloudfront.net/sidearm.nextgen.sites/nacda.com/documents/2026/1/20/25.26DI_FinalFallOverall.pdf,2
2025-26,Maine,fall,154,Maine,America East,FCS,25.0,25.0,25.0,https://dxbhsrqyrr690.cloudfront.net/sidearm.nextgen.sites/nacda.com/documents/2026/1/20/25.26DI_FinalFallOverall.pdf,2
2025-26,Missouri State,fall,154,Missouri State,Conference USA,FBS,25.0,25.0,25.0,https://dxbhsrqyrr690.cloudfront.net/sidearm.nextgen.sites/nacda.com/documents/2026/1/20/25.26DI_FinalFallOverall.pdf,2
2025-26,North Florida,fall,154,North Florida,ASUN,DI,25.0,25.0,25.0,https://dxbhsrqyrr690.cloudfront.net/sidearm.nextgen.sites/nacda.com/documents/2026/1/20/25.26DI_FinalFallOverall.pdf,2
2025-26,Northern Colorado,fall,154,Northern Colorado,Big Sky,FCS,25.0,25.0,25.0,https://dxbhsrqyrr690.cloudfront.net/sidearm.nextgen.sites/nacda.com/documents/2026/1/20/25.26DI_FinalFallOverall.pdf,2
2025-26,Oregon State,fall,154,Oregon State,Pac-12,FBS,25.0,25.0,25.0,https://dxbhsrqyrr690.cloudfront.net/sidearm.nextgen.sites/nacda.com/documents/2026/1/20/25.26DI_FinalFallOverall.pdf,2
2025-26,Pepperdine,fall,154,Pepperdine,WCC,DI,25.0,25.0,25.0,https://dxbhsrqyrr690.cloudfront.net/sidearm.nextgen.sites/nacda.com/documents/2026/1/20/25.26DI_FinalFallOverall.pdf,2
2025-26,Prairie View A&M,fall,154,Prairie View A&M,SWAC,FCS,25.0,25.0,25.0,https://dxbhsrqyrr690.cloudfront.net/sidearm.nextgen.sites/nacda.com/documents/2026/1/20/25.26DI_FinalFallOverall.pdf,2
2025-26,Sacred Heart,fall,154,Sacred Heart,MAAC,FCS,25.0,25.0,25.0,https://dxbhsrqyrr690.cloudfront.net/sidearm.nextgen.sites/nacda.com/documents/2026/1/20/25.26DI_FinalFallOverall.pdf,2
2025-26,Samford,fall,154,Samford,SoCon,FCS,25.0,25.0,25.0,https://dxbhsrqyrr690.cloudfront.net/sidearm.nextgen.sites/nacda.com/documents/2026/1/20/25.26DI_FinalFallOverall.pdf,3
2025-26,San Diego State,fall,154,San Diego State,Mountain West,FBS,25.0,25.0,25.0,https://dxbhsrqyrr690.cloudfront.net/sidearm.nextgen.sites/nacda.com/documents/2026/1/20/25.26DI_FinalFallOverall.pdf,3
2025-26,San Jose State,fall,154,San Jose State,Mountain West,FBS,25.0,25.0,25.0,https://dxbhsrqyrr690.cloudfront.net/sidearm.nextgen.sites/nacda.com/documents/2026/1/20/25.26DI_FinalFallOverall.pdf,3
2025-26,Siena,fall,154,Siena,MAAC,DI,25.0,25.0,25.0,https://dxbhsrqyrr690.cloudfront.net/sidearm.nextgen.sites/nacda.com/documents/2026/1/20/25.26DI_FinalFallOverall.pdf,3
2025-26,Southeastern Louisiana,fall,154,Southeastern Louisiana,Southland,FCS,25.0,25.0,25.0,https://dxbhsrqyrr690.cloudfront.net/sidearm.nextgen.sites/nacda.com/documents/2026/1/20/25.26DI_FinalFallOverall.pdf,3
2025-26,Southern Mississippi,fall,154,Southern Mississippi,Sun Belt,FBS,25.0,25.0,25.0,https://dxbhsrqyrr690.cloudfront.net/sidearm.nextgen.sites/nacda.com/documents/2026/1/20/25.26DI_FinalFallOverall.pdf,3
2025-26,St. John's (NY),fall,154,St. John's (NY),Big East,DI,25.0,25.0,25.0,https://dxbhsrqyrr690.cloudfront.net/sidearm.nextgen.sites/nacda.com/documents/2026/1/20/25.26DI_FinalFallOverall.pdf,3
2025-26,St. Thomas,fall,154,St. Thomas,Summit,FCS,25.0,25.0,25.0,https://dxbhsrqyrr690.cloudfront.net/sidearm.nextgen.sites/nacda.com/documents/2026/1/20/25.26DI_FinalFallOverall.pdf,3
2025-26,Troy,fall,154,Troy,Sun Belt,FBS,25.0,25.0,25.0,https://dxbhsrqyrr690.cloudfront.net/sidearm.nextgen.sites/nacda.com/documents/2026/1/20/25.26DI_FinalFallOverall.pdf,3
2025-26,UC Irvine,fall,154,UC Irvine,Big West,DI,25.0,25.0,25.0,https://dxbhsrqyrr690.cloudfront.net/sidearm.nextgen.sites/nacda.com/documents/2026/1/20/25.26DI_FinalFallOverall.pdf,3
2025-26,UMBC,fall,154,UMBC,America East,DI,25.0,25.0,25.0,https://dxbhsrqyrr690.cloudfront.net/sidearm.nextgen.sites/nacda.com/documents/2026/1/20/25.26DI_FinalFallOverall.pdf,3
2025-26,UNLV,fall,154,UNLV,Mountain West,FBS,25.0,25.0,25.0,https://dxbhsrqyrr690.cloudfront.net/sidearm.nextgen.sites/nacda.com/documents/2026/1/20/25.26DI_FinalFallOverall.pdf,3
2025-26,UTEP,fall,154,UTEP,Conference USA,FBS,25.0,25.0,25.0,https://dxbhsrqyrr690.cloudfront.net/sidearm.nextgen.sites/nacda.com/documents/2026/1/20/25.26DI_FinalFallOverall.pdf,3
2025-26,Wagner,fall,154,Wagner,NEC,FCS,25.0,25.0,25.0,https://dxbhsrqyrr690.cloudfront.net/sidearm.nextgen.sites/nacda.com/documents/2026/1/20/25.26DI_FinalFallOverall.pdf,3
2025-26,Wisconsin Milwaukee,fall,154,Wisconsin Milwaukee,Horizon League,DI,25.0,25.0,25.0,https://dxbhsrqyrr690.cloudfront.net/sidearm.nextgen.sites/nacda.com/documents/2026/1/20/25.26DI_FinalFallOverall.pdf,3
2025-26,Wofford,fall,154,Wofford,SoCon,FCS,25.0,25.0,25.0,https://dxbhsrqyrr690.cloudfront.net/sidearm.nextgen.sites/nacda.com/documents/2026/1/20/25.26DI_FinalFallOverall.pdf,3
2025-26,Wright State,fall,154,Wright State,Horizon League,DI,25.0,25.0,25.0,https://dxbhsrqyrr690.cloudfront.net/sidearm.nextgen.sites/nacda.com/documents/2026/1/20/25.26DI_FinalFallOverall.pdf,3
2025-26,Youngstown State,fall,154,Youngstown State,Horizon League,FCS,25.0,25.0,25.0,https://dxbhsrqyrr690.cloudfront.net/sidearm.nextgen.sites/nacda.com/documents/2026/1/20/25.26DI_FinalFallOverall.pdf,3
2025-26,Stanford,winter,1,Stanford,ACC,FBS,917.5,571.0,346.5,https://dxbhsrqyrr690.cloudfront.net/sidearm.nextgen.sites/nacda.com/documents/2026/4/20/25.26DI_WinterOverall_4.23.pdf,1
2025-26,Michigan,winter,2,Michigan,Big Ten,FBS,852.75,682.75,170.0,https://dxbhsrqyrr690.cloudfront.net/sidearm.nextgen.sites/nacda.com/documents/2026/4/20/25.26DI_WinterOverall_4.23.pdf,1
2025-26,North Carolina,winter,3,North Carolina,ACC,FBS,835.0,476.0,359.0,https://dxbhsrqyrr690.cloudfront.net/sidearm.nextgen.sites/nacda.com/documents/2026/4/20/25.26DI_WinterOverall_4.23.pdf,1
2025-26,Ohio State,winter,4,Ohio State,Big Ten,FBS,788.75,642.25,146.5,https://dxbhsrqyrr690.cloudfront.net/sidearm.nextgen.sites/nacda.com/documents/2026/4/20/25.26DI_WinterOverall_4.23.pdf,1
2025-26,Penn State,winter,5,Penn State,Big Ten,FBS,756.0,516.5,239.5,https://dxbhsrqyrr690.cloudfront.net/sidearm.nextgen.sites/nacda.com/documents/2026/4/20/25.26DI_WinterOverall_4.23.pdf,1
2025-26,Virginia,winter,6,Virginia,ACC,FBS,696.75,357.25,339.5,https://dxbhsrqyrr690.cloudfront.net/sidearm.nextgen.sites/nacda.com/documents/2026/4/20/25.26DI_WinterOverall_4.23.pdf,1
2025-26,Princeton,winter,7,Princeton,Ivy League,FCS,679.5,414.5,265.0,https://dxbhsrqyrr690.cloudfront.net/sidearm.nextgen.sites/nacda.com/documents/2026/4/20/25.26DI_WinterOverall_4.23.pdf,1
2025-26,Nebraska,winter,8,Nebraska,Big Ten,FBS,674.75,576.75,98.0,https://dxbhsrqyrr690.cloudfront.net/sidearm.nextgen.sites/nacda.com/documents/2026/4/20/25.26DI_WinterOverall_4.23.pdf,1
2025-26,Alabama,winter,9,Alabama,SEC,FBS,650.0,399.0,251.0,https://dxbhsrqyrr690.cloudfront.net/sidearm.nextgen.sites/nacda.com/documents/2026/4/20/25.26DI_WinterOverall_4.23.pdf,1
2025-26,Notre Dame,winter,10,Notre Dame,ACC,FBS,644.0,343.0,301.0,https://dxbhsrqyrr690.cloudfront.net/sidearm.nextgen.sites/nacda.com/documents/2026/4/20/25.26DI_WinterOverall_4.23.pdf,1
2025-26,Duke,winter,11,Duke,ACC,FBS,638.5,381.5,257.0,https://dxbhsrqyrr690.cloudfront.net/sidearm.nextgen.sites/nacda.com/documents/2026/4/20/25.26DI_WinterOverall_4.23.pdf,1
2025-26,Wisconsin,winter,12,Wisconsin,Big Ten,FBS,616.0,380.0,236.0,https://dxbhsrqyrr690.cloudfront.net/sidearm.nextgen.sites/nacda.com/documents/2026/4/20/25.26DI_WinterOverall_4.23.pdf,1
2025-26,Iowa,winter,13,Iowa,Big Ten,FBS,595.0,443.0,152.0,https://dxbhsrqyrr690.cloudfront.net/sidearm.nextgen.sites/nacda.com/documents/2026/4/20/25.26DI_WinterOverall_4.23.pdf,1
2025-26,North Carolina State,winter,13,North Carolina State,ACC,FBS,595.0,360.0,235.0,https://dxbhsrqyrr690.cloudfront.net/sidearm.nextgen.sites/nacda.com/documents/2026/4/20/25.26DI_WinterOverall_4.23.pdf,1
2025-26,Texas,winter,15,Texas,SEC,FBS,589.5,426.5,163.0,https://dxbhsrqyrr690.cloudfront.net/sidearm.nextgen.sites/nacda.com/documents/2026/4/20/25.26DI_WinterOverall_4.23.pdf,1
2025-26,Florida,winter,16,Florida,SEC,FBS,576.75,451.75,125.0,https://dxbhsrqyrr690.cloudfront.net/sidearm.nextgen.sites/nacda.com/documents/2026/4/20/25.26DI_WinterOverall_4.23.pdf,1
2025-26,Minnesota,winter,17,Minnesota,Big Ten,FBS,567.25,430.25,137.0,https://dxbhsrqyrr690.cloudfront.net/sidearm.nextgen.sites/nacda.com/documents/2026/4/20/25.26DI_WinterOverall_4.23.pdf,1
2025-26,UCLA,winter,18,UCLA,Big Ten,FBS,547.75,322.75,225.0,https://dxbhsrqyrr690.cloudfront.net/sidearm.nextgen.sites/nacda.com/documents/2026/4/20/25.26DI_WinterOverall_4.23.pdf,1
2025-26,Georgia,winter,19,Georgia,SEC,FBS,543.25,393.25,150.0,https://dxbhsrqyrr690.cloudfront.net/sidearm.nextgen.sites/nacda.com/documents/2026/4/20/25.26DI_WinterOverall_4.23.pdf,1
2025-26,Louisville,winter,20,Louisville,ACC,FBS,538.0,331.0,207.0,https://dxbhsrqyrr690.cloudfront.net/sidearm.nextgen.sites/nacda.com/documents/2026/4/20/25.26DI_WinterOverall_4.23.pdf,1
2025-26,BYU,winter,21,BYU,Big 12,FBS,532.75,223.25,309.5,https://dxbhsrqyrr690.cloudfront.net/sidearm.nextgen.sites/nacda.com/documents/2026/4/20/25.26DI_WinterOverall_4.23.pdf,1
2025-26,Kentucky,winter,22,Kentucky,SEC,FBS,530.5,390.5,140.0,https://dxbhsrqyrr690.cloudfront.net/sidearm.nextgen.sites/nacda.com/documents/2026/4/20/25.26DI_WinterOverall_4.23.pdf,1
2025-26,Texas A&M,winter,23,Texas A&M,SEC,FBS,507.0,266.5,240.5,https://dxbhsrqyrr690.cloudfront.net/sidearm.nextgen.sites/nacda.com/documents/2026/4/20/25.26DI_WinterOverall_4.23.pdf,1
2025-26,Arkansas,winter,24,Arkansas,SEC,FBS,495.25,361.25,134.0,https://dxbhsrqyrr690.cloudfront.net/sidearm.nextgen.sites/nacda.com/documents/2026/4/20/25.26DI_WinterOverall_4.23.pdf,1
2025-26,Oklahoma,winter,25,Oklahoma,SEC,FBS,491.5,364.0,127.5,https://dxbhsrqyrr690.cloudfront.net/sidearm.nextgen.sites/nacda.com/documents/2026/4/20/25.26DI_WinterOverall_4.23.pdf,1
2025-26,Washington,winter,26,Washington,Big Ten,FBS,477.25,204.25,273.0,https://dxbhsrqyrr690.cloudfront.net/sidearm.nextgen.sites/nacda.com/documents/2026/4/20/25.26DI_WinterOverall_4.23.pdf,1
2025-26,Illinois,winter,27,Illinois,Big Ten,FBS,471.5,397.5,74.0,https://dxbhsrqyrr690.cloudfront.net/sidearm.nextgen.sites/nacda.com/documents/2026/4/20/25.26DI_WinterOverall_4.23.pdf,1
2025-26,LSU,winter,28,LSU,SEC,FBS,470.0,330.0,140.0,https://dxbhsrqyrr690.cloudfront.net/sidearm.nextgen.sites/nacda.com/documents/2026/4/20/25.26DI_WinterOverall_4.23.pdf,1
2025-26,Oregon,winter,28,Oregon,Big Ten,FBS,470.0,230.0,240.0,https://dxbhsrqyrr690.cloudfront.net/sidearm.nextgen.sites/nacda.com/documents/2026/4/20/25.26DI_WinterOverall_4.23.pdf,1
2025-26,USC,winter,30,USC,Big Ten,FBS,463.0,270.0,193.0,https://dxbhsrqyrr690.cloudfront.net/sidearm.nextgen.sites/nacda.com/documents/2026/4/20/25.26DI_WinterOverall_4.23.pdf,1
2025-26,Indiana,winter,31,Indiana,Big Ten,FBS,460.5,246.5,214.0,https://dxbhsrqyrr690.cloudfront.net/sidearm.nextgen.sites/nacda.com/documents/2026/4/20/25.26DI_WinterOverall_4.23.pdf,1
2025-26,Harvard,winter,32,Harvard,Ivy League,FCS,459.5,306.5,153.0,https://dxbhsrqyrr690.cloudfront.net/sidearm.nextgen.sites/nacda.com/documents/2026/4/20/25.26DI_WinterOverall_4.23.pdf,1
2025-26,Tennessee,winter,33,Tennessee,SEC,FBS,447.0,301.0,146.0,https://dxbhsrqyrr690.cloudfront.net/sidearm.nextgen.sites/nacda.com/documents/2026/4/20/25.26DI_WinterOverall_4.23.pdf,1
2025-26,Iowa State,winter,34,Iowa State,Big 12,FBS,437.75,248.75,189.0,https://dxbhsrqyrr690.cloudfront.net/sidearm.nextgen.sites/nacda.com/documents/2026/4/20/25.26DI_WinterOverall_4.23.pdf,1
2025-26,TCU,winter,35,TCU,Big 12,FBS,420.0,242.0,178.0,https://dxbhsrqyrr690.cloudfront.net/sidearm.nextgen.sites/nacda.com/documents/2026/4/20/25.26DI_WinterOverall_4.23.pdf,1
2025-26,Uconn,winter,36,Uconn,Big East,FBS,412.0,258.0,154.0,https://dxbhsrqyrr690.cloudfront.net/sidearm.nextgen.sites/nacda.com/documents/2026/4/20/25.26DI_WinterOverall_4.23.pdf,1
2025-26,Vanderbilt,winter,37,Vanderbilt,SEC,FBS,401.5,240.5,161.0,https://dxbhsrqyrr690.cloudfront.net/sidearm.nextgen.sites/nacda.com/documents/2026/4/20/25.26DI_WinterOverall_4.23.pdf,1
2025-26,West Virginia,winter,38,West Virginia,Big 12,FBS,393.0,224.0,169.0,https://dxbhsrqyrr690.cloudfront.net/sidearm.nextgen.sites/nacda.com/documents/2026/4/20/25.26DI_WinterOverall_4.23.pdf,1
2025-26,Michigan State,winter,39,Michigan State,Big Ten,FBS,392.75,240.75,152.0,https://dxbhsrqyrr690.cloudfront.net/sidearm.nextgen.sites/nacda.com/documents/2026/4/20/25.26DI_WinterOverall_4.23.pdf,1
2025-26,Ole Miss,winter,39,Ole Miss,SEC,FBS,392.75,255.75,137.0,https://dxbhsrqyrr690.cloudfront.net/sidearm.nextgen.sites/nacda.com/documents/2026/4/20/25.26DI_WinterOverall_4.23.pdf,1
2025-26,Colorado,winter,41,Colorado,Big 12,FBS,380.5,136.0,244.5,https://dxbhsrqyrr690.cloudfront.net/sidearm.nextgen.sites/nacda.com/documents/2026/4/20/25.26DI_WinterOverall_4.23.pdf,1
2025-26,Northwestern,winter,42,Northwestern,Big Ten,FBS,380.0,154.0,226.0,https://dxbhsrqyrr690.cloudfront.net/sidearm.nextgen.sites/nacda.com/documents/2026/4/20/25.26DI_WinterOverall_4.23.pdf,1
2025-26,Oklahoma State,winter,43,Oklahoma State,Big 12,FBS,372.0,207.5,164.5,https://dxbhsrqyrr690.cloudfront.net/sidearm.nextgen.sites/nacda.com/documents/2026/4/20/25.26DI_WinterOverall_4.23.pdf,1
2025-26,South Carolina,winter,44,South Carolina,SEC,FBS,371.0,286.0,85.0,https://dxbhsrqyrr690.cloudfront.net/sidearm.nextgen.sites/nacda.com/documents/2026/4/20/25.26DI_WinterOverall_4.23.pdf,1
2025-26,Utah,winter,45,Utah,Big 12,FBS,369.75,226.25,143.5,https://dxbhsrqyrr690.cloudfront.net/sidearm.nextgen.sites/nacda.com/documents/2026/4/20/25.26DI_WinterOverall_4.23.pdf,1
2025-26,Yale,winter,46,Yale,Ivy League,FCS,369.0,216.0,153.0,https://dxbhsrqyrr690.cloudfront.net/sidearm.nextgen.sites/nacda.com/documents/2026/4/20/25.26DI_WinterOverall_4.23.pdf,1
2025-26,Texas Tech,winter,47,Texas Tech,Big 12,FBS,352.5,230.5,122.0,https://dxbhsrqyrr690.cloudfront.net/sidearm.nextgen.sites/nacda.com/documents/2026/4/20/25.26DI_WinterOverall_4.23.pdf,1
2025-26,Arizona,winter,48,Arizona,Big 12,FBS,342.5,267.5,75.0,https://dxbhsrqyrr690.cloudfront.net/sidearm.nextgen.sites/nacda.com/documents/2026/4/20/25.26DI_WinterOverall_4.23.pdf,1
2025-26,Pennsylvania,winter,49,Pennsylvania,Ivy League,FCS,320.0,320.0,0.0,https://dxbhsrqyrr690.cloudfront.net/sidearm.nextgen.sites/nacda.com/documents/2026/4/20/25.26DI_WinterOverall_4.23.pdf,1
2025-26,Purdue,winter,50,Purdue,Big Ten,FBS,318.0,245.0,73.0,https://dxbhsrqyrr690.cloudfront.net/sidearm.nextgen.sites/nacda.com/documents/2026/4/20/25.26DI_WinterOverall_4.23.pdf,1
2025-26,New Mexico,winter,51,New Mexico,Mountain West,FBS,314.75,119.75,195.0,https://dxbhsrqyrr690.cloudfront.net/sidearm.nextgen.sites/nacda.com/documents/2026/4/20/25.26DI_WinterOverall_4.23.pdf,1
2025-26,Arizona State,winter,52,Arizona State,Big 12,FBS,312.5,223.5,89.0,https://dxbhsrqyrr690.cloudfront.net/sidearm.nextgen.sites/nacda.com/documents/2026/4/20/25.26DI_WinterOverall_4.23.pdf,1
2025-26,Virginia Tech,winter,53,Virginia Tech,ACC,FBS,305.5,244.0,61.5,https://dxbhsrqyrr690.cloudfront.net/sidearm.nextgen.sites/nacda.com/documents/2026/4/20/25.26DI_WinterOverall_4.23.pdf,1
2025-26,California,winter,54,California,ACC,FBS,304.75,279.75,25.0,https://dxbhsrqyrr690.cloudfront.net/sidearm.nextgen.sites/nacda.com/documents/2026/4/20/25.26DI_WinterOverall_4.23.pdf,1
2025-26,Missouri,winter,55,Missouri,SEC,FBS,300.25,229.25,71.0,https://dxbhsrqyrr690.cloudfront.net/sidearm.nextgen.sites/nacda.com/documents/2026/4/20/25.26DI_WinterOverall_4.23.pdf,1
2025-26,Miami (FL),winter,56,Miami (FL),ACC,FBS,299.0,159.0,140.0,https://dxbhsrqyrr690.cloudfront.net/sidearm.nextgen.sites/nacda.com/documents/2026/4/20/25.26DI_WinterOverall_4.23.pdf,1
2025-26,Kansas,winter,57,Kansas,Big 12,FBS,295.5,167.5,128.0,https://dxbhsrqyrr690.cloudfront.net/sidearm.nextgen.sites/nacda.com/documents/2026/4/20/25.26DI_WinterOverall_4.23.pdf,1
2025-26,Auburn,winter,58,Auburn,SEC,FBS,289.0,289.0,0.0,https://dxbhsrqyrr690.cloudfront.net/sidearm.nextgen.sites/nacda.com/documents/2026/4/20/25.26DI_WinterOverall_4.23.pdf,1
2025-26,Clemson,winter,59,Clemson,ACC,FBS,283.5,183.5,100.0,https://dxbhsrqyrr690.cloudfront.net/sidearm.nextgen.sites/nacda.com/documents/2026/4/20/25.26DI_WinterOverall_4.23.pdf,1
2025-26,Denver,winter,60,Denver,Summit,DI,280.5,230.5,50.0,https://dxbhsrqyrr690.cloudfront.net/sidearm.nextgen.sites/nacda.com/documents/2026/4/20/25.26DI_WinterOverall_4.23.pdf,1
2025-26,Pittsburgh,winter,61,Pittsburgh,ACC,FBS,267.75,159.75,108.0,https://dxbhsrqyrr690.cloudfront.net/sidearm.nextgen.sites/nacda.com/documents/2026/4/20/25.26DI_WinterOverall_4.23.pdf,1
2025-26,Villanova,winter,62,Villanova,Big East,FCS,265.0,106.0,159.0,https://dxbhsrqyrr690.cloudfront.net/sidearm.nextgen.sites/nacda.com/documents/2026/4/20/25.26DI_WinterOverall_4.23.pdf,1
2025-26,Wake Forest,winter,63,Wake Forest,ACC,FBS,257.5,0.0,257.5,https://dxbhsrqyrr690.cloudfront.net/sidearm.nextgen.sites/nacda.com/documents/2026/4/20/25.26DI_WinterOverall_4.23.pdf,1
2025-26,Baylor,winter,64,Baylor,Big 12,FBS,255.0,141.0,114.0,https://dxbhsrqyrr690.cloudfront.net/sidearm.nextgen.sites/nacda.com/documents/2026/4/20/25.26DI_WinterOverall_4.23.pdf,1
2025-26,Air Force,winter,65,Air Force,Mountain West,FBS,252.0,198.0,54.0,https://dxbhsrqyrr690.cloudfront.net/sidearm.nextgen.sites/nacda.com/documents/2026/4/20/25.26DI_WinterOverall_4.23.pdf,1
2025-26,Syracuse,winter,66,Syracuse,ACC,FBS,248.0,50.0,198.0,https://dxbhsrqyrr690.cloudfront.net/sidearm.nextgen.sites/nacda.com/documents/2026/4/20/25.26DI_WinterOverall_4.23.pdf,1
2025-26,SMU,winter,67,SMU,ACC,FBS,243.0,56.0,187.0,https://dxbhsrqyrr690.cloudfront.net/sidearm.nextgen.sites/nacda.com/documents/2026/4/20/25.26DI_WinterOverall_4.23.pdf,1
2025-26,Georgetown,winter,68,Georgetown,Big East,FCS,242.5,0.0,242.5,https://dxbhsrqyrr690.cloudfront.net/sidearm.nextgen.sites/nacda.com/documents/2026/4/20/25.26DI_WinterOverall_4.23.pdf,1
2025-26,Florida State,winter,69,Florida State,ACC,FBS,241.5,141.5,100.0,https://dxbhsrqyrr690.cloudfront.net/sidearm.nextgen.sites/nacda.com/documents/2026/4/20/25.26DI_WinterOverall_4.23.pdf,1
2025-26,Columbia,winter,70,Columbia,Ivy League,FCS,237.0,237.0,0.0,https://dxbhsrqyrr690.cloudfront.net/sidearm.nextgen.sites/nacda.com/documents/2026/4/20/25.26DI_WinterOverall_4.23.pdf,1
2025-26,Northern Arizona,winter,71,Northern Arizona,Big Sky,FCS,235.0,94.0,141.0,https://dxbhsrqyrr690.cloudfront.net/sidearm.nextgen.sites/nacda.com/documents/2026/4/20/25.26DI_WinterOverall_4.23.pdf,1
2025-26,St. John's (NY),winter,72,St. John's (NY),Big East,DI,222.0,197.0,25.0,https://dxbhsrqyrr690.cloudfront.net/sidearm.nextgen.sites/nacda.com/documents/2026/4/20/25.26DI_WinterOverall_4.23.pdf,1
2025-26,Maryland,winter,73,Maryland,Big Ten,FBS,217.5,144.5,73.0,https://dxbhsrqyrr690.cloudfront.net/sidearm.nextgen.sites/nacda.com/documents/2026/4/20/25.26DI_WinterOverall_4.23.pdf,1
2025-26,Washington State,winter,74,Washington State,Pac-12,FBS,215.5,66.5,149.0,https://dxbhsrqyrr690.cloudfront.net/sidearm.nextgen.sites/nacda.com/documents/2026/4/20/25.26DI_WinterOverall_4.23.pdf,1
2025-26,High Point,winter,75,High Point,Big South,DI,214.5,100.5,114.0,https://dxbhsrqyrr690.cloudfront.net/sidearm.nextgen.sites/nacda.com/documents/2026/4/20/25.26DI_WinterOverall_4.23.pdf,1
2025-26,Kansas State,winter,76,Kansas State,Big 12,FBS,199.5,149.5,50.0,https://dxbhsrqyrr690.cloudfront.net/sidearm.nextgen.sites/nacda.com/documents/2026/4/20/25.26DI_WinterOverall_4.23.pdf,2
2025-26,Army West Point,winter,77,Army West Point,Patriot,FBS,197.5,99.5,98.0,https://dxbhsrqyrr690.cloudfront.net/sidearm.nextgen.sites/nacda.com/documents/2026/4/20/25.26DI_WinterOverall_4.23.pdf,2
2025-26,Utah State,winter,78,Utah State,Mountain West,FBS,195.5,95.5,100.0,https://dxbhsrqyrr690.cloudfront.net/sidearm.nextgen.sites/nacda.com/documents/2026/4/20/25.26DI_WinterOverall_4.23.pdf,2
2025-26,Cornell,winter,79,Cornell,Ivy League,FCS,194.0,144.0,50.0,https://dxbhsrqyrr690.cloudfront.net/sidearm.nextgen.sites/nacda.com/documents/2026/4/20/25.26DI_WinterOverall_4.23.pdf,2
2025-26,Navy,winter,80,Navy,Patriot,FBS,191.5,113.5,78.0,https://dxbhsrqyrr690.cloudfront.net/sidearm.nextgen.sites/nacda.com/documents/2026/4/20/25.26DI_WinterOverall_4.23.pdf,2
2025-26,Lehigh,winter,81,Lehigh,Patriot,FCS,190.0,137.0,53.0,https://dxbhsrqyrr690.cloudfront.net/sidearm.nextgen.sites/nacda.com/documents/2026/4/20/25.26DI_WinterOverall_4.23.pdf,2
2025-26,Montana State,winter,82,Montana State,Big Sky,FCS,180.0,80.0,100.0,https://dxbhsrqyrr690.cloudfront.net/sidearm.nextgen.sites/nacda.com/documents/2026/4/20/25.26DI_WinterOverall_4.23.pdf,2
2025-26,Western Michigan,winter,82,Western Michigan,MAC,FBS,180.0,60.0,120.0,https://dxbhsrqyrr690.cloudfront.net/sidearm.nextgen.sites/nacda.com/documents/2026/4/20/25.26DI_WinterOverall_4.23.pdf,2
2025-26,Boston College,winter,84,Boston College,ACC,FBS,165.0,120.0,45.0,https://dxbhsrqyrr690.cloudfront.net/sidearm.nextgen.sites/nacda.com/documents/2026/4/20/25.26DI_WinterOverall_4.23.pdf,2
2025-26,Tarleton State,winter,85,Tarleton State,WAC,FCS,162.5,92.5,70.0,https://dxbhsrqyrr690.cloudfront.net/sidearm.nextgen.sites/nacda.com/documents/2026/4/20/25.26DI_WinterOverall_4.23.pdf,2
2025-26,South Dakota State,winter,86,South Dakota State,Summit,FCS,162.0,59.0,103.0,https://dxbhsrqyrr690.cloudfront.net/sidearm.nextgen.sites/nacda.com/documents/2026/4/20/25.26DI_WinterOverall_4.23.pdf,2
2025-26,Arkansas State,winter,87,Arkansas State,Sun Belt,FBS,153.0,83.0,70.0,https://dxbhsrqyrr690.cloudfront.net/sidearm.nextgen.sites/nacda.com/documents/2026/4/20/25.26DI_WinterOverall_4.23.pdf,2
2025-26,Vermont,winter,88,Vermont,America East,DI,150.0,100.0,50.0,https://dxbhsrqyrr690.cloudfront.net/sidearm.nextgen.sites/nacda.com/documents/2026/4/20/25.26DI_WinterOverall_4.23.pdf,2
2025-26,UCF,winter,89,UCF,Big 12,FBS,148.5,48.5,100.0,https://dxbhsrqyrr690.cloudfront.net/sidearm.nextgen.sites/nacda.com/documents/2026/4/20/25.26DI_WinterOverall_4.23.pdf,2
2025-26,Northern Iowa,winter,90,Northern Iowa,Missouri Valley,FCS,147.5,97.5,50.0,https://dxbhsrqyrr690.cloudfront.net/sidearm.nextgen.sites/nacda.com/documents/2026/4/20/25.26DI_WinterOverall_4.23.pdf,2
2025-26,Jacksonville State,winter,91,Jacksonville State,Conference USA,FBS,145.0,100.0,45.0,https://dxbhsrqyrr690.cloudfront.net/sidearm.nextgen.sites/nacda.com/documents/2026/4/20/25.26DI_WinterOverall_4.23.pdf,2
2025-26,Houston,winter,92,Houston,Big 12,FBS,142.0,87.0,55.0,https://dxbhsrqyrr690.cloudfront.net/sidearm.nextgen.sites/nacda.com/documents/2026/4/20/25.26DI_WinterOverall_4.23.pdf,2
2025-26,Miami (OH),winter,93,Miami (OH),MAC,FBS,140.0,50.0,90.0,https://dxbhsrqyrr690.cloudfront.net/sidearm.nextgen.sites/nacda.com/documents/2026/4/20/25.26DI_WinterOverall_4.23.pdf,2
2025-26,North Dakota State,winter,94,North Dakota State,Summit,FCS,138.5,85.5,53.0,https://dxbhsrqyrr690.cloudfront.net/sidearm.nextgen.sites/nacda.com/documents/2026/4/20/25.26DI_WinterOverall_4.23.pdf,2
2025-26,Tulane,winter,95,Tulane,American,FBS,137.0,0.0,137.0,https://dxbhsrqyrr690.cloudfront.net/sidearm.nextgen.sites/nacda.com/documents/2026/4/20/25.26DI_WinterOverall_4.23.pdf,2
2025-26,Akron,winter,96,Akron,MAC,FBS,136.0,63.0,73.0,https://dxbhsrqyrr690.cloudfront.net/sidearm.nextgen.sites/nacda.com/documents/2026/4/20/25.26DI_WinterOverall_4.23.pdf,2
2025-26,North Dakota,winter,96,North Dakota,Summit,FCS,136.0,83.0,53.0,https://dxbhsrqyrr690.cloudfront.net/sidearm.nextgen.sites/nacda.com/documents/2026/4/20/25.26DI_WinterOverall_4.23.pdf,2
2025-26,Cincinnati,winter,98,Cincinnati,Big 12,FBS,135.0,82.0,53.0,https://dxbhsrqyrr690.cloudfront.net/sidearm.nextgen.sites/nacda.com/documents/2026/4/20/25.26DI_WinterOverall_4.23.pdf,2
2025-26,New Hampshire,winter,99,New Hampshire,America East,FCS,133.0,63.0,70.0,https://dxbhsrqyrr690.cloudfront.net/sidearm.nextgen.sites/nacda.com/documents/2026/4/20/25.26DI_WinterOverall_4.23.pdf,2
2025-26,Saint Louis,winter,99,Saint Louis,Atlantic 10,DI,133.0,50.0,83.0,https://dxbhsrqyrr690.cloudfront.net/sidearm.nextgen.sites/nacda.com/documents/2026/4/20/25.26DI_WinterOverall_4.23.pdf,2
2025-26,South Dakota,winter,101,South Dakota,Summit,FCS,129.25,59.25,70.0,https://dxbhsrqyrr690.cloudfront.net/sidearm.nextgen.sites/nacda.com/documents/2026/4/20/25.26DI_WinterOverall_4.23.pdf,2
2025-26,Stephen F. Austin,winter,102,Stephen F. Austin,Southland,FCS,127.0,5.0,122.0,https://dxbhsrqyrr690.cloudfront.net/sidearm.nextgen.sites/nacda.com/documents/2026/4/20/25.26DI_WinterOverall_4.23.pdf,2
2025-26,California Baptist,winter,103,California Baptist,WAC,DI,124.0,50.0,74.0,https://dxbhsrqyrr690.cloudfront.net/sidearm.nextgen.sites/nacda.com/documents/2026/4/20/25.26DI_WinterOverall_4.23.pdf,2
2025-26,Dartmouth,winter,104,Dartmouth,Ivy League,FCS,122.0,97.0,25.0,https://dxbhsrqyrr690.cloudfront.net/sidearm.nextgen.sites/nacda.com/documents/2026/4/20/25.26DI_WinterOverall_4.23.pdf,2
2025-26,Quinnipiac,winter,105,Quinnipiac,MAAC,DI,120.0,120.0,0.0,https://dxbhsrqyrr690.cloudfront.net/sidearm.nextgen.sites/nacda.com/documents/2026/4/20/25.26DI_WinterOverall_4.23.pdf,2
2025-26,UC San Diego,winter,106,UC San Diego,Big West,DI,118.0,118.0,0.0,https://dxbhsrqyrr690.cloudfront.net/sidearm.nextgen.sites/nacda.com/documents/2026/4/20/25.26DI_WinterOverall_4.23.pdf,2
2025-26,Rutgers,winter,107,Rutgers,Big Ten,FBS,117.5,117.5,0.0,https://dxbhsrqyrr690.cloudfront.net/sidearm.nextgen.sites/nacda.com/documents/2026/4/20/25.26DI_WinterOverall_4.23.pdf,2
2025-26,Sacred Heart,winter,108,Sacred Heart,MAAC,FCS,117.0,92.0,25.0,https://dxbhsrqyrr690.cloudfront.net/sidearm.nextgen.sites/nacda.com/documents/2026/4/20/25.26DI_WinterOverall_4.23.pdf,2
2025-26,LIU Brooklyn,winter,109,LIU Brooklyn,NEC,FCS,116.0,91.0,25.0,https://dxbhsrqyrr690.cloudfront.net/sidearm.nextgen.sites/nacda.com/documents/2026/4/20/25.26DI_WinterOverall_4.23.pdf,2
2025-26,UTSA,winter,110,UTSA,American,FBS,113.5,43.5,70.0,https://dxbhsrqyrr690.cloudfront.net/sidearm.nextgen.sites/nacda.com/documents/2026/4/20/25.26DI_WinterOverall_4.23.pdf,2
2025-26,Georgia Tech,winter,111,Georgia Tech,ACC,FBS,111.0,36.0,75.0,https://dxbhsrqyrr690.cloudfront.net/sidearm.nextgen.sites/nacda.com/documents/2026/4/20/25.26DI_WinterOverall_4.23.pdf,2
2025-26,Louisiana Tech,winter,112,Louisiana Tech,Conference USA,FBS,110.0,65.0,45.0,https://dxbhsrqyrr690.cloudfront.net/sidearm.nextgen.sites/nacda.com/documents/2026/4/20/25.26DI_WinterOverall_4.23.pdf,2
2025-26,Oregon State,winter,113,Oregon State,Pac-12,FBS,109.5,84.5,25.0,https://dxbhsrqyrr690.cloudfront.net/sidearm.nextgen.sites/nacda.com/documents/2026/4/20/25.26DI_WinterOverall_4.23.pdf,2
2025-26,Bryant,winter,114,Bryant,America East,FCS,109.0,45.0,64.0,https://dxbhsrqyrr690.cloudfront.net/sidearm.nextgen.sites/nacda.com/documents/2026/4/20/25.26DI_WinterOverall_4.23.pdf,2
2025-26,Furman,winter,115,Furman,SoCon,FCS,108.0,25.0,83.0,https://dxbhsrqyrr690.cloudfront.net/sidearm.nextgen.sites/nacda.com/documents/2026/4/20/25.26DI_WinterOverall_4.23.pdf,2
2025-26,Montana,winter,115,Montana,Big Sky,FCS,108.0,0.0,108.0,https://dxbhsrqyrr690.cloudfront.net/sidearm.nextgen.sites/nacda.com/documents/2026/4/20/25.26DI_WinterOverall_4.23.pdf,2
2025-26,Liberty,winter,117,Liberty,Conference USA,FBS,104.5,34.5,70.0,https://dxbhsrqyrr690.cloudfront.net/sidearm.nextgen.sites/nacda.com/documents/2026/4/20/25.26DI_WinterOverall_4.23.pdf,2
2025-26,Boise State,winter,118,Boise State,Mountain West,FBS,104.0,0.0,104.0,https://dxbhsrqyrr690.cloudfront.net/sidearm.nextgen.sites/nacda.com/documents/2026/4/20/25.26DI_WinterOverall_4.23.pdf,2
2025-26,Portland,winter,119,Portland,WCC,DI,100.0,0.0,100.0,https://dxbhsrqyrr690.cloudfront.net/sidearm.nextgen.sites/nacda.com/documents/2026/4/20/25.26DI_WinterOverall_4.23.pdf,2
2025-26,Texas State,winter,119,Texas State,Sun Belt,FBS,100.0,30.0,70.0,https://dxbhsrqyrr690.cloudfront.net/sidearm.nextgen.sites/nacda.com/documents/2026/4/20/25.26DI_WinterOverall_4.23.pdf,2
2025-26,Cal Poly,winter,121,Cal Poly,Big West,FCS,99.5,10.5,89.0,https://dxbhsrqyrr690.cloudfront.net/sidearm.nextgen.sites/nacda.com/documents/2026/4/20/25.26DI_WinterOverall_4.23.pdf,2
2025-26,Eastern Kentucky,winter,122,Eastern Kentucky,ASUN,FCS,98.0,29.0,69.0,https://dxbhsrqyrr690.cloudfront.net/sidearm.nextgen.sites/nacda.com/documents/2026/4/20/25.26DI_WinterOverall_4.23.pdf,2
2025-26,Fairfield,winter,123,Fairfield,MAAC,DI,95.0,25.0,70.0,https://dxbhsrqyrr690.cloudfront.net/sidearm.nextgen.sites/nacda.com/documents/2026/4/20/25.26DI_WinterOverall_4.23.pdf,2
2025-26,UC Davis,winter,123,UC Davis,Big West,FCS,95.0,0.0,95.0,https://dxbhsrqyrr690.cloudfront.net/sidearm.nextgen.sites/nacda.com/documents/2026/4/20/25.26DI_WinterOverall_4.23.pdf,2
2025-26,Providence,winter,125,Providence,Big East,DI,94.0,25.0,69.0,https://dxbhsrqyrr690.cloudfront.net/sidearm.nextgen.sites/nacda.com/documents/2026/4/20/25.26DI_WinterOverall_4.23.pdf,2
2025-26,Butler,winter,126,Butler,Big East,FCS,92.5,34.0,58.5,https://dxbhsrqyrr690.cloudfront.net/sidearm.nextgen.sites/nacda.com/documents/2026/4/20/25.26DI_WinterOverall_4.23.pdf,2
2025-26,Nevada,winter,127,Nevada,Mountain West,FBS,92.0,92.0,0.0,https://dxbhsrqyrr690.cloudfront.net/sidearm.nextgen.sites/nacda.com/documents/2026/4/20/25.26DI_WinterOverall_4.23.pdf,2
2025-26,Illinois State,winter,128,Illinois State,Missouri Valley,FCS,90.0,0.0,90.0,https://dxbhsrqyrr690.cloudfront.net/sidearm.nextgen.sites/nacda.com/documents/2026/4/20/25.26DI_WinterOverall_4.23.pdf,2
2025-26,Wichita State,winter,128,Wichita State,American,DI,90.0,90.0,0.0,https://dxbhsrqyrr690.cloudfront.net/sidearm.nextgen.sites/nacda.com/documents/2026/4/20/25.26DI_WinterOverall_4.23.pdf,2
2025-26,Hofstra,winter,130,Hofstra,CAA,DI,89.0,25.0,64.0,https://dxbhsrqyrr690.cloudfront.net/sidearm.nextgen.sites/nacda.com/documents/2026/4/20/25.26DI_WinterOverall_4.23.pdf,2
2025-26,Utah Valley,winter,130,Utah Valley,WAC,DI,89.0,39.0,50.0,https://dxbhsrqyrr690.cloudfront.net/sidearm.nextgen.sites/nacda.com/documents/2026/4/20/25.26DI_WinterOverall_4.23.pdf,2
2025-26,Northeastern,winter,132,Northeastern,CAA,DI,83.0,83.0,0.0,https://dxbhsrqyrr690.cloudfront.net/sidearm.nextgen.sites/nacda.com/documents/2026/4/20/25.26DI_WinterOverall_4.23.pdf,2
2025-26,James Madison,winter,133,James Madison,Sun Belt,FBS,79.0,25.0,54.0,https://dxbhsrqyrr690.cloudfront.net/sidearm.nextgen.sites/nacda.com/documents/2026/4/20/25.26DI_WinterOverall_4.23.pdf,2
2025-26,Mississippi State,winter,134,Mississippi State,SEC,FBS,78.0,0.0,78.0,https://dxbhsrqyrr690.cloudfront.net/sidearm.nextgen.sites/nacda.com/documents/2026/4/20/25.26DI_WinterOverall_4.23.pdf,2
2025-26,Rhode Island,winter,134,Rhode Island,Atlantic 10,FCS,78.0,25.0,53.0,https://dxbhsrqyrr690.cloudfront.net/sidearm.nextgen.sites/nacda.com/documents/2026/4/20/25.26DI_WinterOverall_4.23.pdf,2
2025-26,Toledo,winter,134,Toledo,MAC,FBS,78.0,0.0,78.0,https://dxbhsrqyrr690.cloudfront.net/sidearm.nextgen.sites/nacda.com/documents/2026/4/20/25.26DI_WinterOverall_4.23.pdf,2
2025-26,Lipscomb,winter,137,Lipscomb,ASUN,DI,77.0,0.0,77.0,https://dxbhsrqyrr690.cloudfront.net/sidearm.nextgen.sites/nacda.com/documents/2026/4/20/25.26DI_WinterOverall_4.23.pdf,2
2025-26,American,winter,138,American,Patriot,DI,75.5,50.5,25.0,https://dxbhsrqyrr690.cloudfront.net/sidearm.nextgen.sites/nacda.com/documents/2026/4/20/25.26DI_WinterOverall_4.23.pdf,2
2025-26,Delaware,winter,139,Delaware,Conference USA,FBS,75.0,30.0,45.0,https://dxbhsrqyrr690.cloudfront.net/sidearm.nextgen.sites/nacda.com/documents/2026/4/20/25.26DI_WinterOverall_4.23.pdf,2
2025-26,Gonzaga,winter,139,Gonzaga,WCC,DI,75.0,75.0,0.0,https://dxbhsrqyrr690.cloudfront.net/sidearm.nextgen.sites/nacda.com/documents/2026/4/20/25.26DI_WinterOverall_4.23.pdf,2
2025-26,Memphis,winter,139,Memphis,American,FBS,75.0,0.0,75.0,https://dxbhsrqyrr690.cloudfront.net/sidearm.nextgen.sites/nacda.com/documents/2026/4/20/25.26DI_WinterOverall_4.23.pdf,2
2025-26,Presbyterian College,winter,139,Presbyterian College,Big South,FCS,75.0,75.0,0.0,https://dxbhsrqyrr690.cloudfront.net/sidearm.nextgen.sites/nacda.com/documents/2026/4/20/25.26DI_WinterOverall_4.23.pdf,2
2025-26,San Diego,winter,139,San Diego,WCC,FCS,75.0,0.0,75.0,https://dxbhsrqyrr690.cloudfront.net/sidearm.nextgen.sites/nacda.com/documents/2026/4/20/25.26DI_WinterOverall_4.23.pdf,2
2025-26,South Florida,winter,139,South Florida,American,FBS,75.0,25.0,50.0,https://dxbhsrqyrr690.cloudfront.net/sidearm.nextgen.sites/nacda.com/documents/2026/4/20/25.26DI_WinterOverall_4.23.pdf,2
2025-26,Xavier,winter,139,Xavier,Big East,DI,75.0,0.0,75.0,https://dxbhsrqyrr690.cloudfront.net/sidearm.nextgen.sites/nacda.com/documents/2026/4/20/25.26DI_WinterOverall_4.23.pdf,2
2025-26,Lindenwood,winter,146,Lindenwood,OVC,FCS,74.0,49.0,25.0,https://dxbhsrqyrr690.cloudfront.net/sidearm.nextgen.sites/nacda.com/documents/2026/4/20/25.26DI_WinterOverall_4.23.pdf,2
2025-26,Creighton,winter,147,Creighton,Big East,DI,73.0,0.0,73.0,https://dxbhsrqyrr690.cloudfront.net/sidearm.nextgen.sites/nacda.com/documents/2026/4/20/25.26DI_WinterOverall_4.23.pdf,2
2025-26,Central Michigan,winter,148,Central Michigan,MAC,FBS,72.5,47.5,25.0,https://dxbhsrqyrr690.cloudfront.net/sidearm.nextgen.sites/nacda.com/documents/2026/4/20/25.26DI_WinterOverall_4.23.pdf,2
2025-26,Ohio,winter,149,Ohio,MAC,FBS,72.0,27.0,45.0,https://dxbhsrqyrr690.cloudfront.net/sidearm.nextgen.sites/nacda.com/documents/2026/4/20/25.26DI_WinterOverall_4.23.pdf,2
2025-26,Samford,winter,150,Samford,SoCon,FCS,70.5,45.5,25.0,https://dxbhsrqyrr690.cloudfront.net/sidearm.nextgen.sites/nacda.com/documents/2026/4/20/25.26DI_WinterOverall_4.23.pdf,2
2025-26,Hawaii,winter,151,Hawaii,Big West,FBS,70.0,25.0,45.0,https://dxbhsrqyrr690.cloudfront.net/sidearm.nextgen.sites/nacda.com/documents/2026/4/20/25.26DI_WinterOverall_4.23.pdf,3
2025-26,Western Kentucky,winter,151,Western Kentucky,Conference USA,FBS,70.0,0.0,70.0,https://dxbhsrqyrr690.cloudfront.net/sidearm.nextgen.sites/nacda.com/documents/2026/4/20/25.26DI_WinterOverall_4.23.pdf,3
2025-26,Youngstown State,winter,151,Youngstown State,Horizon League,FCS,70.0,45.0,25.0,https://dxbhsrqyrr690.cloudfront.net/sidearm.nextgen.sites/nacda.com/documents/2026/4/20/25.26DI_WinterOverall_4.23.pdf,3
2025-26,Kennesaw State,winter,154,Kennesaw State,Conference USA,FBS,68.5,43.5,25.0,https://dxbhsrqyrr690.cloudfront.net/sidearm.nextgen.sites/nacda.com/documents/2026/4/20/25.26DI_WinterOverall_4.23.pdf,3
2025-26,Brown,winter,155,Brown,Ivy League,FCS,67.0,67.0,0.0,https://dxbhsrqyrr690.cloudfront.net/sidearm.nextgen.sites/nacda.com/documents/2026/4/20/25.26DI_WinterOverall_4.23.pdf,3
2025-26,Southern Mississippi,winter,156,Southern Mississippi,Sun Belt,FBS,65.5,40.5,25.0,https://dxbhsrqyrr690.cloudfront.net/sidearm.nextgen.sites/nacda.com/documents/2026/4/20/25.26DI_WinterOverall_4.23.pdf,3
2025-26,Georgia Southern,winter,157,Georgia Southern,Sun Belt,FBS,65.0,20.0,45.0,https://dxbhsrqyrr690.cloudfront.net/sidearm.nextgen.sites/nacda.com/documents/2026/4/20/25.26DI_WinterOverall_4.23.pdf,3
2025-26,North Carolina A&T State,winter,157,North Carolina A&T State,CAA,FCS,65.0,65.0,0.0,https://dxbhsrqyrr690.cloudfront.net/sidearm.nextgen.sites/nacda.com/documents/2026/4/20/25.26DI_WinterOverall_4.23.pdf,3
2025-26,Wyoming,winter,159,Wyoming,Mountain West,FBS,64.5,64.5,0.0,https://dxbhsrqyrr690.cloudfront.net/sidearm.nextgen.sites/nacda.com/documents/2026/4/20/25.26DI_WinterOverall_4.23.pdf,3
2025-26,Grand Canyon,winter,160,Grand Canyon,Mountain West,DI,64.0,0.0,64.0,https://dxbhsrqyrr690.cloudfront.net/sidearm.nextgen.sites/nacda.com/documents/2026/4/20/25.26DI_WinterOverall_4.23.pdf,3
2025-26,North Carolina Greensboro,winter,160,North Carolina Greensboro,SoCon,DI,64.0,0.0,64.0,https://dxbhsrqyrr690.cloudfront.net/sidearm.nextgen.sites/nacda.com/documents/2026/4/20/25.26DI_WinterOverall_4.23.pdf,3
2025-26,East Carolina,winter,162,East Carolina,American,FBS,62.0,17.0,45.0,https://dxbhsrqyrr690.cloudfront.net/sidearm.nextgen.sites/nacda.com/documents/2026/4/20/25.26DI_WinterOverall_4.23.pdf,3
2025-26,Fresno State,winter,162,Fresno State,Mountain West,FBS,62.0,17.0,45.0,https://dxbhsrqyrr690.cloudfront.net/sidearm.nextgen.sites/nacda.com/documents/2026/4/20/25.26DI_WinterOverall_4.23.pdf,3
2025-26,San Jose State,winter,162,San Jose State,Mountain West,FBS,62.0,37.0,25.0,https://dxbhsrqyrr690.cloudfront.net/sidearm.nextgen.sites/nacda.com/documents/2026/4/20/25.26DI_WinterOverall_4.23.pdf,3
2025-26,Wagner,winter,165,Wagner,NEC,FCS,59.0,34.0,25.0,https://dxbhsrqyrr690.cloudfront.net/sidearm.nextgen.sites/nacda.com/documents/2026/4/20/25.26DI_WinterOverall_4.23.pdf,3
2025-26,Drexel,winter,166,Drexel,CAA,DI,57.5,32.5,25.0,https://dxbhsrqyrr690.cloudfront.net/sidearm.nextgen.sites/nacda.com/documents/2026/4/20/25.26DI_WinterOverall_4.23.pdf,3
2025-26,North Texas,winter,167,North Texas,American,FBS,56.0,11.0,45.0,https://dxbhsrqyrr690.cloudfront.net/sidearm.nextgen.sites/nacda.com/documents/2026/4/20/25.26DI_WinterOverall_4.23.pdf,3
2025-26,Fordham,winter,168,Fordham,Atlantic 10,FCS,55.0,0.0,55.0,https://dxbhsrqyrr690.cloudfront.net/sidearm.nextgen.sites/nacda.com/documents/2026/4/20/25.26DI_WinterOverall_4.23.pdf,3
2025-26,Colorado State,winter,169,Colorado State,Mountain West,FBS,54.0,54.0,0.0,https://dxbhsrqyrr690.cloudfront.net/sidearm.nextgen.sites/nacda.com/documents/2026/4/20/25.26DI_WinterOverall_4.23.pdf,3
2025-26,Abilene Christian,winter,170,Abilene Christian,WAC,FCS,53.0,0.0,53.0,https://dxbhsrqyrr690.cloudfront.net/sidearm.nextgen.sites/nacda.com/documents/2026/4/20/25.26DI_WinterOverall_4.23.pdf,3
2025-26,Mercer,winter,170,Mercer,SoCon,FCS,53.0,0.0,53.0,https://dxbhsrqyrr690.cloudfront.net/sidearm.nextgen.sites/nacda.com/documents/2026/4/20/25.26DI_WinterOverall_4.23.pdf,3
2025-26,Arkansas Little Rock,winter,172,Arkansas Little Rock,OVC,DI,52.0,52.0,0.0,https://dxbhsrqyrr690.cloudfront.net/sidearm.nextgen.sites/nacda.com/documents/2026/4/20/25.26DI_WinterOverall_4.23.pdf,3
2025-26,Loyola Chicago,winter,172,Loyola Chicago,Atlantic 10,DI,52.0,0.0,52.0,https://dxbhsrqyrr690.cloudfront.net/sidearm.nextgen.sites/nacda.com/documents/2026/4/20/25.26DI_WinterOverall_4.23.pdf,3
2025-26,Tulsa,winter,172,Tulsa,American,FBS,52.0,0.0,52.0,https://dxbhsrqyrr690.cloudfront.net/sidearm.nextgen.sites/nacda.com/documents/2026/4/20/25.26DI_WinterOverall_4.23.pdf,3
2025-26,NJIT,winter,175,NJIT,America East,DI,51.0,51.0,0.0,https://dxbhsrqyrr690.cloudfront.net/sidearm.nextgen.sites/nacda.com/documents/2026/4/20/25.26DI_WinterOverall_4.23.pdf,3
2025-26,Elon,winter,176,Elon,CAA,FCS,50.0,0.0,50.0,https://dxbhsrqyrr690.cloudfront.net/sidearm.nextgen.sites/nacda.com/documents/2026/4/20/25.26DI_WinterOverall_4.23.pdf,3
2025-26,Fairleigh Dickinson,winter,176,Fairleigh Dickinson,NEC,DI,50.0,25.0,25.0,https://dxbhsrqyrr690.cloudfront.net/sidearm.nextgen.sites/nacda.com/documents/2026/4/20/25.26DI_WinterOverall_4.23.pdf,3
2025-26,Howard,winter,176,Howard,MEAC,FCS,50.0,50.0,0.0,https://dxbhsrqyrr690.cloudfront.net/sidearm.nextgen.sites/nacda.com/documents/2026/4/20/25.26DI_WinterOverall_4.23.pdf,3
2025-26,Idaho,winter,176,Idaho,Big Sky,FCS,50.0,50.0,0.0,https://dxbhsrqyrr690.cloudfront.net/sidearm.nextgen.sites/nacda.com/documents/2026/4/20/25.26DI_WinterOverall_4.23.pdf,3
2025-26,Marquette,winter,176,Marquette,Big East,DI,50.0,0.0,50.0,https://dxbhsrqyrr690.cloudfront.net/sidearm.nextgen.sites/nacda.com/documents/2026/4/20/25.26DI_WinterOverall_4.23.pdf,3
2025-26,Marshall,winter,176,Marshall,Sun Belt,FBS,50.0,0.0,50.0,https://dxbhsrqyrr690.cloudfront.net/sidearm.nextgen.sites/nacda.com/documents/2026/4/20/25.26DI_WinterOverall_4.23.pdf,3
2025-26,Missouri State,winter,176,Missouri State,Conference USA,FBS,50.0,25.0,25.0,https://dxbhsrqyrr690.cloudfront.net/sidearm.nextgen.sites/nacda.com/documents/2026/4/20/25.26DI_WinterOverall_4.23.pdf,3
2025-26,Prairie View A&M,winter,176,Prairie View A&M,SWAC,FCS,50.0,25.0,25.0,https://dxbhsrqyrr690.cloudfront.net/sidearm.nextgen.sites/nacda.com/documents/2026/4/20/25.26DI_WinterOverall_4.23.pdf,3
2025-26,Rice,winter,176,Rice,American,FBS,50.0,0.0,50.0,https://dxbhsrqyrr690.cloudfront.net/sidearm.nextgen.sites/nacda.com/documents/2026/4/20/25.26DI_WinterOverall_4.23.pdf,3
2025-26,Seton Hall,winter,176,Seton Hall,Big East,DI,50.0,0.0,50.0,https://dxbhsrqyrr690.cloudfront.net/sidearm.nextgen.sites/nacda.com/documents/2026/4/20/25.26DI_WinterOverall_4.23.pdf,3
2025-26,Siena,winter,176,Siena,MAAC,DI,50.0,25.0,25.0,https://dxbhsrqyrr690.cloudfront.net/sidearm.nextgen.sites/nacda.com/documents/2026/4/20/25.26DI_WinterOverall_4.23.pdf,3
2025-26,Tennessee Tech,winter,176,Tennessee Tech,OVC,FCS,50.0,0.0,50.0,https://dxbhsrqyrr690.cloudfront.net/sidearm.nextgen.sites/nacda.com/documents/2026/4/20/25.26DI_WinterOverall_4.23.pdf,3
2025-26,Troy,winter,176,Troy,Sun Belt,FBS,50.0,25.0,25.0,https://dxbhsrqyrr690.cloudfront.net/sidearm.nextgen.sites/nacda.com/documents/2026/4/20/25.26DI_WinterOverall_4.23.pdf,3
2025-26,UMKC,winter,176,UMKC,Summit,DI,50.0,0.0,50.0,https://dxbhsrqyrr690.cloudfront.net/sidearm.nextgen.sites/nacda.com/documents/2026/4/20/25.26DI_WinterOverall_4.23.pdf,3
2025-26,VCU,winter,176,VCU,Atlantic 10,DI,50.0,50.0,0.0,https://dxbhsrqyrr690.cloudfront.net/sidearm.nextgen.sites/nacda.com/documents/2026/4/20/25.26DI_WinterOverall_4.23.pdf,3
2025-26,Wright State,winter,176,Wright State,Horizon League,DI,50.0,25.0,25.0,https://dxbhsrqyrr690.cloudfront.net/sidearm.nextgen.sites/nacda.com/documents/2026/4/20/25.26DI_WinterOverall_4.23.pdf,3
2025-26,Delaware State,winter,192,Delaware State,MEAC,FCS,47.0,47.0,0.0,https://dxbhsrqyrr690.cloudfront.net/sidearm.nextgen.sites/nacda.com/documents/2026/4/20/25.26DI_WinterOverall_4.23.pdf,3
2025-26,Rider,winter,192,Rider,MAAC,DI,47.0,47.0,0.0,https://dxbhsrqyrr690.cloudfront.net/sidearm.nextgen.sites/nacda.com/documents/2026/4/20/25.26DI_WinterOverall_4.23.pdf,3
2025-26,Southern Utah,winter,194,Southern Utah,WAC,FCS,45.5,45.5,0.0,https://dxbhsrqyrr690.cloudfront.net/sidearm.nextgen.sites/nacda.com/documents/2026/4/20/25.26DI_WinterOverall_4.23.pdf,3
2025-26,Appalachian State,winter,195,Appalachian State,Sun Belt,FBS,45.0,20.0,25.0,https://dxbhsrqyrr690.cloudfront.net/sidearm.nextgen.sites/nacda.com/documents/2026/4/20/25.26DI_WinterOverall_4.23.pdf,3
2025-26,Duquesne,winter,195,Duquesne,Atlantic 10,FCS,45.0,45.0,0.0,https://dxbhsrqyrr690.cloudfront.net/sidearm.nextgen.sites/nacda.com/documents/2026/4/20/25.26DI_WinterOverall_4.23.pdf,3
2025-26,Old Dominion,winter,195,Old Dominion,Sun Belt,FBS,45.0,0.0,45.0,https://dxbhsrqyrr690.cloudfront.net/sidearm.nextgen.sites/nacda.com/documents/2026/4/20/25.26DI_WinterOverall_4.23.pdf,3
2025-26,Saint Joseph's,winter,195,Saint Joseph's,Atlantic 10,DI,45.0,0.0,45.0,https://dxbhsrqyrr690.cloudfront.net/sidearm.nextgen.sites/nacda.com/documents/2026/4/20/25.26DI_WinterOverall_4.23.pdf,3
2025-26,Sam Houston State,winter,195,Sam Houston State,Conference USA,FBS,45.0,45.0,0.0,https://dxbhsrqyrr690.cloudfront.net/sidearm.nextgen.sites/nacda.com/documents/2026/4/20/25.26DI_WinterOverall_4.23.pdf,3
2025-26,South Carolina State,winter,195,South Carolina State,MEAC,FCS,45.0,0.0,45.0,https://dxbhsrqyrr690.cloudfront.net/sidearm.nextgen.sites/nacda.com/documents/2026/4/20/25.26DI_WinterOverall_4.23.pdf,3
2025-26,Iona,winter,201,Iona,MAAC,DI,42.0,0.0,42.0,https://dxbhsrqyrr690.cloudfront.net/sidearm.nextgen.sites/nacda.com/documents/2026/4/20/25.26DI_WinterOverall_4.23.pdf,3
2025-26,Northern Colorado,winter,202,Northern Colorado,Big Sky,FCS,40.0,15.0,25.0,https://dxbhsrqyrr690.cloudfront.net/sidearm.nextgen.sites/nacda.com/documents/2026/4/20/25.26DI_WinterOverall_4.23.pdf,3
2025-26,George Mason,winter,203,George Mason,Atlantic 10,DI,39.0,39.0,0.0,https://dxbhsrqyrr690.cloudfront.net/sidearm.nextgen.sites/nacda.com/documents/2026/4/20/25.26DI_WinterOverall_4.23.pdf,3
2025-26,UTRGV,winter,204,UTRGV,Southland,DI,34.5,34.5,0.0,https://dxbhsrqyrr690.cloudfront.net/sidearm.nextgen.sites/nacda.com/documents/2026/4/20/25.26DI_WinterOverall_4.23.pdf,3
2025-26,Bucknell,winter,205,Bucknell,Patriot,FCS,32.5,32.5,0.0,https://dxbhsrqyrr690.cloudfront.net/sidearm.nextgen.sites/nacda.com/documents/2026/4/20/25.26DI_WinterOverall_4.23.pdf,3
2025-26,Incarnate Word,winter,206,Incarnate Word,Southland,FCS,30.0,30.0,0.0,https://dxbhsrqyrr690.cloudfront.net/sidearm.nextgen.sites/nacda.com/documents/2026/4/20/25.26DI_WinterOverall_4.23.pdf,3
2025-26,SIU Edwardsville,winter,206,SIU Edwardsville,OVC,DI,30.0,30.0,0.0,https://dxbhsrqyrr690.cloudfront.net/sidearm.nextgen.sites/nacda.com/documents/2026/4/20/25.26DI_WinterOverall_4.23.pdf,3
2025-26,UMBC,winter,206,UMBC,America East,DI,30.0,5.0,25.0,https://dxbhsrqyrr690.cloudfront.net/sidearm.nextgen.sites/nacda.com/documents/2026/4/20/25.26DI_WinterOverall_4.23.pdf,3
2025-26,Northern Illinois,winter,209,Northern Illinois,MAC,FBS,27.0,27.0,0.0,https://dxbhsrqyrr690.cloudfront.net/sidearm.nextgen.sites/nacda.com/documents/2026/4/20/25.26DI_WinterOverall_4.23.pdf,3
2025-26,IUPUI,winter,210,IUPUI,Horizon League,DI,26.0,26.0,0.0,https://dxbhsrqyrr690.cloudfront.net/sidearm.nextgen.sites/nacda.com/documents/2026/4/20/25.26DI_WinterOverall_4.23.pdf,3
2025-26,Alabama A&M,winter,211,Alabama A&M,SWAC,FCS,25.0,25.0,0.0,https://dxbhsrqyrr690.cloudfront.net/sidearm.nextgen.sites/nacda.com/documents/2026/4/20/25.26DI_WinterOverall_4.23.pdf,3
2025-26,Boston University,winter,211,Boston University,Patriot,DI,25.0,0.0,25.0,https://dxbhsrqyrr690.cloudfront.net/sidearm.nextgen.sites/nacda.com/documents/2026/4/20/25.26DI_WinterOverall_4.23.pdf,3
2025-26,Campbell,winter,211,Campbell,CAA,FCS,25.0,0.0,25.0,https://dxbhsrqyrr690.cloudfront.net/sidearm.nextgen.sites/nacda.com/documents/2026/4/20/25.26DI_WinterOverall_4.23.pdf,3
2025-26,Central Arkansas,winter,211,Central Arkansas,ASUN,FCS,25.0,0.0,25.0,https://dxbhsrqyrr690.cloudfront.net/sidearm.nextgen.sites/nacda.com/documents/2026/4/20/25.26DI_WinterOverall_4.23.pdf,3
2025-26,Central Connecticut State,winter,211,Central Connecticut State,NEC,FCS,25.0,0.0,25.0,https://dxbhsrqyrr690.cloudfront.net/sidearm.nextgen.sites/nacda.com/documents/2026/4/20/25.26DI_WinterOverall_4.23.pdf,3
2025-26,Cleveland State,winter,211,Cleveland State,Horizon League,DI,25.0,0.0,25.0,https://dxbhsrqyrr690.cloudfront.net/sidearm.nextgen.sites/nacda.com/documents/2026/4/20/25.26DI_WinterOverall_4.23.pdf,3
2025-26,Coastal Carolina,winter,211,Coastal Carolina,Sun Belt,FBS,25.0,0.0,25.0,https://dxbhsrqyrr690.cloudfront.net/sidearm.nextgen.sites/nacda.com/documents/2026/4/20/25.26DI_WinterOverall_4.23.pdf,3
2025-26,College of Charleston,winter,211,College of Charleston,CAA,DI,25.0,25.0,0.0,https://dxbhsrqyrr690.cloudfront.net/sidearm.nextgen.sites/nacda.com/documents/2026/4/20/25.26DI_WinterOverall_4.23.pdf,3
2025-26,Coppin State,winter,211,Coppin State,MEAC,DI,25.0,0.0,25.0,https://dxbhsrqyrr690.cloudfront.net/sidearm.nextgen.sites/nacda.com/documents/2026/4/20/25.26DI_WinterOverall_4.23.pdf,3
2025-26,Dayton,winter,211,Dayton,Atlantic 10,FCS,25.0,0.0,25.0,https://dxbhsrqyrr690.cloudfront.net/sidearm.nextgen.sites/nacda.com/documents/2026/4/20/25.26DI_WinterOverall_4.23.pdf,3
2025-26,Drake,winter,211,Drake,Missouri Valley,FCS,25.0,0.0,25.0,https://dxbhsrqyrr690.cloudfront.net/sidearm.nextgen.sites/nacda.com/documents/2026/4/20/25.26DI_WinterOverall_4.23.pdf,3
2025-26,Eastern Illinois,winter,211,Eastern Illinois,OVC,FCS,25.0,0.0,25.0,https://dxbhsrqyrr690.cloudfront.net/sidearm.nextgen.sites/nacda.com/documents/2026/4/20/25.26DI_WinterOverall_4.23.pdf,3
2025-26,FAU,winter,211,FAU,American,FBS,25.0,0.0,25.0,https://dxbhsrqyrr690.cloudfront.net/sidearm.nextgen.sites/nacda.com/documents/2026/4/20/25.26DI_WinterOverall_4.23.pdf,3
2025-26,FIU,winter,211,FIU,Conference USA,FBS,25.0,0.0,25.0,https://dxbhsrqyrr690.cloudfront.net/sidearm.nextgen.sites/nacda.com/documents/2026/4/20/25.26DI_WinterOverall_4.23.pdf,3
2025-26,Florida A&M,winter,211,Florida A&M,SWAC,FBS,25.0,0.0,25.0,https://dxbhsrqyrr690.cloudfront.net/sidearm.nextgen.sites/nacda.com/documents/2026/4/20/25.26DI_WinterOverall_4.23.pdf,3
2025-26,Grambling State,winter,211,Grambling State,SWAC,FCS,25.0,0.0,25.0,https://dxbhsrqyrr690.cloudfront.net/sidearm.nextgen.sites/nacda.com/documents/2026/4/20/25.26DI_WinterOverall_4.23.pdf,4
2025-26,Holy Cross,winter,211,Holy Cross,Patriot,FCS,25.0,25.0,0.0,https://dxbhsrqyrr690.cloudfront.net/sidearm.nextgen.sites/nacda.com/documents/2026/4/20/25.26DI_WinterOverall_4.23.pdf,4
2025-26,Houston Christian,winter,211,Houston Christian,Southland,FCS,25.0,0.0,25.0,https://dxbhsrqyrr690.cloudfront.net/sidearm.nextgen.sites/nacda.com/documents/2026/4/20/25.26DI_WinterOverall_4.23.pdf,4
2025-26,Illinois Chicago,winter,211,Illinois Chicago,Missouri Valley,DI,25.0,0.0,25.0,https://dxbhsrqyrr690.cloudfront.net/sidearm.nextgen.sites/nacda.com/documents/2026/4/20/25.26DI_WinterOverall_4.23.pdf,4
2025-26,Jacksonville,winter,211,Jacksonville,ASUN,DI,25.0,25.0,0.0,https://dxbhsrqyrr690.cloudfront.net/sidearm.nextgen.sites/nacda.com/documents/2026/4/20/25.26DI_WinterOverall_4.23.pdf,4
2025-26,Lafayette,winter,211,Lafayette,Patriot,FCS,25.0,0.0,25.0,https://dxbhsrqyrr690.cloudfront.net/sidearm.nextgen.sites/nacda.com/documents/2026/4/20/25.26DI_WinterOverall_4.23.pdf,4
2025-26,Lamar,winter,211,Lamar,Southland,FCS,25.0,0.0,25.0,https://dxbhsrqyrr690.cloudfront.net/sidearm.nextgen.sites/nacda.com/documents/2026/4/20/25.26DI_WinterOverall_4.23.pdf,4
2025-26,Louisiana,winter,211,Louisiana,Sun Belt,FBS,25.0,0.0,25.0,https://dxbhsrqyrr690.cloudfront.net/sidearm.nextgen.sites/nacda.com/documents/2026/4/20/25.26DI_WinterOverall_4.23.pdf,4
2025-26,Maine,winter,211,Maine,America East,FCS,25.0,0.0,25.0,https://dxbhsrqyrr690.cloudfront.net/sidearm.nextgen.sites/nacda.com/documents/2026/4/20/25.26DI_WinterOverall_4.23.pdf,4
2025-26,McNeese State,winter,211,McNeese State,Southland,FCS,25.0,25.0,0.0,https://dxbhsrqyrr690.cloudfront.net/sidearm.nextgen.sites/nacda.com/documents/2026/4/20/25.26DI_WinterOverall_4.23.pdf,4
2025-26,Merrimack,winter,211,Merrimack,MAAC,FCS,25.0,25.0,0.0,https://dxbhsrqyrr690.cloudfront.net/sidearm.nextgen.sites/nacda.com/documents/2026/4/20/25.26DI_WinterOverall_4.23.pdf,4
2025-26,Murray State,winter,211,Murray State,Missouri Valley,FCS,25.0,25.0,0.0,https://dxbhsrqyrr690.cloudfront.net/sidearm.nextgen.sites/nacda.com/documents/2026/4/20/25.26DI_WinterOverall_4.23.pdf,4
2025-26,North Florida,winter,211,North Florida,ASUN,DI,25.0,0.0,25.0,https://dxbhsrqyrr690.cloudfront.net/sidearm.nextgen.sites/nacda.com/documents/2026/4/20/25.26DI_WinterOverall_4.23.pdf,4
2025-26,Pepperdine,winter,211,Pepperdine,WCC,DI,25.0,0.0,25.0,https://dxbhsrqyrr690.cloudfront.net/sidearm.nextgen.sites/nacda.com/documents/2026/4/20/25.26DI_WinterOverall_4.23.pdf,4
2025-26,Queens (N.C.),winter,211,Queens (N.C.),ASUN,DI,25.0,25.0,0.0,https://dxbhsrqyrr690.cloudfront.net/sidearm.nextgen.sites/nacda.com/documents/2026/4/20/25.26DI_WinterOverall_4.23.pdf,4
2025-26,Saint Mary's (CA),winter,211,Saint Mary's (CA),WCC,DI,25.0,25.0,0.0,https://dxbhsrqyrr690.cloudfront.net/sidearm.nextgen.sites/nacda.com/documents/2026/4/20/25.26DI_WinterOverall_4.23.pdf,4
2025-26,San Diego State,winter,211,San Diego State,Mountain West,FBS,25.0,0.0,25.0,https://dxbhsrqyrr690.cloudfront.net/sidearm.nextgen.sites/nacda.com/documents/2026/4/20/25.26DI_WinterOverall_4.23.pdf,4
2025-26,Santa Clara,winter,211,Santa Clara,WCC,DI,25.0,25.0,0.0,https://dxbhsrqyrr690.cloudfront.net/sidearm.nextgen.sites/nacda.com/documents/2026/4/20/25.26DI_WinterOverall_4.23.pdf,4
2025-26,Southeastern Louisiana,winter,211,Southeastern Louisiana,Southland,FCS,25.0,0.0,25.0,https://dxbhsrqyrr690.cloudfront.net/sidearm.nextgen.sites/nacda.com/documents/2026/4/20/25.26DI_WinterOverall_4.23.pdf,4
2025-26,Southern,winter,211,Southern,SWAC,FCS,25.0,25.0,0.0,https://dxbhsrqyrr690.cloudfront.net/sidearm.nextgen.sites/nacda.com/documents/2026/4/20/25.26DI_WinterOverall_4.23.pdf,4
2025-26,Southern Illinois,winter,211,Southern Illinois,Missouri Valley,FCS,25.0,25.0,0.0,https://dxbhsrqyrr690.cloudfront.net/sidearm.nextgen.sites/nacda.com/documents/2026/4/20/25.26DI_WinterOverall_4.23.pdf,4
2025-26,St. Thomas,winter,211,St. Thomas,Summit,FCS,25.0,0.0,25.0,https://dxbhsrqyrr690.cloudfront.net/sidearm.nextgen.sites/nacda.com/documents/2026/4/20/25.26DI_WinterOverall_4.23.pdf,4
2025-26,Tennessee State,winter,211,Tennessee State,OVC,FCS,25.0,25.0,0.0,https://dxbhsrqyrr690.cloudfront.net/sidearm.nextgen.sites/nacda.com/documents/2026/4/20/25.26DI_WinterOverall_4.23.pdf,4
2025-26,UC Irvine,winter,211,UC Irvine,Big West,DI,25.0,0.0,25.0,https://dxbhsrqyrr690.cloudfront.net/sidearm.nextgen.sites/nacda.com/documents/2026/4/20/25.26DI_WinterOverall_4.23.pdf,4
2025-26,UNLV,winter,211,UNLV,Mountain West,FBS,25.0,0.0,25.0,https://dxbhsrqyrr690.cloudfront.net/sidearm.nextgen.sites/nacda.com/documents/2026/4/20/25.26DI_WinterOverall_4.23.pdf,4
2025-26,UTEP,winter,211,UTEP,Conference USA,FBS,25.0,0.0,25.0,https://dxbhsrqyrr690.cloudfront.net/sidearm.nextgen.sites/nacda.com/documents/2026/4/20/25.26DI_WinterOverall_4.23.pdf,4
2025-26,Western Illinois,winter,211,Western Illinois,OVC,FCS,25.0,25.0,0.0,https://dxbhsrqyrr690.cloudfront.net/sidearm.nextgen.sites/nacda.com/documents/2026/4/20/25.26DI_WinterOverall_4.23.pdf,4
2025-26,Wisconsin Green Bay,winter,211,Wisconsin Green Bay,Horizon League,DI,25.0,25.0,0.0,https://dxbhsrqyrr690.cloudfront.net/sidearm.nextgen.sites/nacda.com/documents/2026/4/20/25.26DI_WinterOverall_4.23.pdf,4
2025-26,Wisconsin Milwaukee,winter,211,Wisconsin Milwaukee,Horizon League,DI,25.0,0.0,25.0,https://dxbhsrqyrr690.cloudfront.net/sidearm.nextgen.sites/nacda.com/documents/2026/4/20/25.26DI_WinterOverall_4.23.pdf,4
2025-26,Wofford,winter,211,Wofford,SoCon,FCS,25.0,0.0,25.0,https://dxbhsrqyrr690.cloudfront.net/sidearm.nextgen.sites/nacda.com/documents/2026/4/20/25.26DI_WinterOverall_4.23.pdf,4
2025-26,Binghamton,winter,256,Binghamton,America East,DI,24.0,24.0,0.0,https://dxbhsrqyrr690.cloudfront.net/sidearm.nextgen.sites/nacda.com/documents/2026/4/20/25.26DI_WinterOverall_4.23.pdf,4
2025-26,Citadel,winter,257,Citadel,SoCon,FCS,23.0,23.0,0.0,https://dxbhsrqyrr690.cloudfront.net/sidearm.nextgen.sites/nacda.com/documents/2026/4/20/25.26DI_WinterOverall_4.23.pdf,4
2025-26,Buffalo,winter,258,Buffalo,MAC,FBS,20.0,20.0,0.0,https://dxbhsrqyrr690.cloudfront.net/sidearm.nextgen.sites/nacda.com/documents/2026/4/20/25.26DI_WinterOverall_4.23.pdf,4
2025-26,Gardner-Webb,winter,258,Gardner-Webb,Big South,FCS,20.0,20.0,0.0,https://dxbhsrqyrr690.cloudfront.net/sidearm.nextgen.sites/nacda.com/documents/2026/4/20/25.26DI_WinterOverall_4.23.pdf,4
2025-26,Morgan State,winter,258,Morgan State,MEAC,FCS,20.0,20.0,0.0,https://dxbhsrqyrr690.cloudfront.net/sidearm.nextgen.sites/nacda.com/documents/2026/4/20/25.26DI_WinterOverall_4.23.pdf,4
2025-26,Indiana State,winter,261,Indiana State,Missouri Valley,FCS,17.0,17.0,0.0,https://dxbhsrqyrr690.cloudfront.net/sidearm.nextgen.sites/nacda.com/documents/2026/4/20/25.26DI_WinterOverall_4.23.pdf,4
2025-26,Bellarmine,winter,262,Bellarmine,ASUN,DI,15.0,15.0,0.0,https://dxbhsrqyrr690.cloudfront.net/sidearm.nextgen.sites/nacda.com/documents/2026/4/20/25.26DI_WinterOverall_4.23.pdf,4
2025-26,Kent State,winter,262,Kent State,MAC,FBS,15.0,15.0,0.0,https://dxbhsrqyrr690.cloudfront.net/sidearm.nextgen.sites/nacda.com/documents/2026/4/20/25.26DI_WinterOverall_4.23.pdf,4
2025-26,Tennessee Chattanooga,winter,262,Tennessee Chattanooga,SoCon,FCS,15.0,15.0,0.0,https://dxbhsrqyrr690.cloudfront.net/sidearm.nextgen.sites/nacda.com/documents/2026/4/20/25.26DI_WinterOverall_4.23.pdf,4
2025-26,Richmond,winter,265,Richmond,Atlantic 10,FCS,5.0,5.0,0.0,https://dxbhsrqyrr690.cloudfront.net/sidearm.nextgen.sites/nacda.com/documents/2026/4/20/25.26DI_WinterOverall_4.23.pdf,4
