school_id,season,school,brand,brand_raw,source_url,verified,evidence_summary,verification_basis,evidence_tier,evidence_id,source_type,source_date,archive_url,snapshot_date,in_research_scope,left_anchor_season,right_anchor_season,left_anchor_url,right_anchor_url,inferred,covered,research_status
alabama,2017-18,Alabama,Nike,Nike,https://athleticdirectoru.com/articles/cash-is-king-in-intercollegiate-apparel-agreements/,Y,CRIA researchers table identifies provider in 2017-18 only. No forward-fill. Known erroneous Rutgers entry in compilation not used.,researchers contract compilation snapshot,A,legacy_069,secondary_contract_reporting,,,,True,,,,,False,True,direct_contract_evidence
alabama,2018-19,Alabama,Nike,Nike,https://www.sportsbusinessjournal.com/Articles/2025/08/28/alabama-quietly-extended-nike-deal-a-few-years-ago-terms-kept-private/?issueId=3MXGPV7JIFCSHHS6YCWC3BPPFM,Y,2013 contract through July 2025 and AD-confirmed renewal already in effect August 2025. Exact renewed expiration is undisclosed.,secondary reporting quoting athletic director,A,legacy_086,secondary_contract_reporting,,,,True,,,,,False,True,direct_contract_evidence
alabama,2020-21,Alabama,Nike,Nike,https://www.sportsbusinessjournal.com/Articles/2025/08/28/alabama-quietly-extended-nike-deal-a-few-years-ago-terms-kept-private/?issueId=3MXGPV7JIFCSHHS6YCWC3BPPFM,Y,2013 contract through July 2025 and AD-confirmed renewal already in effect August 2025. Exact renewed expiration is undisclosed.,secondary reporting quoting athletic director,A,legacy_086,secondary_contract_reporting,,,,True,,,,,False,True,direct_contract_evidence
alabama,2021-22,Alabama,Nike,Nike,https://www.sportsbusinessjournal.com/Articles/2025/08/28/alabama-quietly-extended-nike-deal-a-few-years-ago-terms-kept-private/?issueId=3MXGPV7JIFCSHHS6YCWC3BPPFM,Y,2013 contract through July 2025 and AD-confirmed renewal already in effect August 2025. Exact renewed expiration is undisclosed.,secondary reporting quoting athletic director,A,legacy_086,secondary_contract_reporting,,,,True,,,,,False,True,direct_contract_evidence
alabama,2022-23,Alabama,Nike,Nike,https://www.sportsbusinessjournal.com/Articles/2025/08/28/alabama-quietly-extended-nike-deal-a-few-years-ago-terms-kept-private/?issueId=3MXGPV7JIFCSHHS6YCWC3BPPFM,Y,2013 contract through July 2025 and AD-confirmed renewal already in effect August 2025. Exact renewed expiration is undisclosed.,secondary reporting quoting athletic director,A,legacy_086,secondary_contract_reporting,,,,True,,,,,False,True,direct_contract_evidence
alabama,2023-24,Alabama,Nike,Nike,https://www.sportsbusinessjournal.com/Articles/2025/08/28/alabama-quietly-extended-nike-deal-a-few-years-ago-terms-kept-private/?issueId=3MXGPV7JIFCSHHS6YCWC3BPPFM,Y,2013 contract through July 2025 and AD-confirmed renewal already in effect August 2025. Exact renewed expiration is undisclosed.,secondary reporting quoting athletic director,A,legacy_086,secondary_contract_reporting,,,,True,,,,,False,True,direct_contract_evidence
alabama,2024-25,Alabama,Nike,Nike,https://www.sportsbusinessjournal.com/Articles/2025/08/28/alabama-quietly-extended-nike-deal-a-few-years-ago-terms-kept-private/?issueId=3MXGPV7JIFCSHHS6YCWC3BPPFM,Y,2013 contract through July 2025 and AD-confirmed renewal already in effect August 2025. Exact renewed expiration is undisclosed.,secondary reporting quoting athletic director,A,legacy_086,secondary_contract_reporting,,,,True,,,,,False,True,direct_contract_evidence
alabama,2025-26,Alabama,Nike,Nike,https://www.sportsbusinessjournal.com/Articles/2025/08/28/alabama-quietly-extended-nike-deal-a-few-years-ago-terms-kept-private/?issueId=3MXGPV7JIFCSHHS6YCWC3BPPFM,Y,2013 contract through July 2025 and AD-confirmed renewal already in effect August 2025. Exact renewed expiration is undisclosed.,secondary reporting quoting athletic director,A,legacy_086,secondary_contract_reporting,,,,True,,,,,False,True,direct_contract_evidence
arizona,2017-18,Arizona,Nike,Nike,https://arizonawildcats.com/news/2015/8/13/210266319,Y,"Agreement July 2015 through June 30, 2025.",official dated announcement,A,legacy_025,official_announcement,,,,True,,,,,False,True,direct_contract_evidence
arizona,2018-19,Arizona,Nike,Nike,https://arizonawildcats.com/news/2015/8/13/210266319,Y,"Agreement July 2015 through June 30, 2025.",official dated announcement,A,legacy_025,official_announcement,,,,True,,,,,False,True,direct_contract_evidence
arizona,2020-21,Arizona,Nike,Nike,https://arizonawildcats.com/news/2015/8/13/210266319,Y,"Agreement July 2015 through June 30, 2025.",official dated announcement,A,legacy_025,official_announcement,,,,True,,,,,False,True,direct_contract_evidence
arizona,2021-22,Arizona,Nike,Nike,https://arizonawildcats.com/news/2015/8/13/210266319,Y,"Agreement July 2015 through June 30, 2025.",official dated announcement,A,legacy_025,official_announcement,,,,True,,,,,False,True,direct_contract_evidence
arizona,2022-23,Arizona,Nike,Nike,https://arizonawildcats.com/news/2015/8/13/210266319,Y,"Agreement July 2015 through June 30, 2025.",official dated announcement,A,legacy_025,official_announcement,,,,True,,,,,False,True,direct_contract_evidence
arizona,2023-24,Arizona,Nike,Nike,https://arizonawildcats.com/news/2015/8/13/210266319,Y,"Agreement July 2015 through June 30, 2025.",official dated announcement,A,legacy_025,official_announcement,,,,True,,,,,False,True,direct_contract_evidence
arizona,2024-25,Arizona,Nike,Nike,https://arizonawildcats.com/news/2015/8/13/210266319,Y,"Agreement July 2015 through June 30, 2025.",official dated announcement,A,legacy_025,official_announcement,,,,True,,,,,False,True,direct_contract_evidence
arizona,2025-26,Arizona,Nike,Nike,https://arizonawildcats.com/news/2025/3/3/general-wildcats-ink-landmark-contract-renewal-with-nike,Y,"Renewal July 1, 2025 through June 30, 2033.",official dated announcement,A,legacy_026,official_announcement,,,,True,,,,,False,True,direct_contract_evidence
arizona_state,2017-18,Arizona State,adidas,adidas,https://thesundevils.com/news/2014/12/16/sun-devil-athletics-adidas-announce-8-year-partnership,Y,Eight-year university partnership through June 2023. Renewal not yet verified.,official announcement; study-window coverage only,A,legacy_011,official_announcement,,,,True,,,,,False,True,direct_contract_evidence
arizona_state,2018-19,Arizona State,adidas,adidas,https://thesundevils.com/news/2014/12/16/sun-devil-athletics-adidas-announce-8-year-partnership,Y,Eight-year university partnership through June 2023. Renewal not yet verified.,official announcement; study-window coverage only,A,legacy_011,official_announcement,,,,True,,,,,False,True,direct_contract_evidence
arizona_state,2020-21,Arizona State,adidas,adidas,https://thesundevils.com/news/2014/12/16/sun-devil-athletics-adidas-announce-8-year-partnership,Y,Eight-year university partnership through June 2023. Renewal not yet verified.,official announcement; study-window coverage only,A,legacy_011,official_announcement,,,,True,,,,,False,True,direct_contract_evidence
arizona_state,2021-22,Arizona State,adidas,adidas,https://thesundevils.com/news/2014/12/16/sun-devil-athletics-adidas-announce-8-year-partnership,Y,Eight-year university partnership through June 2023. Renewal not yet verified.,official announcement; study-window coverage only,A,legacy_011,official_announcement,,,,True,,,,,False,True,direct_contract_evidence
arizona_state,2022-23,Arizona State,adidas,adidas,https://thesundevils.com/news/2014/12/16/sun-devil-athletics-adidas-announce-8-year-partnership,Y,Eight-year university partnership through June 2023. Renewal not yet verified.,official announcement; study-window coverage only,A,legacy_011,official_announcement,,,,True,,,,,False,True,direct_contract_evidence
arizona_state,2023-24,Arizona State,adidas,adidas,https://thesundevils.com/news/2014/12/16/sun-devil-athletics-adidas-announce-8-year-partnership,N,Inferred between 2022-23 (A) and 2025-26 (B); same provider and no known intervening transition in reviewed evidence.,"continuity inference; endpoints only, not direct seasonal observation",C,,inferred_from_two_sources,,,,True,2022-23,2025-26,https://thesundevils.com/news/2014/12/16/sun-devil-athletics-adidas-announce-8-year-partnership,https://web.archive.org/web/20251119100055/http://thesundevils.com/,True,True,inferred_continuity
arizona_state,2024-25,Arizona State,adidas,adidas,https://thesundevils.com/news/2014/12/16/sun-devil-athletics-adidas-announce-8-year-partnership,N,Inferred between 2022-23 (A) and 2025-26 (B); same provider and no known intervening transition in reviewed evidence.,"continuity inference; endpoints only, not direct seasonal observation",C,,inferred_from_two_sources,,,,True,2022-23,2025-26,https://thesundevils.com/news/2014/12/16/sun-devil-athletics-adidas-announce-8-year-partnership,https://web.archive.org/web/20251119100055/http://thesundevils.com/,True,True,inferred_continuity
arizona_state,2025-26,Arizona State,adidas,adidas,https://web.archive.org/web/20251119100055/http://thesundevils.com/,Y,Archived official athletics site displays brand in department footer or sponsor section. Archived Snapshot reviewed during research; follow the archive URL to inspect the original.,dated official evidence,B,tier_107,wayback_official_site,2025-11-19,https://web.archive.org/web/20251119100055/http://thesundevils.com/,2025-11-19,True,,,,,False,True,dated_official_use
arkansas,2017-18,Arkansas,Nike,Nike,https://web.archive.org/web/20171001190209/http://www.arkansasrazorbacks.com/,Y,Archived official athletics site displays brand in department footer or sponsor section. Archived Snapshot reviewed during research; follow the archive URL to inspect the original.,dated official evidence,B,tier_112,wayback_official_site,2017-10-01,https://web.archive.org/web/20171001190209/http://www.arkansasrazorbacks.com/,2017-10-01,True,,,,,False,True,dated_official_use
arkansas,2018-19,Arkansas,Nike,Nike,https://web.archive.org/web/20171001190209/http://www.arkansasrazorbacks.com/,N,Inferred between 2017-18 (B) and 2025-26 (B); same provider and no known intervening transition in reviewed evidence.,"continuity inference; endpoints only, not direct seasonal observation",C,,inferred_from_two_sources,,,,True,2017-18,2025-26,https://web.archive.org/web/20171001190209/http://www.arkansasrazorbacks.com/,https://arkansasrazorbacks.com/arkansas-to-celebrate-norm-debriyn-night-on-march-27-at-baum-walker-stadium/,True,True,inferred_continuity
arkansas,2020-21,Arkansas,Nike,Nike,https://web.archive.org/web/20171001190209/http://www.arkansasrazorbacks.com/,N,Inferred between 2017-18 (B) and 2025-26 (B); same provider and no known intervening transition in reviewed evidence.,"continuity inference; endpoints only, not direct seasonal observation",C,,inferred_from_two_sources,,,,True,2017-18,2025-26,https://web.archive.org/web/20171001190209/http://www.arkansasrazorbacks.com/,https://arkansasrazorbacks.com/arkansas-to-celebrate-norm-debriyn-night-on-march-27-at-baum-walker-stadium/,True,True,inferred_continuity
arkansas,2021-22,Arkansas,Nike,Nike,https://web.archive.org/web/20171001190209/http://www.arkansasrazorbacks.com/,N,Inferred between 2017-18 (B) and 2025-26 (B); same provider and no known intervening transition in reviewed evidence.,"continuity inference; endpoints only, not direct seasonal observation",C,,inferred_from_two_sources,,,,True,2017-18,2025-26,https://web.archive.org/web/20171001190209/http://www.arkansasrazorbacks.com/,https://arkansasrazorbacks.com/arkansas-to-celebrate-norm-debriyn-night-on-march-27-at-baum-walker-stadium/,True,True,inferred_continuity
arkansas,2022-23,Arkansas,Nike,Nike,https://web.archive.org/web/20171001190209/http://www.arkansasrazorbacks.com/,N,Inferred between 2017-18 (B) and 2025-26 (B); same provider and no known intervening transition in reviewed evidence.,"continuity inference; endpoints only, not direct seasonal observation",C,,inferred_from_two_sources,,,,True,2017-18,2025-26,https://web.archive.org/web/20171001190209/http://www.arkansasrazorbacks.com/,https://arkansasrazorbacks.com/arkansas-to-celebrate-norm-debriyn-night-on-march-27-at-baum-walker-stadium/,True,True,inferred_continuity
arkansas,2023-24,Arkansas,Nike,Nike,https://web.archive.org/web/20171001190209/http://www.arkansasrazorbacks.com/,N,Inferred between 2017-18 (B) and 2025-26 (B); same provider and no known intervening transition in reviewed evidence.,"continuity inference; endpoints only, not direct seasonal observation",C,,inferred_from_two_sources,,,,True,2017-18,2025-26,https://web.archive.org/web/20171001190209/http://www.arkansasrazorbacks.com/,https://arkansasrazorbacks.com/arkansas-to-celebrate-norm-debriyn-night-on-march-27-at-baum-walker-stadium/,True,True,inferred_continuity
arkansas,2024-25,Arkansas,Nike,Nike,https://web.archive.org/web/20171001190209/http://www.arkansasrazorbacks.com/,N,Inferred between 2017-18 (B) and 2025-26 (B); same provider and no known intervening transition in reviewed evidence.,"continuity inference; endpoints only, not direct seasonal observation",C,,inferred_from_two_sources,,,,True,2017-18,2025-26,https://web.archive.org/web/20171001190209/http://www.arkansasrazorbacks.com/,https://arkansasrazorbacks.com/arkansas-to-celebrate-norm-debriyn-night-on-march-27-at-baum-walker-stadium/,True,True,inferred_continuity
arkansas,2025-26,Arkansas,Nike,Nike,https://arkansasrazorbacks.com/arkansas-to-celebrate-norm-debriyn-night-on-march-27-at-baum-walker-stadium/,Y,Dated official release confirms on-field Nike uniforms for March 2026; supports known department provider.,dated official evidence,B,tier_115,official_dated_use,2026-02-03,,,True,,,,,False,True,dated_official_use
auburn,2017-18,Auburn,Under Armour,Under Armour,https://auburntigers.com/news/2025/07/24/such-an-iconic-mark-how-auburn-equipment-managed-the-switch-to-nike,Y,"Retrospective confirms 19 years with Under Armour before July 1, 2025 switch.",official announcement; study-window coverage only,A,legacy_000,official_announcement,,,,True,,,,,False,True,direct_contract_evidence
auburn,2018-19,Auburn,Under Armour,Under Armour,https://auburntigers.com/news/2025/07/24/such-an-iconic-mark-how-auburn-equipment-managed-the-switch-to-nike,Y,"Retrospective confirms 19 years with Under Armour before July 1, 2025 switch.",official announcement; study-window coverage only,A,legacy_000,official_announcement,,,,True,,,,,False,True,direct_contract_evidence
auburn,2020-21,Auburn,Under Armour,Under Armour,https://auburntigers.com/news/2025/07/24/such-an-iconic-mark-how-auburn-equipment-managed-the-switch-to-nike,Y,"Retrospective confirms 19 years with Under Armour before July 1, 2025 switch.",official announcement; study-window coverage only,A,legacy_000,official_announcement,,,,True,,,,,False,True,direct_contract_evidence
auburn,2021-22,Auburn,Under Armour,Under Armour,https://auburntigers.com/news/2025/07/24/such-an-iconic-mark-how-auburn-equipment-managed-the-switch-to-nike,Y,"Retrospective confirms 19 years with Under Armour before July 1, 2025 switch.",official announcement; study-window coverage only,A,legacy_000,official_announcement,,,,True,,,,,False,True,direct_contract_evidence
auburn,2022-23,Auburn,Under Armour,Under Armour,https://auburntigers.com/news/2025/07/24/such-an-iconic-mark-how-auburn-equipment-managed-the-switch-to-nike,Y,"Retrospective confirms 19 years with Under Armour before July 1, 2025 switch.",official announcement; study-window coverage only,A,legacy_000,official_announcement,,,,True,,,,,False,True,direct_contract_evidence
auburn,2023-24,Auburn,Under Armour,Under Armour,https://auburntigers.com/news/2025/07/24/such-an-iconic-mark-how-auburn-equipment-managed-the-switch-to-nike,Y,"Retrospective confirms 19 years with Under Armour before July 1, 2025 switch.",official announcement; study-window coverage only,A,legacy_000,official_announcement,,,,True,,,,,False,True,direct_contract_evidence
auburn,2024-25,Auburn,Under Armour,Under Armour,https://auburntigers.com/news/2025/07/24/such-an-iconic-mark-how-auburn-equipment-managed-the-switch-to-nike,Y,"Retrospective confirms 19 years with Under Armour before July 1, 2025 switch.",official announcement; study-window coverage only,A,legacy_000,official_announcement,,,,True,,,,,False,True,direct_contract_evidence
auburn,2025-26,Auburn,Nike,Nike,https://auburntigers.com/news/2025/07/1/auburn-athletics-begins-nike-era,Y,"Nike era begins July 1, 2025.",official announcement; study-window coverage only,A,legacy_001,official_announcement,,,,True,,,,,False,True,direct_contract_evidence
byu,2017-18,BYU,Nike,Nike,https://byucougars.com/news/2019/03/08/byu-announces-new-nike-partnership,Y,2019 renewal through 2025-26; official retrospective explicitly states all-Nike school since 2009.,official dated announcement,A,legacy_027,official_announcement,,,,True,,,,,False,True,direct_contract_evidence
byu,2018-19,BYU,Nike,Nike,https://byucougars.com/news/2019/03/08/byu-announces-new-nike-partnership,Y,2019 renewal through 2025-26; official retrospective explicitly states all-Nike school since 2009.,official dated announcement,A,legacy_027,official_announcement,,,,True,,,,,False,True,direct_contract_evidence
byu,2020-21,BYU,Nike,Nike,https://byucougars.com/news/2019/03/08/byu-announces-new-nike-partnership,Y,2019 renewal through 2025-26; official retrospective explicitly states all-Nike school since 2009.,official dated announcement,A,legacy_027,official_announcement,,,,True,,,,,False,True,direct_contract_evidence
byu,2021-22,BYU,Nike,Nike,https://byucougars.com/news/2019/03/08/byu-announces-new-nike-partnership,Y,2019 renewal through 2025-26; official retrospective explicitly states all-Nike school since 2009.,official dated announcement,A,legacy_027,official_announcement,,,,True,,,,,False,True,direct_contract_evidence
byu,2022-23,BYU,Nike,Nike,https://byucougars.com/news/2019/03/08/byu-announces-new-nike-partnership,Y,2019 renewal through 2025-26; official retrospective explicitly states all-Nike school since 2009.,official dated announcement,A,legacy_027,official_announcement,,,,True,,,,,False,True,direct_contract_evidence
byu,2023-24,BYU,Nike,Nike,https://byucougars.com/news/2019/03/08/byu-announces-new-nike-partnership,Y,2019 renewal through 2025-26; official retrospective explicitly states all-Nike school since 2009.,official dated announcement,A,legacy_027,official_announcement,,,,True,,,,,False,True,direct_contract_evidence
byu,2024-25,BYU,Nike,Nike,https://byucougars.com/news/2019/03/08/byu-announces-new-nike-partnership,Y,2019 renewal through 2025-26; official retrospective explicitly states all-Nike school since 2009.,official dated announcement,A,legacy_027,official_announcement,,,,True,,,,,False,True,direct_contract_evidence
byu,2025-26,BYU,Nike,Nike,https://byucougars.com/news/2019/03/08/byu-announces-new-nike-partnership,Y,2019 renewal through 2025-26; official retrospective explicitly states all-Nike school since 2009.,official dated announcement,A,legacy_027,official_announcement,,,,True,,,,,False,True,direct_contract_evidence
baylor,2017-18,Baylor,Nike,Nike,https://www2.kusports.com/weblogs/tale-tait/2017/sep/28/kus-deal-with-adidas-is-companys-second/,Y,2017 sponsor snapshot; source explicitly says contract years unavailable.,newspaper snapshot,A,legacy_090,secondary_contract_reporting,,,,True,,,,,False,True,direct_contract_evidence
baylor,2018-19,Baylor,Nike,Nike,https://baylorbears.com/news/2019/4/15/baylor-athletics-unveils-united-a-unified-visual-identity-in-partnership-with-nike,Y,Official department-wide Nike identity release.,dated official evidence,B,tier_116,official_dated_use,2019-04-14,,,True,,,,,False,True,dated_official_use
baylor,2020-21,Baylor,Nike,Nike,https://baylorbears.com/news/2019/4/15/baylor-athletics-unveils-united-a-unified-visual-identity-in-partnership-with-nike,N,Inferred between 2018-19 (B) and 2021-22 (B); same provider and no known intervening transition in reviewed evidence.,"continuity inference; endpoints only, not direct seasonal observation",C,,inferred_from_two_sources,,,,True,2018-19,2021-22,https://baylorbears.com/news/2019/4/15/baylor-athletics-unveils-united-a-unified-visual-identity-in-partnership-with-nike,https://baylorbears.com/documents/download/2022/5/2/BU_BSB_Game_Notes_2022_45_Tarleton.pdf,True,True,inferred_continuity
baylor,2021-22,Baylor,Nike,Nike,https://baylorbears.com/documents/download/2022/5/2/BU_BSB_Game_Notes_2022_45_Tarleton.pdf,Y,Official 2022 game notes identify current Nike uniforms after department-wide 2019 redesign.,dated official evidence,B,tier_117,official_game_notes,2022-05-02,,,True,,,,,False,True,dated_official_use
baylor,2022-23,Baylor,Nike,Nike,https://baylorbears.com/documents/download/2022/5/2/BU_BSB_Game_Notes_2022_45_Tarleton.pdf,N,Inferred between 2021-22 (B) and 2025-26 (B); same provider and no known intervening transition in reviewed evidence.,"continuity inference; endpoints only, not direct seasonal observation",C,,inferred_from_two_sources,,,,True,2021-22,2025-26,https://baylorbears.com/documents/download/2022/5/2/BU_BSB_Game_Notes_2022_45_Tarleton.pdf,https://baylorbears.com/documents/download/2025/12/12/BU_WBB_Notes_12_Texas.pdf,True,True,inferred_continuity
baylor,2023-24,Baylor,Nike,Nike,https://baylorbears.com/documents/download/2022/5/2/BU_BSB_Game_Notes_2022_45_Tarleton.pdf,N,Inferred between 2021-22 (B) and 2025-26 (B); same provider and no known intervening transition in reviewed evidence.,"continuity inference; endpoints only, not direct seasonal observation",C,,inferred_from_two_sources,,,,True,2021-22,2025-26,https://baylorbears.com/documents/download/2022/5/2/BU_BSB_Game_Notes_2022_45_Tarleton.pdf,https://baylorbears.com/documents/download/2025/12/12/BU_WBB_Notes_12_Texas.pdf,True,True,inferred_continuity
baylor,2024-25,Baylor,Nike,Nike,https://baylorbears.com/documents/download/2022/5/2/BU_BSB_Game_Notes_2022_45_Tarleton.pdf,N,Inferred between 2021-22 (B) and 2025-26 (B); same provider and no known intervening transition in reviewed evidence.,"continuity inference; endpoints only, not direct seasonal observation",C,,inferred_from_two_sources,,,,True,2021-22,2025-26,https://baylorbears.com/documents/download/2022/5/2/BU_BSB_Game_Notes_2022_45_Tarleton.pdf,https://baylorbears.com/documents/download/2025/12/12/BU_WBB_Notes_12_Texas.pdf,True,True,inferred_continuity
baylor,2025-26,Baylor,Nike,Nike,https://baylorbears.com/documents/download/2025/12/12/BU_WBB_Notes_12_Texas.pdf,Y,Official 2025-26 notes show current Nike uniforms and wear records; department Nike identity independently documented.,dated official evidence,B,tier_118,official_game_notes,2025-12-12,,,True,,,,,False,True,dated_official_use
boston_college,2017-18,Boston College,Under Armour,Under Armour,https://bceagles.com/news/2015/3/12/Under_Armour_BC_Extend_Long_Term_Partnership,Y,2015 ten-year extension subsequently ended early; New Balance begins June 2021. Transitional 2020-21 is not assigned a single brand.,official dated announcement,A,legacy_048,official_announcement,,,,True,,,,,False,True,direct_contract_evidence
boston_college,2018-19,Boston College,Under Armour,Under Armour,https://bceagles.com/news/2015/3/12/Under_Armour_BC_Extend_Long_Term_Partnership,Y,2015 ten-year extension subsequently ended early; New Balance begins June 2021. Transitional 2020-21 is not assigned a single brand.,official dated announcement,A,legacy_048,official_announcement,,,,True,,,,,False,True,direct_contract_evidence
boston_college,2020-21,Boston College,Under Armour,Under Armour,https://bceagles.com/news/2021/4/13/boston-college-athletics-announces-10-year-agreement-with-new-balance,Y,"Majority-of-competition assignment: Under Armour through May 31, 2021; New Balance begins June 1 after fall, winter and most spring competition. Football initially excepted.",official announcement,A,tier_119,official_transition_announcement,2021-04-13,,,True,,,,,False,True,direct_contract_evidence
boston_college,2021-22,Boston College,other,New Balance,https://bceagles.com/news/2021/4/13/boston-college-athletics-announces-10-year-agreement-with-new-balance,Y,"Ten-year agreement begins June 1, 2021 for 30 of 31 teams; football excluded. First full academic season coded 2021-22; transitional 2020-21 remains unknown. Mixed department: primary provider only.",official announcement; study-window coverage only,A,legacy_022,official_announcement,,,,True,,,,,False,True,direct_contract_evidence
boston_college,2022-23,Boston College,other,New Balance,https://bceagles.com/news/2021/4/13/boston-college-athletics-announces-10-year-agreement-with-new-balance,Y,"Ten-year agreement begins June 1, 2021 for 30 of 31 teams; football excluded. First full academic season coded 2021-22; transitional 2020-21 remains unknown. Mixed department: primary provider only.",official announcement; study-window coverage only,A,legacy_022,official_announcement,,,,True,,,,,False,True,direct_contract_evidence
boston_college,2023-24,Boston College,other,New Balance,https://bceagles.com/news/2021/4/13/boston-college-athletics-announces-10-year-agreement-with-new-balance,Y,"Ten-year agreement begins June 1, 2021 for 30 of 31 teams; football excluded. First full academic season coded 2021-22; transitional 2020-21 remains unknown. Mixed department: primary provider only.",official announcement; study-window coverage only,A,legacy_022,official_announcement,,,,True,,,,,False,True,direct_contract_evidence
boston_college,2024-25,Boston College,other,New Balance,https://bceagles.com/news/2021/4/13/boston-college-athletics-announces-10-year-agreement-with-new-balance,Y,"Ten-year agreement begins June 1, 2021 for 30 of 31 teams; football excluded. First full academic season coded 2021-22; transitional 2020-21 remains unknown. Mixed department: primary provider only.",official announcement; study-window coverage only,A,legacy_022,official_announcement,,,,True,,,,,False,True,direct_contract_evidence
boston_college,2025-26,Boston College,other,New Balance,https://bceagles.com/news/2025/6/2/football-new-balance-and-boston-college-expand-their-historic-sponsorship,Y,Football joins New Balance department arrangement beginning 2025 season.,official announcement; study-window coverage only,A,legacy_023,official_announcement,,,,True,,,,,False,True,direct_contract_evidence
california,2017-18,California,Under Armour,Under Armour,https://calbears.com/news/2017/5/31/athletics-news-cal-under-armour-launch-partnership.aspx,Y,Ten-year arrangement launches June 2017; later termination means original scheduled end cannot be used.,official dated announcement,A,legacy_049,official_announcement,,,,True,,,,,False,True,direct_contract_evidence
california,2018-19,California,Under Armour,Under Armour,https://calbears.com/news/2017/5/31/athletics-news-cal-under-armour-launch-partnership.aspx,Y,Ten-year arrangement launches June 2017; later termination means original scheduled end cannot be used.,official dated announcement,A,legacy_049,official_announcement,,,,True,,,,,False,True,direct_contract_evidence
california,2020-21,California,Under Armour,Under Armour,https://writeforcalifornia.com/p/cal-under-armour-nike-deal,Y,"July 1, 2023 actual transition from Under Armour to Nike. Legal/financial termination and physical outfitting transition are distinct.",specialist publication transition report,A,legacy_084,secondary_contract_reporting,,,,True,,,,,False,True,direct_contract_evidence
california,2021-22,California,Under Armour,Under Armour,https://writeforcalifornia.com/p/cal-under-armour-nike-deal,Y,"July 1, 2023 actual transition from Under Armour to Nike. Legal/financial termination and physical outfitting transition are distinct.",specialist publication transition report,A,legacy_084,secondary_contract_reporting,,,,True,,,,,False,True,direct_contract_evidence
california,2022-23,California,Under Armour,Under Armour,https://writeforcalifornia.com/p/cal-under-armour-nike-deal,Y,"July 1, 2023 actual transition from Under Armour to Nike. Legal/financial termination and physical outfitting transition are distinct.",specialist publication transition report,A,legacy_084,secondary_contract_reporting,,,,True,,,,,False,True,direct_contract_evidence
california,2023-24,California,Nike,Nike,https://calbears.com/news/2023/1/11/athletics-news-cal-athletics-enters-into-new-partnership-with-nike,Y,"Three-year BSN/Nike agreement for all 30 programs begins July 1, 2023.",official announcement; study-window coverage only,A,legacy_004,official_announcement,,,,True,,,,,False,True,direct_contract_evidence
california,2024-25,California,Nike,Nike,https://calbears.com/news/2023/1/11/athletics-news-cal-athletics-enters-into-new-partnership-with-nike,Y,"Three-year BSN/Nike agreement for all 30 programs begins July 1, 2023.",official announcement; study-window coverage only,A,legacy_004,official_announcement,,,,True,,,,,False,True,direct_contract_evidence
california,2025-26,California,Nike,Nike,https://calbears.com/news/2023/1/11/athletics-news-cal-athletics-enters-into-new-partnership-with-nike,Y,"Three-year BSN/Nike agreement for all 30 programs begins July 1, 2023.",official announcement; study-window coverage only,A,legacy_004,official_announcement,,,,True,,,,,False,True,direct_contract_evidence
cincinnati,2017-18,Cincinnati,Under Armour,Under Armour,https://www.si.com/college/cincinnati/news/uc-officially-announces-nike-jordan-brand-deal-with-bsn-sports,Y,"May 2023 report: apparel switches from Under Armour after nearly ten years. Financial agreement terminated early in 2020; this codes outfitter, not cash payments.",contemporary reporting and retrospective,A,legacy_083,secondary_contract_reporting,,,,True,,,,,False,True,direct_contract_evidence
cincinnati,2018-19,Cincinnati,Under Armour,Under Armour,https://www.si.com/college/cincinnati/news/uc-officially-announces-nike-jordan-brand-deal-with-bsn-sports,Y,"May 2023 report: apparel switches from Under Armour after nearly ten years. Financial agreement terminated early in 2020; this codes outfitter, not cash payments.",contemporary reporting and retrospective,A,legacy_083,secondary_contract_reporting,,,,True,,,,,False,True,direct_contract_evidence
cincinnati,2020-21,Cincinnati,Under Armour,Under Armour,https://www.si.com/college/cincinnati/news/uc-officially-announces-nike-jordan-brand-deal-with-bsn-sports,Y,"May 2023 report: apparel switches from Under Armour after nearly ten years. Financial agreement terminated early in 2020; this codes outfitter, not cash payments.",contemporary reporting and retrospective,A,legacy_083,secondary_contract_reporting,,,,True,,,,,False,True,direct_contract_evidence
cincinnati,2021-22,Cincinnati,Under Armour,Under Armour,https://www.si.com/college/cincinnati/news/uc-officially-announces-nike-jordan-brand-deal-with-bsn-sports,Y,"May 2023 report: apparel switches from Under Armour after nearly ten years. Financial agreement terminated early in 2020; this codes outfitter, not cash payments.",contemporary reporting and retrospective,A,legacy_083,secondary_contract_reporting,,,,True,,,,,False,True,direct_contract_evidence
cincinnati,2022-23,Cincinnati,Under Armour,Under Armour,https://www.si.com/college/cincinnati/news/uc-officially-announces-nike-jordan-brand-deal-with-bsn-sports,Y,"May 2023 report: apparel switches from Under Armour after nearly ten years. Financial agreement terminated early in 2020; this codes outfitter, not cash payments.",contemporary reporting and retrospective,A,legacy_083,secondary_contract_reporting,,,,True,,,,,False,True,direct_contract_evidence
cincinnati,2023-24,Cincinnati,Nike,Nike,https://gobearcats.com/news/2023/12/11/cincinnati-athletics-announces-agreement-with-nike-inc-through-2029,Y,Nike/Jordan via BSN from 2023; direct Nike agreement from 2025 through 2029. Mixed Nike/Jordan footprint; grouped Nike.,official announcement; study-window coverage only,A,legacy_003,official_announcement,,,,True,,,,,False,True,direct_contract_evidence
cincinnati,2024-25,Cincinnati,Nike,Nike,https://gobearcats.com/news/2023/12/11/cincinnati-athletics-announces-agreement-with-nike-inc-through-2029,Y,Nike/Jordan via BSN from 2023; direct Nike agreement from 2025 through 2029. Mixed Nike/Jordan footprint; grouped Nike.,official announcement; study-window coverage only,A,legacy_003,official_announcement,,,,True,,,,,False,True,direct_contract_evidence
cincinnati,2025-26,Cincinnati,Nike,Nike,https://gobearcats.com/news/2023/12/11/cincinnati-athletics-announces-agreement-with-nike-inc-through-2029,Y,Nike/Jordan via BSN from 2023; direct Nike agreement from 2025 through 2029. Mixed Nike/Jordan footprint; grouped Nike.,official announcement; study-window coverage only,A,legacy_003,official_announcement,,,,True,,,,,False,True,direct_contract_evidence
clemson,2017-18,Clemson,Nike,Nike,https://athleticdirectoru.com/articles/cash-is-king-in-intercollegiate-apparel-agreements/,Y,CRIA researchers table identifies provider in 2017-18 only. No forward-fill. Known erroneous Rutgers entry in compilation not used.,researchers contract compilation snapshot,A,legacy_070,secondary_contract_reporting,,,,True,,,,,False,True,direct_contract_evidence
clemson,2018-19,Clemson,Nike,Nike,https://clemsontigers.com/news/2018/08/03/clemson-nike-agree-to-10-year-partnership-extension,Y,Ten-year all-sport extension through 2027-28.,official dated announcement,A,legacy_028,official_announcement,,,,True,,,,,False,True,direct_contract_evidence
clemson,2020-21,Clemson,Nike,Nike,https://clemsontigers.com/news/2018/08/03/clemson-nike-agree-to-10-year-partnership-extension,Y,Ten-year all-sport extension through 2027-28.,official dated announcement,A,legacy_028,official_announcement,,,,True,,,,,False,True,direct_contract_evidence
clemson,2021-22,Clemson,Nike,Nike,https://clemsontigers.com/news/2018/08/03/clemson-nike-agree-to-10-year-partnership-extension,Y,Ten-year all-sport extension through 2027-28.,official dated announcement,A,legacy_028,official_announcement,,,,True,,,,,False,True,direct_contract_evidence
clemson,2022-23,Clemson,Nike,Nike,https://clemsontigers.com/news/2018/08/03/clemson-nike-agree-to-10-year-partnership-extension,Y,Ten-year all-sport extension through 2027-28.,official dated announcement,A,legacy_028,official_announcement,,,,True,,,,,False,True,direct_contract_evidence
clemson,2023-24,Clemson,Nike,Nike,https://clemsontigers.com/news/2018/08/03/clemson-nike-agree-to-10-year-partnership-extension,Y,Ten-year all-sport extension through 2027-28.,official dated announcement,A,legacy_028,official_announcement,,,,True,,,,,False,True,direct_contract_evidence
clemson,2024-25,Clemson,Nike,Nike,https://clemsontigers.com/news/2018/08/03/clemson-nike-agree-to-10-year-partnership-extension,Y,Ten-year all-sport extension through 2027-28.,official dated announcement,A,legacy_028,official_announcement,,,,True,,,,,False,True,direct_contract_evidence
clemson,2025-26,Clemson,Nike,Nike,https://clemsontigers.com/news/2018/08/03/clemson-nike-agree-to-10-year-partnership-extension,Y,Ten-year all-sport extension through 2027-28.,official dated announcement,A,legacy_028,official_announcement,,,,True,,,,,False,True,direct_contract_evidence
colorado,2017-18,Colorado,Nike,Nike,https://athleticdirectoru.com/articles/cash-is-king-in-intercollegiate-apparel-agreements/,Y,CRIA researchers table identifies provider in 2017-18 only. No forward-fill. Known erroneous Rutgers entry in compilation not used.,researchers contract compilation snapshot,A,legacy_071,secondary_contract_reporting,,,,True,,,,,False,True,direct_contract_evidence
colorado,2018-19,Colorado,Nike,Nike,https://football.hkm.com/wp-content/uploads/2020/08/2020_02-28_DORRELL_Karl_Employment_Agreement_FINAL_FOR_REGENT_APPROVAL-FULLY-EXECUTED.pdf,Y,"Executed employment contract identifies university Nike sponsorship term July 1, 2001 through June 30, 2025.",executed university contract cross-reference,A,legacy_087,contract,,,,True,,,,,False,True,direct_contract_evidence
colorado,2020-21,Colorado,Nike,Nike,https://football.hkm.com/wp-content/uploads/2020/08/2020_02-28_DORRELL_Karl_Employment_Agreement_FINAL_FOR_REGENT_APPROVAL-FULLY-EXECUTED.pdf,Y,"Executed employment contract identifies university Nike sponsorship term July 1, 2001 through June 30, 2025.",executed university contract cross-reference,A,legacy_087,contract,,,,True,,,,,False,True,direct_contract_evidence
colorado,2021-22,Colorado,Nike,Nike,https://football.hkm.com/wp-content/uploads/2020/08/2020_02-28_DORRELL_Karl_Employment_Agreement_FINAL_FOR_REGENT_APPROVAL-FULLY-EXECUTED.pdf,Y,"Executed employment contract identifies university Nike sponsorship term July 1, 2001 through June 30, 2025.",executed university contract cross-reference,A,legacy_087,contract,,,,True,,,,,False,True,direct_contract_evidence
colorado,2022-23,Colorado,Nike,Nike,https://football.hkm.com/wp-content/uploads/2020/08/2020_02-28_DORRELL_Karl_Employment_Agreement_FINAL_FOR_REGENT_APPROVAL-FULLY-EXECUTED.pdf,Y,"Executed employment contract identifies university Nike sponsorship term July 1, 2001 through June 30, 2025.",executed university contract cross-reference,A,legacy_087,contract,,,,True,,,,,False,True,direct_contract_evidence
colorado,2023-24,Colorado,Nike,Nike,https://football.hkm.com/wp-content/uploads/2020/08/2020_02-28_DORRELL_Karl_Employment_Agreement_FINAL_FOR_REGENT_APPROVAL-FULLY-EXECUTED.pdf,Y,"Executed employment contract identifies university Nike sponsorship term July 1, 2001 through June 30, 2025.",executed university contract cross-reference,A,legacy_087,contract,,,,True,,,,,False,True,direct_contract_evidence
colorado,2024-25,Colorado,Nike,Nike,https://football.hkm.com/wp-content/uploads/2020/08/2020_02-28_DORRELL_Karl_Employment_Agreement_FINAL_FOR_REGENT_APPROVAL-FULLY-EXECUTED.pdf,Y,"Executed employment contract identifies university Nike sponsorship term July 1, 2001 through June 30, 2025.",executed university contract cross-reference,A,legacy_087,contract,,,,True,,,,,False,True,direct_contract_evidence
cornell,2025-26,Cornell,Nike,Nike,https://web.archive.org/web/20251116000010/https://cornellbigred.com/,Y,Nike identified in archived official athletics footer partner/sponsor section; Snapshot reviewed during research; follow the archive URL to inspect the original.,dated official evidence,B,tier_120,wayback_official_site,2025-11-16,https://web.archive.org/web/20251116000010/https://cornellbigred.com/,2025-11-16,True,,,,,False,True,dated_official_use
denver,2020-21,Denver,other,New Balance,https://denverpioneers.com/news/2021/3/3/athletics-university-of-denver-joins-with-new-balance-and-bsn-sports,Y,"Announcement confirms agreement commenced July 1, 2020. Unspecified multi-year end not extrapolated.",official dated announcement,A,legacy_045,official_announcement,,,,True,,,,,False,True,direct_contract_evidence
denver,2025-26,Denver,Under Armour,Under Armour,https://denverpioneers.com/news/2025/6/3/athletics-denver-and-under-armour-begin-new-official-athletic-apparel-partnership,Y,June 2025 new multi-year department arrangement; first full academic season coded 2025-26. Transition season needs review.,official dated announcement,A,legacy_046,official_announcement,,,,True,,,,,False,True,direct_contract_evidence
duke,2017-18,Duke,Nike,Nike,https://goduke.com/news/2015/10/15/210424501,Y,2015 twelve-year renewal covers all 27 teams through 2027.,official dated announcement,A,legacy_029,official_announcement,,,,True,,,,,False,True,direct_contract_evidence
duke,2018-19,Duke,Nike,Nike,https://goduke.com/news/2015/10/15/210424501,Y,2015 twelve-year renewal covers all 27 teams through 2027.,official dated announcement,A,legacy_029,official_announcement,,,,True,,,,,False,True,direct_contract_evidence
duke,2020-21,Duke,Nike,Nike,https://goduke.com/news/2015/10/15/210424501,Y,2015 twelve-year renewal covers all 27 teams through 2027.,official dated announcement,A,legacy_029,official_announcement,,,,True,,,,,False,True,direct_contract_evidence
duke,2021-22,Duke,Nike,Nike,https://goduke.com/news/2015/10/15/210424501,Y,2015 twelve-year renewal covers all 27 teams through 2027.,official dated announcement,A,legacy_029,official_announcement,,,,True,,,,,False,True,direct_contract_evidence
duke,2022-23,Duke,Nike,Nike,https://goduke.com/news/2015/10/15/210424501,Y,2015 twelve-year renewal covers all 27 teams through 2027.,official dated announcement,A,legacy_029,official_announcement,,,,True,,,,,False,True,direct_contract_evidence
duke,2023-24,Duke,Nike,Nike,https://goduke.com/news/2015/10/15/210424501,Y,2015 twelve-year renewal covers all 27 teams through 2027.,official dated announcement,A,legacy_029,official_announcement,,,,True,,,,,False,True,direct_contract_evidence
duke,2024-25,Duke,Nike,Nike,https://goduke.com/news/2015/10/15/210424501,Y,2015 twelve-year renewal covers all 27 teams through 2027.,official dated announcement,A,legacy_029,official_announcement,,,,True,,,,,False,True,direct_contract_evidence
duke,2025-26,Duke,Nike,Nike,https://goduke.com/news/2015/10/15/210424501,Y,2015 twelve-year renewal covers all 27 teams through 2027.,official dated announcement,A,legacy_029,official_announcement,,,,True,,,,,False,True,direct_contract_evidence
florida,2017-18,Florida,Nike,Nike,https://athleticdirectoru.com/articles/cash-is-king-in-intercollegiate-apparel-agreements/,Y,CRIA researchers table identifies provider in 2017-18 only. No forward-fill. Known erroneous Rutgers entry in compilation not used.,researchers contract compilation snapshot,A,legacy_072,secondary_contract_reporting,,,,True,,,,,False,True,direct_contract_evidence
florida,2018-19,Florida,Nike,Nike,https://www.onlygators.com/02/25/2015/florida-gators-extend-apparel-contract-with-nike/,Y,"2015 report extends Nike contract through April 1, 2024. Only full seasons covered here; later expiry season not extrapolated. Majority-season rule: Nike covered fall, winter and start of spring through April 1, 2024; later continuation supported separately. Expiration is not evidence of a brand switch.",specialist publication contract reporting,A,legacy_097,secondary_contract_reporting,,,,True,,,,,False,True,direct_contract_evidence
florida,2020-21,Florida,Nike,Nike,https://www.onlygators.com/02/25/2015/florida-gators-extend-apparel-contract-with-nike/,Y,"2015 report extends Nike contract through April 1, 2024. Only full seasons covered here; later expiry season not extrapolated. Majority-season rule: Nike covered fall, winter and start of spring through April 1, 2024; later continuation supported separately. Expiration is not evidence of a brand switch.",specialist publication contract reporting,A,legacy_097,secondary_contract_reporting,,,,True,,,,,False,True,direct_contract_evidence
florida,2021-22,Florida,Nike,Nike,https://www.onlygators.com/02/25/2015/florida-gators-extend-apparel-contract-with-nike/,Y,"2015 report extends Nike contract through April 1, 2024. Only full seasons covered here; later expiry season not extrapolated. Majority-season rule: Nike covered fall, winter and start of spring through April 1, 2024; later continuation supported separately. Expiration is not evidence of a brand switch.",specialist publication contract reporting,A,legacy_097,secondary_contract_reporting,,,,True,,,,,False,True,direct_contract_evidence
florida,2022-23,Florida,Nike,Nike,https://www.onlygators.com/02/25/2015/florida-gators-extend-apparel-contract-with-nike/,Y,"2015 report extends Nike contract through April 1, 2024. Only full seasons covered here; later expiry season not extrapolated. Majority-season rule: Nike covered fall, winter and start of spring through April 1, 2024; later continuation supported separately. Expiration is not evidence of a brand switch.",specialist publication contract reporting,A,legacy_097,secondary_contract_reporting,,,,True,,,,,False,True,direct_contract_evidence
florida,2023-24,Florida,Nike,Nike,https://www.onlygators.com/02/25/2015/florida-gators-extend-apparel-contract-with-nike/,Y,"2015 report extends Nike contract through April 1, 2024. Only full seasons covered here; later expiry season not extrapolated. Majority-season rule: Nike covered fall, winter and start of spring through April 1, 2024; later continuation supported separately. Expiration is not evidence of a brand switch.",specialist publication contract reporting,A,legacy_097,secondary_contract_reporting,,,,True,,,,,False,True,direct_contract_evidence
florida,2024-25,Florida,Nike,Nike,https://www.onlygators.com/02/25/2015/florida-gators-extend-apparel-contract-with-nike/,N,Inferred between 2023-24 (A) and 2025-26 (B); same provider and no known intervening transition in reviewed evidence.,"continuity inference; endpoints only, not direct seasonal observation",C,,inferred_from_two_sources,,,,True,2023-24,2025-26,https://www.onlygators.com/02/25/2015/florida-gators-extend-apparel-contract-with-nike/,https://floridagators.com/sports/2025/8/6/overview-name-image-likeness,True,True,inferred_continuity
florida,2025-26,Florida,Nike,Nike,https://floridagators.com/sports/2025/8/6/overview-name-image-likeness,Y,August 2025 NIL overview names Nike/Jordan as team sponsors. Mixed footprint normalized Nike.,dated university policy snapshot,B,legacy_098,official_policy,2025-08-06,,,True,,,,,False,True,dated_official_use
florida_state,2017-18,Florida State,Nike,Nike,https://athleticdirectoru.com/articles/cash-is-king-in-intercollegiate-apparel-agreements/,Y,CRIA researchers table identifies provider in 2017-18 only. No forward-fill. Known erroneous Rutgers entry in compilation not used.,researchers contract compilation snapshot,A,legacy_073,secondary_contract_reporting,,,,True,,,,,False,True,direct_contract_evidence
florida_state,2018-19,Florida State,Nike,Nike,https://seminoles.com/documents/download/2024/1/15/Florida_State_University_Department_of_Intercollegiate_Athletics_FY23.pdf,Y,"Audited statement p.22 (PDF p.24): May 31, 2019 amendment extends existing Nike agreement through July 31, 2029.",university audited financial statements,A,legacy_060,audited_statement,,,,True,,,,,False,True,direct_contract_evidence
florida_state,2020-21,Florida State,Nike,Nike,https://seminoles.com/documents/download/2024/1/15/Florida_State_University_Department_of_Intercollegiate_Athletics_FY23.pdf,Y,"Audited statement p.22 (PDF p.24): May 31, 2019 amendment extends existing Nike agreement through July 31, 2029.",university audited financial statements,A,legacy_060,audited_statement,,,,True,,,,,False,True,direct_contract_evidence
florida_state,2021-22,Florida State,Nike,Nike,https://seminoles.com/documents/download/2024/1/15/Florida_State_University_Department_of_Intercollegiate_Athletics_FY23.pdf,Y,"Audited statement p.22 (PDF p.24): May 31, 2019 amendment extends existing Nike agreement through July 31, 2029.",university audited financial statements,A,legacy_060,audited_statement,,,,True,,,,,False,True,direct_contract_evidence
florida_state,2022-23,Florida State,Nike,Nike,https://seminoles.com/documents/download/2024/1/15/Florida_State_University_Department_of_Intercollegiate_Athletics_FY23.pdf,Y,"Audited statement p.22 (PDF p.24): May 31, 2019 amendment extends existing Nike agreement through July 31, 2029.",university audited financial statements,A,legacy_060,audited_statement,,,,True,,,,,False,True,direct_contract_evidence
florida_state,2023-24,Florida State,Nike,Nike,https://seminoles.com/documents/download/2024/1/15/Florida_State_University_Department_of_Intercollegiate_Athletics_FY23.pdf,Y,"Audited statement p.22 (PDF p.24): May 31, 2019 amendment extends existing Nike agreement through July 31, 2029.",university audited financial statements,A,legacy_060,audited_statement,,,,True,,,,,False,True,direct_contract_evidence
florida_state,2024-25,Florida State,Nike,Nike,https://seminoles.com/documents/download/2024/1/15/Florida_State_University_Department_of_Intercollegiate_Athletics_FY23.pdf,Y,"Audited statement p.22 (PDF p.24): May 31, 2019 amendment extends existing Nike agreement through July 31, 2029.",university audited financial statements,A,legacy_060,audited_statement,,,,True,,,,,False,True,direct_contract_evidence
florida_state,2025-26,Florida State,Nike,Nike,https://seminoles.com/documents/download/2024/1/15/Florida_State_University_Department_of_Intercollegiate_Athletics_FY23.pdf,Y,"Audited statement p.22 (PDF p.24): May 31, 2019 amendment extends existing Nike agreement through July 31, 2029.",university audited financial statements,A,legacy_060,audited_statement,,,,True,,,,,False,True,direct_contract_evidence
georgia,2017-18,Georgia,Nike,Nike,https://www.sportsbusinessjournal.com/Daily/Issues/2015/05/20/Marketing-and-Sponsorship/Georgia-Nike/,Y,"Documents reported to extend all-school Nike arrangement through June 30, 2024.",secondary contract reporting,A,legacy_059,secondary_contract_reporting,,,,True,,,,,False,True,direct_contract_evidence
georgia,2018-19,Georgia,Nike,Nike,https://www.sportsbusinessjournal.com/Daily/Issues/2015/05/20/Marketing-and-Sponsorship/Georgia-Nike/,Y,"Documents reported to extend all-school Nike arrangement through June 30, 2024.",secondary contract reporting,A,legacy_059,secondary_contract_reporting,,,,True,,,,,False,True,direct_contract_evidence
georgia,2020-21,Georgia,Nike,Nike,https://www.sportsbusinessjournal.com/Daily/Issues/2015/05/20/Marketing-and-Sponsorship/Georgia-Nike/,Y,"Documents reported to extend all-school Nike arrangement through June 30, 2024.",secondary contract reporting,A,legacy_059,secondary_contract_reporting,,,,True,,,,,False,True,direct_contract_evidence
georgia,2021-22,Georgia,Nike,Nike,https://www.sportsbusinessjournal.com/Daily/Issues/2015/05/20/Marketing-and-Sponsorship/Georgia-Nike/,Y,"Documents reported to extend all-school Nike arrangement through June 30, 2024.",secondary contract reporting,A,legacy_059,secondary_contract_reporting,,,,True,,,,,False,True,direct_contract_evidence
georgia,2022-23,Georgia,Nike,Nike,https://www.sportsbusinessjournal.com/Daily/Issues/2015/05/20/Marketing-and-Sponsorship/Georgia-Nike/,Y,"Documents reported to extend all-school Nike arrangement through June 30, 2024.",secondary contract reporting,A,legacy_059,secondary_contract_reporting,,,,True,,,,,False,True,direct_contract_evidence
georgia,2023-24,Georgia,Nike,Nike,https://www.sportsbusinessjournal.com/Daily/Issues/2015/05/20/Marketing-and-Sponsorship/Georgia-Nike/,Y,"Documents reported to extend all-school Nike arrangement through June 30, 2024.",secondary contract reporting,A,legacy_059,secondary_contract_reporting,,,,True,,,,,False,True,direct_contract_evidence
georgia_tech,2017-18,Georgia Tech,other,Russell Athletic,https://athleticdirectoru.com/articles/cash-is-king-in-intercollegiate-apparel-agreements/,Y,2017-18 snapshot; adidas starts following season.,researchers contract compilation snapshot,A,legacy_081,secondary_contract_reporting,,,,True,,,,,False,True,direct_contract_evidence
georgia_tech,2018-19,Georgia Tech,adidas,adidas,https://ramblinwreck.com/news/2017/08/22/georgia-tech-joins-adidas-roster-of-collegiate-partnerships,Y,"Six-year all-17-program agreement starts July 1, 2018 through 2024.",official announcement; study-window coverage only,A,legacy_019,official_announcement,,,,True,,,,,False,True,direct_contract_evidence
georgia_tech,2020-21,Georgia Tech,adidas,adidas,https://ramblinwreck.com/news/2017/08/22/georgia-tech-joins-adidas-roster-of-collegiate-partnerships,Y,"Six-year all-17-program agreement starts July 1, 2018 through 2024.",official announcement; study-window coverage only,A,legacy_019,official_announcement,,,,True,,,,,False,True,direct_contract_evidence
georgia_tech,2021-22,Georgia Tech,adidas,adidas,https://ramblinwreck.com/news/2017/08/22/georgia-tech-joins-adidas-roster-of-collegiate-partnerships,Y,"Six-year all-17-program agreement starts July 1, 2018 through 2024.",official announcement; study-window coverage only,A,legacy_019,official_announcement,,,,True,,,,,False,True,direct_contract_evidence
georgia_tech,2022-23,Georgia Tech,adidas,adidas,https://ramblinwreck.com/news/2017/08/22/georgia-tech-joins-adidas-roster-of-collegiate-partnerships,Y,"Six-year all-17-program agreement starts July 1, 2018 through 2024.",official announcement; study-window coverage only,A,legacy_019,official_announcement,,,,True,,,,,False,True,direct_contract_evidence
georgia_tech,2023-24,Georgia Tech,adidas,adidas,https://ramblinwreck.com/news/2017/08/22/georgia-tech-joins-adidas-roster-of-collegiate-partnerships,Y,"Six-year all-17-program agreement starts July 1, 2018 through 2024.",official announcement; study-window coverage only,A,legacy_019,official_announcement,,,,True,,,,,False,True,direct_contract_evidence
georgia_tech,2024-25,Georgia Tech,adidas,adidas,https://www.ajc.com/sports/2025/10/georgia-tech-switching-to-under-armour-for-uniforms-apparel/,Y,October 2025 reporting confirms adidas agreement was extended two years in 2024; replacement Under Armour begins in 2026.,dated newspaper report confirming executed extension,A,legacy_102,contract,,,,True,,,,,False,True,direct_contract_evidence
georgia_tech,2025-26,Georgia Tech,adidas,adidas,https://www.ajc.com/sports/2025/10/georgia-tech-switching-to-under-armour-for-uniforms-apparel/,Y,October 2025 reporting confirms adidas agreement was extended two years in 2024; replacement Under Armour begins in 2026.,dated newspaper report confirming executed extension,A,legacy_102,contract,,,,True,,,,,False,True,direct_contract_evidence
houston,2017-18,Houston,Nike,Nike,https://athleticdirectoru.com/articles/cash-is-king-in-intercollegiate-apparel-agreements/,Y,CRIA researchers table identifies provider in 2017-18 only. No forward-fill. Known erroneous Rutgers entry in compilation not used.,researchers contract compilation snapshot,A,legacy_074,secondary_contract_reporting,,,,True,,,,,False,True,direct_contract_evidence
houston,2018-19,Houston,Nike,Nike,https://athleticdirectoru.com/articles/cash-is-king-in-intercollegiate-apparel-agreements/,N,Inferred between 2017-18 (A) and 2022-23 (A); same provider and no known intervening transition in reviewed evidence.,"continuity inference; endpoints only, not direct seasonal observation",C,,inferred_from_two_sources,,,,True,2017-18,2022-23,https://athleticdirectoru.com/articles/cash-is-king-in-intercollegiate-apparel-agreements/,https://www.houstonchronicle.com/texas-sports-nation/college/article/houston-cougars-basketball-jordan-brand-impact-17851683.php,True,True,inferred_continuity
houston,2020-21,Houston,Nike,Nike,https://athleticdirectoru.com/articles/cash-is-king-in-intercollegiate-apparel-agreements/,N,Inferred between 2017-18 (A) and 2022-23 (A); same provider and no known intervening transition in reviewed evidence.,"continuity inference; endpoints only, not direct seasonal observation",C,,inferred_from_two_sources,,,,True,2017-18,2022-23,https://athleticdirectoru.com/articles/cash-is-king-in-intercollegiate-apparel-agreements/,https://www.houstonchronicle.com/texas-sports-nation/college/article/houston-cougars-basketball-jordan-brand-impact-17851683.php,True,True,inferred_continuity
houston,2021-22,Houston,Nike,Nike,https://athleticdirectoru.com/articles/cash-is-king-in-intercollegiate-apparel-agreements/,N,Inferred between 2017-18 (A) and 2022-23 (A); same provider and no known intervening transition in reviewed evidence.,"continuity inference; endpoints only, not direct seasonal observation",C,,inferred_from_two_sources,,,,True,2017-18,2022-23,https://athleticdirectoru.com/articles/cash-is-king-in-intercollegiate-apparel-agreements/,https://www.houstonchronicle.com/texas-sports-nation/college/article/houston-cougars-basketball-jordan-brand-impact-17851683.php,True,True,inferred_continuity
houston,2022-23,Houston,Nike,Nike,https://www.houstonchronicle.com/texas-sports-nation/college/article/houston-cougars-basketball-jordan-brand-impact-17851683.php,Y,March 2023 article identifies separate Nike contract for fifteen varsity programs and Jordan basketball. Primary department provider Nike.,local newspaper reporting,A,legacy_092,secondary_contract_reporting,,,,True,,,,,False,True,direct_contract_evidence
houston,2023-24,Houston,Nike,Nike,https://www.houstonchronicle.com/texas-sports-nation/college/article/houston-cougars-basketball-jordan-brand-impact-17851683.php,N,Inferred between 2022-23 (A) and 2025-26 (B); same provider and no known intervening transition in reviewed evidence.,"continuity inference; endpoints only, not direct seasonal observation",C,,inferred_from_two_sources,,,,True,2022-23,2025-26,https://www.houstonchronicle.com/texas-sports-nation/college/article/houston-cougars-basketball-jordan-brand-impact-17851683.php,https://web.archive.org/web/20251001185258/https://uhcougars.com/,True,True,inferred_continuity
houston,2024-25,Houston,Nike,Nike,https://www.houstonchronicle.com/texas-sports-nation/college/article/houston-cougars-basketball-jordan-brand-impact-17851683.php,N,Inferred between 2022-23 (A) and 2025-26 (B); same provider and no known intervening transition in reviewed evidence.,"continuity inference; endpoints only, not direct seasonal observation",C,,inferred_from_two_sources,,,,True,2022-23,2025-26,https://www.houstonchronicle.com/texas-sports-nation/college/article/houston-cougars-basketball-jordan-brand-impact-17851683.php,https://web.archive.org/web/20251001185258/https://uhcougars.com/,True,True,inferred_continuity
houston,2025-26,Houston,Nike,Nike,https://web.archive.org/web/20251001185258/https://uhcougars.com/,Y,Archived official athletics site displays brand in department footer or sponsor section. Archived Snapshot reviewed during research; follow the archive URL to inspect the original.,dated official evidence,B,tier_106,wayback_official_site,2025-10-01,https://web.archive.org/web/20251001185258/https://uhcougars.com/,2025-10-01,True,,,,,False,True,dated_official_use
illinois,2017-18,Illinois,Nike,Nike,https://fightingillini.com/news/2016/1/15/GEN_0115160058,Y,2016 ten-year agreement for 21 varsity sports through 2025-26.,official dated announcement,A,legacy_030,official_announcement,,,,True,,,,,False,True,direct_contract_evidence
illinois,2018-19,Illinois,Nike,Nike,https://fightingillini.com/news/2016/1/15/GEN_0115160058,Y,2016 ten-year agreement for 21 varsity sports through 2025-26.,official dated announcement,A,legacy_030,official_announcement,,,,True,,,,,False,True,direct_contract_evidence
illinois,2020-21,Illinois,Nike,Nike,https://fightingillini.com/news/2016/1/15/GEN_0115160058,Y,2016 ten-year agreement for 21 varsity sports through 2025-26.,official dated announcement,A,legacy_030,official_announcement,,,,True,,,,,False,True,direct_contract_evidence
illinois,2021-22,Illinois,Nike,Nike,https://fightingillini.com/news/2016/1/15/GEN_0115160058,Y,2016 ten-year agreement for 21 varsity sports through 2025-26.,official dated announcement,A,legacy_030,official_announcement,,,,True,,,,,False,True,direct_contract_evidence
illinois,2022-23,Illinois,Nike,Nike,https://fightingillini.com/news/2016/1/15/GEN_0115160058,Y,2016 ten-year agreement for 21 varsity sports through 2025-26.,official dated announcement,A,legacy_030,official_announcement,,,,True,,,,,False,True,direct_contract_evidence
illinois,2023-24,Illinois,Nike,Nike,https://fightingillini.com/news/2016/1/15/GEN_0115160058,Y,2016 ten-year agreement for 21 varsity sports through 2025-26.,official dated announcement,A,legacy_030,official_announcement,,,,True,,,,,False,True,direct_contract_evidence
illinois,2024-25,Illinois,Nike,Nike,https://fightingillini.com/news/2016/1/15/GEN_0115160058,Y,2016 ten-year agreement for 21 varsity sports through 2025-26.,official dated announcement,A,legacy_030,official_announcement,,,,True,,,,,False,True,direct_contract_evidence
illinois,2025-26,Illinois,Nike,Nike,https://fightingillini.com/news/2016/1/15/GEN_0115160058,Y,2016 ten-year agreement for 21 varsity sports through 2025-26.,official dated announcement,A,legacy_030,official_announcement,,,,True,,,,,False,True,direct_contract_evidence
indiana,2017-18,Indiana,adidas,adidas,https://iuhoosiers.com/news/2015/8/18/GEN_0818151235,Y,2015 eight-year extension through 2024. Later seasons remain unverified.,official announcement; study-window coverage only,A,legacy_010,official_announcement,,,,True,,,,,False,True,direct_contract_evidence
indiana,2018-19,Indiana,adidas,adidas,https://iuhoosiers.com/news/2015/8/18/GEN_0818151235,Y,2015 eight-year extension through 2024. Later seasons remain unverified.,official announcement; study-window coverage only,A,legacy_010,official_announcement,,,,True,,,,,False,True,direct_contract_evidence
indiana,2020-21,Indiana,adidas,adidas,https://iuhoosiers.com/news/2015/8/18/GEN_0818151235,Y,2015 eight-year extension through 2024. Later seasons remain unverified.,official announcement; study-window coverage only,A,legacy_010,official_announcement,,,,True,,,,,False,True,direct_contract_evidence
indiana,2021-22,Indiana,adidas,adidas,https://iuhoosiers.com/news/2015/8/18/GEN_0818151235,Y,2015 eight-year extension through 2024. Later seasons remain unverified.,official announcement; study-window coverage only,A,legacy_010,official_announcement,,,,True,,,,,False,True,direct_contract_evidence
indiana,2022-23,Indiana,adidas,adidas,https://iuhoosiers.com/news/2015/8/18/GEN_0818151235,Y,2015 eight-year extension through 2024. Later seasons remain unverified.,official announcement; study-window coverage only,A,legacy_010,official_announcement,,,,True,,,,,False,True,direct_contract_evidence
indiana,2023-24,Indiana,adidas,adidas,https://iuhoosiers.com/news/2015/8/18/GEN_0818151235,Y,2015 eight-year extension through 2024. Later seasons remain unverified.,official announcement; study-window coverage only,A,legacy_010,official_announcement,,,,True,,,,,False,True,direct_contract_evidence
indiana,2024-25,Indiana,adidas,adidas,https://www.thedailyhoosier.com/iu-athletics-and-adidas-finalize-10-year-contract-extension/,Y,Finalized 2024 ten-year renewal extends agreement through 2034.,secondary reporting of finalized agreement,A,legacy_052,secondary_contract_reporting,,,,True,,,,,False,True,direct_contract_evidence
indiana,2025-26,Indiana,adidas,adidas,https://www.thedailyhoosier.com/iu-athletics-and-adidas-finalize-10-year-contract-extension/,Y,Finalized 2024 ten-year renewal extends agreement through 2034.,secondary reporting of finalized agreement,A,legacy_052,secondary_contract_reporting,,,,True,,,,,False,True,direct_contract_evidence
iowa,2017-18,Iowa,Nike,Nike,https://athleticdirectoru.com/articles/cash-is-king-in-intercollegiate-apparel-agreements/,Y,CRIA researchers table identifies provider in 2017-18 only. No forward-fill. Known erroneous Rutgers entry in compilation not used.,researchers contract compilation snapshot,A,legacy_075,secondary_contract_reporting,,,,True,,,,,False,True,direct_contract_evidence
iowa,2018-19,Iowa,Nike,Nike,https://athleticdirectoru.com/articles/cash-is-king-in-intercollegiate-apparel-agreements/,N,Inferred between 2017-18 (A) and 2025-26 (B); same provider and no known intervening transition in reviewed evidence.,"continuity inference; endpoints only, not direct seasonal observation",C,,inferred_from_two_sources,,,,True,2017-18,2025-26,https://athleticdirectoru.com/articles/cash-is-king-in-intercollegiate-apparel-agreements/,https://storage.googleapis.com/hawkeyesports-prod/2025/08/08/lHevgLs5g2dEn9QRHyw3s8aAr2N1LOMtmBm9UyIC.pdf,True,True,inferred_continuity
iowa,2020-21,Iowa,Nike,Nike,https://athleticdirectoru.com/articles/cash-is-king-in-intercollegiate-apparel-agreements/,N,Inferred between 2017-18 (A) and 2025-26 (B); same provider and no known intervening transition in reviewed evidence.,"continuity inference; endpoints only, not direct seasonal observation",C,,inferred_from_two_sources,,,,True,2017-18,2025-26,https://athleticdirectoru.com/articles/cash-is-king-in-intercollegiate-apparel-agreements/,https://storage.googleapis.com/hawkeyesports-prod/2025/08/08/lHevgLs5g2dEn9QRHyw3s8aAr2N1LOMtmBm9UyIC.pdf,True,True,inferred_continuity
iowa,2021-22,Iowa,Nike,Nike,https://athleticdirectoru.com/articles/cash-is-king-in-intercollegiate-apparel-agreements/,N,Inferred between 2017-18 (A) and 2025-26 (B); same provider and no known intervening transition in reviewed evidence.,"continuity inference; endpoints only, not direct seasonal observation",C,,inferred_from_two_sources,,,,True,2017-18,2025-26,https://athleticdirectoru.com/articles/cash-is-king-in-intercollegiate-apparel-agreements/,https://storage.googleapis.com/hawkeyesports-prod/2025/08/08/lHevgLs5g2dEn9QRHyw3s8aAr2N1LOMtmBm9UyIC.pdf,True,True,inferred_continuity
iowa,2022-23,Iowa,Nike,Nike,https://athleticdirectoru.com/articles/cash-is-king-in-intercollegiate-apparel-agreements/,N,Inferred between 2017-18 (A) and 2025-26 (B); same provider and no known intervening transition in reviewed evidence.,"continuity inference; endpoints only, not direct seasonal observation",C,,inferred_from_two_sources,,,,True,2017-18,2025-26,https://athleticdirectoru.com/articles/cash-is-king-in-intercollegiate-apparel-agreements/,https://storage.googleapis.com/hawkeyesports-prod/2025/08/08/lHevgLs5g2dEn9QRHyw3s8aAr2N1LOMtmBm9UyIC.pdf,True,True,inferred_continuity
iowa,2023-24,Iowa,Nike,Nike,https://athleticdirectoru.com/articles/cash-is-king-in-intercollegiate-apparel-agreements/,N,Inferred between 2017-18 (A) and 2025-26 (B); same provider and no known intervening transition in reviewed evidence.,"continuity inference; endpoints only, not direct seasonal observation",C,,inferred_from_two_sources,,,,True,2017-18,2025-26,https://athleticdirectoru.com/articles/cash-is-king-in-intercollegiate-apparel-agreements/,https://storage.googleapis.com/hawkeyesports-prod/2025/08/08/lHevgLs5g2dEn9QRHyw3s8aAr2N1LOMtmBm9UyIC.pdf,True,True,inferred_continuity
iowa,2024-25,Iowa,Nike,Nike,https://athleticdirectoru.com/articles/cash-is-king-in-intercollegiate-apparel-agreements/,N,Inferred between 2017-18 (A) and 2025-26 (B); same provider and no known intervening transition in reviewed evidence.,"continuity inference; endpoints only, not direct seasonal observation",C,,inferred_from_two_sources,,,,True,2017-18,2025-26,https://athleticdirectoru.com/articles/cash-is-king-in-intercollegiate-apparel-agreements/,https://storage.googleapis.com/hawkeyesports-prod/2025/08/08/lHevgLs5g2dEn9QRHyw3s8aAr2N1LOMtmBm9UyIC.pdf,True,True,inferred_continuity
iowa,2025-26,Iowa,Nike,Nike,https://storage.googleapis.com/hawkeyesports-prod/2025/08/08/lHevgLs5g2dEn9QRHyw3s8aAr2N1LOMtmBm9UyIC.pdf,Y,"Official 2025 media guide, printed p.53, current player Brian Allen pictured in Nike uniform. Visual evidence corroborates historical department provider; team scope noted.",dated official evidence,B,tier_126,official_media_guide_visual,2025-08-08,,,True,,,,,False,True,dated_official_use
iowa_state,2017-18,Iowa State,Nike,Nike,https://www2.kusports.com/weblogs/tale-tait/2017/sep/28/kus-deal-with-adidas-is-companys-second/,Y,Nike identity supported for 2017-18; reported 2024 expiration conflicts with other compilations reporting 2018. Later seasons withheld pending contract.,newspaper contract compilation; underlying dates not independently inspected,A,legacy_061,secondary_contract_reporting,,,,True,,,,,False,True,direct_contract_evidence
kansas,2017-18,Kansas,adidas,adidas,https://news.adidas.com/sports-performance/adidas-and-university-of-kansas-announce-an-extension-in-their-long-term-partnership/s/75f006e9-ed57-4ba1-b3fe-ddc1372145ff,Y,2017 announcement extends existing university partnership through 2031.,official announcement; study-window coverage only,A,legacy_008,official_announcement,,,,True,,,,,False,True,direct_contract_evidence
kansas,2018-19,Kansas,adidas,adidas,https://news.adidas.com/sports-performance/adidas-and-university-of-kansas-announce-an-extension-in-their-long-term-partnership/s/75f006e9-ed57-4ba1-b3fe-ddc1372145ff,Y,2017 announcement extends existing university partnership through 2031.,official announcement; study-window coverage only,A,legacy_008,official_announcement,,,,True,,,,,False,True,direct_contract_evidence
kansas,2020-21,Kansas,adidas,adidas,https://news.adidas.com/sports-performance/adidas-and-university-of-kansas-announce-an-extension-in-their-long-term-partnership/s/75f006e9-ed57-4ba1-b3fe-ddc1372145ff,Y,2017 announcement extends existing university partnership through 2031.,official announcement; study-window coverage only,A,legacy_008,official_announcement,,,,True,,,,,False,True,direct_contract_evidence
kansas,2021-22,Kansas,adidas,adidas,https://news.adidas.com/sports-performance/adidas-and-university-of-kansas-announce-an-extension-in-their-long-term-partnership/s/75f006e9-ed57-4ba1-b3fe-ddc1372145ff,Y,2017 announcement extends existing university partnership through 2031.,official announcement; study-window coverage only,A,legacy_008,official_announcement,,,,True,,,,,False,True,direct_contract_evidence
kansas,2022-23,Kansas,adidas,adidas,https://news.adidas.com/sports-performance/adidas-and-university-of-kansas-announce-an-extension-in-their-long-term-partnership/s/75f006e9-ed57-4ba1-b3fe-ddc1372145ff,Y,2017 announcement extends existing university partnership through 2031.,official announcement; study-window coverage only,A,legacy_008,official_announcement,,,,True,,,,,False,True,direct_contract_evidence
kansas,2023-24,Kansas,adidas,adidas,https://news.adidas.com/sports-performance/adidas-and-university-of-kansas-announce-an-extension-in-their-long-term-partnership/s/75f006e9-ed57-4ba1-b3fe-ddc1372145ff,Y,2017 announcement extends existing university partnership through 2031.,official announcement; study-window coverage only,A,legacy_008,official_announcement,,,,True,,,,,False,True,direct_contract_evidence
kansas,2024-25,Kansas,adidas,adidas,https://news.adidas.com/sports-performance/adidas-and-university-of-kansas-announce-an-extension-in-their-long-term-partnership/s/75f006e9-ed57-4ba1-b3fe-ddc1372145ff,Y,2017 announcement extends existing university partnership through 2031.,official announcement; study-window coverage only,A,legacy_008,official_announcement,,,,True,,,,,False,True,direct_contract_evidence
kansas,2025-26,Kansas,adidas,adidas,https://news.adidas.com/sports-performance/adidas-and-university-of-kansas-announce-an-extension-in-their-long-term-partnership/s/75f006e9-ed57-4ba1-b3fe-ddc1372145ff,Y,2017 announcement extends existing university partnership through 2031.,official announcement; study-window coverage only,A,legacy_008,official_announcement,,,,True,,,,,False,True,direct_contract_evidence
kansas_state,2017-18,Kansas State,Nike,Nike,https://www2.kusports.com/weblogs/tale-tait/2017/sep/28/kus-deal-with-adidas-is-companys-second/,Y,2017 contract roundup identifies Nike term through 2021.,newspaper contract compilation; underlying dates not independently inspected,A,legacy_062,secondary_contract_reporting,,,,True,,,,,False,True,direct_contract_evidence
kansas_state,2018-19,Kansas State,Nike,Nike,https://www2.kusports.com/weblogs/tale-tait/2017/sep/28/kus-deal-with-adidas-is-companys-second/,Y,2017 contract roundup identifies Nike term through 2021.,newspaper contract compilation; underlying dates not independently inspected,A,legacy_062,secondary_contract_reporting,,,,True,,,,,False,True,direct_contract_evidence
kansas_state,2020-21,Kansas State,Nike,Nike,https://www2.kusports.com/weblogs/tale-tait/2017/sep/28/kus-deal-with-adidas-is-companys-second/,Y,2017 contract roundup identifies Nike term through 2021.,newspaper contract compilation; underlying dates not independently inspected,A,legacy_062,secondary_contract_reporting,,,,True,,,,,False,True,direct_contract_evidence
kansas_state,2021-22,Kansas State,Nike,Nike,https://www.kansas.com/sports/college/big-12/kansas-state/article254569392.html,Y,September 2021 reporting quotes athletic director on three-year Nike extension through 2024.,dated newspaper report quoting athletic director; search-index evidence,A,legacy_099,secondary_contract_reporting,,,,True,,,,,False,True,direct_contract_evidence
kansas_state,2022-23,Kansas State,Nike,Nike,https://www.kansas.com/sports/college/big-12/kansas-state/article254569392.html,Y,September 2021 reporting quotes athletic director on three-year Nike extension through 2024.,dated newspaper report quoting athletic director; search-index evidence,A,legacy_099,secondary_contract_reporting,,,,True,,,,,False,True,direct_contract_evidence
kansas_state,2023-24,Kansas State,Nike,Nike,https://www.kansas.com/sports/college/big-12/kansas-state/article285714486.html,Y,February 2024 report confirms current Nike outfitting and signed renewal July 2024 through July 2027.,newspaper obtained contract,A,legacy_089,secondary_contract_reporting,,,,True,,,,,False,True,direct_contract_evidence
kansas_state,2024-25,Kansas State,Nike,Nike,https://www.kansas.com/sports/college/big-12/kansas-state/article285714486.html,Y,February 2024 report confirms current Nike outfitting and signed renewal July 2024 through July 2027.,newspaper obtained contract,A,legacy_089,secondary_contract_reporting,,,,True,,,,,False,True,direct_contract_evidence
kansas_state,2025-26,Kansas State,Nike,Nike,https://www.kansas.com/sports/college/big-12/kansas-state/article285714486.html,Y,February 2024 report confirms current Nike outfitting and signed renewal July 2024 through July 2027.,newspaper obtained contract,A,legacy_089,secondary_contract_reporting,,,,True,,,,,False,True,direct_contract_evidence
kentucky,2017-18,Kentucky,Nike,Nike,https://www.sportsbusinessjournal.com/Daily/Issues/2015/03/05/Marketing-and-Sponsorship/UK-Nike/,Y,"2015 reporting: eight-year extension through August 31, 2025.",secondary contract reporting,A,legacy_039,secondary_contract_reporting,,,,True,,,,,False,True,direct_contract_evidence
kentucky,2018-19,Kentucky,Nike,Nike,https://www.sportsbusinessjournal.com/Daily/Issues/2015/03/05/Marketing-and-Sponsorship/UK-Nike/,Y,"2015 reporting: eight-year extension through August 31, 2025.",secondary contract reporting,A,legacy_039,secondary_contract_reporting,,,,True,,,,,False,True,direct_contract_evidence
kentucky,2020-21,Kentucky,Nike,Nike,https://www.sportsbusinessjournal.com/Daily/Issues/2015/03/05/Marketing-and-Sponsorship/UK-Nike/,Y,"2015 reporting: eight-year extension through August 31, 2025.",secondary contract reporting,A,legacy_039,secondary_contract_reporting,,,,True,,,,,False,True,direct_contract_evidence
kentucky,2021-22,Kentucky,Nike,Nike,https://www.sportsbusinessjournal.com/Daily/Issues/2015/03/05/Marketing-and-Sponsorship/UK-Nike/,Y,"2015 reporting: eight-year extension through August 31, 2025.",secondary contract reporting,A,legacy_039,secondary_contract_reporting,,,,True,,,,,False,True,direct_contract_evidence
kentucky,2022-23,Kentucky,Nike,Nike,https://www.sportsbusinessjournal.com/Daily/Issues/2015/03/05/Marketing-and-Sponsorship/UK-Nike/,Y,"2015 reporting: eight-year extension through August 31, 2025.",secondary contract reporting,A,legacy_039,secondary_contract_reporting,,,,True,,,,,False,True,direct_contract_evidence
kentucky,2023-24,Kentucky,Nike,Nike,https://www.sportsbusinessjournal.com/Daily/Issues/2015/03/05/Marketing-and-Sponsorship/UK-Nike/,Y,"2015 reporting: eight-year extension through August 31, 2025.",secondary contract reporting,A,legacy_039,secondary_contract_reporting,,,,True,,,,,False,True,direct_contract_evidence
kentucky,2024-25,Kentucky,Nike,Nike,https://www.sportsbusinessjournal.com/Daily/Issues/2015/03/05/Marketing-and-Sponsorship/UK-Nike/,Y,"2015 reporting: eight-year extension through August 31, 2025.",secondary contract reporting,A,legacy_039,secondary_contract_reporting,,,,True,,,,,False,True,direct_contract_evidence
kentucky,2025-26,Kentucky,Nike,Nike,https://www.kentucky.com/sports/college/kentucky-sports/article311623013.html,Y,"Open-records reporting: new ten-year apparel deal effective July 1, 2025.",newspaper obtained contract,A,legacy_040,secondary_contract_reporting,,,,True,,,,,False,True,direct_contract_evidence
lsu,2017-18,LSU,Nike,Nike,https://about.nike.com/en/newsroom/releases/nike-lsu-partnership-extension,Y,December 2025 retrospective describes five decades of partnership and extension through 2036.,official retrospective; study-window coverage only,A,legacy_024,official_announcement,,,,True,,,,,False,True,direct_contract_evidence
lsu,2018-19,LSU,Nike,Nike,https://about.nike.com/en/newsroom/releases/nike-lsu-partnership-extension,Y,December 2025 retrospective describes five decades of partnership and extension through 2036.,official retrospective; study-window coverage only,A,legacy_024,official_announcement,,,,True,,,,,False,True,direct_contract_evidence
lsu,2020-21,LSU,Nike,Nike,https://about.nike.com/en/newsroom/releases/nike-lsu-partnership-extension,Y,December 2025 retrospective describes five decades of partnership and extension through 2036.,official retrospective; study-window coverage only,A,legacy_024,official_announcement,,,,True,,,,,False,True,direct_contract_evidence
lsu,2021-22,LSU,Nike,Nike,https://about.nike.com/en/newsroom/releases/nike-lsu-partnership-extension,Y,December 2025 retrospective describes five decades of partnership and extension through 2036.,official retrospective; study-window coverage only,A,legacy_024,official_announcement,,,,True,,,,,False,True,direct_contract_evidence
lsu,2022-23,LSU,Nike,Nike,https://about.nike.com/en/newsroom/releases/nike-lsu-partnership-extension,Y,December 2025 retrospective describes five decades of partnership and extension through 2036.,official retrospective; study-window coverage only,A,legacy_024,official_announcement,,,,True,,,,,False,True,direct_contract_evidence
lsu,2023-24,LSU,Nike,Nike,https://about.nike.com/en/newsroom/releases/nike-lsu-partnership-extension,Y,December 2025 retrospective describes five decades of partnership and extension through 2036.,official retrospective; study-window coverage only,A,legacy_024,official_announcement,,,,True,,,,,False,True,direct_contract_evidence
lsu,2024-25,LSU,Nike,Nike,https://about.nike.com/en/newsroom/releases/nike-lsu-partnership-extension,Y,December 2025 retrospective describes five decades of partnership and extension through 2036.,official retrospective; study-window coverage only,A,legacy_024,official_announcement,,,,True,,,,,False,True,direct_contract_evidence
lsu,2025-26,LSU,Nike,Nike,https://about.nike.com/en/newsroom/releases/nike-lsu-partnership-extension,Y,December 2025 retrospective describes five decades of partnership and extension through 2036.,official retrospective; study-window coverage only,A,legacy_024,official_announcement,,,,True,,,,,False,True,direct_contract_evidence
louisville,2017-18,Louisville,adidas,adidas,https://gocards.com/news/2017/8/25/general-louisville-adidas-strike-landmark-10-year-partnership-through-2027-28,Y,2017 extension through 2027-28 of existing partnership.,official announcement; study-window coverage only,A,legacy_007,official_announcement,,,,True,,,,,False,True,direct_contract_evidence
louisville,2018-19,Louisville,adidas,adidas,https://gocards.com/news/2017/8/25/general-louisville-adidas-strike-landmark-10-year-partnership-through-2027-28,Y,2017 extension through 2027-28 of existing partnership.,official announcement; study-window coverage only,A,legacy_007,official_announcement,,,,True,,,,,False,True,direct_contract_evidence
louisville,2020-21,Louisville,adidas,adidas,https://gocards.com/news/2017/8/25/general-louisville-adidas-strike-landmark-10-year-partnership-through-2027-28,Y,2017 extension through 2027-28 of existing partnership.,official announcement; study-window coverage only,A,legacy_007,official_announcement,,,,True,,,,,False,True,direct_contract_evidence
louisville,2021-22,Louisville,adidas,adidas,https://gocards.com/news/2017/8/25/general-louisville-adidas-strike-landmark-10-year-partnership-through-2027-28,Y,2017 extension through 2027-28 of existing partnership.,official announcement; study-window coverage only,A,legacy_007,official_announcement,,,,True,,,,,False,True,direct_contract_evidence
louisville,2022-23,Louisville,adidas,adidas,https://gocards.com/news/2017/8/25/general-louisville-adidas-strike-landmark-10-year-partnership-through-2027-28,Y,2017 extension through 2027-28 of existing partnership.,official announcement; study-window coverage only,A,legacy_007,official_announcement,,,,True,,,,,False,True,direct_contract_evidence
louisville,2023-24,Louisville,adidas,adidas,https://gocards.com/news/2017/8/25/general-louisville-adidas-strike-landmark-10-year-partnership-through-2027-28,Y,2017 extension through 2027-28 of existing partnership.,official announcement; study-window coverage only,A,legacy_007,official_announcement,,,,True,,,,,False,True,direct_contract_evidence
louisville,2024-25,Louisville,adidas,adidas,https://gocards.com/news/2017/8/25/general-louisville-adidas-strike-landmark-10-year-partnership-through-2027-28,Y,2017 extension through 2027-28 of existing partnership.,official announcement; study-window coverage only,A,legacy_007,official_announcement,,,,True,,,,,False,True,direct_contract_evidence
louisville,2025-26,Louisville,adidas,adidas,https://gocards.com/news/2017/8/25/general-louisville-adidas-strike-landmark-10-year-partnership-through-2027-28,Y,2017 extension through 2027-28 of existing partnership.,official announcement; study-window coverage only,A,legacy_007,official_announcement,,,,True,,,,,False,True,direct_contract_evidence
maryland,2017-18,Maryland,Under Armour,Under Armour,https://about.underarmour.com/en/stories/2024/06/university-of-maryland-and-under-armour-announce-12-year-extensi.html,Y,Department-wide outfitter since 2009; 2024 renewal through 2036.,official announcement; study-window coverage only,A,legacy_012,official_announcement,,,,True,,,,,False,True,direct_contract_evidence
maryland,2018-19,Maryland,Under Armour,Under Armour,https://about.underarmour.com/en/stories/2024/06/university-of-maryland-and-under-armour-announce-12-year-extensi.html,Y,Department-wide outfitter since 2009; 2024 renewal through 2036.,official announcement; study-window coverage only,A,legacy_012,official_announcement,,,,True,,,,,False,True,direct_contract_evidence
maryland,2020-21,Maryland,Under Armour,Under Armour,https://about.underarmour.com/en/stories/2024/06/university-of-maryland-and-under-armour-announce-12-year-extensi.html,Y,Department-wide outfitter since 2009; 2024 renewal through 2036.,official announcement; study-window coverage only,A,legacy_012,official_announcement,,,,True,,,,,False,True,direct_contract_evidence
maryland,2021-22,Maryland,Under Armour,Under Armour,https://about.underarmour.com/en/stories/2024/06/university-of-maryland-and-under-armour-announce-12-year-extensi.html,Y,Department-wide outfitter since 2009; 2024 renewal through 2036.,official announcement; study-window coverage only,A,legacy_012,official_announcement,,,,True,,,,,False,True,direct_contract_evidence
maryland,2022-23,Maryland,Under Armour,Under Armour,https://about.underarmour.com/en/stories/2024/06/university-of-maryland-and-under-armour-announce-12-year-extensi.html,Y,Department-wide outfitter since 2009; 2024 renewal through 2036.,official announcement; study-window coverage only,A,legacy_012,official_announcement,,,,True,,,,,False,True,direct_contract_evidence
maryland,2023-24,Maryland,Under Armour,Under Armour,https://about.underarmour.com/en/stories/2024/06/university-of-maryland-and-under-armour-announce-12-year-extensi.html,Y,Department-wide outfitter since 2009; 2024 renewal through 2036.,official announcement; study-window coverage only,A,legacy_012,official_announcement,,,,True,,,,,False,True,direct_contract_evidence
maryland,2024-25,Maryland,Under Armour,Under Armour,https://about.underarmour.com/en/stories/2024/06/university-of-maryland-and-under-armour-announce-12-year-extensi.html,Y,Department-wide outfitter since 2009; 2024 renewal through 2036.,official announcement; study-window coverage only,A,legacy_012,official_announcement,,,,True,,,,,False,True,direct_contract_evidence
maryland,2025-26,Maryland,Under Armour,Under Armour,https://about.underarmour.com/en/stories/2024/06/university-of-maryland-and-under-armour-announce-12-year-extensi.html,Y,Department-wide outfitter since 2009; 2024 renewal through 2036.,official announcement; study-window coverage only,A,legacy_012,official_announcement,,,,True,,,,,False,True,direct_contract_evidence
miami_fl,2017-18,Miami (FL),adidas,adidas,https://miamihurricanes.com/news/2021/02/15/championship-colors,Y,"University account states 2015 twelve-year sponsorship through June 30, 2027.",official announcement; study-window coverage only,A,legacy_009,official_announcement,,,,True,,,,,False,True,direct_contract_evidence
miami_fl,2018-19,Miami (FL),adidas,adidas,https://miamihurricanes.com/news/2021/02/15/championship-colors,Y,"University account states 2015 twelve-year sponsorship through June 30, 2027.",official announcement; study-window coverage only,A,legacy_009,official_announcement,,,,True,,,,,False,True,direct_contract_evidence
miami_fl,2020-21,Miami (FL),adidas,adidas,https://miamihurricanes.com/news/2021/02/15/championship-colors,Y,"University account states 2015 twelve-year sponsorship through June 30, 2027.",official announcement; study-window coverage only,A,legacy_009,official_announcement,,,,True,,,,,False,True,direct_contract_evidence
miami_fl,2021-22,Miami (FL),adidas,adidas,https://miamihurricanes.com/news/2021/02/15/championship-colors,Y,"University account states 2015 twelve-year sponsorship through June 30, 2027.",official announcement; study-window coverage only,A,legacy_009,official_announcement,,,,True,,,,,False,True,direct_contract_evidence
miami_fl,2022-23,Miami (FL),adidas,adidas,https://miamihurricanes.com/news/2021/02/15/championship-colors,Y,"University account states 2015 twelve-year sponsorship through June 30, 2027.",official announcement; study-window coverage only,A,legacy_009,official_announcement,,,,True,,,,,False,True,direct_contract_evidence
miami_fl,2023-24,Miami (FL),adidas,adidas,https://miamihurricanes.com/news/2021/02/15/championship-colors,Y,"University account states 2015 twelve-year sponsorship through June 30, 2027.",official announcement; study-window coverage only,A,legacy_009,official_announcement,,,,True,,,,,False,True,direct_contract_evidence
miami_fl,2024-25,Miami (FL),adidas,adidas,https://miamihurricanes.com/news/2021/02/15/championship-colors,Y,"University account states 2015 twelve-year sponsorship through June 30, 2027.",official announcement; study-window coverage only,A,legacy_009,official_announcement,,,,True,,,,,False,True,direct_contract_evidence
miami_fl,2025-26,Miami (FL),adidas,adidas,https://miamihurricanes.com/news/2021/02/15/championship-colors,Y,"University account states 2015 twelve-year sponsorship through June 30, 2027.",official announcement; study-window coverage only,A,legacy_009,official_announcement,,,,True,,,,,False,True,direct_contract_evidence
michigan,2017-18,Michigan,Nike,Nike,https://finance.umich.edu/reports/2016/category/athletics/,Y,"University annual report confirms August 1, 2016 to 2027 partnership. Nike/Jordan department footprint.",official announcement; study-window coverage only,A,legacy_015,official_announcement,,,,True,,,,,False,True,direct_contract_evidence
michigan,2018-19,Michigan,Nike,Nike,https://finance.umich.edu/reports/2016/category/athletics/,Y,"University annual report confirms August 1, 2016 to 2027 partnership. Nike/Jordan department footprint.",official announcement; study-window coverage only,A,legacy_015,official_announcement,,,,True,,,,,False,True,direct_contract_evidence
michigan,2020-21,Michigan,Nike,Nike,https://finance.umich.edu/reports/2016/category/athletics/,Y,"University annual report confirms August 1, 2016 to 2027 partnership. Nike/Jordan department footprint.",official announcement; study-window coverage only,A,legacy_015,official_announcement,,,,True,,,,,False,True,direct_contract_evidence
michigan,2021-22,Michigan,Nike,Nike,https://finance.umich.edu/reports/2016/category/athletics/,Y,"University annual report confirms August 1, 2016 to 2027 partnership. Nike/Jordan department footprint.",official announcement; study-window coverage only,A,legacy_015,official_announcement,,,,True,,,,,False,True,direct_contract_evidence
michigan,2022-23,Michigan,Nike,Nike,https://finance.umich.edu/reports/2016/category/athletics/,Y,"University annual report confirms August 1, 2016 to 2027 partnership. Nike/Jordan department footprint.",official announcement; study-window coverage only,A,legacy_015,official_announcement,,,,True,,,,,False,True,direct_contract_evidence
michigan,2023-24,Michigan,Nike,Nike,https://finance.umich.edu/reports/2016/category/athletics/,Y,"University annual report confirms August 1, 2016 to 2027 partnership. Nike/Jordan department footprint.",official announcement; study-window coverage only,A,legacy_015,official_announcement,,,,True,,,,,False,True,direct_contract_evidence
michigan,2024-25,Michigan,Nike,Nike,https://finance.umich.edu/reports/2016/category/athletics/,Y,"University annual report confirms August 1, 2016 to 2027 partnership. Nike/Jordan department footprint.",official announcement; study-window coverage only,A,legacy_015,official_announcement,,,,True,,,,,False,True,direct_contract_evidence
michigan,2025-26,Michigan,Nike,Nike,https://finance.umich.edu/reports/2016/category/athletics/,Y,"University annual report confirms August 1, 2016 to 2027 partnership. Nike/Jordan department footprint.",official announcement; study-window coverage only,A,legacy_015,official_announcement,,,,True,,,,,False,True,direct_contract_evidence
michigan_state,2017-18,Michigan State,Nike,Nike,https://www.sportsbusinessjournal.com/Daily/Issues/2015/07/20/Marketing-and-Sponsorship/MSU-Nike/,Y,"2015 report describes ten-year, $34 million extension.",secondary contract reporting,A,legacy_065,secondary_contract_reporting,,,,True,,,,,False,True,direct_contract_evidence
michigan_state,2018-19,Michigan State,Nike,Nike,https://www.sportsbusinessjournal.com/Daily/Issues/2015/07/20/Marketing-and-Sponsorship/MSU-Nike/,Y,"2015 report describes ten-year, $34 million extension.",secondary contract reporting,A,legacy_065,secondary_contract_reporting,,,,True,,,,,False,True,direct_contract_evidence
michigan_state,2020-21,Michigan State,Nike,Nike,https://www.sportsbusinessjournal.com/Daily/Issues/2015/07/20/Marketing-and-Sponsorship/MSU-Nike/,Y,"2015 report describes ten-year, $34 million extension.",secondary contract reporting,A,legacy_065,secondary_contract_reporting,,,,True,,,,,False,True,direct_contract_evidence
michigan_state,2021-22,Michigan State,Nike,Nike,https://www.sportsbusinessjournal.com/Daily/Issues/2015/07/20/Marketing-and-Sponsorship/MSU-Nike/,Y,"2015 report describes ten-year, $34 million extension.",secondary contract reporting,A,legacy_065,secondary_contract_reporting,,,,True,,,,,False,True,direct_contract_evidence
michigan_state,2022-23,Michigan State,Nike,Nike,https://www.sportsbusinessjournal.com/Daily/Issues/2015/07/20/Marketing-and-Sponsorship/MSU-Nike/,Y,"2015 report describes ten-year, $34 million extension.",secondary contract reporting,A,legacy_065,secondary_contract_reporting,,,,True,,,,,False,True,direct_contract_evidence
michigan_state,2023-24,Michigan State,Nike,Nike,https://www.sportsbusinessjournal.com/Daily/Issues/2015/07/20/Marketing-and-Sponsorship/MSU-Nike/,Y,"2015 report describes ten-year, $34 million extension.",secondary contract reporting,A,legacy_065,secondary_contract_reporting,,,,True,,,,,False,True,direct_contract_evidence
michigan_state,2024-25,Michigan State,Nike,Nike,https://spartanavenue.com/posts/michigan-state-and-nike-strike-deal-to-extend-contract-01j364s62zn9,Y,"2024 report of extension through 2027, citing 247Sports.",secondary reporting; original extension not inspected,A,legacy_066,secondary_contract_reporting,,,,True,,,,,False,True,direct_contract_evidence
michigan_state,2025-26,Michigan State,Nike,Nike,https://spartanavenue.com/posts/michigan-state-and-nike-strike-deal-to-extend-contract-01j364s62zn9,Y,"2024 report of extension through 2027, citing 247Sports.",secondary reporting; original extension not inspected,A,legacy_066,secondary_contract_reporting,,,,True,,,,,False,True,direct_contract_evidence
minnesota,2017-18,Minnesota,Nike,Nike,https://athleticdirectoru.com/articles/cash-is-king-in-intercollegiate-apparel-agreements/,Y,CRIA researchers table identifies provider in 2017-18 only. No forward-fill. Known erroneous Rutgers entry in compilation not used.,researchers contract compilation snapshot,A,legacy_076,secondary_contract_reporting,,,,True,,,,,False,True,direct_contract_evidence
minnesota,2018-19,Minnesota,Nike,Nike,https://athleticdirectoru.com/articles/cash-is-king-in-intercollegiate-apparel-agreements/,N,Inferred between 2017-18 (A) and 2020-21 (A); same provider and no known intervening transition in reviewed evidence.,"continuity inference; endpoints only, not direct seasonal observation",C,,inferred_from_two_sources,,,,True,2017-18,2020-21,https://athleticdirectoru.com/articles/cash-is-king-in-intercollegiate-apparel-agreements/,https://regents.umn.edu/sites/regents.umn.edu/files/2020-02/minutes-dec2019.pdf,True,True,inferred_continuity
minnesota,2020-21,Minnesota,Nike,Nike,https://regents.umn.edu/sites/regents.umn.edu/files/2020-02/minutes-dec2019.pdf,Y,"University board minutes identify Nike extension August 1, 2020 through July 31, 2023.","university board minutes; indexed text, download returned 403",A,legacy_088,board_record,,,,True,,,,,False,True,direct_contract_evidence
minnesota,2021-22,Minnesota,Nike,Nike,https://regents.umn.edu/sites/regents.umn.edu/files/2020-02/minutes-dec2019.pdf,Y,"University board minutes identify Nike extension August 1, 2020 through July 31, 2023.","university board minutes; indexed text, download returned 403",A,legacy_088,board_record,,,,True,,,,,False,True,direct_contract_evidence
minnesota,2022-23,Minnesota,Nike,Nike,https://regents.umn.edu/sites/regents.umn.edu/files/2020-02/minutes-dec2019.pdf,Y,"University board minutes identify Nike extension August 1, 2020 through July 31, 2023.","university board minutes; indexed text, download returned 403",A,legacy_088,board_record,,,,True,,,,,False,True,direct_contract_evidence
minnesota,2023-24,Minnesota,Nike,Nike,https://regents.umn.edu/sites/regents.umn.edu/files/2023-02/minutes-dec2022.pdf,Y,Minutes PDF p.12 specify department-exclusive Nike August 2023–July 2027; p.27 records full board approval of consent report.,approved university board minutes,A,legacy_104,board_record,,,,True,,,,,False,True,direct_contract_evidence
minnesota,2024-25,Minnesota,Nike,Nike,https://regents.umn.edu/sites/regents.umn.edu/files/2023-02/minutes-dec2022.pdf,Y,Minutes PDF p.12 specify department-exclusive Nike August 2023–July 2027; p.27 records full board approval of consent report.,approved university board minutes,A,legacy_104,board_record,,,,True,,,,,False,True,direct_contract_evidence
minnesota,2025-26,Minnesota,Nike,Nike,https://regents.umn.edu/sites/regents.umn.edu/files/2023-02/minutes-dec2022.pdf,Y,Minutes PDF p.12 specify department-exclusive Nike August 2023–July 2027; p.27 records full board approval of consent report.,approved university board minutes,A,legacy_104,board_record,,,,True,,,,,False,True,direct_contract_evidence
mississippi_state,2017-18,Mississippi State,adidas,adidas,https://hailstate.com/sports/2014/4/16/209467396,Y,Athletic director announces seven-year extension in April 2014 covering all 16 sports.,official dated announcement,A,legacy_101,official_announcement,,,,True,,,,,False,True,direct_contract_evidence
mississippi_state,2018-19,Mississippi State,adidas,adidas,https://hailstate.com/sports/2014/4/16/209467396,Y,Athletic director announces seven-year extension in April 2014 covering all 16 sports.,official dated announcement,A,legacy_101,official_announcement,,,,True,,,,,False,True,direct_contract_evidence
mississippi_state,2020-21,Mississippi State,adidas,adidas,https://hailstate.com/sports/2014/4/16/209467396,Y,Athletic director announces seven-year extension in April 2014 covering all 16 sports.,official dated announcement,A,legacy_101,official_announcement,,,,True,,,,,False,True,direct_contract_evidence
mississippi_state,2021-22,Mississippi State,adidas,adidas,https://hailstate.com/sports/2014/4/16/209467396,N,Inferred between 2020-21 (A) and 2025-26 (B); same provider and no known intervening transition in reviewed evidence.,"continuity inference; endpoints only, not direct seasonal observation",C,,inferred_from_two_sources,,,,True,2020-21,2025-26,https://hailstate.com/sports/2014/4/16/209467396,https://web.archive.org/web/20251002011106/https://hailstate.com/,True,True,inferred_continuity
mississippi_state,2022-23,Mississippi State,adidas,adidas,https://hailstate.com/sports/2014/4/16/209467396,N,Inferred between 2020-21 (A) and 2025-26 (B); same provider and no known intervening transition in reviewed evidence.,"continuity inference; endpoints only, not direct seasonal observation",C,,inferred_from_two_sources,,,,True,2020-21,2025-26,https://hailstate.com/sports/2014/4/16/209467396,https://web.archive.org/web/20251002011106/https://hailstate.com/,True,True,inferred_continuity
mississippi_state,2023-24,Mississippi State,adidas,adidas,https://hailstate.com/sports/2014/4/16/209467396,N,Inferred between 2020-21 (A) and 2025-26 (B); same provider and no known intervening transition in reviewed evidence.,"continuity inference; endpoints only, not direct seasonal observation",C,,inferred_from_two_sources,,,,True,2020-21,2025-26,https://hailstate.com/sports/2014/4/16/209467396,https://web.archive.org/web/20251002011106/https://hailstate.com/,True,True,inferred_continuity
mississippi_state,2024-25,Mississippi State,adidas,adidas,https://hailstate.com/sports/2014/4/16/209467396,N,Inferred between 2020-21 (A) and 2025-26 (B); same provider and no known intervening transition in reviewed evidence.,"continuity inference; endpoints only, not direct seasonal observation",C,,inferred_from_two_sources,,,,True,2020-21,2025-26,https://hailstate.com/sports/2014/4/16/209467396,https://web.archive.org/web/20251002011106/https://hailstate.com/,True,True,inferred_continuity
mississippi_state,2025-26,Mississippi State,adidas,adidas,https://web.archive.org/web/20251002011106/https://hailstate.com/,Y,Archived official athletics site displays brand in department footer or sponsor section. Archived Snapshot reviewed during research; follow the archive URL to inspect the original.,dated official evidence,B,tier_109,wayback_official_site,2025-10-02,https://web.archive.org/web/20251002011106/https://hailstate.com/,2025-10-02,True,,,,,False,True,dated_official_use
missouri,2017-18,Missouri,Nike,Nike,https://athleticdirectoru.com/articles/cash-is-king-in-intercollegiate-apparel-agreements/,Y,CRIA researchers table identifies provider in 2017-18 only. No forward-fill. Known erroneous Rutgers entry in compilation not used.,researchers contract compilation snapshot,A,legacy_077,secondary_contract_reporting,,,,True,,,,,False,True,direct_contract_evidence
missouri,2018-19,Missouri,Nike,Nike,https://athleticdirectoru.com/articles/cash-is-king-in-intercollegiate-apparel-agreements/,N,Inferred between 2017-18 (A) and 2025-26 (B); same provider and no known intervening transition in reviewed evidence.,"continuity inference; endpoints only, not direct seasonal observation",C,,inferred_from_two_sources,,,,True,2017-18,2025-26,https://athleticdirectoru.com/articles/cash-is-king-in-intercollegiate-apparel-agreements/,https://mutigers.com/documents/download/2025/9/16/GameNotes_FULL_USC_G4.pdf,True,True,inferred_continuity
missouri,2020-21,Missouri,Nike,Nike,https://athleticdirectoru.com/articles/cash-is-king-in-intercollegiate-apparel-agreements/,N,Inferred between 2017-18 (A) and 2025-26 (B); same provider and no known intervening transition in reviewed evidence.,"continuity inference; endpoints only, not direct seasonal observation",C,,inferred_from_two_sources,,,,True,2017-18,2025-26,https://athleticdirectoru.com/articles/cash-is-king-in-intercollegiate-apparel-agreements/,https://mutigers.com/documents/download/2025/9/16/GameNotes_FULL_USC_G4.pdf,True,True,inferred_continuity
missouri,2021-22,Missouri,Nike,Nike,https://athleticdirectoru.com/articles/cash-is-king-in-intercollegiate-apparel-agreements/,N,Inferred between 2017-18 (A) and 2025-26 (B); same provider and no known intervening transition in reviewed evidence.,"continuity inference; endpoints only, not direct seasonal observation",C,,inferred_from_two_sources,,,,True,2017-18,2025-26,https://athleticdirectoru.com/articles/cash-is-king-in-intercollegiate-apparel-agreements/,https://mutigers.com/documents/download/2025/9/16/GameNotes_FULL_USC_G4.pdf,True,True,inferred_continuity
missouri,2022-23,Missouri,Nike,Nike,https://athleticdirectoru.com/articles/cash-is-king-in-intercollegiate-apparel-agreements/,N,Inferred between 2017-18 (A) and 2025-26 (B); same provider and no known intervening transition in reviewed evidence.,"continuity inference; endpoints only, not direct seasonal observation",C,,inferred_from_two_sources,,,,True,2017-18,2025-26,https://athleticdirectoru.com/articles/cash-is-king-in-intercollegiate-apparel-agreements/,https://mutigers.com/documents/download/2025/9/16/GameNotes_FULL_USC_G4.pdf,True,True,inferred_continuity
missouri,2023-24,Missouri,Nike,Nike,https://athleticdirectoru.com/articles/cash-is-king-in-intercollegiate-apparel-agreements/,N,Inferred between 2017-18 (A) and 2025-26 (B); same provider and no known intervening transition in reviewed evidence.,"continuity inference; endpoints only, not direct seasonal observation",C,,inferred_from_two_sources,,,,True,2017-18,2025-26,https://athleticdirectoru.com/articles/cash-is-king-in-intercollegiate-apparel-agreements/,https://mutigers.com/documents/download/2025/9/16/GameNotes_FULL_USC_G4.pdf,True,True,inferred_continuity
missouri,2024-25,Missouri,Nike,Nike,https://athleticdirectoru.com/articles/cash-is-king-in-intercollegiate-apparel-agreements/,N,Inferred between 2017-18 (A) and 2025-26 (B); same provider and no known intervening transition in reviewed evidence.,"continuity inference; endpoints only, not direct seasonal observation",C,,inferred_from_two_sources,,,,True,2017-18,2025-26,https://athleticdirectoru.com/articles/cash-is-king-in-intercollegiate-apparel-agreements/,https://mutigers.com/documents/download/2025/9/16/GameNotes_FULL_USC_G4.pdf,True,True,inferred_continuity
missouri,2025-26,Missouri,Nike,Nike,https://mutigers.com/documents/download/2025/9/16/GameNotes_FULL_USC_G4.pdf,Y,Official 2025 football notes header includes Nike alongside Missouri and SEC. Search-index extraction inspected; original download currently returns 404.,dated official evidence,B,tier_124,official_game_notes_indexed,2025-09-16,,,True,,,,,False,True,dated_official_use
nebraska,2017-18,Nebraska,adidas,adidas,https://huskers.com/news/2017/08/11/adidas-and-nebraska-renew-partnership-to-2028,Y,2017 renewal through 2028 covers all 24 varsity sports.,official announcement; study-window coverage only,A,legacy_006,official_announcement,,,,True,,,,,False,True,direct_contract_evidence
nebraska,2018-19,Nebraska,adidas,adidas,https://huskers.com/news/2017/08/11/adidas-and-nebraska-renew-partnership-to-2028,Y,2017 renewal through 2028 covers all 24 varsity sports.,official announcement; study-window coverage only,A,legacy_006,official_announcement,,,,True,,,,,False,True,direct_contract_evidence
nebraska,2020-21,Nebraska,adidas,adidas,https://huskers.com/news/2017/08/11/adidas-and-nebraska-renew-partnership-to-2028,Y,2017 renewal through 2028 covers all 24 varsity sports.,official announcement; study-window coverage only,A,legacy_006,official_announcement,,,,True,,,,,False,True,direct_contract_evidence
nebraska,2021-22,Nebraska,adidas,adidas,https://huskers.com/news/2017/08/11/adidas-and-nebraska-renew-partnership-to-2028,Y,2017 renewal through 2028 covers all 24 varsity sports.,official announcement; study-window coverage only,A,legacy_006,official_announcement,,,,True,,,,,False,True,direct_contract_evidence
nebraska,2022-23,Nebraska,adidas,adidas,https://huskers.com/news/2017/08/11/adidas-and-nebraska-renew-partnership-to-2028,Y,2017 renewal through 2028 covers all 24 varsity sports.,official announcement; study-window coverage only,A,legacy_006,official_announcement,,,,True,,,,,False,True,direct_contract_evidence
nebraska,2023-24,Nebraska,adidas,adidas,https://huskers.com/news/2017/08/11/adidas-and-nebraska-renew-partnership-to-2028,Y,2017 renewal through 2028 covers all 24 varsity sports.,official announcement; study-window coverage only,A,legacy_006,official_announcement,,,,True,,,,,False,True,direct_contract_evidence
nebraska,2024-25,Nebraska,adidas,adidas,https://huskers.com/news/2017/08/11/adidas-and-nebraska-renew-partnership-to-2028,Y,2017 renewal through 2028 covers all 24 varsity sports.,official announcement; study-window coverage only,A,legacy_006,official_announcement,,,,True,,,,,False,True,direct_contract_evidence
nebraska,2025-26,Nebraska,adidas,adidas,https://huskers.com/news/2017/08/11/adidas-and-nebraska-renew-partnership-to-2028,Y,2017 renewal through 2028 covers all 24 varsity sports.,official announcement; study-window coverage only,A,legacy_006,official_announcement,,,,True,,,,,False,True,direct_contract_evidence
new_mexico,2017-18,New Mexico,Nike,Nike,https://golobos.com/news/2023/10/12/lobos-nike-announce-extension-through-2027,Y,All-department Nike arrangement since 2008; renewed through 2027.,official retrospective and renewal,A,legacy_032,official_announcement,,,,True,,,,,False,True,direct_contract_evidence
new_mexico,2018-19,New Mexico,Nike,Nike,https://golobos.com/news/2023/10/12/lobos-nike-announce-extension-through-2027,Y,All-department Nike arrangement since 2008; renewed through 2027.,official retrospective and renewal,A,legacy_032,official_announcement,,,,True,,,,,False,True,direct_contract_evidence
new_mexico,2020-21,New Mexico,Nike,Nike,https://golobos.com/news/2023/10/12/lobos-nike-announce-extension-through-2027,Y,All-department Nike arrangement since 2008; renewed through 2027.,official retrospective and renewal,A,legacy_032,official_announcement,,,,True,,,,,False,True,direct_contract_evidence
new_mexico,2021-22,New Mexico,Nike,Nike,https://golobos.com/news/2023/10/12/lobos-nike-announce-extension-through-2027,Y,All-department Nike arrangement since 2008; renewed through 2027.,official retrospective and renewal,A,legacy_032,official_announcement,,,,True,,,,,False,True,direct_contract_evidence
new_mexico,2022-23,New Mexico,Nike,Nike,https://golobos.com/news/2023/10/12/lobos-nike-announce-extension-through-2027,Y,All-department Nike arrangement since 2008; renewed through 2027.,official retrospective and renewal,A,legacy_032,official_announcement,,,,True,,,,,False,True,direct_contract_evidence
new_mexico,2023-24,New Mexico,Nike,Nike,https://golobos.com/news/2023/10/12/lobos-nike-announce-extension-through-2027,Y,All-department Nike arrangement since 2008; renewed through 2027.,official retrospective and renewal,A,legacy_032,official_announcement,,,,True,,,,,False,True,direct_contract_evidence
new_mexico,2024-25,New Mexico,Nike,Nike,https://golobos.com/news/2023/10/12/lobos-nike-announce-extension-through-2027,Y,All-department Nike arrangement since 2008; renewed through 2027.,official retrospective and renewal,A,legacy_032,official_announcement,,,,True,,,,,False,True,direct_contract_evidence
new_mexico,2025-26,New Mexico,Nike,Nike,https://golobos.com/news/2023/10/12/lobos-nike-announce-extension-through-2027,Y,All-department Nike arrangement since 2008; renewed through 2027.,official retrospective and renewal,A,legacy_032,official_announcement,,,,True,,,,,False,True,direct_contract_evidence
north_carolina,2017-18,North Carolina,Nike,Nike,https://athleticdirectoru.com/articles/cash-is-king-in-intercollegiate-apparel-agreements/,Y,CRIA researchers table identifies provider in 2017-18 only. No forward-fill. Known erroneous Rutgers entry in compilation not used.,researchers contract compilation snapshot,A,legacy_078,secondary_contract_reporting,,,,True,,,,,False,True,direct_contract_evidence
north_carolina,2018-19,North Carolina,Nike,Nike,https://goheels.com/news/2018/12/18/general-carolina-announces-contract-extension-for-williams,Y,Ten-year exclusive footwear/apparel extension through June 2028. Nike/Jordan footprint; earlier season not inferred from extension alone.,official announcement; study-window coverage only,A,legacy_017,official_announcement,,,,True,,,,,False,True,direct_contract_evidence
north_carolina,2020-21,North Carolina,Nike,Nike,https://goheels.com/news/2018/12/18/general-carolina-announces-contract-extension-for-williams,Y,Ten-year exclusive footwear/apparel extension through June 2028. Nike/Jordan footprint; earlier season not inferred from extension alone.,official announcement; study-window coverage only,A,legacy_017,official_announcement,,,,True,,,,,False,True,direct_contract_evidence
north_carolina,2021-22,North Carolina,Nike,Nike,https://goheels.com/news/2018/12/18/general-carolina-announces-contract-extension-for-williams,Y,Ten-year exclusive footwear/apparel extension through June 2028. Nike/Jordan footprint; earlier season not inferred from extension alone.,official announcement; study-window coverage only,A,legacy_017,official_announcement,,,,True,,,,,False,True,direct_contract_evidence
north_carolina,2022-23,North Carolina,Nike,Nike,https://goheels.com/news/2018/12/18/general-carolina-announces-contract-extension-for-williams,Y,Ten-year exclusive footwear/apparel extension through June 2028. Nike/Jordan footprint; earlier season not inferred from extension alone.,official announcement; study-window coverage only,A,legacy_017,official_announcement,,,,True,,,,,False,True,direct_contract_evidence
north_carolina,2023-24,North Carolina,Nike,Nike,https://goheels.com/news/2018/12/18/general-carolina-announces-contract-extension-for-williams,Y,Ten-year exclusive footwear/apparel extension through June 2028. Nike/Jordan footprint; earlier season not inferred from extension alone.,official announcement; study-window coverage only,A,legacy_017,official_announcement,,,,True,,,,,False,True,direct_contract_evidence
north_carolina,2024-25,North Carolina,Nike,Nike,https://goheels.com/news/2018/12/18/general-carolina-announces-contract-extension-for-williams,Y,Ten-year exclusive footwear/apparel extension through June 2028. Nike/Jordan footprint; earlier season not inferred from extension alone.,official announcement; study-window coverage only,A,legacy_017,official_announcement,,,,True,,,,,False,True,direct_contract_evidence
north_carolina,2025-26,North Carolina,Nike,Nike,https://goheels.com/news/2018/12/18/general-carolina-announces-contract-extension-for-williams,Y,Ten-year exclusive footwear/apparel extension through June 2028. Nike/Jordan footprint; earlier season not inferred from extension alone.,official announcement; study-window coverage only,A,legacy_017,official_announcement,,,,True,,,,,False,True,direct_contract_evidence
north_carolina_state,2017-18,North Carolina State,adidas,adidas,https://www.youtube.com/watch?v=KGYQAXrN5w4,Y,Official NC State Athletics video description states July 2016 through June 2022 for 23 programs.,official dated announcement,A,legacy_043,official_announcement,,,,True,,,,,False,True,direct_contract_evidence
north_carolina_state,2018-19,North Carolina State,adidas,adidas,https://www.youtube.com/watch?v=KGYQAXrN5w4,Y,Official NC State Athletics video description states July 2016 through June 2022 for 23 programs.,official dated announcement,A,legacy_043,official_announcement,,,,True,,,,,False,True,direct_contract_evidence
north_carolina_state,2020-21,North Carolina State,adidas,adidas,https://www.youtube.com/watch?v=KGYQAXrN5w4,Y,Official NC State Athletics video description states July 2016 through June 2022 for 23 programs.,official dated announcement,A,legacy_043,official_announcement,,,,True,,,,,False,True,direct_contract_evidence
north_carolina_state,2021-22,North Carolina State,adidas,adidas,https://www.youtube.com/watch?v=KGYQAXrN5w4,Y,Official NC State Athletics video description states July 2016 through June 2022 for 23 programs.,official dated announcement,A,legacy_043,official_announcement,,,,True,,,,,False,True,direct_contract_evidence
north_carolina_state,2022-23,North Carolina State,adidas,adidas,https://www.youtube.com/watch?v=KGYQAXrN5w4,N,Inferred between 2021-22 (A) and 2025-26 (A); same provider and no known intervening transition in reviewed evidence.,"continuity inference; endpoints only, not direct seasonal observation",C,,inferred_from_two_sources,,,,True,2021-22,2025-26,https://www.youtube.com/watch?v=KGYQAXrN5w4,https://www.on3.com/teams/nc-state-wolfpack/news/exclusive-nc-state-extends-partnership-with-adidas-runs-through-2032/,True,True,inferred_continuity
north_carolina_state,2023-24,North Carolina State,adidas,adidas,https://www.youtube.com/watch?v=KGYQAXrN5w4,N,Inferred between 2021-22 (A) and 2025-26 (A); same provider and no known intervening transition in reviewed evidence.,"continuity inference; endpoints only, not direct seasonal observation",C,,inferred_from_two_sources,,,,True,2021-22,2025-26,https://www.youtube.com/watch?v=KGYQAXrN5w4,https://www.on3.com/teams/nc-state-wolfpack/news/exclusive-nc-state-extends-partnership-with-adidas-runs-through-2032/,True,True,inferred_continuity
north_carolina_state,2024-25,North Carolina State,adidas,adidas,https://www.youtube.com/watch?v=KGYQAXrN5w4,N,Inferred between 2021-22 (A) and 2025-26 (A); same provider and no known intervening transition in reviewed evidence.,"continuity inference; endpoints only, not direct seasonal observation",C,,inferred_from_two_sources,,,,True,2021-22,2025-26,https://www.youtube.com/watch?v=KGYQAXrN5w4,https://www.on3.com/teams/nc-state-wolfpack/news/exclusive-nc-state-extends-partnership-with-adidas-runs-through-2032/,True,True,inferred_continuity
north_carolina_state,2025-26,North Carolina State,adidas,adidas,https://www.on3.com/teams/nc-state-wolfpack/news/exclusive-nc-state-extends-partnership-with-adidas-runs-through-2032/,Y,Reporter inspected signed seven-year renewal through 2032.,secondary contract reporting,A,legacy_044,secondary_contract_reporting,,,,True,,,,,False,True,direct_contract_evidence
northwestern,2017-18,Northwestern,Under Armour,Under Armour,https://about.underarmour.com/en/stories/2025/03/under-armour-and-northwestern-university-announce-extension-of-p.html,Y,March 2025 renewal for several years; official outfitter for all 19 varsity programs since 2012.,official retrospective and renewal,A,legacy_054,official_announcement,,,,True,,,,,False,True,direct_contract_evidence
northwestern,2018-19,Northwestern,Under Armour,Under Armour,https://about.underarmour.com/en/stories/2025/03/under-armour-and-northwestern-university-announce-extension-of-p.html,Y,March 2025 renewal for several years; official outfitter for all 19 varsity programs since 2012.,official retrospective and renewal,A,legacy_054,official_announcement,,,,True,,,,,False,True,direct_contract_evidence
northwestern,2020-21,Northwestern,Under Armour,Under Armour,https://about.underarmour.com/en/stories/2025/03/under-armour-and-northwestern-university-announce-extension-of-p.html,Y,March 2025 renewal for several years; official outfitter for all 19 varsity programs since 2012.,official retrospective and renewal,A,legacy_054,official_announcement,,,,True,,,,,False,True,direct_contract_evidence
northwestern,2021-22,Northwestern,Under Armour,Under Armour,https://about.underarmour.com/en/stories/2025/03/under-armour-and-northwestern-university-announce-extension-of-p.html,Y,March 2025 renewal for several years; official outfitter for all 19 varsity programs since 2012.,official retrospective and renewal,A,legacy_054,official_announcement,,,,True,,,,,False,True,direct_contract_evidence
northwestern,2022-23,Northwestern,Under Armour,Under Armour,https://about.underarmour.com/en/stories/2025/03/under-armour-and-northwestern-university-announce-extension-of-p.html,Y,March 2025 renewal for several years; official outfitter for all 19 varsity programs since 2012.,official retrospective and renewal,A,legacy_054,official_announcement,,,,True,,,,,False,True,direct_contract_evidence
northwestern,2023-24,Northwestern,Under Armour,Under Armour,https://about.underarmour.com/en/stories/2025/03/under-armour-and-northwestern-university-announce-extension-of-p.html,Y,March 2025 renewal for several years; official outfitter for all 19 varsity programs since 2012.,official retrospective and renewal,A,legacy_054,official_announcement,,,,True,,,,,False,True,direct_contract_evidence
northwestern,2024-25,Northwestern,Under Armour,Under Armour,https://about.underarmour.com/en/stories/2025/03/under-armour-and-northwestern-university-announce-extension-of-p.html,Y,March 2025 renewal for several years; official outfitter for all 19 varsity programs since 2012.,official retrospective and renewal,A,legacy_054,official_announcement,,,,True,,,,,False,True,direct_contract_evidence
northwestern,2025-26,Northwestern,Under Armour,Under Armour,https://about.underarmour.com/en/stories/2025/03/under-armour-and-northwestern-university-announce-extension-of-p.html,Y,March 2025 renewal for several years; official outfitter for all 19 varsity programs since 2012.,official retrospective and renewal,A,legacy_054,official_announcement,,,,True,,,,,False,True,direct_contract_evidence
notre_dame,2017-18,Notre Dame,Under Armour,Under Armour,https://about.underarmour.com/en/stories/2023/08/under-armour-and-notre-dame-march-on-together-.html,Y,2023 announcement describes nearly decade-long relationship and ten-year renewal for 26 varsity teams.,official announcement; study-window coverage only,A,legacy_013,official_announcement,,,,True,,,,,False,True,direct_contract_evidence
notre_dame,2018-19,Notre Dame,Under Armour,Under Armour,https://about.underarmour.com/en/stories/2023/08/under-armour-and-notre-dame-march-on-together-.html,Y,2023 announcement describes nearly decade-long relationship and ten-year renewal for 26 varsity teams.,official announcement; study-window coverage only,A,legacy_013,official_announcement,,,,True,,,,,False,True,direct_contract_evidence
notre_dame,2020-21,Notre Dame,Under Armour,Under Armour,https://about.underarmour.com/en/stories/2023/08/under-armour-and-notre-dame-march-on-together-.html,Y,2023 announcement describes nearly decade-long relationship and ten-year renewal for 26 varsity teams.,official announcement; study-window coverage only,A,legacy_013,official_announcement,,,,True,,,,,False,True,direct_contract_evidence
notre_dame,2021-22,Notre Dame,Under Armour,Under Armour,https://about.underarmour.com/en/stories/2023/08/under-armour-and-notre-dame-march-on-together-.html,Y,2023 announcement describes nearly decade-long relationship and ten-year renewal for 26 varsity teams.,official announcement; study-window coverage only,A,legacy_013,official_announcement,,,,True,,,,,False,True,direct_contract_evidence
notre_dame,2022-23,Notre Dame,Under Armour,Under Armour,https://about.underarmour.com/en/stories/2023/08/under-armour-and-notre-dame-march-on-together-.html,Y,2023 announcement describes nearly decade-long relationship and ten-year renewal for 26 varsity teams.,official announcement; study-window coverage only,A,legacy_013,official_announcement,,,,True,,,,,False,True,direct_contract_evidence
notre_dame,2023-24,Notre Dame,Under Armour,Under Armour,https://about.underarmour.com/en/stories/2023/08/under-armour-and-notre-dame-march-on-together-.html,Y,2023 announcement describes nearly decade-long relationship and ten-year renewal for 26 varsity teams.,official announcement; study-window coverage only,A,legacy_013,official_announcement,,,,True,,,,,False,True,direct_contract_evidence
notre_dame,2024-25,Notre Dame,Under Armour,Under Armour,https://about.underarmour.com/en/stories/2023/08/under-armour-and-notre-dame-march-on-together-.html,Y,2023 announcement describes nearly decade-long relationship and ten-year renewal for 26 varsity teams.,official announcement; study-window coverage only,A,legacy_013,official_announcement,,,,True,,,,,False,True,direct_contract_evidence
notre_dame,2025-26,Notre Dame,Under Armour,Under Armour,https://about.underarmour.com/en/stories/2023/08/under-armour-and-notre-dame-march-on-together-.html,Y,2023 announcement describes nearly decade-long relationship and ten-year renewal for 26 varsity teams.,official announcement; study-window coverage only,A,legacy_013,official_announcement,,,,True,,,,,False,True,direct_contract_evidence
ohio_state,2017-18,Ohio State,Nike,Nike,https://ohiostatebuckeyes.com/news/2016/1/14/ohio-state-and-nike-sign-groundbreaking-college-partnership,Y,Existing partnership extended through 2033 in January 2016.,official announcement; study-window coverage only,A,legacy_016,official_announcement,,,,True,,,,,False,True,direct_contract_evidence
ohio_state,2018-19,Ohio State,Nike,Nike,https://ohiostatebuckeyes.com/news/2016/1/14/ohio-state-and-nike-sign-groundbreaking-college-partnership,Y,Existing partnership extended through 2033 in January 2016.,official announcement; study-window coverage only,A,legacy_016,official_announcement,,,,True,,,,,False,True,direct_contract_evidence
ohio_state,2020-21,Ohio State,Nike,Nike,https://ohiostatebuckeyes.com/news/2016/1/14/ohio-state-and-nike-sign-groundbreaking-college-partnership,Y,Existing partnership extended through 2033 in January 2016.,official announcement; study-window coverage only,A,legacy_016,official_announcement,,,,True,,,,,False,True,direct_contract_evidence
ohio_state,2021-22,Ohio State,Nike,Nike,https://ohiostatebuckeyes.com/news/2016/1/14/ohio-state-and-nike-sign-groundbreaking-college-partnership,Y,Existing partnership extended through 2033 in January 2016.,official announcement; study-window coverage only,A,legacy_016,official_announcement,,,,True,,,,,False,True,direct_contract_evidence
ohio_state,2022-23,Ohio State,Nike,Nike,https://ohiostatebuckeyes.com/news/2016/1/14/ohio-state-and-nike-sign-groundbreaking-college-partnership,Y,Existing partnership extended through 2033 in January 2016.,official announcement; study-window coverage only,A,legacy_016,official_announcement,,,,True,,,,,False,True,direct_contract_evidence
ohio_state,2023-24,Ohio State,Nike,Nike,https://ohiostatebuckeyes.com/news/2016/1/14/ohio-state-and-nike-sign-groundbreaking-college-partnership,Y,Existing partnership extended through 2033 in January 2016.,official announcement; study-window coverage only,A,legacy_016,official_announcement,,,,True,,,,,False,True,direct_contract_evidence
ohio_state,2024-25,Ohio State,Nike,Nike,https://ohiostatebuckeyes.com/news/2016/1/14/ohio-state-and-nike-sign-groundbreaking-college-partnership,Y,Existing partnership extended through 2033 in January 2016.,official announcement; study-window coverage only,A,legacy_016,official_announcement,,,,True,,,,,False,True,direct_contract_evidence
ohio_state,2025-26,Ohio State,Nike,Nike,https://ohiostatebuckeyes.com/news/2016/1/14/ohio-state-and-nike-sign-groundbreaking-college-partnership,Y,Existing partnership extended through 2033 in January 2016.,official announcement; study-window coverage only,A,legacy_016,official_announcement,,,,True,,,,,False,True,direct_contract_evidence
oklahoma,2017-18,Oklahoma,Nike,Nike,https://www.oudaily.com/sports/oklahoma-sports-ou-contract-with-nike-jordan-brand-worth-near-70-million/article_b59e45c0-911b-11e8-8d0b-43bb3d5f5abf.html,Y,Contract reporting: 2014-24 term extended through June 2028; Jordan football and basketball stay in Nike parent group.,university newspaper contract reporting,A,legacy_033,secondary_contract_reporting,,,,True,,,,,False,True,direct_contract_evidence
oklahoma,2018-19,Oklahoma,Nike,Nike,https://www.oudaily.com/sports/oklahoma-sports-ou-contract-with-nike-jordan-brand-worth-near-70-million/article_b59e45c0-911b-11e8-8d0b-43bb3d5f5abf.html,Y,Contract reporting: 2014-24 term extended through June 2028; Jordan football and basketball stay in Nike parent group.,university newspaper contract reporting,A,legacy_033,secondary_contract_reporting,,,,True,,,,,False,True,direct_contract_evidence
oklahoma,2020-21,Oklahoma,Nike,Nike,https://www.oudaily.com/sports/oklahoma-sports-ou-contract-with-nike-jordan-brand-worth-near-70-million/article_b59e45c0-911b-11e8-8d0b-43bb3d5f5abf.html,Y,Contract reporting: 2014-24 term extended through June 2028; Jordan football and basketball stay in Nike parent group.,university newspaper contract reporting,A,legacy_033,secondary_contract_reporting,,,,True,,,,,False,True,direct_contract_evidence
oklahoma,2021-22,Oklahoma,Nike,Nike,https://www.oudaily.com/sports/oklahoma-sports-ou-contract-with-nike-jordan-brand-worth-near-70-million/article_b59e45c0-911b-11e8-8d0b-43bb3d5f5abf.html,Y,Contract reporting: 2014-24 term extended through June 2028; Jordan football and basketball stay in Nike parent group.,university newspaper contract reporting,A,legacy_033,secondary_contract_reporting,,,,True,,,,,False,True,direct_contract_evidence
oklahoma,2022-23,Oklahoma,Nike,Nike,https://www.oudaily.com/sports/oklahoma-sports-ou-contract-with-nike-jordan-brand-worth-near-70-million/article_b59e45c0-911b-11e8-8d0b-43bb3d5f5abf.html,Y,Contract reporting: 2014-24 term extended through June 2028; Jordan football and basketball stay in Nike parent group.,university newspaper contract reporting,A,legacy_033,secondary_contract_reporting,,,,True,,,,,False,True,direct_contract_evidence
oklahoma,2023-24,Oklahoma,Nike,Nike,https://www.oudaily.com/sports/oklahoma-sports-ou-contract-with-nike-jordan-brand-worth-near-70-million/article_b59e45c0-911b-11e8-8d0b-43bb3d5f5abf.html,Y,Contract reporting: 2014-24 term extended through June 2028; Jordan football and basketball stay in Nike parent group.,university newspaper contract reporting,A,legacy_033,secondary_contract_reporting,,,,True,,,,,False,True,direct_contract_evidence
oklahoma,2024-25,Oklahoma,Nike,Nike,https://www.oudaily.com/sports/oklahoma-sports-ou-contract-with-nike-jordan-brand-worth-near-70-million/article_b59e45c0-911b-11e8-8d0b-43bb3d5f5abf.html,Y,Contract reporting: 2014-24 term extended through June 2028; Jordan football and basketball stay in Nike parent group.,university newspaper contract reporting,A,legacy_033,secondary_contract_reporting,,,,True,,,,,False,True,direct_contract_evidence
oklahoma,2025-26,Oklahoma,Nike,Nike,https://www.oudaily.com/sports/oklahoma-sports-ou-contract-with-nike-jordan-brand-worth-near-70-million/article_b59e45c0-911b-11e8-8d0b-43bb3d5f5abf.html,Y,Contract reporting: 2014-24 term extended through June 2028; Jordan football and basketball stay in Nike parent group.,university newspaper contract reporting,A,legacy_033,secondary_contract_reporting,,,,True,,,,,False,True,direct_contract_evidence
oklahoma_state,2017-18,Oklahoma State,Nike,Nike,https://www2.kusports.com/weblogs/tale-tait/2017/sep/28/kus-deal-with-adidas-is-companys-second/,Y,2017 contract roundup identifies Nike term through 2025.,newspaper contract compilation; underlying dates not independently inspected,A,legacy_063,secondary_contract_reporting,,,,True,,,,,False,True,direct_contract_evidence
oklahoma_state,2018-19,Oklahoma State,Nike,Nike,https://www2.kusports.com/weblogs/tale-tait/2017/sep/28/kus-deal-with-adidas-is-companys-second/,Y,2017 contract roundup identifies Nike term through 2025.,newspaper contract compilation; underlying dates not independently inspected,A,legacy_063,secondary_contract_reporting,,,,True,,,,,False,True,direct_contract_evidence
oklahoma_state,2020-21,Oklahoma State,Nike,Nike,https://www2.kusports.com/weblogs/tale-tait/2017/sep/28/kus-deal-with-adidas-is-companys-second/,Y,2017 contract roundup identifies Nike term through 2025.,newspaper contract compilation; underlying dates not independently inspected,A,legacy_063,secondary_contract_reporting,,,,True,,,,,False,True,direct_contract_evidence
oklahoma_state,2021-22,Oklahoma State,Nike,Nike,https://www2.kusports.com/weblogs/tale-tait/2017/sep/28/kus-deal-with-adidas-is-companys-second/,Y,2017 contract roundup identifies Nike term through 2025.,newspaper contract compilation; underlying dates not independently inspected,A,legacy_063,secondary_contract_reporting,,,,True,,,,,False,True,direct_contract_evidence
oklahoma_state,2022-23,Oklahoma State,Nike,Nike,https://www2.kusports.com/weblogs/tale-tait/2017/sep/28/kus-deal-with-adidas-is-companys-second/,Y,2017 contract roundup identifies Nike term through 2025.,newspaper contract compilation; underlying dates not independently inspected,A,legacy_063,secondary_contract_reporting,,,,True,,,,,False,True,direct_contract_evidence
oklahoma_state,2023-24,Oklahoma State,Nike,Nike,https://www2.kusports.com/weblogs/tale-tait/2017/sep/28/kus-deal-with-adidas-is-companys-second/,Y,2017 contract roundup identifies Nike term through 2025.,newspaper contract compilation; underlying dates not independently inspected,A,legacy_063,secondary_contract_reporting,,,,True,,,,,False,True,direct_contract_evidence
oklahoma_state,2024-25,Oklahoma State,Nike,Nike,https://www2.kusports.com/weblogs/tale-tait/2017/sep/28/kus-deal-with-adidas-is-companys-second/,Y,2017 contract roundup identifies Nike term through 2025.,newspaper contract compilation; underlying dates not independently inspected,A,legacy_063,secondary_contract_reporting,,,,True,,,,,False,True,direct_contract_evidence
ole_miss,2017-18,Ole Miss,Nike,Nike,https://olemisssports.com/news/2015/8/31/Ole_Miss_Makes_Major_Announcements,Y,2015 announcement extends Nike contract for twelve years.,official dated announcement,A,legacy_035,official_announcement,,,,True,,,,,False,True,direct_contract_evidence
ole_miss,2018-19,Ole Miss,Nike,Nike,https://olemisssports.com/news/2015/8/31/Ole_Miss_Makes_Major_Announcements,Y,2015 announcement extends Nike contract for twelve years.,official dated announcement,A,legacy_035,official_announcement,,,,True,,,,,False,True,direct_contract_evidence
ole_miss,2020-21,Ole Miss,Nike,Nike,https://olemisssports.com/news/2015/8/31/Ole_Miss_Makes_Major_Announcements,Y,2015 announcement extends Nike contract for twelve years.,official dated announcement,A,legacy_035,official_announcement,,,,True,,,,,False,True,direct_contract_evidence
ole_miss,2021-22,Ole Miss,Nike,Nike,https://olemisssports.com/news/2015/8/31/Ole_Miss_Makes_Major_Announcements,Y,2015 announcement extends Nike contract for twelve years.,official dated announcement,A,legacy_035,official_announcement,,,,True,,,,,False,True,direct_contract_evidence
ole_miss,2022-23,Ole Miss,Nike,Nike,https://olemisssports.com/news/2015/8/31/Ole_Miss_Makes_Major_Announcements,Y,2015 announcement extends Nike contract for twelve years.,official dated announcement,A,legacy_035,official_announcement,,,,True,,,,,False,True,direct_contract_evidence
ole_miss,2023-24,Ole Miss,Nike,Nike,https://olemisssports.com/news/2015/8/31/Ole_Miss_Makes_Major_Announcements,Y,2015 announcement extends Nike contract for twelve years.,official dated announcement,A,legacy_035,official_announcement,,,,True,,,,,False,True,direct_contract_evidence
ole_miss,2024-25,Ole Miss,Nike,Nike,https://olemisssports.com/news/2015/8/31/Ole_Miss_Makes_Major_Announcements,Y,2015 announcement extends Nike contract for twelve years.,official dated announcement,A,legacy_035,official_announcement,,,,True,,,,,False,True,direct_contract_evidence
ole_miss,2025-26,Ole Miss,Nike,Nike,https://olemisssports.com/news/2015/8/31/Ole_Miss_Makes_Major_Announcements,Y,2015 announcement extends Nike contract for twelve years.,official dated announcement,A,legacy_035,official_announcement,,,,True,,,,,False,True,direct_contract_evidence
oregon,2017-18,Oregon,Nike,Nike,https://trustees.uoregon.edu/sites/default/files/minutes_-_full_bot_12.08.17.pdf,Y,"Board minutes PDF p.2 approve multi-sport Nike agreement on December 8, 2017. Companion board packet sets July 1, 2017–May 31, 2028 term.",approved university board minutes plus agreement packet,A,legacy_103,board_record,,,,True,,,,,False,True,direct_contract_evidence
oregon,2018-19,Oregon,Nike,Nike,https://trustees.uoregon.edu/sites/default/files/minutes_-_full_bot_12.08.17.pdf,Y,"Board minutes PDF p.2 approve multi-sport Nike agreement on December 8, 2017. Companion board packet sets July 1, 2017–May 31, 2028 term.",approved university board minutes plus agreement packet,A,legacy_103,board_record,,,,True,,,,,False,True,direct_contract_evidence
oregon,2020-21,Oregon,Nike,Nike,https://trustees.uoregon.edu/sites/default/files/minutes_-_full_bot_12.08.17.pdf,Y,"Board minutes PDF p.2 approve multi-sport Nike agreement on December 8, 2017. Companion board packet sets July 1, 2017–May 31, 2028 term.",approved university board minutes plus agreement packet,A,legacy_103,board_record,,,,True,,,,,False,True,direct_contract_evidence
oregon,2021-22,Oregon,Nike,Nike,https://trustees.uoregon.edu/sites/default/files/minutes_-_full_bot_12.08.17.pdf,Y,"Board minutes PDF p.2 approve multi-sport Nike agreement on December 8, 2017. Companion board packet sets July 1, 2017–May 31, 2028 term.",approved university board minutes plus agreement packet,A,legacy_103,board_record,,,,True,,,,,False,True,direct_contract_evidence
oregon,2022-23,Oregon,Nike,Nike,https://trustees.uoregon.edu/sites/default/files/minutes_-_full_bot_12.08.17.pdf,Y,"Board minutes PDF p.2 approve multi-sport Nike agreement on December 8, 2017. Companion board packet sets July 1, 2017–May 31, 2028 term.",approved university board minutes plus agreement packet,A,legacy_103,board_record,,,,True,,,,,False,True,direct_contract_evidence
oregon,2023-24,Oregon,Nike,Nike,https://trustees.uoregon.edu/sites/default/files/minutes_-_full_bot_12.08.17.pdf,Y,"Board minutes PDF p.2 approve multi-sport Nike agreement on December 8, 2017. Companion board packet sets July 1, 2017–May 31, 2028 term.",approved university board minutes plus agreement packet,A,legacy_103,board_record,,,,True,,,,,False,True,direct_contract_evidence
oregon,2024-25,Oregon,Nike,Nike,https://trustees.uoregon.edu/sites/default/files/minutes_-_full_bot_12.08.17.pdf,Y,"Board minutes PDF p.2 approve multi-sport Nike agreement on December 8, 2017. Companion board packet sets July 1, 2017–May 31, 2028 term.",approved university board minutes plus agreement packet,A,legacy_103,board_record,,,,True,,,,,False,True,direct_contract_evidence
oregon,2025-26,Oregon,Nike,Nike,https://trustees.uoregon.edu/sites/default/files/minutes_-_full_bot_12.08.17.pdf,Y,"Board minutes PDF p.2 approve multi-sport Nike agreement on December 8, 2017. Companion board packet sets July 1, 2017–May 31, 2028 term.",approved university board minutes plus agreement packet,A,legacy_103,board_record,,,,True,,,,,False,True,direct_contract_evidence
penn_state,2017-18,Penn State,Nike,Nike,https://www.centredaily.com/sports/college/penn-state-university/article316333759.html,Y,"July 1, 2026 adidas launch ends thirty-three-year Nike relationship.",local newspaper retrospective,A,legacy_056,secondary_contract_reporting,,,,True,,,,,False,True,direct_contract_evidence
penn_state,2018-19,Penn State,Nike,Nike,https://www.centredaily.com/sports/college/penn-state-university/article316333759.html,Y,"July 1, 2026 adidas launch ends thirty-three-year Nike relationship.",local newspaper retrospective,A,legacy_056,secondary_contract_reporting,,,,True,,,,,False,True,direct_contract_evidence
penn_state,2020-21,Penn State,Nike,Nike,https://www.centredaily.com/sports/college/penn-state-university/article316333759.html,Y,"July 1, 2026 adidas launch ends thirty-three-year Nike relationship.",local newspaper retrospective,A,legacy_056,secondary_contract_reporting,,,,True,,,,,False,True,direct_contract_evidence
penn_state,2021-22,Penn State,Nike,Nike,https://www.centredaily.com/sports/college/penn-state-university/article316333759.html,Y,"July 1, 2026 adidas launch ends thirty-three-year Nike relationship.",local newspaper retrospective,A,legacy_056,secondary_contract_reporting,,,,True,,,,,False,True,direct_contract_evidence
penn_state,2022-23,Penn State,Nike,Nike,https://www.centredaily.com/sports/college/penn-state-university/article316333759.html,Y,"July 1, 2026 adidas launch ends thirty-three-year Nike relationship.",local newspaper retrospective,A,legacy_056,secondary_contract_reporting,,,,True,,,,,False,True,direct_contract_evidence
penn_state,2023-24,Penn State,Nike,Nike,https://www.centredaily.com/sports/college/penn-state-university/article316333759.html,Y,"July 1, 2026 adidas launch ends thirty-three-year Nike relationship.",local newspaper retrospective,A,legacy_056,secondary_contract_reporting,,,,True,,,,,False,True,direct_contract_evidence
penn_state,2024-25,Penn State,Nike,Nike,https://www.centredaily.com/sports/college/penn-state-university/article316333759.html,Y,"July 1, 2026 adidas launch ends thirty-three-year Nike relationship.",local newspaper retrospective,A,legacy_056,secondary_contract_reporting,,,,True,,,,,False,True,direct_contract_evidence
penn_state,2025-26,Penn State,Nike,Nike,https://www.centredaily.com/sports/college/penn-state-university/article316333759.html,Y,"July 1, 2026 adidas launch ends thirty-three-year Nike relationship.",local newspaper retrospective,A,legacy_056,secondary_contract_reporting,,,,True,,,,,False,True,direct_contract_evidence
pittsburgh,2017-18,Pittsburgh,Nike,Nike,https://pittsburghpanthers.com/news/2023/7/6/general-pitt-extends-partnership-with-nike-through-2026,Y,2023 renewal through 2026; retrospective identifies nearly fifteen years of department partnership.,official retrospective and renewal,A,legacy_034,official_announcement,,,,True,,,,,False,True,direct_contract_evidence
pittsburgh,2018-19,Pittsburgh,Nike,Nike,https://pittsburghpanthers.com/news/2023/7/6/general-pitt-extends-partnership-with-nike-through-2026,Y,2023 renewal through 2026; retrospective identifies nearly fifteen years of department partnership.,official retrospective and renewal,A,legacy_034,official_announcement,,,,True,,,,,False,True,direct_contract_evidence
pittsburgh,2020-21,Pittsburgh,Nike,Nike,https://pittsburghpanthers.com/news/2023/7/6/general-pitt-extends-partnership-with-nike-through-2026,Y,2023 renewal through 2026; retrospective identifies nearly fifteen years of department partnership.,official retrospective and renewal,A,legacy_034,official_announcement,,,,True,,,,,False,True,direct_contract_evidence
pittsburgh,2021-22,Pittsburgh,Nike,Nike,https://pittsburghpanthers.com/news/2023/7/6/general-pitt-extends-partnership-with-nike-through-2026,Y,2023 renewal through 2026; retrospective identifies nearly fifteen years of department partnership.,official retrospective and renewal,A,legacy_034,official_announcement,,,,True,,,,,False,True,direct_contract_evidence
pittsburgh,2022-23,Pittsburgh,Nike,Nike,https://pittsburghpanthers.com/news/2023/7/6/general-pitt-extends-partnership-with-nike-through-2026,Y,2023 renewal through 2026; retrospective identifies nearly fifteen years of department partnership.,official retrospective and renewal,A,legacy_034,official_announcement,,,,True,,,,,False,True,direct_contract_evidence
pittsburgh,2023-24,Pittsburgh,Nike,Nike,https://pittsburghpanthers.com/news/2023/7/6/general-pitt-extends-partnership-with-nike-through-2026,Y,2023 renewal through 2026; retrospective identifies nearly fifteen years of department partnership.,official retrospective and renewal,A,legacy_034,official_announcement,,,,True,,,,,False,True,direct_contract_evidence
pittsburgh,2024-25,Pittsburgh,Nike,Nike,https://pittsburghpanthers.com/news/2023/7/6/general-pitt-extends-partnership-with-nike-through-2026,Y,2023 renewal through 2026; retrospective identifies nearly fifteen years of department partnership.,official retrospective and renewal,A,legacy_034,official_announcement,,,,True,,,,,False,True,direct_contract_evidence
pittsburgh,2025-26,Pittsburgh,Nike,Nike,https://pittsburghpanthers.com/news/2023/7/6/general-pitt-extends-partnership-with-nike-through-2026,Y,2023 renewal through 2026; retrospective identifies nearly fifteen years of department partnership.,official retrospective and renewal,A,legacy_034,official_announcement,,,,True,,,,,False,True,direct_contract_evidence
princeton,2021-22,Princeton,Nike,Nike,https://s3.us-east-2.amazonaws.com/sidearm.nextgen.sites/princeton.sidearmsports.com/documents/2021/7/28/NIL_FAQ_for_Student_Athletes_7_28_21.pdf?timestamp=20210728052335,Y,"July 28, 2021 NIL FAQ identifies exclusive Nike contract.",dated university policy snapshot,B,legacy_095,official_policy,2021-07-28,,,True,,,,,False,True,dated_official_use
princeton,2022-23,Princeton,Nike,Nike,https://goprincetontigers.com/documents/download/2023/5/24/Princeton_NIL_Policy__May_2023__26_.pdf_timestamp_20230524015649.pdf,Y,May 2023 NIL policy identifies Nike among exclusive university contracts.,dated university policy snapshot,B,legacy_096,official_policy,2023-05-24,,,True,,,,,False,True,dated_official_use
purdue,2017-18,Purdue,Nike,Nike,https://athleticdirectoru.com/articles/cash-is-king-in-intercollegiate-apparel-agreements/,Y,CRIA researchers table identifies provider in 2017-18 only. No forward-fill. Known erroneous Rutgers entry in compilation not used.,researchers contract compilation snapshot,A,legacy_079,secondary_contract_reporting,,,,True,,,,,False,True,direct_contract_evidence
purdue,2018-19,Purdue,Nike,Nike,https://athleticdirectoru.com/articles/cash-is-king-in-intercollegiate-apparel-agreements/,N,Inferred between 2017-18 (A) and 2025-26 (B); same provider and no known intervening transition in reviewed evidence.,"continuity inference; endpoints only, not direct seasonal observation",C,,inferred_from_two_sources,,,,True,2017-18,2025-26,https://athleticdirectoru.com/articles/cash-is-king-in-intercollegiate-apparel-agreements/,https://web.archive.org/web/20251115235824/https://purduesports.com/,True,True,inferred_continuity
purdue,2020-21,Purdue,Nike,Nike,https://athleticdirectoru.com/articles/cash-is-king-in-intercollegiate-apparel-agreements/,N,Inferred between 2017-18 (A) and 2025-26 (B); same provider and no known intervening transition in reviewed evidence.,"continuity inference; endpoints only, not direct seasonal observation",C,,inferred_from_two_sources,,,,True,2017-18,2025-26,https://athleticdirectoru.com/articles/cash-is-king-in-intercollegiate-apparel-agreements/,https://web.archive.org/web/20251115235824/https://purduesports.com/,True,True,inferred_continuity
purdue,2021-22,Purdue,Nike,Nike,https://athleticdirectoru.com/articles/cash-is-king-in-intercollegiate-apparel-agreements/,N,Inferred between 2017-18 (A) and 2025-26 (B); same provider and no known intervening transition in reviewed evidence.,"continuity inference; endpoints only, not direct seasonal observation",C,,inferred_from_two_sources,,,,True,2017-18,2025-26,https://athleticdirectoru.com/articles/cash-is-king-in-intercollegiate-apparel-agreements/,https://web.archive.org/web/20251115235824/https://purduesports.com/,True,True,inferred_continuity
purdue,2022-23,Purdue,Nike,Nike,https://athleticdirectoru.com/articles/cash-is-king-in-intercollegiate-apparel-agreements/,N,Inferred between 2017-18 (A) and 2025-26 (B); same provider and no known intervening transition in reviewed evidence.,"continuity inference; endpoints only, not direct seasonal observation",C,,inferred_from_two_sources,,,,True,2017-18,2025-26,https://athleticdirectoru.com/articles/cash-is-king-in-intercollegiate-apparel-agreements/,https://web.archive.org/web/20251115235824/https://purduesports.com/,True,True,inferred_continuity
purdue,2023-24,Purdue,Nike,Nike,https://athleticdirectoru.com/articles/cash-is-king-in-intercollegiate-apparel-agreements/,N,Inferred between 2017-18 (A) and 2025-26 (B); same provider and no known intervening transition in reviewed evidence.,"continuity inference; endpoints only, not direct seasonal observation",C,,inferred_from_two_sources,,,,True,2017-18,2025-26,https://athleticdirectoru.com/articles/cash-is-king-in-intercollegiate-apparel-agreements/,https://web.archive.org/web/20251115235824/https://purduesports.com/,True,True,inferred_continuity
purdue,2024-25,Purdue,Nike,Nike,https://athleticdirectoru.com/articles/cash-is-king-in-intercollegiate-apparel-agreements/,N,Inferred between 2017-18 (A) and 2025-26 (B); same provider and no known intervening transition in reviewed evidence.,"continuity inference; endpoints only, not direct seasonal observation",C,,inferred_from_two_sources,,,,True,2017-18,2025-26,https://athleticdirectoru.com/articles/cash-is-king-in-intercollegiate-apparel-agreements/,https://web.archive.org/web/20251115235824/https://purduesports.com/,True,True,inferred_continuity
purdue,2025-26,Purdue,Nike,Nike,https://web.archive.org/web/20251115235824/https://purduesports.com/,Y,Nike identified in archived official athletics footer partner/sponsor section; Snapshot reviewed during research; follow the archive URL to inspect the original.,dated official evidence,B,tier_123,wayback_official_site,2025-11-15,https://web.archive.org/web/20251115235824/https://purduesports.com/,2025-11-15,True,,,,,False,True,dated_official_use
rutgers,2017-18,Rutgers,adidas,adidas,https://scarletknights.com/news/2017/2/13/Rutgers_Athletics_Announces_Partnership_with_adidas,Y,"All-school deal July 1, 2017 through 2023-24. Last extension year needs separate source.",official dated announcement,A,legacy_047,official_announcement,,,,True,,,,,False,True,direct_contract_evidence
rutgers,2018-19,Rutgers,adidas,adidas,https://scarletknights.com/news/2017/2/13/Rutgers_Athletics_Announces_Partnership_with_adidas,Y,"All-school deal July 1, 2017 through 2023-24. Last extension year needs separate source.",official dated announcement,A,legacy_047,official_announcement,,,,True,,,,,False,True,direct_contract_evidence
rutgers,2020-21,Rutgers,adidas,adidas,https://scarletknights.com/news/2017/2/13/Rutgers_Athletics_Announces_Partnership_with_adidas,Y,"All-school deal July 1, 2017 through 2023-24. Last extension year needs separate source.",official dated announcement,A,legacy_047,official_announcement,,,,True,,,,,False,True,direct_contract_evidence
rutgers,2021-22,Rutgers,adidas,adidas,https://scarletknights.com/news/2017/2/13/Rutgers_Athletics_Announces_Partnership_with_adidas,Y,"All-school deal July 1, 2017 through 2023-24. Last extension year needs separate source.",official dated announcement,A,legacy_047,official_announcement,,,,True,,,,,False,True,direct_contract_evidence
rutgers,2022-23,Rutgers,adidas,adidas,https://scarletknights.com/news/2017/2/13/Rutgers_Athletics_Announces_Partnership_with_adidas,Y,"All-school deal July 1, 2017 through 2023-24. Last extension year needs separate source.",official dated announcement,A,legacy_047,official_announcement,,,,True,,,,,False,True,direct_contract_evidence
rutgers,2023-24,Rutgers,adidas,adidas,https://scarletknights.com/news/2017/2/13/Rutgers_Athletics_Announces_Partnership_with_adidas,Y,"All-school deal July 1, 2017 through 2023-24. Last extension year needs separate source.",official dated announcement,A,legacy_047,official_announcement,,,,True,,,,,False,True,direct_contract_evidence
rutgers,2024-25,Rutgers,adidas,adidas,https://sports.yahoo.com/rutgers-approve-nike-athletics-apparel-200631396.html,Y,"December 2024 reporting confirms adidas tenure since July 2017, with Nike replacing it July 1, 2025.",syndicated newspaper reporting,A,legacy_082,secondary_contract_reporting,,,,True,,,,,False,True,direct_contract_evidence
rutgers,2025-26,Rutgers,Nike,Nike,https://scarletknights.com/news/2024/12/17/general-athletics-signs-apparel-partnership-with-nike-and-bsn-sports,Y,All 24 programs; agreement begins July 2025.,official announcement; study-window coverage only,A,legacy_002,official_announcement,,,,True,,,,,False,True,direct_contract_evidence
smu,2017-18,SMU,Nike,Nike,https://web.archive.org/web/20171001043446/http://smumustangs.com/,Y,Archived official athletics site displays brand in department footer or sponsor section. Archived Snapshot reviewed during research; follow the archive URL to inspect the original.,dated official evidence,B,tier_111,wayback_official_site,2017-10-01,https://web.archive.org/web/20171001043446/http://smumustangs.com/,2017-10-01,True,,,,,False,True,dated_official_use
smu,2018-19,SMU,Nike,Nike,https://web.archive.org/web/20171001043446/http://smumustangs.com/,N,Inferred between 2017-18 (B) and 2025-26 (B); same provider and no known intervening transition in reviewed evidence.,"continuity inference; endpoints only, not direct seasonal observation",C,,inferred_from_two_sources,,,,True,2017-18,2025-26,https://web.archive.org/web/20171001043446/http://smumustangs.com/,https://web.archive.org/web/20251001093455/https://smumustangs.com/,True,True,inferred_continuity
smu,2020-21,SMU,Nike,Nike,https://web.archive.org/web/20171001043446/http://smumustangs.com/,N,Inferred between 2017-18 (B) and 2025-26 (B); same provider and no known intervening transition in reviewed evidence.,"continuity inference; endpoints only, not direct seasonal observation",C,,inferred_from_two_sources,,,,True,2017-18,2025-26,https://web.archive.org/web/20171001043446/http://smumustangs.com/,https://web.archive.org/web/20251001093455/https://smumustangs.com/,True,True,inferred_continuity
smu,2021-22,SMU,Nike,Nike,https://web.archive.org/web/20171001043446/http://smumustangs.com/,N,Inferred between 2017-18 (B) and 2025-26 (B); same provider and no known intervening transition in reviewed evidence.,"continuity inference; endpoints only, not direct seasonal observation",C,,inferred_from_two_sources,,,,True,2017-18,2025-26,https://web.archive.org/web/20171001043446/http://smumustangs.com/,https://web.archive.org/web/20251001093455/https://smumustangs.com/,True,True,inferred_continuity
smu,2022-23,SMU,Nike,Nike,https://web.archive.org/web/20171001043446/http://smumustangs.com/,N,Inferred between 2017-18 (B) and 2025-26 (B); same provider and no known intervening transition in reviewed evidence.,"continuity inference; endpoints only, not direct seasonal observation",C,,inferred_from_two_sources,,,,True,2017-18,2025-26,https://web.archive.org/web/20171001043446/http://smumustangs.com/,https://web.archive.org/web/20251001093455/https://smumustangs.com/,True,True,inferred_continuity
smu,2023-24,SMU,Nike,Nike,https://web.archive.org/web/20171001043446/http://smumustangs.com/,N,Inferred between 2017-18 (B) and 2025-26 (B); same provider and no known intervening transition in reviewed evidence.,"continuity inference; endpoints only, not direct seasonal observation",C,,inferred_from_two_sources,,,,True,2017-18,2025-26,https://web.archive.org/web/20171001043446/http://smumustangs.com/,https://web.archive.org/web/20251001093455/https://smumustangs.com/,True,True,inferred_continuity
smu,2024-25,SMU,Nike,Nike,https://web.archive.org/web/20171001043446/http://smumustangs.com/,N,Inferred between 2017-18 (B) and 2025-26 (B); same provider and no known intervening transition in reviewed evidence.,"continuity inference; endpoints only, not direct seasonal observation",C,,inferred_from_two_sources,,,,True,2017-18,2025-26,https://web.archive.org/web/20171001043446/http://smumustangs.com/,https://web.archive.org/web/20251001093455/https://smumustangs.com/,True,True,inferred_continuity
smu,2025-26,SMU,Nike,Nike,https://web.archive.org/web/20251001093455/https://smumustangs.com/,Y,Archived official athletics site displays brand in department footer or sponsor section. Archived Snapshot reviewed during research; follow the archive URL to inspect the original.,dated official evidence,B,tier_105,wayback_official_site,2025-10-01,https://web.archive.org/web/20251001093455/https://smumustangs.com/,2025-10-01,True,,,,,False,True,dated_official_use
south_carolina,2017-18,South Carolina,Under Armour,Under Armour,https://www.sc.edu/uofsc/posts/2025/08/board-of-trustees-briefs-august-2025.php,Y,"University confirms department-wide UA history since 2011-12; replacement Nike contract starts July 1, 2026.",official retrospective and transition,A,legacy_055,official_announcement,,,,True,,,,,False,True,direct_contract_evidence
south_carolina,2018-19,South Carolina,Under Armour,Under Armour,https://www.sc.edu/uofsc/posts/2025/08/board-of-trustees-briefs-august-2025.php,Y,"University confirms department-wide UA history since 2011-12; replacement Nike contract starts July 1, 2026.",official retrospective and transition,A,legacy_055,official_announcement,,,,True,,,,,False,True,direct_contract_evidence
south_carolina,2020-21,South Carolina,Under Armour,Under Armour,https://www.sc.edu/uofsc/posts/2025/08/board-of-trustees-briefs-august-2025.php,Y,"University confirms department-wide UA history since 2011-12; replacement Nike contract starts July 1, 2026.",official retrospective and transition,A,legacy_055,official_announcement,,,,True,,,,,False,True,direct_contract_evidence
south_carolina,2021-22,South Carolina,Under Armour,Under Armour,https://www.sc.edu/uofsc/posts/2025/08/board-of-trustees-briefs-august-2025.php,Y,"University confirms department-wide UA history since 2011-12; replacement Nike contract starts July 1, 2026.",official retrospective and transition,A,legacy_055,official_announcement,,,,True,,,,,False,True,direct_contract_evidence
south_carolina,2022-23,South Carolina,Under Armour,Under Armour,https://www.sc.edu/uofsc/posts/2025/08/board-of-trustees-briefs-august-2025.php,Y,"University confirms department-wide UA history since 2011-12; replacement Nike contract starts July 1, 2026.",official retrospective and transition,A,legacy_055,official_announcement,,,,True,,,,,False,True,direct_contract_evidence
south_carolina,2023-24,South Carolina,Under Armour,Under Armour,https://www.sc.edu/uofsc/posts/2025/08/board-of-trustees-briefs-august-2025.php,Y,"University confirms department-wide UA history since 2011-12; replacement Nike contract starts July 1, 2026.",official retrospective and transition,A,legacy_055,official_announcement,,,,True,,,,,False,True,direct_contract_evidence
south_carolina,2024-25,South Carolina,Under Armour,Under Armour,https://www.sc.edu/uofsc/posts/2025/08/board-of-trustees-briefs-august-2025.php,Y,"University confirms department-wide UA history since 2011-12; replacement Nike contract starts July 1, 2026.",official retrospective and transition,A,legacy_055,official_announcement,,,,True,,,,,False,True,direct_contract_evidence
south_carolina,2025-26,South Carolina,Under Armour,Under Armour,https://www.sc.edu/uofsc/posts/2025/08/board-of-trustees-briefs-august-2025.php,Y,"University confirms department-wide UA history since 2011-12; replacement Nike contract starts July 1, 2026.",official retrospective and transition,A,legacy_055,official_announcement,,,,True,,,,,False,True,direct_contract_evidence
stanford,2022-23,Stanford,Nike,Nike,https://journals.indianapolis.iu.edu/index.php/jlas/article/download/27106/24837,Y,2023 paper p.61 identifies existing Nike deal supplying all athletics teams. No term extrapolation.,peer-reviewed research current-contract statement,A,legacy_094,secondary_contract_reporting,,,,True,,,,,False,True,direct_contract_evidence
syracuse,2017-18,Syracuse,Nike,Nike,https://cuse.com/news/2019/6/14/general-syracuse-and-nike-extend-partnership,Y,Official retrospective confirms every sport has worn Nike since 2002-03; June 2019 renewal covers all 20 teams.,official announcement,A,tier_113,official_announcement,2019-06-14,,,True,,,,,False,True,direct_contract_evidence
syracuse,2018-19,Syracuse,Nike,Nike,https://cuse.com/news/2019/6/14/general-syracuse-and-nike-extend-partnership,Y,Official retrospective confirms every sport has worn Nike since 2002-03; June 2019 renewal covers all 20 teams.,official announcement,A,tier_113,official_announcement,2019-06-14,,,True,,,,,False,True,direct_contract_evidence
syracuse,2020-21,Syracuse,Nike,Nike,https://cuse.com/news/2019/6/14/general-syracuse-and-nike-extend-partnership,N,Inferred between 2018-19 (A) and 2025-26 (B); same provider and no known intervening transition in reviewed evidence.,"continuity inference; endpoints only, not direct seasonal observation",C,,inferred_from_two_sources,,,,True,2018-19,2025-26,https://cuse.com/news/2019/6/14/general-syracuse-and-nike-extend-partnership,https://cuse.com/news/2026/5/22/mens-lacrosse-cuse-at-championship-weekend-live-blog,True,True,inferred_continuity
syracuse,2021-22,Syracuse,Nike,Nike,https://cuse.com/news/2019/6/14/general-syracuse-and-nike-extend-partnership,N,Inferred between 2018-19 (A) and 2025-26 (B); same provider and no known intervening transition in reviewed evidence.,"continuity inference; endpoints only, not direct seasonal observation",C,,inferred_from_two_sources,,,,True,2018-19,2025-26,https://cuse.com/news/2019/6/14/general-syracuse-and-nike-extend-partnership,https://cuse.com/news/2026/5/22/mens-lacrosse-cuse-at-championship-weekend-live-blog,True,True,inferred_continuity
syracuse,2022-23,Syracuse,Nike,Nike,https://cuse.com/news/2019/6/14/general-syracuse-and-nike-extend-partnership,N,Inferred between 2018-19 (A) and 2025-26 (B); same provider and no known intervening transition in reviewed evidence.,"continuity inference; endpoints only, not direct seasonal observation",C,,inferred_from_two_sources,,,,True,2018-19,2025-26,https://cuse.com/news/2019/6/14/general-syracuse-and-nike-extend-partnership,https://cuse.com/news/2026/5/22/mens-lacrosse-cuse-at-championship-weekend-live-blog,True,True,inferred_continuity
syracuse,2023-24,Syracuse,Nike,Nike,https://cuse.com/news/2019/6/14/general-syracuse-and-nike-extend-partnership,N,Inferred between 2018-19 (A) and 2025-26 (B); same provider and no known intervening transition in reviewed evidence.,"continuity inference; endpoints only, not direct seasonal observation",C,,inferred_from_two_sources,,,,True,2018-19,2025-26,https://cuse.com/news/2019/6/14/general-syracuse-and-nike-extend-partnership,https://cuse.com/news/2026/5/22/mens-lacrosse-cuse-at-championship-weekend-live-blog,True,True,inferred_continuity
syracuse,2024-25,Syracuse,Nike,Nike,https://cuse.com/news/2019/6/14/general-syracuse-and-nike-extend-partnership,N,Inferred between 2018-19 (A) and 2025-26 (B); same provider and no known intervening transition in reviewed evidence.,"continuity inference; endpoints only, not direct seasonal observation",C,,inferred_from_two_sources,,,,True,2018-19,2025-26,https://cuse.com/news/2019/6/14/general-syracuse-and-nike-extend-partnership,https://cuse.com/news/2026/5/22/mens-lacrosse-cuse-at-championship-weekend-live-blog,True,True,inferred_continuity
syracuse,2025-26,Syracuse,Nike,Nike,https://cuse.com/news/2026/5/22/mens-lacrosse-cuse-at-championship-weekend-live-blog,Y,Dated official championship report confirms team Nike gear. Use corroborates previously documented department provider; team exceptions retained as limitation.,dated official evidence,B,tier_114,official_dated_use,2026-05-22,,,True,,,,,False,True,dated_official_use
tcu,2017-18,TCU,Nike,Nike,https://www2.kusports.com/weblogs/tale-tait/2017/sep/28/kus-deal-with-adidas-is-companys-second/,Y,2017 sponsor snapshot; source explicitly says contract years unavailable.,newspaper snapshot,A,legacy_091,secondary_contract_reporting,,,,True,,,,,False,True,direct_contract_evidence
tcu,2018-19,TCU,Nike,Nike,https://www2.kusports.com/weblogs/tale-tait/2017/sep/28/kus-deal-with-adidas-is-companys-second/,N,Inferred between 2017-18 (A) and 2025-26 (B); same provider and no known intervening transition in reviewed evidence.,"continuity inference; endpoints only, not direct seasonal observation",C,,inferred_from_two_sources,,,,True,2017-18,2025-26,https://www2.kusports.com/weblogs/tale-tait/2017/sep/28/kus-deal-with-adidas-is-companys-second/,https://web.archive.org/web/20251116001121/https://gofrogs.com/,True,True,inferred_continuity
tcu,2020-21,TCU,Nike,Nike,https://www2.kusports.com/weblogs/tale-tait/2017/sep/28/kus-deal-with-adidas-is-companys-second/,N,Inferred between 2017-18 (A) and 2025-26 (B); same provider and no known intervening transition in reviewed evidence.,"continuity inference; endpoints only, not direct seasonal observation",C,,inferred_from_two_sources,,,,True,2017-18,2025-26,https://www2.kusports.com/weblogs/tale-tait/2017/sep/28/kus-deal-with-adidas-is-companys-second/,https://web.archive.org/web/20251116001121/https://gofrogs.com/,True,True,inferred_continuity
tcu,2021-22,TCU,Nike,Nike,https://www2.kusports.com/weblogs/tale-tait/2017/sep/28/kus-deal-with-adidas-is-companys-second/,N,Inferred between 2017-18 (A) and 2025-26 (B); same provider and no known intervening transition in reviewed evidence.,"continuity inference; endpoints only, not direct seasonal observation",C,,inferred_from_two_sources,,,,True,2017-18,2025-26,https://www2.kusports.com/weblogs/tale-tait/2017/sep/28/kus-deal-with-adidas-is-companys-second/,https://web.archive.org/web/20251116001121/https://gofrogs.com/,True,True,inferred_continuity
tcu,2022-23,TCU,Nike,Nike,https://www2.kusports.com/weblogs/tale-tait/2017/sep/28/kus-deal-with-adidas-is-companys-second/,N,Inferred between 2017-18 (A) and 2025-26 (B); same provider and no known intervening transition in reviewed evidence.,"continuity inference; endpoints only, not direct seasonal observation",C,,inferred_from_two_sources,,,,True,2017-18,2025-26,https://www2.kusports.com/weblogs/tale-tait/2017/sep/28/kus-deal-with-adidas-is-companys-second/,https://web.archive.org/web/20251116001121/https://gofrogs.com/,True,True,inferred_continuity
tcu,2023-24,TCU,Nike,Nike,https://www2.kusports.com/weblogs/tale-tait/2017/sep/28/kus-deal-with-adidas-is-companys-second/,N,Inferred between 2017-18 (A) and 2025-26 (B); same provider and no known intervening transition in reviewed evidence.,"continuity inference; endpoints only, not direct seasonal observation",C,,inferred_from_two_sources,,,,True,2017-18,2025-26,https://www2.kusports.com/weblogs/tale-tait/2017/sep/28/kus-deal-with-adidas-is-companys-second/,https://web.archive.org/web/20251116001121/https://gofrogs.com/,True,True,inferred_continuity
tcu,2024-25,TCU,Nike,Nike,https://www2.kusports.com/weblogs/tale-tait/2017/sep/28/kus-deal-with-adidas-is-companys-second/,N,Inferred between 2017-18 (A) and 2025-26 (B); same provider and no known intervening transition in reviewed evidence.,"continuity inference; endpoints only, not direct seasonal observation",C,,inferred_from_two_sources,,,,True,2017-18,2025-26,https://www2.kusports.com/weblogs/tale-tait/2017/sep/28/kus-deal-with-adidas-is-companys-second/,https://web.archive.org/web/20251116001121/https://gofrogs.com/,True,True,inferred_continuity
tcu,2025-26,TCU,Nike,Nike,https://web.archive.org/web/20251116001121/https://gofrogs.com/,Y,Nike identified in archived official athletics footer partner/sponsor section; Snapshot reviewed during research; follow the archive URL to inspect the original.,dated official evidence,B,tier_122,wayback_official_site,2025-11-16,https://web.archive.org/web/20251116001121/https://gofrogs.com/,2025-11-16,True,,,,,False,True,dated_official_use
tennessee,2017-18,Tennessee,Nike,Nike,https://utsports.com/news/2014/1/31/UT_Announces_Partnership_With_NIKE,Y,"All 20 programs from July 1, 2015 through June 30, 2023. Later renewal not yet verified.",official announcement; study-window coverage only,A,legacy_020,official_announcement,,,,True,,,,,False,True,direct_contract_evidence
tennessee,2018-19,Tennessee,Nike,Nike,https://utsports.com/news/2014/1/31/UT_Announces_Partnership_With_NIKE,Y,"All 20 programs from July 1, 2015 through June 30, 2023. Later renewal not yet verified.",official announcement; study-window coverage only,A,legacy_020,official_announcement,,,,True,,,,,False,True,direct_contract_evidence
tennessee,2020-21,Tennessee,Nike,Nike,https://utsports.com/news/2014/1/31/UT_Announces_Partnership_With_NIKE,Y,"All 20 programs from July 1, 2015 through June 30, 2023. Later renewal not yet verified.",official announcement; study-window coverage only,A,legacy_020,official_announcement,,,,True,,,,,False,True,direct_contract_evidence
tennessee,2021-22,Tennessee,Nike,Nike,https://utsports.com/news/2014/1/31/UT_Announces_Partnership_With_NIKE,Y,"All 20 programs from July 1, 2015 through June 30, 2023. Later renewal not yet verified.",official announcement; study-window coverage only,A,legacy_020,official_announcement,,,,True,,,,,False,True,direct_contract_evidence
tennessee,2022-23,Tennessee,Nike,Nike,https://utsports.com/news/2014/1/31/UT_Announces_Partnership_With_NIKE,Y,"All 20 programs from July 1, 2015 through June 30, 2023. Later renewal not yet verified.",official announcement; study-window coverage only,A,legacy_020,official_announcement,,,,True,,,,,False,True,direct_contract_evidence
tennessee,2023-24,Tennessee,Nike,Nike,https://sports.yahoo.com/article/tennessee-athletics-switching-adidas-nike-181159677.html,Y,Reports extension of 2023 expiry through 2025-26; adidas begins following season.,syndicated newspaper reporting,A,legacy_053,secondary_contract_reporting,,,,True,,,,,False,True,direct_contract_evidence
tennessee,2024-25,Tennessee,Nike,Nike,https://sports.yahoo.com/article/tennessee-athletics-switching-adidas-nike-181159677.html,Y,Reports extension of 2023 expiry through 2025-26; adidas begins following season.,syndicated newspaper reporting,A,legacy_053,secondary_contract_reporting,,,,True,,,,,False,True,direct_contract_evidence
tennessee,2025-26,Tennessee,Nike,Nike,https://sports.yahoo.com/article/tennessee-athletics-switching-adidas-nike-181159677.html,Y,Reports extension of 2023 expiry through 2025-26; adidas begins following season.,syndicated newspaper reporting,A,legacy_053,secondary_contract_reporting,,,,True,,,,,False,True,direct_contract_evidence
texas,2017-18,Texas,Nike,Nike,https://www.utsystem.edu/sites/default/files/offices/board-of-regents/board-meetings/board-minutes/10-30-2015meeting1141.pdf,Y,Board minutes pp.3-4 record carried motion; apparel term July 2016 through June 2031.,university board minutes,A,legacy_057,board_record,,,,True,,,,,False,True,direct_contract_evidence
texas,2018-19,Texas,Nike,Nike,https://www.utsystem.edu/sites/default/files/offices/board-of-regents/board-meetings/board-minutes/10-30-2015meeting1141.pdf,Y,Board minutes pp.3-4 record carried motion; apparel term July 2016 through June 2031.,university board minutes,A,legacy_057,board_record,,,,True,,,,,False,True,direct_contract_evidence
texas,2020-21,Texas,Nike,Nike,https://www.utsystem.edu/sites/default/files/offices/board-of-regents/board-meetings/board-minutes/10-30-2015meeting1141.pdf,Y,Board minutes pp.3-4 record carried motion; apparel term July 2016 through June 2031.,university board minutes,A,legacy_057,board_record,,,,True,,,,,False,True,direct_contract_evidence
texas,2021-22,Texas,Nike,Nike,https://www.utsystem.edu/sites/default/files/offices/board-of-regents/board-meetings/board-minutes/10-30-2015meeting1141.pdf,Y,Board minutes pp.3-4 record carried motion; apparel term July 2016 through June 2031.,university board minutes,A,legacy_057,board_record,,,,True,,,,,False,True,direct_contract_evidence
texas,2022-23,Texas,Nike,Nike,https://www.utsystem.edu/sites/default/files/offices/board-of-regents/board-meetings/board-minutes/10-30-2015meeting1141.pdf,Y,Board minutes pp.3-4 record carried motion; apparel term July 2016 through June 2031.,university board minutes,A,legacy_057,board_record,,,,True,,,,,False,True,direct_contract_evidence
texas,2023-24,Texas,Nike,Nike,https://www.utsystem.edu/sites/default/files/offices/board-of-regents/board-meetings/board-minutes/10-30-2015meeting1141.pdf,Y,Board minutes pp.3-4 record carried motion; apparel term July 2016 through June 2031.,university board minutes,A,legacy_057,board_record,,,,True,,,,,False,True,direct_contract_evidence
texas,2024-25,Texas,Nike,Nike,https://www.utsystem.edu/sites/default/files/offices/board-of-regents/board-meetings/board-minutes/10-30-2015meeting1141.pdf,Y,Board minutes pp.3-4 record carried motion; apparel term July 2016 through June 2031.,university board minutes,A,legacy_057,board_record,,,,True,,,,,False,True,direct_contract_evidence
texas,2025-26,Texas,Nike,Nike,https://www.utsystem.edu/sites/default/files/offices/board-of-regents/board-meetings/board-minutes/10-30-2015meeting1141.pdf,Y,Board minutes pp.3-4 record carried motion; apparel term July 2016 through June 2031.,university board minutes,A,legacy_057,board_record,,,,True,,,,,False,True,direct_contract_evidence
texas_a_m,2017-18,Texas A&M,adidas,adidas,https://cdn.vox-cdn.com/uploads/chorus_asset/file/3974634/Adidas_FINAL__1_.0.pdf,Y,"Contract schedule covers 2014-15 through 2021-22. Track and field explicitly excluded; primary department provider, not every sport.",public copy of contract,A,legacy_058,contract,,,,True,,,,,False,True,direct_contract_evidence
texas_a_m,2018-19,Texas A&M,adidas,adidas,https://cdn.vox-cdn.com/uploads/chorus_asset/file/3974634/Adidas_FINAL__1_.0.pdf,Y,"Contract schedule covers 2014-15 through 2021-22. Track and field explicitly excluded; primary department provider, not every sport.",public copy of contract,A,legacy_058,contract,,,,True,,,,,False,True,direct_contract_evidence
texas_a_m,2020-21,Texas A&M,adidas,adidas,https://cdn.vox-cdn.com/uploads/chorus_asset/file/3974634/Adidas_FINAL__1_.0.pdf,Y,"Contract schedule covers 2014-15 through 2021-22. Track and field explicitly excluded; primary department provider, not every sport.",public copy of contract,A,legacy_058,contract,,,,True,,,,,False,True,direct_contract_evidence
texas_a_m,2021-22,Texas A&M,adidas,adidas,https://cdn.vox-cdn.com/uploads/chorus_asset/file/3974634/Adidas_FINAL__1_.0.pdf,Y,"Contract schedule covers 2014-15 through 2021-22. Track and field explicitly excluded; primary department provider, not every sport.",public copy of contract,A,legacy_058,contract,,,,True,,,,,False,True,direct_contract_evidence
texas_a_m,2022-23,Texas A&M,adidas,adidas,https://www.sportsbusinessjournal.com/Articles/2024/05/06/texas-am-aggies-renew-adidas-partnership/?issueId=VD7KES7GVMHBL2WFUIH7JMKCKU,Y,"Five-year agreement begins July 2022, ends 2027.",secondary contract reporting,A,legacy_041,secondary_contract_reporting,,,,True,,,,,False,True,direct_contract_evidence
texas_a_m,2023-24,Texas A&M,adidas,adidas,https://www.sportsbusinessjournal.com/Articles/2024/05/06/texas-am-aggies-renew-adidas-partnership/?issueId=VD7KES7GVMHBL2WFUIH7JMKCKU,Y,"Five-year agreement begins July 2022, ends 2027.",secondary contract reporting,A,legacy_041,secondary_contract_reporting,,,,True,,,,,False,True,direct_contract_evidence
texas_a_m,2024-25,Texas A&M,adidas,adidas,https://www.sportsbusinessjournal.com/Articles/2024/05/06/texas-am-aggies-renew-adidas-partnership/?issueId=VD7KES7GVMHBL2WFUIH7JMKCKU,Y,"Five-year agreement begins July 2022, ends 2027.",secondary contract reporting,A,legacy_041,secondary_contract_reporting,,,,True,,,,,False,True,direct_contract_evidence
texas_a_m,2025-26,Texas A&M,adidas,adidas,https://www.sportsbusinessjournal.com/Articles/2024/05/06/texas-am-aggies-renew-adidas-partnership/?issueId=VD7KES7GVMHBL2WFUIH7JMKCKU,Y,"Five-year agreement begins July 2022, ends 2027.",secondary contract reporting,A,legacy_041,secondary_contract_reporting,,,,True,,,,,False,True,direct_contract_evidence
texas_tech,2017-18,Texas Tech,Under Armour,Under Armour,https://texastech.com/news/2015/2/17/Texas_Tech_Agrees_To_Six_Year_Extension_With_Under_Armour,Y,"2015 announcement confirms agreement through June 30, 2020.",official dated announcement,A,legacy_051,official_announcement,,,,True,,,,,False,True,direct_contract_evidence
texas_tech,2018-19,Texas Tech,Under Armour,Under Armour,https://texastech.com/news/2015/2/17/Texas_Tech_Agrees_To_Six_Year_Extension_With_Under_Armour,Y,"2015 announcement confirms agreement through June 30, 2020.",official dated announcement,A,legacy_051,official_announcement,,,,True,,,,,False,True,direct_contract_evidence
texas_tech,2020-21,Texas Tech,Under Armour,Under Armour,https://www.sportsbusinessjournal.com/Articles/2023/10/24/texas-tech-joining-adidas-leaving-under-armour-patrick-mahomes-instagram-post/,Y,2024 adidas transition ends eighteen-year run with Under Armour.,secondary retrospective,A,legacy_085,secondary_contract_reporting,,,,True,,,,,False,True,direct_contract_evidence
texas_tech,2021-22,Texas Tech,Under Armour,Under Armour,https://www.sportsbusinessjournal.com/Articles/2023/10/24/texas-tech-joining-adidas-leaving-under-armour-patrick-mahomes-instagram-post/,Y,2024 adidas transition ends eighteen-year run with Under Armour.,secondary retrospective,A,legacy_085,secondary_contract_reporting,,,,True,,,,,False,True,direct_contract_evidence
texas_tech,2022-23,Texas Tech,Under Armour,Under Armour,https://www.sportsbusinessjournal.com/Articles/2023/10/24/texas-tech-joining-adidas-leaving-under-armour-patrick-mahomes-instagram-post/,Y,2024 adidas transition ends eighteen-year run with Under Armour.,secondary retrospective,A,legacy_085,secondary_contract_reporting,,,,True,,,,,False,True,direct_contract_evidence
texas_tech,2023-24,Texas Tech,Under Armour,Under Armour,https://www.sportsbusinessjournal.com/Articles/2023/10/24/texas-tech-joining-adidas-leaving-under-armour-patrick-mahomes-instagram-post/,Y,2024 adidas transition ends eighteen-year run with Under Armour.,secondary retrospective,A,legacy_085,secondary_contract_reporting,,,,True,,,,,False,True,direct_contract_evidence
texas_tech,2024-25,Texas Tech,adidas,adidas,https://texastech.com/news/2024/7/1/general-texas-tech-adidas-launch-10-year-partnership,Y,"Ten-year all-department partnership effective July 1, 2024.",official announcement; study-window coverage only,A,legacy_014,official_announcement,,,,True,,,,,False,True,direct_contract_evidence
texas_tech,2025-26,Texas Tech,adidas,adidas,https://texastech.com/news/2024/7/1/general-texas-tech-adidas-launch-10-year-partnership,Y,"Ten-year all-department partnership effective July 1, 2024.",official announcement; study-window coverage only,A,legacy_014,official_announcement,,,,True,,,,,False,True,direct_contract_evidence
ucf,2017-18,UCF,Nike,Nike,https://ucfknights.com/news/2023/10/31/ucf-athletics-and-nike-extend-agreement-through-2029,Y,2023 announcement confirms Nike school since 2010; renewal through 2028-29.,official retrospective and renewal,A,legacy_036,official_announcement,,,,True,,,,,False,True,direct_contract_evidence
ucf,2018-19,UCF,Nike,Nike,https://ucfknights.com/news/2023/10/31/ucf-athletics-and-nike-extend-agreement-through-2029,Y,2023 announcement confirms Nike school since 2010; renewal through 2028-29.,official retrospective and renewal,A,legacy_036,official_announcement,,,,True,,,,,False,True,direct_contract_evidence
ucf,2020-21,UCF,Nike,Nike,https://ucfknights.com/news/2023/10/31/ucf-athletics-and-nike-extend-agreement-through-2029,Y,2023 announcement confirms Nike school since 2010; renewal through 2028-29.,official retrospective and renewal,A,legacy_036,official_announcement,,,,True,,,,,False,True,direct_contract_evidence
ucf,2021-22,UCF,Nike,Nike,https://ucfknights.com/news/2023/10/31/ucf-athletics-and-nike-extend-agreement-through-2029,Y,2023 announcement confirms Nike school since 2010; renewal through 2028-29.,official retrospective and renewal,A,legacy_036,official_announcement,,,,True,,,,,False,True,direct_contract_evidence
ucf,2022-23,UCF,Nike,Nike,https://ucfknights.com/news/2023/10/31/ucf-athletics-and-nike-extend-agreement-through-2029,Y,2023 announcement confirms Nike school since 2010; renewal through 2028-29.,official retrospective and renewal,A,legacy_036,official_announcement,,,,True,,,,,False,True,direct_contract_evidence
ucf,2023-24,UCF,Nike,Nike,https://ucfknights.com/news/2023/10/31/ucf-athletics-and-nike-extend-agreement-through-2029,Y,2023 announcement confirms Nike school since 2010; renewal through 2028-29.,official retrospective and renewal,A,legacy_036,official_announcement,,,,True,,,,,False,True,direct_contract_evidence
ucf,2024-25,UCF,Nike,Nike,https://ucfknights.com/news/2023/10/31/ucf-athletics-and-nike-extend-agreement-through-2029,Y,2023 announcement confirms Nike school since 2010; renewal through 2028-29.,official retrospective and renewal,A,legacy_036,official_announcement,,,,True,,,,,False,True,direct_contract_evidence
ucf,2025-26,UCF,Nike,Nike,https://ucfknights.com/news/2023/10/31/ucf-athletics-and-nike-extend-agreement-through-2029,Y,2023 announcement confirms Nike school since 2010; renewal through 2028-29.,official retrospective and renewal,A,legacy_036,official_announcement,,,,True,,,,,False,True,direct_contract_evidence
ucla,2017-18,UCLA,Under Armour,Under Armour,https://uclabruins.com/news/2017/07/1/ucla-under-armour-kick-off-partnership,Y,Arrangement launches July 2017; later termination means original scheduled end cannot be used.,official dated announcement,A,legacy_050,official_announcement,,,,True,,,,,False,True,direct_contract_evidence
ucla,2018-19,UCLA,Under Armour,Under Armour,https://uclabruins.com/news/2017/07/1/ucla-under-armour-kick-off-partnership,Y,Arrangement launches July 2017; later termination means original scheduled end cannot be used.,official dated announcement,A,legacy_050,official_announcement,,,,True,,,,,False,True,direct_contract_evidence
ucla,2020-21,UCLA,Under Armour,Under Armour,https://www.latimes.com/sports/story/2020-10-08/ucla-seeking-new-apparel-partner-will-wear-under-armour-this-year,Y,UCLA continued wearing Under Armour during 2020-21 despite its contract dispute.,dated newspaper report; outfit use does not establish sponsorship payments,A,legacy_100,secondary_contract_reporting,,,,True,,,,,False,True,direct_contract_evidence
ucla,2021-22,UCLA,Nike,Nike,https://uclabruins.com/documents/download/2024/9/19/02-Release_Indiana_2024_FB.pdf,Y,"Six-year deal begins July 1, 2021: Nike 22 teams; Jordan football and basketball. Department coded Nike with mixed footprint retained here.",official announcement; study-window coverage only,A,legacy_005,official_announcement,,,,True,,,,,False,True,direct_contract_evidence
ucla,2022-23,UCLA,Nike,Nike,https://uclabruins.com/documents/download/2024/9/19/02-Release_Indiana_2024_FB.pdf,Y,"Six-year deal begins July 1, 2021: Nike 22 teams; Jordan football and basketball. Department coded Nike with mixed footprint retained here.",official announcement; study-window coverage only,A,legacy_005,official_announcement,,,,True,,,,,False,True,direct_contract_evidence
ucla,2023-24,UCLA,Nike,Nike,https://uclabruins.com/documents/download/2024/9/19/02-Release_Indiana_2024_FB.pdf,Y,"Six-year deal begins July 1, 2021: Nike 22 teams; Jordan football and basketball. Department coded Nike with mixed footprint retained here.",official announcement; study-window coverage only,A,legacy_005,official_announcement,,,,True,,,,,False,True,direct_contract_evidence
ucla,2024-25,UCLA,Nike,Nike,https://uclabruins.com/documents/download/2024/9/19/02-Release_Indiana_2024_FB.pdf,Y,"Six-year deal begins July 1, 2021: Nike 22 teams; Jordan football and basketball. Department coded Nike with mixed footprint retained here.",official announcement; study-window coverage only,A,legacy_005,official_announcement,,,,True,,,,,False,True,direct_contract_evidence
ucla,2025-26,UCLA,Nike,Nike,https://uclabruins.com/documents/download/2024/9/19/02-Release_Indiana_2024_FB.pdf,Y,"Six-year deal begins July 1, 2021: Nike 22 teams; Jordan football and basketball. Department coded Nike with mixed footprint retained here.",official announcement; study-window coverage only,A,legacy_005,official_announcement,,,,True,,,,,False,True,direct_contract_evidence
usc,2017-18,USC,Nike,Nike,https://usctrojans.com/news/2026/7/14/usc-trojans-athletics-nike-jerseys-uniforms-gear-apparel-shoes-deal-extension-nil,Y,2026 retrospective explicitly describes continuous all-school partnership for more than thirty years.,official retrospective,A,legacy_031,official_announcement,,,,True,,,,,False,True,direct_contract_evidence
usc,2018-19,USC,Nike,Nike,https://usctrojans.com/news/2026/7/14/usc-trojans-athletics-nike-jerseys-uniforms-gear-apparel-shoes-deal-extension-nil,Y,2026 retrospective explicitly describes continuous all-school partnership for more than thirty years.,official retrospective,A,legacy_031,official_announcement,,,,True,,,,,False,True,direct_contract_evidence
usc,2020-21,USC,Nike,Nike,https://usctrojans.com/news/2026/7/14/usc-trojans-athletics-nike-jerseys-uniforms-gear-apparel-shoes-deal-extension-nil,Y,2026 retrospective explicitly describes continuous all-school partnership for more than thirty years.,official retrospective,A,legacy_031,official_announcement,,,,True,,,,,False,True,direct_contract_evidence
usc,2021-22,USC,Nike,Nike,https://usctrojans.com/news/2026/7/14/usc-trojans-athletics-nike-jerseys-uniforms-gear-apparel-shoes-deal-extension-nil,Y,2026 retrospective explicitly describes continuous all-school partnership for more than thirty years.,official retrospective,A,legacy_031,official_announcement,,,,True,,,,,False,True,direct_contract_evidence
usc,2022-23,USC,Nike,Nike,https://usctrojans.com/news/2026/7/14/usc-trojans-athletics-nike-jerseys-uniforms-gear-apparel-shoes-deal-extension-nil,Y,2026 retrospective explicitly describes continuous all-school partnership for more than thirty years.,official retrospective,A,legacy_031,official_announcement,,,,True,,,,,False,True,direct_contract_evidence
usc,2023-24,USC,Nike,Nike,https://usctrojans.com/news/2026/7/14/usc-trojans-athletics-nike-jerseys-uniforms-gear-apparel-shoes-deal-extension-nil,Y,2026 retrospective explicitly describes continuous all-school partnership for more than thirty years.,official retrospective,A,legacy_031,official_announcement,,,,True,,,,,False,True,direct_contract_evidence
usc,2024-25,USC,Nike,Nike,https://usctrojans.com/news/2026/7/14/usc-trojans-athletics-nike-jerseys-uniforms-gear-apparel-shoes-deal-extension-nil,Y,2026 retrospective explicitly describes continuous all-school partnership for more than thirty years.,official retrospective,A,legacy_031,official_announcement,,,,True,,,,,False,True,direct_contract_evidence
usc,2025-26,USC,Nike,Nike,https://usctrojans.com/news/2026/7/14/usc-trojans-athletics-nike-jerseys-uniforms-gear-apparel-shoes-deal-extension-nil,Y,2026 retrospective explicitly describes continuous all-school partnership for more than thirty years.,official retrospective,A,legacy_031,official_announcement,,,,True,,,,,False,True,direct_contract_evidence
utah,2017-18,Utah,Under Armour,Under Armour,https://utahutes.com/news/2016/10/12/general-utah-athletics-and-under-armour-sign-extension,Y,2016 ten-year extension covers varsity programs through June 2027.,official dated announcement,A,legacy_037,official_announcement,,,,True,,,,,False,True,direct_contract_evidence
utah,2018-19,Utah,Under Armour,Under Armour,https://utahutes.com/news/2016/10/12/general-utah-athletics-and-under-armour-sign-extension,Y,2016 ten-year extension covers varsity programs through June 2027.,official dated announcement,A,legacy_037,official_announcement,,,,True,,,,,False,True,direct_contract_evidence
utah,2020-21,Utah,Under Armour,Under Armour,https://utahutes.com/news/2016/10/12/general-utah-athletics-and-under-armour-sign-extension,Y,2016 ten-year extension covers varsity programs through June 2027.,official dated announcement,A,legacy_037,official_announcement,,,,True,,,,,False,True,direct_contract_evidence
utah,2021-22,Utah,Under Armour,Under Armour,https://utahutes.com/news/2016/10/12/general-utah-athletics-and-under-armour-sign-extension,Y,2016 ten-year extension covers varsity programs through June 2027.,official dated announcement,A,legacy_037,official_announcement,,,,True,,,,,False,True,direct_contract_evidence
utah,2022-23,Utah,Under Armour,Under Armour,https://utahutes.com/news/2016/10/12/general-utah-athletics-and-under-armour-sign-extension,Y,2016 ten-year extension covers varsity programs through June 2027.,official dated announcement,A,legacy_037,official_announcement,,,,True,,,,,False,True,direct_contract_evidence
utah,2023-24,Utah,Under Armour,Under Armour,https://utahutes.com/news/2016/10/12/general-utah-athletics-and-under-armour-sign-extension,Y,2016 ten-year extension covers varsity programs through June 2027.,official dated announcement,A,legacy_037,official_announcement,,,,True,,,,,False,True,direct_contract_evidence
utah,2024-25,Utah,Under Armour,Under Armour,https://utahutes.com/news/2016/10/12/general-utah-athletics-and-under-armour-sign-extension,Y,2016 ten-year extension covers varsity programs through June 2027.,official dated announcement,A,legacy_037,official_announcement,,,,True,,,,,False,True,direct_contract_evidence
utah,2025-26,Utah,Under Armour,Under Armour,https://utahutes.com/news/2016/10/12/general-utah-athletics-and-under-armour-sign-extension,Y,2016 ten-year extension covers varsity programs through June 2027.,official dated announcement,A,legacy_037,official_announcement,,,,True,,,,,False,True,direct_contract_evidence
vanderbilt,2017-18,Vanderbilt,Nike,Nike,https://vucommodores.com/news/2015/07/07/vanderbilt-nike-expand-agreement,Y,2015 announcement expands department-wide deal through 2023.,official dated announcement,A,legacy_038,official_announcement,,,,True,,,,,False,True,direct_contract_evidence
vanderbilt,2018-19,Vanderbilt,Nike,Nike,https://vucommodores.com/news/2015/07/07/vanderbilt-nike-expand-agreement,Y,2015 announcement expands department-wide deal through 2023.,official dated announcement,A,legacy_038,official_announcement,,,,True,,,,,False,True,direct_contract_evidence
vanderbilt,2020-21,Vanderbilt,Nike,Nike,https://vucommodores.com/news/2015/07/07/vanderbilt-nike-expand-agreement,Y,2015 announcement expands department-wide deal through 2023.,official dated announcement,A,legacy_038,official_announcement,,,,True,,,,,False,True,direct_contract_evidence
vanderbilt,2021-22,Vanderbilt,Nike,Nike,https://vucommodores.com/news/2015/07/07/vanderbilt-nike-expand-agreement,Y,2015 announcement expands department-wide deal through 2023.,official dated announcement,A,legacy_038,official_announcement,,,,True,,,,,False,True,direct_contract_evidence
vanderbilt,2022-23,Vanderbilt,Nike,Nike,https://vucommodores.com/news/2015/07/07/vanderbilt-nike-expand-agreement,Y,2015 announcement expands department-wide deal through 2023.,official dated announcement,A,legacy_038,official_announcement,,,,True,,,,,False,True,direct_contract_evidence
virginia,2017-18,Virginia,Nike,Nike,https://athleticdirectoru.com/articles/cash-is-king-in-intercollegiate-apparel-agreements/,Y,CRIA researchers table identifies provider in 2017-18 only. No forward-fill. Known erroneous Rutgers entry in compilation not used.,researchers contract compilation snapshot,A,legacy_080,secondary_contract_reporting,,,,True,,,,,False,True,direct_contract_evidence
virginia,2018-19,Virginia,Nike,Nike,https://athleticdirectoru.com/articles/cash-is-king-in-intercollegiate-apparel-agreements/,N,Inferred between 2017-18 (A) and 2025-26 (B); same provider and no known intervening transition in reviewed evidence.,"continuity inference; endpoints only, not direct seasonal observation",C,,inferred_from_two_sources,,,,True,2017-18,2025-26,https://athleticdirectoru.com/articles/cash-is-king-in-intercollegiate-apparel-agreements/,https://static.virginiasports.com/pdfs/w-bball/2025-26/GameNotes/012426-NCSU-GameNotes.pdf,True,True,inferred_continuity
virginia,2020-21,Virginia,Nike,Nike,https://athleticdirectoru.com/articles/cash-is-king-in-intercollegiate-apparel-agreements/,N,Inferred between 2017-18 (A) and 2025-26 (B); same provider and no known intervening transition in reviewed evidence.,"continuity inference; endpoints only, not direct seasonal observation",C,,inferred_from_two_sources,,,,True,2017-18,2025-26,https://athleticdirectoru.com/articles/cash-is-king-in-intercollegiate-apparel-agreements/,https://static.virginiasports.com/pdfs/w-bball/2025-26/GameNotes/012426-NCSU-GameNotes.pdf,True,True,inferred_continuity
virginia,2021-22,Virginia,Nike,Nike,https://athleticdirectoru.com/articles/cash-is-king-in-intercollegiate-apparel-agreements/,N,Inferred between 2017-18 (A) and 2025-26 (B); same provider and no known intervening transition in reviewed evidence.,"continuity inference; endpoints only, not direct seasonal observation",C,,inferred_from_two_sources,,,,True,2017-18,2025-26,https://athleticdirectoru.com/articles/cash-is-king-in-intercollegiate-apparel-agreements/,https://static.virginiasports.com/pdfs/w-bball/2025-26/GameNotes/012426-NCSU-GameNotes.pdf,True,True,inferred_continuity
virginia,2022-23,Virginia,Nike,Nike,https://athleticdirectoru.com/articles/cash-is-king-in-intercollegiate-apparel-agreements/,N,Inferred between 2017-18 (A) and 2025-26 (B); same provider and no known intervening transition in reviewed evidence.,"continuity inference; endpoints only, not direct seasonal observation",C,,inferred_from_two_sources,,,,True,2017-18,2025-26,https://athleticdirectoru.com/articles/cash-is-king-in-intercollegiate-apparel-agreements/,https://static.virginiasports.com/pdfs/w-bball/2025-26/GameNotes/012426-NCSU-GameNotes.pdf,True,True,inferred_continuity
virginia,2023-24,Virginia,Nike,Nike,https://athleticdirectoru.com/articles/cash-is-king-in-intercollegiate-apparel-agreements/,N,Inferred between 2017-18 (A) and 2025-26 (B); same provider and no known intervening transition in reviewed evidence.,"continuity inference; endpoints only, not direct seasonal observation",C,,inferred_from_two_sources,,,,True,2017-18,2025-26,https://athleticdirectoru.com/articles/cash-is-king-in-intercollegiate-apparel-agreements/,https://static.virginiasports.com/pdfs/w-bball/2025-26/GameNotes/012426-NCSU-GameNotes.pdf,True,True,inferred_continuity
virginia,2024-25,Virginia,Nike,Nike,https://athleticdirectoru.com/articles/cash-is-king-in-intercollegiate-apparel-agreements/,N,Inferred between 2017-18 (A) and 2025-26 (B); same provider and no known intervening transition in reviewed evidence.,"continuity inference; endpoints only, not direct seasonal observation",C,,inferred_from_two_sources,,,,True,2017-18,2025-26,https://athleticdirectoru.com/articles/cash-is-king-in-intercollegiate-apparel-agreements/,https://static.virginiasports.com/pdfs/w-bball/2025-26/GameNotes/012426-NCSU-GameNotes.pdf,True,True,inferred_continuity
virginia,2025-26,Virginia,Nike,Nike,https://static.virginiasports.com/pdfs/w-bball/2025-26/GameNotes/012426-NCSU-GameNotes.pdf,Y,"Official dated 2025-26 game notes p.42 broadcast sheet shows current team uniforms with Nike marks (e.g., Gabby White and Kymora Johnson). Visual evidence corroborates historical department provider; team scope noted.",dated official evidence,B,tier_125,official_game_notes_visual,2026-01-24,,,True,,,,,False,True,dated_official_use
virginia_tech,2017-18,Virginia Tech,Nike,Nike,https://techsideline.com/article/2016/05/25/virginia-techs-nike-deal,Y,"Contract reporting states July 1, 2014 through June 30, 2022.",specialist publication contract reporting,A,legacy_042,secondary_contract_reporting,,,,True,,,,,False,True,direct_contract_evidence
virginia_tech,2018-19,Virginia Tech,Nike,Nike,https://techsideline.com/article/2016/05/25/virginia-techs-nike-deal,Y,"Contract reporting states July 1, 2014 through June 30, 2022.",specialist publication contract reporting,A,legacy_042,secondary_contract_reporting,,,,True,,,,,False,True,direct_contract_evidence
virginia_tech,2020-21,Virginia Tech,Nike,Nike,https://techsideline.com/article/2016/05/25/virginia-techs-nike-deal,Y,"Contract reporting states July 1, 2014 through June 30, 2022.",specialist publication contract reporting,A,legacy_042,secondary_contract_reporting,,,,True,,,,,False,True,direct_contract_evidence
virginia_tech,2021-22,Virginia Tech,Nike,Nike,https://techsideline.com/article/2016/05/25/virginia-techs-nike-deal,Y,"Contract reporting states July 1, 2014 through June 30, 2022.",specialist publication contract reporting,A,legacy_042,secondary_contract_reporting,,,,True,,,,,False,True,direct_contract_evidence
virginia_tech,2022-23,Virginia Tech,Nike,Nike,https://techsideline.com/article/2016/05/25/virginia-techs-nike-deal,N,Inferred between 2021-22 (A) and 2025-26 (B); same provider and no known intervening transition in reviewed evidence.,"continuity inference; endpoints only, not direct seasonal observation",C,,inferred_from_two_sources,,,,True,2021-22,2025-26,https://techsideline.com/article/2016/05/25/virginia-techs-nike-deal,https://web.archive.org/web/20251001074352/https://hokiesports.com/,True,True,inferred_continuity
virginia_tech,2023-24,Virginia Tech,Nike,Nike,https://techsideline.com/article/2016/05/25/virginia-techs-nike-deal,N,Inferred between 2021-22 (A) and 2025-26 (B); same provider and no known intervening transition in reviewed evidence.,"continuity inference; endpoints only, not direct seasonal observation",C,,inferred_from_two_sources,,,,True,2021-22,2025-26,https://techsideline.com/article/2016/05/25/virginia-techs-nike-deal,https://web.archive.org/web/20251001074352/https://hokiesports.com/,True,True,inferred_continuity
virginia_tech,2024-25,Virginia Tech,Nike,Nike,https://techsideline.com/article/2016/05/25/virginia-techs-nike-deal,N,Inferred between 2021-22 (A) and 2025-26 (B); same provider and no known intervening transition in reviewed evidence.,"continuity inference; endpoints only, not direct seasonal observation",C,,inferred_from_two_sources,,,,True,2021-22,2025-26,https://techsideline.com/article/2016/05/25/virginia-techs-nike-deal,https://web.archive.org/web/20251001074352/https://hokiesports.com/,True,True,inferred_continuity
virginia_tech,2025-26,Virginia Tech,Nike,Nike,https://web.archive.org/web/20251001074352/https://hokiesports.com/,Y,Archived official athletics site displays brand in department footer or sponsor section. Archived Snapshot reviewed during research; follow the archive URL to inspect the original.,dated official evidence,B,tier_108,wayback_official_site,2025-10-01,https://web.archive.org/web/20251001074352/https://hokiesports.com/,2025-10-01,True,,,,,False,True,dated_official_use
wake_forest,2021-22,Wake Forest,Nike,Nike,https://godeacs.com/news/2021/12/16/general-wake-forest-teams-with-winston-salem-headquartered-globally-renowned-hanesbrands-inc-as-primary-licensed-apparel-partner,Y,December 2021 confirms Nike remains exclusive uniform supplier; Hanesbrands arrangement is retail licensing.,official dated announcement,B,legacy_093,official_announcement,2021-12-16,,,True,,,,,False,True,dated_official_use
washington,2017-18,Washington,Nike,Nike,https://www.seattlepi.com/sports/uw_huskies_wsu_cougars/article/The-Three-Stripe-era-UW-athletics-announces-14064340.php,Y,July 2019 adidas activation ends twenty-year Nike relationship.,newspaper retrospective,A,legacy_067,secondary_contract_reporting,,,,True,,,,,False,True,direct_contract_evidence
washington,2018-19,Washington,Nike,Nike,https://www.seattlepi.com/sports/uw_huskies_wsu_cougars/article/The-Three-Stripe-era-UW-athletics-announces-14064340.php,Y,July 2019 adidas activation ends twenty-year Nike relationship.,newspaper retrospective,A,legacy_067,secondary_contract_reporting,,,,True,,,,,False,True,direct_contract_evidence
washington,2020-21,Washington,adidas,adidas,https://gohuskies.com/news/2018/4/10/general-university-of-washington-agrees-to-terms-on-10-year-partnership-with-adidas,Y,"Ten-year agreement starts July 2019, ends June 2029. Transition occurs in excluded 2019-20 season; confirmed activated by SeattlePI July 2019 report.",official dated announcement,A,legacy_068,official_announcement,,,,True,,,,,False,True,direct_contract_evidence
washington,2021-22,Washington,adidas,adidas,https://gohuskies.com/news/2018/4/10/general-university-of-washington-agrees-to-terms-on-10-year-partnership-with-adidas,Y,"Ten-year agreement starts July 2019, ends June 2029. Transition occurs in excluded 2019-20 season; confirmed activated by SeattlePI July 2019 report.",official dated announcement,A,legacy_068,official_announcement,,,,True,,,,,False,True,direct_contract_evidence
washington,2022-23,Washington,adidas,adidas,https://gohuskies.com/news/2018/4/10/general-university-of-washington-agrees-to-terms-on-10-year-partnership-with-adidas,Y,"Ten-year agreement starts July 2019, ends June 2029. Transition occurs in excluded 2019-20 season; confirmed activated by SeattlePI July 2019 report.",official dated announcement,A,legacy_068,official_announcement,,,,True,,,,,False,True,direct_contract_evidence
washington,2023-24,Washington,adidas,adidas,https://gohuskies.com/news/2018/4/10/general-university-of-washington-agrees-to-terms-on-10-year-partnership-with-adidas,Y,"Ten-year agreement starts July 2019, ends June 2029. Transition occurs in excluded 2019-20 season; confirmed activated by SeattlePI July 2019 report.",official dated announcement,A,legacy_068,official_announcement,,,,True,,,,,False,True,direct_contract_evidence
washington,2024-25,Washington,adidas,adidas,https://gohuskies.com/news/2018/4/10/general-university-of-washington-agrees-to-terms-on-10-year-partnership-with-adidas,Y,"Ten-year agreement starts July 2019, ends June 2029. Transition occurs in excluded 2019-20 season; confirmed activated by SeattlePI July 2019 report.",official dated announcement,A,legacy_068,official_announcement,,,,True,,,,,False,True,direct_contract_evidence
washington,2025-26,Washington,adidas,adidas,https://gohuskies.com/news/2018/4/10/general-university-of-washington-agrees-to-terms-on-10-year-partnership-with-adidas,Y,"Ten-year agreement starts July 2019, ends June 2029. Transition occurs in excluded 2019-20 season; confirmed activated by SeattlePI July 2019 report.",official dated announcement,A,legacy_068,official_announcement,,,,True,,,,,False,True,direct_contract_evidence
west_virginia,2017-18,West Virginia,Nike,Nike,https://www2.kusports.com/weblogs/tale-tait/2017/sep/28/kus-deal-with-adidas-is-companys-second/,Y,2017 contract roundup identifies Nike term through 2026. CRIA table incorrectly labels school UA; that conflicting entry is rejected.,newspaper contract compilation; underlying dates not independently inspected,A,legacy_064,secondary_contract_reporting,,,,True,,,,,False,True,direct_contract_evidence
west_virginia,2018-19,West Virginia,Nike,Nike,https://www2.kusports.com/weblogs/tale-tait/2017/sep/28/kus-deal-with-adidas-is-companys-second/,Y,2017 contract roundup identifies Nike term through 2026. CRIA table incorrectly labels school UA; that conflicting entry is rejected.,newspaper contract compilation; underlying dates not independently inspected,A,legacy_064,secondary_contract_reporting,,,,True,,,,,False,True,direct_contract_evidence
west_virginia,2020-21,West Virginia,Nike,Nike,https://www2.kusports.com/weblogs/tale-tait/2017/sep/28/kus-deal-with-adidas-is-companys-second/,Y,2017 contract roundup identifies Nike term through 2026. CRIA table incorrectly labels school UA; that conflicting entry is rejected.,newspaper contract compilation; underlying dates not independently inspected,A,legacy_064,secondary_contract_reporting,,,,True,,,,,False,True,direct_contract_evidence
west_virginia,2021-22,West Virginia,Nike,Nike,https://www2.kusports.com/weblogs/tale-tait/2017/sep/28/kus-deal-with-adidas-is-companys-second/,Y,2017 contract roundup identifies Nike term through 2026. CRIA table incorrectly labels school UA; that conflicting entry is rejected.,newspaper contract compilation; underlying dates not independently inspected,A,legacy_064,secondary_contract_reporting,,,,True,,,,,False,True,direct_contract_evidence
west_virginia,2022-23,West Virginia,Nike,Nike,https://www2.kusports.com/weblogs/tale-tait/2017/sep/28/kus-deal-with-adidas-is-companys-second/,Y,2017 contract roundup identifies Nike term through 2026. CRIA table incorrectly labels school UA; that conflicting entry is rejected.,newspaper contract compilation; underlying dates not independently inspected,A,legacy_064,secondary_contract_reporting,,,,True,,,,,False,True,direct_contract_evidence
west_virginia,2023-24,West Virginia,Nike,Nike,https://www2.kusports.com/weblogs/tale-tait/2017/sep/28/kus-deal-with-adidas-is-companys-second/,Y,2017 contract roundup identifies Nike term through 2026. CRIA table incorrectly labels school UA; that conflicting entry is rejected.,newspaper contract compilation; underlying dates not independently inspected,A,legacy_064,secondary_contract_reporting,,,,True,,,,,False,True,direct_contract_evidence
west_virginia,2024-25,West Virginia,Nike,Nike,https://www2.kusports.com/weblogs/tale-tait/2017/sep/28/kus-deal-with-adidas-is-companys-second/,Y,2017 contract roundup identifies Nike term through 2026. CRIA table incorrectly labels school UA; that conflicting entry is rejected.,newspaper contract compilation; underlying dates not independently inspected,A,legacy_064,secondary_contract_reporting,,,,True,,,,,False,True,direct_contract_evidence
west_virginia,2025-26,West Virginia,Nike,Nike,https://www2.kusports.com/weblogs/tale-tait/2017/sep/28/kus-deal-with-adidas-is-companys-second/,Y,2017 contract roundup identifies Nike term through 2026. CRIA table incorrectly labels school UA; that conflicting entry is rejected.,newspaper contract compilation; underlying dates not independently inspected,A,legacy_064,secondary_contract_reporting,,,,True,,,,,False,True,direct_contract_evidence
wisconsin,2017-18,Wisconsin,Under Armour,Under Armour,https://uwbadgers.com/news/2015/10/9/GEN_1012155509,Y,"Ten-year official outfitter agreement starts July 1, 2016.",official announcement; study-window coverage only,A,legacy_018,official_announcement,,,,True,,,,,False,True,direct_contract_evidence
wisconsin,2018-19,Wisconsin,Under Armour,Under Armour,https://uwbadgers.com/news/2015/10/9/GEN_1012155509,Y,"Ten-year official outfitter agreement starts July 1, 2016.",official announcement; study-window coverage only,A,legacy_018,official_announcement,,,,True,,,,,False,True,direct_contract_evidence
wisconsin,2020-21,Wisconsin,Under Armour,Under Armour,https://uwbadgers.com/news/2015/10/9/GEN_1012155509,Y,"Ten-year official outfitter agreement starts July 1, 2016.",official announcement; study-window coverage only,A,legacy_018,official_announcement,,,,True,,,,,False,True,direct_contract_evidence
wisconsin,2021-22,Wisconsin,Under Armour,Under Armour,https://uwbadgers.com/news/2015/10/9/GEN_1012155509,Y,"Ten-year official outfitter agreement starts July 1, 2016.",official announcement; study-window coverage only,A,legacy_018,official_announcement,,,,True,,,,,False,True,direct_contract_evidence
wisconsin,2022-23,Wisconsin,Under Armour,Under Armour,https://uwbadgers.com/news/2015/10/9/GEN_1012155509,Y,"Ten-year official outfitter agreement starts July 1, 2016.",official announcement; study-window coverage only,A,legacy_018,official_announcement,,,,True,,,,,False,True,direct_contract_evidence
wisconsin,2023-24,Wisconsin,Under Armour,Under Armour,https://uwbadgers.com/news/2015/10/9/GEN_1012155509,Y,"Ten-year official outfitter agreement starts July 1, 2016.",official announcement; study-window coverage only,A,legacy_018,official_announcement,,,,True,,,,,False,True,direct_contract_evidence
wisconsin,2024-25,Wisconsin,Under Armour,Under Armour,https://uwbadgers.com/news/2015/10/9/GEN_1012155509,Y,"Ten-year official outfitter agreement starts July 1, 2016.",official announcement; study-window coverage only,A,legacy_018,official_announcement,,,,True,,,,,False,True,direct_contract_evidence
wisconsin,2025-26,Wisconsin,Under Armour,Under Armour,https://uwbadgers.com/news/2015/10/9/GEN_1012155509,Y,"Ten-year official outfitter agreement starts July 1, 2016.",official announcement; study-window coverage only,A,legacy_018,official_announcement,,,,True,,,,,False,True,direct_contract_evidence
yale,2017-18,Yale,Under Armour,Under Armour,https://yalebulldogs.com/news/2026/9/3/general-yale-athletics-and-under-armour-extend-partnership-through-2036.aspx,Y,2026 retrospective describes past decade of partnership and extension of exclusive provider arrangement for 35 programs.,official announcement; study-window coverage only,A,legacy_021,official_announcement,,,,True,,,,,False,True,direct_contract_evidence
yale,2018-19,Yale,Under Armour,Under Armour,https://yalebulldogs.com/news/2026/9/3/general-yale-athletics-and-under-armour-extend-partnership-through-2036.aspx,Y,2026 retrospective describes past decade of partnership and extension of exclusive provider arrangement for 35 programs.,official announcement; study-window coverage only,A,legacy_021,official_announcement,,,,True,,,,,False,True,direct_contract_evidence
yale,2020-21,Yale,Under Armour,Under Armour,https://yalebulldogs.com/news/2026/9/3/general-yale-athletics-and-under-armour-extend-partnership-through-2036.aspx,Y,2026 retrospective describes past decade of partnership and extension of exclusive provider arrangement for 35 programs.,official announcement; study-window coverage only,A,legacy_021,official_announcement,,,,True,,,,,False,True,direct_contract_evidence
yale,2021-22,Yale,Under Armour,Under Armour,https://yalebulldogs.com/news/2026/9/3/general-yale-athletics-and-under-armour-extend-partnership-through-2036.aspx,Y,2026 retrospective describes past decade of partnership and extension of exclusive provider arrangement for 35 programs.,official announcement; study-window coverage only,A,legacy_021,official_announcement,,,,True,,,,,False,True,direct_contract_evidence
yale,2022-23,Yale,Under Armour,Under Armour,https://yalebulldogs.com/news/2026/9/3/general-yale-athletics-and-under-armour-extend-partnership-through-2036.aspx,Y,2026 retrospective describes past decade of partnership and extension of exclusive provider arrangement for 35 programs.,official announcement; study-window coverage only,A,legacy_021,official_announcement,,,,True,,,,,False,True,direct_contract_evidence
yale,2023-24,Yale,Under Armour,Under Armour,https://yalebulldogs.com/news/2026/9/3/general-yale-athletics-and-under-armour-extend-partnership-through-2036.aspx,Y,2026 retrospective describes past decade of partnership and extension of exclusive provider arrangement for 35 programs.,official announcement; study-window coverage only,A,legacy_021,official_announcement,,,,True,,,,,False,True,direct_contract_evidence
yale,2024-25,Yale,Under Armour,Under Armour,https://yalebulldogs.com/news/2026/9/3/general-yale-athletics-and-under-armour-extend-partnership-through-2036.aspx,Y,2026 retrospective describes past decade of partnership and extension of exclusive provider arrangement for 35 programs.,official announcement; study-window coverage only,A,legacy_021,official_announcement,,,,True,,,,,False,True,direct_contract_evidence
yale,2025-26,Yale,Under Armour,Under Armour,https://yalebulldogs.com/news/2026/9/3/general-yale-athletics-and-under-armour-extend-partnership-through-2036.aspx,Y,2026 retrospective describes past decade of partnership and extension of exclusive provider arrangement for 35 programs.,official announcement; study-window coverage only,A,legacy_021,official_announcement,,,,True,,,,,False,True,direct_contract_evidence
