season,school,conference,rank,total_points,division,fall_points,winter_points,spring_points,source_url,source_page,points_pctile
2017-18,Stanford,Pac 12,1,1442.0,FBS,443.0,386.5,612.5,https://dxbhsrqyrr690.cloudfront.net/sidearm.nextgen.sites/nacda.com/documents/2018/7/18/June29overallDI.pdf,1,100.0
2017-18,UCLA,Pac 12,2,1326.0,FBS,307.0,271.0,748.0,https://dxbhsrqyrr690.cloudfront.net/sidearm.nextgen.sites/nacda.com/documents/2018/7/18/June29overallDI.pdf,1,99.65753424657534
2017-18,Florida,SEC,3,1216.0,FBS,163.0,425.0,628.0,https://dxbhsrqyrr690.cloudfront.net/sidearm.nextgen.sites/nacda.com/documents/2018/7/18/June29overallDI.pdf,1,99.31506849315068
2017-18,USC,Pac 12,4,1147.0,FBS,280.5,300.0,566.5,https://dxbhsrqyrr690.cloudfront.net/sidearm.nextgen.sites/nacda.com/documents/2018/7/18/June29overallDI.pdf,1,98.97260273972603
2017-18,Texas,Big 12,5,1143.25,FBS,269.0,327.0,547.25,https://dxbhsrqyrr690.cloudfront.net/sidearm.nextgen.sites/nacda.com/documents/2018/7/18/June29overallDI.pdf,1,98.63013698630137
2017-18,Michigan,Big Ten,6,1131.0,FBS,294.5,503.5,333.0,https://dxbhsrqyrr690.cloudfront.net/sidearm.nextgen.sites/nacda.com/documents/2018/7/18/June29overallDI.pdf,1,98.28767123287672
2017-18,Ohio State,Big Ten,7,1118.0,FBS,75.0,636.25,406.75,https://dxbhsrqyrr690.cloudfront.net/sidearm.nextgen.sites/nacda.com/documents/2018/7/18/June29overallDI.pdf,1,97.94520547945206
2017-18,Georgia,SEC,8,1046.35,FBS,147.0,436.75,462.6,https://dxbhsrqyrr690.cloudfront.net/sidearm.nextgen.sites/nacda.com/documents/2018/7/18/June29overallDI.pdf,1,97.6027397260274
2017-18,Florida State,ACC,9,1038.75,FBS,195.5,275.0,568.25,https://dxbhsrqyrr690.cloudfront.net/sidearm.nextgen.sites/nacda.com/documents/2018/7/18/June29overallDI.pdf,1,97.26027397260275
2017-18,Texas A&M,SEC,10,1005.5,FBS,108.5,416.25,480.75,https://dxbhsrqyrr690.cloudfront.net/sidearm.nextgen.sites/nacda.com/documents/2018/7/18/June29overallDI.pdf,1,96.91780821917808
2017-18,Duke,ACC,11,1004.25,FBS,262.0,325.0,417.25,https://dxbhsrqyrr690.cloudfront.net/sidearm.nextgen.sites/nacda.com/documents/2018/7/18/June29overallDI.pdf,1,96.57534246575342
2017-18,Penn State,Big Ten,12,978.25,FBS,386.0,446.25,146.0,https://dxbhsrqyrr690.cloudfront.net/sidearm.nextgen.sites/nacda.com/documents/2018/7/18/June29overallDI.pdf,1,96.23287671232876
2017-18,North Carolina,ACC,13,917.5,FBS,230.0,262.0,425.5,https://dxbhsrqyrr690.cloudfront.net/sidearm.nextgen.sites/nacda.com/documents/2018/7/18/June29overallDI.pdf,1,95.8904109589041
2017-18,Alabama,SEC,14,913.0,FBS,186.5,320.75,405.75,https://dxbhsrqyrr690.cloudfront.net/sidearm.nextgen.sites/nacda.com/documents/2018/7/18/June29overallDI.pdf,1,95.54794520547945
2017-18,North Carolina State,ACC,15,894.75,FBS,303.5,419.25,172.0,https://dxbhsrqyrr690.cloudfront.net/sidearm.nextgen.sites/nacda.com/documents/2018/7/18/June29overallDI.pdf,1,95.2054794520548
2017-18,Arkansas,SEC,16,870.5,FBS,163.0,292.5,415.0,https://dxbhsrqyrr690.cloudfront.net/sidearm.nextgen.sites/nacda.com/documents/2018/7/18/June29overallDI.pdf,1,94.86301369863014
2017-18,Kentucky,SEC,17,862.0,FBS,98.0,434.75,329.25,https://dxbhsrqyrr690.cloudfront.net/sidearm.nextgen.sites/nacda.com/documents/2018/7/18/June29overallDI.pdf,1,94.52054794520548
2017-18,Auburn,SEC,18,856.25,FBS,114.5,355.75,386.0,https://dxbhsrqyrr690.cloudfront.net/sidearm.nextgen.sites/nacda.com/documents/2018/7/18/June29overallDI.pdf,1,94.17808219178082
2017-18,Minnesota,Big Ten,19,852.0,FBS,152.5,461.0,238.5,https://dxbhsrqyrr690.cloudfront.net/sidearm.nextgen.sites/nacda.com/documents/2018/7/18/June29overallDI.pdf,1,93.83561643835617
2017-18,California,Pac 12,20,830.25,FBS,157.0,359.75,313.5,https://dxbhsrqyrr690.cloudfront.net/sidearm.nextgen.sites/nacda.com/documents/2018/7/18/June29overallDI.pdf,1,93.4931506849315
2017-18,Virginia,ACC,21,830.0,FBS,250.5,231.5,348.0,https://dxbhsrqyrr690.cloudfront.net/sidearm.nextgen.sites/nacda.com/documents/2018/7/18/June29overallDI.pdf,1,93.15068493150685
2017-18,Notre Dame,ACC,22,804.0,FBS,205.0,423.5,175.5,https://dxbhsrqyrr690.cloudfront.net/sidearm.nextgen.sites/nacda.com/documents/2018/7/18/June29overallDI.pdf,1,92.63698630136986
2017-18,Wisconsin,Big Ten,22,804.0,FBS,352.5,232.5,219.0,https://dxbhsrqyrr690.cloudfront.net/sidearm.nextgen.sites/nacda.com/documents/2018/7/18/June29overallDI.pdf,1,92.63698630136986
2017-18,Oregon,Pac 12,24,786.75,FBS,223.5,210.25,353.0,https://dxbhsrqyrr690.cloudfront.net/sidearm.nextgen.sites/nacda.com/documents/2018/7/18/June29overallDI.pdf,1,92.12328767123287
2017-18,Oklahoma,Big 12,25,785.75,FBS,85.0,331.5,369.25,https://dxbhsrqyrr690.cloudfront.net/sidearm.nextgen.sites/nacda.com/documents/2018/7/18/June29overallDI.pdf,1,91.78082191780823
2017-18,South Carolina,SEC,26,768.0,FBS,128.0,251.0,389.0,https://dxbhsrqyrr690.cloudfront.net/sidearm.nextgen.sites/nacda.com/documents/2018/7/18/June29overallDI.pdf,1,91.43835616438356
2017-18,LSU,SEC,27,749.25,FBS,81.0,305.5,362.75,https://dxbhsrqyrr690.cloudfront.net/sidearm.nextgen.sites/nacda.com/documents/2018/7/18/June29overallDI.pdf,1,91.0958904109589
2017-18,Virginia Tech,ACC,28,735.5,FBS,181.0,313.5,241.0,https://dxbhsrqyrr690.cloudfront.net/sidearm.nextgen.sites/nacda.com/documents/2018/7/18/June29overallDI.pdf,1,90.75342465753424
2017-18,Washington,Pac 12,29,693.25,FBS,240.0,84.75,368.5,https://dxbhsrqyrr690.cloudfront.net/sidearm.nextgen.sites/nacda.com/documents/2018/7/18/June29overallDI.pdf,1,90.41095890410958
2017-18,Louisville,ACC,30,690.5,FBS,204.0,284.0,202.5,https://dxbhsrqyrr690.cloudfront.net/sidearm.nextgen.sites/nacda.com/documents/2018/7/18/June29overallDI.pdf,1,90.06849315068493
2017-18,Arizona State,Pac 12,31,686.0,FBS,25.0,349.75,311.25,https://dxbhsrqyrr690.cloudfront.net/sidearm.nextgen.sites/nacda.com/documents/2018/7/18/June29overallDI.pdf,1,89.72602739726028
2017-18,Oklahoma State,Big 12,32,683.75,FBS,200.5,174.25,309.0,https://dxbhsrqyrr690.cloudfront.net/sidearm.nextgen.sites/nacda.com/documents/2018/7/18/June29overallDI.pdf,1,89.38356164383562
2017-18,Missouri,SEC,33,660.75,FBS,117.0,365.0,178.75,https://dxbhsrqyrr690.cloudfront.net/sidearm.nextgen.sites/nacda.com/documents/2018/7/18/June29overallDI.pdf,1,89.04109589041096
2017-18,Northwestern,Big Ten,34,644.0,FBS,177.0,152.5,314.5,https://dxbhsrqyrr690.cloudfront.net/sidearm.nextgen.sites/nacda.com/documents/2018/7/18/June29overallDI.pdf,1,88.6986301369863
2017-18,Tennessee,SEC,35,624.5,FBS,83.5,290.0,251.0,https://dxbhsrqyrr690.cloudfront.net/sidearm.nextgen.sites/nacda.com/documents/2018/7/18/June29overallDI.pdf,1,88.35616438356165
2017-18,Illinois,Big Ten,36,592.0,FBS,97.5,206.5,288.0,https://dxbhsrqyrr690.cloudfront.net/sidearm.nextgen.sites/nacda.com/documents/2018/7/18/June29overallDI.pdf,1,88.01369863013699
2017-18,Colorado,Pac 12,37,591.5,FBS,269.5,143.0,179.0,https://dxbhsrqyrr690.cloudfront.net/sidearm.nextgen.sites/nacda.com/documents/2018/7/18/June29overallDI.pdf,1,87.67123287671232
2017-18,Ole Miss,SEC,38,588.5,FBS,130.0,38.5,420.0,https://dxbhsrqyrr690.cloudfront.net/sidearm.nextgen.sites/nacda.com/documents/2018/7/18/June29overallDI.pdf,1,87.32876712328768
2017-18,Purdue,Big Ten,39,585.5,FBS,128.5,279.5,177.5,https://dxbhsrqyrr690.cloudfront.net/sidearm.nextgen.sites/nacda.com/documents/2018/7/18/June29overallDI.pdf,1,86.98630136986301
2017-18,Princeton,Ivy League,40,579.5,FCS,242.0,167.0,170.5,https://dxbhsrqyrr690.cloudfront.net/sidearm.nextgen.sites/nacda.com/documents/2018/7/18/June29overallDI.pdf,1,86.64383561643835
2017-18,Texas Tech,Big 12,41,577.0,FBS,25.0,182.5,369.5,https://dxbhsrqyrr690.cloudfront.net/sidearm.nextgen.sites/nacda.com/documents/2018/7/18/June29overallDI.pdf,1,86.3013698630137
2017-18,Mississippi State,SEC,42,568.5,FBS,54.0,163.0,351.5,https://dxbhsrqyrr690.cloudfront.net/sidearm.nextgen.sites/nacda.com/documents/2018/7/18/June29overallDI.pdf,1,85.95890410958904
2017-18,Baylor,Big 12,43,555.75,FBS,151.0,80.5,324.25,https://dxbhsrqyrr690.cloudfront.net/sidearm.nextgen.sites/nacda.com/documents/2018/7/18/June29overallDI.pdf,1,85.61643835616438
2017-18,Nebraska,Big Ten,44,553.0,FBS,100.0,420.0,33.0,https://dxbhsrqyrr690.cloudfront.net/sidearm.nextgen.sites/nacda.com/documents/2018/7/18/June29overallDI.pdf,1,85.27397260273972
2017-18,BYU,WCC,45,552.5,FBS,215.0,118.5,219.0,https://dxbhsrqyrr690.cloudfront.net/sidearm.nextgen.sites/nacda.com/documents/2018/7/18/June29overallDI.pdf,1,84.93150684931507
2017-18,Syracuse,ACC,46,539.75,FBS,164.0,172.25,203.5,https://dxbhsrqyrr690.cloudfront.net/sidearm.nextgen.sites/nacda.com/documents/2018/7/18/June29overallDI.pdf,1,84.58904109589042
2017-18,Denver,Summit,47,529.25,DI,50.0,314.25,165.0,https://dxbhsrqyrr690.cloudfront.net/sidearm.nextgen.sites/nacda.com/documents/2018/7/18/June29overallDI.pdf,1,84.24657534246576
2017-18,Wake Forest,ACC,48,496.5,FBS,221.0,35.5,240.0,https://dxbhsrqyrr690.cloudfront.net/sidearm.nextgen.sites/nacda.com/documents/2018/7/18/June29overallDI.pdf,1,83.9041095890411
2017-18,Indiana,Big Ten,49,491.0,FBS,140.0,250.0,101.0,https://dxbhsrqyrr690.cloudfront.net/sidearm.nextgen.sites/nacda.com/documents/2018/7/18/June29overallDI.pdf,1,83.56164383561644
2017-18,Michigan State,Big Ten,50,475.75,FBS,313.5,50.0,112.25,https://dxbhsrqyrr690.cloudfront.net/sidearm.nextgen.sites/nacda.com/documents/2018/7/18/June29overallDI.pdf,1,83.21917808219177
2017-18,Arizona,Pac 12,51,472.5,FBS,75.0,163.0,234.5,https://dxbhsrqyrr690.cloudfront.net/sidearm.nextgen.sites/nacda.com/documents/2018/7/18/June29overallDI.pdf,1,82.87671232876713
2017-18,Clemson,ACC,52,471.75,FBS,180.0,80.5,211.25,https://dxbhsrqyrr690.cloudfront.net/sidearm.nextgen.sites/nacda.com/documents/2018/7/18/June29overallDI.pdf,1,82.53424657534246
2017-18,Maryland,Big Ten,53,467.5,FBS,115.0,149.5,203.0,https://dxbhsrqyrr690.cloudfront.net/sidearm.nextgen.sites/nacda.com/documents/2018/7/18/June29overallDI.pdf,2,82.1917808219178
2017-18,Iowa,Big Ten,54,457.5,FBS,45.0,250.5,162.0,https://dxbhsrqyrr690.cloudfront.net/sidearm.nextgen.sites/nacda.com/documents/2018/7/18/June29overallDI.pdf,2,81.84931506849315
2017-18,Vanderbilt,SEC,55,450.0,FBS,50.0,100.0,300.0,https://dxbhsrqyrr690.cloudfront.net/sidearm.nextgen.sites/nacda.com/documents/2018/7/18/June29overallDI.pdf,2,81.5068493150685
2017-18,Iowa State,Big 12,56,436.0,FBS,221.0,115.5,99.5,https://dxbhsrqyrr690.cloudfront.net/sidearm.nextgen.sites/nacda.com/documents/2018/7/18/June29overallDI.pdf,2,81.16438356164383
2017-18,Kansas,Big 12,57,412.5,FBS,25.0,195.0,192.5,https://dxbhsrqyrr690.cloudfront.net/sidearm.nextgen.sites/nacda.com/documents/2018/7/18/June29overallDI.pdf,2,80.82191780821918
2017-18,TCU,Big 12,58,394.0,FBS,94.0,166.0,134.0,https://dxbhsrqyrr690.cloudfront.net/sidearm.nextgen.sites/nacda.com/documents/2018/7/18/June29overallDI.pdf,2,80.47945205479452
2017-18,Boise State,Mountain West,59,387.5,FBS,180.5,133.5,73.5,https://dxbhsrqyrr690.cloudfront.net/sidearm.nextgen.sites/nacda.com/documents/2018/7/18/June29overallDI.pdf,2,80.13698630136986
2017-18,Oregon State,Pac 12,60,383.0,FBS,25.0,165.0,193.0,https://dxbhsrqyrr690.cloudfront.net/sidearm.nextgen.sites/nacda.com/documents/2018/7/18/June29overallDI.pdf,2,79.7945205479452
2017-18,Utah,Pac 12,61,382.5,FBS,137.0,197.0,48.5,https://dxbhsrqyrr690.cloudfront.net/sidearm.nextgen.sites/nacda.com/documents/2018/7/18/June29overallDI.pdf,2,79.45205479452055
2017-18,Miami (FL),ACC,62,382.0,FBS,113.0,140.5,128.5,https://dxbhsrqyrr690.cloudfront.net/sidearm.nextgen.sites/nacda.com/documents/2018/7/18/June29overallDI.pdf,2,79.1095890410959
2017-18,West Virginia,Big 12,63,380.75,FBS,89.0,284.0,7.75,https://dxbhsrqyrr690.cloudfront.net/sidearm.nextgen.sites/nacda.com/documents/2018/7/18/June29overallDI.pdf,2,78.76712328767124
2017-18,New Mexico,Mountain West,64,373.25,FBS,100.0,186.75,86.5,https://dxbhsrqyrr690.cloudfront.net/sidearm.nextgen.sites/nacda.com/documents/2018/7/18/June29overallDI.pdf,2,78.42465753424658
2017-18,Harvard,Ivy League,65,365.0,FCS,25.0,196.5,143.5,https://dxbhsrqyrr690.cloudfront.net/sidearm.nextgen.sites/nacda.com/documents/2018/7/18/June29overallDI.pdf,2,78.08219178082192
2017-18,Villanova,Big East,66,363.0,FCS,98.0,207.0,58.0,https://dxbhsrqyrr690.cloudfront.net/sidearm.nextgen.sites/nacda.com/documents/2018/7/18/June29overallDI.pdf,2,77.73972602739725
2017-18,Houston,American,67,351.0,FBS,25.0,122.0,204.0,https://dxbhsrqyrr690.cloudfront.net/sidearm.nextgen.sites/nacda.com/documents/2018/7/18/June29overallDI.pdf,2,77.3972602739726
2017-18,Air Force,Mountain West,68,345.5,FBS,85.0,225.5,35.0,https://dxbhsrqyrr690.cloudfront.net/sidearm.nextgen.sites/nacda.com/documents/2018/7/18/June29overallDI.pdf,2,77.05479452054794
2017-18,Columbia,Ivy League,69,339.0,FCS,129.5,120.5,89.0,https://dxbhsrqyrr690.cloudfront.net/sidearm.nextgen.sites/nacda.com/documents/2018/7/18/June29overallDI.pdf,2,76.71232876712328
2017-18,Northern Arizona,Big Sky,70,327.0,FCS,125.0,96.0,106.0,https://dxbhsrqyrr690.cloudfront.net/sidearm.nextgen.sites/nacda.com/documents/2018/7/18/June29overallDI.pdf,2,76.36986301369863
2017-18,New Hampshire,America East,71,325.0,FCS,134.0,176.0,15.0,https://dxbhsrqyrr690.cloudfront.net/sidearm.nextgen.sites/nacda.com/documents/2018/7/18/June29overallDI.pdf,2,76.02739726027397
2017-18,Kansas State,Big 12,72,315.0,FBS,45.0,118.0,152.0,https://dxbhsrqyrr690.cloudfront.net/sidearm.nextgen.sites/nacda.com/documents/2018/7/18/June29overallDI.pdf,2,75.68493150684932
2017-18,Furman,SoCon,73,307.5,FCS,173.0,0.0,134.5,https://dxbhsrqyrr690.cloudfront.net/sidearm.nextgen.sites/nacda.com/documents/2018/7/18/June29overallDI.pdf,2,75.34246575342466
2017-18,Navy,Patriot,74,298.0,FBS,88.0,70.0,140.0,https://dxbhsrqyrr690.cloudfront.net/sidearm.nextgen.sites/nacda.com/documents/2018/7/18/June29overallDI.pdf,2,75.0
2017-18,Kent State,MAC,75,294.25,FBS,0.0,116.5,177.75,https://dxbhsrqyrr690.cloudfront.net/sidearm.nextgen.sites/nacda.com/documents/2018/7/18/June29overallDI.pdf,2,74.65753424657534
2017-18,Akron,MAC,76,288.25,FBS,108.0,99.0,81.25,https://dxbhsrqyrr690.cloudfront.net/sidearm.nextgen.sites/nacda.com/documents/2018/7/18/June29overallDI.pdf,2,74.31506849315068
2017-18,Colorado State,Mountain West,77,267.0,FBS,144.0,58.5,64.5,https://dxbhsrqyrr690.cloudfront.net/sidearm.nextgen.sites/nacda.com/documents/2018/7/18/June29overallDI.pdf,2,73.97260273972603
2017-18,Utah State,Mountain West,78,265.25,FBS,133.5,43.5,88.25,https://dxbhsrqyrr690.cloudfront.net/sidearm.nextgen.sites/nacda.com/documents/2018/7/18/June29overallDI.pdf,2,73.63013698630137
2017-18,Yale,Ivy League,79,262.0,FCS,28.0,63.0,171.0,https://dxbhsrqyrr690.cloudfront.net/sidearm.nextgen.sites/nacda.com/documents/2018/7/18/June29overallDI.pdf,2,73.28767123287672
2017-18,Washington State,Pac 12,80,260.5,FBS,189.0,0.0,71.5,https://dxbhsrqyrr690.cloudfront.net/sidearm.nextgen.sites/nacda.com/documents/2018/7/18/June29overallDI.pdf,2,72.94520547945206
2017-18,James Madison,CAA,81,252.5,FCS,115.0,0.0,137.5,https://dxbhsrqyrr690.cloudfront.net/sidearm.nextgen.sites/nacda.com/documents/2018/7/18/June29overallDI.pdf,2,72.6027397260274
2017-18,Cornell,Ivy League,82,242.5,FCS,0.0,182.5,60.0,https://dxbhsrqyrr690.cloudfront.net/sidearm.nextgen.sites/nacda.com/documents/2018/7/18/June29overallDI.pdf,2,72.26027397260275
2017-18,San Diego State,Mountain West,83,242.0,FBS,50.0,81.0,111.0,https://dxbhsrqyrr690.cloudfront.net/sidearm.nextgen.sites/nacda.com/documents/2018/7/18/June29overallDI.pdf,2,71.91780821917808
2017-18,UConn,American,84,233.0,FBS,100.0,83.0,50.0,https://dxbhsrqyrr690.cloudfront.net/sidearm.nextgen.sites/nacda.com/documents/2018/7/18/June29overallDI.pdf,2,71.57534246575342
2017-18,South Florida,American,85,231.0,FBS,103.0,25.0,103.0,https://dxbhsrqyrr690.cloudfront.net/sidearm.nextgen.sites/nacda.com/documents/2018/7/18/June29overallDI.pdf,2,71.23287671232876
2017-18,UCF,American,86,230.0,FBS,97.0,0.0,133.0,https://dxbhsrqyrr690.cloudfront.net/sidearm.nextgen.sites/nacda.com/documents/2018/7/18/June29overallDI.pdf,2,70.8904109589041
2017-18,Wichita State,American,87,223.5,DI,50.0,68.5,105.0,https://dxbhsrqyrr690.cloudfront.net/sidearm.nextgen.sites/nacda.com/documents/2018/7/18/June29overallDI.pdf,2,70.54794520547945
2017-18,North Dakota State,Summit,88,219.0,FCS,100.0,28.0,91.0,https://dxbhsrqyrr690.cloudfront.net/sidearm.nextgen.sites/nacda.com/documents/2018/7/18/June29overallDI.pdf,2,70.2054794520548
2017-18,Pepperdine,WCC,89,213.5,DI,50.0,0.0,163.5,https://dxbhsrqyrr690.cloudfront.net/sidearm.nextgen.sites/nacda.com/documents/2018/7/18/June29overallDI.pdf,2,69.86301369863014
2017-18,Stony Brook,America East,90,206.5,FCS,136.5,0.0,70.0,https://dxbhsrqyrr690.cloudfront.net/sidearm.nextgen.sites/nacda.com/documents/2018/7/18/June29overallDI.pdf,2,69.52054794520548
2017-18,Southern Utah,Big Sky,91,205.5,FCS,119.0,86.5,0.0,https://dxbhsrqyrr690.cloudfront.net/sidearm.nextgen.sites/nacda.com/documents/2018/7/18/June29overallDI.pdf,2,69.17808219178082
2017-18,Dartmouth,Ivy League,92,205.0,FCS,95.0,85.0,25.0,https://dxbhsrqyrr690.cloudfront.net/sidearm.nextgen.sites/nacda.com/documents/2018/7/18/June29overallDI.pdf,2,68.83561643835617
2017-18,Georgetown,Big East,93,202.5,FCS,136.5,0.0,66.0,https://dxbhsrqyrr690.cloudfront.net/sidearm.nextgen.sites/nacda.com/documents/2018/7/18/June29overallDI.pdf,2,68.4931506849315
2017-18,Middle Tennessee State,Conference USA,94,199.0,FBS,96.0,0.0,103.0,https://dxbhsrqyrr690.cloudfront.net/sidearm.nextgen.sites/nacda.com/documents/2018/7/18/June29overallDI.pdf,2,68.15068493150685
2017-18,Boston College,ACC,95,198.0,FBS,25.0,83.0,90.0,https://dxbhsrqyrr690.cloudfront.net/sidearm.nextgen.sites/nacda.com/documents/2018/7/18/June29overallDI.pdf,2,67.8082191780822
2017-18,South Dakota State,Summit,96,197.5,FCS,83.0,114.5,0.0,https://dxbhsrqyrr690.cloudfront.net/sidearm.nextgen.sites/nacda.com/documents/2018/7/18/June29overallDI.pdf,2,67.46575342465754
2017-18,Campbell,Big South,97,194.0,FCS,33.5,59.5,101.0,https://dxbhsrqyrr690.cloudfront.net/sidearm.nextgen.sites/nacda.com/documents/2018/7/18/June29overallDI.pdf,2,67.12328767123287
2017-18,Cal State Fullerton,Big West,98,189.0,DI,50.0,25.0,114.0,https://dxbhsrqyrr690.cloudfront.net/sidearm.nextgen.sites/nacda.com/documents/2018/7/18/June29overallDI.pdf,2,66.78082191780823
2017-18,North Carolina A&T,MEAC,99,187.0,FCS,45.0,94.0,48.0,https://dxbhsrqyrr690.cloudfront.net/sidearm.nextgen.sites/nacda.com/documents/2018/7/18/June29overallDI.pdf,2,66.43835616438356
2017-18,Hawaii,Big West,100,184.0,FBS,25.0,79.0,80.0,https://dxbhsrqyrr690.cloudfront.net/sidearm.nextgen.sites/nacda.com/documents/2018/7/18/June29overallDI.pdf,2,66.0958904109589
2017-18,Sam Houston State,Southland,101,178.5,FCS,83.0,90.5,5.0,https://dxbhsrqyrr690.cloudfront.net/sidearm.nextgen.sites/nacda.com/documents/2018/7/18/June29overallDI.pdf,2,65.75342465753424
2017-18,Eastern Michigan,MAC,102,178.0,FBS,80.5,97.5,0.0,https://dxbhsrqyrr690.cloudfront.net/sidearm.nextgen.sites/nacda.com/documents/2018/7/18/June29overallDI.pdf,2,65.41095890410958
2017-18,Pennsylvania,Ivy League,103,177.5,FCS,0.0,124.5,53.0,https://dxbhsrqyrr690.cloudfront.net/sidearm.nextgen.sites/nacda.com/documents/2018/7/18/June29overallDI.pdf,2,65.06849315068493
2017-18,Cincinnati,American,104,175.5,FBS,0.0,136.5,39.0,https://dxbhsrqyrr690.cloudfront.net/sidearm.nextgen.sites/nacda.com/documents/2018/7/18/June29overallDI.pdf,2,64.72602739726028
2017-18,San Francisco,WCC,105,174.5,DI,140.0,0.0,34.5,https://dxbhsrqyrr690.cloudfront.net/sidearm.nextgen.sites/nacda.com/documents/2018/7/18/June29overallDI.pdf,2,64.38356164383562
2017-18,Army West Point,Patriot,106,173.0,FBS,78.5,32.0,62.5,https://dxbhsrqyrr690.cloudfront.net/sidearm.nextgen.sites/nacda.com/documents/2018/7/18/June29overallDI.pdf,3,64.04109589041096
2017-18,Providence,Big East,107,170.0,DI,58.5,111.5,0.0,https://dxbhsrqyrr690.cloudfront.net/sidearm.nextgen.sites/nacda.com/documents/2018/7/18/June29overallDI.pdf,3,63.35616438356164
2017-18,Rutgers,Big Ten,107,170.0,FBS,50.0,93.0,27.0,https://dxbhsrqyrr690.cloudfront.net/sidearm.nextgen.sites/nacda.com/documents/2018/7/18/June29overallDI.pdf,3,63.35616438356164
2017-18,South Dakota,Summit,107,170.0,FCS,81.0,43.5,45.5,https://dxbhsrqyrr690.cloudfront.net/sidearm.nextgen.sites/nacda.com/documents/2018/7/18/June29overallDI.pdf,3,63.35616438356164
2017-18,Northern Iowa,Missouri Valley,110,168.5,FCS,103.0,49.5,16.0,https://dxbhsrqyrr690.cloudfront.net/sidearm.nextgen.sites/nacda.com/documents/2018/7/18/June29overallDI.pdf,3,62.671232876712324
2017-18,Pittsburgh,ACC,111,167.0,FBS,78.0,89.0,0.0,https://dxbhsrqyrr690.cloudfront.net/sidearm.nextgen.sites/nacda.com/documents/2018/7/18/June29overallDI.pdf,3,62.328767123287676
2017-18,Pacific,WCC,112,165.0,DI,105.0,0.0,60.0,https://dxbhsrqyrr690.cloudfront.net/sidearm.nextgen.sites/nacda.com/documents/2018/7/18/June29overallDI.pdf,3,61.986301369863014
2017-18,Gonzaga,WCC,113,164.5,DI,0.0,89.0,75.5,https://dxbhsrqyrr690.cloudfront.net/sidearm.nextgen.sites/nacda.com/documents/2018/7/18/June29overallDI.pdf,3,61.64383561643836
2017-18,Central Michigan,MAC,114,163.5,FBS,25.0,138.5,0.0,https://dxbhsrqyrr690.cloudfront.net/sidearm.nextgen.sites/nacda.com/documents/2018/7/18/June29overallDI.pdf,3,61.3013698630137
2017-18,Albany,America East,115,163.0,FCS,50.0,0.0,113.0,https://dxbhsrqyrr690.cloudfront.net/sidearm.nextgen.sites/nacda.com/documents/2018/7/18/June29overallDI.pdf,3,60.95890410958904
2017-18,Wyoming,Mountain West,116,158.0,FBS,45.0,113.0,0.0,https://dxbhsrqyrr690.cloudfront.net/sidearm.nextgen.sites/nacda.com/documents/2018/7/18/June29overallDI.pdf,3,60.61643835616438
2017-18,Coastal Carolina,Sun Belt,117,157.0,FBS,89.0,0.0,68.0,https://dxbhsrqyrr690.cloudfront.net/sidearm.nextgen.sites/nacda.com/documents/2018/7/18/June29overallDI.pdf,3,60.1027397260274
2017-18,Florida International,Conference USA,117,157.0,FBS,75.0,32.0,50.0,https://dxbhsrqyrr690.cloudfront.net/sidearm.nextgen.sites/nacda.com/documents/2018/7/18/June29overallDI.pdf,3,60.1027397260274
2017-18,Colgate,Patriot,119,154.0,FCS,64.0,90.0,0.0,https://dxbhsrqyrr690.cloudfront.net/sidearm.nextgen.sites/nacda.com/documents/2018/7/18/June29overallDI.pdf,3,59.589041095890416
2017-18,San Diego,WCC,120,153.0,FCS,103.0,0.0,50.0,https://dxbhsrqyrr690.cloudfront.net/sidearm.nextgen.sites/nacda.com/documents/2018/7/18/June29overallDI.pdf,3,59.24657534246576
2017-18,Georgia Tech,ACC,121,151.5,FBS,28.0,0.0,123.5,https://dxbhsrqyrr690.cloudfront.net/sidearm.nextgen.sites/nacda.com/documents/2018/7/18/June29overallDI.pdf,3,58.9041095890411
2017-18,Long Beach State,Big West,122,148.5,DI,0.0,0.0,148.5,https://dxbhsrqyrr690.cloudfront.net/sidearm.nextgen.sites/nacda.com/documents/2018/7/18/June29overallDI.pdf,3,58.56164383561644
2017-18,North Carolina Wilmington,CAA,123,147.0,DI,50.0,0.0,97.0,https://dxbhsrqyrr690.cloudfront.net/sidearm.nextgen.sites/nacda.com/documents/2018/7/18/June29overallDI.pdf,3,58.21917808219178
2017-18,New Mexico State,WAC,124,145.0,FBS,45.0,25.0,75.0,https://dxbhsrqyrr690.cloudfront.net/sidearm.nextgen.sites/nacda.com/documents/2018/7/18/June29overallDI.pdf,3,57.87671232876712
2017-18,Kennesaw State,Atlantic Sun,125,144.0,FCS,95.0,0.0,49.0,https://dxbhsrqyrr690.cloudfront.net/sidearm.nextgen.sites/nacda.com/documents/2018/7/18/June29overallDI.pdf,3,57.534246575342465
2017-18,Liberty,Big South,126,143.5,FCS,0.0,56.0,87.5,https://dxbhsrqyrr690.cloudfront.net/sidearm.nextgen.sites/nacda.com/documents/2018/7/18/June29overallDI.pdf,3,57.1917808219178
2017-18,Memphis,American,127,142.5,FBS,50.0,0.0,92.5,https://dxbhsrqyrr690.cloudfront.net/sidearm.nextgen.sites/nacda.com/documents/2018/7/18/June29overallDI.pdf,3,56.849315068493155
2017-18,SMU,American,128,142.0,FBS,117.0,25.0,0.0,https://dxbhsrqyrr690.cloudfront.net/sidearm.nextgen.sites/nacda.com/documents/2018/7/18/June29overallDI.pdf,3,56.5068493150685
2017-18,Murray State,OVC,129,141.0,FCS,25.0,105.0,11.0,https://dxbhsrqyrr690.cloudfront.net/sidearm.nextgen.sites/nacda.com/documents/2018/7/18/June29overallDI.pdf,3,56.16438356164384
2017-18,Buffalo,MAC,130,139.0,FBS,0.0,114.0,25.0,https://dxbhsrqyrr690.cloudfront.net/sidearm.nextgen.sites/nacda.com/documents/2018/7/18/June29overallDI.pdf,3,55.47945205479452
2017-18,Butler,Big East,130,139.0,FCS,89.0,50.0,0.0,https://dxbhsrqyrr690.cloudfront.net/sidearm.nextgen.sites/nacda.com/documents/2018/7/18/June29overallDI.pdf,3,55.47945205479452
2017-18,Eastern Kentucky,OVC,130,139.0,FCS,51.0,26.0,62.0,https://dxbhsrqyrr690.cloudfront.net/sidearm.nextgen.sites/nacda.com/documents/2018/7/18/June29overallDI.pdf,3,55.47945205479452
2017-18,Boston University,Patriot,133,138.0,DI,53.0,60.0,25.0,https://dxbhsrqyrr690.cloudfront.net/sidearm.nextgen.sites/nacda.com/documents/2018/7/18/June29overallDI.pdf,3,54.794520547945204
2017-18,Nevada,Mountain West,134,136.0,FBS,0.0,114.0,22.0,https://dxbhsrqyrr690.cloudfront.net/sidearm.nextgen.sites/nacda.com/documents/2018/7/18/June29overallDI.pdf,3,54.45205479452054
2017-18,Tulsa,American,135,135.0,FBS,33.5,0.0,101.5,https://dxbhsrqyrr690.cloudfront.net/sidearm.nextgen.sites/nacda.com/documents/2018/7/18/June29overallDI.pdf,3,54.109589041095894
2017-18,St. John's (NY),Big East,136,134.5,DI,0.0,72.0,62.5,https://dxbhsrqyrr690.cloudfront.net/sidearm.nextgen.sites/nacda.com/documents/2018/7/18/June29overallDI.pdf,3,53.76712328767124
2017-18,Northeastern,CAA,137,127.0,DI,0.0,50.0,77.0,https://dxbhsrqyrr690.cloudfront.net/sidearm.nextgen.sites/nacda.com/documents/2018/7/18/June29overallDI.pdf,3,53.42465753424658
2017-18,Creighton,Big East,138,125.0,DI,50.0,75.0,0.0,https://dxbhsrqyrr690.cloudfront.net/sidearm.nextgen.sites/nacda.com/documents/2018/7/18/June29overallDI.pdf,3,52.910958904109584
2017-18,VCU,Atlantic 10,138,125.0,DI,75.0,0.0,50.0,https://dxbhsrqyrr690.cloudfront.net/sidearm.nextgen.sites/nacda.com/documents/2018/7/18/June29overallDI.pdf,3,52.910958904109584
2017-18,Samford,SoCon,140,122.5,FCS,53.0,12.0,57.5,https://dxbhsrqyrr690.cloudfront.net/sidearm.nextgen.sites/nacda.com/documents/2018/7/18/June29overallDI.pdf,3,52.3972602739726
2017-18,Portland,WCC,141,118.5,DI,90.0,0.0,28.5,https://dxbhsrqyrr690.cloudfront.net/sidearm.nextgen.sites/nacda.com/documents/2018/7/18/June29overallDI.pdf,3,52.054794520547944
2017-18,Missouri State,Missouri Valley,142,117.5,FCS,50.0,0.0,67.5,https://dxbhsrqyrr690.cloudfront.net/sidearm.nextgen.sites/nacda.com/documents/2018/7/18/June29overallDI.pdf,3,51.71232876712328
2017-18,Miami (OH),MAC,143,117.0,FBS,78.0,39.0,0.0,https://dxbhsrqyrr690.cloudfront.net/sidearm.nextgen.sites/nacda.com/documents/2018/7/18/June29overallDI.pdf,3,51.369863013698634
2017-18,Old Dominion,Conference USA,144,116.0,FBS,50.0,22.0,44.0,https://dxbhsrqyrr690.cloudfront.net/sidearm.nextgen.sites/nacda.com/documents/2018/7/18/June29overallDI.pdf,3,51.02739726027398
2017-18,Southern Mississippi,Conference USA,145,115.5,FBS,25.0,20.0,70.5,https://dxbhsrqyrr690.cloudfront.net/sidearm.nextgen.sites/nacda.com/documents/2018/7/18/June29overallDI.pdf,3,50.68493150684932
2017-18,Loyola Maryland,Patriot,146,113.0,DI,0.0,0.0,113.0,https://dxbhsrqyrr690.cloudfront.net/sidearm.nextgen.sites/nacda.com/documents/2018/7/18/June29overallDI.pdf,3,50.34246575342466
2017-18,Jacksonville,Atlantic Sun,147,108.5,FCS,0.0,0.0,108.5,https://dxbhsrqyrr690.cloudfront.net/sidearm.nextgen.sites/nacda.com/documents/2018/7/18/June29overallDI.pdf,3,50.0
2017-18,Hofstra,CAA,148,108.0,DI,25.0,45.5,37.5,https://dxbhsrqyrr690.cloudfront.net/sidearm.nextgen.sites/nacda.com/documents/2018/7/18/June29overallDI.pdf,3,49.486301369863014
2017-18,Jacksonville State,OVC,148,108.0,FCS,53.0,0.0,55.0,https://dxbhsrqyrr690.cloudfront.net/sidearm.nextgen.sites/nacda.com/documents/2018/7/18/June29overallDI.pdf,3,49.486301369863014
2017-18,Central Arkansas,Southland,150,103.0,FCS,103.0,0.0,0.0,https://dxbhsrqyrr690.cloudfront.net/sidearm.nextgen.sites/nacda.com/documents/2018/7/18/June29overallDI.pdf,3,48.97260273972603
2017-18,Brown,Ivy League,151,102.0,FCS,0.0,42.0,60.0,https://dxbhsrqyrr690.cloudfront.net/sidearm.nextgen.sites/nacda.com/documents/2018/7/18/June29overallDI.pdf,3,48.63013698630137
2017-18,Alabama State,SWAC,152,100.0,FCS,50.0,0.0,50.0,https://dxbhsrqyrr690.cloudfront.net/sidearm.nextgen.sites/nacda.com/documents/2018/7/18/June29overallDI.pdf,3,47.26027397260274
2017-18,Drake,Missouri Valley,152,100.0,FCS,0.0,25.0,75.0,https://dxbhsrqyrr690.cloudfront.net/sidearm.nextgen.sites/nacda.com/documents/2018/7/18/June29overallDI.pdf,3,47.26027397260274
2017-18,Fairfield,MAAC,152,100.0,DI,75.0,0.0,25.0,https://dxbhsrqyrr690.cloudfront.net/sidearm.nextgen.sites/nacda.com/documents/2018/7/18/June29overallDI.pdf,3,47.26027397260274
2017-18,Marquette,Big East,152,100.0,DI,25.0,50.0,25.0,https://dxbhsrqyrr690.cloudfront.net/sidearm.nextgen.sites/nacda.com/documents/2018/7/18/June29overallDI.pdf,3,47.26027397260274
2017-18,Monmouth,MAAC,152,100.0,FCS,50.0,0.0,50.0,https://dxbhsrqyrr690.cloudfront.net/sidearm.nextgen.sites/nacda.com/documents/2018/7/18/June29overallDI.pdf,3,47.26027397260274
2017-18,Saint Francis (PA),Northeast,152,100.0,FCS,25.0,50.0,25.0,https://dxbhsrqyrr690.cloudfront.net/sidearm.nextgen.sites/nacda.com/documents/2018/7/18/June29overallDI.pdf,3,47.26027397260274
2017-18,Western Kentucky,Conference USA,152,100.0,FBS,75.0,25.0,0.0,https://dxbhsrqyrr690.cloudfront.net/sidearm.nextgen.sites/nacda.com/documents/2018/7/18/June29overallDI.pdf,3,47.26027397260274
2017-18,Arkansas State,Sun Belt,159,99.5,FBS,25.0,51.0,23.5,https://dxbhsrqyrr690.cloudfront.net/sidearm.nextgen.sites/nacda.com/documents/2018/7/18/June29overallDI.pdf,4,45.89041095890411
2017-18,Fordham,Atlantic 10,160,98.0,FCS,73.0,0.0,25.0,https://dxbhsrqyrr690.cloudfront.net/sidearm.nextgen.sites/nacda.com/documents/2018/7/18/June29overallDI.pdf,4,45.54794520547945
2017-18,George Washington,Atlantic 10,161,96.5,DI,25.0,71.5,0.0,https://dxbhsrqyrr690.cloudfront.net/sidearm.nextgen.sites/nacda.com/documents/2018/7/18/June29overallDI.pdf,4,45.20547945205479
2017-18,McNeese State,Southland,162,96.0,FCS,33.5,0.0,62.5,https://dxbhsrqyrr690.cloudfront.net/sidearm.nextgen.sites/nacda.com/documents/2018/7/18/June29overallDI.pdf,4,44.52054794520548
2017-18,North Florida,Atlantic Sun,162,96.0,DI,0.0,0.0,96.0,https://dxbhsrqyrr690.cloudfront.net/sidearm.nextgen.sites/nacda.com/documents/2018/7/18/June29overallDI.pdf,4,44.52054794520548
2017-18,Towson,CAA,162,96.0,FCS,0.0,43.0,53.0,https://dxbhsrqyrr690.cloudfront.net/sidearm.nextgen.sites/nacda.com/documents/2018/7/18/June29overallDI.pdf,4,44.52054794520548
2017-18,Florida Atlantic,Conference USA,165,95.0,FBS,45.0,0.0,50.0,https://dxbhsrqyrr690.cloudfront.net/sidearm.nextgen.sites/nacda.com/documents/2018/7/18/June29overallDI.pdf,4,43.321917808219176
2017-18,Georgia State,Sun Belt,165,95.0,FBS,45.0,25.0,25.0,https://dxbhsrqyrr690.cloudfront.net/sidearm.nextgen.sites/nacda.com/documents/2018/7/18/June29overallDI.pdf,4,43.321917808219176
2017-18,Marshall,Conference USA,165,95.0,FBS,45.0,50.0,0.0,https://dxbhsrqyrr690.cloudfront.net/sidearm.nextgen.sites/nacda.com/documents/2018/7/18/June29overallDI.pdf,4,43.321917808219176
2017-18,Ohio,MAC,165,95.0,FBS,45.0,0.0,50.0,https://dxbhsrqyrr690.cloudfront.net/sidearm.nextgen.sites/nacda.com/documents/2018/7/18/June29overallDI.pdf,4,43.321917808219176
2017-18,Iona,MAAC,169,94.5,DI,64.5,25.0,5.0,https://dxbhsrqyrr690.cloudfront.net/sidearm.nextgen.sites/nacda.com/documents/2018/7/18/June29overallDI.pdf,4,42.465753424657535
2017-18,UNLV,Mountain West,170,94.0,FBS,0.0,0.0,94.0,https://dxbhsrqyrr690.cloudfront.net/sidearm.nextgen.sites/nacda.com/documents/2018/7/18/June29overallDI.pdf,4,42.12328767123288
2017-18,UC Irvine,Big West,171,93.6,DI,0.0,0.0,93.6,https://dxbhsrqyrr690.cloudfront.net/sidearm.nextgen.sites/nacda.com/documents/2018/7/18/June29overallDI.pdf,4,41.78082191780822
2017-18,UTEP,Conference USA,172,93.0,FBS,0.0,51.0,42.0,https://dxbhsrqyrr690.cloudfront.net/sidearm.nextgen.sites/nacda.com/documents/2018/7/18/June29overallDI.pdf,4,41.43835616438356
2017-18,North Carolina Greensboro,SoCon,173,91.0,DI,25.0,25.0,41.0,https://dxbhsrqyrr690.cloudfront.net/sidearm.nextgen.sites/nacda.com/documents/2018/7/18/June29overallDI.pdf,4,41.0958904109589
2017-18,Temple,American,174,90.0,FBS,45.0,45.0,0.0,https://dxbhsrqyrr690.cloudfront.net/sidearm.nextgen.sites/nacda.com/documents/2018/7/18/June29overallDI.pdf,4,40.75342465753425
2017-18,Tennessee Tech,OVC,175,89.0,FCS,0.0,0.0,89.0,https://dxbhsrqyrr690.cloudfront.net/sidearm.nextgen.sites/nacda.com/documents/2018/7/18/June29overallDI.pdf,4,40.23972602739726
2017-18,Western Michigan,MAC,175,89.0,FBS,64.0,0.0,25.0,https://dxbhsrqyrr690.cloudfront.net/sidearm.nextgen.sites/nacda.com/documents/2018/7/18/June29overallDI.pdf,4,40.23972602739726
2017-18,Texas State,Sun Belt,177,87.5,FBS,33.5,16.5,37.5,https://dxbhsrqyrr690.cloudfront.net/sidearm.nextgen.sites/nacda.com/documents/2018/7/18/June29overallDI.pdf,4,39.726027397260275
2017-18,Lehigh,Patriot,178,85.0,FCS,25.0,60.0,0.0,https://dxbhsrqyrr690.cloudfront.net/sidearm.nextgen.sites/nacda.com/documents/2018/7/18/June29overallDI.pdf,4,39.21232876712329
2017-18,Wagner,Northeast,178,85.0,FCS,0.0,0.0,85.0,https://dxbhsrqyrr690.cloudfront.net/sidearm.nextgen.sites/nacda.com/documents/2018/7/18/June29overallDI.pdf,4,39.21232876712329
2017-18,South Carolina State,MEAC,180,83.5,FCS,0.0,35.5,48.0,https://dxbhsrqyrr690.cloudfront.net/sidearm.nextgen.sites/nacda.com/documents/2018/7/18/June29overallDI.pdf,4,38.6986301369863
2017-18,Loyola Chicago,Missouri Valley,181,83.0,DI,0.0,83.0,0.0,https://dxbhsrqyrr690.cloudfront.net/sidearm.nextgen.sites/nacda.com/documents/2018/7/18/June29overallDI.pdf,4,38.18493150684932
2017-18,UMBC,America East,181,83.0,DI,0.0,50.0,33.0,https://dxbhsrqyrr690.cloudfront.net/sidearm.nextgen.sites/nacda.com/documents/2018/7/18/June29overallDI.pdf,4,38.18493150684932
2017-18,Troy,Sun Belt,183,82.5,FBS,45.0,0.0,37.5,https://dxbhsrqyrr690.cloudfront.net/sidearm.nextgen.sites/nacda.com/documents/2018/7/18/June29overallDI.pdf,4,37.67123287671233
2017-18,Northern Illinois,MAC,184,82.0,FBS,25.0,42.0,15.0,https://dxbhsrqyrr690.cloudfront.net/sidearm.nextgen.sites/nacda.com/documents/2018/7/18/June29overallDI.pdf,4,37.15753424657534
2017-18,Rhode Island,Atlantic 10,184,82.0,FCS,0.0,50.0,32.0,https://dxbhsrqyrr690.cloudfront.net/sidearm.nextgen.sites/nacda.com/documents/2018/7/18/June29overallDI.pdf,4,37.15753424657534
2017-18,Fresno State,Mountain West,186,81.0,FBS,45.0,11.0,25.0,https://dxbhsrqyrr690.cloudfront.net/sidearm.nextgen.sites/nacda.com/documents/2018/7/18/June29overallDI.pdf,4,36.64383561643836
2017-18,LIU Brooklyn,Northeast,187,80.0,DI,25.0,5.0,50.0,https://dxbhsrqyrr690.cloudfront.net/sidearm.nextgen.sites/nacda.com/documents/2018/7/18/June29overallDI.pdf,4,36.3013698630137
2017-18,Northern Colorado,Big Sky,188,76.5,FCS,0.0,60.5,16.0,https://dxbhsrqyrr690.cloudfront.net/sidearm.nextgen.sites/nacda.com/documents/2018/7/18/June29overallDI.pdf,4,35.95890410958904
2017-18,DePaul,Big East,189,75.0,DI,0.0,50.0,25.0,https://dxbhsrqyrr690.cloudfront.net/sidearm.nextgen.sites/nacda.com/documents/2018/7/18/June29overallDI.pdf,4,34.417808219178085
2017-18,Florida Gulf Coast,Atlantic Sun,189,75.0,DI,25.0,50.0,0.0,https://dxbhsrqyrr690.cloudfront.net/sidearm.nextgen.sites/nacda.com/documents/2018/7/18/June29overallDI.pdf,4,34.417808219178085
2017-18,High Point,Big South,189,75.0,DI,50.0,0.0,25.0,https://dxbhsrqyrr690.cloudfront.net/sidearm.nextgen.sites/nacda.com/documents/2018/7/18/June29overallDI.pdf,4,34.417808219178085
2017-18,Mercer,SoCon,189,75.0,FCS,25.0,25.0,25.0,https://dxbhsrqyrr690.cloudfront.net/sidearm.nextgen.sites/nacda.com/documents/2018/7/18/June29overallDI.pdf,4,34.417808219178085
2017-18,Quinnipiac,MAAC,189,75.0,DI,0.0,50.0,25.0,https://dxbhsrqyrr690.cloudfront.net/sidearm.nextgen.sites/nacda.com/documents/2018/7/18/June29overallDI.pdf,4,34.417808219178085
2017-18,Seattle,WAC,189,75.0,DI,50.0,25.0,0.0,https://dxbhsrqyrr690.cloudfront.net/sidearm.nextgen.sites/nacda.com/documents/2018/7/18/June29overallDI.pdf,4,34.417808219178085
2017-18,South Alabama,Sun Belt,189,75.0,FBS,25.0,0.0,50.0,https://dxbhsrqyrr690.cloudfront.net/sidearm.nextgen.sites/nacda.com/documents/2018/7/18/June29overallDI.pdf,4,34.417808219178085
2017-18,Vermont,America East,189,75.0,DI,0.0,75.0,0.0,https://dxbhsrqyrr690.cloudfront.net/sidearm.nextgen.sites/nacda.com/documents/2018/7/18/June29overallDI.pdf,4,34.417808219178085
2017-18,Rice,Conference USA,197,73.0,FBS,25.0,0.0,48.0,https://dxbhsrqyrr690.cloudfront.net/sidearm.nextgen.sites/nacda.com/documents/2018/7/18/June29overallDI.pdf,4,32.87671232876712
2017-18,Santa Clara,WCC,198,72.6,DI,64.0,0.0,8.6,https://dxbhsrqyrr690.cloudfront.net/sidearm.nextgen.sites/nacda.com/documents/2018/7/18/June29overallDI.pdf,4,32.534246575342465
2017-18,Bucknell,Patriot,199,72.0,FCS,25.0,47.0,0.0,https://dxbhsrqyrr690.cloudfront.net/sidearm.nextgen.sites/nacda.com/documents/2018/7/18/June29overallDI.pdf,4,32.02054794520548
2017-18,Montana State,Big Sky,199,72.0,FCS,0.0,72.0,0.0,https://dxbhsrqyrr690.cloudfront.net/sidearm.nextgen.sites/nacda.com/documents/2018/7/18/June29overallDI.pdf,4,32.02054794520548
2017-18,Weber State,Big Sky,201,70.0,FCS,70.0,0.0,0.0,https://dxbhsrqyrr690.cloudfront.net/sidearm.nextgen.sites/nacda.com/documents/2018/7/18/June29overallDI.pdf,4,31.335616438356162
2017-18,Wofford,SoCon,201,70.0,FCS,70.0,0.0,0.0,https://dxbhsrqyrr690.cloudfront.net/sidearm.nextgen.sites/nacda.com/documents/2018/7/18/June29overallDI.pdf,4,31.335616438356162
2017-18,Idaho,Big Sky,203,69.0,FBS,0.0,0.0,69.0,https://dxbhsrqyrr690.cloudfront.net/sidearm.nextgen.sites/nacda.com/documents/2018/7/18/June29overallDI.pdf,4,30.82191780821918
2017-18,Appalachian State,Sun Belt,204,67.0,FBS,45.0,22.0,0.0,https://dxbhsrqyrr690.cloudfront.net/sidearm.nextgen.sites/nacda.com/documents/2018/7/18/June29overallDI.pdf,4,30.47945205479452
2017-18,Cal State Bakersfield,WAC,205,66.0,DI,25.0,41.0,0.0,https://dxbhsrqyrr690.cloudfront.net/sidearm.nextgen.sites/nacda.com/documents/2018/7/18/June29overallDI.pdf,4,30.136986301369863
2017-18,American,Patriot,206,65.5,DI,25.0,40.5,0.0,https://dxbhsrqyrr690.cloudfront.net/sidearm.nextgen.sites/nacda.com/documents/2018/7/18/June29overallDI.pdf,4,29.794520547945208
2017-18,College of Charleston,CAA,207,64.5,DI,25.0,25.0,14.5,https://dxbhsrqyrr690.cloudfront.net/sidearm.nextgen.sites/nacda.com/documents/2018/7/18/June29overallDI.pdf,4,29.45205479452055
2017-18,Stetson,Atlantic Sun,208,64.0,FCS,0.0,0.0,64.0,https://dxbhsrqyrr690.cloudfront.net/sidearm.nextgen.sites/nacda.com/documents/2018/7/18/June29overallDI.pdf,4,28.93835616438356
2017-18,UC Davis,Big West,208,64.0,FCS,25.0,0.0,39.0,https://dxbhsrqyrr690.cloudfront.net/sidearm.nextgen.sites/nacda.com/documents/2018/7/18/June29overallDI.pdf,4,28.93835616438356
2017-18,Cal Poly,Big West,210,61.0,FCS,50.0,11.0,0.0,https://dxbhsrqyrr690.cloudfront.net/sidearm.nextgen.sites/nacda.com/documents/2018/7/18/June29overallDI.pdf,4,28.424657534246577
2017-18,Utah Valley,WAC,211,55.5,DI,25.0,30.5,0.0,https://dxbhsrqyrr690.cloudfront.net/sidearm.nextgen.sites/nacda.com/documents/2018/7/18/June29overallDI.pdf,4,28.08219178082192
2017-18,Cleveland State,Horizon League,212,55.0,DI,25.0,0.0,30.0,https://dxbhsrqyrr690.cloudfront.net/sidearm.nextgen.sites/nacda.com/documents/2018/7/18/June29overallDI.pdf,5,27.56849315068493
2017-18,Richmond,Atlantic 10,212,55.0,FCS,0.0,0.0,55.0,https://dxbhsrqyrr690.cloudfront.net/sidearm.nextgen.sites/nacda.com/documents/2018/7/18/June29overallDI.pdf,5,27.56849315068493
2017-18,Delaware,CAA,214,53.0,FCS,53.0,0.0,0.0,https://dxbhsrqyrr690.cloudfront.net/sidearm.nextgen.sites/nacda.com/documents/2018/7/18/June29overallDI.pdf,5,26.88356164383562
2017-18,Saint Joseph's,Atlantic 10,214,53.0,DI,53.0,0.0,0.0,https://dxbhsrqyrr690.cloudfront.net/sidearm.nextgen.sites/nacda.com/documents/2018/7/18/June29overallDI.pdf,5,26.88356164383562
2017-18,Youngstown State,Horizon League,216,51.0,FCS,0.0,26.0,25.0,https://dxbhsrqyrr690.cloudfront.net/sidearm.nextgen.sites/nacda.com/documents/2018/7/18/June29overallDI.pdf,5,26.36986301369863
2017-18,Canisius,MAAC,217,50.0,DI,0.0,0.0,50.0,https://dxbhsrqyrr690.cloudfront.net/sidearm.nextgen.sites/nacda.com/documents/2018/7/18/June29overallDI.pdf,5,22.945205479452056
2017-18,East Tennessee State,SoCon,217,50.0,FCS,25.0,0.0,25.0,https://dxbhsrqyrr690.cloudfront.net/sidearm.nextgen.sites/nacda.com/documents/2018/7/18/June29overallDI.pdf,5,22.945205479452056
2017-18,Elon,CAA,217,50.0,FCS,25.0,25.0,0.0,https://dxbhsrqyrr690.cloudfront.net/sidearm.nextgen.sites/nacda.com/documents/2018/7/18/June29overallDI.pdf,5,22.945205479452056
2017-18,Grambling State,SWAC,217,50.0,FCS,25.0,25.0,0.0,https://dxbhsrqyrr690.cloudfront.net/sidearm.nextgen.sites/nacda.com/documents/2018/7/18/June29overallDI.pdf,5,22.945205479452056
2017-18,Illinois Chicago,Horizon League,217,50.0,DI,25.0,0.0,25.0,https://dxbhsrqyrr690.cloudfront.net/sidearm.nextgen.sites/nacda.com/documents/2018/7/18/June29overallDI.pdf,5,22.945205479452056
2017-18,Lamar,Southland,217,50.0,FCS,25.0,0.0,25.0,https://dxbhsrqyrr690.cloudfront.net/sidearm.nextgen.sites/nacda.com/documents/2018/7/18/June29overallDI.pdf,5,22.945205479452056
2017-18,Lipscomb,Atlantic Sun,217,50.0,DI,25.0,25.0,0.0,https://dxbhsrqyrr690.cloudfront.net/sidearm.nextgen.sites/nacda.com/documents/2018/7/18/June29overallDI.pdf,5,22.945205479452056
2017-18,Louisiana Lafayette,Sun Belt,217,50.0,FBS,0.0,0.0,50.0,https://dxbhsrqyrr690.cloudfront.net/sidearm.nextgen.sites/nacda.com/documents/2018/7/18/June29overallDI.pdf,5,22.945205479452056
2017-18,Massachusetts,Atlantic 10,217,50.0,FBS,25.0,0.0,25.0,https://dxbhsrqyrr690.cloudfront.net/sidearm.nextgen.sites/nacda.com/documents/2018/7/18/June29overallDI.pdf,5,22.945205479452056
2017-18,Nicholls State,Southland,217,50.0,FCS,25.0,25.0,0.0,https://dxbhsrqyrr690.cloudfront.net/sidearm.nextgen.sites/nacda.com/documents/2018/7/18/June29overallDI.pdf,5,22.945205479452056
2017-18,North Texas,Conference USA,217,50.0,FBS,50.0,0.0,0.0,https://dxbhsrqyrr690.cloudfront.net/sidearm.nextgen.sites/nacda.com/documents/2018/7/18/June29overallDI.pdf,5,22.945205479452056
2017-18,Radford,Big South,217,50.0,DI,25.0,25.0,0.0,https://dxbhsrqyrr690.cloudfront.net/sidearm.nextgen.sites/nacda.com/documents/2018/7/18/June29overallDI.pdf,5,22.945205479452056
2017-18,Seton Hall,Big East,217,50.0,DI,0.0,50.0,0.0,https://dxbhsrqyrr690.cloudfront.net/sidearm.nextgen.sites/nacda.com/documents/2018/7/18/June29overallDI.pdf,5,22.945205479452056
2017-18,Texas Southern,SWAC,217,50.0,FCS,0.0,25.0,25.0,https://dxbhsrqyrr690.cloudfront.net/sidearm.nextgen.sites/nacda.com/documents/2018/7/18/June29overallDI.pdf,5,22.945205479452056
2017-18,Toledo,MAC,217,50.0,FBS,50.0,0.0,0.0,https://dxbhsrqyrr690.cloudfront.net/sidearm.nextgen.sites/nacda.com/documents/2018/7/18/June29overallDI.pdf,5,22.945205479452056
2017-18,William & Mary,CAA,217,50.0,FCS,25.0,0.0,25.0,https://dxbhsrqyrr690.cloudfront.net/sidearm.nextgen.sites/nacda.com/documents/2018/7/18/June29overallDI.pdf,5,22.945205479452056
2017-18,Winthrop,Big South,217,50.0,DI,0.0,0.0,50.0,https://dxbhsrqyrr690.cloudfront.net/sidearm.nextgen.sites/nacda.com/documents/2018/7/18/June29overallDI.pdf,5,22.945205479452056
2017-18,Wright State,Horizon League,217,50.0,DI,0.0,25.0,25.0,https://dxbhsrqyrr690.cloudfront.net/sidearm.nextgen.sites/nacda.com/documents/2018/7/18/June29overallDI.pdf,5,22.945205479452056
2017-18,Xavier,Big East,217,50.0,DI,0.0,50.0,0.0,https://dxbhsrqyrr690.cloudfront.net/sidearm.nextgen.sites/nacda.com/documents/2018/7/18/June29overallDI.pdf,5,22.945205479452056
2017-18,Northwestern State,Southland,236,47.0,FCS,0.0,0.0,47.0,https://dxbhsrqyrr690.cloudfront.net/sidearm.nextgen.sites/nacda.com/documents/2018/7/18/June29overallDI.pdf,5,19.34931506849315
2017-18,Texas Arlington,Sun Belt,236,47.0,DI,0.0,0.0,47.0,https://dxbhsrqyrr690.cloudfront.net/sidearm.nextgen.sites/nacda.com/documents/2018/7/18/June29overallDI.pdf,5,19.34931506849315
2017-18,Louisiana Tech,Conference USA,238,45.0,FBS,45.0,0.0,0.0,https://dxbhsrqyrr690.cloudfront.net/sidearm.nextgen.sites/nacda.com/documents/2018/7/18/June29overallDI.pdf,5,18.835616438356166
2017-18,Louisiana Monroe,Sun Belt,239,43.5,FBS,0.0,43.5,0.0,https://dxbhsrqyrr690.cloudfront.net/sidearm.nextgen.sites/nacda.com/documents/2018/7/18/June29overallDI.pdf,5,18.493150684931507
2017-18,East Carolina,American,240,42.5,FBS,0.0,0.0,42.5,https://dxbhsrqyrr690.cloudfront.net/sidearm.nextgen.sites/nacda.com/documents/2018/7/18/June29overallDI.pdf,5,18.15068493150685
2017-18,NJIT,Atlantic Sun,241,42.0,DI,0.0,42.0,0.0,https://dxbhsrqyrr690.cloudfront.net/sidearm.nextgen.sites/nacda.com/documents/2018/7/18/June29overallDI.pdf,5,17.80821917808219
2017-18,Grand Canyon,WAC,242,41.0,DI,0.0,36.0,5.0,https://dxbhsrqyrr690.cloudfront.net/sidearm.nextgen.sites/nacda.com/documents/2018/7/18/June29overallDI.pdf,5,17.465753424657535
2017-18,Drexel,CAA,243,39.0,DI,0.0,39.0,0.0,https://dxbhsrqyrr690.cloudfront.net/sidearm.nextgen.sites/nacda.com/documents/2018/7/18/June29overallDI.pdf,5,17.123287671232877
2017-18,Fairleigh Dickinson,Northeast,244,35.0,DI,0.0,30.0,5.0,https://dxbhsrqyrr690.cloudfront.net/sidearm.nextgen.sites/nacda.com/documents/2018/7/18/June29overallDI.pdf,5,16.78082191780822
2017-18,Sacramento State,Big Sky,245,34.5,FCS,0.0,0.0,34.5,https://dxbhsrqyrr690.cloudfront.net/sidearm.nextgen.sites/nacda.com/documents/2018/7/18/June29overallDI.pdf,5,16.43835616438356
2017-18,Incarnate Word,Southland,246,34.0,FCS,0.0,34.0,0.0,https://dxbhsrqyrr690.cloudfront.net/sidearm.nextgen.sites/nacda.com/documents/2018/7/18/June29overallDI.pdf,5,16.095890410958905
2017-18,UMKC,WAC,247,33.6,DI,0.0,0.0,33.6,https://dxbhsrqyrr690.cloudfront.net/sidearm.nextgen.sites/nacda.com/documents/2018/7/18/June29overallDI.pdf,5,15.753424657534246
2017-18,Sacred Heart,Northeast,248,32.0,FCS,0.0,32.0,0.0,https://dxbhsrqyrr690.cloudfront.net/sidearm.nextgen.sites/nacda.com/documents/2018/7/18/June29overallDI.pdf,5,15.41095890410959
2017-18,Central Connecticut State,Northeast,249,30.0,FCS,25.0,0.0,5.0,https://dxbhsrqyrr690.cloudfront.net/sidearm.nextgen.sites/nacda.com/documents/2018/7/18/June29overallDI.pdf,5,14.383561643835616
2017-18,Davidson,Atlantic 10,249,30.0,FCS,0.0,25.0,5.0,https://dxbhsrqyrr690.cloudfront.net/sidearm.nextgen.sites/nacda.com/documents/2018/7/18/June29overallDI.pdf,5,14.383561643835616
2017-18,IUPUI,Horizon League,249,30.0,DI,25.0,0.0,5.0,https://dxbhsrqyrr690.cloudfront.net/sidearm.nextgen.sites/nacda.com/documents/2018/7/18/June29overallDI.pdf,5,14.383561643835616
2017-18,Nebraska Omaha,Summit,249,30.0,DI,25.0,0.0,5.0,https://dxbhsrqyrr690.cloudfront.net/sidearm.nextgen.sites/nacda.com/documents/2018/7/18/June29overallDI.pdf,5,14.383561643835616
2017-18,Prairie View A&M,SWAC,249,30.0,FCS,0.0,0.0,30.0,https://dxbhsrqyrr690.cloudfront.net/sidearm.nextgen.sites/nacda.com/documents/2018/7/18/June29overallDI.pdf,5,14.383561643835616
2017-18,Abilene Christian,Southland,254,28.0,FCS,28.0,0.0,0.0,https://dxbhsrqyrr690.cloudfront.net/sidearm.nextgen.sites/nacda.com/documents/2018/7/18/June29overallDI.pdf,5,13.184931506849315
2017-18,Rider,MAAC,254,28.0,DI,0.0,28.0,0.0,https://dxbhsrqyrr690.cloudfront.net/sidearm.nextgen.sites/nacda.com/documents/2018/7/18/June29overallDI.pdf,5,13.184931506849315
2017-18,UTSA,Conference USA,256,27.0,FBS,0.0,0.0,27.0,https://dxbhsrqyrr690.cloudfront.net/sidearm.nextgen.sites/nacda.com/documents/2018/7/18/June29overallDI.pdf,5,12.67123287671233
2017-18,Tennessee Chattanooga,SoCon,257,25.5,FCS,0.0,25.5,0.0,https://dxbhsrqyrr690.cloudfront.net/sidearm.nextgen.sites/nacda.com/documents/2018/7/18/June29overallDI.pdf,5,12.32876712328767
2017-18,Arkansas Little Rock,Sun Belt,258,25.0,DI,0.0,25.0,0.0,https://dxbhsrqyrr690.cloudfront.net/sidearm.nextgen.sites/nacda.com/documents/2018/7/18/June29overallDI.pdf,5,7.363013698630137
2017-18,Austin Peay State,OVC,258,25.0,FCS,25.0,0.0,0.0,https://dxbhsrqyrr690.cloudfront.net/sidearm.nextgen.sites/nacda.com/documents/2018/7/18/June29overallDI.pdf,5,7.363013698630137
2017-18,Belmont,OVC,258,25.0,DI,0.0,25.0,0.0,https://dxbhsrqyrr690.cloudfront.net/sidearm.nextgen.sites/nacda.com/documents/2018/7/18/June29overallDI.pdf,5,7.363013698630137
2017-18,Bethune-Cookman,MEAC,258,25.0,FCS,0.0,0.0,25.0,https://dxbhsrqyrr690.cloudfront.net/sidearm.nextgen.sites/nacda.com/documents/2018/7/18/June29overallDI.pdf,5,7.363013698630137
2017-18,Bryant,Northeast,258,25.0,FCS,0.0,0.0,25.0,https://dxbhsrqyrr690.cloudfront.net/sidearm.nextgen.sites/nacda.com/documents/2018/7/18/June29overallDI.pdf,5,7.363013698630137
2017-18,Cal State Northridge,Big West,258,25.0,DI,0.0,25.0,0.0,https://dxbhsrqyrr690.cloudfront.net/sidearm.nextgen.sites/nacda.com/documents/2018/7/18/June29overallDI.pdf,5,7.363013698630137
2017-18,Dayton,Atlantic 10,258,25.0,FCS,0.0,25.0,0.0,https://dxbhsrqyrr690.cloudfront.net/sidearm.nextgen.sites/nacda.com/documents/2018/7/18/June29overallDI.pdf,5,7.363013698630137
2017-18,Eastern Washington,Big Sky,258,25.0,FCS,25.0,0.0,0.0,https://dxbhsrqyrr690.cloudfront.net/sidearm.nextgen.sites/nacda.com/documents/2018/7/18/June29overallDI.pdf,6,7.363013698630137
2017-18,Hartford,America East,258,25.0,DI,0.0,0.0,25.0,https://dxbhsrqyrr690.cloudfront.net/sidearm.nextgen.sites/nacda.com/documents/2018/7/18/June29overallDI.pdf,6,7.363013698630137
2017-18,Howard,MEAC,258,25.0,FCS,25.0,0.0,0.0,https://dxbhsrqyrr690.cloudfront.net/sidearm.nextgen.sites/nacda.com/documents/2018/7/18/June29overallDI.pdf,6,7.363013698630137
2017-18,La Salle,Atlantic 10,258,25.0,DI,25.0,0.0,0.0,https://dxbhsrqyrr690.cloudfront.net/sidearm.nextgen.sites/nacda.com/documents/2018/7/18/June29overallDI.pdf,6,7.363013698630137
2017-18,Maine,America East,258,25.0,FCS,0.0,25.0,0.0,https://dxbhsrqyrr690.cloudfront.net/sidearm.nextgen.sites/nacda.com/documents/2018/7/18/June29overallDI.pdf,6,7.363013698630137
2017-18,Montana,Big Sky,258,25.0,FCS,0.0,25.0,0.0,https://dxbhsrqyrr690.cloudfront.net/sidearm.nextgen.sites/nacda.com/documents/2018/7/18/June29overallDI.pdf,6,7.363013698630137
2017-18,Morehead State,OVC,258,25.0,FCS,0.0,0.0,25.0,https://dxbhsrqyrr690.cloudfront.net/sidearm.nextgen.sites/nacda.com/documents/2018/7/18/June29overallDI.pdf,6,7.363013698630137
2017-18,Morgan State,MEAC,258,25.0,FCS,0.0,0.0,25.0,https://dxbhsrqyrr690.cloudfront.net/sidearm.nextgen.sites/nacda.com/documents/2018/7/18/June29overallDI.pdf,6,7.363013698630137
2017-18,North Dakota,Big Sky,258,25.0,FCS,25.0,0.0,0.0,https://dxbhsrqyrr690.cloudfront.net/sidearm.nextgen.sites/nacda.com/documents/2018/7/18/June29overallDI.pdf,6,7.363013698630137
2017-18,Oral Roberts,Summit,258,25.0,DI,0.0,0.0,25.0,https://dxbhsrqyrr690.cloudfront.net/sidearm.nextgen.sites/nacda.com/documents/2018/7/18/June29overallDI.pdf,6,7.363013698630137
2017-18,Presbyterian College,Big South,258,25.0,FCS,25.0,0.0,0.0,https://dxbhsrqyrr690.cloudfront.net/sidearm.nextgen.sites/nacda.com/documents/2018/7/18/June29overallDI.pdf,6,7.363013698630137
2017-18,Robert Morris,Northeast,258,25.0,FCS,0.0,0.0,25.0,https://dxbhsrqyrr690.cloudfront.net/sidearm.nextgen.sites/nacda.com/documents/2018/7/18/June29overallDI.pdf,6,7.363013698630137
2017-18,Saint Louis,Atlantic 10,258,25.0,DI,0.0,0.0,25.0,https://dxbhsrqyrr690.cloudfront.net/sidearm.nextgen.sites/nacda.com/documents/2018/7/18/June29overallDI.pdf,6,7.363013698630137
2017-18,St. Bonaventure,Atlantic 10,258,25.0,DI,0.0,25.0,0.0,https://dxbhsrqyrr690.cloudfront.net/sidearm.nextgen.sites/nacda.com/documents/2018/7/18/June29overallDI.pdf,6,7.363013698630137
2017-18,St. Francis (NY),Northeast,258,25.0,DI,25.0,0.0,0.0,https://dxbhsrqyrr690.cloudfront.net/sidearm.nextgen.sites/nacda.com/documents/2018/7/18/June29overallDI.pdf,6,7.363013698630137
2017-18,Stephen F. Austin,Southland,258,25.0,FCS,0.0,25.0,0.0,https://dxbhsrqyrr690.cloudfront.net/sidearm.nextgen.sites/nacda.com/documents/2018/7/18/June29overallDI.pdf,6,7.363013698630137
2017-18,Tulane,American,258,25.0,FBS,0.0,0.0,25.0,https://dxbhsrqyrr690.cloudfront.net/sidearm.nextgen.sites/nacda.com/documents/2018/7/18/June29overallDI.pdf,6,7.363013698630137
2017-18,UAB,Conference USA,258,25.0,FBS,25.0,0.0,0.0,https://dxbhsrqyrr690.cloudfront.net/sidearm.nextgen.sites/nacda.com/documents/2018/7/18/June29overallDI.pdf,6,7.363013698630137
2017-18,UC Santa Barbara,Big West,258,25.0,DI,0.0,0.0,25.0,https://dxbhsrqyrr690.cloudfront.net/sidearm.nextgen.sites/nacda.com/documents/2018/7/18/June29overallDI.pdf,6,7.363013698630137
2017-18,Western Illinois,Summit,258,25.0,FCS,25.0,0.0,0.0,https://dxbhsrqyrr690.cloudfront.net/sidearm.nextgen.sites/nacda.com/documents/2018/7/18/June29overallDI.pdf,6,7.363013698630137
2017-18,Wisconsin Green Bay,Horizon League,258,25.0,DI,0.0,25.0,0.0,https://dxbhsrqyrr690.cloudfront.net/sidearm.nextgen.sites/nacda.com/documents/2018/7/18/June29overallDI.pdf,6,7.363013698630137
2017-18,Norfolk State,MEAC,286,23.5,FCS,0.0,0.0,23.5,https://dxbhsrqyrr690.cloudfront.net/sidearm.nextgen.sites/nacda.com/documents/2018/7/18/June29overallDI.pdf,6,2.3972602739726026
2017-18,Houston Baptist,Southland,287,19.0,FCS,0.0,0.0,19.0,https://dxbhsrqyrr690.cloudfront.net/sidearm.nextgen.sites/nacda.com/documents/2018/7/18/June29overallDI.pdf,6,2.054794520547945
2017-18,George Mason,Atlantic 10,288,15.5,DI,0.0,15.5,0.0,https://dxbhsrqyrr690.cloudfront.net/sidearm.nextgen.sites/nacda.com/documents/2018/7/18/June29overallDI.pdf,6,1.7123287671232876
2017-18,Binghamton,America East,289,11.0,DI,0.0,11.0,0.0,https://dxbhsrqyrr690.cloudfront.net/sidearm.nextgen.sites/nacda.com/documents/2018/7/18/June29overallDI.pdf,6,1.36986301369863
2017-18,St. Mary's College of California,WCC,290,8.6,DI,0.0,0.0,8.6,https://dxbhsrqyrr690.cloudfront.net/sidearm.nextgen.sites/nacda.com/documents/2018/7/18/June29overallDI.pdf,6,1.0273972602739725
2017-18,Bradley,Missouri Valley,291,5.0,DI,0.0,0.0,5.0,https://dxbhsrqyrr690.cloudfront.net/sidearm.nextgen.sites/nacda.com/documents/2018/7/18/June29overallDI.pdf,6,0.5136986301369862
2017-18,North Carolina Central,MEAC,291,5.0,FCS,0.0,5.0,0.0,https://dxbhsrqyrr690.cloudfront.net/sidearm.nextgen.sites/nacda.com/documents/2018/7/18/June29overallDI.pdf,6,0.5136986301369862
2018-19,Stanford,Pac 12,1,1503.75,FBS,496.0,350.5,657.25,https://dxbhsrqyrr690.cloudfront.net/sidearm.nextgen.sites/nacda.com/documents/2019/6/27/June28DIOverall.pdf,1,100.0
2018-19,Michigan,Big Ten,2,1272.25,FBS,330.5,489.75,452.0,https://dxbhsrqyrr690.cloudfront.net/sidearm.nextgen.sites/nacda.com/documents/2019/6/27/June28DIOverall.pdf,1,99.66101694915255
2018-19,Florida,SEC,3,1156.75,FBS,196.0,413.75,547.0,https://dxbhsrqyrr690.cloudfront.net/sidearm.nextgen.sites/nacda.com/documents/2019/6/27/June28DIOverall.pdf,1,99.32203389830508
2018-19,Texas,Big 12,4,1148.5,FBS,232.0,315.25,601.25,https://dxbhsrqyrr690.cloudfront.net/sidearm.nextgen.sites/nacda.com/documents/2019/6/27/June28DIOverall.pdf,1,98.98305084745763
2018-19,USC,Pac 12,5,1075.75,FBS,214.0,268.5,593.25,https://dxbhsrqyrr690.cloudfront.net/sidearm.nextgen.sites/nacda.com/documents/2019/6/27/June28DIOverall.pdf,1,98.64406779661017
2018-19,UCLA,Pac 12,6,1056.5,FBS,153.0,236.0,667.5,https://dxbhsrqyrr690.cloudfront.net/sidearm.nextgen.sites/nacda.com/documents/2019/6/27/June28DIOverall.pdf,1,98.30508474576271
2018-19,Florida State,ACC,7,1046.25,FBS,216.0,320.75,509.5,https://dxbhsrqyrr690.cloudfront.net/sidearm.nextgen.sites/nacda.com/documents/2019/6/27/June28DIOverall.pdf,1,97.96610169491525
2018-19,Virginia,ACC,8,1037.5,FBS,226.0,344.0,467.5,https://dxbhsrqyrr690.cloudfront.net/sidearm.nextgen.sites/nacda.com/documents/2019/6/27/June28DIOverall.pdf,1,97.6271186440678
2018-19,Duke,ACC,9,1001.0,FBS,296.0,284.0,421.0,https://dxbhsrqyrr690.cloudfront.net/sidearm.nextgen.sites/nacda.com/documents/2019/6/27/June28DIOverall.pdf,1,97.28813559322033
2018-19,North Carolina,ACC,10,987.0,FBS,240.0,249.5,497.5,https://dxbhsrqyrr690.cloudfront.net/sidearm.nextgen.sites/nacda.com/documents/2019/6/27/June28DIOverall.pdf,1,96.94915254237289
2018-19,LSU,SEC,11,986.83,FBS,122.0,388.33,476.5,https://dxbhsrqyrr690.cloudfront.net/sidearm.nextgen.sites/nacda.com/documents/2019/6/27/June28DIOverall.pdf,1,96.61016949152543
2018-19,Ohio State,Big Ten,12,986.0,FBS,85.0,517.5,383.5,https://dxbhsrqyrr690.cloudfront.net/sidearm.nextgen.sites/nacda.com/documents/2019/6/27/June28DIOverall.pdf,1,96.27118644067797
2018-19,Penn State,Big Ten,13,963.5,FBS,337.0,493.5,133.0,https://dxbhsrqyrr690.cloudfront.net/sidearm.nextgen.sites/nacda.com/documents/2019/6/27/June28DIOverall.pdf,1,95.9322033898305
2018-19,Kentucky,SEC,14,947.75,FBS,203.0,458.75,286.0,https://dxbhsrqyrr690.cloudfront.net/sidearm.nextgen.sites/nacda.com/documents/2019/6/27/June28DIOverall.pdf,1,95.59322033898306
2018-19,Texas A&M,SEC,15,933.75,FBS,177.5,317.5,438.75,https://dxbhsrqyrr690.cloudfront.net/sidearm.nextgen.sites/nacda.com/documents/2019/6/27/June28DIOverall.pdf,1,95.25423728813558
2018-19,Wisconsin,Big Ten,16,895.0,FBS,320.0,395.5,179.5,https://dxbhsrqyrr690.cloudfront.net/sidearm.nextgen.sites/nacda.com/documents/2019/6/27/June28DIOverall.pdf,1,94.91525423728814
2018-19,Notre Dame,ACC,17,885.0,FBS,280.0,342.0,263.0,https://dxbhsrqyrr690.cloudfront.net/sidearm.nextgen.sites/nacda.com/documents/2019/6/27/June28DIOverall.pdf,1,94.57627118644068
2018-19,California,Pac 12,18,835.75,FBS,25.0,363.25,447.5,https://dxbhsrqyrr690.cloudfront.net/sidearm.nextgen.sites/nacda.com/documents/2019/6/27/June28DIOverall.pdf,1,94.23728813559322
2018-19,Arizona State,Pac 12,19,821.0,FBS,25.0,412.0,384.0,https://dxbhsrqyrr690.cloudfront.net/sidearm.nextgen.sites/nacda.com/documents/2019/6/27/June28DIOverall.pdf,1,93.89830508474576
2018-19,Minnesota,Big Ten,20,813.75,FBS,231.0,430.75,152.0,https://dxbhsrqyrr690.cloudfront.net/sidearm.nextgen.sites/nacda.com/documents/2019/6/27/June28DIOverall.pdf,1,93.55932203389831
2018-19,Georgia,SEC,21,808.0,FBS,98.5,307.0,402.5,https://dxbhsrqyrr690.cloudfront.net/sidearm.nextgen.sites/nacda.com/documents/2019/6/27/June28DIOverall.pdf,1,93.22033898305084
2018-19,South Carolina,SEC,22,805.75,FBS,125.0,286.5,394.25,https://dxbhsrqyrr690.cloudfront.net/sidearm.nextgen.sites/nacda.com/documents/2019/6/27/June28DIOverall.pdf,1,92.88135593220339
2018-19,Arkansas,SEC,23,803.0,FBS,160.5,272.0,370.5,https://dxbhsrqyrr690.cloudfront.net/sidearm.nextgen.sites/nacda.com/documents/2019/6/27/June28DIOverall.pdf,1,92.54237288135593
2018-19,Washington,Pac 12,24,801.0,FBS,294.5,125.5,381.0,https://dxbhsrqyrr690.cloudfront.net/sidearm.nextgen.sites/nacda.com/documents/2019/6/27/June28DIOverall.pdf,1,92.20338983050847
2018-19,Tennessee,SEC,25,797.75,FBS,150.0,312.75,335.0,https://dxbhsrqyrr690.cloudfront.net/sidearm.nextgen.sites/nacda.com/documents/2019/6/27/June28DIOverall.pdf,1,91.86440677966101
2018-19,North Carolina State,ACC,26,794.0,FBS,268.0,320.5,205.5,https://dxbhsrqyrr690.cloudfront.net/sidearm.nextgen.sites/nacda.com/documents/2019/6/27/June28DIOverall.pdf,1,91.52542372881356
2018-19,Oregon,Pac 12,27,762.25,FBS,263.0,287.5,211.75,https://dxbhsrqyrr690.cloudfront.net/sidearm.nextgen.sites/nacda.com/documents/2019/6/27/June28DIOverall.pdf,1,91.18644067796609
2018-19,Oklahoma State,Big 12,28,760.5,FBS,163.0,153.0,444.5,https://dxbhsrqyrr690.cloudfront.net/sidearm.nextgen.sites/nacda.com/documents/2019/6/27/June28DIOverall.pdf,1,90.84745762711864
2018-19,BYU,WCC,29,738.5,FBS,315.0,224.5,199.0,https://dxbhsrqyrr690.cloudfront.net/sidearm.nextgen.sites/nacda.com/documents/2019/6/27/June28DIOverall.pdf,1,90.5084745762712
2018-19,Princeton,Ivy League,30,722.5,FCS,263.0,240.5,219.0,https://dxbhsrqyrr690.cloudfront.net/sidearm.nextgen.sites/nacda.com/documents/2019/6/27/June28DIOverall.pdf,1,90.16949152542372
2018-19,Alabama,SEC,31,721.85,FBS,90.0,315.75,316.1,https://dxbhsrqyrr690.cloudfront.net/sidearm.nextgen.sites/nacda.com/documents/2019/6/27/June28DIOverall.pdf,1,89.83050847457628
2018-19,Indiana,Big Ten,32,719.5,FBS,196.0,316.0,207.5,https://dxbhsrqyrr690.cloudfront.net/sidearm.nextgen.sites/nacda.com/documents/2019/6/27/June28DIOverall.pdf,1,89.49152542372882
2018-19,Oklahoma,Big 12,33,703.75,FBS,80.0,289.0,334.75,https://dxbhsrqyrr690.cloudfront.net/sidearm.nextgen.sites/nacda.com/documents/2019/6/27/June28DIOverall.pdf,1,89.15254237288136
2018-19,Texas Tech,Big 12,34,668.58,FBS,50.0,220.08,398.5,https://dxbhsrqyrr690.cloudfront.net/sidearm.nextgen.sites/nacda.com/documents/2019/6/27/June28DIOverall.pdf,1,88.8135593220339
2018-19,Louisville,ACC,35,648.5,FBS,125.0,297.5,226.0,https://dxbhsrqyrr690.cloudfront.net/sidearm.nextgen.sites/nacda.com/documents/2019/6/27/June28DIOverall.pdf,1,88.47457627118645
2018-19,Wake Forest,ACC,36,648.25,FBS,311.0,34.5,302.75,https://dxbhsrqyrr690.cloudfront.net/sidearm.nextgen.sites/nacda.com/documents/2019/6/27/June28DIOverall.pdf,1,88.13559322033898
2018-19,Auburn,SEC,37,644.75,FBS,70.0,264.25,310.5,https://dxbhsrqyrr690.cloudfront.net/sidearm.nextgen.sites/nacda.com/documents/2019/6/27/June28DIOverall.pdf,1,87.79661016949153
2018-19,Iowa,Big Ten,38,629.5,FBS,98.0,367.0,164.5,https://dxbhsrqyrr690.cloudfront.net/sidearm.nextgen.sites/nacda.com/documents/2019/6/27/June28DIOverall.pdf,1,87.45762711864407
2018-19,Baylor,Big 12,39,622.5,FBS,168.0,192.5,262.0,https://dxbhsrqyrr690.cloudfront.net/sidearm.nextgen.sites/nacda.com/documents/2019/6/27/June28DIOverall.pdf,1,87.11864406779661
2018-19,Maryland,Big Ten,40,588.0,FBS,190.0,190.5,207.5,https://dxbhsrqyrr690.cloudfront.net/sidearm.nextgen.sites/nacda.com/documents/2019/6/27/June28DIOverall.pdf,1,86.77966101694915
2018-19,Arizona,Pac 12,41,572.5,FBS,75.0,217.5,280.0,https://dxbhsrqyrr690.cloudfront.net/sidearm.nextgen.sites/nacda.com/documents/2019/6/27/June28DIOverall.pdf,1,86.4406779661017
2018-19,TCU,Big 12,42,557.0,FBS,95.0,177.5,284.5,https://dxbhsrqyrr690.cloudfront.net/sidearm.nextgen.sites/nacda.com/documents/2019/6/27/June28DIOverall.pdf,1,86.10169491525423
2018-19,Illinois,Big Ten,43,556.25,FBS,111.0,176.5,268.75,https://dxbhsrqyrr690.cloudfront.net/sidearm.nextgen.sites/nacda.com/documents/2019/6/27/June28DIOverall.pdf,1,85.76271186440678
2018-19,Mississippi State,SEC,44,550.5,FBS,74.0,140.5,336.0,https://dxbhsrqyrr690.cloudfront.net/sidearm.nextgen.sites/nacda.com/documents/2019/6/27/June28DIOverall.pdf,1,85.42372881355932
2018-19,Northwestern,Big Ten,45,526.5,FBS,108.0,155.5,263.0,https://dxbhsrqyrr690.cloudfront.net/sidearm.nextgen.sites/nacda.com/documents/2019/6/27/June28DIOverall.pdf,1,84.91525423728814
2018-19,Vanderbilt,SEC,45,526.5,FBS,75.0,90.0,361.5,https://dxbhsrqyrr690.cloudfront.net/sidearm.nextgen.sites/nacda.com/documents/2019/6/27/June28DIOverall.pdf,1,84.91525423728814
2018-19,Michigan State,Big Ten,47,526.0,FBS,174.0,208.5,143.5,https://dxbhsrqyrr690.cloudfront.net/sidearm.nextgen.sites/nacda.com/documents/2019/6/27/June28DIOverall.pdf,1,84.40677966101696
2018-19,Nebraska,Big Ten,48,523.25,FBS,90.0,373.75,59.5,https://dxbhsrqyrr690.cloudfront.net/sidearm.nextgen.sites/nacda.com/documents/2019/6/27/June28DIOverall.pdf,1,84.06779661016948
2018-19,Virginia Tech,ACC,49,511.83,FBS,181.0,249.33,81.5,https://dxbhsrqyrr690.cloudfront.net/sidearm.nextgen.sites/nacda.com/documents/2019/6/27/June28DIOverall.pdf,1,83.72881355932203
2018-19,Colorado,Pac 12,50,511.0,FBS,205.0,184.0,122.0,https://dxbhsrqyrr690.cloudfront.net/sidearm.nextgen.sites/nacda.com/documents/2019/6/27/June28DIOverall.pdf,1,83.38983050847457
2018-19,Missouri,SEC,51,488.75,FBS,75.0,326.25,87.5,https://dxbhsrqyrr690.cloudfront.net/sidearm.nextgen.sites/nacda.com/documents/2019/6/27/June28DIOverall.pdf,1,83.05084745762711
2018-19,Denver,Summit,52,484.0,DI,100.0,269.0,115.0,https://dxbhsrqyrr690.cloudfront.net/sidearm.nextgen.sites/nacda.com/documents/2019/6/27/June28DIOverall.pdf,1,82.71186440677965
2018-19,Iowa State,Big 12,53,474.0,FBS,157.0,213.5,103.5,https://dxbhsrqyrr690.cloudfront.net/sidearm.nextgen.sites/nacda.com/documents/2019/6/27/June28DIOverall.pdf,1,82.37288135593221
2018-19,Syracuse,ACC,54,463.5,FBS,208.0,100.0,155.5,https://dxbhsrqyrr690.cloudfront.net/sidearm.nextgen.sites/nacda.com/documents/2019/6/27/June28DIOverall.pdf,2,82.03389830508473
2018-19,Purdue,Big Ten,55,463.25,FBS,120.0,216.0,127.25,https://dxbhsrqyrr690.cloudfront.net/sidearm.nextgen.sites/nacda.com/documents/2019/6/27/June28DIOverall.pdf,2,81.69491525423729
2018-19,Ole Miss,SEC,56,461.5,FBS,159.0,49.0,253.5,https://dxbhsrqyrr690.cloudfront.net/sidearm.nextgen.sites/nacda.com/documents/2019/6/27/June28DIOverall.pdf,2,81.35593220338984
2018-19,Harvard,Ivy League,57,425.5,FCS,70.0,205.5,150.0,https://dxbhsrqyrr690.cloudfront.net/sidearm.nextgen.sites/nacda.com/documents/2019/6/27/June28DIOverall.pdf,2,81.01694915254237
2018-19,Miami (FL),ACC,58,420.83,FBS,25.0,202.33,193.5,https://dxbhsrqyrr690.cloudfront.net/sidearm.nextgen.sites/nacda.com/documents/2019/6/27/June28DIOverall.pdf,2,80.67796610169492
2018-19,Boise State,Mountain West,59,416.75,FBS,191.0,122.25,103.5,https://dxbhsrqyrr690.cloudfront.net/sidearm.nextgen.sites/nacda.com/documents/2019/6/27/June28DIOverall.pdf,2,80.33898305084746
2018-19,Houston,American,60,402.83,FBS,25.0,211.33,166.5,https://dxbhsrqyrr690.cloudfront.net/sidearm.nextgen.sites/nacda.com/documents/2019/6/27/June28DIOverall.pdf,2,80.0
2018-19,West Virginia,Big 12,61,398.5,FBS,152.0,168.5,78.0,https://dxbhsrqyrr690.cloudfront.net/sidearm.nextgen.sites/nacda.com/documents/2019/6/27/June28DIOverall.pdf,2,79.66101694915254
2018-19,UCF,American,62,393.5,FBS,139.5,75.0,179.0,https://dxbhsrqyrr690.cloudfront.net/sidearm.nextgen.sites/nacda.com/documents/2019/6/27/June28DIOverall.pdf,2,79.3220338983051
2018-19,Kansas,Big 12,63,380.0,FBS,50.0,159.5,170.5,https://dxbhsrqyrr690.cloudfront.net/sidearm.nextgen.sites/nacda.com/documents/2019/6/27/June28DIOverall.pdf,2,78.98305084745762
2018-19,Pennsylvania,Ivy League,64,375.0,FCS,55.0,179.0,141.0,https://dxbhsrqyrr690.cloudfront.net/sidearm.nextgen.sites/nacda.com/documents/2019/6/27/June28DIOverall.pdf,2,78.64406779661017
2018-19,Oregon State,Pac 12,65,364.35,FBS,97.0,190.75,76.6,https://dxbhsrqyrr690.cloudfront.net/sidearm.nextgen.sites/nacda.com/documents/2019/6/27/June28DIOverall.pdf,2,78.30508474576271
2018-19,Georgia Tech,ACC,66,358.0,FBS,98.0,74.0,186.0,https://dxbhsrqyrr690.cloudfront.net/sidearm.nextgen.sites/nacda.com/documents/2019/6/27/June28DIOverall.pdf,2,77.96610169491525
2018-19,Air Force,Mountain West,67,339.5,FBS,146.0,171.5,22.0,https://dxbhsrqyrr690.cloudfront.net/sidearm.nextgen.sites/nacda.com/documents/2019/6/27/June28DIOverall.pdf,2,77.62711864406779
2018-19,Hawaii,Big West,68,335.0,FBS,50.0,80.0,205.0,https://dxbhsrqyrr690.cloudfront.net/sidearm.nextgen.sites/nacda.com/documents/2019/6/27/June28DIOverall.pdf,2,77.28813559322035
2018-19,North Dakota State,Summit,69,330.75,FCS,100.0,134.25,96.5,https://dxbhsrqyrr690.cloudfront.net/sidearm.nextgen.sites/nacda.com/documents/2019/6/27/June28DIOverall.pdf,2,76.94915254237287
2018-19,Georgetown,Big East,70,329.5,FCS,174.0,47.5,108.0,https://dxbhsrqyrr690.cloudfront.net/sidearm.nextgen.sites/nacda.com/documents/2019/6/27/June28DIOverall.pdf,2,76.61016949152543
2018-19,New Mexico,Mountain West,71,312.5,FBS,90.0,147.0,75.5,https://dxbhsrqyrr690.cloudfront.net/sidearm.nextgen.sites/nacda.com/documents/2019/6/27/June28DIOverall.pdf,2,76.27118644067797
2018-19,Navy,Patriot,72,307.0,FBS,25.0,164.0,118.0,https://dxbhsrqyrr690.cloudfront.net/sidearm.nextgen.sites/nacda.com/documents/2019/6/27/June28DIOverall.pdf,2,75.9322033898305
2018-19,Clemson,ACC,73,305.0,FBS,125.0,50.0,130.0,https://dxbhsrqyrr690.cloudfront.net/sidearm.nextgen.sites/nacda.com/documents/2019/6/27/June28DIOverall.pdf,2,75.59322033898304
2018-19,Yale,Ivy League,74,303.0,FCS,53.0,94.0,156.0,https://dxbhsrqyrr690.cloudfront.net/sidearm.nextgen.sites/nacda.com/documents/2019/6/27/June28DIOverall.pdf,2,75.2542372881356
2018-19,Army West Point,Patriot,75,295.5,FBS,81.0,134.5,80.0,https://dxbhsrqyrr690.cloudfront.net/sidearm.nextgen.sites/nacda.com/documents/2019/6/27/June28DIOverall.pdf,2,74.91525423728814
2018-19,Villanova,Big East,76,291.5,FCS,101.0,143.0,47.5,https://dxbhsrqyrr690.cloudfront.net/sidearm.nextgen.sites/nacda.com/documents/2019/6/27/June28DIOverall.pdf,2,74.57627118644068
2018-19,UConn,American,77,290.5,FBS,120.0,120.5,50.0,https://dxbhsrqyrr690.cloudfront.net/sidearm.nextgen.sites/nacda.com/documents/2019/6/27/June28DIOverall.pdf,2,74.23728813559322
2018-19,Pepperdine,WCC,78,284.0,DI,50.0,0.0,234.0,https://dxbhsrqyrr690.cloudfront.net/sidearm.nextgen.sites/nacda.com/documents/2019/6/27/June28DIOverall.pdf,2,73.89830508474576
2018-19,Utah,Pac 12,79,278.75,FBS,75.0,178.75,25.0,https://dxbhsrqyrr690.cloudfront.net/sidearm.nextgen.sites/nacda.com/documents/2019/6/27/June28DIOverall.pdf,2,73.5593220338983
2018-19,Columbia,Ivy League,80,274.0,FCS,56.0,154.0,64.0,https://dxbhsrqyrr690.cloudfront.net/sidearm.nextgen.sites/nacda.com/documents/2019/6/27/June28DIOverall.pdf,2,73.22033898305085
2018-19,Cornell,Ivy League,81,263.0,FCS,28.0,235.0,0.0,https://dxbhsrqyrr690.cloudfront.net/sidearm.nextgen.sites/nacda.com/documents/2019/6/27/June28DIOverall.pdf,2,72.88135593220339
2018-19,Rutgers,Big Ten,82,259.0,FBS,78.0,94.0,87.0,https://dxbhsrqyrr690.cloudfront.net/sidearm.nextgen.sites/nacda.com/documents/2019/6/27/June28DIOverall.pdf,2,72.54237288135593
2018-19,Northern Arizona,Big Sky,83,249.0,FCS,125.0,52.0,72.0,https://dxbhsrqyrr690.cloudfront.net/sidearm.nextgen.sites/nacda.com/documents/2019/6/27/June28DIOverall.pdf,2,72.20338983050848
2018-19,James Madison,CAA,84,240.0,FCS,126.0,0.0,114.0,https://dxbhsrqyrr690.cloudfront.net/sidearm.nextgen.sites/nacda.com/documents/2019/6/27/June28DIOverall.pdf,2,71.86440677966101
2018-19,North Carolina A&T,MEAC,85,234.75,FCS,45.0,70.5,119.25,https://dxbhsrqyrr690.cloudfront.net/sidearm.nextgen.sites/nacda.com/documents/2019/6/27/June28DIOverall.pdf,2,71.52542372881356
2018-19,Portland,WCC,86,229.5,DI,199.5,30.0,0.0,https://dxbhsrqyrr690.cloudfront.net/sidearm.nextgen.sites/nacda.com/documents/2019/6/27/June28DIOverall.pdf,2,71.1864406779661
2018-19,Boston College,ACC,87,216.0,FBS,50.0,51.0,115.0,https://dxbhsrqyrr690.cloudfront.net/sidearm.nextgen.sites/nacda.com/documents/2019/6/27/June28DIOverall.pdf,2,70.84745762711864
2018-19,Colorado State,Mountain West,88,206.5,FBS,94.0,0.0,112.5,https://dxbhsrqyrr690.cloudfront.net/sidearm.nextgen.sites/nacda.com/documents/2019/6/27/June28DIOverall.pdf,2,70.33898305084746
2018-19,Washington State,Pac 12,88,206.5,FBS,181.5,0.0,25.0,https://dxbhsrqyrr690.cloudfront.net/sidearm.nextgen.sites/nacda.com/documents/2019/6/27/June28DIOverall.pdf,2,70.33898305084746
2018-19,Long Beach State,Big West,90,203.0,DI,50.0,0.0,153.0,https://dxbhsrqyrr690.cloudfront.net/sidearm.nextgen.sites/nacda.com/documents/2019/6/27/June28DIOverall.pdf,2,69.83050847457626
2018-19,Dartmouth,Ivy League,91,201.0,FCS,71.0,80.0,50.0,https://dxbhsrqyrr690.cloudfront.net/sidearm.nextgen.sites/nacda.com/documents/2019/6/27/June28DIOverall.pdf,2,69.49152542372882
2018-19,Cincinnati,American,92,200.0,FBS,101.0,61.5,37.5,https://dxbhsrqyrr690.cloudfront.net/sidearm.nextgen.sites/nacda.com/documents/2019/6/27/June28DIOverall.pdf,2,69.15254237288136
2018-19,Liberty,ASUN,93,197.0,FCS,0.0,74.0,123.0,https://dxbhsrqyrr690.cloudfront.net/sidearm.nextgen.sites/nacda.com/documents/2019/6/27/June28DIOverall.pdf,2,68.8135593220339
2018-19,Furman,SoCon,94,191.5,FCS,128.0,0.0,63.5,https://dxbhsrqyrr690.cloudfront.net/sidearm.nextgen.sites/nacda.com/documents/2019/6/27/June28DIOverall.pdf,2,68.30508474576271
2018-19,Kansas State,Big 12,94,191.5,FBS,0.0,85.5,106.0,https://dxbhsrqyrr690.cloudfront.net/sidearm.nextgen.sites/nacda.com/documents/2019/6/27/June28DIOverall.pdf,2,68.30508474576271
2018-19,South Florida,American,96,190.5,FBS,75.0,0.0,115.5,https://dxbhsrqyrr690.cloudfront.net/sidearm.nextgen.sites/nacda.com/documents/2019/6/27/June28DIOverall.pdf,2,67.79661016949152
2018-19,Akron,MAC,97,189.0,FBS,90.0,65.5,33.5,https://dxbhsrqyrr690.cloudfront.net/sidearm.nextgen.sites/nacda.com/documents/2019/6/27/June28DIOverall.pdf,2,67.45762711864407
2018-19,Kennesaw State,ASUN,98,188.0,FCS,70.0,44.5,73.5,https://dxbhsrqyrr690.cloudfront.net/sidearm.nextgen.sites/nacda.com/documents/2019/6/27/June28DIOverall.pdf,2,67.11864406779661
2018-19,Campbell,Big South,99,185.5,FCS,25.0,52.5,108.0,https://dxbhsrqyrr690.cloudfront.net/sidearm.nextgen.sites/nacda.com/documents/2019/6/27/June28DIOverall.pdf,2,66.77966101694915
2018-19,Murray State,OVC,100,185.0,FCS,50.0,130.0,5.0,https://dxbhsrqyrr690.cloudfront.net/sidearm.nextgen.sites/nacda.com/documents/2019/6/27/June28DIOverall.pdf,2,66.44067796610169
2018-19,Southern Utah,Big Sky,101,178.5,FCS,102.0,47.5,29.0,https://dxbhsrqyrr690.cloudfront.net/sidearm.nextgen.sites/nacda.com/documents/2019/6/27/June28DIOverall.pdf,2,66.10169491525424
2018-19,Fresno State,Mountain West,102,175.0,FBS,56.0,44.0,75.0,https://dxbhsrqyrr690.cloudfront.net/sidearm.nextgen.sites/nacda.com/documents/2019/6/27/June28DIOverall.pdf,2,65.76271186440678
2018-19,Sam Houston State,Southland,103,169.5,FCS,0.0,79.5,90.0,https://dxbhsrqyrr690.cloudfront.net/sidearm.nextgen.sites/nacda.com/documents/2019/6/27/June28DIOverall.pdf,2,65.42372881355932
2018-19,UNLV,Mountain West,104,168.0,FBS,0.0,30.0,138.0,https://dxbhsrqyrr690.cloudfront.net/sidearm.nextgen.sites/nacda.com/documents/2019/6/27/June28DIOverall.pdf,2,65.08474576271186
2018-19,San Diego State,Mountain West,105,167.5,FBS,25.0,74.5,68.0,https://dxbhsrqyrr690.cloudfront.net/sidearm.nextgen.sites/nacda.com/documents/2019/6/27/June28DIOverall.pdf,2,64.7457627118644
2018-19,Marquette,Big East,106,167.0,DI,64.0,75.0,28.0,https://dxbhsrqyrr690.cloudfront.net/sidearm.nextgen.sites/nacda.com/documents/2019/6/27/June28DIOverall.pdf,2,64.40677966101694
2018-19,Central Michigan,MAC,107,164.0,FBS,0.0,126.5,37.5,https://dxbhsrqyrr690.cloudfront.net/sidearm.nextgen.sites/nacda.com/documents/2019/6/27/June28DIOverall.pdf,2,63.898305084745765
2018-19,San Diego,WCC,107,164.0,FCS,89.0,0.0,75.0,https://dxbhsrqyrr690.cloudfront.net/sidearm.nextgen.sites/nacda.com/documents/2019/6/27/June28DIOverall.pdf,3,63.898305084745765
2018-19,Gonzaga,WCC,109,157.0,DI,0.0,123.0,34.0,https://dxbhsrqyrr690.cloudfront.net/sidearm.nextgen.sites/nacda.com/documents/2019/6/27/June28DIOverall.pdf,3,63.389830508474574
2018-19,Monmouth,MAAC,110,152.0,FCS,50.0,30.0,72.0,https://dxbhsrqyrr690.cloudfront.net/sidearm.nextgen.sites/nacda.com/documents/2019/6/27/June28DIOverall.pdf,3,63.05084745762712
2018-19,Lipscomb,ASUN,111,151.5,DI,114.0,0.0,37.5,https://dxbhsrqyrr690.cloudfront.net/sidearm.nextgen.sites/nacda.com/documents/2019/6/27/June28DIOverall.pdf,3,62.71186440677966
2018-19,South Dakota,Summit,112,147.0,FCS,25.0,67.5,54.5,https://dxbhsrqyrr690.cloudfront.net/sidearm.nextgen.sites/nacda.com/documents/2019/6/27/June28DIOverall.pdf,3,62.03389830508475
2018-19,South Dakota State,Summit,112,147.0,FCS,83.0,64.0,0.0,https://dxbhsrqyrr690.cloudfront.net/sidearm.nextgen.sites/nacda.com/documents/2019/6/27/June28DIOverall.pdf,3,62.03389830508475
2018-19,UC Davis,Big West,112,147.0,FCS,70.0,55.0,22.0,https://dxbhsrqyrr690.cloudfront.net/sidearm.nextgen.sites/nacda.com/documents/2019/6/27/June28DIOverall.pdf,3,62.03389830508475
2018-19,Wofford,SoCon,115,146.5,FCS,53.0,56.0,37.5,https://dxbhsrqyrr690.cloudfront.net/sidearm.nextgen.sites/nacda.com/documents/2019/6/27/June28DIOverall.pdf,3,61.35593220338983
2018-19,Buffalo,MAC,116,145.0,FBS,25.0,120.0,0.0,https://dxbhsrqyrr690.cloudfront.net/sidearm.nextgen.sites/nacda.com/documents/2019/6/27/June28DIOverall.pdf,3,60.84745762711864
2018-19,Colgate,Patriot,116,145.0,FCS,120.0,25.0,0.0,https://dxbhsrqyrr690.cloudfront.net/sidearm.nextgen.sites/nacda.com/documents/2019/6/27/June28DIOverall.pdf,3,60.84745762711864
2018-19,Brown,Ivy League,118,144.0,FCS,27.0,54.0,63.0,https://dxbhsrqyrr690.cloudfront.net/sidearm.nextgen.sites/nacda.com/documents/2019/6/27/June28DIOverall.pdf,3,60.33898305084746
2018-19,Northern Iowa,Missouri Valley,119,140.25,FCS,78.0,62.25,0.0,https://dxbhsrqyrr690.cloudfront.net/sidearm.nextgen.sites/nacda.com/documents/2019/6/27/June28DIOverall.pdf,3,60.0
2018-19,Stephen F. Austin,Southland,120,138.0,FCS,25.0,113.0,0.0,https://dxbhsrqyrr690.cloudfront.net/sidearm.nextgen.sites/nacda.com/documents/2019/6/27/June28DIOverall.pdf,3,59.66101694915255
2018-19,Southern Mississippi,Conference USA,121,137.0,FBS,0.0,37.5,99.5,https://dxbhsrqyrr690.cloudfront.net/sidearm.nextgen.sites/nacda.com/documents/2019/6/27/June28DIOverall.pdf,3,59.32203389830508
2018-19,Rice,Conference USA,122,130.0,FBS,80.0,25.0,25.0,https://dxbhsrqyrr690.cloudfront.net/sidearm.nextgen.sites/nacda.com/documents/2019/6/27/June28DIOverall.pdf,3,58.98305084745763
2018-19,Iona,MAAC,123,129.0,DI,99.0,25.0,5.0,https://dxbhsrqyrr690.cloudfront.net/sidearm.nextgen.sites/nacda.com/documents/2019/6/27/June28DIOverall.pdf,3,58.644067796610166
2018-19,Stony Brook,America East,124,128.0,FCS,50.0,0.0,78.0,https://dxbhsrqyrr690.cloudfront.net/sidearm.nextgen.sites/nacda.com/documents/2019/6/27/June28DIOverall.pdf,3,58.30508474576271
2018-19,UC Santa Barbara,Big West,125,123.5,DI,0.0,18.5,105.0,https://dxbhsrqyrr690.cloudfront.net/sidearm.nextgen.sites/nacda.com/documents/2019/6/27/June28DIOverall.pdf,3,57.96610169491525
2018-19,St. Mary's College of California,WCC,126,122.6,DI,89.0,25.0,8.6,https://dxbhsrqyrr690.cloudfront.net/sidearm.nextgen.sites/nacda.com/documents/2019/6/27/June28DIOverall.pdf,3,57.6271186440678
2018-19,Quinnipiac,MAAC,127,122.5,DI,0.0,85.0,37.5,https://dxbhsrqyrr690.cloudfront.net/sidearm.nextgen.sites/nacda.com/documents/2019/6/27/June28DIOverall.pdf,3,57.28813559322033
2018-19,Alabama State,SWAC,128,122.0,FCS,25.0,0.0,97.0,https://dxbhsrqyrr690.cloudfront.net/sidearm.nextgen.sites/nacda.com/documents/2019/6/27/June28DIOverall.pdf,3,56.949152542372886
2018-19,Indiana State,Missouri Valley,129,120.5,FCS,0.0,30.0,90.5,https://dxbhsrqyrr690.cloudfront.net/sidearm.nextgen.sites/nacda.com/documents/2019/6/27/June28DIOverall.pdf,3,56.61016949152542
2018-19,Arkansas State,Sun Belt,130,120.1,FBS,25.0,60.0,35.1,https://dxbhsrqyrr690.cloudfront.net/sidearm.nextgen.sites/nacda.com/documents/2019/6/27/June28DIOverall.pdf,3,56.271186440677965
2018-19,Providence,Big East,131,119.5,DI,0.0,119.5,0.0,https://dxbhsrqyrr690.cloudfront.net/sidearm.nextgen.sites/nacda.com/documents/2019/6/27/June28DIOverall.pdf,3,55.932203389830505
2018-19,New Hampshire,America East,132,119.0,FCS,25.0,94.0,0.0,https://dxbhsrqyrr690.cloudfront.net/sidearm.nextgen.sites/nacda.com/documents/2019/6/27/June28DIOverall.pdf,3,55.59322033898305
2018-19,Illinois State,Missouri Valley,133,116.5,FCS,25.0,0.0,91.5,https://dxbhsrqyrr690.cloudfront.net/sidearm.nextgen.sites/nacda.com/documents/2019/6/27/June28DIOverall.pdf,3,55.254237288135585
2018-19,Montana State,Big Sky,134,116.0,FCS,53.0,63.0,0.0,https://dxbhsrqyrr690.cloudfront.net/sidearm.nextgen.sites/nacda.com/documents/2019/6/27/June28DIOverall.pdf,3,54.91525423728814
2018-19,Middle Tennessee State,Conference USA,135,115.0,FBS,25.0,24.0,66.0,https://dxbhsrqyrr690.cloudfront.net/sidearm.nextgen.sites/nacda.com/documents/2019/6/27/June28DIOverall.pdf,3,54.40677966101695
2018-19,Vermont,America East,135,115.0,DI,0.0,115.0,0.0,https://dxbhsrqyrr690.cloudfront.net/sidearm.nextgen.sites/nacda.com/documents/2019/6/27/June28DIOverall.pdf,3,54.40677966101695
2018-19,Pittsburgh,ACC,137,114.5,FBS,75.0,39.5,0.0,https://dxbhsrqyrr690.cloudfront.net/sidearm.nextgen.sites/nacda.com/documents/2019/6/27/June28DIOverall.pdf,3,53.898305084745765
2018-19,Towson,CAA,138,114.0,FCS,25.0,64.0,25.0,https://dxbhsrqyrr690.cloudfront.net/sidearm.nextgen.sites/nacda.com/documents/2019/6/27/June28DIOverall.pdf,3,53.559322033898304
2018-19,Loyola Maryland,Patriot,139,113.0,DI,0.0,0.0,113.0,https://dxbhsrqyrr690.cloudfront.net/sidearm.nextgen.sites/nacda.com/documents/2019/6/27/June28DIOverall.pdf,3,53.22033898305085
2018-19,New Mexico State,WAC,140,111.5,FBS,25.0,50.0,36.5,https://dxbhsrqyrr690.cloudfront.net/sidearm.nextgen.sites/nacda.com/documents/2019/6/27/June28DIOverall.pdf,3,52.88135593220339
2018-19,Northeastern,CAA,141,111.0,DI,0.0,75.0,36.0,https://dxbhsrqyrr690.cloudfront.net/sidearm.nextgen.sites/nacda.com/documents/2019/6/27/June28DIOverall.pdf,3,52.3728813559322
2018-19,Old Dominion,Conference USA,141,111.0,FBS,0.0,67.0,44.0,https://dxbhsrqyrr690.cloudfront.net/sidearm.nextgen.sites/nacda.com/documents/2019/6/27/June28DIOverall.pdf,3,52.3728813559322
2018-19,Pacific,WCC,143,110.0,DI,50.0,0.0,60.0,https://dxbhsrqyrr690.cloudfront.net/sidearm.nextgen.sites/nacda.com/documents/2019/6/27/June28DIOverall.pdf,3,51.69491525423729
2018-19,Utah State,Mountain West,143,110.0,FBS,53.0,25.0,32.0,https://dxbhsrqyrr690.cloudfront.net/sidearm.nextgen.sites/nacda.com/documents/2019/6/27/June28DIOverall.pdf,3,51.69491525423729
2018-19,Jacksonville State,OVC,145,108.0,FCS,53.0,0.0,55.0,https://dxbhsrqyrr690.cloudfront.net/sidearm.nextgen.sites/nacda.com/documents/2019/6/27/June28DIOverall.pdf,3,51.01694915254237
2018-19,Maine,America East,145,108.0,FCS,83.0,25.0,0.0,https://dxbhsrqyrr690.cloudfront.net/sidearm.nextgen.sites/nacda.com/documents/2019/6/27/June28DIOverall.pdf,3,51.01694915254237
2018-19,Weber State,Big Sky,147,107.5,FCS,70.0,0.0,37.5,https://dxbhsrqyrr690.cloudfront.net/sidearm.nextgen.sites/nacda.com/documents/2019/6/27/June28DIOverall.pdf,3,50.50847457627119
2018-19,East Carolina,American,148,107.0,FBS,0.0,0.0,107.0,https://dxbhsrqyrr690.cloudfront.net/sidearm.nextgen.sites/nacda.com/documents/2019/6/27/June28DIOverall.pdf,3,50.16949152542372
2018-19,St. John's (NY),Big East,149,105.0,DI,0.0,80.0,25.0,https://dxbhsrqyrr690.cloudfront.net/sidearm.nextgen.sites/nacda.com/documents/2019/6/27/June28DIOverall.pdf,3,49.83050847457628
2018-19,Nevada,Mountain West,150,104.5,FBS,45.0,25.0,34.5,https://dxbhsrqyrr690.cloudfront.net/sidearm.nextgen.sites/nacda.com/documents/2019/6/27/June28DIOverall.pdf,3,49.49152542372882
2018-19,Wyoming,Mountain West,151,104.0,FBS,64.5,39.5,0.0,https://dxbhsrqyrr690.cloudfront.net/sidearm.nextgen.sites/nacda.com/documents/2019/6/27/June28DIOverall.pdf,3,49.152542372881356
2018-19,Temple,American,152,103.0,FBS,53.0,50.0,0.0,https://dxbhsrqyrr690.cloudfront.net/sidearm.nextgen.sites/nacda.com/documents/2019/6/27/June28DIOverall.pdf,3,48.8135593220339
2018-19,Memphis,American,153,102.0,FBS,50.0,24.0,28.0,https://dxbhsrqyrr690.cloudfront.net/sidearm.nextgen.sites/nacda.com/documents/2019/6/27/June28DIOverall.pdf,3,48.47457627118644
2018-19,San Jose State,Mountain West,154,101.0,FBS,25.0,0.0,76.0,https://dxbhsrqyrr690.cloudfront.net/sidearm.nextgen.sites/nacda.com/documents/2019/6/27/June28DIOverall.pdf,3,48.13559322033898
2018-19,Creighton,Big East,155,100.0,DI,50.0,0.0,50.0,https://dxbhsrqyrr690.cloudfront.net/sidearm.nextgen.sites/nacda.com/documents/2019/6/27/June28DIOverall.pdf,3,47.28813559322034
2018-19,Florida Gulf Coast,ASUN,155,100.0,DI,50.0,25.0,25.0,https://dxbhsrqyrr690.cloudfront.net/sidearm.nextgen.sites/nacda.com/documents/2019/6/27/June28DIOverall.pdf,3,47.28813559322034
2018-19,Loyola Marymount,WCC,155,100.0,DI,50.0,0.0,50.0,https://dxbhsrqyrr690.cloudfront.net/sidearm.nextgen.sites/nacda.com/documents/2019/6/27/June28DIOverall.pdf,3,47.28813559322034
2018-19,UC Irvine,Big West,155,100.0,DI,50.0,50.0,0.0,https://dxbhsrqyrr690.cloudfront.net/sidearm.nextgen.sites/nacda.com/documents/2019/6/27/June28DIOverall.pdf,3,47.28813559322034
2018-19,Albany,America East,159,98.0,FCS,78.0,0.0,20.0,https://dxbhsrqyrr690.cloudfront.net/sidearm.nextgen.sites/nacda.com/documents/2019/6/27/June28DIOverall.pdf,3,46.440677966101696
2018-19,SMU,American,160,97.75,FBS,25.0,0.0,72.75,https://dxbhsrqyrr690.cloudfront.net/sidearm.nextgen.sites/nacda.com/documents/2019/6/27/June28DIOverall.pdf,3,46.101694915254235
2018-19,Incarnate Word,Southland,161,95.0,FCS,25.0,55.0,15.0,https://dxbhsrqyrr690.cloudfront.net/sidearm.nextgen.sites/nacda.com/documents/2019/6/27/June28DIOverall.pdf,3,45.593220338983045
2018-19,Missouri State,Missouri Valley,161,95.0,FCS,0.0,95.0,0.0,https://dxbhsrqyrr690.cloudfront.net/sidearm.nextgen.sites/nacda.com/documents/2019/6/27/June28DIOverall.pdf,4,45.593220338983045
2018-19,Bethune-Cookman,MEAC,163,94.5,FCS,0.0,69.5,25.0,https://dxbhsrqyrr690.cloudfront.net/sidearm.nextgen.sites/nacda.com/documents/2019/6/27/June28DIOverall.pdf,4,45.08474576271186
2018-19,Tulsa,American,164,94.0,FBS,44.0,0.0,50.0,https://dxbhsrqyrr690.cloudfront.net/sidearm.nextgen.sites/nacda.com/documents/2019/6/27/June28DIOverall.pdf,4,44.74576271186441
2018-19,Georgia Southern,Sun Belt,165,93.0,FBS,45.0,0.0,48.0,https://dxbhsrqyrr690.cloudfront.net/sidearm.nextgen.sites/nacda.com/documents/2019/6/27/June28DIOverall.pdf,4,44.237288135593225
2018-19,Kent State,MAC,165,93.0,FBS,0.0,15.0,78.0,https://dxbhsrqyrr690.cloudfront.net/sidearm.nextgen.sites/nacda.com/documents/2019/6/27/June28DIOverall.pdf,4,44.237288135593225
2018-19,Eastern Michigan,MAC,167,92.0,FBS,50.0,42.0,0.0,https://dxbhsrqyrr690.cloudfront.net/sidearm.nextgen.sites/nacda.com/documents/2019/6/27/June28DIOverall.pdf,4,43.559322033898304
2018-19,Grand Canyon,WAC,167,92.0,DI,25.0,42.0,25.0,https://dxbhsrqyrr690.cloudfront.net/sidearm.nextgen.sites/nacda.com/documents/2019/6/27/June28DIOverall.pdf,4,43.559322033898304
2018-19,Northwestern State,Southland,169,91.0,FCS,0.0,50.5,40.5,https://dxbhsrqyrr690.cloudfront.net/sidearm.nextgen.sites/nacda.com/documents/2019/6/27/June28DIOverall.pdf,4,43.050847457627114
2018-19,Southeast Missouri State,OVC,170,90.5,FCS,53.0,0.0,37.5,https://dxbhsrqyrr690.cloudfront.net/sidearm.nextgen.sites/nacda.com/documents/2019/6/27/June28DIOverall.pdf,4,42.71186440677966
2018-19,Eastern Washington,Big Sky,171,90.0,FCS,90.0,0.0,0.0,https://dxbhsrqyrr690.cloudfront.net/sidearm.nextgen.sites/nacda.com/documents/2019/6/27/June28DIOverall.pdf,4,42.03389830508474
2018-19,Massachusetts,Atlantic 10,171,90.0,FBS,0.0,90.0,0.0,https://dxbhsrqyrr690.cloudfront.net/sidearm.nextgen.sites/nacda.com/documents/2019/6/27/June28DIOverall.pdf,4,42.03389830508474
2018-19,VCU,Atlantic 10,171,90.0,DI,0.0,25.0,65.0,https://dxbhsrqyrr690.cloudfront.net/sidearm.nextgen.sites/nacda.com/documents/2019/6/27/June28DIOverall.pdf,4,42.03389830508474
2018-19,DePaul,Big East,174,87.5,DI,0.0,25.0,62.5,https://dxbhsrqyrr690.cloudfront.net/sidearm.nextgen.sites/nacda.com/documents/2019/6/27/June28DIOverall.pdf,4,41.186440677966104
2018-19,Drake,Missouri Valley,174,87.5,FCS,0.0,25.0,62.5,https://dxbhsrqyrr690.cloudfront.net/sidearm.nextgen.sites/nacda.com/documents/2019/6/27/June28DIOverall.pdf,4,41.186440677966104
2018-19,Rhode Island,Atlantic 10,176,87.0,FCS,25.0,0.0,62.0,https://dxbhsrqyrr690.cloudfront.net/sidearm.nextgen.sites/nacda.com/documents/2019/6/27/June28DIOverall.pdf,4,40.67796610169492
2018-19,South Alabama,Sun Belt,177,86.5,FBS,0.0,0.0,86.5,https://dxbhsrqyrr690.cloudfront.net/sidearm.nextgen.sites/nacda.com/documents/2019/6/27/June28DIOverall.pdf,4,40.33898305084746
2018-19,American,Patriot,178,83.5,DI,0.0,83.5,0.0,https://dxbhsrqyrr690.cloudfront.net/sidearm.nextgen.sites/nacda.com/documents/2019/6/27/June28DIOverall.pdf,4,40.0
2018-19,Maryland Eastern Shore,MEAC,179,83.0,DI,0.0,83.0,0.0,https://dxbhsrqyrr690.cloudfront.net/sidearm.nextgen.sites/nacda.com/documents/2019/6/27/June28DIOverall.pdf,4,39.66101694915255
2018-19,Louisiana Tech,Conference USA,180,82.5,FBS,45.0,0.0,37.5,https://dxbhsrqyrr690.cloudfront.net/sidearm.nextgen.sites/nacda.com/documents/2019/6/27/June28DIOverall.pdf,4,39.32203389830509
2018-19,Boston University,Patriot,181,80.0,DI,50.0,0.0,30.0,https://dxbhsrqyrr690.cloudfront.net/sidearm.nextgen.sites/nacda.com/documents/2019/6/27/June28DIOverall.pdf,4,38.983050847457626
2018-19,Miami (OH),MAC,182,78.0,FBS,53.0,0.0,25.0,https://dxbhsrqyrr690.cloudfront.net/sidearm.nextgen.sites/nacda.com/documents/2019/6/27/June28DIOverall.pdf,4,38.474576271186436
2018-19,Texas State,Sun Belt,182,78.0,FBS,78.0,0.0,0.0,https://dxbhsrqyrr690.cloudfront.net/sidearm.nextgen.sites/nacda.com/documents/2019/6/27/June28DIOverall.pdf,4,38.474576271186436
2018-19,Belmont,OVC,184,77.0,DI,27.0,50.0,0.0,https://dxbhsrqyrr690.cloudfront.net/sidearm.nextgen.sites/nacda.com/documents/2019/6/27/June28DIOverall.pdf,4,37.45762711864407
2018-19,Florida International,Conference USA,184,77.0,FBS,45.0,32.0,0.0,https://dxbhsrqyrr690.cloudfront.net/sidearm.nextgen.sites/nacda.com/documents/2019/6/27/June28DIOverall.pdf,4,37.45762711864407
2018-19,North Texas,Conference USA,184,77.0,FBS,77.0,0.0,0.0,https://dxbhsrqyrr690.cloudfront.net/sidearm.nextgen.sites/nacda.com/documents/2019/6/27/June28DIOverall.pdf,4,37.45762711864407
2018-19,South Carolina State,MEAC,184,77.0,FCS,0.0,52.0,25.0,https://dxbhsrqyrr690.cloudfront.net/sidearm.nextgen.sites/nacda.com/documents/2019/6/27/June28DIOverall.pdf,4,37.45762711864407
2018-19,North Florida,ASUN,188,76.5,DI,0.0,0.0,76.5,https://dxbhsrqyrr690.cloudfront.net/sidearm.nextgen.sites/nacda.com/documents/2019/6/27/June28DIOverall.pdf,4,36.610169491525426
2018-19,Cal Poly,Big West,189,76.0,FCS,25.0,26.0,25.0,https://dxbhsrqyrr690.cloudfront.net/sidearm.nextgen.sites/nacda.com/documents/2019/6/27/June28DIOverall.pdf,4,36.271186440677965
2018-19,Abilene Christian,Southland,190,75.0,FCS,25.0,50.0,0.0,https://dxbhsrqyrr690.cloudfront.net/sidearm.nextgen.sites/nacda.com/documents/2019/6/27/June28DIOverall.pdf,4,34.40677966101695
2018-19,Bradley,Missouri Valley,190,75.0,DI,50.0,25.0,0.0,https://dxbhsrqyrr690.cloudfront.net/sidearm.nextgen.sites/nacda.com/documents/2019/6/27/June28DIOverall.pdf,4,34.40677966101695
2018-19,East Tennessee State,SoCon,190,75.0,FCS,50.0,0.0,25.0,https://dxbhsrqyrr690.cloudfront.net/sidearm.nextgen.sites/nacda.com/documents/2019/6/27/June28DIOverall.pdf,4,34.40677966101695
2018-19,Fordham,Atlantic 10,190,75.0,FCS,0.0,25.0,50.0,https://dxbhsrqyrr690.cloudfront.net/sidearm.nextgen.sites/nacda.com/documents/2019/6/27/June28DIOverall.pdf,4,34.40677966101695
2018-19,High Point,Big South,190,75.0,DI,50.0,0.0,25.0,https://dxbhsrqyrr690.cloudfront.net/sidearm.nextgen.sites/nacda.com/documents/2019/6/27/June28DIOverall.pdf,4,34.40677966101695
2018-19,Hofstra,CAA,190,75.0,DI,75.0,0.0,0.0,https://dxbhsrqyrr690.cloudfront.net/sidearm.nextgen.sites/nacda.com/documents/2019/6/27/June28DIOverall.pdf,4,34.40677966101695
2018-19,Illinois Chicago,Horizon League,190,75.0,DI,25.0,0.0,50.0,https://dxbhsrqyrr690.cloudfront.net/sidearm.nextgen.sites/nacda.com/documents/2019/6/27/June28DIOverall.pdf,4,34.40677966101695
2018-19,Louisiana Lafayette,Sun Belt,190,75.0,FBS,25.0,0.0,50.0,https://dxbhsrqyrr690.cloudfront.net/sidearm.nextgen.sites/nacda.com/documents/2019/6/27/June28DIOverall.pdf,4,34.40677966101695
2018-19,Mercer,SoCon,190,75.0,FCS,0.0,25.0,50.0,https://dxbhsrqyrr690.cloudfront.net/sidearm.nextgen.sites/nacda.com/documents/2019/6/27/June28DIOverall.pdf,4,34.40677966101695
2018-19,Radford,Big South,190,75.0,DI,25.0,25.0,25.0,https://dxbhsrqyrr690.cloudfront.net/sidearm.nextgen.sites/nacda.com/documents/2019/6/27/June28DIOverall.pdf,4,34.40677966101695
2018-19,Appalachian State,Sun Belt,200,72.0,FBS,45.0,27.0,0.0,https://dxbhsrqyrr690.cloudfront.net/sidearm.nextgen.sites/nacda.com/documents/2019/6/27/June28DIOverall.pdf,4,32.54237288135593
2018-19,Tulane,American,201,70.0,FBS,45.0,0.0,25.0,https://dxbhsrqyrr690.cloudfront.net/sidearm.nextgen.sites/nacda.com/documents/2019/6/27/June28DIOverall.pdf,4,32.20338983050847
2018-19,Samford,SoCon,202,69.5,FCS,25.0,44.5,0.0,https://dxbhsrqyrr690.cloudfront.net/sidearm.nextgen.sites/nacda.com/documents/2019/6/27/June28DIOverall.pdf,4,31.864406779661014
2018-19,George Washington,Atlantic 10,203,68.5,DI,25.0,43.5,0.0,https://dxbhsrqyrr690.cloudfront.net/sidearm.nextgen.sites/nacda.com/documents/2019/6/27/June28DIOverall.pdf,4,31.52542372881356
2018-19,Ohio,MAC,204,65.0,FBS,45.0,20.0,0.0,https://dxbhsrqyrr690.cloudfront.net/sidearm.nextgen.sites/nacda.com/documents/2019/6/27/June28DIOverall.pdf,4,31.186440677966104
2018-19,Bowling Green,MAC,205,63.0,FBS,25.0,38.0,0.0,https://dxbhsrqyrr690.cloudfront.net/sidearm.nextgen.sites/nacda.com/documents/2019/6/27/June28DIOverall.pdf,4,30.847457627118647
2018-19,Central Connecticut State,Northeast,206,62.5,FCS,25.0,0.0,37.5,https://dxbhsrqyrr690.cloudfront.net/sidearm.nextgen.sites/nacda.com/documents/2019/6/27/June28DIOverall.pdf,4,30.338983050847457
2018-19,Seattle,WAC,206,62.5,DI,25.0,0.0,37.5,https://dxbhsrqyrr690.cloudfront.net/sidearm.nextgen.sites/nacda.com/documents/2019/6/27/June28DIOverall.pdf,4,30.338983050847457
2018-19,Lehigh,Patriot,208,62.25,FCS,0.0,62.25,0.0,https://dxbhsrqyrr690.cloudfront.net/sidearm.nextgen.sites/nacda.com/documents/2019/6/27/June28DIOverall.pdf,4,29.830508474576273
2018-19,Fairleigh Dickinson,Northeast,209,62.0,DI,0.0,57.0,5.0,https://dxbhsrqyrr690.cloudfront.net/sidearm.nextgen.sites/nacda.com/documents/2019/6/27/June28DIOverall.pdf,4,29.491525423728817
2018-19,Rider,MAAC,210,61.5,DI,25.0,36.5,0.0,https://dxbhsrqyrr690.cloudfront.net/sidearm.nextgen.sites/nacda.com/documents/2019/6/27/June28DIOverall.pdf,4,29.152542372881356
2018-19,Sacramento State,Big Sky,211,61.0,FCS,0.0,0.0,61.0,https://dxbhsrqyrr690.cloudfront.net/sidearm.nextgen.sites/nacda.com/documents/2019/6/27/June28DIOverall.pdf,4,28.8135593220339
2018-19,North Carolina Wilmington,CAA,212,60.0,DI,25.0,0.0,35.0,https://dxbhsrqyrr690.cloudfront.net/sidearm.nextgen.sites/nacda.com/documents/2019/6/27/June28DIOverall.pdf,4,28.30508474576271
2018-19,Sacred Heart,Northeast,212,60.0,FCS,0.0,60.0,0.0,https://dxbhsrqyrr690.cloudfront.net/sidearm.nextgen.sites/nacda.com/documents/2019/6/27/June28DIOverall.pdf,4,28.30508474576271
2018-19,Eastern Kentucky,OVC,214,58.5,FCS,58.5,0.0,0.0,https://dxbhsrqyrr690.cloudfront.net/sidearm.nextgen.sites/nacda.com/documents/2019/6/27/June28DIOverall.pdf,4,27.796610169491526
2018-19,Southern Illinois,Missouri Valley,215,57.5,FCS,0.0,0.0,57.5,https://dxbhsrqyrr690.cloudfront.net/sidearm.nextgen.sites/nacda.com/documents/2019/6/27/June28DIOverall.pdf,4,27.45762711864407
2018-19,Saint Francis (PA),Northeast,216,57.0,FCS,0.0,0.0,57.0,https://dxbhsrqyrr690.cloudfront.net/sidearm.nextgen.sites/nacda.com/documents/2019/6/27/June28DIOverall.pdf,5,27.11864406779661
2018-19,Marist,MAAC,217,55.0,FCS,0.0,0.0,55.0,https://dxbhsrqyrr690.cloudfront.net/sidearm.nextgen.sites/nacda.com/documents/2019/6/27/June28DIOverall.pdf,5,26.610169491525426
2018-19,Robert Morris,Northeast,217,55.0,FCS,0.0,25.0,30.0,https://dxbhsrqyrr690.cloudfront.net/sidearm.nextgen.sites/nacda.com/documents/2019/6/27/June28DIOverall.pdf,5,26.610169491525426
2018-19,Duquesne,Atlantic 10,219,53.0,FCS,53.0,0.0,0.0,https://dxbhsrqyrr690.cloudfront.net/sidearm.nextgen.sites/nacda.com/documents/2019/6/27/June28DIOverall.pdf,5,25.593220338983052
2018-19,Nicholls State,Southland,219,53.0,FCS,53.0,0.0,0.0,https://dxbhsrqyrr690.cloudfront.net/sidearm.nextgen.sites/nacda.com/documents/2019/6/27/June28DIOverall.pdf,5,25.593220338983052
2018-19,Saint Joseph's,Atlantic 10,219,53.0,DI,53.0,0.0,0.0,https://dxbhsrqyrr690.cloudfront.net/sidearm.nextgen.sites/nacda.com/documents/2019/6/27/June28DIOverall.pdf,5,25.593220338983052
2018-19,William & Mary,CAA,219,53.0,FCS,53.0,0.0,0.0,https://dxbhsrqyrr690.cloudfront.net/sidearm.nextgen.sites/nacda.com/documents/2019/6/27/June28DIOverall.pdf,5,25.593220338983052
2018-19,Arkansas Little Rock,Sun Belt,223,50.0,DI,25.0,25.0,0.0,https://dxbhsrqyrr690.cloudfront.net/sidearm.nextgen.sites/nacda.com/documents/2019/6/27/June28DIOverall.pdf,5,21.864406779661017
2018-19,Bryant,Northeast,223,50.0,FCS,25.0,0.0,25.0,https://dxbhsrqyrr690.cloudfront.net/sidearm.nextgen.sites/nacda.com/documents/2019/6/27/June28DIOverall.pdf,5,21.864406779661017
2018-19,Central Arkansas,Southland,223,50.0,FCS,25.0,0.0,25.0,https://dxbhsrqyrr690.cloudfront.net/sidearm.nextgen.sites/nacda.com/documents/2019/6/27/June28DIOverall.pdf,5,21.864406779661017
2018-19,Charlotte,Conference USA,223,50.0,FBS,50.0,0.0,0.0,https://dxbhsrqyrr690.cloudfront.net/sidearm.nextgen.sites/nacda.com/documents/2019/6/27/June28DIOverall.pdf,5,21.864406779661017
2018-19,Elon,CAA,223,50.0,FCS,25.0,0.0,25.0,https://dxbhsrqyrr690.cloudfront.net/sidearm.nextgen.sites/nacda.com/documents/2019/6/27/June28DIOverall.pdf,5,21.864406779661017
2018-19,Fairfield,MAAC,223,50.0,DI,0.0,0.0,50.0,https://dxbhsrqyrr690.cloudfront.net/sidearm.nextgen.sites/nacda.com/documents/2019/6/27/June28DIOverall.pdf,5,21.864406779661017
2018-19,Georgia State,Sun Belt,223,50.0,FBS,25.0,25.0,0.0,https://dxbhsrqyrr690.cloudfront.net/sidearm.nextgen.sites/nacda.com/documents/2019/6/27/June28DIOverall.pdf,5,21.864406779661017
2018-19,Howard,MEAC,223,50.0,FCS,50.0,0.0,0.0,https://dxbhsrqyrr690.cloudfront.net/sidearm.nextgen.sites/nacda.com/documents/2019/6/27/June28DIOverall.pdf,5,21.864406779661017
2018-19,LIU Brooklyn,Northeast,223,50.0,DI,25.0,0.0,25.0,https://dxbhsrqyrr690.cloudfront.net/sidearm.nextgen.sites/nacda.com/documents/2019/6/27/June28DIOverall.pdf,5,21.864406779661017
2018-19,Montana,Big Sky,223,50.0,FCS,25.0,25.0,0.0,https://dxbhsrqyrr690.cloudfront.net/sidearm.nextgen.sites/nacda.com/documents/2019/6/27/June28DIOverall.pdf,5,21.864406779661017
2018-19,Richmond,Atlantic 10,223,50.0,FCS,0.0,0.0,50.0,https://dxbhsrqyrr690.cloudfront.net/sidearm.nextgen.sites/nacda.com/documents/2019/6/27/June28DIOverall.pdf,5,21.864406779661017
2018-19,Saint Louis,Atlantic 10,223,50.0,DI,25.0,25.0,0.0,https://dxbhsrqyrr690.cloudfront.net/sidearm.nextgen.sites/nacda.com/documents/2019/6/27/June28DIOverall.pdf,5,21.864406779661017
2018-19,Santa Clara,WCC,223,50.0,DI,50.0,0.0,0.0,https://dxbhsrqyrr690.cloudfront.net/sidearm.nextgen.sites/nacda.com/documents/2019/6/27/June28DIOverall.pdf,5,21.864406779661017
2018-19,Southern,SWAC,223,50.0,FCS,0.0,25.0,25.0,https://dxbhsrqyrr690.cloudfront.net/sidearm.nextgen.sites/nacda.com/documents/2019/6/27/June28DIOverall.pdf,5,21.864406779661017
2018-19,Toledo,MAC,223,50.0,FBS,25.0,0.0,25.0,https://dxbhsrqyrr690.cloudfront.net/sidearm.nextgen.sites/nacda.com/documents/2019/6/27/June28DIOverall.pdf,5,21.864406779661017
2018-19,UMBC,America East,223,50.0,DI,0.0,0.0,50.0,https://dxbhsrqyrr690.cloudfront.net/sidearm.nextgen.sites/nacda.com/documents/2019/6/27/June28DIOverall.pdf,5,21.864406779661017
2018-19,Wagner,Northeast,223,50.0,FCS,0.0,0.0,50.0,https://dxbhsrqyrr690.cloudfront.net/sidearm.nextgen.sites/nacda.com/documents/2019/6/27/June28DIOverall.pdf,5,21.864406779661017
2018-19,Western Michigan,MAC,223,50.0,FBS,25.0,0.0,25.0,https://dxbhsrqyrr690.cloudfront.net/sidearm.nextgen.sites/nacda.com/documents/2019/6/27/June28DIOverall.pdf,5,21.864406779661017
2018-19,Nebraska Omaha,Summit,241,49.0,DI,0.0,24.0,25.0,https://dxbhsrqyrr690.cloudfront.net/sidearm.nextgen.sites/nacda.com/documents/2019/6/27/June28DIOverall.pdf,5,18.64406779661017
2018-19,Bucknell,Patriot,242,48.5,FCS,0.0,48.5,0.0,https://dxbhsrqyrr690.cloudfront.net/sidearm.nextgen.sites/nacda.com/documents/2019/6/27/June28DIOverall.pdf,5,18.305084745762713
2018-19,Detroit,Horizon League,243,47.0,DI,0.0,22.0,25.0,https://dxbhsrqyrr690.cloudfront.net/sidearm.nextgen.sites/nacda.com/documents/2019/6/27/June28DIOverall.pdf,5,17.966101694915253
2018-19,Marshall,Conference USA,244,45.0,FBS,45.0,0.0,0.0,https://dxbhsrqyrr690.cloudfront.net/sidearm.nextgen.sites/nacda.com/documents/2019/6/27/June28DIOverall.pdf,5,17.28813559322034
2018-19,Troy,Sun Belt,244,45.0,FBS,45.0,0.0,0.0,https://dxbhsrqyrr690.cloudfront.net/sidearm.nextgen.sites/nacda.com/documents/2019/6/27/June28DIOverall.pdf,5,17.28813559322034
2018-19,UAB,Conference USA,244,45.0,FBS,45.0,0.0,0.0,https://dxbhsrqyrr690.cloudfront.net/sidearm.nextgen.sites/nacda.com/documents/2019/6/27/June28DIOverall.pdf,5,17.28813559322034
2018-19,Utah Valley,WAC,247,44.0,DI,0.0,44.0,0.0,https://dxbhsrqyrr690.cloudfront.net/sidearm.nextgen.sites/nacda.com/documents/2019/6/27/June28DIOverall.pdf,5,16.610169491525422
2018-19,Northern Illinois,MAC,248,40.0,FBS,25.0,15.0,0.0,https://dxbhsrqyrr690.cloudfront.net/sidearm.nextgen.sites/nacda.com/documents/2019/6/27/June28DIOverall.pdf,5,15.932203389830507
2018-19,Stetson,ASUN,248,40.0,FCS,0.0,0.0,40.0,https://dxbhsrqyrr690.cloudfront.net/sidearm.nextgen.sites/nacda.com/documents/2019/6/27/June28DIOverall.pdf,5,15.932203389830507
2018-19,Tennessee Chattanooga,SoCon,248,40.0,FCS,0.0,15.0,25.0,https://dxbhsrqyrr690.cloudfront.net/sidearm.nextgen.sites/nacda.com/documents/2019/6/27/June28DIOverall.pdf,5,15.932203389830507
2018-19,Norfolk State,MEAC,251,39.0,FCS,0.0,24.0,15.0,https://dxbhsrqyrr690.cloudfront.net/sidearm.nextgen.sites/nacda.com/documents/2019/6/27/June28DIOverall.pdf,5,15.254237288135593
2018-19,Coastal Carolina,Sun Belt,252,37.5,FBS,0.0,0.0,37.5,https://dxbhsrqyrr690.cloudfront.net/sidearm.nextgen.sites/nacda.com/documents/2019/6/27/June28DIOverall.pdf,5,14.745762711864408
2018-19,Florida Atlantic,Conference USA,252,37.5,FBS,0.0,0.0,37.5,https://dxbhsrqyrr690.cloudfront.net/sidearm.nextgen.sites/nacda.com/documents/2019/6/27/June28DIOverall.pdf,5,14.745762711864408
2018-19,Prairie View A&M,SWAC,254,35.0,FCS,0.0,30.0,5.0,https://dxbhsrqyrr690.cloudfront.net/sidearm.nextgen.sites/nacda.com/documents/2019/6/27/June28DIOverall.pdf,5,14.237288135593221
2018-19,North Carolina Greensboro,SoCon,255,33.6,DI,25.0,0.0,8.6,https://dxbhsrqyrr690.cloudfront.net/sidearm.nextgen.sites/nacda.com/documents/2019/6/27/June28DIOverall.pdf,5,13.898305084745763
2018-19,Binghamton,America East,256,32.5,DI,0.0,32.5,0.0,https://dxbhsrqyrr690.cloudfront.net/sidearm.nextgen.sites/nacda.com/documents/2019/6/27/June28DIOverall.pdf,5,13.389830508474576
2018-19,Cal State Bakersfield,WAC,256,32.5,DI,0.0,32.5,0.0,https://dxbhsrqyrr690.cloudfront.net/sidearm.nextgen.sites/nacda.com/documents/2019/6/27/June28DIOverall.pdf,5,13.389830508474576
2018-19,Wichita State,American,258,31.5,DI,0.0,0.0,31.5,https://dxbhsrqyrr690.cloudfront.net/sidearm.nextgen.sites/nacda.com/documents/2019/6/27/June28DIOverall.pdf,5,12.88135593220339
2018-19,McNeese State,Southland,259,31.0,FCS,0.0,6.0,25.0,https://dxbhsrqyrr690.cloudfront.net/sidearm.nextgen.sites/nacda.com/documents/2019/6/27/June28DIOverall.pdf,5,12.54237288135593
2018-19,Cal State Fullerton,Big West,260,30.0,DI,0.0,0.0,30.0,https://dxbhsrqyrr690.cloudfront.net/sidearm.nextgen.sites/nacda.com/documents/2019/6/27/June28DIOverall.pdf,5,12.033898305084746
2018-19,Wright State,Horizon League,260,30.0,DI,0.0,25.0,5.0,https://dxbhsrqyrr690.cloudfront.net/sidearm.nextgen.sites/nacda.com/documents/2019/6/27/June28DIOverall.pdf,5,12.033898305084746
2018-19,Northern Colorado,Big Sky,262,28.5,FCS,0.0,23.5,5.0,https://dxbhsrqyrr690.cloudfront.net/sidearm.nextgen.sites/nacda.com/documents/2019/6/27/June28DIOverall.pdf,5,11.525423728813559
2018-19,NJIT,ASUN,263,28.0,DI,0.0,28.0,0.0,https://dxbhsrqyrr690.cloudfront.net/sidearm.nextgen.sites/nacda.com/documents/2019/6/27/June28DIOverall.pdf,5,11.186440677966102
2018-19,Coppin State,MEAC,264,26.5,DI,0.0,0.0,26.5,https://dxbhsrqyrr690.cloudfront.net/sidearm.nextgen.sites/nacda.com/documents/2019/6/27/June28DIOverall.pdf,5,10.847457627118644
2018-19,IUPUI,Horizon League,265,26.0,DI,0.0,21.0,5.0,https://dxbhsrqyrr690.cloudfront.net/sidearm.nextgen.sites/nacda.com/documents/2019/6/27/June28DIOverall.pdf,5,10.508474576271185
2018-19,Florida A&M,MEAC,266,25.0,FCS,0.0,0.0,25.0,https://dxbhsrqyrr690.cloudfront.net/sidearm.nextgen.sites/nacda.com/documents/2019/6/27/June28DIOverall.pdf,5,6.779661016949152
2018-19,Longwood,Big South,266,25.0,DI,0.0,0.0,25.0,https://dxbhsrqyrr690.cloudfront.net/sidearm.nextgen.sites/nacda.com/documents/2019/6/27/June28DIOverall.pdf,5,6.779661016949152
2018-19,Alcorn State,SWAC,266,25.0,FCS,25.0,0.0,0.0,https://dxbhsrqyrr690.cloudfront.net/sidearm.nextgen.sites/nacda.com/documents/2019/6/27/June28DIOverall.pdf,5,6.779661016949152
2018-19,Austin Peay State,OVC,266,25.0,FCS,0.0,0.0,25.0,https://dxbhsrqyrr690.cloudfront.net/sidearm.nextgen.sites/nacda.com/documents/2019/6/27/June28DIOverall.pdf,5,6.779661016949152
2018-19,Cleveland State,Horizon League,266,25.0,DI,0.0,0.0,25.0,https://dxbhsrqyrr690.cloudfront.net/sidearm.nextgen.sites/nacda.com/documents/2019/6/27/June28DIOverall.pdf,6,6.779661016949152
2018-19,Dayton,Atlantic 10,266,25.0,FCS,25.0,0.0,0.0,https://dxbhsrqyrr690.cloudfront.net/sidearm.nextgen.sites/nacda.com/documents/2019/6/27/June28DIOverall.pdf,6,6.779661016949152
2018-19,Delaware,CAA,266,25.0,FCS,25.0,0.0,0.0,https://dxbhsrqyrr690.cloudfront.net/sidearm.nextgen.sites/nacda.com/documents/2019/6/27/June28DIOverall.pdf,6,6.779661016949152
2018-19,Gardner-Webb,Big South,266,25.0,FCS,0.0,25.0,0.0,https://dxbhsrqyrr690.cloudfront.net/sidearm.nextgen.sites/nacda.com/documents/2019/6/27/June28DIOverall.pdf,6,6.779661016949152
2018-19,Jacksonville,ASUN,266,25.0,FCS,0.0,0.0,25.0,https://dxbhsrqyrr690.cloudfront.net/sidearm.nextgen.sites/nacda.com/documents/2019/6/27/June28DIOverall.pdf,6,6.779661016949152
2018-19,Lamar,Southland,266,25.0,FCS,25.0,0.0,0.0,https://dxbhsrqyrr690.cloudfront.net/sidearm.nextgen.sites/nacda.com/documents/2019/6/27/June28DIOverall.pdf,6,6.779661016949152
2018-19,Loyola Chicago,Missouri Valley,266,25.0,DI,25.0,0.0,0.0,https://dxbhsrqyrr690.cloudfront.net/sidearm.nextgen.sites/nacda.com/documents/2019/6/27/June28DIOverall.pdf,6,6.779661016949152
2018-19,Morgan State,MEAC,266,25.0,FCS,0.0,0.0,25.0,https://dxbhsrqyrr690.cloudfront.net/sidearm.nextgen.sites/nacda.com/documents/2019/6/27/June28DIOverall.pdf,6,6.779661016949152
2018-19,Northern Kentucky,Horizon League,266,25.0,DI,0.0,25.0,0.0,https://dxbhsrqyrr690.cloudfront.net/sidearm.nextgen.sites/nacda.com/documents/2019/6/27/June28DIOverall.pdf,6,6.779661016949152
2018-19,Portland State,Big Sky,266,25.0,FCS,0.0,25.0,0.0,https://dxbhsrqyrr690.cloudfront.net/sidearm.nextgen.sites/nacda.com/documents/2019/6/27/June28DIOverall.pdf,6,6.779661016949152
2018-19,Seton Hall,Big East,266,25.0,DI,0.0,25.0,0.0,https://dxbhsrqyrr690.cloudfront.net/sidearm.nextgen.sites/nacda.com/documents/2019/6/27/June28DIOverall.pdf,6,6.779661016949152
2018-19,Tennessee Tech,OVC,266,25.0,FCS,0.0,0.0,25.0,https://dxbhsrqyrr690.cloudfront.net/sidearm.nextgen.sites/nacda.com/documents/2019/6/27/June28DIOverall.pdf,6,6.779661016949152
2018-19,Texas A&M Corpus Christi,Southland,266,25.0,DI,0.0,0.0,25.0,https://dxbhsrqyrr690.cloudfront.net/sidearm.nextgen.sites/nacda.com/documents/2019/6/27/June28DIOverall.pdf,6,6.779661016949152
2018-19,UC Riverside,Big West,266,25.0,DI,25.0,0.0,0.0,https://dxbhsrqyrr690.cloudfront.net/sidearm.nextgen.sites/nacda.com/documents/2019/6/27/June28DIOverall.pdf,6,6.779661016949152
2018-19,Winthrop,Big South,266,25.0,DI,0.0,0.0,25.0,https://dxbhsrqyrr690.cloudfront.net/sidearm.nextgen.sites/nacda.com/documents/2019/6/27/June28DIOverall.pdf,6,6.779661016949152
2018-19,Wisconsin Green Bay,Horizon League,266,25.0,DI,25.0,0.0,0.0,https://dxbhsrqyrr690.cloudfront.net/sidearm.nextgen.sites/nacda.com/documents/2019/6/27/June28DIOverall.pdf,6,6.779661016949152
2018-19,Wisconsin Milwaukee,Horizon League,266,25.0,DI,25.0,0.0,0.0,https://dxbhsrqyrr690.cloudfront.net/sidearm.nextgen.sites/nacda.com/documents/2019/6/27/June28DIOverall.pdf,6,6.779661016949152
2018-19,George Mason,Atlantic 10,287,23.5,DI,0.0,23.5,0.0,https://dxbhsrqyrr690.cloudfront.net/sidearm.nextgen.sites/nacda.com/documents/2019/6/27/June28DIOverall.pdf,6,3.050847457627119
2018-19,UTSA,Conference USA,288,19.0,FBS,0.0,0.0,19.0,https://dxbhsrqyrr690.cloudfront.net/sidearm.nextgen.sites/nacda.com/documents/2019/6/27/June28DIOverall.pdf,6,2.5423728813559325
2018-19,Xavier,Big East,288,19.0,DI,0.0,0.0,19.0,https://dxbhsrqyrr690.cloudfront.net/sidearm.nextgen.sites/nacda.com/documents/2019/6/27/June28DIOverall.pdf,6,2.5423728813559325
2018-19,Houston Baptist,Southland,290,16.5,FCS,0.0,0.0,16.5,https://dxbhsrqyrr690.cloudfront.net/sidearm.nextgen.sites/nacda.com/documents/2019/6/27/June28DIOverall.pdf,6,2.0338983050847457
2018-19,North Dakota,Summit,291,15.0,FCS,0.0,0.0,15.0,https://dxbhsrqyrr690.cloudfront.net/sidearm.nextgen.sites/nacda.com/documents/2019/6/27/June28DIOverall.pdf,6,1.1864406779661016
2018-19,Drexel,CAA,291,15.0,DI,0.0,15.0,0.0,https://dxbhsrqyrr690.cloudfront.net/sidearm.nextgen.sites/nacda.com/documents/2019/6/27/June28DIOverall.pdf,6,1.1864406779661016
2018-19,SIU Edwardsville,OVC,291,15.0,DI,0.0,15.0,0.0,https://dxbhsrqyrr690.cloudfront.net/sidearm.nextgen.sites/nacda.com/documents/2019/6/27/June28DIOverall.pdf,6,1.1864406779661016
2018-19,UMKC,WAC,291,15.0,DI,0.0,0.0,15.0,https://dxbhsrqyrr690.cloudfront.net/sidearm.nextgen.sites/nacda.com/documents/2019/6/27/June28DIOverall.pdf,6,1.1864406779661016
2018-19,North Carolina Central,MEAC,295,5.0,FCS,0.0,5.0,0.0,https://dxbhsrqyrr690.cloudfront.net/sidearm.nextgen.sites/nacda.com/documents/2019/6/27/June28DIOverall.pdf,6,0.3389830508474576
2020-21,Texas,Big 12,1,1252.0,FBS,144.0,414.25,693.75,https://dxbhsrqyrr690.cloudfront.net/sidearm.nextgen.sites/nacda.com/documents/2021/7/1/July2OverallDI.pdf,1,100.0
2020-21,Stanford,Pac 12,2,1195.75,FBS,339.0,383.0,473.75,https://dxbhsrqyrr690.cloudfront.net/sidearm.nextgen.sites/nacda.com/documents/2021/7/1/July2OverallDI.pdf,1,99.65870307167235
2020-21,Michigan,Big Ten,3,1126.5,FBS,130.0,614.5,382.0,https://dxbhsrqyrr690.cloudfront.net/sidearm.nextgen.sites/nacda.com/documents/2021/7/1/July2OverallDI.pdf,1,99.31740614334471
2020-21,North Carolina,ACC,4,1126.25,FBS,371.0,299.5,455.75,https://dxbhsrqyrr690.cloudfront.net/sidearm.nextgen.sites/nacda.com/documents/2021/7/1/July2OverallDI.pdf,1,98.97610921501706
2020-21,Florida,SEC,5,1121.75,FBS,137.5,425.5,558.75,https://dxbhsrqyrr690.cloudfront.net/sidearm.nextgen.sites/nacda.com/documents/2021/7/1/July2OverallDI.pdf,1,98.63481228668942
2020-21,USC,Pac 12,6,1052.0,FBS,193.0,291.0,568.0,https://dxbhsrqyrr690.cloudfront.net/sidearm.nextgen.sites/nacda.com/documents/2021/7/1/July2OverallDI.pdf,1,98.29351535836177
2020-21,Alabama,SEC,7,1017.25,FBS,166.0,435.0,416.25,https://dxbhsrqyrr690.cloudfront.net/sidearm.nextgen.sites/nacda.com/documents/2021/7/1/July2OverallDI.pdf,1,97.95221843003414
2020-21,Arkansas,SEC,8,988.75,FBS,209.0,383.0,396.75,https://dxbhsrqyrr690.cloudfront.net/sidearm.nextgen.sites/nacda.com/documents/2021/7/1/July2OverallDI.pdf,1,97.61092150170649
2020-21,Ohio State,Big Ten,9,972.5,FBS,204.0,448.5,320.0,https://dxbhsrqyrr690.cloudfront.net/sidearm.nextgen.sites/nacda.com/documents/2021/7/1/July2OverallDI.pdf,1,97.26962457337885
2020-21,Georgia,SEC,10,971.5,FBS,72.0,413.5,486.0,https://dxbhsrqyrr690.cloudfront.net/sidearm.nextgen.sites/nacda.com/documents/2021/7/1/July2OverallDI.pdf,1,96.9283276450512
2020-21,Virginia,ACC,11,970.25,FBS,83.0,275.5,611.75,https://dxbhsrqyrr690.cloudfront.net/sidearm.nextgen.sites/nacda.com/documents/2021/7/1/July2OverallDI.pdf,1,96.58703071672356
2020-21,Kentucky,SEC,12,960.25,FBS,209.0,420.5,330.75,https://dxbhsrqyrr690.cloudfront.net/sidearm.nextgen.sites/nacda.com/documents/2021/7/1/July2OverallDI.pdf,1,96.24573378839591
2020-21,UCLA,Pac 12,13,933.25,FBS,214.0,199.75,519.5,https://dxbhsrqyrr690.cloudfront.net/sidearm.nextgen.sites/nacda.com/documents/2021/7/1/July2OverallDI.pdf,1,95.90443686006826
2020-21,Notre Dame,ACC,14,900.0,FBS,215.0,286.0,399.0,https://dxbhsrqyrr690.cloudfront.net/sidearm.nextgen.sites/nacda.com/documents/2021/7/1/July2OverallDI.pdf,1,95.56313993174061
2020-21,LSU,SEC,15,895.0,FBS,0.0,379.25,515.75,https://dxbhsrqyrr690.cloudfront.net/sidearm.nextgen.sites/nacda.com/documents/2021/7/1/July2OverallDI.pdf,1,95.22184300341297
2020-21,Florida State,ACC,16,893.0,FBS,135.0,247.5,510.5,https://dxbhsrqyrr690.cloudfront.net/sidearm.nextgen.sites/nacda.com/documents/2021/7/1/July2OverallDI.pdf,1,94.88054607508532
2020-21,BYU,WCC,17,871.25,FBS,349.0,257.75,264.5,https://dxbhsrqyrr690.cloudfront.net/sidearm.nextgen.sites/nacda.com/documents/2021/7/1/July2OverallDI.pdf,1,94.53924914675767
2020-21,Oklahoma State,Big 12,18,860.5,FBS,230.0,232.5,398.0,https://dxbhsrqyrr690.cloudfront.net/sidearm.nextgen.sites/nacda.com/documents/2021/7/1/July2OverallDI.pdf,1,94.19795221843003
2020-21,Texas A&M,SEC,19,846.25,FBS,153.0,316.0,377.25,https://dxbhsrqyrr690.cloudfront.net/sidearm.nextgen.sites/nacda.com/documents/2021/7/1/July2OverallDI.pdf,1,93.85665529010238
2020-21,Arizona State,Pac 12,20,840.0,FBS,50.0,238.75,551.25,https://dxbhsrqyrr690.cloudfront.net/sidearm.nextgen.sites/nacda.com/documents/2021/7/1/July2OverallDI.pdf,1,93.51535836177474
2020-21,Duke,ACC,21,831.5,FBS,135.0,191.5,505.0,https://dxbhsrqyrr690.cloudfront.net/sidearm.nextgen.sites/nacda.com/documents/2021/7/1/July2OverallDI.pdf,1,93.1740614334471
2020-21,Ole Miss,SEC,22,824.5,FBS,217.0,207.5,400.0,https://dxbhsrqyrr690.cloudfront.net/sidearm.nextgen.sites/nacda.com/documents/2021/7/1/July2OverallDI.pdf,1,92.83276450511946
2020-21,North Carolina State,ACC,23,783.25,FBS,143.0,401.75,238.5,https://dxbhsrqyrr690.cloudfront.net/sidearm.nextgen.sites/nacda.com/documents/2021/7/1/July2OverallDI.pdf,1,92.4914675767918
2020-21,Oklahoma,Big 12,24,774.5,FBS,73.5,341.0,360.0,https://dxbhsrqyrr690.cloudfront.net/sidearm.nextgen.sites/nacda.com/documents/2021/7/1/July2OverallDI.pdf,1,92.15017064846417
2020-21,Oregon,Pac 12,25,763.5,FBS,89.0,288.0,386.5,https://dxbhsrqyrr690.cloudfront.net/sidearm.nextgen.sites/nacda.com/documents/2021/7/1/July2OverallDI.pdf,1,91.80887372013652
2020-21,Tennessee,SEC,26,748.0,FBS,0.0,277.5,470.5,https://dxbhsrqyrr690.cloudfront.net/sidearm.nextgen.sites/nacda.com/documents/2021/7/1/July2OverallDI.pdf,1,91.46757679180887
2020-21,Arizona,Pac 12,27,745.5,FBS,0.0,344.0,401.5,https://dxbhsrqyrr690.cloudfront.net/sidearm.nextgen.sites/nacda.com/documents/2021/7/1/July2OverallDI.pdf,1,91.12627986348123
2020-21,Minnesota,Big Ten,28,727.0,FBS,139.0,452.5,135.5,https://dxbhsrqyrr690.cloudfront.net/sidearm.nextgen.sites/nacda.com/documents/2021/7/1/July2OverallDI.pdf,1,90.78498293515358
2020-21,Baylor,Big 12,29,677.0,FBS,64.0,296.5,316.5,https://dxbhsrqyrr690.cloudfront.net/sidearm.nextgen.sites/nacda.com/documents/2021/7/1/July2OverallDI.pdf,1,90.44368600682594
2020-21,Iowa,Big Ten,30,658.5,FBS,193.0,346.5,119.0,https://dxbhsrqyrr690.cloudfront.net/sidearm.nextgen.sites/nacda.com/documents/2021/7/1/July2OverallDI.pdf,1,90.10238907849829
2020-21,Northwestern,Big Ten,31,639.5,FBS,127.5,236.0,276.0,https://dxbhsrqyrr690.cloudfront.net/sidearm.nextgen.sites/nacda.com/documents/2021/7/1/July2OverallDI.pdf,1,89.76109215017065
2020-21,Virginia Tech,ACC,32,631.25,FBS,64.0,364.25,203.0,https://dxbhsrqyrr690.cloudfront.net/sidearm.nextgen.sites/nacda.com/documents/2021/7/1/July2OverallDI.pdf,1,89.419795221843
2020-21,Washington,Pac 12,33,611.5,FBS,295.0,20.5,296.0,https://dxbhsrqyrr690.cloudfront.net/sidearm.nextgen.sites/nacda.com/documents/2021/7/1/July2OverallDI.pdf,1,89.07849829351537
2020-21,Indiana,Big Ten,34,569.5,FBS,211.0,309.5,49.0,https://dxbhsrqyrr690.cloudfront.net/sidearm.nextgen.sites/nacda.com/documents/2021/7/1/July2OverallDI.pdf,1,88.73720136518772
2020-21,Nebraska,Big Ten,35,568.0,FBS,73.0,387.0,108.0,https://dxbhsrqyrr690.cloudfront.net/sidearm.nextgen.sites/nacda.com/documents/2021/7/1/July2OverallDI.pdf,1,88.39590443686008
2020-21,Clemson,ACC,36,554.75,FBS,222.0,91.0,241.75,https://dxbhsrqyrr690.cloudfront.net/sidearm.nextgen.sites/nacda.com/documents/2021/7/1/July2OverallDI.pdf,1,88.05460750853243
2020-21,Wisconsin,Big Ten,37,551.0,FBS,166.0,299.0,86.0,https://dxbhsrqyrr690.cloudfront.net/sidearm.nextgen.sites/nacda.com/documents/2021/7/1/July2OverallDI.pdf,1,87.71331058020478
2020-21,Iowa State,Big 12,38,547.75,FBS,159.0,220.75,168.0,https://dxbhsrqyrr690.cloudfront.net/sidearm.nextgen.sites/nacda.com/documents/2021/7/1/July2OverallDI.pdf,1,87.37201365187714
2020-21,Penn State,Big Ten,39,534.5,FBS,192.0,264.5,78.0,https://dxbhsrqyrr690.cloudfront.net/sidearm.nextgen.sites/nacda.com/documents/2021/7/1/July2OverallDI.pdf,1,87.03071672354949
2020-21,Louisville,ACC,40,532.75,FBS,147.0,282.0,103.75,https://dxbhsrqyrr690.cloudfront.net/sidearm.nextgen.sites/nacda.com/documents/2021/7/1/July2OverallDI.pdf,1,86.51877133105802
2020-21,California,Pac 12,40,532.75,FBS,55.0,307.25,170.5,https://dxbhsrqyrr690.cloudfront.net/sidearm.nextgen.sites/nacda.com/documents/2021/7/1/July2OverallDI.pdf,1,86.51877133105802
2020-21,South Carolina,SEC,42,514.0,FBS,55.0,160.5,298.5,https://dxbhsrqyrr690.cloudfront.net/sidearm.nextgen.sites/nacda.com/documents/2021/7/1/July2OverallDI.pdf,1,86.00682593856655
2020-21,Texas Tech,Big 12,43,497.5,FBS,0.0,159.25,338.25,https://dxbhsrqyrr690.cloudfront.net/sidearm.nextgen.sites/nacda.com/documents/2021/7/1/July2OverallDI.pdf,1,85.6655290102389
2020-21,Georgia Tech,ACC,44,487.0,FBS,84.0,166.0,237.0,https://dxbhsrqyrr690.cloudfront.net/sidearm.nextgen.sites/nacda.com/documents/2021/7/1/July2OverallDI.pdf,1,85.32423208191126
2020-21,TCU,Big 12,45,470.0,FBS,78.0,137.0,255.0,https://dxbhsrqyrr690.cloudfront.net/sidearm.nextgen.sites/nacda.com/documents/2021/7/1/July2OverallDI.pdf,1,84.98293515358361
2020-21,Maryland,Big Ten,46,462.5,FBS,50.0,167.0,245.5,https://dxbhsrqyrr690.cloudfront.net/sidearm.nextgen.sites/nacda.com/documents/2021/7/1/July2OverallDI.pdf,1,84.64163822525597
2020-21,Illinois,Big Ten,47,462.25,FBS,32.0,263.5,166.75,https://dxbhsrqyrr690.cloudfront.net/sidearm.nextgen.sites/nacda.com/documents/2021/7/1/July2OverallDI.pdf,1,84.30034129692832
2020-21,Missouri,SEC,48,435.0,FBS,55.0,316.0,64.0,https://dxbhsrqyrr690.cloudfront.net/sidearm.nextgen.sites/nacda.com/documents/2021/7/1/July2OverallDI.pdf,1,83.95904436860067
2020-21,West Virginia,Big 12,49,414.5,FBS,111.0,285.0,18.5,https://dxbhsrqyrr690.cloudfront.net/sidearm.nextgen.sites/nacda.com/documents/2021/7/1/July2OverallDI.pdf,1,83.61774744027304
2020-21,Auburn,SEC,50,412.75,FBS,25.0,98.0,289.75,https://dxbhsrqyrr690.cloudfront.net/sidearm.nextgen.sites/nacda.com/documents/2021/7/1/July2OverallDI.pdf,1,83.27645051194538
2020-21,Denver,Summit,51,408.25,DI,50.0,151.75,206.5,https://dxbhsrqyrr690.cloudfront.net/sidearm.nextgen.sites/nacda.com/documents/2021/7/1/July2OverallDI.pdf,1,82.93515358361775
2020-21,Colorado,Pac 12,52,406.0,FBS,167.0,192.5,46.5,https://dxbhsrqyrr690.cloudfront.net/sidearm.nextgen.sites/nacda.com/documents/2021/7/1/July2OverallDI.pdf,1,82.5938566552901
2020-21,North Carolina A&T,MEAC,53,398.5,FCS,50.0,186.0,162.5,https://dxbhsrqyrr690.cloudfront.net/sidearm.nextgen.sites/nacda.com/documents/2021/7/1/July2OverallDI.pdf,1,82.25255972696246
2020-21,Wake Forest,ACC,54,394.75,FBS,143.0,25.0,226.75,https://dxbhsrqyrr690.cloudfront.net/sidearm.nextgen.sites/nacda.com/documents/2021/7/1/July2OverallDI.pdf,1,81.91126279863481
2020-21,Oregon State,Pac 12,55,394.0,FBS,92.0,196.0,106.0,https://dxbhsrqyrr690.cloudfront.net/sidearm.nextgen.sites/nacda.com/documents/2021/7/1/July2OverallDI.pdf,1,81.56996587030717
2020-21,Vanderbilt,SEC,56,392.25,FBS,50.0,60.0,282.25,https://dxbhsrqyrr690.cloudfront.net/sidearm.nextgen.sites/nacda.com/documents/2021/7/1/July2OverallDI.pdf,1,81.22866894197952
2020-21,UCF,American,57,385.5,FBS,114.0,25.0,246.5,https://dxbhsrqyrr690.cloudfront.net/sidearm.nextgen.sites/nacda.com/documents/2021/7/1/July2OverallDI.pdf,1,80.88737201365188
2020-21,Pepperdine,WCC,58,374.5,DI,50.0,0.0,324.5,https://dxbhsrqyrr690.cloudfront.net/sidearm.nextgen.sites/nacda.com/documents/2021/7/1/July2OverallDI.pdf,2,80.54607508532423
2020-21,Mississippi State,SEC,59,371.75,FBS,45.0,18.5,308.25,https://dxbhsrqyrr690.cloudfront.net/sidearm.nextgen.sites/nacda.com/documents/2021/7/1/July2OverallDI.pdf,2,80.2047781569966
2020-21,Rutgers,Big Ten,60,369.25,FBS,50.0,137.25,182.0,https://dxbhsrqyrr690.cloudfront.net/sidearm.nextgen.sites/nacda.com/documents/2021/7/1/July2OverallDI.pdf,2,79.86348122866895
2020-21,Michigan State,Big Ten,61,365.5,FBS,120.0,146.5,99.0,https://dxbhsrqyrr690.cloudfront.net/sidearm.nextgen.sites/nacda.com/documents/2021/7/1/July2OverallDI.pdf,2,79.5221843003413
2020-21,Miami (FL),ACC,62,358.5,FBS,52.0,134.5,172.0,https://dxbhsrqyrr690.cloudfront.net/sidearm.nextgen.sites/nacda.com/documents/2021/7/1/July2OverallDI.pdf,2,79.18088737201366
2020-21,Georgetown,Big East,63,339.0,FCS,205.0,25.0,109.0,https://dxbhsrqyrr690.cloudfront.net/sidearm.nextgen.sites/nacda.com/documents/2021/7/1/July2OverallDI.pdf,2,78.839590443686
2020-21,Syracuse,ACC,64,328.0,FBS,14.0,114.0,200.0,https://dxbhsrqyrr690.cloudfront.net/sidearm.nextgen.sites/nacda.com/documents/2021/7/1/July2OverallDI.pdf,2,78.49829351535837
2020-21,Air Force,Mountain West,65,325.25,FBS,86.0,181.5,57.75,https://dxbhsrqyrr690.cloudfront.net/sidearm.nextgen.sites/nacda.com/documents/2021/7/1/July2OverallDI.pdf,2,78.15699658703072
2020-21,North Dakota State,Summit,66,316.0,FCS,60.0,140.0,116.0,https://dxbhsrqyrr690.cloudfront.net/sidearm.nextgen.sites/nacda.com/documents/2021/7/1/July2OverallDI.pdf,2,77.81569965870307
2020-21,James Madison,CAA,67,314.0,FCS,133.0,0.0,181.0,https://dxbhsrqyrr690.cloudfront.net/sidearm.nextgen.sites/nacda.com/documents/2021/7/1/July2OverallDI.pdf,2,77.47440273037543
2020-21,Purdue,Big Ten,68,295.0,FBS,89.0,201.0,5.0,https://dxbhsrqyrr690.cloudfront.net/sidearm.nextgen.sites/nacda.com/documents/2021/7/1/July2OverallDI.pdf,2,77.13310580204778
2020-21,South Florida,American,69,286.5,FBS,50.0,50.0,186.5,https://dxbhsrqyrr690.cloudfront.net/sidearm.nextgen.sites/nacda.com/documents/2021/7/1/July2OverallDI.pdf,2,76.79180887372013
2020-21,Utah,Pac 12,70,284.0,FBS,50.0,201.0,33.0,https://dxbhsrqyrr690.cloudfront.net/sidearm.nextgen.sites/nacda.com/documents/2021/7/1/July2OverallDI.pdf,2,76.45051194539249
2020-21,Sam Houston State,Southland,71,282.25,FCS,100.0,78.5,103.75,https://dxbhsrqyrr690.cloudfront.net/sidearm.nextgen.sites/nacda.com/documents/2021/7/1/July2OverallDI.pdf,2,76.10921501706484
2020-21,Liberty,ASUN,72,281.0,FBS,103.0,25.0,153.0,https://dxbhsrqyrr690.cloudfront.net/sidearm.nextgen.sites/nacda.com/documents/2021/7/1/July2OverallDI.pdf,2,75.76791808873719
2020-21,Pittsburgh,ACC,73,279.0,FBS,156.0,123.0,0.0,https://dxbhsrqyrr690.cloudfront.net/sidearm.nextgen.sites/nacda.com/documents/2021/7/1/July2OverallDI.pdf,2,75.42662116040955
2020-21,Boston College,ACC,74,277.0,FBS,0.0,177.0,100.0,https://dxbhsrqyrr690.cloudfront.net/sidearm.nextgen.sites/nacda.com/documents/2021/7/1/July2OverallDI.pdf,2,75.0853242320819
2020-21,Northern Arizona,Big Sky,75,260.0,FCS,157.0,0.0,103.0,https://dxbhsrqyrr690.cloudfront.net/sidearm.nextgen.sites/nacda.com/documents/2021/7/1/July2OverallDI.pdf,2,74.74402730375427
2020-21,Houston,American,76,249.0,FBS,25.0,126.5,97.5,https://dxbhsrqyrr690.cloudfront.net/sidearm.nextgen.sites/nacda.com/documents/2021/7/1/July2OverallDI.pdf,2,74.40273037542661
2020-21,High Point,Big South,77,237.0,DI,100.0,68.5,68.5,https://dxbhsrqyrr690.cloudfront.net/sidearm.nextgen.sites/nacda.com/documents/2021/7/1/July2OverallDI.pdf,2,74.06143344709898
2020-21,UConn,American,78,235.5,FBS,60.0,108.0,67.5,https://dxbhsrqyrr690.cloudfront.net/sidearm.nextgen.sites/nacda.com/documents/2021/7/1/July2OverallDI.pdf,2,73.72013651877133
2020-21,Campbell,Big South,79,234.0,FCS,25.0,35.0,174.0,https://dxbhsrqyrr690.cloudfront.net/sidearm.nextgen.sites/nacda.com/documents/2021/7/1/July2OverallDI.pdf,2,73.37883959044369
2020-21,New Mexico,Mountain West,80,225.5,FBS,122.0,0.0,103.5,https://dxbhsrqyrr690.cloudfront.net/sidearm.nextgen.sites/nacda.com/documents/2021/7/1/July2OverallDI.pdf,2,73.03754266211604
2020-21,Kent State,MAC,81,223.0,FBS,0.0,120.0,103.0,https://dxbhsrqyrr690.cloudfront.net/sidearm.nextgen.sites/nacda.com/documents/2021/7/1/July2OverallDI.pdf,2,72.6962457337884
2020-21,Kansas,Big 12,82,212.5,FBS,0.0,116.5,96.0,https://dxbhsrqyrr690.cloudfront.net/sidearm.nextgen.sites/nacda.com/documents/2021/7/1/July2OverallDI.pdf,2,72.35494880546075
2020-21,Gonzaga,WCC,83,206.5,DI,20.0,115.0,71.5,https://dxbhsrqyrr690.cloudfront.net/sidearm.nextgen.sites/nacda.com/documents/2021/7/1/July2OverallDI.pdf,2,72.01365187713311
2020-21,Villanova,Big East,84,205.0,FCS,34.0,115.0,56.0,https://dxbhsrqyrr690.cloudfront.net/sidearm.nextgen.sites/nacda.com/documents/2021/7/1/July2OverallDI.pdf,2,71.50170648464163
2020-21,Hawaii,Big West,84,205.0,FBS,45.0,0.0,160.0,https://dxbhsrqyrr690.cloudfront.net/sidearm.nextgen.sites/nacda.com/documents/2021/7/1/July2OverallDI.pdf,2,71.50170648464163
2020-21,Navy,Patriot,86,203.5,FBS,25.0,100.5,78.0,https://dxbhsrqyrr690.cloudfront.net/sidearm.nextgen.sites/nacda.com/documents/2021/7/1/July2OverallDI.pdf,2,70.98976109215018
2020-21,South Dakota State,Summit,87,199.5,FCS,90.0,72.0,37.5,https://dxbhsrqyrr690.cloudfront.net/sidearm.nextgen.sites/nacda.com/documents/2021/7/1/July2OverallDI.pdf,2,70.64846416382252
2020-21,Rice,Conference USA,88,198.0,FBS,89.0,32.0,77.0,https://dxbhsrqyrr690.cloudfront.net/sidearm.nextgen.sites/nacda.com/documents/2021/7/1/July2OverallDI.pdf,2,70.30716723549489
2020-21,UC Santa Barbara,Big West,89,180.0,DI,0.0,25.0,155.0,https://dxbhsrqyrr690.cloudfront.net/sidearm.nextgen.sites/nacda.com/documents/2021/7/1/July2OverallDI.pdf,2,69.96587030716724
2020-21,Washington State,Pac 12,90,175.75,FBS,50.0,62.0,63.75,https://dxbhsrqyrr690.cloudfront.net/sidearm.nextgen.sites/nacda.com/documents/2021/7/1/July2OverallDI.pdf,2,69.6245733788396
2020-21,Memphis,American,91,175.0,FBS,70.0,55.0,50.0,https://dxbhsrqyrr690.cloudfront.net/sidearm.nextgen.sites/nacda.com/documents/2021/7/1/July2OverallDI.pdf,2,69.11262798634812
2020-21,Massachusetts,Atlantic 10,91,175.0,FBS,50.0,100.0,25.0,https://dxbhsrqyrr690.cloudfront.net/sidearm.nextgen.sites/nacda.com/documents/2021/7/1/July2OverallDI.pdf,2,69.11262798634812
2020-21,Central Michigan,MAC,93,172.5,FBS,0.0,122.5,50.0,https://dxbhsrqyrr690.cloudfront.net/sidearm.nextgen.sites/nacda.com/documents/2021/7/1/July2OverallDI.pdf,2,68.60068259385666
2020-21,Tulsa,American,94,169.0,FBS,115.0,0.0,54.0,https://dxbhsrqyrr690.cloudfront.net/sidearm.nextgen.sites/nacda.com/documents/2021/7/1/July2OverallDI.pdf,2,68.25938566552901
2020-21,Fresno State,Mountain West,95,162.5,FBS,0.0,38.5,124.0,https://dxbhsrqyrr690.cloudfront.net/sidearm.nextgen.sites/nacda.com/documents/2021/7/1/July2OverallDI.pdf,2,67.74744027303754
2020-21,South Alabama,Sun Belt,95,162.5,FBS,50.0,0.0,112.5,https://dxbhsrqyrr690.cloudfront.net/sidearm.nextgen.sites/nacda.com/documents/2021/7/1/July2OverallDI.pdf,2,67.74744027303754
2020-21,Bucknell,Patriot,97,157.5,FCS,85.0,40.0,32.5,https://dxbhsrqyrr690.cloudfront.net/sidearm.nextgen.sites/nacda.com/documents/2021/7/1/July2OverallDI.pdf,2,67.23549488054607
2020-21,Charlotte,Conference USA,98,156.5,FBS,68.0,0.0,88.5,https://dxbhsrqyrr690.cloudfront.net/sidearm.nextgen.sites/nacda.com/documents/2021/7/1/July2OverallDI.pdf,2,66.89419795221842
2020-21,Missouri State,Missouri Valley,99,153.0,FCS,89.0,64.0,0.0,https://dxbhsrqyrr690.cloudfront.net/sidearm.nextgen.sites/nacda.com/documents/2021/7/1/July2OverallDI.pdf,2,66.38225255972696
2020-21,Utah Valley,WAC,99,153.0,DI,75.0,78.0,0.0,https://dxbhsrqyrr690.cloudfront.net/sidearm.nextgen.sites/nacda.com/documents/2021/7/1/July2OverallDI.pdf,2,66.38225255972696
2020-21,Northeastern,CAA,101,151.0,DI,0.0,90.0,61.0,https://dxbhsrqyrr690.cloudfront.net/sidearm.nextgen.sites/nacda.com/documents/2021/7/1/July2OverallDI.pdf,2,65.8703071672355
2020-21,Grand Canyon,WAC,102,150.0,DI,50.0,25.0,75.0,https://dxbhsrqyrr690.cloudfront.net/sidearm.nextgen.sites/nacda.com/documents/2021/7/1/July2OverallDI.pdf,2,65.52901023890784
2020-21,Boise State,Mountain West,103,147.0,FBS,63.0,45.5,38.5,https://dxbhsrqyrr690.cloudfront.net/sidearm.nextgen.sites/nacda.com/documents/2021/7/1/July2OverallDI.pdf,2,65.18771331058021
2020-21,VCU,Atlantic 10,104,142.5,DI,25.0,30.0,87.5,https://dxbhsrqyrr690.cloudfront.net/sidearm.nextgen.sites/nacda.com/documents/2021/7/1/July2OverallDI.pdf,2,64.84641638225256
2020-21,Coastal Carolina,Sun Belt,105,138.5,FBS,111.5,0.0,27.0,https://dxbhsrqyrr690.cloudfront.net/sidearm.nextgen.sites/nacda.com/documents/2021/7/1/July2OverallDI.pdf,2,64.50511945392492
2020-21,San Diego State,Mountain West,106,137.5,FBS,0.0,66.0,71.5,https://dxbhsrqyrr690.cloudfront.net/sidearm.nextgen.sites/nacda.com/documents/2021/7/1/July2OverallDI.pdf,2,64.16382252559727
2020-21,Sacred Heart,Northeast,107,136.0,FCS,25.0,111.0,0.0,https://dxbhsrqyrr690.cloudfront.net/sidearm.nextgen.sites/nacda.com/documents/2021/7/1/July2OverallDI.pdf,2,63.651877133105806
2020-21,South Dakota,Summit,107,136.0,FCS,25.0,76.0,35.0,https://dxbhsrqyrr690.cloudfront.net/sidearm.nextgen.sites/nacda.com/documents/2021/7/1/July2OverallDI.pdf,2,63.651877133105806
2020-21,Utah State,Mountain West,109,135.0,FBS,57.0,78.0,0.0,https://dxbhsrqyrr690.cloudfront.net/sidearm.nextgen.sites/nacda.com/documents/2021/7/1/July2OverallDI.pdf,2,63.13993174061433
2020-21,Miami (OH),MAC,110,131.5,FBS,25.0,51.0,55.5,https://dxbhsrqyrr690.cloudfront.net/sidearm.nextgen.sites/nacda.com/documents/2021/7/1/July2OverallDI.pdf,2,62.79863481228669
2020-21,Rider,MAAC,111,129.0,DI,50.0,54.0,25.0,https://dxbhsrqyrr690.cloudfront.net/sidearm.nextgen.sites/nacda.com/documents/2021/7/1/July2OverallDI.pdf,2,62.45733788395904
2020-21,Western Kentucky,Conference USA,112,126.5,FBS,89.0,0.0,37.5,https://dxbhsrqyrr690.cloudfront.net/sidearm.nextgen.sites/nacda.com/documents/2021/7/1/July2OverallDI.pdf,2,62.116040955631405
2020-21,Drexel,CAA,113,125.0,DI,0.0,75.0,50.0,https://dxbhsrqyrr690.cloudfront.net/sidearm.nextgen.sites/nacda.com/documents/2021/7/1/July2OverallDI.pdf,2,61.262798634812285
2020-21,Marshall,Conference USA,113,125.0,FBS,125.0,0.0,0.0,https://dxbhsrqyrr690.cloudfront.net/sidearm.nextgen.sites/nacda.com/documents/2021/7/1/July2OverallDI.pdf,2,61.262798634812285
2020-21,Wright State,Horizon League,113,125.0,DI,50.0,50.0,25.0,https://dxbhsrqyrr690.cloudfront.net/sidearm.nextgen.sites/nacda.com/documents/2021/7/1/July2OverallDI.pdf,2,61.262798634812285
2020-21,Monmouth,MAAC,113,125.0,FCS,75.0,0.0,50.0,https://dxbhsrqyrr690.cloudfront.net/sidearm.nextgen.sites/nacda.com/documents/2021/7/1/July2OverallDI.pdf,3,61.262798634812285
2020-21,Stephen F. Austin,Southland,117,124.25,FCS,0.0,62.0,62.25,https://dxbhsrqyrr690.cloudfront.net/sidearm.nextgen.sites/nacda.com/documents/2021/7/1/July2OverallDI.pdf,3,60.40955631399317
2020-21,Wyoming,Mountain West,118,123.5,FBS,0.0,108.0,15.5,https://dxbhsrqyrr690.cloudfront.net/sidearm.nextgen.sites/nacda.com/documents/2021/7/1/July2OverallDI.pdf,3,60.068259385665534
2020-21,North Florida,ASUN,119,123.0,DI,0.0,0.0,123.0,https://dxbhsrqyrr690.cloudfront.net/sidearm.nextgen.sites/nacda.com/documents/2021/7/1/July2OverallDI.pdf,3,59.55631399317406
2020-21,Arkansas State,Sun Belt,119,123.0,FBS,0.0,90.0,33.0,https://dxbhsrqyrr690.cloudfront.net/sidearm.nextgen.sites/nacda.com/documents/2021/7/1/July2OverallDI.pdf,3,59.55631399317406
2020-21,San Diego,WCC,121,122.0,FCS,50.0,0.0,72.0,https://dxbhsrqyrr690.cloudfront.net/sidearm.nextgen.sites/nacda.com/documents/2021/7/1/July2OverallDI.pdf,3,59.044368600682596
2020-21,Loyola Maryland,Patriot,122,121.0,DI,0.0,0.0,121.0,https://dxbhsrqyrr690.cloudfront.net/sidearm.nextgen.sites/nacda.com/documents/2021/7/1/July2OverallDI.pdf,3,58.703071672354945
2020-21,Stony Brook,America East,123,120.0,FCS,25.0,25.0,70.0,https://dxbhsrqyrr690.cloudfront.net/sidearm.nextgen.sites/nacda.com/documents/2021/7/1/July2OverallDI.pdf,3,58.19112627986348
2020-21,North Dakota,Summit,123,120.0,FCS,60.0,60.0,0.0,https://dxbhsrqyrr690.cloudfront.net/sidearm.nextgen.sites/nacda.com/documents/2021/7/1/July2OverallDI.pdf,3,58.19112627986348
2020-21,SMU,American,125,118.0,FBS,5.0,0.0,113.0,https://dxbhsrqyrr690.cloudfront.net/sidearm.nextgen.sites/nacda.com/documents/2021/7/1/July2OverallDI.pdf,3,57.67918088737202
2020-21,NJIT,America East,126,117.5,DI,0.0,80.0,37.5,https://dxbhsrqyrr690.cloudfront.net/sidearm.nextgen.sites/nacda.com/documents/2021/7/1/July2OverallDI.pdf,3,57.33788395904437
2020-21,San Jose State,Mountain West,127,116.5,FBS,50.0,0.0,66.5,https://dxbhsrqyrr690.cloudfront.net/sidearm.nextgen.sites/nacda.com/documents/2021/7/1/July2OverallDI.pdf,3,56.996587030716725
2020-21,Southern Utah,Big Sky,128,116.0,FCS,63.0,53.0,0.0,https://dxbhsrqyrr690.cloudfront.net/sidearm.nextgen.sites/nacda.com/documents/2021/7/1/July2OverallDI.pdf,3,56.655290102389074
2020-21,Furman,SoCon,129,115.5,FCS,63.0,13.0,39.5,https://dxbhsrqyrr690.cloudfront.net/sidearm.nextgen.sites/nacda.com/documents/2021/7/1/July2OverallDI.pdf,3,56.31399317406144
2020-21,Marist,MAAC,130,115.0,FCS,0.0,25.0,90.0,https://dxbhsrqyrr690.cloudfront.net/sidearm.nextgen.sites/nacda.com/documents/2021/7/1/July2OverallDI.pdf,3,55.972696245733786
2020-21,Cleveland State,Horizon League,131,112.0,DI,0.0,87.0,25.0,https://dxbhsrqyrr690.cloudfront.net/sidearm.nextgen.sites/nacda.com/documents/2021/7/1/July2OverallDI.pdf,3,55.631399317406135
2020-21,Southern Illinois,Missouri Valley,132,111.0,FCS,60.0,26.0,25.0,https://dxbhsrqyrr690.cloudfront.net/sidearm.nextgen.sites/nacda.com/documents/2021/7/1/July2OverallDI.pdf,3,55.2901023890785
2020-21,Louisiana,Sun Belt,133,108.5,FBS,58.5,0.0,50.0,https://dxbhsrqyrr690.cloudfront.net/sidearm.nextgen.sites/nacda.com/documents/2021/7/1/July2OverallDI.pdf,3,54.94880546075085
2020-21,Delaware,CAA,134,108.0,FCS,108.0,0.0,0.0,https://dxbhsrqyrr690.cloudfront.net/sidearm.nextgen.sites/nacda.com/documents/2021/7/1/July2OverallDI.pdf,3,54.436860068259385
2020-21,Northern Iowa,Missouri Valley,134,108.0,FCS,0.0,55.0,53.0,https://dxbhsrqyrr690.cloudfront.net/sidearm.nextgen.sites/nacda.com/documents/2021/7/1/July2OverallDI.pdf,3,54.436860068259385
2020-21,Temple,American,136,107.0,FBS,0.0,54.0,53.0,https://dxbhsrqyrr690.cloudfront.net/sidearm.nextgen.sites/nacda.com/documents/2021/7/1/July2OverallDI.pdf,3,53.58361774744027
2020-21,Cal Poly,Big West,136,107.0,FCS,0.0,49.0,58.0,https://dxbhsrqyrr690.cloudfront.net/sidearm.nextgen.sites/nacda.com/documents/2021/7/1/July2OverallDI.pdf,3,53.58361774744027
2020-21,Army West Point,Patriot,136,107.0,FBS,50.0,32.0,25.0,https://dxbhsrqyrr690.cloudfront.net/sidearm.nextgen.sites/nacda.com/documents/2021/7/1/July2OverallDI.pdf,3,53.58361774744027
2020-21,Kansas State,Big 12,139,106.0,FBS,0.0,66.5,39.5,https://dxbhsrqyrr690.cloudfront.net/sidearm.nextgen.sites/nacda.com/documents/2021/7/1/July2OverallDI.pdf,3,52.901023890784984
2020-21,Loyola Marymount,WCC,140,105.0,DI,50.0,0.0,55.0,https://dxbhsrqyrr690.cloudfront.net/sidearm.nextgen.sites/nacda.com/documents/2021/7/1/July2OverallDI.pdf,3,52.55972696245734
2020-21,Jacksonville,ASUN,141,103.0,FCS,25.0,0.0,78.0,https://dxbhsrqyrr690.cloudfront.net/sidearm.nextgen.sites/nacda.com/documents/2021/7/1/July2OverallDI.pdf,3,52.218430034129696
2020-21,Colorado State,Mountain West,142,101.5,FBS,28.0,47.0,26.5,https://dxbhsrqyrr690.cloudfront.net/sidearm.nextgen.sites/nacda.com/documents/2021/7/1/July2OverallDI.pdf,3,51.877133105802045
2020-21,Cincinnati,American,143,101.0,FBS,70.5,30.5,0.0,https://dxbhsrqyrr690.cloudfront.net/sidearm.nextgen.sites/nacda.com/documents/2021/7/1/July2OverallDI.pdf,3,51.365187713310576
2020-21,Youngstown State,Horizon League,143,101.0,FCS,0.0,83.0,18.0,https://dxbhsrqyrr690.cloudfront.net/sidearm.nextgen.sites/nacda.com/documents/2021/7/1/July2OverallDI.pdf,3,51.365187713310576
2020-21,Louisiana Tech,Conference USA,145,100.0,FBS,25.0,25.0,50.0,https://dxbhsrqyrr690.cloudfront.net/sidearm.nextgen.sites/nacda.com/documents/2021/7/1/July2OverallDI.pdf,3,50.170648464163826
2020-21,Old Dominion,Conference USA,145,100.0,FBS,0.0,0.0,100.0,https://dxbhsrqyrr690.cloudfront.net/sidearm.nextgen.sites/nacda.com/documents/2021/7/1/July2OverallDI.pdf,3,50.170648464163826
2020-21,LIU Brooklyn,Northeast,145,100.0,DI,25.0,45.0,30.0,https://dxbhsrqyrr690.cloudfront.net/sidearm.nextgen.sites/nacda.com/documents/2021/7/1/July2OverallDI.pdf,3,50.170648464163826
2020-21,Belmont,OVC,145,100.0,DI,0.0,50.0,50.0,https://dxbhsrqyrr690.cloudfront.net/sidearm.nextgen.sites/nacda.com/documents/2021/7/1/July2OverallDI.pdf,3,50.170648464163826
2020-21,Santa Clara,WCC,145,100.0,DI,100.0,0.0,0.0,https://dxbhsrqyrr690.cloudfront.net/sidearm.nextgen.sites/nacda.com/documents/2021/7/1/July2OverallDI.pdf,3,50.170648464163826
2020-21,Middle Tennessee State,Conference USA,150,98.0,FBS,0.0,25.0,73.0,https://dxbhsrqyrr690.cloudfront.net/sidearm.nextgen.sites/nacda.com/documents/2021/7/1/July2OverallDI.pdf,3,49.14675767918089
2020-21,Georgia Southern,Sun Belt,151,97.5,FBS,45.0,0.0,52.5,https://dxbhsrqyrr690.cloudfront.net/sidearm.nextgen.sites/nacda.com/documents/2021/7/1/July2OverallDI.pdf,3,48.80546075085324
2020-21,Montana State,Big Sky,152,96.5,FCS,0.0,70.0,26.5,https://dxbhsrqyrr690.cloudfront.net/sidearm.nextgen.sites/nacda.com/documents/2021/7/1/July2OverallDI.pdf,3,48.4641638225256
2020-21,Texas A&M Corpus Christi,Southland,153,96.0,DI,25.0,0.0,71.0,https://dxbhsrqyrr690.cloudfront.net/sidearm.nextgen.sites/nacda.com/documents/2021/7/1/July2OverallDI.pdf,3,48.122866894197955
2020-21,Towson,CAA,154,95.5,FCS,25.0,45.5,25.0,https://dxbhsrqyrr690.cloudfront.net/sidearm.nextgen.sites/nacda.com/documents/2021/7/1/July2OverallDI.pdf,3,47.781569965870304
2020-21,Loyola Chicago,Missouri Valley,155,94.0,DI,25.0,64.0,5.0,https://dxbhsrqyrr690.cloudfront.net/sidearm.nextgen.sites/nacda.com/documents/2021/7/1/July2OverallDI.pdf,3,47.44027303754266
2020-21,East Carolina,American,156,93.5,FBS,0.0,0.0,93.5,https://dxbhsrqyrr690.cloudfront.net/sidearm.nextgen.sites/nacda.com/documents/2021/7/1/July2OverallDI.pdf,3,46.92832764505119
2020-21,Norfolk State,MEAC,156,93.5,FCS,0.0,68.5,25.0,https://dxbhsrqyrr690.cloudfront.net/sidearm.nextgen.sites/nacda.com/documents/2021/7/1/July2OverallDI.pdf,3,46.92832764505119
2020-21,Lehigh,Patriot,158,92.0,FCS,0.0,67.0,25.0,https://dxbhsrqyrr690.cloudfront.net/sidearm.nextgen.sites/nacda.com/documents/2021/7/1/July2OverallDI.pdf,3,46.41638225255973
2020-21,Florida Gulf Coast,ASUN,159,91.0,DI,0.0,66.0,25.0,https://dxbhsrqyrr690.cloudfront.net/sidearm.nextgen.sites/nacda.com/documents/2021/7/1/July2OverallDI.pdf,3,45.90443686006826
2020-21,Buffalo,MAC,159,91.0,FBS,49.0,37.0,5.0,https://dxbhsrqyrr690.cloudfront.net/sidearm.nextgen.sites/nacda.com/documents/2021/7/1/July2OverallDI.pdf,3,45.90443686006826
2020-21,Iona,MAAC,161,90.0,DI,60.0,25.0,5.0,https://dxbhsrqyrr690.cloudfront.net/sidearm.nextgen.sites/nacda.com/documents/2021/7/1/July2OverallDI.pdf,3,45.39249146757679
2020-21,Creighton,Big East,162,89.0,DI,25.0,64.0,0.0,https://dxbhsrqyrr690.cloudfront.net/sidearm.nextgen.sites/nacda.com/documents/2021/7/1/July2OverallDI.pdf,3,44.88054607508533
2020-21,Marquette,Big East,162,89.0,DI,64.0,25.0,0.0,https://dxbhsrqyrr690.cloudfront.net/sidearm.nextgen.sites/nacda.com/documents/2021/7/1/July2OverallDI.pdf,3,44.88054607508533
2020-21,New Hampshire,America East,164,88.0,FCS,50.0,38.0,0.0,https://dxbhsrqyrr690.cloudfront.net/sidearm.nextgen.sites/nacda.com/documents/2021/7/1/July2OverallDI.pdf,3,44.19795221843004
2020-21,Vermont,America East,164,88.0,DI,0.0,63.0,25.0,https://dxbhsrqyrr690.cloudfront.net/sidearm.nextgen.sites/nacda.com/documents/2021/7/1/July2OverallDI.pdf,3,44.19795221843004
2020-21,Texas State,Sun Belt,166,87.5,FBS,50.0,0.0,37.5,https://dxbhsrqyrr690.cloudfront.net/sidearm.nextgen.sites/nacda.com/documents/2021/7/1/July2OverallDI.pdf,3,43.68600682593857
2020-21,Portland,WCC,167,87.0,DI,62.0,0.0,25.0,https://dxbhsrqyrr690.cloudfront.net/sidearm.nextgen.sites/nacda.com/documents/2021/7/1/July2OverallDI.pdf,3,43.344709897610926
2020-21,Kennesaw State,ASUN,168,85.5,FCS,0.0,20.5,65.0,https://dxbhsrqyrr690.cloudfront.net/sidearm.nextgen.sites/nacda.com/documents/2021/7/1/July2OverallDI.pdf,3,43.003412969283275
2020-21,Drake,Missouri Valley,169,85.0,FCS,0.0,60.0,25.0,https://dxbhsrqyrr690.cloudfront.net/sidearm.nextgen.sites/nacda.com/documents/2021/7/1/July2OverallDI.pdf,3,42.491467576791806
2020-21,Appalachian State,Sun Belt,169,85.0,FBS,45.0,40.0,0.0,https://dxbhsrqyrr690.cloudfront.net/sidearm.nextgen.sites/nacda.com/documents/2021/7/1/July2OverallDI.pdf,3,42.491467576791806
2020-21,Weber State,Big Sky,171,82.75,FCS,75.0,0.0,7.75,https://dxbhsrqyrr690.cloudfront.net/sidearm.nextgen.sites/nacda.com/documents/2021/7/1/July2OverallDI.pdf,3,41.979522184300336
2020-21,Fairleigh Dickinson,Northeast,172,82.5,DI,0.0,42.5,40.0,https://dxbhsrqyrr690.cloudfront.net/sidearm.nextgen.sites/nacda.com/documents/2021/7/1/July2OverallDI.pdf,3,41.63822525597269
2020-21,Southern Mississippi,Conference USA,173,80.5,FBS,0.0,30.5,50.0,https://dxbhsrqyrr690.cloudfront.net/sidearm.nextgen.sites/nacda.com/documents/2021/7/1/July2OverallDI.pdf,3,41.29692832764505
2020-21,Wichita State,American,174,80.0,DI,0.0,5.0,75.0,https://dxbhsrqyrr690.cloudfront.net/sidearm.nextgen.sites/nacda.com/documents/2021/7/1/July2OverallDI.pdf,4,40.61433447098976
2020-21,North Texas,Conference USA,174,80.0,FBS,25.0,50.0,5.0,https://dxbhsrqyrr690.cloudfront.net/sidearm.nextgen.sites/nacda.com/documents/2021/7/1/July2OverallDI.pdf,4,40.61433447098976
2020-21,Mount St. Mary's,Northeast,174,80.0,DI,0.0,55.0,25.0,https://dxbhsrqyrr690.cloudfront.net/sidearm.nextgen.sites/nacda.com/documents/2021/7/1/July2OverallDI.pdf,4,40.61433447098976
2020-21,Nevada,Mountain West,177,78.0,FBS,45.0,0.0,33.0,https://dxbhsrqyrr690.cloudfront.net/sidearm.nextgen.sites/nacda.com/documents/2021/7/1/July2OverallDI.pdf,4,39.93174061433447
2020-21,Mercer,SoCon,178,77.0,FCS,0.0,25.0,52.0,https://dxbhsrqyrr690.cloudfront.net/sidearm.nextgen.sites/nacda.com/documents/2021/7/1/July2OverallDI.pdf,4,39.59044368600683
2020-21,Ball State,MAC,179,76.0,FBS,51.0,0.0,25.0,https://dxbhsrqyrr690.cloudfront.net/sidearm.nextgen.sites/nacda.com/documents/2021/7/1/July2OverallDI.pdf,4,39.07849829351536
2020-21,East Tennessee State,SoCon,179,76.0,FCS,0.0,0.0,76.0,https://dxbhsrqyrr690.cloudfront.net/sidearm.nextgen.sites/nacda.com/documents/2021/7/1/July2OverallDI.pdf,4,39.07849829351536
2020-21,Hofstra,CAA,181,75.5,DI,0.0,29.5,46.0,https://dxbhsrqyrr690.cloudfront.net/sidearm.nextgen.sites/nacda.com/documents/2021/7/1/July2OverallDI.pdf,4,38.56655290102389
2020-21,Tulane,American,182,75.0,FBS,25.0,0.0,50.0,https://dxbhsrqyrr690.cloudfront.net/sidearm.nextgen.sites/nacda.com/documents/2021/7/1/July2OverallDI.pdf,4,36.3481228668942
2020-21,St. John's (NY),Big East,182,75.0,DI,0.0,75.0,0.0,https://dxbhsrqyrr690.cloudfront.net/sidearm.nextgen.sites/nacda.com/documents/2021/7/1/July2OverallDI.pdf,4,36.3481228668942
2020-21,Wisconsin Milwaukee,Horizon League,182,75.0,DI,75.0,0.0,0.0,https://dxbhsrqyrr690.cloudfront.net/sidearm.nextgen.sites/nacda.com/documents/2021/7/1/July2OverallDI.pdf,4,36.3481228668942
2020-21,Fairfield,MAAC,182,75.0,DI,0.0,0.0,75.0,https://dxbhsrqyrr690.cloudfront.net/sidearm.nextgen.sites/nacda.com/documents/2021/7/1/July2OverallDI.pdf,4,36.3481228668942
2020-21,Bowling Green,MAC,182,75.0,FBS,75.0,0.0,0.0,https://dxbhsrqyrr690.cloudfront.net/sidearm.nextgen.sites/nacda.com/documents/2021/7/1/July2OverallDI.pdf,4,36.3481228668942
2020-21,Morehead State,OVC,182,75.0,FCS,50.0,25.0,0.0,https://dxbhsrqyrr690.cloudfront.net/sidearm.nextgen.sites/nacda.com/documents/2021/7/1/July2OverallDI.pdf,4,36.3481228668942
2020-21,American,Patriot,182,75.0,DI,50.0,25.0,0.0,https://dxbhsrqyrr690.cloudfront.net/sidearm.nextgen.sites/nacda.com/documents/2021/7/1/July2OverallDI.pdf,4,36.3481228668942
2020-21,Boston University,Patriot,182,75.0,DI,0.0,25.0,50.0,https://dxbhsrqyrr690.cloudfront.net/sidearm.nextgen.sites/nacda.com/documents/2021/7/1/July2OverallDI.pdf,4,36.3481228668942
2020-21,North Carolina Greensboro,SoCon,182,75.0,DI,25.0,25.0,25.0,https://dxbhsrqyrr690.cloudfront.net/sidearm.nextgen.sites/nacda.com/documents/2021/7/1/July2OverallDI.pdf,4,36.3481228668942
2020-21,Samford,SoCon,182,75.0,FCS,25.0,25.0,25.0,https://dxbhsrqyrr690.cloudfront.net/sidearm.nextgen.sites/nacda.com/documents/2021/7/1/July2OverallDI.pdf,4,36.3481228668942
2020-21,Omaha,Summit,182,75.0,DI,50.0,25.0,0.0,https://dxbhsrqyrr690.cloudfront.net/sidearm.nextgen.sites/nacda.com/documents/2021/7/1/July2OverallDI.pdf,4,36.3481228668942
2020-21,Alabama State,SWAC,182,75.0,FCS,25.0,0.0,50.0,https://dxbhsrqyrr690.cloudfront.net/sidearm.nextgen.sites/nacda.com/documents/2021/7/1/July2OverallDI.pdf,4,36.3481228668942
2020-21,Seton Hall,Big East,194,73.0,DI,73.0,0.0,0.0,https://dxbhsrqyrr690.cloudfront.net/sidearm.nextgen.sites/nacda.com/documents/2021/7/1/July2OverallDI.pdf,4,34.129692832764505
2020-21,UTSA,Conference USA,195,71.0,FBS,25.0,0.0,46.0,https://dxbhsrqyrr690.cloudfront.net/sidearm.nextgen.sites/nacda.com/documents/2021/7/1/July2OverallDI.pdf,4,33.617747440273035
2020-21,Southeastern Louisiana,Southland,195,71.0,FCS,25.0,25.0,21.0,https://dxbhsrqyrr690.cloudfront.net/sidearm.nextgen.sites/nacda.com/documents/2021/7/1/July2OverallDI.pdf,4,33.617747440273035
2020-21,UC San Diego,Big West,197,69.0,DI,0.0,69.0,0.0,https://dxbhsrqyrr690.cloudfront.net/sidearm.nextgen.sites/nacda.com/documents/2021/7/1/July2OverallDI.pdf,4,33.105802047781566
2020-21,Ohio,MAC,198,68.5,FBS,0.0,68.5,0.0,https://dxbhsrqyrr690.cloudfront.net/sidearm.nextgen.sites/nacda.com/documents/2021/7/1/July2OverallDI.pdf,4,32.76450511945392
2020-21,Brown,Ivy League,199,66.0,FCS,0.0,0.0,66.0,https://dxbhsrqyrr690.cloudfront.net/sidearm.nextgen.sites/nacda.com/documents/2021/7/1/July2OverallDI.pdf,4,32.42320819112628
2020-21,Western Michigan,MAC,200,65.0,FBS,0.0,40.0,25.0,https://dxbhsrqyrr690.cloudfront.net/sidearm.nextgen.sites/nacda.com/documents/2021/7/1/July2OverallDI.pdf,4,31.91126279863481
2020-21,Jacksonville State,OVC,200,65.0,FCS,60.0,0.0,5.0,https://dxbhsrqyrr690.cloudfront.net/sidearm.nextgen.sites/nacda.com/documents/2021/7/1/July2OverallDI.pdf,4,31.91126279863481
2020-21,UNLV,Mountain West,202,64.5,FBS,50.0,0.0,14.5,https://dxbhsrqyrr690.cloudfront.net/sidearm.nextgen.sites/nacda.com/documents/2021/7/1/July2OverallDI.pdf,4,31.399317406143346
2020-21,Oral Roberts,Summit,203,64.0,DI,0.0,64.0,0.0,https://dxbhsrqyrr690.cloudfront.net/sidearm.nextgen.sites/nacda.com/documents/2021/7/1/July2OverallDI.pdf,4,31.058020477815703
2020-21,McNeese State,Southland,204,62.5,FCS,0.0,0.0,62.5,https://dxbhsrqyrr690.cloudfront.net/sidearm.nextgen.sites/nacda.com/documents/2021/7/1/July2OverallDI.pdf,4,30.546075085324233
2020-21,Troy,Sun Belt,204,62.5,FBS,0.0,25.0,37.5,https://dxbhsrqyrr690.cloudfront.net/sidearm.nextgen.sites/nacda.com/documents/2021/7/1/July2OverallDI.pdf,4,30.546075085324233
2020-21,Providence,Big East,206,62.0,DI,0.0,62.0,0.0,https://dxbhsrqyrr690.cloudfront.net/sidearm.nextgen.sites/nacda.com/documents/2021/7/1/July2OverallDI.pdf,4,30.034129692832767
2020-21,Arkansas Little Rock,Sun Belt,207,59.5,DI,0.0,15.5,44.0,https://dxbhsrqyrr690.cloudfront.net/sidearm.nextgen.sites/nacda.com/documents/2021/7/1/July2OverallDI.pdf,4,29.692832764505116
2020-21,San Francisco,WCC,208,59.0,DI,14.0,0.0,45.0,https://dxbhsrqyrr690.cloudfront.net/sidearm.nextgen.sites/nacda.com/documents/2021/7/1/July2OverallDI.pdf,4,29.351535836177472
2020-21,Eastern Michigan,MAC,209,58.5,FBS,0.0,58.5,0.0,https://dxbhsrqyrr690.cloudfront.net/sidearm.nextgen.sites/nacda.com/documents/2021/7/1/July2OverallDI.pdf,4,29.01023890784983
2020-21,UAB,Conference USA,210,55.0,FBS,5.0,0.0,50.0,https://dxbhsrqyrr690.cloudfront.net/sidearm.nextgen.sites/nacda.com/documents/2021/7/1/July2OverallDI.pdf,4,28.668941979522184
2020-21,Princeton,Ivy League,211,54.0,FCS,0.0,0.0,54.0,https://dxbhsrqyrr690.cloudfront.net/sidearm.nextgen.sites/nacda.com/documents/2021/7/1/July2OverallDI.pdf,4,28.327645051194537
2020-21,North Carolina Wilmington,CAA,212,52.5,DI,0.0,0.0,52.5,https://dxbhsrqyrr690.cloudfront.net/sidearm.nextgen.sites/nacda.com/documents/2021/7/1/July2OverallDI.pdf,4,27.986348122866893
2020-21,Butler,Big East,213,51.0,FCS,51.0,0.0,0.0,https://dxbhsrqyrr690.cloudfront.net/sidearm.nextgen.sites/nacda.com/documents/2021/7/1/July2OverallDI.pdf,4,27.474402730375424
2020-21,Long Beach State,Big West,213,51.0,DI,0.0,0.0,51.0,https://dxbhsrqyrr690.cloudfront.net/sidearm.nextgen.sites/nacda.com/documents/2021/7/1/July2OverallDI.pdf,4,27.474402730375424
2020-21,UMBC,America East,215,50.0,DI,25.0,0.0,25.0,https://dxbhsrqyrr690.cloudfront.net/sidearm.nextgen.sites/nacda.com/documents/2021/7/1/July2OverallDI.pdf,4,24.2320819112628
2020-21,Dayton,Atlantic 10,215,50.0,FCS,50.0,0.0,0.0,https://dxbhsrqyrr690.cloudfront.net/sidearm.nextgen.sites/nacda.com/documents/2021/7/1/July2OverallDI.pdf,4,24.2320819112628
2020-21,Fordham,Atlantic 10,215,50.0,FCS,50.0,0.0,0.0,https://dxbhsrqyrr690.cloudfront.net/sidearm.nextgen.sites/nacda.com/documents/2021/7/1/July2OverallDI.pdf,4,24.2320819112628
2020-21,Saint Louis,Atlantic 10,215,50.0,DI,50.0,0.0,0.0,https://dxbhsrqyrr690.cloudfront.net/sidearm.nextgen.sites/nacda.com/documents/2021/7/1/July2OverallDI.pdf,4,24.2320819112628
2020-21,Eastern Washington,Big Sky,215,50.0,FCS,25.0,25.0,0.0,https://dxbhsrqyrr690.cloudfront.net/sidearm.nextgen.sites/nacda.com/documents/2021/7/1/July2OverallDI.pdf,4,24.2320819112628
2020-21,Presbyterian College,Big South,215,50.0,FCS,0.0,0.0,50.0,https://dxbhsrqyrr690.cloudfront.net/sidearm.nextgen.sites/nacda.com/documents/2021/7/1/July2OverallDI.pdf,4,24.2320819112628
2020-21,UC Irvine,Big West,215,50.0,DI,0.0,0.0,50.0,https://dxbhsrqyrr690.cloudfront.net/sidearm.nextgen.sites/nacda.com/documents/2021/7/1/July2OverallDI.pdf,4,24.2320819112628
2020-21,Illinois Chicago,Horizon League,215,50.0,DI,0.0,0.0,50.0,https://dxbhsrqyrr690.cloudfront.net/sidearm.nextgen.sites/nacda.com/documents/2021/7/1/July2OverallDI.pdf,4,24.2320819112628
2020-21,Siena,MAAC,215,50.0,DI,25.0,0.0,25.0,https://dxbhsrqyrr690.cloudfront.net/sidearm.nextgen.sites/nacda.com/documents/2021/7/1/July2OverallDI.pdf,4,24.2320819112628
2020-21,South Carolina State,MEAC,215,50.0,FCS,0.0,0.0,50.0,https://dxbhsrqyrr690.cloudfront.net/sidearm.nextgen.sites/nacda.com/documents/2021/7/1/July2OverallDI.pdf,4,24.2320819112628
2020-21,Central Connecticut State,Northeast,215,50.0,FCS,25.0,0.0,25.0,https://dxbhsrqyrr690.cloudfront.net/sidearm.nextgen.sites/nacda.com/documents/2021/7/1/July2OverallDI.pdf,4,24.2320819112628
2020-21,Robert Morris,Northeast,215,50.0,FCS,0.0,25.0,25.0,https://dxbhsrqyrr690.cloudfront.net/sidearm.nextgen.sites/nacda.com/documents/2021/7/1/July2OverallDI.pdf,4,24.2320819112628
2020-21,St. Francis (NY),Northeast,215,50.0,DI,50.0,0.0,0.0,https://dxbhsrqyrr690.cloudfront.net/sidearm.nextgen.sites/nacda.com/documents/2021/7/1/July2OverallDI.pdf,4,24.2320819112628
2020-21,Eastern Kentucky,OVC,215,50.0,FCS,0.0,25.0,25.0,https://dxbhsrqyrr690.cloudfront.net/sidearm.nextgen.sites/nacda.com/documents/2021/7/1/July2OverallDI.pdf,4,24.2320819112628
2020-21,Colgate,Patriot,215,50.0,FCS,0.0,50.0,0.0,https://dxbhsrqyrr690.cloudfront.net/sidearm.nextgen.sites/nacda.com/documents/2021/7/1/July2OverallDI.pdf,4,24.2320819112628
2020-21,Abilene Christian,Southland,215,50.0,FCS,0.0,50.0,0.0,https://dxbhsrqyrr690.cloudfront.net/sidearm.nextgen.sites/nacda.com/documents/2021/7/1/July2OverallDI.pdf,4,24.2320819112628
2020-21,Jackson State,SWAC,215,50.0,FCS,25.0,25.0,0.0,https://dxbhsrqyrr690.cloudfront.net/sidearm.nextgen.sites/nacda.com/documents/2021/7/1/July2OverallDI.pdf,4,24.2320819112628
2020-21,Binghamton,America East,232,49.5,DI,0.0,35.0,14.5,https://dxbhsrqyrr690.cloudfront.net/sidearm.nextgen.sites/nacda.com/documents/2021/7/1/July2OverallDI.pdf,5,21.160409556313994
2020-21,Incarnate Word,Southland,233,48.0,FCS,0.0,48.0,0.0,https://dxbhsrqyrr690.cloudfront.net/sidearm.nextgen.sites/nacda.com/documents/2021/7/1/July2OverallDI.pdf,5,20.819112627986346
2020-21,Illinois State,Missouri Valley,234,47.5,FCS,25.0,0.0,22.5,https://dxbhsrqyrr690.cloudfront.net/sidearm.nextgen.sites/nacda.com/documents/2021/7/1/July2OverallDI.pdf,5,20.477815699658702
2020-21,Akron,MAC,235,47.0,FBS,0.0,47.0,0.0,https://dxbhsrqyrr690.cloudfront.net/sidearm.nextgen.sites/nacda.com/documents/2021/7/1/July2OverallDI.pdf,5,20.13651877133106
2020-21,Lipscomb,ASUN,236,46.0,DI,25.0,0.0,21.0,https://dxbhsrqyrr690.cloudfront.net/sidearm.nextgen.sites/nacda.com/documents/2021/7/1/July2OverallDI.pdf,5,19.795221843003414
2020-21,Northern Illinois,MAC,237,45.0,FBS,0.0,45.0,0.0,https://dxbhsrqyrr690.cloudfront.net/sidearm.nextgen.sites/nacda.com/documents/2021/7/1/July2OverallDI.pdf,5,19.283276450511945
2020-21,Georgia State,Sun Belt,237,45.0,FBS,45.0,0.0,0.0,https://dxbhsrqyrr690.cloudfront.net/sidearm.nextgen.sites/nacda.com/documents/2021/7/1/July2OverallDI.pdf,5,19.283276450511945
2020-21,New Mexico State,WAC,239,43.5,FBS,0.0,0.0,43.5,https://dxbhsrqyrr690.cloudfront.net/sidearm.nextgen.sites/nacda.com/documents/2021/7/1/July2OverallDI.pdf,5,18.771331058020476
2020-21,Xavier,Big East,240,43.0,DI,0.0,0.0,43.0,https://dxbhsrqyrr690.cloudfront.net/sidearm.nextgen.sites/nacda.com/documents/2021/7/1/July2OverallDI.pdf,5,18.43003412969283
2020-21,Duquesne,Atlantic 10,241,42.5,FCS,0.0,42.5,0.0,https://dxbhsrqyrr690.cloudfront.net/sidearm.nextgen.sites/nacda.com/documents/2021/7/1/July2OverallDI.pdf,5,17.918088737201366
2020-21,Delaware State,MEAC,241,42.5,FCS,0.0,42.5,0.0,https://dxbhsrqyrr690.cloudfront.net/sidearm.nextgen.sites/nacda.com/documents/2021/7/1/July2OverallDI.pdf,5,17.918088737201366
2020-21,Davidson,Atlantic 10,243,41.0,FCS,25.0,0.0,16.0,https://dxbhsrqyrr690.cloudfront.net/sidearm.nextgen.sites/nacda.com/documents/2021/7/1/July2OverallDI.pdf,5,17.4061433447099
2020-21,Massachusetts Lowell,America East,244,40.5,DI,0.0,40.5,0.0,https://dxbhsrqyrr690.cloudfront.net/sidearm.nextgen.sites/nacda.com/documents/2021/7/1/July2OverallDI.pdf,5,17.064846416382252
2020-21,Indiana State,Missouri Valley,245,37.5,FCS,0.0,0.0,37.5,https://dxbhsrqyrr690.cloudfront.net/sidearm.nextgen.sites/nacda.com/documents/2021/7/1/July2OverallDI.pdf,5,16.552901023890783
2020-21,Seattle,WAC,245,37.5,DI,0.0,0.0,37.5,https://dxbhsrqyrr690.cloudfront.net/sidearm.nextgen.sites/nacda.com/documents/2021/7/1/July2OverallDI.pdf,5,16.552901023890783
2020-21,Oakland,Horizon League,247,36.0,DI,0.0,31.0,5.0,https://dxbhsrqyrr690.cloudfront.net/sidearm.nextgen.sites/nacda.com/documents/2021/7/1/July2OverallDI.pdf,5,16.040955631399317
2020-21,William & Mary,CAA,248,32.5,FCS,0.0,32.5,0.0,https://dxbhsrqyrr690.cloudfront.net/sidearm.nextgen.sites/nacda.com/documents/2021/7/1/July2OverallDI.pdf,5,15.699658703071673
2020-21,Rhode Island,Atlantic 10,249,32.0,FCS,0.0,0.0,32.0,https://dxbhsrqyrr690.cloudfront.net/sidearm.nextgen.sites/nacda.com/documents/2021/7/1/July2OverallDI.pdf,5,15.187713310580206
2020-21,Cal State Bakersfield,WAC,249,32.0,DI,0.0,32.0,0.0,https://dxbhsrqyrr690.cloudfront.net/sidearm.nextgen.sites/nacda.com/documents/2021/7/1/July2OverallDI.pdf,5,15.187713310580206
2020-21,College of Charleston,CAA,251,31.0,DI,0.0,0.0,31.0,https://dxbhsrqyrr690.cloudfront.net/sidearm.nextgen.sites/nacda.com/documents/2021/7/1/July2OverallDI.pdf,5,14.675767918088736
2020-21,Sacramento State,Big Sky,252,30.0,FCS,0.0,0.0,30.0,https://dxbhsrqyrr690.cloudfront.net/sidearm.nextgen.sites/nacda.com/documents/2021/7/1/July2OverallDI.pdf,5,13.993174061433447
2020-21,Quinnipiac,MAAC,252,30.0,DI,0.0,25.0,5.0,https://dxbhsrqyrr690.cloudfront.net/sidearm.nextgen.sites/nacda.com/documents/2021/7/1/July2OverallDI.pdf,5,13.993174061433447
2020-21,Prairie View A&M,SWAC,252,30.0,FCS,0.0,25.0,5.0,https://dxbhsrqyrr690.cloudfront.net/sidearm.nextgen.sites/nacda.com/documents/2021/7/1/July2OverallDI.pdf,5,13.993174061433447
2020-21,Hartford,America East,255,25.0,DI,0.0,25.0,0.0,https://dxbhsrqyrr690.cloudfront.net/sidearm.nextgen.sites/nacda.com/documents/2021/7/1/July2OverallDI.pdf,5,8.70307167235495
2020-21,George Washington,Atlantic 10,255,25.0,DI,0.0,0.0,25.0,https://dxbhsrqyrr690.cloudfront.net/sidearm.nextgen.sites/nacda.com/documents/2021/7/1/July2OverallDI.pdf,5,8.70307167235495
2020-21,St. Bonaventure,Atlantic 10,255,25.0,DI,0.0,25.0,0.0,https://dxbhsrqyrr690.cloudfront.net/sidearm.nextgen.sites/nacda.com/documents/2021/7/1/July2OverallDI.pdf,5,8.70307167235495
2020-21,DePaul,Big East,255,25.0,DI,0.0,0.0,25.0,https://dxbhsrqyrr690.cloudfront.net/sidearm.nextgen.sites/nacda.com/documents/2021/7/1/July2OverallDI.pdf,5,8.70307167235495
2020-21,Idaho State,Big Sky,255,25.0,FCS,0.0,25.0,0.0,https://dxbhsrqyrr690.cloudfront.net/sidearm.nextgen.sites/nacda.com/documents/2021/7/1/July2OverallDI.pdf,5,8.70307167235495
2020-21,Montana,Big Sky,255,25.0,FCS,25.0,0.0,0.0,https://dxbhsrqyrr690.cloudfront.net/sidearm.nextgen.sites/nacda.com/documents/2021/7/1/July2OverallDI.pdf,5,8.70307167235495
2020-21,Northern Colorado,Big Sky,255,25.0,FCS,0.0,25.0,0.0,https://dxbhsrqyrr690.cloudfront.net/sidearm.nextgen.sites/nacda.com/documents/2021/7/1/July2OverallDI.pdf,5,8.70307167235495
2020-21,Charleston Southern,Big South,255,25.0,FCS,0.0,0.0,25.0,https://dxbhsrqyrr690.cloudfront.net/sidearm.nextgen.sites/nacda.com/documents/2021/7/1/July2OverallDI.pdf,5,8.70307167235495
2020-21,Winthrop,Big South,255,25.0,DI,0.0,25.0,0.0,https://dxbhsrqyrr690.cloudfront.net/sidearm.nextgen.sites/nacda.com/documents/2021/7/1/July2OverallDI.pdf,5,8.70307167235495
2020-21,UC Davis,Big West,255,25.0,FCS,0.0,25.0,0.0,https://dxbhsrqyrr690.cloudfront.net/sidearm.nextgen.sites/nacda.com/documents/2021/7/1/July2OverallDI.pdf,5,8.70307167235495
2020-21,Elon,CAA,255,25.0,FCS,25.0,0.0,0.0,https://dxbhsrqyrr690.cloudfront.net/sidearm.nextgen.sites/nacda.com/documents/2021/7/1/July2OverallDI.pdf,5,8.70307167235495
2020-21,FAU,Conference USA,255,25.0,FBS,25.0,0.0,0.0,https://dxbhsrqyrr690.cloudfront.net/sidearm.nextgen.sites/nacda.com/documents/2021/7/1/July2OverallDI.pdf,5,8.70307167235495
2020-21,FIU,Conference USA,255,25.0,FBS,0.0,0.0,25.0,https://dxbhsrqyrr690.cloudfront.net/sidearm.nextgen.sites/nacda.com/documents/2021/7/1/July2OverallDI.pdf,5,8.70307167235495
2020-21,Manhattan,MAAC,255,25.0,DI,0.0,0.0,25.0,https://dxbhsrqyrr690.cloudfront.net/sidearm.nextgen.sites/nacda.com/documents/2021/7/1/July2OverallDI.pdf,5,8.70307167235495
2020-21,Morgan State,MEAC,255,25.0,FCS,0.0,0.0,25.0,https://dxbhsrqyrr690.cloudfront.net/sidearm.nextgen.sites/nacda.com/documents/2021/7/1/July2OverallDI.pdf,5,8.70307167235495
2020-21,Bradley,Missouri Valley,255,25.0,DI,0.0,25.0,0.0,https://dxbhsrqyrr690.cloudfront.net/sidearm.nextgen.sites/nacda.com/documents/2021/7/1/July2OverallDI.pdf,5,8.70307167235495
2020-21,Bryant,Northeast,255,25.0,FCS,0.0,0.0,25.0,https://dxbhsrqyrr690.cloudfront.net/sidearm.nextgen.sites/nacda.com/documents/2021/7/1/July2OverallDI.pdf,5,8.70307167235495
2020-21,Saint Francis (PA),Northeast,255,25.0,FCS,0.0,0.0,25.0,https://dxbhsrqyrr690.cloudfront.net/sidearm.nextgen.sites/nacda.com/documents/2021/7/1/July2OverallDI.pdf,5,8.70307167235495
2020-21,Austin Peay State,OVC,255,25.0,FCS,0.0,0.0,25.0,https://dxbhsrqyrr690.cloudfront.net/sidearm.nextgen.sites/nacda.com/documents/2021/7/1/July2OverallDI.pdf,5,8.70307167235495
2020-21,SIU Edwardsville,OVC,255,25.0,DI,25.0,0.0,0.0,https://dxbhsrqyrr690.cloudfront.net/sidearm.nextgen.sites/nacda.com/documents/2021/7/1/July2OverallDI.pdf,5,8.70307167235495
2020-21,Southeast Missouri State,OVC,255,25.0,FCS,0.0,0.0,25.0,https://dxbhsrqyrr690.cloudfront.net/sidearm.nextgen.sites/nacda.com/documents/2021/7/1/July2OverallDI.pdf,5,8.70307167235495
2020-21,Holy Cross,Patriot,255,25.0,FCS,25.0,0.0,0.0,https://dxbhsrqyrr690.cloudfront.net/sidearm.nextgen.sites/nacda.com/documents/2021/7/1/July2OverallDI.pdf,5,8.70307167235495
2020-21,Virginia Military Institute,SoCon,255,25.0,FCS,25.0,0.0,0.0,https://dxbhsrqyrr690.cloudfront.net/sidearm.nextgen.sites/nacda.com/documents/2021/7/1/July2OverallDI.pdf,5,8.70307167235495
2020-21,Western Illinois,Summit,255,25.0,FCS,0.0,25.0,0.0,https://dxbhsrqyrr690.cloudfront.net/sidearm.nextgen.sites/nacda.com/documents/2021/7/1/July2OverallDI.pdf,5,8.70307167235495
2020-21,Alabama A&M,SWAC,255,25.0,FCS,0.0,0.0,25.0,https://dxbhsrqyrr690.cloudfront.net/sidearm.nextgen.sites/nacda.com/documents/2021/7/1/July2OverallDI.pdf,5,8.70307167235495
2020-21,Southern,SWAC,255,25.0,FCS,0.0,0.0,25.0,https://dxbhsrqyrr690.cloudfront.net/sidearm.nextgen.sites/nacda.com/documents/2021/7/1/July2OverallDI.pdf,5,8.70307167235495
2020-21,Texas Southern,SWAC,255,25.0,FCS,0.0,25.0,0.0,https://dxbhsrqyrr690.cloudfront.net/sidearm.nextgen.sites/nacda.com/documents/2021/7/1/July2OverallDI.pdf,5,8.70307167235495
2020-21,California Baptist,WAC,255,25.0,DI,25.0,0.0,0.0,https://dxbhsrqyrr690.cloudfront.net/sidearm.nextgen.sites/nacda.com/documents/2021/7/1/July2OverallDI.pdf,5,8.70307167235495
2020-21,Gardner-Webb,Big South,283,22.0,FCS,0.0,22.0,0.0,https://dxbhsrqyrr690.cloudfront.net/sidearm.nextgen.sites/nacda.com/documents/2021/7/1/July2OverallDI.pdf,5,3.754266211604096
2020-21,Idaho,Big Sky,284,21.0,FBS,0.0,0.0,21.0,https://dxbhsrqyrr690.cloudfront.net/sidearm.nextgen.sites/nacda.com/documents/2021/7/1/July2OverallDI.pdf,5,3.4129692832764507
2020-21,Tennessee Chattanooga,SoCon,285,18.5,FCS,0.0,18.5,0.0,https://dxbhsrqyrr690.cloudfront.net/sidearm.nextgen.sites/nacda.com/documents/2021/7/1/July2OverallDI.pdf,5,3.0716723549488054
2020-21,Evansville,Missouri Valley,286,15.0,DI,0.0,0.0,15.0,https://dxbhsrqyrr690.cloudfront.net/sidearm.nextgen.sites/nacda.com/documents/2021/7/1/July2OverallDI.pdf,5,2.7303754266211606
2020-21,UTEP,Conference USA,287,13.0,FBS,0.0,0.0,13.0,https://dxbhsrqyrr690.cloudfront.net/sidearm.nextgen.sites/nacda.com/documents/2021/7/1/July2OverallDI.pdf,5,2.04778156996587
2020-21,Houston Baptist,Southland,287,13.0,FCS,0.0,13.0,0.0,https://dxbhsrqyrr690.cloudfront.net/sidearm.nextgen.sites/nacda.com/documents/2021/7/1/July2OverallDI.pdf,5,2.04778156996587
2020-21,Texas Arlington,Sun Belt,287,13.0,DI,0.0,13.0,0.0,https://dxbhsrqyrr690.cloudfront.net/sidearm.nextgen.sites/nacda.com/documents/2021/7/1/July2OverallDI.pdf,5,2.04778156996587
2020-21,Tennessee Martin,OVC,290,8.0,FCS,0.0,0.0,8.0,https://dxbhsrqyrr690.cloudfront.net/sidearm.nextgen.sites/nacda.com/documents/2021/7/1/July2OverallDI.pdf,6,1.3651877133105803
2020-21,Richmond,Atlantic 10,291,7.75,FCS,0.0,0.0,7.75,https://dxbhsrqyrr690.cloudfront.net/sidearm.nextgen.sites/nacda.com/documents/2021/7/1/July2OverallDI.pdf,6,0.8532423208191127
2020-21,Cornell,Ivy League,291,7.75,FCS,0.0,0.0,7.75,https://dxbhsrqyrr690.cloudfront.net/sidearm.nextgen.sites/nacda.com/documents/2021/7/1/July2OverallDI.pdf,6,0.8532423208191127
2020-21,Florida A&M,MEAC,293,5.0,FCS,0.0,0.0,5.0,https://dxbhsrqyrr690.cloudfront.net/sidearm.nextgen.sites/nacda.com/documents/2021/7/1/July2OverallDI.pdf,6,0.3412969283276451
2021-22,Texas,Big 12,1,1449.5,FBS,186.5,493.0,770.0,https://dxbhsrqyrr690.cloudfront.net/sidearm.nextgen.sites/nacda.com/documents/2022/6/30/FinalDIstandings.pdf,1,100.0
2021-22,Stanford,Pac-12,2,1352.25,FBS,198.5,465.25,688.5,https://dxbhsrqyrr690.cloudfront.net/sidearm.nextgen.sites/nacda.com/documents/2022/6/30/FinalDIstandings.pdf,1,99.66101694915255
2021-22,Michigan,Big Ten,3,1245.25,FBS,305.0,590.25,350.0,https://dxbhsrqyrr690.cloudfront.net/sidearm.nextgen.sites/nacda.com/documents/2022/6/30/FinalDIstandings.pdf,1,99.32203389830508
2021-22,Ohio State,Big Ten,4,1184.5,FBS,139.0,678.0,367.5,https://dxbhsrqyrr690.cloudfront.net/sidearm.nextgen.sites/nacda.com/documents/2022/6/30/FinalDIstandings.pdf,1,98.98305084745763
2021-22,Florida,SEC,5,1180.75,FBS,116.0,417.0,647.75,https://dxbhsrqyrr690.cloudfront.net/sidearm.nextgen.sites/nacda.com/documents/2022/6/30/FinalDIstandings.pdf,1,98.64406779661017
2021-22,North Carolina,ACC,6,1087.25,FBS,270.5,364.0,452.75,https://dxbhsrqyrr690.cloudfront.net/sidearm.nextgen.sites/nacda.com/documents/2022/6/30/FinalDIstandings.pdf,1,98.30508474576271
2021-22,Arkansas,SEC,7,1050.75,FBS,277.5,356.75,416.5,https://dxbhsrqyrr690.cloudfront.net/sidearm.nextgen.sites/nacda.com/documents/2022/6/30/FinalDIstandings.pdf,1,97.96610169491525
2021-22,Notre Dame,ACC,8,1021.0,FBS,360.0,454.0,207.0,https://dxbhsrqyrr690.cloudfront.net/sidearm.nextgen.sites/nacda.com/documents/2022/6/30/FinalDIstandings.pdf,1,97.6271186440678
2021-22,Kentucky,SEC,9,979.75,FBS,201.0,461.25,317.5,https://dxbhsrqyrr690.cloudfront.net/sidearm.nextgen.sites/nacda.com/documents/2022/6/30/FinalDIstandings.pdf,1,97.28813559322033
2021-22,Oklahoma,Big 12,10,968.5,FBS,67.5,386.5,514.5,https://dxbhsrqyrr690.cloudfront.net/sidearm.nextgen.sites/nacda.com/documents/2022/6/30/FinalDIstandings.pdf,1,96.94915254237289
2021-22,Virginia,ACC,11,942.5,FBS,117.0,236.5,589.0,https://dxbhsrqyrr690.cloudfront.net/sidearm.nextgen.sites/nacda.com/documents/2022/6/30/FinalDIstandings.pdf,1,96.61016949152543
2021-22,USC,Pac-12,12,933.75,FBS,140.0,247.0,546.75,https://dxbhsrqyrr690.cloudfront.net/sidearm.nextgen.sites/nacda.com/documents/2022/6/30/FinalDIstandings.pdf,1,96.27118644067797
2021-22,Tennessee,SEC,13,921.0,FBS,166.0,381.0,374.0,https://dxbhsrqyrr690.cloudfront.net/sidearm.nextgen.sites/nacda.com/documents/2022/6/30/FinalDIstandings.pdf,1,95.9322033898305
2021-22,Florida State,ACC,14,910.0,FBS,259.0,107.25,543.75,https://dxbhsrqyrr690.cloudfront.net/sidearm.nextgen.sites/nacda.com/documents/2022/6/30/FinalDIstandings.pdf,1,95.59322033898306
2021-22,UCLA,Pac-12,15,906.5,FBS,199.0,199.25,508.25,https://dxbhsrqyrr690.cloudfront.net/sidearm.nextgen.sites/nacda.com/documents/2022/6/30/FinalDIstandings.pdf,1,95.25423728813558
2021-22,LSU,SEC,16,883.75,FBS,77.0,353.75,453.0,https://dxbhsrqyrr690.cloudfront.net/sidearm.nextgen.sites/nacda.com/documents/2022/6/30/FinalDIstandings.pdf,1,94.91525423728814
2021-22,North Carolina State,ACC,17,870.0,FBS,234.0,410.0,226.0,https://dxbhsrqyrr690.cloudfront.net/sidearm.nextgen.sites/nacda.com/documents/2022/6/30/FinalDIstandings.pdf,1,94.57627118644068
2021-22,Princeton,Ivy League,18,868.25,FCS,178.0,306.75,383.5,https://dxbhsrqyrr690.cloudfront.net/sidearm.nextgen.sites/nacda.com/documents/2022/6/30/FinalDIstandings.pdf,1,94.23728813559322
2021-22,Georgia,SEC,19,865.0,FBS,100.0,324.5,440.5,https://dxbhsrqyrr690.cloudfront.net/sidearm.nextgen.sites/nacda.com/documents/2022/6/30/FinalDIstandings.pdf,1,93.89830508474576
2021-22,Ole Miss,SEC,20,852.0,FBS,243.5,244.5,364.0,https://dxbhsrqyrr690.cloudfront.net/sidearm.nextgen.sites/nacda.com/documents/2022/6/30/FinalDIstandings.pdf,1,93.55932203389831
2021-22,Duke,ACC,21,849.5,FBS,137.0,293.5,419.0,https://dxbhsrqyrr690.cloudfront.net/sidearm.nextgen.sites/nacda.com/documents/2022/6/30/FinalDIstandings.pdf,1,93.22033898305084
2021-22,Alabama,SEC,22,841.25,FBS,247.0,344.0,250.25,https://dxbhsrqyrr690.cloudfront.net/sidearm.nextgen.sites/nacda.com/documents/2022/6/30/FinalDIstandings.pdf,1,92.88135593220339
2021-22,Oklahoma State,Big 12,23,802.75,FBS,220.0,144.75,438.0,https://dxbhsrqyrr690.cloudfront.net/sidearm.nextgen.sites/nacda.com/documents/2022/6/30/FinalDIstandings.pdf,1,92.54237288135593
2021-22,Wisconsin,Big Ten,24,795.0,FBS,339.5,323.0,132.5,https://dxbhsrqyrr690.cloudfront.net/sidearm.nextgen.sites/nacda.com/documents/2022/6/30/FinalDIstandings.pdf,1,92.20338983050847
2021-22,Texas A&M,SEC,25,794.75,FBS,49.0,224.25,521.5,https://dxbhsrqyrr690.cloudfront.net/sidearm.nextgen.sites/nacda.com/documents/2022/6/30/FinalDIstandings.pdf,1,91.86440677966101
2021-22,Arizona State,Pac-12,26,788.25,FBS,25.0,359.75,403.5,https://dxbhsrqyrr690.cloudfront.net/sidearm.nextgen.sites/nacda.com/documents/2022/6/30/FinalDIstandings.pdf,1,91.52542372881356
2021-22,California,Pac-12,27,780.75,FBS,100.0,313.75,367.0,https://dxbhsrqyrr690.cloudfront.net/sidearm.nextgen.sites/nacda.com/documents/2022/6/30/FinalDIstandings.pdf,1,91.18644067796609
2021-22,Minnesota,Big Ten,28,746.75,FBS,243.0,390.75,113.0,https://dxbhsrqyrr690.cloudfront.net/sidearm.nextgen.sites/nacda.com/documents/2022/6/30/FinalDIstandings.pdf,1,90.84745762711864
2021-22,BYU,WCC,29,738.75,FBS,368.0,184.0,186.75,https://dxbhsrqyrr690.cloudfront.net/sidearm.nextgen.sites/nacda.com/documents/2022/6/30/FinalDIstandings.pdf,1,90.5084745762712
2021-22,Washington,Pac-12,30,730.25,FBS,283.0,105.5,341.75,https://dxbhsrqyrr690.cloudfront.net/sidearm.nextgen.sites/nacda.com/documents/2022/6/30/FinalDIstandings.pdf,1,90.16949152542372
2021-22,Oregon,Pac-12,31,707.0,FBS,173.0,158.5,375.5,https://dxbhsrqyrr690.cloudfront.net/sidearm.nextgen.sites/nacda.com/documents/2022/6/30/FinalDIstandings.pdf,1,89.83050847457628
2021-22,Auburn,SEC,32,706.25,FBS,50.0,242.5,413.75,https://dxbhsrqyrr690.cloudfront.net/sidearm.nextgen.sites/nacda.com/documents/2022/6/30/FinalDIstandings.pdf,1,89.49152542372882
2021-22,Virginia Tech,ACC,33,688.25,FBS,125.0,332.75,230.5,https://dxbhsrqyrr690.cloudfront.net/sidearm.nextgen.sites/nacda.com/documents/2022/6/30/FinalDIstandings.pdf,1,89.15254237288136
2021-22,Louisville,ACC,34,663.5,FBS,186.0,266.0,211.5,https://dxbhsrqyrr690.cloudfront.net/sidearm.nextgen.sites/nacda.com/documents/2022/6/30/FinalDIstandings.pdf,1,88.8135593220339
2021-22,Arizona,Pac-12,35,639.5,FBS,0.0,358.0,281.5,https://dxbhsrqyrr690.cloudfront.net/sidearm.nextgen.sites/nacda.com/documents/2022/6/30/FinalDIstandings.pdf,1,88.47457627118645
2021-22,Northwestern,Big Ten,36,634.0,FBS,127.0,216.5,290.5,https://dxbhsrqyrr690.cloudfront.net/sidearm.nextgen.sites/nacda.com/documents/2022/6/30/FinalDIstandings.pdf,1,88.13559322033898
2021-22,South Carolina,SEC,37,627.5,FBS,143.0,219.0,265.5,https://dxbhsrqyrr690.cloudfront.net/sidearm.nextgen.sites/nacda.com/documents/2022/6/30/FinalDIstandings.pdf,1,87.79661016949153
2021-22,Texas Tech,Big 12,38,627.0,FBS,70.0,185.5,371.5,https://dxbhsrqyrr690.cloudfront.net/sidearm.nextgen.sites/nacda.com/documents/2022/6/30/FinalDIstandings.pdf,1,87.45762711864407
2021-22,Harvard,Ivy League,39,615.0,FCS,221.5,290.5,103.0,https://dxbhsrqyrr690.cloudfront.net/sidearm.nextgen.sites/nacda.com/documents/2022/6/30/FinalDIstandings.pdf,1,87.11864406779661
2021-22,TCU,Big 12,40,564.5,FBS,64.0,206.75,293.75,https://dxbhsrqyrr690.cloudfront.net/sidearm.nextgen.sites/nacda.com/documents/2022/6/30/FinalDIstandings.pdf,1,86.77966101694915
2021-22,Michigan State,Big Ten,41,544.75,FBS,173.0,223.25,148.5,https://dxbhsrqyrr690.cloudfront.net/sidearm.nextgen.sites/nacda.com/documents/2022/6/30/FinalDIstandings.pdf,1,86.4406779661017
2021-22,Iowa State,Big 12,42,540.5,FBS,209.0,253.0,78.5,https://dxbhsrqyrr690.cloudfront.net/sidearm.nextgen.sites/nacda.com/documents/2022/6/30/FinalDIstandings.pdf,1,86.10169491525423
2021-22,Penn State,Big Ten,43,535.0,FBS,298.0,204.5,32.5,https://dxbhsrqyrr690.cloudfront.net/sidearm.nextgen.sites/nacda.com/documents/2022/6/30/FinalDIstandings.pdf,1,85.76271186440678
2021-22,Utah,Pac-12,44,532.5,FBS,168.5,267.0,97.0,https://dxbhsrqyrr690.cloudfront.net/sidearm.nextgen.sites/nacda.com/documents/2022/6/30/FinalDIstandings.pdf,1,85.42372881355932
2021-22,Wake Forest,ACC,45,530.0,FBS,243.0,0.0,287.0,https://dxbhsrqyrr690.cloudfront.net/sidearm.nextgen.sites/nacda.com/documents/2022/6/30/FinalDIstandings.pdf,1,85.08474576271186
2021-22,Maryland,Big Ten,46,528.0,FBS,153.0,142.0,233.0,https://dxbhsrqyrr690.cloudfront.net/sidearm.nextgen.sites/nacda.com/documents/2022/6/30/FinalDIstandings.pdf,1,84.7457627118644
2021-22,Baylor,Big 12,47,522.0,FBS,137.5,116.0,268.5,https://dxbhsrqyrr690.cloudfront.net/sidearm.nextgen.sites/nacda.com/documents/2022/6/30/FinalDIstandings.pdf,1,84.40677966101696
2021-22,Rutgers,Big Ten,48,518.5,FBS,178.0,140.5,200.0,https://dxbhsrqyrr690.cloudfront.net/sidearm.nextgen.sites/nacda.com/documents/2022/6/30/FinalDIstandings.pdf,1,84.06779661016948
2021-22,Nebraska,Big Ten,49,516.5,FBS,90.0,314.5,112.0,https://dxbhsrqyrr690.cloudfront.net/sidearm.nextgen.sites/nacda.com/documents/2022/6/30/FinalDIstandings.pdf,1,83.72881355932203
2021-22,Miami (FL),ACC,50,516.0,FBS,55.0,226.0,235.0,https://dxbhsrqyrr690.cloudfront.net/sidearm.nextgen.sites/nacda.com/documents/2022/6/30/FinalDIstandings.pdf,1,83.38983050847457
2021-22,Oregon State,Pac-12,51,512.0,FBS,98.0,158.0,256.0,https://dxbhsrqyrr690.cloudfront.net/sidearm.nextgen.sites/nacda.com/documents/2022/6/30/FinalDIstandings.pdf,1,83.05084745762711
2021-22,Illinois,Big Ten,52,500.0,FBS,120.0,280.0,100.0,https://dxbhsrqyrr690.cloudfront.net/sidearm.nextgen.sites/nacda.com/documents/2022/6/30/FinalDIstandings.pdf,1,82.71186440677965
2021-22,Purdue,Big Ten,53,476.75,FBS,168.0,210.75,98.0,https://dxbhsrqyrr690.cloudfront.net/sidearm.nextgen.sites/nacda.com/documents/2022/6/30/FinalDIstandings.pdf,1,82.37288135593221
2021-22,Villanova,Big East,54,470.5,FCS,196.0,177.0,97.5,https://dxbhsrqyrr690.cloudfront.net/sidearm.nextgen.sites/nacda.com/documents/2022/6/30/FinalDIstandings.pdf,1,82.03389830508473
2021-22,Iowa,Big Ten,55,450.25,FBS,121.0,296.75,32.5,https://dxbhsrqyrr690.cloudfront.net/sidearm.nextgen.sites/nacda.com/documents/2022/6/30/FinalDIstandings.pdf,2,81.69491525423729
2021-22,Yale,Ivy League,56,434.5,FCS,27.0,216.0,191.5,https://dxbhsrqyrr690.cloudfront.net/sidearm.nextgen.sites/nacda.com/documents/2022/6/30/FinalDIstandings.pdf,2,81.35593220338984
2021-22,Missouri,SEC,57,429.25,FBS,25.0,315.75,88.5,https://dxbhsrqyrr690.cloudfront.net/sidearm.nextgen.sites/nacda.com/documents/2022/6/30/FinalDIstandings.pdf,2,81.01694915254237
2021-22,Colorado,Pac-12,58,418.75,FBS,150.5,200.0,68.25,https://dxbhsrqyrr690.cloudfront.net/sidearm.nextgen.sites/nacda.com/documents/2022/6/30/FinalDIstandings.pdf,2,80.67796610169492
2021-22,Denver,Summit,59,417.75,DI,50.0,245.75,122.0,https://dxbhsrqyrr690.cloudfront.net/sidearm.nextgen.sites/nacda.com/documents/2022/6/30/FinalDIstandings.pdf,2,80.33898305084746
2021-22,Pennsylvania,Ivy League,60,406.5,FCS,0.0,213.0,193.5,https://dxbhsrqyrr690.cloudfront.net/sidearm.nextgen.sites/nacda.com/documents/2022/6/30/FinalDIstandings.pdf,2,80.0
2021-22,Kansas,Big 12,61,384.5,FBS,64.0,188.5,132.0,https://dxbhsrqyrr690.cloudfront.net/sidearm.nextgen.sites/nacda.com/documents/2022/6/30/FinalDIstandings.pdf,2,79.66101694915254
2021-22,Pepperdine,WCC,62,375.0,DI,89.0,0.0,286.0,https://dxbhsrqyrr690.cloudfront.net/sidearm.nextgen.sites/nacda.com/documents/2022/6/30/FinalDIstandings.pdf,2,79.15254237288136
2021-22,West Virginia,Big 12,62,375.0,FBS,176.0,163.5,35.5,https://dxbhsrqyrr690.cloudfront.net/sidearm.nextgen.sites/nacda.com/documents/2022/6/30/FinalDIstandings.pdf,2,79.15254237288136
2021-22,Indiana,Big Ten,64,358.0,FBS,64.0,289.0,5.0,https://dxbhsrqyrr690.cloudfront.net/sidearm.nextgen.sites/nacda.com/documents/2022/6/30/FinalDIstandings.pdf,2,78.64406779661017
2021-22,Clemson,ACC,65,357.5,FBS,183.5,0.0,174.0,https://dxbhsrqyrr690.cloudfront.net/sidearm.nextgen.sites/nacda.com/documents/2022/6/30/FinalDIstandings.pdf,2,78.30508474576271
2021-22,Vanderbilt,SEC,66,356.0,FBS,0.0,86.5,269.5,https://dxbhsrqyrr690.cloudfront.net/sidearm.nextgen.sites/nacda.com/documents/2022/6/30/FinalDIstandings.pdf,2,77.96610169491525
2021-22,Air Force,Mountain West,67,354.5,FBS,102.0,184.5,68.0,https://dxbhsrqyrr690.cloudfront.net/sidearm.nextgen.sites/nacda.com/documents/2022/6/30/FinalDIstandings.pdf,2,77.62711864406779
2021-22,Georgia Tech,ACC,68,352.25,FBS,73.0,78.0,201.25,https://dxbhsrqyrr690.cloudfront.net/sidearm.nextgen.sites/nacda.com/documents/2022/6/30/FinalDIstandings.pdf,2,77.28813559322035
2021-22,UCF,American,69,350.5,FBS,95.0,94.0,161.5,https://dxbhsrqyrr690.cloudfront.net/sidearm.nextgen.sites/nacda.com/documents/2022/6/30/FinalDIstandings.pdf,2,76.94915254237287
2021-22,Georgetown,Big East,70,329.0,FCS,241.0,0.0,88.0,https://dxbhsrqyrr690.cloudfront.net/sidearm.nextgen.sites/nacda.com/documents/2022/6/30/FinalDIstandings.pdf,2,76.61016949152543
2021-22,Northern Arizona,Big Sky,71,311.5,FCS,151.0,80.0,80.5,https://dxbhsrqyrr690.cloudfront.net/sidearm.nextgen.sites/nacda.com/documents/2022/6/30/FinalDIstandings.pdf,2,76.27118644067797
2021-22,Syracuse,ACC,72,304.0,FBS,169.0,25.0,110.0,https://dxbhsrqyrr690.cloudfront.net/sidearm.nextgen.sites/nacda.com/documents/2022/6/30/FinalDIstandings.pdf,2,75.9322033898305
2021-22,Pittsburgh,ACC,73,298.0,FBS,248.0,50.0,0.0,https://dxbhsrqyrr690.cloudfront.net/sidearm.nextgen.sites/nacda.com/documents/2022/6/30/FinalDIstandings.pdf,2,75.59322033898304
2021-22,Liberty,ASUN,74,297.5,FBS,162.0,0.0,135.5,https://dxbhsrqyrr690.cloudfront.net/sidearm.nextgen.sites/nacda.com/documents/2022/6/30/FinalDIstandings.pdf,2,75.2542372881356
2021-22,Columbia,Ivy League,75,283.5,FCS,29.0,154.5,100.0,https://dxbhsrqyrr690.cloudfront.net/sidearm.nextgen.sites/nacda.com/documents/2022/6/30/FinalDIstandings.pdf,2,74.91525423728814
2021-22,Mississippi State,SEC,76,270.5,FBS,50.0,22.5,198.0,https://dxbhsrqyrr690.cloudfront.net/sidearm.nextgen.sites/nacda.com/documents/2022/6/30/FinalDIstandings.pdf,2,74.57627118644068
2021-22,Montana State,Big Sky,77,266.0,FCS,90.0,129.0,47.0,https://dxbhsrqyrr690.cloudfront.net/sidearm.nextgen.sites/nacda.com/documents/2022/6/30/FinalDIstandings.pdf,2,74.23728813559322
2021-22,Gonzaga,WCC,78,264.5,DI,75.0,114.0,75.5,https://dxbhsrqyrr690.cloudfront.net/sidearm.nextgen.sites/nacda.com/documents/2022/6/30/FinalDIstandings.pdf,2,73.89830508474576
2021-22,Kansas State,Big 12,79,253.5,FBS,70.0,120.0,63.5,https://dxbhsrqyrr690.cloudfront.net/sidearm.nextgen.sites/nacda.com/documents/2022/6/30/FinalDIstandings.pdf,2,73.5593220338983
2021-22,North Carolina A&T State,Big South,80,251.25,FCS,0.0,132.5,118.75,https://dxbhsrqyrr690.cloudfront.net/sidearm.nextgen.sites/nacda.com/documents/2022/6/30/FinalDIstandings.pdf,2,73.22033898305085
2021-22,Providence,Big East,81,245.0,DI,166.0,64.0,15.0,https://dxbhsrqyrr690.cloudfront.net/sidearm.nextgen.sites/nacda.com/documents/2022/6/30/FinalDIstandings.pdf,2,72.88135593220339
2021-22,Vermont,America East,82,243.0,DI,50.0,115.0,78.0,https://dxbhsrqyrr690.cloudfront.net/sidearm.nextgen.sites/nacda.com/documents/2022/6/30/FinalDIstandings.pdf,2,72.54237288135593
2021-22,Cornell,Ivy League,83,237.5,FCS,0.0,120.0,117.5,https://dxbhsrqyrr690.cloudfront.net/sidearm.nextgen.sites/nacda.com/documents/2022/6/30/FinalDIstandings.pdf,2,72.20338983050848
2021-22,Sam Houston State,WAC,84,236.5,FCS,70.0,100.5,66.0,https://dxbhsrqyrr690.cloudfront.net/sidearm.nextgen.sites/nacda.com/documents/2022/6/30/FinalDIstandings.pdf,2,71.86440677966101
2021-22,UConn,Big East,85,231.0,FBS,27.0,115.0,89.0,https://dxbhsrqyrr690.cloudfront.net/sidearm.nextgen.sites/nacda.com/documents/2022/6/30/FinalDIstandings.pdf,2,71.52542372881356
2021-22,Creighton,Big East,86,223.0,DI,100.0,123.0,0.0,https://dxbhsrqyrr690.cloudfront.net/sidearm.nextgen.sites/nacda.com/documents/2022/6/30/FinalDIstandings.pdf,2,71.1864406779661
2021-22,Tulsa,American,87,220.5,FBS,182.5,0.0,38.0,https://dxbhsrqyrr690.cloudfront.net/sidearm.nextgen.sites/nacda.com/documents/2022/6/30/FinalDIstandings.pdf,2,70.84745762711864
2021-22,Georgia State,Sun Belt,88,216.5,FBS,95.0,25.0,96.5,https://dxbhsrqyrr690.cloudfront.net/sidearm.nextgen.sites/nacda.com/documents/2022/6/30/FinalDIstandings.pdf,2,70.50847457627118
2021-22,SMU,American,89,209.5,FBS,55.0,36.0,118.5,https://dxbhsrqyrr690.cloudfront.net/sidearm.nextgen.sites/nacda.com/documents/2022/6/30/FinalDIstandings.pdf,2,70.16949152542374
2021-22,Washington State,Pac-12,90,207.0,FBS,125.0,55.5,26.5,https://dxbhsrqyrr690.cloudfront.net/sidearm.nextgen.sites/nacda.com/documents/2022/6/30/FinalDIstandings.pdf,2,69.83050847457626
2021-22,San Diego State,Mountain West,91,205.5,FBS,45.0,57.0,103.5,https://dxbhsrqyrr690.cloudfront.net/sidearm.nextgen.sites/nacda.com/documents/2022/6/30/FinalDIstandings.pdf,2,69.49152542372882
2021-22,Hawaii,Big West,92,205.0,FBS,55.0,25.0,125.0,https://dxbhsrqyrr690.cloudfront.net/sidearm.nextgen.sites/nacda.com/documents/2022/6/30/FinalDIstandings.pdf,2,69.15254237288136
2021-22,Stephen F. Austin,WAC,93,204.0,FCS,25.0,150.0,29.0,https://dxbhsrqyrr690.cloudfront.net/sidearm.nextgen.sites/nacda.com/documents/2022/6/30/FinalDIstandings.pdf,2,68.8135593220339
2021-22,South Dakota State,Summit,94,200.0,FCS,108.0,54.5,37.5,https://dxbhsrqyrr690.cloudfront.net/sidearm.nextgen.sites/nacda.com/documents/2022/6/30/FinalDIstandings.pdf,2,68.47457627118644
2021-22,Brown,Ivy League,95,198.0,FCS,50.0,26.0,122.0,https://dxbhsrqyrr690.cloudfront.net/sidearm.nextgen.sites/nacda.com/documents/2022/6/30/FinalDIstandings.pdf,2,68.13559322033899
2021-22,New Mexico,Mountain West,96,195.5,FBS,110.0,31.5,54.0,https://dxbhsrqyrr690.cloudfront.net/sidearm.nextgen.sites/nacda.com/documents/2022/6/30/FinalDIstandings.pdf,2,67.79661016949152
2021-22,Memphis,American,97,192.0,FBS,55.0,87.0,50.0,https://dxbhsrqyrr690.cloudfront.net/sidearm.nextgen.sites/nacda.com/documents/2022/6/30/FinalDIstandings.pdf,2,67.45762711864407
2021-22,Middle Tennessee State,Conference USA,98,189.5,FBS,45.0,47.5,97.0,https://dxbhsrqyrr690.cloudfront.net/sidearm.nextgen.sites/nacda.com/documents/2022/6/30/FinalDIstandings.pdf,2,67.11864406779661
2021-22,Houston,American,99,189.0,FBS,57.0,73.0,59.0,https://dxbhsrqyrr690.cloudfront.net/sidearm.nextgen.sites/nacda.com/documents/2022/6/30/FinalDIstandings.pdf,2,66.77966101694915
2021-22,St. John's (NY),Big East,100,183.0,DI,114.0,69.0,0.0,https://dxbhsrqyrr690.cloudfront.net/sidearm.nextgen.sites/nacda.com/documents/2022/6/30/FinalDIstandings.pdf,2,66.44067796610169
2021-22,Ball State,MAC,101,182.5,FBS,75.0,0.0,107.5,https://dxbhsrqyrr690.cloudfront.net/sidearm.nextgen.sites/nacda.com/documents/2022/6/30/FinalDIstandings.pdf,2,66.10169491525424
2021-22,Rice,Conference USA,102,179.5,FBS,122.0,16.0,41.5,https://dxbhsrqyrr690.cloudfront.net/sidearm.nextgen.sites/nacda.com/documents/2022/6/30/FinalDIstandings.pdf,2,65.76271186440678
2021-22,Campbell,Big South,103,178.0,FCS,50.0,37.0,91.0,https://dxbhsrqyrr690.cloudfront.net/sidearm.nextgen.sites/nacda.com/documents/2022/6/30/FinalDIstandings.pdf,2,65.42372881355932
2021-22,Delaware,CAA,104,173.0,FCS,53.0,50.0,70.0,https://dxbhsrqyrr690.cloudfront.net/sidearm.nextgen.sites/nacda.com/documents/2022/6/30/FinalDIstandings.pdf,2,65.08474576271186
2021-22,North Dakota State,Summit,105,170.5,FCS,100.0,70.5,0.0,https://dxbhsrqyrr690.cloudfront.net/sidearm.nextgen.sites/nacda.com/documents/2022/6/30/FinalDIstandings.pdf,2,64.7457627118644
2021-22,Colorado State,Mountain West,106,167.0,FBS,57.0,72.5,37.5,https://dxbhsrqyrr690.cloudfront.net/sidearm.nextgen.sites/nacda.com/documents/2022/6/30/FinalDIstandings.pdf,2,64.23728813559322
2021-22,Western Michigan,MAC,106,167.0,FBS,45.0,97.0,25.0,https://dxbhsrqyrr690.cloudfront.net/sidearm.nextgen.sites/nacda.com/documents/2022/6/30/FinalDIstandings.pdf,2,64.23728813559322
2021-22,San Diego,WCC,108,166.0,FCS,25.0,0.0,141.0,https://dxbhsrqyrr690.cloudfront.net/sidearm.nextgen.sites/nacda.com/documents/2022/6/30/FinalDIstandings.pdf,2,63.72881355932203
2021-22,Boston College,ACC,109,165.0,FBS,5.0,70.0,90.0,https://dxbhsrqyrr690.cloudfront.net/sidearm.nextgen.sites/nacda.com/documents/2022/6/30/FinalDIstandings.pdf,3,63.389830508474574
2021-22,Coastal Carolina,Sun Belt,110,163.5,FBS,45.0,53.5,65.0,https://dxbhsrqyrr690.cloudfront.net/sidearm.nextgen.sites/nacda.com/documents/2022/6/30/FinalDIstandings.pdf,3,63.05084745762712
2021-22,Army West Point,Patriot,111,159.5,FBS,45.0,64.5,50.0,https://dxbhsrqyrr690.cloudfront.net/sidearm.nextgen.sites/nacda.com/documents/2022/6/30/FinalDIstandings.pdf,3,62.71186440677966
2021-22,South Florida,American,112,158.5,FBS,25.0,25.0,108.5,https://dxbhsrqyrr690.cloudfront.net/sidearm.nextgen.sites/nacda.com/documents/2022/6/30/FinalDIstandings.pdf,3,62.37288135593221
2021-22,Boise State,Mountain West,113,158.0,FBS,30.0,70.5,57.5,https://dxbhsrqyrr690.cloudfront.net/sidearm.nextgen.sites/nacda.com/documents/2022/6/30/FinalDIstandings.pdf,3,62.03389830508475
2021-22,Missouri State,Missouri Valley,114,150.0,FCS,50.0,25.0,75.0,https://dxbhsrqyrr690.cloudfront.net/sidearm.nextgen.sites/nacda.com/documents/2022/6/30/FinalDIstandings.pdf,3,61.52542372881356
2021-22,Quinnipiac,MAAC,114,150.0,DI,0.0,120.0,30.0,https://dxbhsrqyrr690.cloudfront.net/sidearm.nextgen.sites/nacda.com/documents/2022/6/30/FinalDIstandings.pdf,3,61.52542372881356
2021-22,Utah State,Mountain West,116,149.5,FBS,96.0,53.5,0.0,https://dxbhsrqyrr690.cloudfront.net/sidearm.nextgen.sites/nacda.com/documents/2022/6/30/FinalDIstandings.pdf,3,61.016949152542374
2021-22,Loyola Marymount,WCC,117,145.5,DI,0.0,0.0,145.5,https://dxbhsrqyrr690.cloudfront.net/sidearm.nextgen.sites/nacda.com/documents/2022/6/30/FinalDIstandings.pdf,3,60.67796610169491
2021-22,Louisiana,Sun Belt,118,143.5,FBS,56.0,0.0,87.5,https://dxbhsrqyrr690.cloudfront.net/sidearm.nextgen.sites/nacda.com/documents/2022/6/30/FinalDIstandings.pdf,3,60.33898305084746
2021-22,Central Michigan,MAC,119,142.0,FBS,45.0,34.5,62.5,https://dxbhsrqyrr690.cloudfront.net/sidearm.nextgen.sites/nacda.com/documents/2022/6/30/FinalDIstandings.pdf,3,59.83050847457627
2021-22,Northeastern,CAA,119,142.0,DI,0.0,108.0,34.0,https://dxbhsrqyrr690.cloudfront.net/sidearm.nextgen.sites/nacda.com/documents/2022/6/30/FinalDIstandings.pdf,3,59.83050847457627
2021-22,FIU,Conference USA,121,140.5,FBS,50.0,34.0,56.5,https://dxbhsrqyrr690.cloudfront.net/sidearm.nextgen.sites/nacda.com/documents/2022/6/30/FinalDIstandings.pdf,3,59.32203389830508
2021-22,East Tennessee State,SoCon,122,140.0,FCS,70.0,0.0,70.0,https://dxbhsrqyrr690.cloudfront.net/sidearm.nextgen.sites/nacda.com/documents/2022/6/30/FinalDIstandings.pdf,3,58.98305084745763
2021-22,Hofstra,CAA,123,139.0,DI,114.0,0.0,25.0,https://dxbhsrqyrr690.cloudfront.net/sidearm.nextgen.sites/nacda.com/documents/2022/6/30/FinalDIstandings.pdf,3,58.644067796610166
2021-22,Kennesaw State,ASUN,124,138.5,FCS,53.0,20.5,65.0,https://dxbhsrqyrr690.cloudfront.net/sidearm.nextgen.sites/nacda.com/documents/2022/6/30/FinalDIstandings.pdf,3,58.30508474576271
2021-22,Wyoming,Mountain West,125,138.0,FBS,45.0,93.0,0.0,https://dxbhsrqyrr690.cloudfront.net/sidearm.nextgen.sites/nacda.com/documents/2022/6/30/FinalDIstandings.pdf,3,57.96610169491525
2021-22,James Madison,CAA,126,136.0,FCS,83.0,0.0,53.0,https://dxbhsrqyrr690.cloudfront.net/sidearm.nextgen.sites/nacda.com/documents/2022/6/30/FinalDIstandings.pdf,3,57.45762711864407
2021-22,New Hampshire,America East,126,136.0,FCS,64.0,72.0,0.0,https://dxbhsrqyrr690.cloudfront.net/sidearm.nextgen.sites/nacda.com/documents/2022/6/30/FinalDIstandings.pdf,3,57.45762711864407
2021-22,Furman,SoCon,128,135.5,FCS,70.0,0.0,65.5,https://dxbhsrqyrr690.cloudfront.net/sidearm.nextgen.sites/nacda.com/documents/2022/6/30/FinalDIstandings.pdf,3,56.61016949152542
2021-22,Miami (OH),MAC,128,135.5,FBS,98.0,0.0,37.5,https://dxbhsrqyrr690.cloudfront.net/sidearm.nextgen.sites/nacda.com/documents/2022/6/30/FinalDIstandings.pdf,3,56.61016949152542
2021-22,Portland,WCC,128,135.5,DI,135.5,0.0,0.0,https://dxbhsrqyrr690.cloudfront.net/sidearm.nextgen.sites/nacda.com/documents/2022/6/30/FinalDIstandings.pdf,3,56.61016949152542
2021-22,UC Irvine,Big West,131,135.0,DI,50.0,0.0,85.0,https://dxbhsrqyrr690.cloudfront.net/sidearm.nextgen.sites/nacda.com/documents/2022/6/30/FinalDIstandings.pdf,3,55.932203389830505
2021-22,Santa Clara,WCC,132,133.0,DI,133.0,0.0,0.0,https://dxbhsrqyrr690.cloudfront.net/sidearm.nextgen.sites/nacda.com/documents/2022/6/30/FinalDIstandings.pdf,3,55.59322033898305
2021-22,Saint Joseph's,Atlantic 10,133,131.0,DI,53.0,0.0,78.0,https://dxbhsrqyrr690.cloudfront.net/sidearm.nextgen.sites/nacda.com/documents/2022/6/30/FinalDIstandings.pdf,3,55.254237288135585
2021-22,Murray State,OVC,134,130.0,FCS,0.0,105.0,25.0,https://dxbhsrqyrr690.cloudfront.net/sidearm.nextgen.sites/nacda.com/documents/2022/6/30/FinalDIstandings.pdf,3,54.74576271186441
2021-22,Western Kentucky,Conference USA,134,130.0,FBS,95.0,35.0,0.0,https://dxbhsrqyrr690.cloudfront.net/sidearm.nextgen.sites/nacda.com/documents/2022/6/30/FinalDIstandings.pdf,3,54.74576271186441
2021-22,Navy,Patriot,136,128.0,FBS,0.0,103.0,25.0,https://dxbhsrqyrr690.cloudfront.net/sidearm.nextgen.sites/nacda.com/documents/2022/6/30/FinalDIstandings.pdf,3,54.23728813559322
2021-22,Grand Canyon,WAC,137,125.0,DI,50.0,0.0,75.0,https://dxbhsrqyrr690.cloudfront.net/sidearm.nextgen.sites/nacda.com/documents/2022/6/30/FinalDIstandings.pdf,3,53.72881355932203
2021-22,VCU,Atlantic 10,137,125.0,DI,0.0,0.0,125.0,https://dxbhsrqyrr690.cloudfront.net/sidearm.nextgen.sites/nacda.com/documents/2022/6/30/FinalDIstandings.pdf,3,53.72881355932203
2021-22,Cincinnati,American,139,124.0,FBS,80.0,44.0,0.0,https://dxbhsrqyrr690.cloudfront.net/sidearm.nextgen.sites/nacda.com/documents/2022/6/30/FinalDIstandings.pdf,3,53.050847457627114
2021-22,Fairleigh Dickinson,Northeast,139,124.0,DI,0.0,99.0,25.0,https://dxbhsrqyrr690.cloudfront.net/sidearm.nextgen.sites/nacda.com/documents/2022/6/30/FinalDIstandings.pdf,3,53.050847457627114
2021-22,Saint Louis,Atlantic 10,141,123.0,DI,123.0,0.0,0.0,https://dxbhsrqyrr690.cloudfront.net/sidearm.nextgen.sites/nacda.com/documents/2022/6/30/FinalDIstandings.pdf,3,52.3728813559322
2021-22,Texas State,Sun Belt,141,123.0,FBS,0.0,31.5,91.5,https://dxbhsrqyrr690.cloudfront.net/sidearm.nextgen.sites/nacda.com/documents/2022/6/30/FinalDIstandings.pdf,3,52.3728813559322
2021-22,Georgia Southern,Sun Belt,143,120.0,FBS,0.0,0.0,120.0,https://dxbhsrqyrr690.cloudfront.net/sidearm.nextgen.sites/nacda.com/documents/2022/6/30/FinalDIstandings.pdf,3,51.864406779661024
2021-22,Southeast Missouri State,OVC,144,116.5,FCS,25.0,0.0,91.5,https://dxbhsrqyrr690.cloudfront.net/sidearm.nextgen.sites/nacda.com/documents/2022/6/30/FinalDIstandings.pdf,3,51.52542372881356
2021-22,Butler,Big East,145,116.0,FCS,116.0,0.0,0.0,https://dxbhsrqyrr690.cloudfront.net/sidearm.nextgen.sites/nacda.com/documents/2022/6/30/FinalDIstandings.pdf,3,51.186440677966104
2021-22,Long Beach State,Big West,146,115.0,DI,25.0,0.0,90.0,https://dxbhsrqyrr690.cloudfront.net/sidearm.nextgen.sites/nacda.com/documents/2022/6/30/FinalDIstandings.pdf,3,50.847457627118644
2021-22,South Dakota,Summit,147,114.0,FCS,50.0,64.0,0.0,https://dxbhsrqyrr690.cloudfront.net/sidearm.nextgen.sites/nacda.com/documents/2022/6/30/FinalDIstandings.pdf,3,50.50847457627119
2021-22,UC Santa Barbara,Big West,148,112.5,DI,25.0,0.0,87.5,https://dxbhsrqyrr690.cloudfront.net/sidearm.nextgen.sites/nacda.com/documents/2022/6/30/FinalDIstandings.pdf,3,50.16949152542372
2021-22,Kent State,MAC,149,111.0,FBS,25.0,59.0,27.0,https://dxbhsrqyrr690.cloudfront.net/sidearm.nextgen.sites/nacda.com/documents/2022/6/30/FinalDIstandings.pdf,3,49.66101694915254
2021-22,LIU Brooklyn,Northeast,149,111.0,DI,50.0,36.0,25.0,https://dxbhsrqyrr690.cloudfront.net/sidearm.nextgen.sites/nacda.com/documents/2022/6/30/FinalDIstandings.pdf,3,49.66101694915254
2021-22,New Mexico State,WAC,151,110.5,FBS,0.0,50.0,60.5,https://dxbhsrqyrr690.cloudfront.net/sidearm.nextgen.sites/nacda.com/documents/2022/6/30/FinalDIstandings.pdf,3,49.152542372881356
2021-22,Colgate,Patriot,152,110.0,FCS,25.0,85.0,0.0,https://dxbhsrqyrr690.cloudfront.net/sidearm.nextgen.sites/nacda.com/documents/2022/6/30/FinalDIstandings.pdf,3,48.8135593220339
2021-22,San Jose State,Mountain West,153,109.75,FBS,0.0,37.0,72.75,https://dxbhsrqyrr690.cloudfront.net/sidearm.nextgen.sites/nacda.com/documents/2022/6/30/FinalDIstandings.pdf,3,48.47457627118644
2021-22,Northern Illinois,MAC,154,109.5,FBS,75.0,34.5,0.0,https://dxbhsrqyrr690.cloudfront.net/sidearm.nextgen.sites/nacda.com/documents/2022/6/30/FinalDIstandings.pdf,3,48.13559322033898
2021-22,Southern Mississippi,Conference USA,155,107.0,FBS,0.0,43.0,64.0,https://dxbhsrqyrr690.cloudfront.net/sidearm.nextgen.sites/nacda.com/documents/2022/6/30/FinalDIstandings.pdf,3,47.79661016949153
2021-22,North Florida,ASUN,156,106.5,DI,29.0,0.0,77.5,https://dxbhsrqyrr690.cloudfront.net/sidearm.nextgen.sites/nacda.com/documents/2022/6/30/FinalDIstandings.pdf,3,47.45762711864407
2021-22,Florida Gulf Coast,ASUN,157,105.0,DI,50.0,50.0,5.0,https://dxbhsrqyrr690.cloudfront.net/sidearm.nextgen.sites/nacda.com/documents/2022/6/30/FinalDIstandings.pdf,3,46.94915254237288
2021-22,Fresno State,Mountain West,157,105.0,FBS,45.0,0.0,60.0,https://dxbhsrqyrr690.cloudfront.net/sidearm.nextgen.sites/nacda.com/documents/2022/6/30/FinalDIstandings.pdf,3,46.94915254237288
2021-22,Charlotte,Conference USA,159,103.5,FBS,54.0,25.0,24.5,https://dxbhsrqyrr690.cloudfront.net/sidearm.nextgen.sites/nacda.com/documents/2022/6/30/FinalDIstandings.pdf,3,46.271186440677965
2021-22,Southern Utah,Big Sky,159,103.5,FCS,50.0,53.5,0.0,https://dxbhsrqyrr690.cloudfront.net/sidearm.nextgen.sites/nacda.com/documents/2022/6/30/FinalDIstandings.pdf,3,46.271186440677965
2021-22,Richmond,Atlantic 10,161,103.0,FCS,0.0,50.0,53.0,https://dxbhsrqyrr690.cloudfront.net/sidearm.nextgen.sites/nacda.com/documents/2022/6/30/FinalDIstandings.pdf,3,45.76271186440678
2021-22,South Alabama,Sun Belt,162,102.5,FBS,50.0,22.5,30.0,https://dxbhsrqyrr690.cloudfront.net/sidearm.nextgen.sites/nacda.com/documents/2022/6/30/FinalDIstandings.pdf,3,45.42372881355932
2021-22,Fairfield,MAAC,163,100.0,DI,50.0,25.0,25.0,https://dxbhsrqyrr690.cloudfront.net/sidearm.nextgen.sites/nacda.com/documents/2022/6/30/FinalDIstandings.pdf,4,44.74576271186441
2021-22,Loyola Maryland,Patriot,163,100.0,DI,25.0,0.0,75.0,https://dxbhsrqyrr690.cloudfront.net/sidearm.nextgen.sites/nacda.com/documents/2022/6/30/FinalDIstandings.pdf,4,44.74576271186441
2021-22,Old Dominion,Conference USA,163,100.0,FBS,50.0,0.0,50.0,https://dxbhsrqyrr690.cloudfront.net/sidearm.nextgen.sites/nacda.com/documents/2022/6/30/FinalDIstandings.pdf,4,44.74576271186441
2021-22,Boston University,Patriot,166,99.5,DI,0.0,0.0,99.5,https://dxbhsrqyrr690.cloudfront.net/sidearm.nextgen.sites/nacda.com/documents/2022/6/30/FinalDIstandings.pdf,4,44.06779661016949
2021-22,Towson,CAA,167,98.0,FCS,25.0,73.0,0.0,https://dxbhsrqyrr690.cloudfront.net/sidearm.nextgen.sites/nacda.com/documents/2022/6/30/FinalDIstandings.pdf,4,43.728813559322035
2021-22,Louisiana Tech,Conference USA,168,97.5,FBS,0.0,60.0,37.5,https://dxbhsrqyrr690.cloudfront.net/sidearm.nextgen.sites/nacda.com/documents/2022/6/30/FinalDIstandings.pdf,4,43.389830508474574
2021-22,Howard,MEAC,169,96.5,FCS,25.0,25.0,46.5,https://dxbhsrqyrr690.cloudfront.net/sidearm.nextgen.sites/nacda.com/documents/2022/6/30/FinalDIstandings.pdf,4,42.88135593220339
2021-22,Northern Iowa,Missouri Valley,169,96.5,FCS,25.0,53.5,18.0,https://dxbhsrqyrr690.cloudfront.net/sidearm.nextgen.sites/nacda.com/documents/2022/6/30/FinalDIstandings.pdf,4,42.88135593220339
2021-22,High Point,Big South,171,96.0,DI,25.0,49.5,21.5,https://dxbhsrqyrr690.cloudfront.net/sidearm.nextgen.sites/nacda.com/documents/2022/6/30/FinalDIstandings.pdf,4,42.3728813559322
2021-22,Montana,Big Sky,172,95.0,FCS,95.0,0.0,0.0,https://dxbhsrqyrr690.cloudfront.net/sidearm.nextgen.sites/nacda.com/documents/2022/6/30/FinalDIstandings.pdf,4,42.03389830508474
2021-22,Cal Poly,Big West,173,93.5,FCS,0.0,52.0,41.5,https://dxbhsrqyrr690.cloudfront.net/sidearm.nextgen.sites/nacda.com/documents/2022/6/30/FinalDIstandings.pdf,4,41.52542372881356
2021-22,Southern Illinois,Missouri Valley,173,93.5,FCS,53.0,20.5,20.0,https://dxbhsrqyrr690.cloudfront.net/sidearm.nextgen.sites/nacda.com/documents/2022/6/30/FinalDIstandings.pdf,4,41.52542372881356
2021-22,Illinois State,Missouri Valley,175,93.0,FCS,25.0,25.0,43.0,https://dxbhsrqyrr690.cloudfront.net/sidearm.nextgen.sites/nacda.com/documents/2022/6/30/FinalDIstandings.pdf,4,41.01694915254237
2021-22,Youngstown State,Horizon League,176,92.5,FCS,0.0,42.5,50.0,https://dxbhsrqyrr690.cloudfront.net/sidearm.nextgen.sites/nacda.com/documents/2022/6/30/FinalDIstandings.pdf,4,40.67796610169492
2021-22,North Texas,Conference USA,177,91.5,FBS,25.0,0.0,66.5,https://dxbhsrqyrr690.cloudfront.net/sidearm.nextgen.sites/nacda.com/documents/2022/6/30/FinalDIstandings.pdf,4,40.33898305084746
2021-22,UC Davis,Big West,178,90.5,FCS,80.0,0.0,10.5,https://dxbhsrqyrr690.cloudfront.net/sidearm.nextgen.sites/nacda.com/documents/2022/6/30/FinalDIstandings.pdf,4,40.0
2021-22,Mount St. Mary's,Northeast,179,90.0,DI,0.0,65.0,25.0,https://dxbhsrqyrr690.cloudfront.net/sidearm.nextgen.sites/nacda.com/documents/2022/6/30/FinalDIstandings.pdf,4,39.66101694915255
2021-22,Arkansas State,Sun Belt,180,89.0,FBS,29.0,60.0,0.0,https://dxbhsrqyrr690.cloudfront.net/sidearm.nextgen.sites/nacda.com/documents/2022/6/30/FinalDIstandings.pdf,4,39.32203389830509
2021-22,UTSA,Conference USA,181,88.0,FBS,25.0,22.5,40.5,https://dxbhsrqyrr690.cloudfront.net/sidearm.nextgen.sites/nacda.com/documents/2022/6/30/FinalDIstandings.pdf,4,38.983050847457626
2021-22,Samford,SoCon,182,87.0,FCS,50.0,37.0,0.0,https://dxbhsrqyrr690.cloudfront.net/sidearm.nextgen.sites/nacda.com/documents/2022/6/30/FinalDIstandings.pdf,4,38.64406779661017
2021-22,Incarnate Word,Southland,183,86.0,FCS,53.0,33.0,0.0,https://dxbhsrqyrr690.cloudfront.net/sidearm.nextgen.sites/nacda.com/documents/2022/6/30/FinalDIstandings.pdf,4,38.13559322033898
2021-22,Lehigh,Patriot,183,86.0,FCS,0.0,48.5,37.5,https://dxbhsrqyrr690.cloudfront.net/sidearm.nextgen.sites/nacda.com/documents/2022/6/30/FinalDIstandings.pdf,4,38.13559322033898
2021-22,Sacred Heart,Northeast,185,85.0,FCS,50.0,25.0,10.0,https://dxbhsrqyrr690.cloudfront.net/sidearm.nextgen.sites/nacda.com/documents/2022/6/30/FinalDIstandings.pdf,4,37.6271186440678
2021-22,Lipscomb,ASUN,186,84.0,DI,79.0,0.0,5.0,https://dxbhsrqyrr690.cloudfront.net/sidearm.nextgen.sites/nacda.com/documents/2022/6/30/FinalDIstandings.pdf,4,37.28813559322034
2021-22,Binghamton,America East,187,83.5,DI,0.0,37.0,46.5,https://dxbhsrqyrr690.cloudfront.net/sidearm.nextgen.sites/nacda.com/documents/2022/6/30/FinalDIstandings.pdf,4,36.94915254237288
2021-22,Jacksonville,ASUN,188,83.0,FCS,0.0,0.0,83.0,https://dxbhsrqyrr690.cloudfront.net/sidearm.nextgen.sites/nacda.com/documents/2022/6/30/FinalDIstandings.pdf,4,36.271186440677965
2021-22,Southeastern Louisiana,Southland,188,83.0,FCS,53.0,0.0,30.0,https://dxbhsrqyrr690.cloudfront.net/sidearm.nextgen.sites/nacda.com/documents/2022/6/30/FinalDIstandings.pdf,4,36.271186440677965
2021-22,Tennessee Martin,OVC,188,83.0,FCS,53.0,0.0,30.0,https://dxbhsrqyrr690.cloudfront.net/sidearm.nextgen.sites/nacda.com/documents/2022/6/30/FinalDIstandings.pdf,4,36.271186440677965
2021-22,Abilene Christian,WAC,191,81.5,FCS,27.0,0.0,54.5,https://dxbhsrqyrr690.cloudfront.net/sidearm.nextgen.sites/nacda.com/documents/2022/6/30/FinalDIstandings.pdf,4,35.59322033898305
2021-22,Texas A&M Corpus Christi,Southland,192,80.0,DI,25.0,5.0,50.0,https://dxbhsrqyrr690.cloudfront.net/sidearm.nextgen.sites/nacda.com/documents/2022/6/30/FinalDIstandings.pdf,4,35.25423728813559
2021-22,Tennessee Chattanooga,SoCon,193,78.5,FCS,0.0,41.0,37.5,https://dxbhsrqyrr690.cloudfront.net/sidearm.nextgen.sites/nacda.com/documents/2022/6/30/FinalDIstandings.pdf,4,34.91525423728813
2021-22,American,Patriot,194,78.0,DI,53.0,25.0,0.0,https://dxbhsrqyrr690.cloudfront.net/sidearm.nextgen.sites/nacda.com/documents/2022/6/30/FinalDIstandings.pdf,4,34.57627118644068
2021-22,East Carolina,American,195,77.5,FBS,5.0,0.0,72.5,https://dxbhsrqyrr690.cloudfront.net/sidearm.nextgen.sites/nacda.com/documents/2022/6/30/FinalDIstandings.pdf,4,34.23728813559322
2021-22,Alabama State,SWAC,196,75.0,FCS,0.0,25.0,50.0,https://dxbhsrqyrr690.cloudfront.net/sidearm.nextgen.sites/nacda.com/documents/2022/6/30/FinalDIstandings.pdf,4,32.88135593220339
2021-22,Bowling Green,MAC,196,75.0,FBS,75.0,0.0,0.0,https://dxbhsrqyrr690.cloudfront.net/sidearm.nextgen.sites/nacda.com/documents/2022/6/30/FinalDIstandings.pdf,4,32.88135593220339
2021-22,Dayton,Atlantic 10,196,75.0,FCS,50.0,25.0,0.0,https://dxbhsrqyrr690.cloudfront.net/sidearm.nextgen.sites/nacda.com/documents/2022/6/30/FinalDIstandings.pdf,4,32.88135593220339
2021-22,Marshall,Conference USA,196,75.0,FBS,75.0,0.0,0.0,https://dxbhsrqyrr690.cloudfront.net/sidearm.nextgen.sites/nacda.com/documents/2022/6/30/FinalDIstandings.pdf,4,32.88135593220339
2021-22,Massachusetts,Atlantic 10,196,75.0,FBS,0.0,50.0,25.0,https://dxbhsrqyrr690.cloudfront.net/sidearm.nextgen.sites/nacda.com/documents/2022/6/30/FinalDIstandings.pdf,4,32.88135593220339
2021-22,Mercer,SoCon,196,75.0,FCS,25.0,25.0,25.0,https://dxbhsrqyrr690.cloudfront.net/sidearm.nextgen.sites/nacda.com/documents/2022/6/30/FinalDIstandings.pdf,4,32.88135593220339
2021-22,UAB,Conference USA,196,75.0,FBS,45.0,25.0,5.0,https://dxbhsrqyrr690.cloudfront.net/sidearm.nextgen.sites/nacda.com/documents/2022/6/30/FinalDIstandings.pdf,4,32.88135593220339
2021-22,Wichita State,American,203,74.5,DI,0.0,0.0,74.5,https://dxbhsrqyrr690.cloudfront.net/sidearm.nextgen.sites/nacda.com/documents/2022/6/30/FinalDIstandings.pdf,4,31.52542372881356
2021-22,Saint Peter's,MAAC,204,73.0,DI,0.0,73.0,0.0,https://dxbhsrqyrr690.cloudfront.net/sidearm.nextgen.sites/nacda.com/documents/2022/6/30/FinalDIstandings.pdf,4,31.186440677966104
2021-22,Nevada,Mountain West,205,72.0,FBS,25.0,0.0,47.0,https://dxbhsrqyrr690.cloudfront.net/sidearm.nextgen.sites/nacda.com/documents/2022/6/30/FinalDIstandings.pdf,4,30.508474576271187
2021-22,Texas Arlington,Sun Belt,205,72.0,DI,0.0,25.0,47.0,https://dxbhsrqyrr690.cloudfront.net/sidearm.nextgen.sites/nacda.com/documents/2022/6/30/FinalDIstandings.pdf,4,30.508474576271187
2021-22,Wright State,Horizon League,205,72.0,DI,0.0,25.0,47.0,https://dxbhsrqyrr690.cloudfront.net/sidearm.nextgen.sites/nacda.com/documents/2022/6/30/FinalDIstandings.pdf,4,30.508474576271187
2021-22,Appalachian State,Sun Belt,208,71.0,FBS,25.0,46.0,0.0,https://dxbhsrqyrr690.cloudfront.net/sidearm.nextgen.sites/nacda.com/documents/2022/6/30/FinalDIstandings.pdf,4,29.830508474576273
2021-22,Stony Brook,America East,209,70.0,FCS,0.0,0.0,70.0,https://dxbhsrqyrr690.cloudfront.net/sidearm.nextgen.sites/nacda.com/documents/2022/6/30/FinalDIstandings.pdf,4,29.491525423728817
2021-22,Xavier,Big East,210,66.5,DI,25.0,0.0,41.5,https://dxbhsrqyrr690.cloudfront.net/sidearm.nextgen.sites/nacda.com/documents/2022/6/30/FinalDIstandings.pdf,4,29.152542372881356
2021-22,Drexel,CAA,211,66.0,DI,0.0,41.0,25.0,https://dxbhsrqyrr690.cloudfront.net/sidearm.nextgen.sites/nacda.com/documents/2022/6/30/FinalDIstandings.pdf,4,28.8135593220339
2021-22,San Francisco,WCC,212,64.5,DI,0.0,25.0,39.5,https://dxbhsrqyrr690.cloudfront.net/sidearm.nextgen.sites/nacda.com/documents/2022/6/30/FinalDIstandings.pdf,4,28.474576271186443
2021-22,Cal State Fullerton,Big West,213,62.5,DI,0.0,25.0,37.5,https://dxbhsrqyrr690.cloudfront.net/sidearm.nextgen.sites/nacda.com/documents/2022/6/30/FinalDIstandings.pdf,4,28.135593220338983
2021-22,College of Charleston,CAA,214,60.5,DI,0.0,0.0,60.5,https://dxbhsrqyrr690.cloudfront.net/sidearm.nextgen.sites/nacda.com/documents/2022/6/30/FinalDIstandings.pdf,4,27.627118644067792
2021-22,Davidson,Atlantic 10,214,60.5,FCS,25.0,25.0,10.5,https://dxbhsrqyrr690.cloudfront.net/sidearm.nextgen.sites/nacda.com/documents/2022/6/30/FinalDIstandings.pdf,4,27.627118644067792
2021-22,FAU,Conference USA,216,60.0,FBS,0.0,0.0,60.0,https://dxbhsrqyrr690.cloudfront.net/sidearm.nextgen.sites/nacda.com/documents/2022/6/30/FinalDIstandings.pdf,4,26.949152542372882
2021-22,Wagner,Northeast,216,60.0,FCS,0.0,0.0,60.0,https://dxbhsrqyrr690.cloudfront.net/sidearm.nextgen.sites/nacda.com/documents/2022/6/30/FinalDIstandings.pdf,5,26.949152542372882
2021-22,Citadel,SoCon,218,57.0,FCS,25.0,32.0,0.0,https://dxbhsrqyrr690.cloudfront.net/sidearm.nextgen.sites/nacda.com/documents/2022/6/30/FinalDIstandings.pdf,5,26.27118644067797
2021-22,Dartmouth,Ivy League,218,57.0,FCS,0.0,57.0,0.0,https://dxbhsrqyrr690.cloudfront.net/sidearm.nextgen.sites/nacda.com/documents/2022/6/30/FinalDIstandings.pdf,5,26.27118644067797
2021-22,Drake,Missouri Valley,220,55.5,FCS,0.0,30.5,25.0,https://dxbhsrqyrr690.cloudfront.net/sidearm.nextgen.sites/nacda.com/documents/2022/6/30/FinalDIstandings.pdf,5,25.76271186440678
2021-22,Oakland,Horizon League,221,55.0,DI,25.0,0.0,30.0,https://dxbhsrqyrr690.cloudfront.net/sidearm.nextgen.sites/nacda.com/documents/2022/6/30/FinalDIstandings.pdf,5,25.254237288135595
2021-22,Prairie View A&M,SWAC,221,55.0,FCS,25.0,0.0,30.0,https://dxbhsrqyrr690.cloudfront.net/sidearm.nextgen.sites/nacda.com/documents/2022/6/30/FinalDIstandings.pdf,5,25.254237288135595
2021-22,Northern Colorado,Big Sky,223,54.5,FCS,25.0,29.5,0.0,https://dxbhsrqyrr690.cloudfront.net/sidearm.nextgen.sites/nacda.com/documents/2022/6/30/FinalDIstandings.pdf,5,24.74576271186441
2021-22,Seton Hall,Big East,224,53.5,DI,0.0,25.0,28.5,https://dxbhsrqyrr690.cloudfront.net/sidearm.nextgen.sites/nacda.com/documents/2022/6/30/FinalDIstandings.pdf,5,24.40677966101695
2021-22,Eastern Washington,Big Sky,225,53.0,FCS,53.0,0.0,0.0,https://dxbhsrqyrr690.cloudfront.net/sidearm.nextgen.sites/nacda.com/documents/2022/6/30/FinalDIstandings.pdf,5,23.728813559322035
2021-22,Holy Cross,Patriot,225,53.0,FCS,53.0,0.0,0.0,https://dxbhsrqyrr690.cloudfront.net/sidearm.nextgen.sites/nacda.com/documents/2022/6/30/FinalDIstandings.pdf,5,23.728813559322035
2021-22,Sacramento State,Big Sky,225,53.0,FCS,53.0,0.0,0.0,https://dxbhsrqyrr690.cloudfront.net/sidearm.nextgen.sites/nacda.com/documents/2022/6/30/FinalDIstandings.pdf,5,23.728813559322035
2021-22,UC San Diego,Big West,228,51.0,DI,0.0,51.0,0.0,https://dxbhsrqyrr690.cloudfront.net/sidearm.nextgen.sites/nacda.com/documents/2022/6/30/FinalDIstandings.pdf,5,23.050847457627118
2021-22,Akron,MAC,229,50.0,FBS,25.0,25.0,0.0,https://dxbhsrqyrr690.cloudfront.net/sidearm.nextgen.sites/nacda.com/documents/2022/6/30/FinalDIstandings.pdf,5,20.0
2021-22,Belmont,OVC,229,50.0,DI,0.0,50.0,0.0,https://dxbhsrqyrr690.cloudfront.net/sidearm.nextgen.sites/nacda.com/documents/2022/6/30/FinalDIstandings.pdf,5,20.0
2021-22,Canisius,MAAC,229,50.0,DI,0.0,0.0,50.0,https://dxbhsrqyrr690.cloudfront.net/sidearm.nextgen.sites/nacda.com/documents/2022/6/30/FinalDIstandings.pdf,5,20.0
2021-22,Florida A&M,SWAC,229,50.0,FCS,50.0,0.0,0.0,https://dxbhsrqyrr690.cloudfront.net/sidearm.nextgen.sites/nacda.com/documents/2022/6/30/FinalDIstandings.pdf,5,20.0
2021-22,Fordham,Atlantic 10,229,50.0,FCS,25.0,0.0,25.0,https://dxbhsrqyrr690.cloudfront.net/sidearm.nextgen.sites/nacda.com/documents/2022/6/30/FinalDIstandings.pdf,5,20.0
2021-22,Jackson State,SWAC,229,50.0,FCS,0.0,25.0,25.0,https://dxbhsrqyrr690.cloudfront.net/sidearm.nextgen.sites/nacda.com/documents/2022/6/30/FinalDIstandings.pdf,5,20.0
2021-22,Longwood,Big South,229,50.0,DI,0.0,50.0,0.0,https://dxbhsrqyrr690.cloudfront.net/sidearm.nextgen.sites/nacda.com/documents/2022/6/30/FinalDIstandings.pdf,5,20.0
2021-22,Loyola Chicago,Missouri Valley,229,50.0,DI,25.0,25.0,0.0,https://dxbhsrqyrr690.cloudfront.net/sidearm.nextgen.sites/nacda.com/documents/2022/6/30/FinalDIstandings.pdf,5,20.0
2021-22,Marquette,Big East,229,50.0,DI,25.0,25.0,0.0,https://dxbhsrqyrr690.cloudfront.net/sidearm.nextgen.sites/nacda.com/documents/2022/6/30/FinalDIstandings.pdf,5,20.0
2021-22,McNeese State,Southland,229,50.0,FCS,0.0,0.0,50.0,https://dxbhsrqyrr690.cloudfront.net/sidearm.nextgen.sites/nacda.com/documents/2022/6/30/FinalDIstandings.pdf,5,20.0
2021-22,Monmouth,MAAC,229,50.0,FCS,25.0,0.0,25.0,https://dxbhsrqyrr690.cloudfront.net/sidearm.nextgen.sites/nacda.com/documents/2022/6/30/FinalDIstandings.pdf,5,20.0
2021-22,North Carolina Wilmington,CAA,229,50.0,DI,0.0,0.0,50.0,https://dxbhsrqyrr690.cloudfront.net/sidearm.nextgen.sites/nacda.com/documents/2022/6/30/FinalDIstandings.pdf,5,20.0
2021-22,Saint Mary's (CA),WCC,229,50.0,DI,0.0,50.0,0.0,https://dxbhsrqyrr690.cloudfront.net/sidearm.nextgen.sites/nacda.com/documents/2022/6/30/FinalDIstandings.pdf,5,20.0
2021-22,South Carolina State,MEAC,229,50.0,FCS,0.0,0.0,50.0,https://dxbhsrqyrr690.cloudfront.net/sidearm.nextgen.sites/nacda.com/documents/2022/6/30/FinalDIstandings.pdf,5,20.0
2021-22,Stetson,ASUN,229,50.0,FCS,0.0,0.0,50.0,https://dxbhsrqyrr690.cloudfront.net/sidearm.nextgen.sites/nacda.com/documents/2022/6/30/FinalDIstandings.pdf,5,20.0
2021-22,UMBC,America East,229,50.0,DI,25.0,0.0,25.0,https://dxbhsrqyrr690.cloudfront.net/sidearm.nextgen.sites/nacda.com/documents/2022/6/30/FinalDIstandings.pdf,5,20.0
2021-22,Wisconsin Milwaukee,Horizon League,229,50.0,DI,50.0,0.0,0.0,https://dxbhsrqyrr690.cloudfront.net/sidearm.nextgen.sites/nacda.com/documents/2022/6/30/FinalDIstandings.pdf,5,20.0
2021-22,Bucknell,Patriot,246,49.5,FCS,25.0,24.5,0.0,https://dxbhsrqyrr690.cloudfront.net/sidearm.nextgen.sites/nacda.com/documents/2022/6/30/FinalDIstandings.pdf,5,16.94915254237288
2021-22,Eastern Michigan,MAC,247,47.5,FBS,25.0,22.5,0.0,https://dxbhsrqyrr690.cloudfront.net/sidearm.nextgen.sites/nacda.com/documents/2022/6/30/FinalDIstandings.pdf,5,16.610169491525422
2021-22,Utah Valley,WAC,248,46.5,DI,25.0,21.5,0.0,https://dxbhsrqyrr690.cloudfront.net/sidearm.nextgen.sites/nacda.com/documents/2022/6/30/FinalDIstandings.pdf,5,16.271186440677965
2021-22,Rider,MAAC,249,44.0,DI,0.0,39.0,5.0,https://dxbhsrqyrr690.cloudfront.net/sidearm.nextgen.sites/nacda.com/documents/2022/6/30/FinalDIstandings.pdf,5,15.932203389830507
2021-22,Tennessee State,OVC,250,43.0,FCS,0.0,43.0,0.0,https://dxbhsrqyrr690.cloudfront.net/sidearm.nextgen.sites/nacda.com/documents/2022/6/30/FinalDIstandings.pdf,5,15.593220338983052
2021-22,Eastern Kentucky,ASUN,251,41.5,FCS,0.0,0.0,41.5,https://dxbhsrqyrr690.cloudfront.net/sidearm.nextgen.sites/nacda.com/documents/2022/6/30/FinalDIstandings.pdf,5,15.254237288135593
2021-22,Arkansas Little Rock,Sun Belt,252,39.5,DI,0.0,0.0,39.5,https://dxbhsrqyrr690.cloudfront.net/sidearm.nextgen.sites/nacda.com/documents/2022/6/30/FinalDIstandings.pdf,5,14.915254237288137
2021-22,UNLV,Mountain West,253,35.5,FBS,0.0,25.0,10.5,https://dxbhsrqyrr690.cloudfront.net/sidearm.nextgen.sites/nacda.com/documents/2022/6/30/FinalDIstandings.pdf,5,14.576271186440678
2021-22,Temple,American,254,34.0,FBS,0.0,34.0,0.0,https://dxbhsrqyrr690.cloudfront.net/sidearm.nextgen.sites/nacda.com/documents/2022/6/30/FinalDIstandings.pdf,5,14.237288135593221
2021-22,UTEP,Conference USA,255,33.5,FBS,25.0,0.0,8.5,https://dxbhsrqyrr690.cloudfront.net/sidearm.nextgen.sites/nacda.com/documents/2022/6/30/FinalDIstandings.pdf,5,13.898305084745763
2021-22,NJIT,America East,256,32.0,DI,0.0,32.0,0.0,https://dxbhsrqyrr690.cloudfront.net/sidearm.nextgen.sites/nacda.com/documents/2022/6/30/FinalDIstandings.pdf,5,13.389830508474576
2021-22,Rhode Island,Atlantic 10,256,32.0,FCS,0.0,0.0,32.0,https://dxbhsrqyrr690.cloudfront.net/sidearm.nextgen.sites/nacda.com/documents/2022/6/30/FinalDIstandings.pdf,5,13.389830508474576
2021-22,Bryant,Northeast,258,30.0,FCS,0.0,5.0,25.0,https://dxbhsrqyrr690.cloudfront.net/sidearm.nextgen.sites/nacda.com/documents/2022/6/30/FinalDIstandings.pdf,5,12.033898305084746
2021-22,Charleston Southern,Big South,258,30.0,FCS,0.0,0.0,30.0,https://dxbhsrqyrr690.cloudfront.net/sidearm.nextgen.sites/nacda.com/documents/2022/6/30/FinalDIstandings.pdf,5,12.033898305084746
2021-22,DePaul,Big East,258,30.0,DI,0.0,5.0,25.0,https://dxbhsrqyrr690.cloudfront.net/sidearm.nextgen.sites/nacda.com/documents/2022/6/30/FinalDIstandings.pdf,5,12.033898305084746
2021-22,Texas Southern,SWAC,258,30.0,FCS,0.0,25.0,5.0,https://dxbhsrqyrr690.cloudfront.net/sidearm.nextgen.sites/nacda.com/documents/2022/6/30/FinalDIstandings.pdf,5,12.033898305084746
2021-22,Weber State,Big Sky,258,30.0,FCS,0.0,0.0,30.0,https://dxbhsrqyrr690.cloudfront.net/sidearm.nextgen.sites/nacda.com/documents/2022/6/30/FinalDIstandings.pdf,5,12.033898305084746
2021-22,Wisconsin Green Bay,Horizon League,258,30.0,DI,0.0,30.0,0.0,https://dxbhsrqyrr690.cloudfront.net/sidearm.nextgen.sites/nacda.com/documents/2022/6/30/FinalDIstandings.pdf,5,12.033898305084746
2021-22,Iona,MAAC,264,29.0,DI,29.0,0.0,0.0,https://dxbhsrqyrr690.cloudfront.net/sidearm.nextgen.sites/nacda.com/documents/2022/6/30/FinalDIstandings.pdf,5,10.677966101694915
2021-22,Lamar,WAC,264,29.0,FCS,29.0,0.0,0.0,https://dxbhsrqyrr690.cloudfront.net/sidearm.nextgen.sites/nacda.com/documents/2022/6/30/FinalDIstandings.pdf,5,10.677966101694915
2021-22,Albany,America East,266,25.0,FCS,0.0,25.0,0.0,https://dxbhsrqyrr690.cloudfront.net/sidearm.nextgen.sites/nacda.com/documents/2022/6/30/FinalDIstandings.pdf,5,5.932203389830509
2021-22,Buffalo,MAC,266,25.0,FBS,0.0,25.0,0.0,https://dxbhsrqyrr690.cloudfront.net/sidearm.nextgen.sites/nacda.com/documents/2022/6/30/FinalDIstandings.pdf,5,5.932203389830509
2021-22,Central Connecticut State,Northeast,266,25.0,FCS,25.0,0.0,0.0,https://dxbhsrqyrr690.cloudfront.net/sidearm.nextgen.sites/nacda.com/documents/2022/6/30/FinalDIstandings.pdf,5,5.932203389830509
2021-22,Coppin State,MEAC,266,25.0,DI,0.0,0.0,25.0,https://dxbhsrqyrr690.cloudfront.net/sidearm.nextgen.sites/nacda.com/documents/2022/6/30/FinalDIstandings.pdf,5,5.932203389830509
2021-22,Idaho,Big Sky,266,25.0,FBS,0.0,0.0,25.0,https://dxbhsrqyrr690.cloudfront.net/sidearm.nextgen.sites/nacda.com/documents/2022/6/30/FinalDIstandings.pdf,5,5.932203389830509
2021-22,Illinois Chicago,Horizon League,266,25.0,DI,25.0,0.0,0.0,https://dxbhsrqyrr690.cloudfront.net/sidearm.nextgen.sites/nacda.com/documents/2022/6/30/FinalDIstandings.pdf,6,5.932203389830509
2021-22,IUPUI,Horizon League,266,25.0,DI,0.0,25.0,0.0,https://dxbhsrqyrr690.cloudfront.net/sidearm.nextgen.sites/nacda.com/documents/2022/6/30/FinalDIstandings.pdf,6,5.932203389830509
2021-22,Jacksonville State,ASUN,266,25.0,FCS,0.0,25.0,0.0,https://dxbhsrqyrr690.cloudfront.net/sidearm.nextgen.sites/nacda.com/documents/2022/6/30/FinalDIstandings.pdf,6,5.932203389830509
2021-22,Maine,America East,266,25.0,FCS,25.0,0.0,0.0,https://dxbhsrqyrr690.cloudfront.net/sidearm.nextgen.sites/nacda.com/documents/2022/6/30/FinalDIstandings.pdf,6,5.932203389830509
2021-22,Manhattan,MAAC,266,25.0,DI,0.0,0.0,25.0,https://dxbhsrqyrr690.cloudfront.net/sidearm.nextgen.sites/nacda.com/documents/2022/6/30/FinalDIstandings.pdf,6,5.932203389830509
2021-22,Marist,MAAC,266,25.0,FCS,25.0,0.0,0.0,https://dxbhsrqyrr690.cloudfront.net/sidearm.nextgen.sites/nacda.com/documents/2022/6/30/FinalDIstandings.pdf,6,5.932203389830509
2021-22,Massachusetts Lowell,America East,266,25.0,DI,0.0,25.0,0.0,https://dxbhsrqyrr690.cloudfront.net/sidearm.nextgen.sites/nacda.com/documents/2022/6/30/FinalDIstandings.pdf,6,5.932203389830509
2021-22,New Orleans,Southland,266,25.0,DI,0.0,0.0,25.0,https://dxbhsrqyrr690.cloudfront.net/sidearm.nextgen.sites/nacda.com/documents/2022/6/30/FinalDIstandings.pdf,6,5.932203389830509
2021-22,Norfolk State,MEAC,266,25.0,FCS,0.0,25.0,0.0,https://dxbhsrqyrr690.cloudfront.net/sidearm.nextgen.sites/nacda.com/documents/2022/6/30/FinalDIstandings.pdf,6,5.932203389830509
2021-22,North Carolina Greensboro,SoCon,266,25.0,DI,0.0,0.0,25.0,https://dxbhsrqyrr690.cloudfront.net/sidearm.nextgen.sites/nacda.com/documents/2022/6/30/FinalDIstandings.pdf,6,5.932203389830509
2021-22,North Dakota,Summit,266,25.0,FCS,0.0,25.0,0.0,https://dxbhsrqyrr690.cloudfront.net/sidearm.nextgen.sites/nacda.com/documents/2022/6/30/FinalDIstandings.pdf,6,5.932203389830509
2021-22,Northwestern State,Southland,266,25.0,FCS,25.0,0.0,0.0,https://dxbhsrqyrr690.cloudfront.net/sidearm.nextgen.sites/nacda.com/documents/2022/6/30/FinalDIstandings.pdf,6,5.932203389830509
2021-22,Oral Roberts,Summit,266,25.0,DI,0.0,0.0,25.0,https://dxbhsrqyrr690.cloudfront.net/sidearm.nextgen.sites/nacda.com/documents/2022/6/30/FinalDIstandings.pdf,6,5.932203389830509
2021-22,Radford,Big South,266,25.0,DI,0.0,0.0,25.0,https://dxbhsrqyrr690.cloudfront.net/sidearm.nextgen.sites/nacda.com/documents/2022/6/30/FinalDIstandings.pdf,6,5.932203389830509
2021-22,Robert Morris,Horizon League,266,25.0,FCS,0.0,0.0,25.0,https://dxbhsrqyrr690.cloudfront.net/sidearm.nextgen.sites/nacda.com/documents/2022/6/30/FinalDIstandings.pdf,6,5.932203389830509
2021-22,Saint Francis (PA),Northeast,266,25.0,FCS,0.0,0.0,25.0,https://dxbhsrqyrr690.cloudfront.net/sidearm.nextgen.sites/nacda.com/documents/2022/6/30/FinalDIstandings.pdf,6,5.932203389830509
2021-22,Seattle,WAC,266,25.0,DI,25.0,0.0,0.0,https://dxbhsrqyrr690.cloudfront.net/sidearm.nextgen.sites/nacda.com/documents/2022/6/30/FinalDIstandings.pdf,6,5.932203389830509
2021-22,SIU Edwardsville,OVC,266,25.0,DI,25.0,0.0,0.0,https://dxbhsrqyrr690.cloudfront.net/sidearm.nextgen.sites/nacda.com/documents/2022/6/30/FinalDIstandings.pdf,6,5.932203389830509
2021-22,Tennessee Tech,OVC,266,25.0,FCS,0.0,0.0,25.0,https://dxbhsrqyrr690.cloudfront.net/sidearm.nextgen.sites/nacda.com/documents/2022/6/30/FinalDIstandings.pdf,6,5.932203389830509
2021-22,Toledo,MAC,266,25.0,FBS,25.0,0.0,0.0,https://dxbhsrqyrr690.cloudfront.net/sidearm.nextgen.sites/nacda.com/documents/2022/6/30/FinalDIstandings.pdf,6,5.932203389830509
2021-22,William & Mary,CAA,266,25.0,FCS,0.0,0.0,25.0,https://dxbhsrqyrr690.cloudfront.net/sidearm.nextgen.sites/nacda.com/documents/2022/6/30/FinalDIstandings.pdf,6,5.932203389830509
2021-22,Tulane,American,292,22.5,FBS,0.0,0.0,22.5,https://dxbhsrqyrr690.cloudfront.net/sidearm.nextgen.sites/nacda.com/documents/2022/6/30/FinalDIstandings.pdf,6,1.3559322033898304
2021-22,Cal State Bakersfield,Big West,293,16.0,DI,0.0,16.0,0.0,https://dxbhsrqyrr690.cloudfront.net/sidearm.nextgen.sites/nacda.com/documents/2022/6/30/FinalDIstandings.pdf,6,0.847457627118644
2021-22,Cleveland State,Horizon League,293,16.0,DI,0.0,16.0,0.0,https://dxbhsrqyrr690.cloudfront.net/sidearm.nextgen.sites/nacda.com/documents/2022/6/30/FinalDIstandings.pdf,6,0.847457627118644
2021-22,Austin Peay State,OVC,295,5.0,FCS,0.0,0.0,5.0,https://dxbhsrqyrr690.cloudfront.net/sidearm.nextgen.sites/nacda.com/documents/2022/6/30/FinalDIstandings.pdf,6,0.3389830508474576
2022-23,Stanford,Pac-12,1,1412.0,FBS,217.0,385.5,809.5,https://dxbhsrqyrr690.cloudfront.net/sidearm.nextgen.sites/nacda.com/documents/2023/6/27/Final22.23Standings.pdf,1,100.0
2022-23,Texas,Big 12,2,1370.5,FBS,255.0,460.75,654.75,https://dxbhsrqyrr690.cloudfront.net/sidearm.nextgen.sites/nacda.com/documents/2023/6/27/Final22.23Standings.pdf,1,99.672131147541
2022-23,Ohio State,Big Ten,3,1170.75,FBS,263.0,639.75,268.0,https://dxbhsrqyrr690.cloudfront.net/sidearm.nextgen.sites/nacda.com/documents/2023/6/27/Final22.23Standings.pdf,1,99.34426229508196
2022-23,Virginia,ACC,4,1105.5,FBS,297.0,185.0,623.5,https://dxbhsrqyrr690.cloudfront.net/sidearm.nextgen.sites/nacda.com/documents/2023/6/27/Final22.23Standings.pdf,1,99.01639344262296
2022-23,Florida,SEC,5,1091.5,FBS,89.0,402.5,600.0,https://dxbhsrqyrr690.cloudfront.net/sidearm.nextgen.sites/nacda.com/documents/2023/6/27/Final22.23Standings.pdf,1,98.68852459016394
2022-23,Tennessee,SEC,6,1078.75,FBS,203.5,407.0,468.25,https://dxbhsrqyrr690.cloudfront.net/sidearm.nextgen.sites/nacda.com/documents/2023/6/27/Final22.23Standings.pdf,1,98.36065573770492
2022-23,Georgia,SEC,7,1072.5,FBS,200.0,391.5,481.0,https://dxbhsrqyrr690.cloudfront.net/sidearm.nextgen.sites/nacda.com/documents/2023/6/27/Final22.23Standings.pdf,1,98.0327868852459
2022-23,North Carolina,ACC,8,1068.0,FBS,332.5,341.0,394.5,https://dxbhsrqyrr690.cloudfront.net/sidearm.nextgen.sites/nacda.com/documents/2023/6/27/Final22.23Standings.pdf,1,97.70491803278688
2022-23,LSU,SEC,9,1062.25,FBS,186.0,366.0,510.25,https://dxbhsrqyrr690.cloudfront.net/sidearm.nextgen.sites/nacda.com/documents/2023/6/27/Final22.23Standings.pdf,1,97.37704918032787
2022-23,USC,Pac-12,10,1048.0,FBS,228.0,278.5,541.5,https://dxbhsrqyrr690.cloudfront.net/sidearm.nextgen.sites/nacda.com/documents/2023/6/27/Final22.23Standings.pdf,1,97.04918032786885
2022-23,Michigan,Big Ten,11,1045.75,FBS,190.0,468.25,387.5,https://dxbhsrqyrr690.cloudfront.net/sidearm.nextgen.sites/nacda.com/documents/2023/6/27/Final22.23Standings.pdf,1,96.72131147540983
2022-23,Alabama,SEC,12,1037.75,FBS,290.0,405.0,342.75,https://dxbhsrqyrr690.cloudfront.net/sidearm.nextgen.sites/nacda.com/documents/2023/6/27/Final22.23Standings.pdf,1,96.39344262295081
2022-23,Arkansas,SEC,13,1031.5,FBS,272.0,363.0,396.5,https://dxbhsrqyrr690.cloudfront.net/sidearm.nextgen.sites/nacda.com/documents/2023/6/27/Final22.23Standings.pdf,1,96.06557377049181
2022-23,UCLA,Pac-12,14,1000.25,FBS,272.0,279.25,449.0,https://dxbhsrqyrr690.cloudfront.net/sidearm.nextgen.sites/nacda.com/documents/2023/6/27/Final22.23Standings.pdf,1,95.73770491803279
2022-23,Penn State,Big Ten,15,986.0,FBS,309.0,468.0,209.0,https://dxbhsrqyrr690.cloudfront.net/sidearm.nextgen.sites/nacda.com/documents/2023/6/27/Final22.23Standings.pdf,1,95.40983606557377
2022-23,Duke,ACC,16,977.8,FBS,218.0,243.8,516.0,https://dxbhsrqyrr690.cloudfront.net/sidearm.nextgen.sites/nacda.com/documents/2023/6/27/Final22.23Standings.pdf,1,95.08196721311475
2022-23,Florida State,ACC,17,909.25,FBS,258.5,128.5,522.25,https://dxbhsrqyrr690.cloudfront.net/sidearm.nextgen.sites/nacda.com/documents/2023/6/27/Final22.23Standings.pdf,1,94.75409836065573
2022-23,Kentucky,SEC,18,899.75,FBS,153.0,420.25,326.5,https://dxbhsrqyrr690.cloudfront.net/sidearm.nextgen.sites/nacda.com/documents/2023/6/27/Final22.23Standings.pdf,1,94.42622950819673
2022-23,North Carolina State,ACC,19,893.0,FBS,216.0,426.5,250.5,https://dxbhsrqyrr690.cloudfront.net/sidearm.nextgen.sites/nacda.com/documents/2023/6/27/Final22.23Standings.pdf,1,94.09836065573771
2022-23,Notre Dame,ACC,20,884.0,FBS,261.0,290.5,332.5,https://dxbhsrqyrr690.cloudfront.net/sidearm.nextgen.sites/nacda.com/documents/2023/6/27/Final22.23Standings.pdf,1,93.77049180327869
2022-23,Washington,Pac-12,21,861.75,FBS,264.0,189.25,408.5,https://dxbhsrqyrr690.cloudfront.net/sidearm.nextgen.sites/nacda.com/documents/2023/6/27/Final22.23Standings.pdf,1,93.44262295081968
2022-23,California,Pac-12,22,833.25,FBS,125.0,272.75,435.5,https://dxbhsrqyrr690.cloudfront.net/sidearm.nextgen.sites/nacda.com/documents/2023/6/27/Final22.23Standings.pdf,1,93.11475409836065
2022-23,Oklahoma,Big 12,23,813.75,FBS,25.0,365.5,423.25,https://dxbhsrqyrr690.cloudfront.net/sidearm.nextgen.sites/nacda.com/documents/2023/6/27/Final22.23Standings.pdf,1,92.78688524590164
2022-23,Texas A&M,SEC,24,808.75,FBS,78.0,236.25,494.5,https://dxbhsrqyrr690.cloudfront.net/sidearm.nextgen.sites/nacda.com/documents/2023/6/27/Final22.23Standings.pdf,1,92.45901639344262
2022-23,Oklahoma State,Big 12,25,800.0,FBS,195.0,205.25,399.75,https://dxbhsrqyrr690.cloudfront.net/sidearm.nextgen.sites/nacda.com/documents/2023/6/27/Final22.23Standings.pdf,1,92.1311475409836
2022-23,Princeton,Ivy League,26,799.0,FCS,148.0,361.0,290.0,https://dxbhsrqyrr690.cloudfront.net/sidearm.nextgen.sites/nacda.com/documents/2023/6/27/Final22.23Standings.pdf,1,91.80327868852459
2022-23,Wisconsin,Big Ten,27,754.25,FBS,246.5,378.25,129.5,https://dxbhsrqyrr690.cloudfront.net/sidearm.nextgen.sites/nacda.com/documents/2023/6/27/Final22.23Standings.pdf,1,91.47540983606557
2022-23,Utah,Pac-12,28,741.0,FBS,130.5,375.0,235.5,https://dxbhsrqyrr690.cloudfront.net/sidearm.nextgen.sites/nacda.com/documents/2023/6/27/Final22.23Standings.pdf,1,91.14754098360656
2022-23,Nebraska,Big Ten,29,734.25,FBS,64.0,470.75,199.5,https://dxbhsrqyrr690.cloudfront.net/sidearm.nextgen.sites/nacda.com/documents/2023/6/27/Final22.23Standings.pdf,1,90.81967213114754
2022-23,Northwestern,Big Ten,30,704.5,FBS,198.0,198.5,308.0,https://dxbhsrqyrr690.cloudfront.net/sidearm.nextgen.sites/nacda.com/documents/2023/6/27/Final22.23Standings.pdf,1,90.49180327868852
2022-23,Minnesota,Big Ten,31,678.5,FBS,135.0,452.0,91.5,https://dxbhsrqyrr690.cloudfront.net/sidearm.nextgen.sites/nacda.com/documents/2023/6/27/Final22.23Standings.pdf,1,90.1639344262295
2022-23,Louisville,ACC,32,672.8,FBS,213.0,295.8,164.0,https://dxbhsrqyrr690.cloudfront.net/sidearm.nextgen.sites/nacda.com/documents/2023/6/27/Final22.23Standings.pdf,1,89.8360655737705
2022-23,South Carolina,SEC,33,671.05,FBS,115.0,242.3,313.75,https://dxbhsrqyrr690.cloudfront.net/sidearm.nextgen.sites/nacda.com/documents/2023/6/27/Final22.23Standings.pdf,1,89.50819672131148
2022-23,TCU,Big 12,34,669.0,FBS,204.0,140.0,325.0,https://dxbhsrqyrr690.cloudfront.net/sidearm.nextgen.sites/nacda.com/documents/2023/6/27/Final22.23Standings.pdf,1,89.18032786885246
2022-23,Arizona State,Pac-12,35,659.0,FBS,25.0,348.75,285.25,https://dxbhsrqyrr690.cloudfront.net/sidearm.nextgen.sites/nacda.com/documents/2023/6/27/Final22.23Standings.pdf,1,88.85245901639345
2022-23,Auburn,SEC,36,657.5,FBS,77.0,253.5,327.0,https://dxbhsrqyrr690.cloudfront.net/sidearm.nextgen.sites/nacda.com/documents/2023/6/27/Final22.23Standings.pdf,1,88.52459016393442
2022-23,BYU,WCC,37,637.75,FBS,314.5,149.25,174.0,https://dxbhsrqyrr690.cloudfront.net/sidearm.nextgen.sites/nacda.com/documents/2023/6/27/Final22.23Standings.pdf,1,88.19672131147541
2022-23,Oregon,Pac-12,38,620.25,FBS,251.5,89.25,279.5,https://dxbhsrqyrr690.cloudfront.net/sidearm.nextgen.sites/nacda.com/documents/2023/6/27/Final22.23Standings.pdf,1,87.8688524590164
2022-23,Ole Miss,SEC,39,593.75,FBS,101.0,275.25,217.5,https://dxbhsrqyrr690.cloudfront.net/sidearm.nextgen.sites/nacda.com/documents/2023/6/27/Final22.23Standings.pdf,1,87.54098360655738
2022-23,Indiana,Big Ten,40,581.5,FBS,90.0,317.5,174.0,https://dxbhsrqyrr690.cloudfront.net/sidearm.nextgen.sites/nacda.com/documents/2023/6/27/Final22.23Standings.pdf,1,87.21311475409837
2022-23,Harvard,Ivy League,41,578.75,FCS,133.0,222.5,223.25,https://dxbhsrqyrr690.cloudfront.net/sidearm.nextgen.sites/nacda.com/documents/2023/6/27/Final22.23Standings.pdf,1,86.88524590163934
2022-23,Wake Forest,ACC,42,569.0,FBS,223.0,0.0,346.0,https://dxbhsrqyrr690.cloudfront.net/sidearm.nextgen.sites/nacda.com/documents/2023/6/27/Final22.23Standings.pdf,1,86.55737704918033
2022-23,Arizona,Pac-12,43,565.05,FBS,0.0,295.3,269.75,https://dxbhsrqyrr690.cloudfront.net/sidearm.nextgen.sites/nacda.com/documents/2023/6/27/Final22.23Standings.pdf,1,86.22950819672131
2022-23,Maryland,Big Ten,44,561.5,FBS,178.0,206.0,177.5,https://dxbhsrqyrr690.cloudfront.net/sidearm.nextgen.sites/nacda.com/documents/2023/6/27/Final22.23Standings.pdf,1,85.90163934426229
2022-23,Syracuse,ACC,45,559.5,FBS,310.5,66.0,183.0,https://dxbhsrqyrr690.cloudfront.net/sidearm.nextgen.sites/nacda.com/documents/2023/6/27/Final22.23Standings.pdf,1,85.57377049180329
2022-23,Baylor,Big 12,46,543.0,FBS,89.0,157.0,297.0,https://dxbhsrqyrr690.cloudfront.net/sidearm.nextgen.sites/nacda.com/documents/2023/6/27/Final22.23Standings.pdf,1,85.24590163934425
2022-23,Texas Tech,Big 12,47,501.0,FBS,45.0,123.5,332.5,https://dxbhsrqyrr690.cloudfront.net/sidearm.nextgen.sites/nacda.com/documents/2023/6/27/Final22.23Standings.pdf,1,84.91803278688525
2022-23,Iowa,Big Ten,48,487.0,FBS,115.0,288.0,84.0,https://dxbhsrqyrr690.cloudfront.net/sidearm.nextgen.sites/nacda.com/documents/2023/6/27/Final22.23Standings.pdf,1,84.59016393442623
2022-23,Miami (FL),ACC,49,480.0,FBS,25.0,293.5,161.5,https://dxbhsrqyrr690.cloudfront.net/sidearm.nextgen.sites/nacda.com/documents/2023/6/27/Final22.23Standings.pdf,1,84.26229508196721
2022-23,Missouri,SEC,50,477.5,FBS,25.0,302.5,150.0,https://dxbhsrqyrr690.cloudfront.net/sidearm.nextgen.sites/nacda.com/documents/2023/6/27/Final22.23Standings.pdf,1,83.93442622950819
2022-23,Clemson,ACC,51,475.5,FBS,139.5,98.5,237.5,https://dxbhsrqyrr690.cloudfront.net/sidearm.nextgen.sites/nacda.com/documents/2023/6/27/Final22.23Standings.pdf,1,83.60655737704919
2022-23,Pittsburgh,ACC,52,469.0,FBS,309.0,160.0,0.0,https://dxbhsrqyrr690.cloudfront.net/sidearm.nextgen.sites/nacda.com/documents/2023/6/27/Final22.23Standings.pdf,1,83.27868852459017
2022-23,Michigan State,Big Ten,53,447.75,FBS,131.0,203.75,113.0,https://dxbhsrqyrr690.cloudfront.net/sidearm.nextgen.sites/nacda.com/documents/2023/6/27/Final22.23Standings.pdf,1,82.95081967213115
2022-23,Illinois,Big Ten,54,443.35,FBS,25.0,278.5,139.85,https://dxbhsrqyrr690.cloudfront.net/sidearm.nextgen.sites/nacda.com/documents/2023/6/27/Final22.23Standings.pdf,1,82.62295081967214
2022-23,Virginia Tech,ACC,55,443.0,FBS,25.0,320.5,97.5,https://dxbhsrqyrr690.cloudfront.net/sidearm.nextgen.sites/nacda.com/documents/2023/6/27/Final22.23Standings.pdf,1,82.29508196721311
2022-23,Vanderbilt,SEC,56,437.25,FBS,50.0,134.0,253.25,https://dxbhsrqyrr690.cloudfront.net/sidearm.nextgen.sites/nacda.com/documents/2023/6/27/Final22.23Standings.pdf,1,81.9672131147541
2022-23,Mississippi State,SEC,57,430.0,FBS,105.0,109.0,216.0,https://dxbhsrqyrr690.cloudfront.net/sidearm.nextgen.sites/nacda.com/documents/2023/6/27/Final22.23Standings.pdf,1,81.63934426229508
2022-23,Oregon State,Pac-12,58,414.25,FBS,157.0,105.75,151.5,https://dxbhsrqyrr690.cloudfront.net/sidearm.nextgen.sites/nacda.com/documents/2023/6/27/Final22.23Standings.pdf,1,81.31147540983606
2022-23,West Virginia,Big 12,59,411.0,FBS,97.0,242.0,72.0,https://dxbhsrqyrr690.cloudfront.net/sidearm.nextgen.sites/nacda.com/documents/2023/6/27/Final22.23Standings.pdf,1,80.98360655737706
2022-23,Pennsylvania,Ivy League,60,409.6,FCS,76.0,150.0,183.6,https://dxbhsrqyrr690.cloudfront.net/sidearm.nextgen.sites/nacda.com/documents/2023/6/27/Final22.23Standings.pdf,1,80.65573770491802
2022-23,Colorado,Pac-12,61,377.0,FBS,161.5,154.0,61.5,https://dxbhsrqyrr690.cloudfront.net/sidearm.nextgen.sites/nacda.com/documents/2023/6/27/Final22.23Standings.pdf,1,80.32786885245902
2022-23,Iowa State,Big 12,62,375.5,FBS,103.0,116.0,156.5,https://dxbhsrqyrr690.cloudfront.net/sidearm.nextgen.sites/nacda.com/documents/2023/6/27/Final22.23Standings.pdf,1,80.0
2022-23,Denver,Summit,63,373.25,DI,50.0,181.25,142.0,https://dxbhsrqyrr690.cloudfront.net/sidearm.nextgen.sites/nacda.com/documents/2023/6/27/Final22.23Standings.pdf,1,79.67213114754098
2022-23,Cornell,Ivy League,64,363.0,FCS,91.0,169.0,103.0,https://dxbhsrqyrr690.cloudfront.net/sidearm.nextgen.sites/nacda.com/documents/2023/6/27/Final22.23Standings.pdf,1,79.34426229508198
2022-23,Kansas,Big 12,65,353.0,FBS,75.0,154.5,123.5,https://dxbhsrqyrr690.cloudfront.net/sidearm.nextgen.sites/nacda.com/documents/2023/6/27/Final22.23Standings.pdf,1,79.01639344262294
2022-23,Air Force,Mountain West,66,350.0,FBS,117.0,233.0,0.0,https://dxbhsrqyrr690.cloudfront.net/sidearm.nextgen.sites/nacda.com/documents/2023/6/27/Final22.23Standings.pdf,1,78.68852459016394
2022-23,Georgetown,Big East,67,327.5,FCS,210.5,38.5,78.5,https://dxbhsrqyrr690.cloudfront.net/sidearm.nextgen.sites/nacda.com/documents/2023/6/27/Final22.23Standings.pdf,2,78.36065573770492
2022-23,Houston,American,68,304.75,FBS,109.0,96.0,99.75,https://dxbhsrqyrr690.cloudfront.net/sidearm.nextgen.sites/nacda.com/documents/2023/6/27/Final22.23Standings.pdf,2,78.0327868852459
2022-23,Northern Arizona,Big Sky,69,302.75,FCS,198.5,87.25,17.0,https://dxbhsrqyrr690.cloudfront.net/sidearm.nextgen.sites/nacda.com/documents/2023/6/27/Final22.23Standings.pdf,2,77.70491803278688
2022-23,Hawaii,Big West,70,289.5,FBS,25.0,68.0,196.5,https://dxbhsrqyrr690.cloudfront.net/sidearm.nextgen.sites/nacda.com/documents/2023/6/27/Final22.23Standings.pdf,2,77.37704918032787
2022-23,Pepperdine,WCC,71,284.5,DI,25.0,0.0,259.5,https://dxbhsrqyrr690.cloudfront.net/sidearm.nextgen.sites/nacda.com/documents/2023/6/27/Final22.23Standings.pdf,2,77.04918032786885
2022-23,Purdue,Big Ten,72,284.0,FBS,75.0,163.5,45.5,https://dxbhsrqyrr690.cloudfront.net/sidearm.nextgen.sites/nacda.com/documents/2023/6/27/Final22.23Standings.pdf,2,76.72131147540983
2022-23,SMU,American,73,279.25,FBS,101.0,0.0,178.25,https://dxbhsrqyrr690.cloudfront.net/sidearm.nextgen.sites/nacda.com/documents/2023/6/27/Final22.23Standings.pdf,2,76.39344262295083
2022-23,New Mexico,Mountain West,74,275.55,FBS,90.0,27.8,157.75,https://dxbhsrqyrr690.cloudfront.net/sidearm.nextgen.sites/nacda.com/documents/2023/6/27/Final22.23Standings.pdf,2,76.0655737704918
2022-23,Yale,Ivy League,75,273.0,FCS,25.0,120.0,128.0,https://dxbhsrqyrr690.cloudfront.net/sidearm.nextgen.sites/nacda.com/documents/2023/6/27/Final22.23Standings.pdf,2,75.73770491803279
2022-23,Montana State,Big Sky,76,272.5,FCS,132.0,97.0,43.5,https://dxbhsrqyrr690.cloudfront.net/sidearm.nextgen.sites/nacda.com/documents/2023/6/27/Final22.23Standings.pdf,2,75.40983606557377
2022-23,Quinnipiac,MAAC,77,265.0,DI,75.0,160.0,30.0,https://dxbhsrqyrr690.cloudfront.net/sidearm.nextgen.sites/nacda.com/documents/2023/6/27/Final22.23Standings.pdf,2,75.08196721311475
2022-23,Georgia Tech,ACC,78,253.0,FBS,50.0,63.0,140.0,https://dxbhsrqyrr690.cloudfront.net/sidearm.nextgen.sites/nacda.com/documents/2023/6/27/Final22.23Standings.pdf,2,74.75409836065575
2022-23,UConn,Big East,79,251.5,FBS,25.0,164.0,62.5,https://dxbhsrqyrr690.cloudfront.net/sidearm.nextgen.sites/nacda.com/documents/2023/6/27/Final22.23Standings.pdf,2,74.42622950819671
2022-23,Columbia,Ivy League,80,241.5,FCS,26.0,165.5,50.0,https://dxbhsrqyrr690.cloudfront.net/sidearm.nextgen.sites/nacda.com/documents/2023/6/27/Final22.23Standings.pdf,2,74.09836065573771
2022-23,Gonzaga,WCC,81,226.0,DI,63.0,98.0,65.0,https://dxbhsrqyrr690.cloudfront.net/sidearm.nextgen.sites/nacda.com/documents/2023/6/27/Final22.23Standings.pdf,2,73.77049180327869
2022-23,South Florida,American,82,225.5,FBS,50.0,99.0,76.5,https://dxbhsrqyrr690.cloudfront.net/sidearm.nextgen.sites/nacda.com/documents/2023/6/27/Final22.23Standings.pdf,2,73.44262295081967
2022-23,San Diego,WCC,83,223.5,FCS,108.0,0.0,115.5,https://dxbhsrqyrr690.cloudfront.net/sidearm.nextgen.sites/nacda.com/documents/2023/6/27/Final22.23Standings.pdf,2,73.11475409836066
2022-23,Xavier,Big East,84,223.0,DI,50.0,64.0,109.0,https://dxbhsrqyrr690.cloudfront.net/sidearm.nextgen.sites/nacda.com/documents/2023/6/27/Final22.23Standings.pdf,2,72.78688524590164
2022-23,UCF,American,85,221.5,FBS,125.0,0.0,96.5,https://dxbhsrqyrr690.cloudfront.net/sidearm.nextgen.sites/nacda.com/documents/2023/6/27/Final22.23Standings.pdf,2,72.45901639344262
2022-23,San Diego State,Mountain West,86,213.0,FBS,25.0,90.0,98.0,https://dxbhsrqyrr690.cloudfront.net/sidearm.nextgen.sites/nacda.com/documents/2023/6/27/Final22.23Standings.pdf,2,72.1311475409836
2022-23,South Dakota State,Summit,87,211.5,FCS,100.0,111.5,0.0,https://dxbhsrqyrr690.cloudfront.net/sidearm.nextgen.sites/nacda.com/documents/2023/6/27/Final22.23Standings.pdf,2,71.80327868852459
2022-23,Memphis,American,88,208.0,FBS,134.0,25.0,49.0,https://dxbhsrqyrr690.cloudfront.net/sidearm.nextgen.sites/nacda.com/documents/2023/6/27/Final22.23Standings.pdf,2,71.47540983606558
2022-23,Ball State,MAC,89,206.5,FBS,25.0,75.5,106.0,https://dxbhsrqyrr690.cloudfront.net/sidearm.nextgen.sites/nacda.com/documents/2023/6/27/Final22.23Standings.pdf,2,71.14754098360656
2022-23,Creighton,Big East,90,206.0,DI,108.0,98.0,0.0,https://dxbhsrqyrr690.cloudfront.net/sidearm.nextgen.sites/nacda.com/documents/2023/6/27/Final22.23Standings.pdf,2,70.81967213114754
2022-23,Vermont,America East,91,203.0,DI,73.0,130.0,0.0,https://dxbhsrqyrr690.cloudfront.net/sidearm.nextgen.sites/nacda.com/documents/2023/6/27/Final22.23Standings.pdf,2,70.49180327868852
2022-23,Kansas State,Big 12,92,202.5,FBS,61.5,73.0,68.0,https://dxbhsrqyrr690.cloudfront.net/sidearm.nextgen.sites/nacda.com/documents/2023/6/27/Final22.23Standings.pdf,2,70.16393442622952
2022-23,New Hampshire,America East,93,194.0,FCS,128.0,66.0,0.0,https://dxbhsrqyrr690.cloudfront.net/sidearm.nextgen.sites/nacda.com/documents/2023/6/27/Final22.23Standings.pdf,2,69.83606557377048
2022-23,Fairleigh Dickinson,Northeast,94,192.5,DI,75.0,94.0,23.5,https://dxbhsrqyrr690.cloudfront.net/sidearm.nextgen.sites/nacda.com/documents/2023/6/27/Final22.23Standings.pdf,2,69.50819672131148
2022-23,Grand Canyon,WAC,95,190.75,DI,0.0,25.0,165.75,https://dxbhsrqyrr690.cloudfront.net/sidearm.nextgen.sites/nacda.com/documents/2023/6/27/Final22.23Standings.pdf,2,69.18032786885246
2022-23,Middle Tennessee State,Conference USA,96,180.25,FBS,45.0,25.0,110.25,https://dxbhsrqyrr690.cloudfront.net/sidearm.nextgen.sites/nacda.com/documents/2023/6/27/Final22.23Standings.pdf,2,68.85245901639344
2022-23,Marquette,Big East,97,179.5,DI,64.0,75.0,40.5,https://dxbhsrqyrr690.cloudfront.net/sidearm.nextgen.sites/nacda.com/documents/2023/6/27/Final22.23Standings.pdf,2,68.52459016393443
2022-23,Liberty,ASUN,98,179.0,FBS,78.0,0.0,101.0,https://dxbhsrqyrr690.cloudfront.net/sidearm.nextgen.sites/nacda.com/documents/2023/6/27/Final22.23Standings.pdf,2,68.1967213114754
2022-23,Tulsa,American,99,178.0,FBS,133.0,0.0,45.0,https://dxbhsrqyrr690.cloudfront.net/sidearm.nextgen.sites/nacda.com/documents/2023/6/27/Final22.23Standings.pdf,2,67.8688524590164
2022-23,San Jose State,Mountain West,100,176.3,FBS,50.0,27.8,98.5,https://dxbhsrqyrr690.cloudfront.net/sidearm.nextgen.sites/nacda.com/documents/2023/6/27/Final22.23Standings.pdf,2,67.54098360655738
2022-23,Campbell,Big South,101,175.0,FCS,0.0,29.0,146.0,https://dxbhsrqyrr690.cloudfront.net/sidearm.nextgen.sites/nacda.com/documents/2023/6/27/Final22.23Standings.pdf,2,67.21311475409836
2022-23,Tulane,American,102,173.8,FBS,96.0,27.8,50.0,https://dxbhsrqyrr690.cloudfront.net/sidearm.nextgen.sites/nacda.com/documents/2023/6/27/Final22.23Standings.pdf,2,66.88524590163935
2022-23,Northeastern,CAA,103,172.0,DI,26.0,83.0,63.0,https://dxbhsrqyrr690.cloudfront.net/sidearm.nextgen.sites/nacda.com/documents/2023/6/27/Final22.23Standings.pdf,2,66.39344262295081
2022-23,FIU,Conference USA,103,172.0,FBS,64.0,30.0,78.0,https://dxbhsrqyrr690.cloudfront.net/sidearm.nextgen.sites/nacda.com/documents/2023/6/27/Final22.23Standings.pdf,2,66.39344262295081
2022-23,Boston College,ACC,105,170.0,FBS,0.0,30.0,140.0,https://dxbhsrqyrr690.cloudfront.net/sidearm.nextgen.sites/nacda.com/documents/2023/6/27/Final22.23Standings.pdf,2,65.90163934426229
2022-23,Utah Valley,WAC,106,169.75,DI,73.0,33.0,63.75,https://dxbhsrqyrr690.cloudfront.net/sidearm.nextgen.sites/nacda.com/documents/2023/6/27/Final22.23Standings.pdf,2,65.57377049180327
2022-23,Army West Point,Patriot,107,168.5,FBS,0.0,48.5,120.0,https://dxbhsrqyrr690.cloudfront.net/sidearm.nextgen.sites/nacda.com/documents/2023/6/27/Final22.23Standings.pdf,2,65.24590163934427
2022-23,Miami (OH),MAC,108,168.0,FBS,78.0,40.0,50.0,https://dxbhsrqyrr690.cloudfront.net/sidearm.nextgen.sites/nacda.com/documents/2023/6/27/Final22.23Standings.pdf,2,64.91803278688525
2022-23,Drake,Missouri Valley,109,167.5,FCS,0.0,94.0,73.5,https://dxbhsrqyrr690.cloudfront.net/sidearm.nextgen.sites/nacda.com/documents/2023/6/27/Final22.23Standings.pdf,2,64.59016393442623
2022-23,Toledo,MAC,110,166.0,FBS,91.0,50.0,25.0,https://dxbhsrqyrr690.cloudfront.net/sidearm.nextgen.sites/nacda.com/documents/2023/6/27/Final22.23Standings.pdf,2,64.26229508196721
2022-23,Richmond,Atlantic 10,111,164.0,FCS,53.0,0.0,111.0,https://dxbhsrqyrr690.cloudfront.net/sidearm.nextgen.sites/nacda.com/documents/2023/6/27/Final22.23Standings.pdf,2,63.934426229508205
2022-23,UNLV,Mountain West,112,162.1,FBS,25.0,69.0,68.1,https://dxbhsrqyrr690.cloudfront.net/sidearm.nextgen.sites/nacda.com/documents/2023/6/27/Final22.23Standings.pdf,2,63.60655737704918
2022-23,Furman,SoCon,113,160.5,FCS,79.0,50.0,31.5,https://dxbhsrqyrr690.cloudfront.net/sidearm.nextgen.sites/nacda.com/documents/2023/6/27/Final22.23Standings.pdf,2,63.278688524590166
2022-23,Delaware,CAA,114,159.0,FCS,106.0,0.0,53.0,https://dxbhsrqyrr690.cloudfront.net/sidearm.nextgen.sites/nacda.com/documents/2023/6/27/Final22.23Standings.pdf,2,62.95081967213115
2022-23,Samford,SoCon,115,157.5,FCS,120.0,0.0,37.5,https://dxbhsrqyrr690.cloudfront.net/sidearm.nextgen.sites/nacda.com/documents/2023/6/27/Final22.23Standings.pdf,2,62.62295081967213
2022-23,Louisiana,Sun Belt,116,156.5,FBS,25.0,25.0,106.5,https://dxbhsrqyrr690.cloudfront.net/sidearm.nextgen.sites/nacda.com/documents/2023/6/27/Final22.23Standings.pdf,2,62.295081967213115
2022-23,Colorado State,Mountain West,117,156.0,FBS,95.0,0.0,61.0,https://dxbhsrqyrr690.cloudfront.net/sidearm.nextgen.sites/nacda.com/documents/2023/6/27/Final22.23Standings.pdf,2,61.967213114754095
2022-23,Navy,Patriot,118,154.5,FBS,25.0,55.5,74.0,https://dxbhsrqyrr690.cloudfront.net/sidearm.nextgen.sites/nacda.com/documents/2023/6/27/Final22.23Standings.pdf,2,61.63934426229508
2022-23,LIU Brooklyn,Northeast,119,150.0,DI,0.0,70.0,80.0,https://dxbhsrqyrr690.cloudfront.net/sidearm.nextgen.sites/nacda.com/documents/2023/6/27/Final22.23Standings.pdf,2,61.31147540983607
2022-23,Long Beach State,Big West,120,148.5,DI,0.0,0.0,148.5,https://dxbhsrqyrr690.cloudfront.net/sidearm.nextgen.sites/nacda.com/documents/2023/6/27/Final22.23Standings.pdf,2,60.983606557377044
2022-23,Portland,WCC,121,148.0,DI,123.0,25.0,0.0,https://dxbhsrqyrr690.cloudfront.net/sidearm.nextgen.sites/nacda.com/documents/2023/6/27/Final22.23Standings.pdf,2,60.65573770491803
2022-23,Brown,Ivy League,122,147.0,FCS,50.0,28.0,69.0,https://dxbhsrqyrr690.cloudfront.net/sidearm.nextgen.sites/nacda.com/documents/2023/6/27/Final22.23Standings.pdf,2,60.32786885245902
2022-23,Boston University,Patriot,123,145.5,DI,0.0,83.0,62.5,https://dxbhsrqyrr690.cloudfront.net/sidearm.nextgen.sites/nacda.com/documents/2023/6/27/Final22.23Standings.pdf,2,60.0
2022-23,Western Michigan,MAC,124,142.5,FBS,64.0,78.5,0.0,https://dxbhsrqyrr690.cloudfront.net/sidearm.nextgen.sites/nacda.com/documents/2023/6/27/Final22.23Standings.pdf,2,59.67213114754099
2022-23,Boise State,Mountain West,125,140.5,FBS,45.0,70.5,25.0,https://dxbhsrqyrr690.cloudfront.net/sidearm.nextgen.sites/nacda.com/documents/2023/6/27/Final22.23Standings.pdf,2,59.34426229508196
2022-23,North Dakota State,Summit,126,140.0,FCS,90.0,50.0,0.0,https://dxbhsrqyrr690.cloudfront.net/sidearm.nextgen.sites/nacda.com/documents/2023/6/27/Final22.23Standings.pdf,2,59.01639344262295
2022-23,FAU,Conference USA,127,136.0,FBS,0.0,83.0,53.0,https://dxbhsrqyrr690.cloudfront.net/sidearm.nextgen.sites/nacda.com/documents/2023/6/27/Final22.23Standings.pdf,2,58.68852459016394
2022-23,California Baptist,WAC,128,135.5,DI,97.0,0.0,38.5,https://dxbhsrqyrr690.cloudfront.net/sidearm.nextgen.sites/nacda.com/documents/2023/6/27/Final22.23Standings.pdf,2,58.36065573770492
2022-23,Colgate,Patriot,129,135.0,FCS,25.0,110.0,0.0,https://dxbhsrqyrr690.cloudfront.net/sidearm.nextgen.sites/nacda.com/documents/2023/6/27/Final22.23Standings.pdf,2,58.032786885245905
2022-23,Rutgers,Big Ten,130,134.5,FBS,50.0,39.5,45.0,https://dxbhsrqyrr690.cloudfront.net/sidearm.nextgen.sites/nacda.com/documents/2023/6/27/Final22.23Standings.pdf,2,57.70491803278689
2022-23,Loyola Marymount,WCC,131,132.5,DI,25.0,0.0,107.5,https://dxbhsrqyrr690.cloudfront.net/sidearm.nextgen.sites/nacda.com/documents/2023/6/27/Final22.23Standings.pdf,2,57.377049180327866
2022-23,Arkansas State,Sun Belt,132,132.0,FBS,27.0,90.0,15.0,https://dxbhsrqyrr690.cloudfront.net/sidearm.nextgen.sites/nacda.com/documents/2023/6/27/Final22.23Standings.pdf,2,57.049180327868854
2022-23,Providence,Big East,133,131.0,DI,85.5,25.0,20.5,https://dxbhsrqyrr690.cloudfront.net/sidearm.nextgen.sites/nacda.com/documents/2023/6/27/Final22.23Standings.pdf,2,56.72131147540984
2022-23,Northern Colorado,Big Sky,134,130.0,FCS,25.0,75.0,30.0,https://dxbhsrqyrr690.cloudfront.net/sidearm.nextgen.sites/nacda.com/documents/2023/6/27/Final22.23Standings.pdf,3,56.22950819672131
2022-23,Charlotte,Conference USA,134,130.0,FBS,0.0,0.0,130.0,https://dxbhsrqyrr690.cloudfront.net/sidearm.nextgen.sites/nacda.com/documents/2023/6/27/Final22.23Standings.pdf,3,56.22950819672131
2022-23,Sacramento State,Big Sky,136,129.0,FCS,70.0,25.0,34.0,https://dxbhsrqyrr690.cloudfront.net/sidearm.nextgen.sites/nacda.com/documents/2023/6/27/Final22.23Standings.pdf,3,55.73770491803278
2022-23,Texas A&M Corpus Christi,Southland,137,128.0,DI,0.0,25.0,103.0,https://dxbhsrqyrr690.cloudfront.net/sidearm.nextgen.sites/nacda.com/documents/2023/6/27/Final22.23Standings.pdf,3,55.40983606557377
2022-23,Villanova,Big East,138,127.5,FCS,55.0,64.0,8.5,https://dxbhsrqyrr690.cloudfront.net/sidearm.nextgen.sites/nacda.com/documents/2023/6/27/Final22.23Standings.pdf,3,55.08196721311476
2022-23,High Point,Big South,139,126.8,DI,75.0,27.8,24.0,https://dxbhsrqyrr690.cloudfront.net/sidearm.nextgen.sites/nacda.com/documents/2023/6/27/Final22.23Standings.pdf,3,54.59016393442623
2022-23,Rice,Conference USA,139,126.8,FBS,75.0,27.8,24.0,https://dxbhsrqyrr690.cloudfront.net/sidearm.nextgen.sites/nacda.com/documents/2023/6/27/Final22.23Standings.pdf,3,54.59016393442623
2022-23,Akron,MAC,141,126.5,FBS,50.0,33.0,43.5,https://dxbhsrqyrr690.cloudfront.net/sidearm.nextgen.sites/nacda.com/documents/2023/6/27/Final22.23Standings.pdf,3,54.09836065573771
2022-23,Florida Gulf Coast,ASUN,142,125.0,DI,50.0,50.0,25.0,https://dxbhsrqyrr690.cloudfront.net/sidearm.nextgen.sites/nacda.com/documents/2023/6/27/Final22.23Standings.pdf,3,53.77049180327869
2022-23,UC Irvine,Big West,143,124.0,DI,64.0,0.0,60.0,https://dxbhsrqyrr690.cloudfront.net/sidearm.nextgen.sites/nacda.com/documents/2023/6/27/Final22.23Standings.pdf,3,53.442622950819676
2022-23,Albany,America East,144,123.0,FCS,70.0,0.0,53.0,https://dxbhsrqyrr690.cloudfront.net/sidearm.nextgen.sites/nacda.com/documents/2023/6/27/Final22.23Standings.pdf,3,52.950819672131146
2022-23,Utah State,Mountain West,144,123.0,FBS,98.0,25.0,0.0,https://dxbhsrqyrr690.cloudfront.net/sidearm.nextgen.sites/nacda.com/documents/2023/6/27/Final22.23Standings.pdf,3,52.950819672131146
2022-23,Cincinnati,American,146,122.5,FBS,25.0,27.5,70.0,https://dxbhsrqyrr690.cloudfront.net/sidearm.nextgen.sites/nacda.com/documents/2023/6/27/Final22.23Standings.pdf,3,52.459016393442624
2022-23,East Carolina,American,147,120.0,FBS,45.0,25.0,50.0,https://dxbhsrqyrr690.cloudfront.net/sidearm.nextgen.sites/nacda.com/documents/2023/6/27/Final22.23Standings.pdf,3,51.47540983606558
2022-23,North Carolina Greensboro,SoCon,147,120.0,DI,73.0,0.0,47.0,https://dxbhsrqyrr690.cloudfront.net/sidearm.nextgen.sites/nacda.com/documents/2023/6/27/Final22.23Standings.pdf,3,51.47540983606558
2022-23,Southeastern Louisiana,Southland,147,120.0,FCS,78.0,25.0,17.0,https://dxbhsrqyrr690.cloudfront.net/sidearm.nextgen.sites/nacda.com/documents/2023/6/27/Final22.23Standings.pdf,3,51.47540983606558
2022-23,James Madison,Sun Belt,147,120.0,FCS,25.0,25.0,70.0,https://dxbhsrqyrr690.cloudfront.net/sidearm.nextgen.sites/nacda.com/documents/2023/6/27/Final22.23Standings.pdf,3,51.47540983606558
2022-23,Sam Houston State,WAC,147,120.0,FCS,0.0,60.0,60.0,https://dxbhsrqyrr690.cloudfront.net/sidearm.nextgen.sites/nacda.com/documents/2023/6/27/Final22.23Standings.pdf,3,51.47540983606558
2022-23,St. John's (NY),Big East,152,119.0,DI,0.0,94.0,25.0,https://dxbhsrqyrr690.cloudfront.net/sidearm.nextgen.sites/nacda.com/documents/2023/6/27/Final22.23Standings.pdf,3,50.49180327868853
2022-23,Stephen F. Austin,WAC,153,112.8,FCS,25.0,87.8,0.0,https://dxbhsrqyrr690.cloudfront.net/sidearm.nextgen.sites/nacda.com/documents/2023/6/27/Final22.23Standings.pdf,3,50.1639344262295
2022-23,Kennesaw State,ASUN,154,112.5,FCS,0.0,112.5,0.0,https://dxbhsrqyrr690.cloudfront.net/sidearm.nextgen.sites/nacda.com/documents/2023/6/27/Final22.23Standings.pdf,3,49.8360655737705
2022-23,South Dakota,Summit,155,110.5,FCS,25.0,45.5,40.0,https://dxbhsrqyrr690.cloudfront.net/sidearm.nextgen.sites/nacda.com/documents/2023/6/27/Final22.23Standings.pdf,3,49.50819672131148
2022-23,Fresno State,Mountain West,156,110.0,FBS,50.0,0.0,60.0,https://dxbhsrqyrr690.cloudfront.net/sidearm.nextgen.sites/nacda.com/documents/2023/6/27/Final22.23Standings.pdf,3,49.18032786885246
2022-23,Incarnate Word,Southland,157,109.0,FCS,83.0,26.0,0.0,https://dxbhsrqyrr690.cloudfront.net/sidearm.nextgen.sites/nacda.com/documents/2023/6/27/Final22.23Standings.pdf,3,48.36065573770492
2022-23,Marshall,Sun Belt,157,109.0,FBS,109.0,0.0,0.0,https://dxbhsrqyrr690.cloudfront.net/sidearm.nextgen.sites/nacda.com/documents/2023/6/27/Final22.23Standings.pdf,3,48.36065573770492
2022-23,South Alabama,Sun Belt,157,109.0,FBS,25.0,35.5,48.5,https://dxbhsrqyrr690.cloudfront.net/sidearm.nextgen.sites/nacda.com/documents/2023/6/27/Final22.23Standings.pdf,3,48.36065573770492
2022-23,Southern Mississippi,Sun Belt,157,109.0,FBS,45.0,0.0,64.0,https://dxbhsrqyrr690.cloudfront.net/sidearm.nextgen.sites/nacda.com/documents/2023/6/27/Final22.23Standings.pdf,3,48.36065573770492
2022-23,Northern Iowa,Missouri Valley,161,107.75,FCS,50.0,57.75,0.0,https://dxbhsrqyrr690.cloudfront.net/sidearm.nextgen.sites/nacda.com/documents/2023/6/27/Final22.23Standings.pdf,3,47.540983606557376
2022-23,Lipscomb,ASUN,162,106.0,DI,76.0,0.0,30.0,https://dxbhsrqyrr690.cloudfront.net/sidearm.nextgen.sites/nacda.com/documents/2023/6/27/Final22.23Standings.pdf,3,47.21311475409836
2022-23,Tennessee Chattanooga,SoCon,163,104.5,FCS,0.0,54.0,50.5,https://dxbhsrqyrr690.cloudfront.net/sidearm.nextgen.sites/nacda.com/documents/2023/6/27/Final22.23Standings.pdf,3,46.885245901639344
2022-23,Rider,MAAC,164,103.5,DI,25.0,41.0,37.5,https://dxbhsrqyrr690.cloudfront.net/sidearm.nextgen.sites/nacda.com/documents/2023/6/27/Final22.23Standings.pdf,3,46.557377049180324
2022-23,Oral Roberts,Summit,165,103.0,DI,0.0,25.0,78.0,https://dxbhsrqyrr690.cloudfront.net/sidearm.nextgen.sites/nacda.com/documents/2023/6/27/Final22.23Standings.pdf,3,46.22950819672131
2022-23,Saint Louis,Atlantic 10,166,100.0,DI,75.0,25.0,0.0,https://dxbhsrqyrr690.cloudfront.net/sidearm.nextgen.sites/nacda.com/documents/2023/6/27/Final22.23Standings.pdf,3,45.57377049180328
2022-23,Washington State,Pac-12,166,100.0,FBS,75.0,25.0,0.0,https://dxbhsrqyrr690.cloudfront.net/sidearm.nextgen.sites/nacda.com/documents/2023/6/27/Final22.23Standings.pdf,3,45.57377049180328
2022-23,Old Dominion,Sun Belt,166,100.0,FBS,25.0,0.0,75.0,https://dxbhsrqyrr690.cloudfront.net/sidearm.nextgen.sites/nacda.com/documents/2023/6/27/Final22.23Standings.pdf,3,45.57377049180328
2022-23,Sacred Heart,Northeast,169,97.5,FCS,0.0,67.5,30.0,https://dxbhsrqyrr690.cloudfront.net/sidearm.nextgen.sites/nacda.com/documents/2023/6/27/Final22.23Standings.pdf,3,44.91803278688525
2022-23,Coastal Carolina,Sun Belt,170,95.5,FBS,25.0,0.0,70.5,https://dxbhsrqyrr690.cloudfront.net/sidearm.nextgen.sites/nacda.com/documents/2023/6/27/Final22.23Standings.pdf,3,44.59016393442623
2022-23,Towson,CAA,171,95.0,FCS,25.0,70.0,0.0,https://dxbhsrqyrr690.cloudfront.net/sidearm.nextgen.sites/nacda.com/documents/2023/6/27/Final22.23Standings.pdf,3,43.606557377049185
2022-23,William & Mary,CAA,171,95.0,FCS,70.0,0.0,25.0,https://dxbhsrqyrr690.cloudfront.net/sidearm.nextgen.sites/nacda.com/documents/2023/6/27/Final22.23Standings.pdf,3,43.606557377049185
2022-23,Western Kentucky,Conference USA,171,95.0,FBS,95.0,0.0,0.0,https://dxbhsrqyrr690.cloudfront.net/sidearm.nextgen.sites/nacda.com/documents/2023/6/27/Final22.23Standings.pdf,3,43.606557377049185
2022-23,Holy Cross,Patriot,171,95.0,FCS,70.0,25.0,0.0,https://dxbhsrqyrr690.cloudfront.net/sidearm.nextgen.sites/nacda.com/documents/2023/6/27/Final22.23Standings.pdf,3,43.606557377049185
2022-23,East Tennessee State,SoCon,171,95.0,FCS,0.0,0.0,95.0,https://dxbhsrqyrr690.cloudfront.net/sidearm.nextgen.sites/nacda.com/documents/2023/6/27/Final22.23Standings.pdf,3,43.606557377049185
2022-23,Gardner-Webb,Big South,176,94.0,FCS,53.0,41.0,0.0,https://dxbhsrqyrr690.cloudfront.net/sidearm.nextgen.sites/nacda.com/documents/2023/6/27/Final22.23Standings.pdf,3,42.62295081967213
2022-23,Troy,Sun Belt,177,91.5,FBS,54.0,0.0,37.5,https://dxbhsrqyrr690.cloudfront.net/sidearm.nextgen.sites/nacda.com/documents/2023/6/27/Final22.23Standings.pdf,3,42.295081967213115
2022-23,George Mason,Atlantic 10,178,91.0,DI,0.0,16.0,75.0,https://dxbhsrqyrr690.cloudfront.net/sidearm.nextgen.sites/nacda.com/documents/2023/6/27/Final22.23Standings.pdf,3,41.967213114754095
2022-23,Santa Clara,WCC,179,87.5,DI,50.0,0.0,37.5,https://dxbhsrqyrr690.cloudfront.net/sidearm.nextgen.sites/nacda.com/documents/2023/6/27/Final22.23Standings.pdf,3,41.63934426229508
2022-23,Buffalo,MAC,180,86.0,FBS,70.0,16.0,0.0,https://dxbhsrqyrr690.cloudfront.net/sidearm.nextgen.sites/nacda.com/documents/2023/6/27/Final22.23Standings.pdf,3,41.31147540983607
2022-23,Butler,Big East,181,85.5,FCS,53.0,24.0,8.5,https://dxbhsrqyrr690.cloudfront.net/sidearm.nextgen.sites/nacda.com/documents/2023/6/27/Final22.23Standings.pdf,3,40.81967213114754
2022-23,North Carolina A&T State,CAA,181,85.5,FCS,0.0,60.0,25.5,https://dxbhsrqyrr690.cloudfront.net/sidearm.nextgen.sites/nacda.com/documents/2023/6/27/Final22.23Standings.pdf,3,40.81967213114754
2022-23,Youngstown State,Horizon League,183,85.0,FCS,0.0,60.0,25.0,https://dxbhsrqyrr690.cloudfront.net/sidearm.nextgen.sites/nacda.com/documents/2023/6/27/Final22.23Standings.pdf,3,40.32786885245901
2022-23,Wichita State,American,184,83.5,DI,27.0,19.0,37.5,https://dxbhsrqyrr690.cloudfront.net/sidearm.nextgen.sites/nacda.com/documents/2023/6/27/Final22.23Standings.pdf,3,39.50819672131147
2022-23,UTSA,Conference USA,184,83.5,FBS,50.0,0.0,33.5,https://dxbhsrqyrr690.cloudfront.net/sidearm.nextgen.sites/nacda.com/documents/2023/6/27/Final22.23Standings.pdf,3,39.50819672131147
2022-23,Lehigh,Patriot,184,83.5,FCS,25.0,53.5,5.0,https://dxbhsrqyrr690.cloudfront.net/sidearm.nextgen.sites/nacda.com/documents/2023/6/27/Final22.23Standings.pdf,3,39.50819672131147
2022-23,Southern Utah,WAC,184,83.5,FCS,0.0,78.5,5.0,https://dxbhsrqyrr690.cloudfront.net/sidearm.nextgen.sites/nacda.com/documents/2023/6/27/Final22.23Standings.pdf,3,39.50819672131147
2022-23,Weber State,Big Sky,188,78.0,FCS,53.0,0.0,25.0,https://dxbhsrqyrr690.cloudfront.net/sidearm.nextgen.sites/nacda.com/documents/2023/6/27/Final22.23Standings.pdf,3,38.68852459016394
2022-23,Iona,MAAC,189,77.0,DI,27.0,50.0,0.0,https://dxbhsrqyrr690.cloudfront.net/sidearm.nextgen.sites/nacda.com/documents/2023/6/27/Final22.23Standings.pdf,3,38.36065573770492
2022-23,Nevada,Mountain West,190,76.0,FBS,0.0,76.0,0.0,https://dxbhsrqyrr690.cloudfront.net/sidearm.nextgen.sites/nacda.com/documents/2023/6/27/Final22.23Standings.pdf,3,38.0327868852459
2022-23,Fordham,Atlantic 10,191,75.0,FCS,50.0,0.0,25.0,https://dxbhsrqyrr690.cloudfront.net/sidearm.nextgen.sites/nacda.com/documents/2023/6/27/Final22.23Standings.pdf,3,37.049180327868854
2022-23,Cal State Fullerton,Big West,191,75.0,DI,0.0,0.0,75.0,https://dxbhsrqyrr690.cloudfront.net/sidearm.nextgen.sites/nacda.com/documents/2023/6/27/Final22.23Standings.pdf,3,37.049180327868854
2022-23,Hofstra,CAA,191,75.0,DI,50.0,0.0,25.0,https://dxbhsrqyrr690.cloudfront.net/sidearm.nextgen.sites/nacda.com/documents/2023/6/27/Final22.23Standings.pdf,3,37.049180327868854
2022-23,Dartmouth,Ivy League,191,75.0,FCS,0.0,75.0,0.0,https://dxbhsrqyrr690.cloudfront.net/sidearm.nextgen.sites/nacda.com/documents/2023/6/27/Final22.23Standings.pdf,3,37.049180327868854
2022-23,Florida A&M,SWAC,191,75.0,FCS,25.0,0.0,50.0,https://dxbhsrqyrr690.cloudfront.net/sidearm.nextgen.sites/nacda.com/documents/2023/6/27/Final22.23Standings.pdf,3,37.049180327868854
2022-23,Cal Poly,Big West,196,71.5,FCS,0.0,47.0,24.5,https://dxbhsrqyrr690.cloudfront.net/sidearm.nextgen.sites/nacda.com/documents/2023/6/27/Final22.23Standings.pdf,3,36.0655737704918
2022-23,Saint Joseph's,Atlantic 10,197,70.0,DI,70.0,0.0,0.0,https://dxbhsrqyrr690.cloudfront.net/sidearm.nextgen.sites/nacda.com/documents/2023/6/27/Final22.23Standings.pdf,3,35.24590163934426
2022-23,Southern Illinois,Missouri Valley,197,70.0,FCS,0.0,45.0,25.0,https://dxbhsrqyrr690.cloudfront.net/sidearm.nextgen.sites/nacda.com/documents/2023/6/27/Final22.23Standings.pdf,3,35.24590163934426
2022-23,Loyola Maryland,Patriot,197,70.0,DI,0.0,0.0,70.0,https://dxbhsrqyrr690.cloudfront.net/sidearm.nextgen.sites/nacda.com/documents/2023/6/27/Final22.23Standings.pdf,3,35.24590163934426
2022-23,New Mexico State,WAC,197,70.0,FBS,70.0,0.0,0.0,https://dxbhsrqyrr690.cloudfront.net/sidearm.nextgen.sites/nacda.com/documents/2023/6/27/Final22.23Standings.pdf,3,35.24590163934426
2022-23,Eastern Michigan,MAC,201,69.0,FBS,45.0,24.0,0.0,https://dxbhsrqyrr690.cloudfront.net/sidearm.nextgen.sites/nacda.com/documents/2023/6/27/Final22.23Standings.pdf,4,34.42622950819672
2022-23,North Florida,ASUN,202,64.5,DI,0.0,0.0,64.5,https://dxbhsrqyrr690.cloudfront.net/sidearm.nextgen.sites/nacda.com/documents/2023/6/27/Final22.23Standings.pdf,4,34.0983606557377
2022-23,Indiana State,Missouri Valley,203,64.0,FCS,0.0,0.0,64.0,https://dxbhsrqyrr690.cloudfront.net/sidearm.nextgen.sites/nacda.com/documents/2023/6/27/Final22.23Standings.pdf,4,33.77049180327869
2022-23,Omaha,Summit,204,62.5,DI,25.0,0.0,37.5,https://dxbhsrqyrr690.cloudfront.net/sidearm.nextgen.sites/nacda.com/documents/2023/6/27/Final22.23Standings.pdf,4,33.442622950819676
2022-23,North Carolina Wilmington,CAA,205,60.25,DI,0.0,0.0,60.25,https://dxbhsrqyrr690.cloudfront.net/sidearm.nextgen.sites/nacda.com/documents/2023/6/27/Final22.23Standings.pdf,4,33.114754098360656
2022-23,Georgia Southern,Sun Belt,206,59.0,FBS,25.0,0.0,34.0,https://dxbhsrqyrr690.cloudfront.net/sidearm.nextgen.sites/nacda.com/documents/2023/6/27/Final22.23Standings.pdf,4,32.78688524590164
2022-23,Northern Illinois,MAC,207,57.0,FBS,0.0,35.0,22.0,https://dxbhsrqyrr690.cloudfront.net/sidearm.nextgen.sites/nacda.com/documents/2023/6/27/Final22.23Standings.pdf,4,32.459016393442624
2022-23,Drexel,CAA,208,56.0,DI,0.0,31.0,25.0,https://dxbhsrqyrr690.cloudfront.net/sidearm.nextgen.sites/nacda.com/documents/2023/6/27/Final22.23Standings.pdf,4,32.131147540983605
2022-23,Jacksonville,ASUN,209,55.0,FCS,0.0,0.0,55.0,https://dxbhsrqyrr690.cloudfront.net/sidearm.nextgen.sites/nacda.com/documents/2023/6/27/Final22.23Standings.pdf,4,31.311475409836063
2022-23,Missouri State,Missouri Valley,209,55.0,FCS,50.0,0.0,5.0,https://dxbhsrqyrr690.cloudfront.net/sidearm.nextgen.sites/nacda.com/documents/2023/6/27/Final22.23Standings.pdf,4,31.311475409836063
2022-23,Southeast Missouri State,OVC,209,55.0,FCS,25.0,5.0,25.0,https://dxbhsrqyrr690.cloudfront.net/sidearm.nextgen.sites/nacda.com/documents/2023/6/27/Final22.23Standings.pdf,4,31.311475409836063
2022-23,Pacific,WCC,209,55.0,DI,55.0,0.0,0.0,https://dxbhsrqyrr690.cloudfront.net/sidearm.nextgen.sites/nacda.com/documents/2023/6/27/Final22.23Standings.pdf,4,31.311475409836063
2022-23,San Francisco,WCC,213,54.0,DI,0.0,0.0,54.0,https://dxbhsrqyrr690.cloudfront.net/sidearm.nextgen.sites/nacda.com/documents/2023/6/27/Final22.23Standings.pdf,4,30.491803278688522
2022-23,Bradley,Missouri Valley,214,53.8,DI,26.0,27.8,0.0,https://dxbhsrqyrr690.cloudfront.net/sidearm.nextgen.sites/nacda.com/documents/2023/6/27/Final22.23Standings.pdf,4,30.16393442622951
2022-23,Bryant,America East,215,53.0,FCS,0.0,0.0,53.0,https://dxbhsrqyrr690.cloudfront.net/sidearm.nextgen.sites/nacda.com/documents/2023/6/27/Final22.23Standings.pdf,4,29.18032786885246
2022-23,Stetson,ASUN,215,53.0,FCS,0.0,0.0,53.0,https://dxbhsrqyrr690.cloudfront.net/sidearm.nextgen.sites/nacda.com/documents/2023/6/27/Final22.23Standings.pdf,4,29.18032786885246
2022-23,Montana,Big Sky,215,53.0,FCS,53.0,0.0,0.0,https://dxbhsrqyrr690.cloudfront.net/sidearm.nextgen.sites/nacda.com/documents/2023/6/27/Final22.23Standings.pdf,4,29.18032786885246
2022-23,Stony Brook,CAA,215,53.0,FCS,0.0,0.0,53.0,https://dxbhsrqyrr690.cloudfront.net/sidearm.nextgen.sites/nacda.com/documents/2023/6/27/Final22.23Standings.pdf,4,29.18032786885246
2022-23,Georgia State,Sun Belt,215,53.0,FBS,0.0,0.0,53.0,https://dxbhsrqyrr690.cloudfront.net/sidearm.nextgen.sites/nacda.com/documents/2023/6/27/Final22.23Standings.pdf,4,29.18032786885246
2022-23,Texas State,Sun Belt,220,52.5,FBS,0.0,0.0,52.5,https://dxbhsrqyrr690.cloudfront.net/sidearm.nextgen.sites/nacda.com/documents/2023/6/27/Final22.23Standings.pdf,4,28.196721311475407
2022-23,Loyola Chicago,Atlantic 10,221,52.0,DI,52.0,0.0,0.0,https://dxbhsrqyrr690.cloudfront.net/sidearm.nextgen.sites/nacda.com/documents/2023/6/27/Final22.23Standings.pdf,4,27.704918032786885
2022-23,SIU Edwardsville,OVC,221,52.0,DI,25.0,27.0,0.0,https://dxbhsrqyrr690.cloudfront.net/sidearm.nextgen.sites/nacda.com/documents/2023/6/27/Final22.23Standings.pdf,4,27.704918032786885
2022-23,UMBC,America East,223,50.0,DI,25.0,0.0,25.0,https://dxbhsrqyrr690.cloudfront.net/sidearm.nextgen.sites/nacda.com/documents/2023/6/27/Final22.23Standings.pdf,4,24.75409836065574
2022-23,VCU,Atlantic 10,223,50.0,DI,0.0,25.0,25.0,https://dxbhsrqyrr690.cloudfront.net/sidearm.nextgen.sites/nacda.com/documents/2023/6/27/Final22.23Standings.pdf,4,24.75409836065574
2022-23,Seton Hall,Big East,223,50.0,DI,25.0,0.0,25.0,https://dxbhsrqyrr690.cloudfront.net/sidearm.nextgen.sites/nacda.com/documents/2023/6/27/Final22.23Standings.pdf,4,24.75409836065574
2022-23,Idaho,Big Sky,223,50.0,FCS,25.0,0.0,25.0,https://dxbhsrqyrr690.cloudfront.net/sidearm.nextgen.sites/nacda.com/documents/2023/6/27/Final22.23Standings.pdf,4,24.75409836065574
2022-23,UC Santa Barbara,Big West,223,50.0,DI,0.0,25.0,25.0,https://dxbhsrqyrr690.cloudfront.net/sidearm.nextgen.sites/nacda.com/documents/2023/6/27/Final22.23Standings.pdf,4,24.75409836065574
2022-23,Elon,CAA,223,50.0,FCS,50.0,0.0,0.0,https://dxbhsrqyrr690.cloudfront.net/sidearm.nextgen.sites/nacda.com/documents/2023/6/27/Final22.23Standings.pdf,4,24.75409836065574
2022-23,Cleveland State,Horizon League,223,50.0,DI,25.0,25.0,0.0,https://dxbhsrqyrr690.cloudfront.net/sidearm.nextgen.sites/nacda.com/documents/2023/6/27/Final22.23Standings.pdf,4,24.75409836065574
2022-23,Northern Kentucky,Horizon League,223,50.0,DI,0.0,25.0,25.0,https://dxbhsrqyrr690.cloudfront.net/sidearm.nextgen.sites/nacda.com/documents/2023/6/27/Final22.23Standings.pdf,4,24.75409836065574
2022-23,Wright State,Horizon League,223,50.0,DI,25.0,0.0,25.0,https://dxbhsrqyrr690.cloudfront.net/sidearm.nextgen.sites/nacda.com/documents/2023/6/27/Final22.23Standings.pdf,4,24.75409836065574
2022-23,Marist,MAAC,223,50.0,FCS,0.0,0.0,50.0,https://dxbhsrqyrr690.cloudfront.net/sidearm.nextgen.sites/nacda.com/documents/2023/6/27/Final22.23Standings.pdf,4,24.75409836065574
2022-23,Bowling Green,MAC,223,50.0,FBS,50.0,0.0,0.0,https://dxbhsrqyrr690.cloudfront.net/sidearm.nextgen.sites/nacda.com/documents/2023/6/27/Final22.23Standings.pdf,4,24.75409836065574
2022-23,South Carolina State,MEAC,223,50.0,FCS,0.0,0.0,50.0,https://dxbhsrqyrr690.cloudfront.net/sidearm.nextgen.sites/nacda.com/documents/2023/6/27/Final22.23Standings.pdf,4,24.75409836065574
2022-23,Eastern Illinois,OVC,223,50.0,FCS,0.0,0.0,50.0,https://dxbhsrqyrr690.cloudfront.net/sidearm.nextgen.sites/nacda.com/documents/2023/6/27/Final22.23Standings.pdf,4,24.75409836065574
2022-23,McNeese State,Southland,223,50.0,FCS,0.0,0.0,50.0,https://dxbhsrqyrr690.cloudfront.net/sidearm.nextgen.sites/nacda.com/documents/2023/6/27/Final22.23Standings.pdf,4,24.75409836065574
2022-23,Prairie View A&M,SWAC,223,50.0,FCS,0.0,25.0,25.0,https://dxbhsrqyrr690.cloudfront.net/sidearm.nextgen.sites/nacda.com/documents/2023/6/27/Final22.23Standings.pdf,4,24.75409836065574
2022-23,Saint Mary's (CA),WCC,223,50.0,DI,0.0,50.0,0.0,https://dxbhsrqyrr690.cloudfront.net/sidearm.nextgen.sites/nacda.com/documents/2023/6/27/Final22.23Standings.pdf,4,24.75409836065574
2022-23,Alabama State,SWAC,239,48.5,FCS,0.0,0.0,48.5,https://dxbhsrqyrr690.cloudfront.net/sidearm.nextgen.sites/nacda.com/documents/2023/6/27/Final22.23Standings.pdf,4,21.9672131147541
2022-23,Wyoming,Mountain West,240,48.0,FBS,25.0,23.0,0.0,https://dxbhsrqyrr690.cloudfront.net/sidearm.nextgen.sites/nacda.com/documents/2023/6/27/Final22.23Standings.pdf,4,21.639344262295083
2022-23,College of Charleston,CAA,241,47.5,DI,0.0,25.0,22.5,https://dxbhsrqyrr690.cloudfront.net/sidearm.nextgen.sites/nacda.com/documents/2023/6/27/Final22.23Standings.pdf,4,21.311475409836063
2022-23,Murray State,Missouri Valley,242,46.0,FCS,0.0,46.0,0.0,https://dxbhsrqyrr690.cloudfront.net/sidearm.nextgen.sites/nacda.com/documents/2023/6/27/Final22.23Standings.pdf,4,20.983606557377048
2022-23,UAB,Conference USA,243,45.0,FBS,45.0,0.0,0.0,https://dxbhsrqyrr690.cloudfront.net/sidearm.nextgen.sites/nacda.com/documents/2023/6/27/Final22.23Standings.pdf,4,20.327868852459016
2022-23,Central Michigan,MAC,243,45.0,FBS,0.0,20.0,25.0,https://dxbhsrqyrr690.cloudfront.net/sidearm.nextgen.sites/nacda.com/documents/2023/6/27/Final22.23Standings.pdf,4,20.327868852459016
2022-23,Ohio,MAC,243,45.0,FBS,45.0,0.0,0.0,https://dxbhsrqyrr690.cloudfront.net/sidearm.nextgen.sites/nacda.com/documents/2023/6/27/Final22.23Standings.pdf,4,20.327868852459016
2022-23,Duquesne,Atlantic 10,246,42.5,FCS,0.0,42.5,0.0,https://dxbhsrqyrr690.cloudfront.net/sidearm.nextgen.sites/nacda.com/documents/2023/6/27/Final22.23Standings.pdf,4,19.508196721311474
2022-23,Louisiana Tech,Conference USA,246,42.5,FBS,0.0,42.5,0.0,https://dxbhsrqyrr690.cloudfront.net/sidearm.nextgen.sites/nacda.com/documents/2023/6/27/Final22.23Standings.pdf,4,19.508196721311474
2022-23,Eastern Kentucky,ASUN,248,42.0,FCS,25.0,0.0,17.0,https://dxbhsrqyrr690.cloudfront.net/sidearm.nextgen.sites/nacda.com/documents/2023/6/27/Final22.23Standings.pdf,4,18.852459016393443
2022-23,UC San Diego,Big West,248,42.0,DI,0.0,42.0,0.0,https://dxbhsrqyrr690.cloudfront.net/sidearm.nextgen.sites/nacda.com/documents/2023/6/27/Final22.23Standings.pdf,4,18.852459016393443
2022-23,Kent State,MAC,250,41.0,FBS,0.0,25.0,16.0,https://dxbhsrqyrr690.cloudfront.net/sidearm.nextgen.sites/nacda.com/documents/2023/6/27/Final22.23Standings.pdf,4,18.360655737704917
2022-23,NJIT,America East,251,38.0,DI,0.0,38.0,0.0,https://dxbhsrqyrr690.cloudfront.net/sidearm.nextgen.sites/nacda.com/documents/2023/6/27/Final22.23Standings.pdf,4,18.0327868852459
2022-23,Central Arkansas,ASUN,252,37.5,FCS,0.0,0.0,37.5,https://dxbhsrqyrr690.cloudfront.net/sidearm.nextgen.sites/nacda.com/documents/2023/6/27/Final22.23Standings.pdf,4,17.704918032786885
2022-23,Louisiana Monroe,Sun Belt,253,35.0,FBS,0.0,19.0,16.0,https://dxbhsrqyrr690.cloudfront.net/sidearm.nextgen.sites/nacda.com/documents/2023/6/27/Final22.23Standings.pdf,4,17.37704918032787
2022-23,George Washington,Atlantic 10,254,34.0,DI,0.0,0.0,34.0,https://dxbhsrqyrr690.cloudfront.net/sidearm.nextgen.sites/nacda.com/documents/2023/6/27/Final22.23Standings.pdf,4,16.885245901639344
2022-23,UTEP,Conference USA,254,34.0,FBS,0.0,0.0,34.0,https://dxbhsrqyrr690.cloudfront.net/sidearm.nextgen.sites/nacda.com/documents/2023/6/27/Final22.23Standings.pdf,4,16.885245901639344
2022-23,North Texas,Conference USA,256,33.6,FBS,25.0,0.0,8.6,https://dxbhsrqyrr690.cloudfront.net/sidearm.nextgen.sites/nacda.com/documents/2023/6/27/Final22.23Standings.pdf,4,16.39344262295082
2022-23,Davidson,Atlantic 10,257,30.0,FCS,25.0,0.0,5.0,https://dxbhsrqyrr690.cloudfront.net/sidearm.nextgen.sites/nacda.com/documents/2023/6/27/Final22.23Standings.pdf,4,15.901639344262295
2022-23,Siena,MAAC,257,30.0,DI,0.0,0.0,30.0,https://dxbhsrqyrr690.cloudfront.net/sidearm.nextgen.sites/nacda.com/documents/2023/6/27/Final22.23Standings.pdf,4,15.901639344262295
2022-23,La Salle,Atlantic 10,259,27.0,DI,27.0,0.0,0.0,https://dxbhsrqyrr690.cloudfront.net/sidearm.nextgen.sites/nacda.com/documents/2023/6/27/Final22.23Standings.pdf,4,15.40983606557377
2022-23,American,Patriot,260,25.5,DI,0.0,25.5,0.0,https://dxbhsrqyrr690.cloudfront.net/sidearm.nextgen.sites/nacda.com/documents/2023/6/27/Final22.23Standings.pdf,4,15.081967213114755
2022-23,Maine,America East,261,25.0,FCS,0.0,0.0,25.0,https://dxbhsrqyrr690.cloudfront.net/sidearm.nextgen.sites/nacda.com/documents/2023/6/27/Final22.23Standings.pdf,4,10.0
2022-23,Massachusetts,Atlantic 10,261,25.0,FBS,0.0,0.0,25.0,https://dxbhsrqyrr690.cloudfront.net/sidearm.nextgen.sites/nacda.com/documents/2023/6/27/Final22.23Standings.pdf,4,10.0
2022-23,Charleston Southern,Big South,261,25.0,FCS,0.0,0.0,25.0,https://dxbhsrqyrr690.cloudfront.net/sidearm.nextgen.sites/nacda.com/documents/2023/6/27/Final22.23Standings.pdf,4,10.0
2022-23,North Carolina Asheville,Big South,261,25.0,DI,0.0,25.0,0.0,https://dxbhsrqyrr690.cloudfront.net/sidearm.nextgen.sites/nacda.com/documents/2023/6/27/Final22.23Standings.pdf,4,10.0
2022-23,Presbyterian College,Big South,261,25.0,FCS,0.0,0.0,25.0,https://dxbhsrqyrr690.cloudfront.net/sidearm.nextgen.sites/nacda.com/documents/2023/6/27/Final22.23Standings.pdf,4,10.0
2022-23,Radford,Big South,261,25.0,DI,25.0,0.0,0.0,https://dxbhsrqyrr690.cloudfront.net/sidearm.nextgen.sites/nacda.com/documents/2023/6/27/Final22.23Standings.pdf,4,10.0
2022-23,UC Davis,Big West,261,25.0,FCS,25.0,0.0,0.0,https://dxbhsrqyrr690.cloudfront.net/sidearm.nextgen.sites/nacda.com/documents/2023/6/27/Final22.23Standings.pdf,4,10.0
2022-23,UC Riverside,Big West,261,25.0,DI,25.0,0.0,0.0,https://dxbhsrqyrr690.cloudfront.net/sidearm.nextgen.sites/nacda.com/documents/2023/6/27/Final22.23Standings.pdf,5,10.0
2022-23,Wisconsin Milwaukee,Horizon League,261,25.0,DI,25.0,0.0,0.0,https://dxbhsrqyrr690.cloudfront.net/sidearm.nextgen.sites/nacda.com/documents/2023/6/27/Final22.23Standings.pdf,5,10.0
2022-23,Canisius,MAAC,261,25.0,DI,0.0,25.0,0.0,https://dxbhsrqyrr690.cloudfront.net/sidearm.nextgen.sites/nacda.com/documents/2023/6/27/Final22.23Standings.pdf,5,10.0
2022-23,Fairfield,MAAC,261,25.0,DI,0.0,0.0,25.0,https://dxbhsrqyrr690.cloudfront.net/sidearm.nextgen.sites/nacda.com/documents/2023/6/27/Final22.23Standings.pdf,5,10.0
2022-23,Delaware State,MEAC,261,25.0,FCS,25.0,0.0,0.0,https://dxbhsrqyrr690.cloudfront.net/sidearm.nextgen.sites/nacda.com/documents/2023/6/27/Final22.23Standings.pdf,5,10.0
2022-23,Howard,MEAC,261,25.0,FCS,0.0,25.0,0.0,https://dxbhsrqyrr690.cloudfront.net/sidearm.nextgen.sites/nacda.com/documents/2023/6/27/Final22.23Standings.pdf,5,10.0
2022-23,Norfolk State,MEAC,261,25.0,FCS,0.0,25.0,0.0,https://dxbhsrqyrr690.cloudfront.net/sidearm.nextgen.sites/nacda.com/documents/2023/6/27/Final22.23Standings.pdf,5,10.0
2022-23,North Carolina Central,MEAC,261,25.0,FCS,0.0,0.0,25.0,https://dxbhsrqyrr690.cloudfront.net/sidearm.nextgen.sites/nacda.com/documents/2023/6/27/Final22.23Standings.pdf,5,10.0
2022-23,Belmont,Missouri Valley,261,25.0,DI,0.0,0.0,25.0,https://dxbhsrqyrr690.cloudfront.net/sidearm.nextgen.sites/nacda.com/documents/2023/6/27/Final22.23Standings.pdf,5,10.0
2022-23,Central Connecticut State,Northeast,261,25.0,FCS,0.0,0.0,25.0,https://dxbhsrqyrr690.cloudfront.net/sidearm.nextgen.sites/nacda.com/documents/2023/6/27/Final22.23Standings.pdf,5,10.0
2022-23,Saint Francis (PA),Northeast,261,25.0,FCS,25.0,0.0,0.0,https://dxbhsrqyrr690.cloudfront.net/sidearm.nextgen.sites/nacda.com/documents/2023/6/27/Final22.23Standings.pdf,5,10.0
2022-23,St. Francis (NY),Northeast,261,25.0,DI,0.0,0.0,25.0,https://dxbhsrqyrr690.cloudfront.net/sidearm.nextgen.sites/nacda.com/documents/2023/6/27/Final22.23Standings.pdf,5,10.0
2022-23,Merrimack,Northeast (Fall 2023),261,25.0,DI,0.0,25.0,0.0,https://dxbhsrqyrr690.cloudfront.net/sidearm.nextgen.sites/nacda.com/documents/2023/6/27/Final22.23Standings.pdf,5,10.0
2022-23,Tennessee Martin,OVC,261,25.0,FCS,0.0,0.0,25.0,https://dxbhsrqyrr690.cloudfront.net/sidearm.nextgen.sites/nacda.com/documents/2023/6/27/Final22.23Standings.pdf,5,10.0
2022-23,Tennessee State,OVC,261,25.0,FCS,25.0,0.0,0.0,https://dxbhsrqyrr690.cloudfront.net/sidearm.nextgen.sites/nacda.com/documents/2023/6/27/Final22.23Standings.pdf,5,10.0
2022-23,Tennessee Tech,OVC,261,25.0,FCS,0.0,25.0,0.0,https://dxbhsrqyrr690.cloudfront.net/sidearm.nextgen.sites/nacda.com/documents/2023/6/27/Final22.23Standings.pdf,5,10.0
2022-23,Bucknell,Patriot,261,25.0,FCS,25.0,0.0,0.0,https://dxbhsrqyrr690.cloudfront.net/sidearm.nextgen.sites/nacda.com/documents/2023/6/27/Final22.23Standings.pdf,5,10.0
2022-23,Mercer,SoCon,261,25.0,FCS,0.0,0.0,25.0,https://dxbhsrqyrr690.cloudfront.net/sidearm.nextgen.sites/nacda.com/documents/2023/6/27/Final22.23Standings.pdf,5,10.0
2022-23,Lamar,Southland,261,25.0,FCS,25.0,0.0,0.0,https://dxbhsrqyrr690.cloudfront.net/sidearm.nextgen.sites/nacda.com/documents/2023/6/27/Final22.23Standings.pdf,5,10.0
2022-23,Nicholls State,Southland,261,25.0,FCS,0.0,0.0,25.0,https://dxbhsrqyrr690.cloudfront.net/sidearm.nextgen.sites/nacda.com/documents/2023/6/27/Final22.23Standings.pdf,5,10.0
2022-23,North Dakota,Summit,261,25.0,FCS,25.0,0.0,0.0,https://dxbhsrqyrr690.cloudfront.net/sidearm.nextgen.sites/nacda.com/documents/2023/6/27/Final22.23Standings.pdf,5,10.0
2022-23,Jackson State,SWAC,261,25.0,FCS,25.0,0.0,0.0,https://dxbhsrqyrr690.cloudfront.net/sidearm.nextgen.sites/nacda.com/documents/2023/6/27/Final22.23Standings.pdf,5,10.0
2022-23,Texas Arlington,WAC,261,25.0,DI,0.0,0.0,25.0,https://dxbhsrqyrr690.cloudfront.net/sidearm.nextgen.sites/nacda.com/documents/2023/6/27/Final22.23Standings.pdf,5,10.0
2022-23,Binghamton,America East,291,23.0,DI,0.0,23.0,0.0,https://dxbhsrqyrr690.cloudfront.net/sidearm.nextgen.sites/nacda.com/documents/2023/6/27/Final22.23Standings.pdf,5,4.918032786885246
2022-23,Temple,American,292,22.0,FBS,0.0,22.0,0.0,https://dxbhsrqyrr690.cloudfront.net/sidearm.nextgen.sites/nacda.com/documents/2023/6/27/Final22.23Standings.pdf,5,4.426229508196721
2022-23,Arkansas Little Rock,OVC,292,22.0,DI,0.0,0.0,22.0,https://dxbhsrqyrr690.cloudfront.net/sidearm.nextgen.sites/nacda.com/documents/2023/6/27/Final22.23Standings.pdf,5,4.426229508196721
2022-23,Cal State Bakersfield,Big West,294,20.0,DI,0.0,20.0,0.0,https://dxbhsrqyrr690.cloudfront.net/sidearm.nextgen.sites/nacda.com/documents/2023/6/27/Final22.23Standings.pdf,5,3.7704918032786887
2022-23,Appalachian State,Sun Belt,294,20.0,FBS,0.0,20.0,0.0,https://dxbhsrqyrr690.cloudfront.net/sidearm.nextgen.sites/nacda.com/documents/2023/6/27/Final22.23Standings.pdf,5,3.7704918032786887
2022-23,Illinois State,Missouri Valley,296,15.5,FCS,0.0,0.0,15.5,https://dxbhsrqyrr690.cloudfront.net/sidearm.nextgen.sites/nacda.com/documents/2023/6/27/Final22.23Standings.pdf,5,3.278688524590164
2022-23,Morehead State,OVC,297,8.6,FCS,0.0,0.0,8.6,https://dxbhsrqyrr690.cloudfront.net/sidearm.nextgen.sites/nacda.com/documents/2023/6/27/Final22.23Standings.pdf,5,2.9508196721311477
2022-23,Longwood,Big South,298,5.0,DI,0.0,0.0,5.0,https://dxbhsrqyrr690.cloudfront.net/sidearm.nextgen.sites/nacda.com/documents/2023/6/27/Final22.23Standings.pdf,5,1.4754098360655739
2022-23,Monmouth,CAA,298,5.0,FCS,0.0,5.0,0.0,https://dxbhsrqyrr690.cloudfront.net/sidearm.nextgen.sites/nacda.com/documents/2023/6/27/Final22.23Standings.pdf,5,1.4754098360655739
2022-23,IPFW,Horizon League,298,5.0,DI,0.0,0.0,5.0,https://dxbhsrqyrr690.cloudfront.net/sidearm.nextgen.sites/nacda.com/documents/2023/6/27/Final22.23Standings.pdf,5,1.4754098360655739
2022-23,Wisconsin Green Bay,Horizon League,298,5.0,DI,0.0,0.0,5.0,https://dxbhsrqyrr690.cloudfront.net/sidearm.nextgen.sites/nacda.com/documents/2023/6/27/Final22.23Standings.pdf,5,1.4754098360655739
2022-23,UMKC,Summit,298,5.0,DI,0.0,0.0,5.0,https://dxbhsrqyrr690.cloudfront.net/sidearm.nextgen.sites/nacda.com/documents/2023/6/27/Final22.23Standings.pdf,5,1.4754098360655739
2022-23,Arkansas Pine Bluff,SWAC,298,5.0,FCS,0.0,0.0,5.0,https://dxbhsrqyrr690.cloudfront.net/sidearm.nextgen.sites/nacda.com/documents/2023/6/27/Final22.23Standings.pdf,5,1.4754098360655739
2022-23,Southern,SWAC,298,5.0,FCS,0.0,5.0,0.0,https://dxbhsrqyrr690.cloudfront.net/sidearm.nextgen.sites/nacda.com/documents/2023/6/27/Final22.23Standings.pdf,5,1.4754098360655739
2022-23,Texas Southern,SWAC,298,5.0,FCS,0.0,5.0,0.0,https://dxbhsrqyrr690.cloudfront.net/sidearm.nextgen.sites/nacda.com/documents/2023/6/27/Final22.23Standings.pdf,5,1.4754098360655739
2023-24,Texas,Big 12,1,1377.0,FBS,316.0,402.5,658.5,https://dxbhsrqyrr690.cloudfront.net/sidearm.nextgen.sites/nacda.com/documents/2024/6/26/23.24FinalDI.pdf,1,100.0
2023-24,Stanford,Pac-12,2,1312.75,FBS,371.0,383.75,558.0,https://dxbhsrqyrr690.cloudfront.net/sidearm.nextgen.sites/nacda.com/documents/2024/6/26/23.24FinalDI.pdf,1,99.67845659163987
2023-24,Tennessee,SEC,3,1217.0,FBS,292.5,333.0,591.5,https://dxbhsrqyrr690.cloudfront.net/sidearm.nextgen.sites/nacda.com/documents/2024/6/26/23.24FinalDI.pdf,1,99.35691318327974
2023-24,Florida,SEC,4,1189.0,FBS,125.0,450.0,614.0,https://dxbhsrqyrr690.cloudfront.net/sidearm.nextgen.sites/nacda.com/documents/2024/6/26/23.24FinalDI.pdf,1,99.03536977491962
2023-24,Virginia,ACC,5,1066.25,FBS,259.0,162.0,645.25,https://dxbhsrqyrr690.cloudfront.net/sidearm.nextgen.sites/nacda.com/documents/2024/6/26/23.24FinalDI.pdf,1,98.71382636655949
2023-24,Texas A&M,SEC,6,1059.25,FBS,144.0,330.0,585.25,https://dxbhsrqyrr690.cloudfront.net/sidearm.nextgen.sites/nacda.com/documents/2024/6/26/23.24FinalDI.pdf,1,98.39228295819936
2023-24,North Carolina,ACC,7,1035.75,FBS,347.5,361.0,327.25,https://dxbhsrqyrr690.cloudfront.net/sidearm.nextgen.sites/nacda.com/documents/2024/6/26/23.24FinalDI.pdf,1,98.07073954983923
2023-24,Michigan,Big Ten,8,1030.0,FBS,155.0,462.5,412.5,https://dxbhsrqyrr690.cloudfront.net/sidearm.nextgen.sites/nacda.com/documents/2024/6/26/23.24FinalDI.pdf,1,97.7491961414791
2023-24,Alabama,SEC,9,1028.88,FBS,225.0,434.13,369.75,https://dxbhsrqyrr690.cloudfront.net/sidearm.nextgen.sites/nacda.com/documents/2024/6/26/23.24FinalDI.pdf,1,97.42765273311898
2023-24,UCLA,Pac-12,10,1017.5,FBS,210.0,169.5,638.0,https://dxbhsrqyrr690.cloudfront.net/sidearm.nextgen.sites/nacda.com/documents/2024/6/26/23.24FinalDI.pdf,1,97.10610932475883
2023-24,Notre Dame,ACC,11,1008.5,FBS,343.0,355.0,310.5,https://dxbhsrqyrr690.cloudfront.net/sidearm.nextgen.sites/nacda.com/documents/2024/6/26/23.24FinalDI.pdf,1,96.78456591639872
2023-24,Florida State,ACC,12,998.88,FBS,245.5,198.88,554.5,https://dxbhsrqyrr690.cloudfront.net/sidearm.nextgen.sites/nacda.com/documents/2024/6/26/23.24FinalDI.pdf,1,96.46302250803859
2023-24,LSU,SEC,13,998.5,FBS,117.5,349.0,532.0,https://dxbhsrqyrr690.cloudfront.net/sidearm.nextgen.sites/nacda.com/documents/2024/6/26/23.24FinalDI.pdf,1,96.14147909967846
2023-24,USC,Pac-12,14,994.0,FBS,200.0,336.5,457.5,https://dxbhsrqyrr690.cloudfront.net/sidearm.nextgen.sites/nacda.com/documents/2024/6/26/23.24FinalDI.pdf,1,95.81993569131832
2023-24,Ohio State,Big Ten,15,981.0,FBS,95.5,548.5,337.0,https://dxbhsrqyrr690.cloudfront.net/sidearm.nextgen.sites/nacda.com/documents/2024/6/26/23.24FinalDI.pdf,1,95.4983922829582
2023-24,Georgia,SEC,16,951.38,FBS,174.0,325.38,452.0,https://dxbhsrqyrr690.cloudfront.net/sidearm.nextgen.sites/nacda.com/documents/2024/6/26/23.24FinalDI.pdf,1,95.17684887459808
2023-24,Duke,ACC,17,928.5,FBS,178.0,255.5,495.0,https://dxbhsrqyrr690.cloudfront.net/sidearm.nextgen.sites/nacda.com/documents/2024/6/26/23.24FinalDI.pdf,1,94.85530546623794
2023-24,Arkansas,SEC,18,921.75,FBS,272.0,294.25,355.5,https://dxbhsrqyrr690.cloudfront.net/sidearm.nextgen.sites/nacda.com/documents/2024/6/26/23.24FinalDI.pdf,1,94.53376205787781
2023-24,Oklahoma State,Big 12,19,896.0,FBS,243.5,208.5,444.0,https://dxbhsrqyrr690.cloudfront.net/sidearm.nextgen.sites/nacda.com/documents/2024/6/26/23.24FinalDI.pdf,1,94.21221864951768
2023-24,California,Pac-12,20,886.0,FBS,150.0,278.5,457.5,https://dxbhsrqyrr690.cloudfront.net/sidearm.nextgen.sites/nacda.com/documents/2024/6/26/23.24FinalDI.pdf,1,93.89067524115757
2023-24,North Carolina State,ACC,21,853.5,FBS,210.0,441.5,202.0,https://dxbhsrqyrr690.cloudfront.net/sidearm.nextgen.sites/nacda.com/documents/2024/6/26/23.24FinalDI.pdf,1,93.56913183279742
2023-24,Nebraska,Big Ten,22,841.0,FBS,163.0,509.25,168.75,https://dxbhsrqyrr690.cloudfront.net/sidearm.nextgen.sites/nacda.com/documents/2024/6/26/23.24FinalDI.pdf,1,93.2475884244373
2023-24,Penn State,Big Ten,23,827.75,FBS,271.0,406.75,150.0,https://dxbhsrqyrr690.cloudfront.net/sidearm.nextgen.sites/nacda.com/documents/2024/6/26/23.24FinalDI.pdf,1,92.92604501607717
2023-24,Oklahoma,Big 12,24,805.75,FBS,60.0,328.75,417.0,https://dxbhsrqyrr690.cloudfront.net/sidearm.nextgen.sites/nacda.com/documents/2024/6/26/23.24FinalDI.pdf,1,92.60450160771704
2023-24,Wisconsin,Big Ten,25,765.5,FBS,277.5,385.0,103.0,https://dxbhsrqyrr690.cloudfront.net/sidearm.nextgen.sites/nacda.com/documents/2024/6/26/23.24FinalDI.pdf,1,92.28295819935691
2023-24,Washington,Pac-12,26,716.5,FBS,188.5,169.5,358.5,https://dxbhsrqyrr690.cloudfront.net/sidearm.nextgen.sites/nacda.com/documents/2024/6/26/23.24FinalDI.pdf,1,91.96141479099678
2023-24,Arizona State,Pac-12,27,695.25,FBS,89.0,331.75,274.5,https://dxbhsrqyrr690.cloudfront.net/sidearm.nextgen.sites/nacda.com/documents/2024/6/26/23.24FinalDI.pdf,1,91.63987138263666
2023-24,Oregon,Pac-12,28,687.0,FBS,212.5,130.0,344.5,https://dxbhsrqyrr690.cloudfront.net/sidearm.nextgen.sites/nacda.com/documents/2024/6/26/23.24FinalDI.pdf,1,91.31832797427653
2023-24,Harvard,Ivy League,29,686.75,FCS,224.0,265.5,197.25,https://dxbhsrqyrr690.cloudfront.net/sidearm.nextgen.sites/nacda.com/documents/2024/6/26/23.24FinalDI.pdf,1,90.9967845659164
2023-24,South Carolina,SEC,30,679.0,FBS,50.0,280.0,349.0,https://dxbhsrqyrr690.cloudfront.net/sidearm.nextgen.sites/nacda.com/documents/2024/6/26/23.24FinalDI.pdf,1,90.67524115755627
2023-24,Clemson,ACC,31,675.75,FBS,237.0,176.5,262.25,https://dxbhsrqyrr690.cloudfront.net/sidearm.nextgen.sites/nacda.com/documents/2024/6/26/23.24FinalDI.pdf,1,90.35369774919614
2023-24,Kentucky,SEC,32,667.25,FBS,139.0,237.75,290.5,https://dxbhsrqyrr690.cloudfront.net/sidearm.nextgen.sites/nacda.com/documents/2024/6/26/23.24FinalDI.pdf,1,90.03215434083602
2023-24,Auburn,SEC,33,665.75,FBS,50.0,203.0,412.75,https://dxbhsrqyrr690.cloudfront.net/sidearm.nextgen.sites/nacda.com/documents/2024/6/26/23.24FinalDI.pdf,1,89.71061093247589
2023-24,Princeton,Ivy League,34,654.5,FCS,171.0,133.0,350.5,https://dxbhsrqyrr690.cloudfront.net/sidearm.nextgen.sites/nacda.com/documents/2024/6/26/23.24FinalDI.pdf,1,89.38906752411575
2023-24,Iowa State,Big 12,35,649.5,FBS,179.0,343.5,127.0,https://dxbhsrqyrr690.cloudfront.net/sidearm.nextgen.sites/nacda.com/documents/2024/6/26/23.24FinalDI.pdf,1,89.06752411575563
2023-24,BYU,Big 12,36,637.5,FBS,279.5,224.0,134.0,https://dxbhsrqyrr690.cloudfront.net/sidearm.nextgen.sites/nacda.com/documents/2024/6/26/23.24FinalDI.pdf,1,88.7459807073955
2023-24,Illinois,Big Ten,37,599.75,FBS,0.0,325.5,274.25,https://dxbhsrqyrr690.cloudfront.net/sidearm.nextgen.sites/nacda.com/documents/2024/6/26/23.24FinalDI.pdf,1,88.42443729903538
2023-24,Ole Miss,SEC,38,590.38,FBS,150.0,202.88,237.5,https://dxbhsrqyrr690.cloudfront.net/sidearm.nextgen.sites/nacda.com/documents/2024/6/26/23.24FinalDI.pdf,1,88.10289389067523
2023-24,Northwestern,Big Ten,39,587.5,FBS,163.0,190.0,234.5,https://dxbhsrqyrr690.cloudfront.net/sidearm.nextgen.sites/nacda.com/documents/2024/6/26/23.24FinalDI.pdf,1,87.78135048231512
2023-24,Minnesota,Big Ten,40,584.75,FBS,123.0,386.75,75.0,https://dxbhsrqyrr690.cloudfront.net/sidearm.nextgen.sites/nacda.com/documents/2024/6/26/23.24FinalDI.pdf,1,87.45980707395499
2023-24,Indiana,Big Ten,41,564.0,FBS,98.0,314.0,152.0,https://dxbhsrqyrr690.cloudfront.net/sidearm.nextgen.sites/nacda.com/documents/2024/6/26/23.24FinalDI.pdf,1,87.13826366559485
2023-24,Michigan State,Big Ten,42,539.25,FBS,150.5,266.25,122.5,https://dxbhsrqyrr690.cloudfront.net/sidearm.nextgen.sites/nacda.com/documents/2024/6/26/23.24FinalDI.pdf,1,86.81672025723472
2023-24,Baylor,Big 12,43,538.5,FBS,50.0,166.5,322.0,https://dxbhsrqyrr690.cloudfront.net/sidearm.nextgen.sites/nacda.com/documents/2024/6/26/23.24FinalDI.pdf,1,86.49517684887459
2023-24,Syracuse,ACC,44,538.0,FBS,256.0,77.0,205.0,https://dxbhsrqyrr690.cloudfront.net/sidearm.nextgen.sites/nacda.com/documents/2024/6/26/23.24FinalDI.pdf,1,86.17363344051448
2023-24,Texas Tech,Big 12,45,533.75,FBS,109.0,184.25,240.5,https://dxbhsrqyrr690.cloudfront.net/sidearm.nextgen.sites/nacda.com/documents/2024/6/26/23.24FinalDI.pdf,1,85.85209003215434
2023-24,Denver,Summit,46,527.75,DI,50.0,251.75,226.0,https://dxbhsrqyrr690.cloudfront.net/sidearm.nextgen.sites/nacda.com/documents/2024/6/26/23.24FinalDI.pdf,1,85.53054662379421
2023-24,Utah,Pac-12,47,527.5,FBS,88.0,308.0,131.5,https://dxbhsrqyrr690.cloudfront.net/sidearm.nextgen.sites/nacda.com/documents/2024/6/26/23.24FinalDI.pdf,1,85.20900321543408
2023-24,Arizona,Pac-12,48,525.0,FBS,66.0,181.0,278.0,https://dxbhsrqyrr690.cloudfront.net/sidearm.nextgen.sites/nacda.com/documents/2024/6/26/23.24FinalDI.pdf,1,84.88745980707395
2023-24,Louisville,ACC,49,515.5,FBS,244.0,187.5,84.0,https://dxbhsrqyrr690.cloudfront.net/sidearm.nextgen.sites/nacda.com/documents/2024/6/26/23.24FinalDI.pdf,1,84.56591639871382
2023-24,Virginia Tech,ACC,50,499.25,FBS,45.0,348.75,105.5,https://dxbhsrqyrr690.cloudfront.net/sidearm.nextgen.sites/nacda.com/documents/2024/6/26/23.24FinalDI.pdf,1,84.2443729903537
2023-24,West Virginia,Big 12,51,496.0,FBS,160.0,226.0,110.0,https://dxbhsrqyrr690.cloudfront.net/sidearm.nextgen.sites/nacda.com/documents/2024/6/26/23.24FinalDI.pdf,1,83.92282958199357
2023-24,Pennsylvania,Ivy League,52,459.0,FCS,28.0,235.5,195.5,https://dxbhsrqyrr690.cloudfront.net/sidearm.nextgen.sites/nacda.com/documents/2024/6/26/23.24FinalDI.pdf,1,83.60128617363344
2023-24,Georgetown,Big East,53,451.0,FCS,200.0,103.0,148.0,https://dxbhsrqyrr690.cloudfront.net/sidearm.nextgen.sites/nacda.com/documents/2024/6/26/23.24FinalDI.pdf,1,83.27974276527331
2023-24,SMU,American,54,447.5,FBS,164.0,56.0,227.5,https://dxbhsrqyrr690.cloudfront.net/sidearm.nextgen.sites/nacda.com/documents/2024/6/26/23.24FinalDI.pdf,1,82.95819935691318
2023-24,Missouri,SEC,55,426.5,FBS,120.5,178.5,127.5,https://dxbhsrqyrr690.cloudfront.net/sidearm.nextgen.sites/nacda.com/documents/2024/6/26/23.24FinalDI.pdf,1,82.63665594855306
2023-24,Wake Forest,ACC,56,421.0,FBS,128.0,32.5,260.5,https://dxbhsrqyrr690.cloudfront.net/sidearm.nextgen.sites/nacda.com/documents/2024/6/26/23.24FinalDI.pdf,1,82.31511254019293
2023-24,Vanderbilt,SEC,57,410.25,FBS,0.0,119.0,291.25,https://dxbhsrqyrr690.cloudfront.net/sidearm.nextgen.sites/nacda.com/documents/2024/6/26/23.24FinalDI.pdf,1,81.9935691318328
2023-24,Houston,Big 12,58,409.5,FBS,50.0,165.0,194.5,https://dxbhsrqyrr690.cloudfront.net/sidearm.nextgen.sites/nacda.com/documents/2024/6/26/23.24FinalDI.pdf,1,81.67202572347267
2023-24,Colorado,Pac-12,59,407.5,FBS,129.0,235.5,43.0,https://dxbhsrqyrr690.cloudfront.net/sidearm.nextgen.sites/nacda.com/documents/2024/6/26/23.24FinalDI.pdf,1,81.35048231511254
2023-24,Mississippi State,SEC,60,401.5,FBS,64.0,46.5,291.0,https://dxbhsrqyrr690.cloudfront.net/sidearm.nextgen.sites/nacda.com/documents/2024/6/26/23.24FinalDI.pdf,1,81.02893890675242
2023-24,Maryland,Big Ten,61,400.5,FBS,110.0,108.5,182.0,https://dxbhsrqyrr690.cloudfront.net/sidearm.nextgen.sites/nacda.com/documents/2024/6/26/23.24FinalDI.pdf,1,80.70739549839229
2023-24,Kansas,Big 12,62,400.25,FBS,101.0,182.5,116.75,https://dxbhsrqyrr690.cloudfront.net/sidearm.nextgen.sites/nacda.com/documents/2024/6/26/23.24FinalDI.pdf,1,80.38585209003215
2023-24,Oregon State,Pac-12,63,393.0,FBS,108.0,169.0,116.0,https://dxbhsrqyrr690.cloudfront.net/sidearm.nextgen.sites/nacda.com/documents/2024/6/26/23.24FinalDI.pdf,1,80.06430868167203
2023-24,Iowa,Big Ten,64,391.5,FBS,147.0,234.0,10.5,https://dxbhsrqyrr690.cloudfront.net/sidearm.nextgen.sites/nacda.com/documents/2024/6/26/23.24FinalDI.pdf,1,79.7427652733119
2023-24,Purdue,Big Ten,65,389.0,FBS,64.0,220.0,105.0,https://dxbhsrqyrr690.cloudfront.net/sidearm.nextgen.sites/nacda.com/documents/2024/6/26/23.24FinalDI.pdf,1,79.42122186495176
2023-24,Rutgers,Big Ten,66,368.5,FBS,115.0,159.5,94.0,https://dxbhsrqyrr690.cloudfront.net/sidearm.nextgen.sites/nacda.com/documents/2024/6/26/23.24FinalDI.pdf,1,79.09967845659163
2023-24,Miami (FL),ACC,67,368.25,FBS,75.0,119.5,173.75,https://dxbhsrqyrr690.cloudfront.net/sidearm.nextgen.sites/nacda.com/documents/2024/6/26/23.24FinalDI.pdf,2,78.77813504823152
2023-24,Boston College,ACC,68,360.0,FBS,93.0,167.0,100.0,https://dxbhsrqyrr690.cloudfront.net/sidearm.nextgen.sites/nacda.com/documents/2024/6/26/23.24FinalDI.pdf,2,78.45659163987139
2023-24,TCU,Big 12,69,352.5,FBS,50.0,125.0,177.5,https://dxbhsrqyrr690.cloudfront.net/sidearm.nextgen.sites/nacda.com/documents/2024/6/26/23.24FinalDI.pdf,2,78.13504823151125
2023-24,Northern Arizona,Big Sky,70,347.0,FCS,180.0,101.5,65.5,https://dxbhsrqyrr690.cloudfront.net/sidearm.nextgen.sites/nacda.com/documents/2024/6/26/23.24FinalDI.pdf,2,77.81350482315112
2023-24,Cornell,Ivy League,71,339.0,FCS,28.0,261.0,50.0,https://dxbhsrqyrr690.cloudfront.net/sidearm.nextgen.sites/nacda.com/documents/2024/6/26/23.24FinalDI.pdf,2,77.491961414791
2023-24,Yale,Ivy League,72,329.0,FCS,75.0,113.0,141.0,https://dxbhsrqyrr690.cloudfront.net/sidearm.nextgen.sites/nacda.com/documents/2024/6/26/23.24FinalDI.pdf,2,77.17041800643086
2023-24,Villanova,Big East,73,328.0,FCS,152.0,80.5,95.5,https://dxbhsrqyrr690.cloudfront.net/sidearm.nextgen.sites/nacda.com/documents/2024/6/26/23.24FinalDI.pdf,2,76.84887459807074
2023-24,Georgia Tech,ACC,74,316.5,FBS,109.0,0.0,207.5,https://dxbhsrqyrr690.cloudfront.net/sidearm.nextgen.sites/nacda.com/documents/2024/6/26/23.24FinalDI.pdf,2,76.52733118971061
2023-24,Grand Canyon,WAC,75,309.5,DI,50.0,50.0,209.5,https://dxbhsrqyrr690.cloudfront.net/sidearm.nextgen.sites/nacda.com/documents/2024/6/26/23.24FinalDI.pdf,2,76.20578778135048
2023-24,Air Force,Mountain West,76,304.0,FBS,109.5,194.5,0.0,https://dxbhsrqyrr690.cloudfront.net/sidearm.nextgen.sites/nacda.com/documents/2024/6/26/23.24FinalDI.pdf,2,75.88424437299035
2023-24,James Madison,Sun Belt,77,292.0,FBS,139.0,50.0,103.0,https://dxbhsrqyrr690.cloudfront.net/sidearm.nextgen.sites/nacda.com/documents/2024/6/26/23.24FinalDI.pdf,2,75.40192926045016
2023-24,Gonzaga,WCC,77,292.0,DI,124.0,128.0,40.0,https://dxbhsrqyrr690.cloudfront.net/sidearm.nextgen.sites/nacda.com/documents/2024/6/26/23.24FinalDI.pdf,2,75.40192926045016
2023-24,Columbia,Ivy League,79,284.0,FCS,78.0,133.0,73.0,https://dxbhsrqyrr690.cloudfront.net/sidearm.nextgen.sites/nacda.com/documents/2024/6/26/23.24FinalDI.pdf,2,74.91961414790997
2023-24,Pittsburgh,ACC,80,277.0,FBS,181.0,96.0,0.0,https://dxbhsrqyrr690.cloudfront.net/sidearm.nextgen.sites/nacda.com/documents/2024/6/26/23.24FinalDI.pdf,2,74.59807073954984
2023-24,UConn,Big East,81,272.0,FBS,0.0,208.0,64.0,https://dxbhsrqyrr690.cloudfront.net/sidearm.nextgen.sites/nacda.com/documents/2024/6/26/23.24FinalDI.pdf,2,74.27652733118971
2023-24,UCF,Big 12,82,271.5,FBS,75.0,0.0,196.5,https://dxbhsrqyrr690.cloudfront.net/sidearm.nextgen.sites/nacda.com/documents/2024/6/26/23.24FinalDI.pdf,2,73.95498392282958
2023-24,UC Irvine,Big West,83,269.0,DI,114.0,25.0,130.0,https://dxbhsrqyrr690.cloudfront.net/sidearm.nextgen.sites/nacda.com/documents/2024/6/26/23.24FinalDI.pdf,2,73.63344051446946
2023-24,South Dakota State,Summit,84,266.0,FCS,153.0,113.0,0.0,https://dxbhsrqyrr690.cloudfront.net/sidearm.nextgen.sites/nacda.com/documents/2024/6/26/23.24FinalDI.pdf,2,73.31189710610933
2023-24,San Jose State,Mountain West,85,256.0,FBS,50.0,83.0,123.0,https://dxbhsrqyrr690.cloudfront.net/sidearm.nextgen.sites/nacda.com/documents/2024/6/26/23.24FinalDI.pdf,2,72.9903536977492
2023-24,California Baptist,WAC,86,249.0,DI,165.5,51.0,32.5,https://dxbhsrqyrr690.cloudfront.net/sidearm.nextgen.sites/nacda.com/documents/2024/6/26/23.24FinalDI.pdf,2,72.66881028938906
2023-24,Long Beach State,Big West,87,222.0,DI,0.0,25.0,197.0,https://dxbhsrqyrr690.cloudfront.net/sidearm.nextgen.sites/nacda.com/documents/2024/6/26/23.24FinalDI.pdf,2,72.34726688102894
2023-24,New Mexico,Mountain West,88,217.5,FBS,56.0,64.0,97.5,https://dxbhsrqyrr690.cloudfront.net/sidearm.nextgen.sites/nacda.com/documents/2024/6/26/23.24FinalDI.pdf,2,72.02572347266882
2023-24,Arkansas State,Sun Belt,89,213.0,FBS,53.0,137.5,22.5,https://dxbhsrqyrr690.cloudfront.net/sidearm.nextgen.sites/nacda.com/documents/2024/6/26/23.24FinalDI.pdf,2,71.54340836012861
2023-24,Pepperdine,WCC,89,213.0,DI,50.0,0.0,163.0,https://dxbhsrqyrr690.cloudfront.net/sidearm.nextgen.sites/nacda.com/documents/2024/6/26/23.24FinalDI.pdf,2,71.54340836012861
2023-24,Colorado State,Mountain West,91,211.0,FBS,45.0,78.0,88.0,https://dxbhsrqyrr690.cloudfront.net/sidearm.nextgen.sites/nacda.com/documents/2024/6/26/23.24FinalDI.pdf,2,71.06109324758843
2023-24,Memphis,American,92,209.0,FBS,159.0,0.0,50.0,https://dxbhsrqyrr690.cloudfront.net/sidearm.nextgen.sites/nacda.com/documents/2024/6/26/23.24FinalDI.pdf,2,70.7395498392283
2023-24,Boston University,Patriot,93,206.5,DI,25.0,83.0,98.5,https://dxbhsrqyrr690.cloudfront.net/sidearm.nextgen.sites/nacda.com/documents/2024/6/26/23.24FinalDI.pdf,2,70.41800643086816
2023-24,Charlotte,American,94,199.0,FBS,50.0,46.0,103.0,https://dxbhsrqyrr690.cloudfront.net/sidearm.nextgen.sites/nacda.com/documents/2024/6/26/23.24FinalDI.pdf,2,70.09646302250803
2023-24,Providence,Big East,95,198.5,DI,99.0,50.5,49.0,https://dxbhsrqyrr690.cloudfront.net/sidearm.nextgen.sites/nacda.com/documents/2024/6/26/23.24FinalDI.pdf,2,69.77491961414792
2023-24,Kansas State,Big 12,96,197.0,FBS,83.0,50.0,64.0,https://dxbhsrqyrr690.cloudfront.net/sidearm.nextgen.sites/nacda.com/documents/2024/6/26/23.24FinalDI.pdf,2,69.45337620578779
2023-24,San Diego,WCC,97,196.5,FCS,25.0,0.0,171.5,https://dxbhsrqyrr690.cloudfront.net/sidearm.nextgen.sites/nacda.com/documents/2024/6/26/23.24FinalDI.pdf,2,69.13183279742765
2023-24,Montana State,Big Sky,98,196.0,FCS,116.0,80.0,0.0,https://dxbhsrqyrr690.cloudfront.net/sidearm.nextgen.sites/nacda.com/documents/2024/6/26/23.24FinalDI.pdf,2,68.81028938906752
2023-24,Washington State,Pac-12,99,194.5,FBS,64.0,74.0,56.5,https://dxbhsrqyrr690.cloudfront.net/sidearm.nextgen.sites/nacda.com/documents/2024/6/26/23.24FinalDI.pdf,2,68.48874598070739
2023-24,Brown,Ivy League,100,188.0,FCS,50.0,66.0,72.0,https://dxbhsrqyrr690.cloudfront.net/sidearm.nextgen.sites/nacda.com/documents/2024/6/26/23.24FinalDI.pdf,2,68.16720257234726
2023-24,Rice,American,101,184.5,FBS,25.0,81.5,78.0,https://dxbhsrqyrr690.cloudfront.net/sidearm.nextgen.sites/nacda.com/documents/2024/6/26/23.24FinalDI.pdf,2,67.84565916398714
2023-24,Navy,Patriot,102,183.5,FBS,28.0,114.0,41.5,https://dxbhsrqyrr690.cloudfront.net/sidearm.nextgen.sites/nacda.com/documents/2024/6/26/23.24FinalDI.pdf,2,67.52411575562701
2023-24,Texas State,Sun Belt,103,182.5,FBS,70.0,0.0,112.5,https://dxbhsrqyrr690.cloudfront.net/sidearm.nextgen.sites/nacda.com/documents/2024/6/26/23.24FinalDI.pdf,2,67.20257234726688
2023-24,VCU,Atlantic 10,104,180.0,DI,0.0,37.5,142.5,https://dxbhsrqyrr690.cloudfront.net/sidearm.nextgen.sites/nacda.com/documents/2024/6/26/23.24FinalDI.pdf,2,66.88102893890675
2023-24,Creighton,Big East,105,178.0,DI,64.0,114.0,0.0,https://dxbhsrqyrr690.cloudfront.net/sidearm.nextgen.sites/nacda.com/documents/2024/6/26/23.24FinalDI.pdf,2,66.39871382636656
2023-24,Hawaii,Big West,105,178.0,FBS,50.0,0.0,128.0,https://dxbhsrqyrr690.cloudfront.net/sidearm.nextgen.sites/nacda.com/documents/2024/6/26/23.24FinalDI.pdf,2,66.39871382636656
2023-24,Southern Illinois,Missouri Valley,107,171.5,FCS,53.0,46.0,72.5,https://dxbhsrqyrr690.cloudfront.net/sidearm.nextgen.sites/nacda.com/documents/2024/6/26/23.24FinalDI.pdf,2,65.91639871382637
2023-24,Old Dominion,Sun Belt,108,170.0,FBS,95.0,0.0,75.0,https://dxbhsrqyrr690.cloudfront.net/sidearm.nextgen.sites/nacda.com/documents/2024/6/26/23.24FinalDI.pdf,2,65.59485530546624
2023-24,Towson,CAA,109,168.5,FCS,25.0,98.5,45.0,https://dxbhsrqyrr690.cloudfront.net/sidearm.nextgen.sites/nacda.com/documents/2024/6/26/23.24FinalDI.pdf,2,65.27331189710611
2023-24,Western Michigan,MAC,110,164.0,FBS,114.0,25.0,25.0,https://dxbhsrqyrr690.cloudfront.net/sidearm.nextgen.sites/nacda.com/documents/2024/6/26/23.24FinalDI.pdf,2,64.79099678456592
2023-24,Tennessee Chattanooga,SoCon,110,164.0,FCS,53.0,45.0,66.0,https://dxbhsrqyrr690.cloudfront.net/sidearm.nextgen.sites/nacda.com/documents/2024/6/26/23.24FinalDI.pdf,2,64.79099678456592
2023-24,South Alabama,Sun Belt,112,163.0,FBS,70.0,0.0,93.0,https://dxbhsrqyrr690.cloudfront.net/sidearm.nextgen.sites/nacda.com/documents/2024/6/26/23.24FinalDI.pdf,2,64.30868167202573
2023-24,South Florida,American,113,162.0,FBS,45.0,18.5,98.5,https://dxbhsrqyrr690.cloudfront.net/sidearm.nextgen.sites/nacda.com/documents/2024/6/26/23.24FinalDI.pdf,2,63.9871382636656
2023-24,Vermont,America East,114,161.0,DI,64.0,97.0,0.0,https://dxbhsrqyrr690.cloudfront.net/sidearm.nextgen.sites/nacda.com/documents/2024/6/26/23.24FinalDI.pdf,2,63.665594855305464
2023-24,Loyola Marymount,WCC,115,160.5,DI,73.0,0.0,87.5,https://dxbhsrqyrr690.cloudfront.net/sidearm.nextgen.sites/nacda.com/documents/2024/6/26/23.24FinalDI.pdf,2,63.344051446945336
2023-24,Fresno State,Mountain West,116,160.0,FBS,70.0,0.0,90.0,https://dxbhsrqyrr690.cloudfront.net/sidearm.nextgen.sites/nacda.com/documents/2024/6/26/23.24FinalDI.pdf,2,63.022508038585215
2023-24,Albany,America East,117,158.0,FCS,83.0,0.0,75.0,https://dxbhsrqyrr690.cloudfront.net/sidearm.nextgen.sites/nacda.com/documents/2024/6/26/23.24FinalDI.pdf,2,62.70096463022507
2023-24,Liberty,Conference USA,118,155.0,FBS,95.0,0.0,60.0,https://dxbhsrqyrr690.cloudfront.net/sidearm.nextgen.sites/nacda.com/documents/2024/6/26/23.24FinalDI.pdf,2,62.37942122186495
2023-24,San Diego State,Mountain West,119,154.5,FBS,0.0,64.0,90.5,https://dxbhsrqyrr690.cloudfront.net/sidearm.nextgen.sites/nacda.com/documents/2024/6/26/23.24FinalDI.pdf,2,62.057877813504824
2023-24,Dayton,Atlantic 10,120,150.0,FCS,75.0,50.0,25.0,https://dxbhsrqyrr690.cloudfront.net/sidearm.nextgen.sites/nacda.com/documents/2024/6/26/23.24FinalDI.pdf,2,61.7363344051447
2023-24,Miami (OH),MAC,121,146.5,FBS,70.0,39.0,37.5,https://dxbhsrqyrr690.cloudfront.net/sidearm.nextgen.sites/nacda.com/documents/2024/6/26/23.24FinalDI.pdf,2,61.41479099678456
2023-24,High Point,Big South,122,145.5,DI,50.0,58.0,37.5,https://dxbhsrqyrr690.cloudfront.net/sidearm.nextgen.sites/nacda.com/documents/2024/6/26/23.24FinalDI.pdf,2,61.09324758842444
2023-24,Jacksonville State,Conference USA,123,145.0,FBS,45.0,100.0,0.0,https://dxbhsrqyrr690.cloudfront.net/sidearm.nextgen.sites/nacda.com/documents/2024/6/26/23.24FinalDI.pdf,2,60.61093247588425
2023-24,Coastal Carolina,Sun Belt,123,145.0,FBS,70.0,0.0,75.0,https://dxbhsrqyrr690.cloudfront.net/sidearm.nextgen.sites/nacda.com/documents/2024/6/26/23.24FinalDI.pdf,2,60.61093247588425
2023-24,Portland,WCC,125,142.0,DI,101.0,25.0,16.0,https://dxbhsrqyrr690.cloudfront.net/sidearm.nextgen.sites/nacda.com/documents/2024/6/26/23.24FinalDI.pdf,2,60.12861736334405
2023-24,LIU Brooklyn,Northeast,126,141.0,DI,50.0,16.0,75.0,https://dxbhsrqyrr690.cloudfront.net/sidearm.nextgen.sites/nacda.com/documents/2024/6/26/23.24FinalDI.pdf,2,59.80707395498393
2023-24,Duquesne,Atlantic 10,127,140.0,FCS,25.0,115.0,0.0,https://dxbhsrqyrr690.cloudfront.net/sidearm.nextgen.sites/nacda.com/documents/2024/6/26/23.24FinalDI.pdf,2,59.4855305466238
2023-24,Youngstown State,Horizon League,128,139.5,FCS,53.0,86.5,0.0,https://dxbhsrqyrr690.cloudfront.net/sidearm.nextgen.sites/nacda.com/documents/2024/6/26/23.24FinalDI.pdf,2,59.163987138263664
2023-24,Marquette,Big East,129,139.0,DI,50.0,89.0,0.0,https://dxbhsrqyrr690.cloudfront.net/sidearm.nextgen.sites/nacda.com/documents/2024/6/26/23.24FinalDI.pdf,2,58.842443729903536
2023-24,Cal Poly,Big West,130,134.0,FCS,0.0,26.0,108.0,https://dxbhsrqyrr690.cloudfront.net/sidearm.nextgen.sites/nacda.com/documents/2024/6/26/23.24FinalDI.pdf,2,58.520900321543415
2023-24,Colgate,Patriot,131,133.0,FCS,25.0,108.0,0.0,https://dxbhsrqyrr690.cloudfront.net/sidearm.nextgen.sites/nacda.com/documents/2024/6/26/23.24FinalDI.pdf,2,58.19935691318327
2023-24,Ball State,MAC,132,131.5,FBS,0.0,83.0,48.5,https://dxbhsrqyrr690.cloudfront.net/sidearm.nextgen.sites/nacda.com/documents/2024/6/26/23.24FinalDI.pdf,2,57.87781350482315
2023-24,East Tennessee State,SoCon,133,131.0,FCS,0.0,0.0,131.0,https://dxbhsrqyrr690.cloudfront.net/sidearm.nextgen.sites/nacda.com/documents/2024/6/26/23.24FinalDI.pdf,2,57.556270096463024
2023-24,New Hampshire,America East,134,130.0,FCS,64.0,66.0,0.0,https://dxbhsrqyrr690.cloudfront.net/sidearm.nextgen.sites/nacda.com/documents/2024/6/26/23.24FinalDI.pdf,3,57.234726688102896
2023-24,Lipscomb,ASUN,135,129.0,DI,119.0,0.0,10.0,https://dxbhsrqyrr690.cloudfront.net/sidearm.nextgen.sites/nacda.com/documents/2024/6/26/23.24FinalDI.pdf,3,56.91318327974276
2023-24,Utah State,Mountain West,136,125.0,FBS,75.0,50.0,0.0,https://dxbhsrqyrr690.cloudfront.net/sidearm.nextgen.sites/nacda.com/documents/2024/6/26/23.24FinalDI.pdf,3,56.27009646302251
2023-24,Omaha,Summit,136,125.0,DI,50.0,25.0,50.0,https://dxbhsrqyrr690.cloudfront.net/sidearm.nextgen.sites/nacda.com/documents/2024/6/26/23.24FinalDI.pdf,3,56.27009646302251
2023-24,Louisiana,Sun Belt,136,125.0,FBS,25.0,0.0,100.0,https://dxbhsrqyrr690.cloudfront.net/sidearm.nextgen.sites/nacda.com/documents/2024/6/26/23.24FinalDI.pdf,3,56.27009646302251
2023-24,Western Kentucky,Conference USA,139,120.0,FBS,95.0,25.0,0.0,https://dxbhsrqyrr690.cloudfront.net/sidearm.nextgen.sites/nacda.com/documents/2024/6/26/23.24FinalDI.pdf,3,55.466237942122184
2023-24,Furman,SoCon,139,120.0,FCS,120.0,0.0,0.0,https://dxbhsrqyrr690.cloudfront.net/sidearm.nextgen.sites/nacda.com/documents/2024/6/26/23.24FinalDI.pdf,3,55.466237942122184
2023-24,Ohio,MAC,141,119.0,FBS,70.0,49.0,0.0,https://dxbhsrqyrr690.cloudfront.net/sidearm.nextgen.sites/nacda.com/documents/2024/6/26/23.24FinalDI.pdf,3,54.983922829581985
2023-24,Tulane,American,142,118.5,FBS,81.0,0.0,37.5,https://dxbhsrqyrr690.cloudfront.net/sidearm.nextgen.sites/nacda.com/documents/2024/6/26/23.24FinalDI.pdf,3,54.662379421221864
2023-24,Sacramento State,Big Sky,143,117.3,FCS,53.0,0.0,64.3,https://dxbhsrqyrr690.cloudfront.net/sidearm.nextgen.sites/nacda.com/documents/2024/6/26/23.24FinalDI.pdf,3,54.340836012861736
2023-24,North Florida,ASUN,144,115.0,DI,0.0,0.0,115.0,https://dxbhsrqyrr690.cloudfront.net/sidearm.nextgen.sites/nacda.com/documents/2024/6/26/23.24FinalDI.pdf,3,54.019292604501615
2023-24,Marshall,Sun Belt,145,114.0,FBS,89.0,25.0,0.0,https://dxbhsrqyrr690.cloudfront.net/sidearm.nextgen.sites/nacda.com/documents/2024/6/26/23.24FinalDI.pdf,3,53.69774919614147
2023-24,Florida Gulf Coast,ASUN,146,112.5,DI,50.0,25.0,37.5,https://dxbhsrqyrr690.cloudfront.net/sidearm.nextgen.sites/nacda.com/documents/2024/6/26/23.24FinalDI.pdf,3,53.21543408360129
2023-24,North Dakota State,Summit,146,112.5,FCS,83.0,29.5,0.0,https://dxbhsrqyrr690.cloudfront.net/sidearm.nextgen.sites/nacda.com/documents/2024/6/26/23.24FinalDI.pdf,3,53.21543408360129
2023-24,Sam Houston State,Conference USA,148,111.0,FBS,0.0,83.0,28.0,https://dxbhsrqyrr690.cloudfront.net/sidearm.nextgen.sites/nacda.com/documents/2024/6/26/23.24FinalDI.pdf,3,52.73311897106109
2023-24,Quinnipiac,MAAC,149,110.0,DI,25.0,60.0,25.0,https://dxbhsrqyrr690.cloudfront.net/sidearm.nextgen.sites/nacda.com/documents/2024/6/26/23.24FinalDI.pdf,3,52.41157556270096
2023-24,Wagner,Northeast,150,107.0,FCS,0.0,47.0,60.0,https://dxbhsrqyrr690.cloudfront.net/sidearm.nextgen.sites/nacda.com/documents/2024/6/26/23.24FinalDI.pdf,3,51.929260450160776
2023-24,Southeast Missouri State,OVC,150,107.0,FCS,0.0,27.0,80.0,https://dxbhsrqyrr690.cloudfront.net/sidearm.nextgen.sites/nacda.com/documents/2024/6/26/23.24FinalDI.pdf,3,51.929260450160776
2023-24,St. John's (NY),Big East,152,106.5,DI,0.0,69.0,37.5,https://dxbhsrqyrr690.cloudfront.net/sidearm.nextgen.sites/nacda.com/documents/2024/6/26/23.24FinalDI.pdf,3,51.446945337620576
2023-24,Lehigh,Patriot,153,105.0,FCS,0.0,60.0,45.0,https://dxbhsrqyrr690.cloudfront.net/sidearm.nextgen.sites/nacda.com/documents/2024/6/26/23.24FinalDI.pdf,3,51.12540192926045
2023-24,Richmond,Atlantic 10,154,103.0,FCS,53.0,25.0,25.0,https://dxbhsrqyrr690.cloudfront.net/sidearm.nextgen.sites/nacda.com/documents/2024/6/26/23.24FinalDI.pdf,3,50.64308681672026
2023-24,Mercer,SoCon,154,103.0,FCS,78.0,0.0,25.0,https://dxbhsrqyrr690.cloudfront.net/sidearm.nextgen.sites/nacda.com/documents/2024/6/26/23.24FinalDI.pdf,3,50.64308681672026
2023-24,Middle Tennessee State,Conference USA,156,100.0,FBS,0.0,50.0,50.0,https://dxbhsrqyrr690.cloudfront.net/sidearm.nextgen.sites/nacda.com/documents/2024/6/26/23.24FinalDI.pdf,3,50.0
2023-24,Fairfield,MAAC,156,100.0,DI,25.0,25.0,50.0,https://dxbhsrqyrr690.cloudfront.net/sidearm.nextgen.sites/nacda.com/documents/2024/6/26/23.24FinalDI.pdf,3,50.0
2023-24,Kent State,MAC,158,98.5,FBS,0.0,70.5,28.0,https://dxbhsrqyrr690.cloudfront.net/sidearm.nextgen.sites/nacda.com/documents/2024/6/26/23.24FinalDI.pdf,3,49.51768488745981
2023-24,Stetson,ASUN,159,97.5,FCS,0.0,25.0,72.5,https://dxbhsrqyrr690.cloudfront.net/sidearm.nextgen.sites/nacda.com/documents/2024/6/26/23.24FinalDI.pdf,3,49.19614147909968
2023-24,Idaho,Big Sky,160,95.0,FCS,95.0,0.0,0.0,https://dxbhsrqyrr690.cloudfront.net/sidearm.nextgen.sites/nacda.com/documents/2024/6/26/23.24FinalDI.pdf,3,48.71382636655949
2023-24,Texas A&M Corpus Christi,Southland,160,95.0,DI,0.0,25.0,70.0,https://dxbhsrqyrr690.cloudfront.net/sidearm.nextgen.sites/nacda.com/documents/2024/6/26/23.24FinalDI.pdf,3,48.71382636655949
2023-24,South Dakota,Summit,162,93.5,FCS,70.0,18.5,5.0,https://dxbhsrqyrr690.cloudfront.net/sidearm.nextgen.sites/nacda.com/documents/2024/6/26/23.24FinalDI.pdf,3,48.231511254019296
2023-24,Boise State,Mountain West,163,92.0,FBS,25.0,42.0,25.0,https://dxbhsrqyrr690.cloudfront.net/sidearm.nextgen.sites/nacda.com/documents/2024/6/26/23.24FinalDI.pdf,3,47.90996784565916
2023-24,Saint Joseph's,Atlantic 10,164,90.0,DI,45.0,0.0,45.0,https://dxbhsrqyrr690.cloudfront.net/sidearm.nextgen.sites/nacda.com/documents/2024/6/26/23.24FinalDI.pdf,3,47.10610932475884
2023-24,Montana,Big Sky,164,90.0,FCS,90.0,0.0,0.0,https://dxbhsrqyrr690.cloudfront.net/sidearm.nextgen.sites/nacda.com/documents/2024/6/26/23.24FinalDI.pdf,3,47.10610932475884
2023-24,Louisiana Tech,Conference USA,164,90.0,FBS,0.0,65.0,25.0,https://dxbhsrqyrr690.cloudfront.net/sidearm.nextgen.sites/nacda.com/documents/2024/6/26/23.24FinalDI.pdf,3,47.10610932475884
2023-24,Georgia State,Sun Belt,164,90.0,FBS,45.0,0.0,45.0,https://dxbhsrqyrr690.cloudfront.net/sidearm.nextgen.sites/nacda.com/documents/2024/6/26/23.24FinalDI.pdf,3,47.10610932475884
2023-24,Dartmouth,Ivy League,168,89.3,FCS,0.0,80.0,9.3,https://dxbhsrqyrr690.cloudfront.net/sidearm.nextgen.sites/nacda.com/documents/2024/6/26/23.24FinalDI.pdf,3,46.30225080385852
2023-24,UTSA,American,169,89.0,FBS,45.0,29.0,15.0,https://dxbhsrqyrr690.cloudfront.net/sidearm.nextgen.sites/nacda.com/documents/2024/6/26/23.24FinalDI.pdf,3,45.98070739549839
2023-24,North Carolina Wilmington,CAA,170,87.5,DI,0.0,0.0,87.5,https://dxbhsrqyrr690.cloudfront.net/sidearm.nextgen.sites/nacda.com/documents/2024/6/26/23.24FinalDI.pdf,3,45.659163987138264
2023-24,Northern Iowa,Missouri Valley,171,86.5,FCS,25.0,61.5,0.0,https://dxbhsrqyrr690.cloudfront.net/sidearm.nextgen.sites/nacda.com/documents/2024/6/26/23.24FinalDI.pdf,3,45.337620578778136
2023-24,Wyoming,Mountain West,172,86.0,FBS,45.0,41.0,0.0,https://dxbhsrqyrr690.cloudfront.net/sidearm.nextgen.sites/nacda.com/documents/2024/6/26/23.24FinalDI.pdf,3,45.01607717041801
2023-24,Alabama State,SWAC,173,85.5,FCS,0.0,25.0,60.5,https://dxbhsrqyrr690.cloudfront.net/sidearm.nextgen.sites/nacda.com/documents/2024/6/26/23.24FinalDI.pdf,3,44.69453376205787
2023-24,Binghamton,America East,174,83.5,DI,0.0,33.5,50.0,https://dxbhsrqyrr690.cloudfront.net/sidearm.nextgen.sites/nacda.com/documents/2024/6/26/23.24FinalDI.pdf,3,44.37299035369775
2023-24,Delaware,CAA,175,83.0,FCS,78.0,0.0,5.0,https://dxbhsrqyrr690.cloudfront.net/sidearm.nextgen.sites/nacda.com/documents/2024/6/26/23.24FinalDI.pdf,3,44.05144694533762
2023-24,Cleveland State,Horizon League,176,82.5,DI,0.0,32.5,50.0,https://dxbhsrqyrr690.cloudfront.net/sidearm.nextgen.sites/nacda.com/documents/2024/6/26/23.24FinalDI.pdf,3,43.729903536977496
2023-24,Southern Mississippi,Sun Belt,177,81.0,FBS,0.0,31.0,50.0,https://dxbhsrqyrr690.cloudfront.net/sidearm.nextgen.sites/nacda.com/documents/2024/6/26/23.24FinalDI.pdf,3,43.40836012861736
2023-24,Xavier,Big East,178,80.0,DI,50.0,0.0,30.0,https://dxbhsrqyrr690.cloudfront.net/sidearm.nextgen.sites/nacda.com/documents/2024/6/26/23.24FinalDI.pdf,3,42.92604501607717
2023-24,Appalachian State,Sun Belt,178,80.0,FBS,45.0,35.0,0.0,https://dxbhsrqyrr690.cloudfront.net/sidearm.nextgen.sites/nacda.com/documents/2024/6/26/23.24FinalDI.pdf,3,42.92604501607717
2023-24,Arkansas Pine Bluff,SWAC,180,76.5,FCS,0.0,41.0,35.5,https://dxbhsrqyrr690.cloudfront.net/sidearm.nextgen.sites/nacda.com/documents/2024/6/26/23.24FinalDI.pdf,3,42.443729903536976
2023-24,Tulsa,American,181,75.5,FBS,28.0,0.0,47.5,https://dxbhsrqyrr690.cloudfront.net/sidearm.nextgen.sites/nacda.com/documents/2024/6/26/23.24FinalDI.pdf,3,42.12218649517685
2023-24,Maine,America East,182,75.0,FCS,25.0,50.0,0.0,https://dxbhsrqyrr690.cloudfront.net/sidearm.nextgen.sites/nacda.com/documents/2024/6/26/23.24FinalDI.pdf,3,40.51446945337621
2023-24,UC Santa Barbara,Big West,182,75.0,DI,25.0,0.0,50.0,https://dxbhsrqyrr690.cloudfront.net/sidearm.nextgen.sites/nacda.com/documents/2024/6/26/23.24FinalDI.pdf,3,40.51446945337621
2023-24,FIU,Conference USA,182,75.0,FBS,50.0,0.0,25.0,https://dxbhsrqyrr690.cloudfront.net/sidearm.nextgen.sites/nacda.com/documents/2024/6/26/23.24FinalDI.pdf,3,40.51446945337621
2023-24,Toledo,MAC,182,75.0,FBS,25.0,0.0,50.0,https://dxbhsrqyrr690.cloudfront.net/sidearm.nextgen.sites/nacda.com/documents/2024/6/26/23.24FinalDI.pdf,3,40.51446945337621
2023-24,Drake,Missouri Valley,182,75.0,FCS,25.0,50.0,0.0,https://dxbhsrqyrr690.cloudfront.net/sidearm.nextgen.sites/nacda.com/documents/2024/6/26/23.24FinalDI.pdf,3,40.51446945337621
2023-24,Fairleigh Dickinson,Northeast,182,75.0,DI,0.0,35.0,40.0,https://dxbhsrqyrr690.cloudfront.net/sidearm.nextgen.sites/nacda.com/documents/2024/6/26/23.24FinalDI.pdf,3,40.51446945337621
2023-24,Southeastern Louisiana,Southland,182,75.0,FCS,25.0,0.0,50.0,https://dxbhsrqyrr690.cloudfront.net/sidearm.nextgen.sites/nacda.com/documents/2024/6/26/23.24FinalDI.pdf,3,40.51446945337621
2023-24,Grambling State,SWAC,182,75.0,FCS,25.0,25.0,25.0,https://dxbhsrqyrr690.cloudfront.net/sidearm.nextgen.sites/nacda.com/documents/2024/6/26/23.24FinalDI.pdf,3,40.51446945337621
2023-24,Jackson State,SWAC,182,75.0,FCS,25.0,25.0,25.0,https://dxbhsrqyrr690.cloudfront.net/sidearm.nextgen.sites/nacda.com/documents/2024/6/26/23.24FinalDI.pdf,3,40.51446945337621
2023-24,UNLV,Mountain West,191,72.5,FBS,25.0,25.0,22.5,https://dxbhsrqyrr690.cloudfront.net/sidearm.nextgen.sites/nacda.com/documents/2024/6/26/23.24FinalDI.pdf,3,38.90675241157556
2023-24,William & Mary,CAA,192,70.0,FCS,45.0,0.0,25.0,https://dxbhsrqyrr690.cloudfront.net/sidearm.nextgen.sites/nacda.com/documents/2024/6/26/23.24FinalDI.pdf,3,38.58520900321543
2023-24,Eastern Kentucky,ASUN,193,67.5,FCS,43.0,0.0,24.5,https://dxbhsrqyrr690.cloudfront.net/sidearm.nextgen.sites/nacda.com/documents/2024/6/26/23.24FinalDI.pdf,3,38.263665594855304
2023-24,Utah Valley,WAC,194,67.0,DI,51.0,16.0,0.0,https://dxbhsrqyrr690.cloudfront.net/sidearm.nextgen.sites/nacda.com/documents/2024/6/26/23.24FinalDI.pdf,3,37.942122186495176
2023-24,Iona,MAAC,195,65.5,DI,45.0,0.0,20.5,https://dxbhsrqyrr690.cloudfront.net/sidearm.nextgen.sites/nacda.com/documents/2024/6/26/23.24FinalDI.pdf,3,37.62057877813505
2023-24,Rider,MAAC,196,64.5,DI,25.0,39.5,0.0,https://dxbhsrqyrr690.cloudfront.net/sidearm.nextgen.sites/nacda.com/documents/2024/6/26/23.24FinalDI.pdf,3,37.138263665594856
2023-24,Army West Point,Patriot,196,64.5,FBS,0.0,39.5,25.0,https://dxbhsrqyrr690.cloudfront.net/sidearm.nextgen.sites/nacda.com/documents/2024/6/26/23.24FinalDI.pdf,3,37.138263665594856
2023-24,Arkansas Little Rock,OVC,198,64.3,DI,0.0,55.0,9.3,https://dxbhsrqyrr690.cloudfront.net/sidearm.nextgen.sites/nacda.com/documents/2024/6/26/23.24FinalDI.pdf,3,36.655948553054664
2023-24,Saint Louis,Atlantic 10,199,64.0,DI,64.0,0.0,0.0,https://dxbhsrqyrr690.cloudfront.net/sidearm.nextgen.sites/nacda.com/documents/2024/6/26/23.24FinalDI.pdf,3,36.01286173633441
2023-24,Hofstra,CAA,199,64.0,DI,64.0,0.0,0.0,https://dxbhsrqyrr690.cloudfront.net/sidearm.nextgen.sites/nacda.com/documents/2024/6/26/23.24FinalDI.pdf,3,36.01286173633441
2023-24,Evansville,Missouri Valley,199,64.0,DI,0.0,0.0,64.0,https://dxbhsrqyrr690.cloudfront.net/sidearm.nextgen.sites/nacda.com/documents/2024/6/26/23.24FinalDI.pdf,4,36.01286173633441
2023-24,SIU Edwardsville,OVC,202,62.5,DI,25.0,12.5,25.0,https://dxbhsrqyrr690.cloudfront.net/sidearm.nextgen.sites/nacda.com/documents/2024/6/26/23.24FinalDI.pdf,4,35.20900321543408
2023-24,Wofford,SoCon,202,62.5,FCS,25.0,0.0,37.5,https://dxbhsrqyrr690.cloudfront.net/sidearm.nextgen.sites/nacda.com/documents/2024/6/26/23.24FinalDI.pdf,4,35.20900321543408
2023-24,Northeastern,CAA,204,61.5,DI,0.0,18.5,43.0,https://dxbhsrqyrr690.cloudfront.net/sidearm.nextgen.sites/nacda.com/documents/2024/6/26/23.24FinalDI.pdf,4,34.726688102893895
2023-24,Nevada,Mountain West,205,60.0,FBS,0.0,60.0,0.0,https://dxbhsrqyrr690.cloudfront.net/sidearm.nextgen.sites/nacda.com/documents/2024/6/26/23.24FinalDI.pdf,4,34.244372990353696
2023-24,Sacred Heart,Northeast,205,60.0,FCS,25.0,5.0,30.0,https://dxbhsrqyrr690.cloudfront.net/sidearm.nextgen.sites/nacda.com/documents/2024/6/26/23.24FinalDI.pdf,4,34.244372990353696
2023-24,Oakland,Horizon League,207,59.3,DI,0.0,50.0,9.3,https://dxbhsrqyrr690.cloudfront.net/sidearm.nextgen.sites/nacda.com/documents/2024/6/26/23.24FinalDI.pdf,4,33.762057877813504
2023-24,Northern Colorado,Big Sky,208,58.5,FCS,0.0,23.0,35.5,https://dxbhsrqyrr690.cloudfront.net/sidearm.nextgen.sites/nacda.com/documents/2024/6/26/23.24FinalDI.pdf,4,33.27974276527331
2023-24,Bucknell,Patriot,208,58.5,FCS,25.0,33.5,0.0,https://dxbhsrqyrr690.cloudfront.net/sidearm.nextgen.sites/nacda.com/documents/2024/6/26/23.24FinalDI.pdf,4,33.27974276527331
2023-24,Butler,Big East,210,58.0,FCS,53.0,0.0,5.0,https://dxbhsrqyrr690.cloudfront.net/sidearm.nextgen.sites/nacda.com/documents/2024/6/26/23.24FinalDI.pdf,4,32.475884244372985
2023-24,Akron,MAC,210,58.0,FBS,0.0,58.0,0.0,https://dxbhsrqyrr690.cloudfront.net/sidearm.nextgen.sites/nacda.com/documents/2024/6/26/23.24FinalDI.pdf,4,32.475884244372985
2023-24,Loyola Maryland,Patriot,210,58.0,DI,0.0,0.0,58.0,https://dxbhsrqyrr690.cloudfront.net/sidearm.nextgen.sites/nacda.com/documents/2024/6/26/23.24FinalDI.pdf,4,32.475884244372985
2023-24,Cal State Northridge,Big West,213,57.0,DI,0.0,41.0,16.0,https://dxbhsrqyrr690.cloudfront.net/sidearm.nextgen.sites/nacda.com/documents/2024/6/26/23.24FinalDI.pdf,4,31.832797427652732
2023-24,Incarnate Word,Southland,214,56.0,FCS,28.0,28.0,0.0,https://dxbhsrqyrr690.cloudfront.net/sidearm.nextgen.sites/nacda.com/documents/2024/6/26/23.24FinalDI.pdf,4,31.511254019292608
2023-24,Stony Brook,CAA,215,53.0,FCS,0.0,0.0,53.0,https://dxbhsrqyrr690.cloudfront.net/sidearm.nextgen.sites/nacda.com/documents/2024/6/26/23.24FinalDI.pdf,4,31.189710610932476
2023-24,Howard,MEAC,216,51.0,FBS,25.0,5.0,21.0,https://dxbhsrqyrr690.cloudfront.net/sidearm.nextgen.sites/nacda.com/documents/2024/6/26/23.24FinalDI.pdf,4,30.86816720257235
2023-24,Bryant,America East,217,50.0,FCS,25.0,0.0,25.0,https://dxbhsrqyrr690.cloudfront.net/sidearm.nextgen.sites/nacda.com/documents/2024/6/26/23.24FinalDI.pdf,4,27.974276527331188
2023-24,East Carolina,American,217,50.0,FBS,0.0,0.0,50.0,https://dxbhsrqyrr690.cloudfront.net/sidearm.nextgen.sites/nacda.com/documents/2024/6/26/23.24FinalDI.pdf,4,27.974276527331188
2023-24,FAU,American,217,50.0,FBS,0.0,25.0,25.0,https://dxbhsrqyrr690.cloudfront.net/sidearm.nextgen.sites/nacda.com/documents/2024/6/26/23.24FinalDI.pdf,4,27.974276527331188
2023-24,Massachusetts,Atlantic 10,217,50.0,FBS,0.0,25.0,25.0,https://dxbhsrqyrr690.cloudfront.net/sidearm.nextgen.sites/nacda.com/documents/2024/6/26/23.24FinalDI.pdf,4,27.974276527331188
2023-24,North Carolina Asheville,Big South,217,50.0,DI,0.0,0.0,50.0,https://dxbhsrqyrr690.cloudfront.net/sidearm.nextgen.sites/nacda.com/documents/2024/6/26/23.24FinalDI.pdf,4,27.974276527331188
2023-24,Cal State Fullerton,Big West,217,50.0,DI,0.0,0.0,50.0,https://dxbhsrqyrr690.cloudfront.net/sidearm.nextgen.sites/nacda.com/documents/2024/6/26/23.24FinalDI.pdf,4,27.974276527331188
2023-24,Drexel,CAA,217,50.0,DI,0.0,25.0,25.0,https://dxbhsrqyrr690.cloudfront.net/sidearm.nextgen.sites/nacda.com/documents/2024/6/26/23.24FinalDI.pdf,4,27.974276527331188
2023-24,Wisconsin Green Bay,Horizon League,217,50.0,DI,25.0,25.0,0.0,https://dxbhsrqyrr690.cloudfront.net/sidearm.nextgen.sites/nacda.com/documents/2024/6/26/23.24FinalDI.pdf,4,27.974276527331188
2023-24,Niagara,MAAC,217,50.0,DI,0.0,0.0,50.0,https://dxbhsrqyrr690.cloudfront.net/sidearm.nextgen.sites/nacda.com/documents/2024/6/26/23.24FinalDI.pdf,4,27.974276527331188
2023-24,South Carolina State,MEAC,217,50.0,FCS,0.0,0.0,50.0,https://dxbhsrqyrr690.cloudfront.net/sidearm.nextgen.sites/nacda.com/documents/2024/6/26/23.24FinalDI.pdf,4,27.974276527331188
2023-24,Indiana State,Missouri Valley,217,50.0,FCS,0.0,0.0,50.0,https://dxbhsrqyrr690.cloudfront.net/sidearm.nextgen.sites/nacda.com/documents/2024/6/26/23.24FinalDI.pdf,4,27.974276527331188
2023-24,Missouri State,Missouri Valley,217,50.0,FCS,50.0,0.0,0.0,https://dxbhsrqyrr690.cloudfront.net/sidearm.nextgen.sites/nacda.com/documents/2024/6/26/23.24FinalDI.pdf,4,27.974276527331188
2023-24,Morehead State,OVC,217,50.0,FCS,25.0,25.0,0.0,https://dxbhsrqyrr690.cloudfront.net/sidearm.nextgen.sites/nacda.com/documents/2024/6/26/23.24FinalDI.pdf,4,27.974276527331188
2023-24,Nicholls State,Southland,217,50.0,FCS,25.0,0.0,25.0,https://dxbhsrqyrr690.cloudfront.net/sidearm.nextgen.sites/nacda.com/documents/2024/6/26/23.24FinalDI.pdf,4,27.974276527331188
2023-24,North Dakota,Summit,217,50.0,FCS,25.0,25.0,0.0,https://dxbhsrqyrr690.cloudfront.net/sidearm.nextgen.sites/nacda.com/documents/2024/6/26/23.24FinalDI.pdf,4,27.974276527331188
2023-24,Saint Mary's (CA),WCC,217,50.0,DI,0.0,25.0,25.0,https://dxbhsrqyrr690.cloudfront.net/sidearm.nextgen.sites/nacda.com/documents/2024/6/26/23.24FinalDI.pdf,4,27.974276527331188
2023-24,Santa Clara,WCC,217,50.0,DI,50.0,0.0,0.0,https://dxbhsrqyrr690.cloudfront.net/sidearm.nextgen.sites/nacda.com/documents/2024/6/26/23.24FinalDI.pdf,4,27.974276527331188
2023-24,DePaul,Big East,234,47.5,DI,0.0,22.5,25.0,https://dxbhsrqyrr690.cloudfront.net/sidearm.nextgen.sites/nacda.com/documents/2024/6/26/23.24FinalDI.pdf,4,25.080385852090032
2023-24,Southern Utah,WAC,235,45.5,FCS,0.0,45.5,0.0,https://dxbhsrqyrr690.cloudfront.net/sidearm.nextgen.sites/nacda.com/documents/2024/6/26/23.24FinalDI.pdf,4,24.59807073954984
2023-24,Texas Arlington,WAC,235,45.5,DI,0.0,0.0,45.5,https://dxbhsrqyrr690.cloudfront.net/sidearm.nextgen.sites/nacda.com/documents/2024/6/26/23.24FinalDI.pdf,4,24.59807073954984
2023-24,North Carolina A&T State,CAA,237,45.0,FCS,0.0,45.0,0.0,https://dxbhsrqyrr690.cloudfront.net/sidearm.nextgen.sites/nacda.com/documents/2024/6/26/23.24FinalDI.pdf,4,23.311897106109324
2023-24,Northern Illinois,MAC,237,45.0,FBS,45.0,0.0,0.0,https://dxbhsrqyrr690.cloudfront.net/sidearm.nextgen.sites/nacda.com/documents/2024/6/26/23.24FinalDI.pdf,4,23.311897106109324
2023-24,Maryland Eastern Shore,MEAC,237,45.0,DI,0.0,45.0,0.0,https://dxbhsrqyrr690.cloudfront.net/sidearm.nextgen.sites/nacda.com/documents/2024/6/26/23.24FinalDI.pdf,4,23.311897106109324
2023-24,Merrimack,Northeast,237,45.0,DI,0.0,45.0,0.0,https://dxbhsrqyrr690.cloudfront.net/sidearm.nextgen.sites/nacda.com/documents/2024/6/26/23.24FinalDI.pdf,4,23.311897106109324
2023-24,American,Patriot,237,45.0,DI,45.0,0.0,0.0,https://dxbhsrqyrr690.cloudfront.net/sidearm.nextgen.sites/nacda.com/documents/2024/6/26/23.24FinalDI.pdf,4,23.311897106109324
2023-24,Florida A&M,SWAC,237,45.0,FBS,45.0,0.0,0.0,https://dxbhsrqyrr690.cloudfront.net/sidearm.nextgen.sites/nacda.com/documents/2024/6/26/23.24FinalDI.pdf,4,23.311897106109324
2023-24,Campbell,CAA,243,43.0,FCS,0.0,43.0,0.0,https://dxbhsrqyrr690.cloudfront.net/sidearm.nextgen.sites/nacda.com/documents/2024/6/26/23.24FinalDI.pdf,4,22.186495176848876
2023-24,Gardner-Webb,Big South,244,41.0,FCS,25.0,16.0,0.0,https://dxbhsrqyrr690.cloudfront.net/sidearm.nextgen.sites/nacda.com/documents/2024/6/26/23.24FinalDI.pdf,4,21.864951768488748
2023-24,Saint Francis (PA),Northeast,245,37.5,FCS,0.0,0.0,37.5,https://dxbhsrqyrr690.cloudfront.net/sidearm.nextgen.sites/nacda.com/documents/2024/6/26/23.24FinalDI.pdf,4,21.54340836012862
2023-24,UC San Diego,Big West,246,36.0,DI,0.0,36.0,0.0,https://dxbhsrqyrr690.cloudfront.net/sidearm.nextgen.sites/nacda.com/documents/2024/6/26/23.24FinalDI.pdf,4,21.221864951768488
2023-24,North Texas,American,247,34.0,FBS,0.0,0.0,34.0,https://dxbhsrqyrr690.cloudfront.net/sidearm.nextgen.sites/nacda.com/documents/2024/6/26/23.24FinalDI.pdf,4,20.418006430868168
2023-24,Wichita State,American,247,34.0,DI,0.0,29.0,5.0,https://dxbhsrqyrr690.cloudfront.net/sidearm.nextgen.sites/nacda.com/documents/2024/6/26/23.24FinalDI.pdf,4,20.418006430868168
2023-24,Rhode Island,Atlantic 10,247,34.0,FCS,0.0,0.0,34.0,https://dxbhsrqyrr690.cloudfront.net/sidearm.nextgen.sites/nacda.com/documents/2024/6/26/23.24FinalDI.pdf,4,20.418006430868168
2023-24,North Carolina Greensboro,SoCon,247,34.0,DI,0.0,0.0,34.0,https://dxbhsrqyrr690.cloudfront.net/sidearm.nextgen.sites/nacda.com/documents/2024/6/26/23.24FinalDI.pdf,4,20.418006430868168
2023-24,George Washington,Atlantic 10,251,32.0,DI,0.0,32.0,0.0,https://dxbhsrqyrr690.cloudfront.net/sidearm.nextgen.sites/nacda.com/documents/2024/6/26/23.24FinalDI.pdf,4,19.614147909967848
2023-24,Central Michigan,MAC,252,31.5,FBS,0.0,31.5,0.0,https://dxbhsrqyrr690.cloudfront.net/sidearm.nextgen.sites/nacda.com/documents/2024/6/26/23.24FinalDI.pdf,4,19.292604501607716
2023-24,Temple,American,253,30.0,FBS,0.0,30.0,0.0,https://dxbhsrqyrr690.cloudfront.net/sidearm.nextgen.sites/nacda.com/documents/2024/6/26/23.24FinalDI.pdf,4,18.167202572347264
2023-24,Jacksonville,ASUN,253,30.0,FCS,0.0,0.0,30.0,https://dxbhsrqyrr690.cloudfront.net/sidearm.nextgen.sites/nacda.com/documents/2024/6/26/23.24FinalDI.pdf,4,18.167202572347264
2023-24,College of Charleston,CAA,253,30.0,DI,0.0,25.0,5.0,https://dxbhsrqyrr690.cloudfront.net/sidearm.nextgen.sites/nacda.com/documents/2024/6/26/23.24FinalDI.pdf,4,18.167202572347264
2023-24,Wright State,Horizon League,253,30.0,DI,25.0,0.0,5.0,https://dxbhsrqyrr690.cloudfront.net/sidearm.nextgen.sites/nacda.com/documents/2024/6/26/23.24FinalDI.pdf,4,18.167202572347264
2023-24,Siena,MAAC,253,30.0,DI,0.0,0.0,30.0,https://dxbhsrqyrr690.cloudfront.net/sidearm.nextgen.sites/nacda.com/documents/2024/6/26/23.24FinalDI.pdf,4,18.167202572347264
2023-24,Seattle,WAC,253,30.0,DI,25.0,0.0,5.0,https://dxbhsrqyrr690.cloudfront.net/sidearm.nextgen.sites/nacda.com/documents/2024/6/26/23.24FinalDI.pdf,4,18.167202572347264
2023-24,Cincinnati,Big 12,259,29.0,FBS,0.0,29.0,0.0,https://dxbhsrqyrr690.cloudfront.net/sidearm.nextgen.sites/nacda.com/documents/2024/6/26/23.24FinalDI.pdf,4,17.041800643086816
2023-24,Loyola Chicago,Atlantic 10,260,28.0,DI,28.0,0.0,0.0,https://dxbhsrqyrr690.cloudfront.net/sidearm.nextgen.sites/nacda.com/documents/2024/6/26/23.24FinalDI.pdf,4,16.720257234726688
2023-24,George Mason,Atlantic 10,261,26.0,DI,0.0,26.0,0.0,https://dxbhsrqyrr690.cloudfront.net/sidearm.nextgen.sites/nacda.com/documents/2024/6/26/23.24FinalDI.pdf,4,16.39871382636656
2023-24,NJIT,America East,262,25.0,DI,0.0,0.0,25.0,https://dxbhsrqyrr690.cloudfront.net/sidearm.nextgen.sites/nacda.com/documents/2024/6/26/23.24FinalDI.pdf,4,10.128617363344052
2023-24,UMBC,America East,262,25.0,DI,25.0,0.0,0.0,https://dxbhsrqyrr690.cloudfront.net/sidearm.nextgen.sites/nacda.com/documents/2024/6/26/23.24FinalDI.pdf,4,10.128617363344052
2023-24,UAB,American,262,25.0,FBS,0.0,25.0,0.0,https://dxbhsrqyrr690.cloudfront.net/sidearm.nextgen.sites/nacda.com/documents/2024/6/26/23.24FinalDI.pdf,4,10.128617363344052
2023-24,Austin Peay State,ASUN,262,25.0,FCS,25.0,0.0,0.0,https://dxbhsrqyrr690.cloudfront.net/sidearm.nextgen.sites/nacda.com/documents/2024/6/26/23.24FinalDI.pdf,4,10.128617363344052
2023-24,Fordham,Atlantic 10,262,25.0,FCS,25.0,0.0,0.0,https://dxbhsrqyrr690.cloudfront.net/sidearm.nextgen.sites/nacda.com/documents/2024/6/26/23.24FinalDI.pdf,4,10.128617363344052
2023-24,Eastern Washington,Big Sky,262,25.0,FCS,0.0,25.0,0.0,https://dxbhsrqyrr690.cloudfront.net/sidearm.nextgen.sites/nacda.com/documents/2024/6/26/23.24FinalDI.pdf,4,10.128617363344052
2023-24,Weber State,Big Sky,262,25.0,FCS,25.0,0.0,0.0,https://dxbhsrqyrr690.cloudfront.net/sidearm.nextgen.sites/nacda.com/documents/2024/6/26/23.24FinalDI.pdf,5,10.128617363344052
2023-24,Longwood,Big South,262,25.0,DI,0.0,25.0,0.0,https://dxbhsrqyrr690.cloudfront.net/sidearm.nextgen.sites/nacda.com/documents/2024/6/26/23.24FinalDI.pdf,5,10.128617363344052
2023-24,Presbyterian College,Big South,262,25.0,FCS,0.0,25.0,0.0,https://dxbhsrqyrr690.cloudfront.net/sidearm.nextgen.sites/nacda.com/documents/2024/6/26/23.24FinalDI.pdf,5,10.128617363344052
2023-24,Radford,Big South,262,25.0,DI,25.0,0.0,0.0,https://dxbhsrqyrr690.cloudfront.net/sidearm.nextgen.sites/nacda.com/documents/2024/6/26/23.24FinalDI.pdf,5,10.128617363344052
2023-24,South Carolina Upstate,Big South,262,25.0,DI,0.0,0.0,25.0,https://dxbhsrqyrr690.cloudfront.net/sidearm.nextgen.sites/nacda.com/documents/2024/6/26/23.24FinalDI.pdf,5,10.128617363344052
2023-24,New Mexico State,Conference USA,262,25.0,FBS,25.0,0.0,0.0,https://dxbhsrqyrr690.cloudfront.net/sidearm.nextgen.sites/nacda.com/documents/2024/6/26/23.24FinalDI.pdf,5,10.128617363344052
2023-24,Northern Kentucky,Horizon League,262,25.0,DI,0.0,0.0,25.0,https://dxbhsrqyrr690.cloudfront.net/sidearm.nextgen.sites/nacda.com/documents/2024/6/26/23.24FinalDI.pdf,5,10.128617363344052
2023-24,Robert Morris,Horizon League,262,25.0,FCS,0.0,0.0,25.0,https://dxbhsrqyrr690.cloudfront.net/sidearm.nextgen.sites/nacda.com/documents/2024/6/26/23.24FinalDI.pdf,5,10.128617363344052
2023-24,Wisconsin Milwaukee,Horizon League,262,25.0,DI,25.0,0.0,0.0,https://dxbhsrqyrr690.cloudfront.net/sidearm.nextgen.sites/nacda.com/documents/2024/6/26/23.24FinalDI.pdf,5,10.128617363344052
2023-24,Chicago State,Independent,262,25.0,DI,0.0,0.0,25.0,https://dxbhsrqyrr690.cloudfront.net/sidearm.nextgen.sites/nacda.com/documents/2024/6/26/23.24FinalDI.pdf,5,10.128617363344052
2023-24,Saint Peter's,MAAC,262,25.0,DI,0.0,25.0,0.0,https://dxbhsrqyrr690.cloudfront.net/sidearm.nextgen.sites/nacda.com/documents/2024/6/26/23.24FinalDI.pdf,5,10.128617363344052
2023-24,Bowling Green,MAC,262,25.0,FBS,25.0,0.0,0.0,https://dxbhsrqyrr690.cloudfront.net/sidearm.nextgen.sites/nacda.com/documents/2024/6/26/23.24FinalDI.pdf,5,10.128617363344052
2023-24,Eastern Michigan,MAC,262,25.0,FBS,25.0,0.0,0.0,https://dxbhsrqyrr690.cloudfront.net/sidearm.nextgen.sites/nacda.com/documents/2024/6/26/23.24FinalDI.pdf,5,10.128617363344052
2023-24,Coppin State,MEAC,262,25.0,DI,25.0,0.0,0.0,https://dxbhsrqyrr690.cloudfront.net/sidearm.nextgen.sites/nacda.com/documents/2024/6/26/23.24FinalDI.pdf,5,10.128617363344052
2023-24,Morgan State,MEAC,262,25.0,FCS,0.0,0.0,25.0,https://dxbhsrqyrr690.cloudfront.net/sidearm.nextgen.sites/nacda.com/documents/2024/6/26/23.24FinalDI.pdf,5,10.128617363344052
2023-24,Norfolk State,MEAC,262,25.0,FCS,0.0,25.0,0.0,https://dxbhsrqyrr690.cloudfront.net/sidearm.nextgen.sites/nacda.com/documents/2024/6/26/23.24FinalDI.pdf,5,10.128617363344052
2023-24,North Carolina Central,MEAC,262,25.0,FCS,25.0,0.0,0.0,https://dxbhsrqyrr690.cloudfront.net/sidearm.nextgen.sites/nacda.com/documents/2024/6/26/23.24FinalDI.pdf,5,10.128617363344052
2023-24,Murray State,Missouri Valley,262,25.0,FCS,0.0,0.0,25.0,https://dxbhsrqyrr690.cloudfront.net/sidearm.nextgen.sites/nacda.com/documents/2024/6/26/23.24FinalDI.pdf,5,10.128617363344052
2023-24,Valparaiso,Missouri Valley,262,25.0,FCS,25.0,0.0,0.0,https://dxbhsrqyrr690.cloudfront.net/sidearm.nextgen.sites/nacda.com/documents/2024/6/26/23.24FinalDI.pdf,5,10.128617363344052
2023-24,Central Connecticut State,Northeast,262,25.0,FCS,25.0,0.0,0.0,https://dxbhsrqyrr690.cloudfront.net/sidearm.nextgen.sites/nacda.com/documents/2024/6/26/23.24FinalDI.pdf,5,10.128617363344052
2023-24,Stonehill (2026-27),Northeast,262,25.0,DI,0.0,25.0,0.0,https://dxbhsrqyrr690.cloudfront.net/sidearm.nextgen.sites/nacda.com/documents/2024/6/26/23.24FinalDI.pdf,5,10.128617363344052
2023-24,Eastern Illinois,OVC,262,25.0,FCS,25.0,0.0,0.0,https://dxbhsrqyrr690.cloudfront.net/sidearm.nextgen.sites/nacda.com/documents/2024/6/26/23.24FinalDI.pdf,5,10.128617363344052
2023-24,Holy Cross,Patriot,262,25.0,FCS,0.0,25.0,0.0,https://dxbhsrqyrr690.cloudfront.net/sidearm.nextgen.sites/nacda.com/documents/2024/6/26/23.24FinalDI.pdf,5,10.128617363344052
2023-24,Lafayette,Patriot,262,25.0,FCS,25.0,0.0,0.0,https://dxbhsrqyrr690.cloudfront.net/sidearm.nextgen.sites/nacda.com/documents/2024/6/26/23.24FinalDI.pdf,5,10.128617363344052
2023-24,Samford,SoCon,262,25.0,FCS,0.0,25.0,0.0,https://dxbhsrqyrr690.cloudfront.net/sidearm.nextgen.sites/nacda.com/documents/2024/6/26/23.24FinalDI.pdf,5,10.128617363344052
2023-24,Western Carolina,SoCon,262,25.0,FCS,25.0,0.0,0.0,https://dxbhsrqyrr690.cloudfront.net/sidearm.nextgen.sites/nacda.com/documents/2024/6/26/23.24FinalDI.pdf,5,10.128617363344052
2023-24,Lamar,Southland,262,25.0,FCS,25.0,0.0,0.0,https://dxbhsrqyrr690.cloudfront.net/sidearm.nextgen.sites/nacda.com/documents/2024/6/26/23.24FinalDI.pdf,5,10.128617363344052
2023-24,McNeese State,Southland,262,25.0,FCS,0.0,25.0,0.0,https://dxbhsrqyrr690.cloudfront.net/sidearm.nextgen.sites/nacda.com/documents/2024/6/26/23.24FinalDI.pdf,5,10.128617363344052
2023-24,Oral Roberts,Summit,262,25.0,DI,0.0,0.0,25.0,https://dxbhsrqyrr690.cloudfront.net/sidearm.nextgen.sites/nacda.com/documents/2024/6/26/23.24FinalDI.pdf,5,10.128617363344052
2023-24,Georgia Southern,Sun Belt,262,25.0,FBS,25.0,0.0,0.0,https://dxbhsrqyrr690.cloudfront.net/sidearm.nextgen.sites/nacda.com/documents/2024/6/26/23.24FinalDI.pdf,5,10.128617363344052
2023-24,Troy,Sun Belt,262,25.0,FBS,25.0,0.0,0.0,https://dxbhsrqyrr690.cloudfront.net/sidearm.nextgen.sites/nacda.com/documents/2024/6/26/23.24FinalDI.pdf,5,10.128617363344052
2023-24,Stephen F. Austin,WAC,262,25.0,FCS,25.0,0.0,0.0,https://dxbhsrqyrr690.cloudfront.net/sidearm.nextgen.sites/nacda.com/documents/2024/6/26/23.24FinalDI.pdf,5,10.128617363344052
2023-24,Buffalo,MAC,300,20.0,FBS,0.0,20.0,0.0,https://dxbhsrqyrr690.cloudfront.net/sidearm.nextgen.sites/nacda.com/documents/2024/6/26/23.24FinalDI.pdf,5,3.858520900321544
2023-24,Louisiana Monroe,Sun Belt,301,19.0,FBS,0.0,0.0,19.0,https://dxbhsrqyrr690.cloudfront.net/sidearm.nextgen.sites/nacda.com/documents/2024/6/26/23.24FinalDI.pdf,5,3.536977491961415
2023-24,Virginia Military Institute,SoCon,302,16.0,FCS,0.0,16.0,0.0,https://dxbhsrqyrr690.cloudfront.net/sidearm.nextgen.sites/nacda.com/documents/2024/6/26/23.24FinalDI.pdf,5,3.215434083601286
2023-24,UMKC,Summit,303,10.0,DI,0.0,0.0,10.0,https://dxbhsrqyrr690.cloudfront.net/sidearm.nextgen.sites/nacda.com/documents/2024/6/26/23.24FinalDI.pdf,5,2.8938906752411575
2023-24,Kennesaw State,ASUN,304,9.3,FCS,0.0,0.0,9.3,https://dxbhsrqyrr690.cloudfront.net/sidearm.nextgen.sites/nacda.com/documents/2024/6/26/23.24FinalDI.pdf,5,2.4115755627009645
2023-24,Charleston Southern,Big South,304,9.3,FCS,0.0,0.0,9.3,https://dxbhsrqyrr690.cloudfront.net/sidearm.nextgen.sites/nacda.com/documents/2024/6/26/23.24FinalDI.pdf,5,2.4115755627009645
2023-24,Seton Hall,Big East,306,5.0,DI,0.0,0.0,5.0,https://dxbhsrqyrr690.cloudfront.net/sidearm.nextgen.sites/nacda.com/documents/2024/6/26/23.24FinalDI.pdf,5,1.1254019292604502
2023-24,Winthrop,Big South,306,5.0,DI,0.0,0.0,5.0,https://dxbhsrqyrr690.cloudfront.net/sidearm.nextgen.sites/nacda.com/documents/2024/6/26/23.24FinalDI.pdf,5,1.1254019292604502
2023-24,Illinois State,Missouri Valley,306,5.0,FCS,0.0,0.0,5.0,https://dxbhsrqyrr690.cloudfront.net/sidearm.nextgen.sites/nacda.com/documents/2024/6/26/23.24FinalDI.pdf,5,1.1254019292604502
2023-24,Tennessee Martin,OVC,306,5.0,FCS,0.0,5.0,0.0,https://dxbhsrqyrr690.cloudfront.net/sidearm.nextgen.sites/nacda.com/documents/2024/6/26/23.24FinalDI.pdf,5,1.1254019292604502
2023-24,Tennessee Tech,OVC,306,5.0,FCS,0.0,0.0,5.0,https://dxbhsrqyrr690.cloudfront.net/sidearm.nextgen.sites/nacda.com/documents/2024/6/26/23.24FinalDI.pdf,5,1.1254019292604502
2023-24,Northwestern State,Southland,306,5.0,FCS,0.0,0.0,5.0,https://dxbhsrqyrr690.cloudfront.net/sidearm.nextgen.sites/nacda.com/documents/2024/6/26/23.24FinalDI.pdf,5,1.1254019292604502
2024-25,Texas,SEC,1,1255.25,FBS,242.0,319.0,694.25,https://dxbhsrqyrr690.cloudfront.net/sidearm.nextgen.sites/nacda.com/documents/2025/6/23/24.25DivIStandingsFinal.pdf,1,100.0
2024-25,USC,Big Ten,2,1253.75,FBS,258.0,384.0,611.75,https://dxbhsrqyrr690.cloudfront.net/sidearm.nextgen.sites/nacda.com/documents/2025/6/23/24.25DivIStandingsFinal.pdf,1,99.66996699669967
2024-25,Stanford,ACC,3,1251.0,FBS,358.0,382.5,510.5,https://dxbhsrqyrr690.cloudfront.net/sidearm.nextgen.sites/nacda.com/documents/2025/6/23/24.25DivIStandingsFinal.pdf,1,99.33993399339934
2024-25,North Carolina,ACC,4,1195.25,FBS,372.5,474.25,348.5,https://dxbhsrqyrr690.cloudfront.net/sidearm.nextgen.sites/nacda.com/documents/2025/6/23/24.25DivIStandingsFinal.pdf,1,99.00990099009901
2024-25,UCLA,Big Ten,5,1149.0,FBS,175.0,255.0,719.0,https://dxbhsrqyrr690.cloudfront.net/sidearm.nextgen.sites/nacda.com/documents/2025/6/23/24.25DivIStandingsFinal.pdf,1,98.67986798679867
2024-25,Tennessee,SEC,6,1078.0,FBS,195.5,346.25,536.25,https://dxbhsrqyrr690.cloudfront.net/sidearm.nextgen.sites/nacda.com/documents/2025/6/23/24.25DivIStandingsFinal.pdf,1,98.34983498349835
2024-25,Florida,SEC,7,1072.0,FBS,173.5,387.25,511.25,https://dxbhsrqyrr690.cloudfront.net/sidearm.nextgen.sites/nacda.com/documents/2025/6/23/24.25DivIStandingsFinal.pdf,1,98.01980198019803
2024-25,Ohio State,Big Ten,8,1032.25,FBS,247.0,461.25,324.0,https://dxbhsrqyrr690.cloudfront.net/sidearm.nextgen.sites/nacda.com/documents/2025/6/23/24.25DivIStandingsFinal.pdf,1,97.6897689768977
2024-25,Oklahoma,SEC,9,1017.2,FBS,75.0,449.95,492.25,https://dxbhsrqyrr690.cloudfront.net/sidearm.nextgen.sites/nacda.com/documents/2025/6/23/24.25DivIStandingsFinal.pdf,1,97.35973597359737
2024-25,Duke,ACC,10,1010.0,FBS,223.0,319.5,467.5,https://dxbhsrqyrr690.cloudfront.net/sidearm.nextgen.sites/nacda.com/documents/2025/6/23/24.25DivIStandingsFinal.pdf,1,97.02970297029702
2024-25,Arkansas,SEC,11,966.7,FBS,251.0,306.95,408.75,https://dxbhsrqyrr690.cloudfront.net/sidearm.nextgen.sites/nacda.com/documents/2025/6/23/24.25DivIStandingsFinal.pdf,1,96.69966996699671
2024-25,Virginia,ACC,12,966.0,FBS,293.5,213.75,458.75,https://dxbhsrqyrr690.cloudfront.net/sidearm.nextgen.sites/nacda.com/documents/2025/6/23/24.25DivIStandingsFinal.pdf,1,96.36963696369637
2024-25,Michigan,Big Ten,13,928.5,FBS,140.0,512.0,276.5,https://dxbhsrqyrr690.cloudfront.net/sidearm.nextgen.sites/nacda.com/documents/2025/6/23/24.25DivIStandingsFinal.pdf,1,96.03960396039604
2024-25,Georgia,SEC,14,920.0,FBS,98.5,389.0,432.5,https://dxbhsrqyrr690.cloudfront.net/sidearm.nextgen.sites/nacda.com/documents/2025/6/23/24.25DivIStandingsFinal.pdf,1,95.7095709570957
2024-25,Texas A&M,SEC,15,907.75,FBS,116.0,301.25,490.5,https://dxbhsrqyrr690.cloudfront.net/sidearm.nextgen.sites/nacda.com/documents/2025/6/23/24.25DivIStandingsFinal.pdf,1,95.37953795379538
2024-25,Penn State,Big Ten,16,893.0,FBS,335.0,415.0,143.0,https://dxbhsrqyrr690.cloudfront.net/sidearm.nextgen.sites/nacda.com/documents/2025/6/23/24.25DivIStandingsFinal.pdf,1,95.04950495049505
2024-25,LSU,SEC,17,881.0,FBS,99.0,348.25,433.75,https://dxbhsrqyrr690.cloudfront.net/sidearm.nextgen.sites/nacda.com/documents/2025/6/23/24.25DivIStandingsFinal.pdf,1,94.71947194719472
2024-25,Oregon,Big Ten,18,879.75,FBS,280.5,260.0,339.25,https://dxbhsrqyrr690.cloudfront.net/sidearm.nextgen.sites/nacda.com/documents/2025/6/23/24.25DivIStandingsFinal.pdf,1,94.38943894389439
2024-25,Auburn,SEC,19,867.5,FBS,77.0,332.25,458.25,https://dxbhsrqyrr690.cloudfront.net/sidearm.nextgen.sites/nacda.com/documents/2025/6/23/24.25DivIStandingsFinal.pdf,1,94.05940594059405
2024-25,North Carolina State,ACC,20,854.75,FBS,184.5,374.0,296.25,https://dxbhsrqyrr690.cloudfront.net/sidearm.nextgen.sites/nacda.com/documents/2025/6/23/24.25DivIStandingsFinal.pdf,1,93.72937293729373
2024-25,Nebraska,Big Ten,21,849.75,FBS,157.0,481.75,211.0,https://dxbhsrqyrr690.cloudfront.net/sidearm.nextgen.sites/nacda.com/documents/2025/6/23/24.25DivIStandingsFinal.pdf,1,93.3993399339934
2024-25,Alabama,SEC,22,830.5,FBS,180.5,404.0,246.0,https://dxbhsrqyrr690.cloudfront.net/sidearm.nextgen.sites/nacda.com/documents/2025/6/23/24.25DivIStandingsFinal.pdf,1,93.06930693069307
2024-25,South Carolina,SEC,23,826.75,FBS,130.0,276.0,420.75,https://dxbhsrqyrr690.cloudfront.net/sidearm.nextgen.sites/nacda.com/documents/2025/6/23/24.25DivIStandingsFinal.pdf,1,92.73927392739274
2024-25,California,ACC,24,819.75,FBS,50.0,320.25,449.5,https://dxbhsrqyrr690.cloudfront.net/sidearm.nextgen.sites/nacda.com/documents/2025/6/23/24.25DivIStandingsFinal.pdf,1,92.4092409240924
2024-25,BYU,Big 12,25,813.75,FBS,311.5,291.0,211.25,https://dxbhsrqyrr690.cloudfront.net/sidearm.nextgen.sites/nacda.com/documents/2025/6/23/24.25DivIStandingsFinal.pdf,1,92.07920792079209
2024-25,Wisconsin,Big Ten,26,806.7,FBS,269.0,424.7,113.0,https://dxbhsrqyrr690.cloudfront.net/sidearm.nextgen.sites/nacda.com/documents/2025/6/23/24.25DivIStandingsFinal.pdf,1,91.74917491749174
2024-25,Ole Miss,SEC,27,783.25,FBS,162.0,274.75,346.5,https://dxbhsrqyrr690.cloudfront.net/sidearm.nextgen.sites/nacda.com/documents/2025/6/23/24.25DivIStandingsFinal.pdf,1,91.41914191419141
2024-25,Florida State,ACC,28,776.0,FBS,152.0,162.5,461.5,https://dxbhsrqyrr690.cloudfront.net/sidearm.nextgen.sites/nacda.com/documents/2025/6/23/24.25DivIStandingsFinal.pdf,1,91.0891089108911
2024-25,Oklahoma State,Big 12,29,752.5,FBS,142.5,185.0,425.0,https://dxbhsrqyrr690.cloudfront.net/sidearm.nextgen.sites/nacda.com/documents/2025/6/23/24.25DivIStandingsFinal.pdf,1,90.75907590759076
2024-25,Kentucky,SEC,30,745.95,FBS,123.0,403.95,219.0,https://dxbhsrqyrr690.cloudfront.net/sidearm.nextgen.sites/nacda.com/documents/2025/6/23/24.25DivIStandingsFinal.pdf,1,90.42904290429043
2024-25,Illinois,Big Ten,31,731.5,FBS,83.5,389.5,258.5,https://dxbhsrqyrr690.cloudfront.net/sidearm.nextgen.sites/nacda.com/documents/2025/6/23/24.25DivIStandingsFinal.pdf,1,90.0990099009901
2024-25,Washington,Big Ten,32,722.2,FBS,271.5,135.7,315.0,https://dxbhsrqyrr690.cloudfront.net/sidearm.nextgen.sites/nacda.com/documents/2025/6/23/24.25DivIStandingsFinal.pdf,1,89.76897689768977
2024-25,Princeton,Ivy League,33,698.5,FCS,219.0,191.0,288.5,https://dxbhsrqyrr690.cloudfront.net/sidearm.nextgen.sites/nacda.com/documents/2025/6/23/24.25DivIStandingsFinal.pdf,1,89.43894389438944
2024-25,Arizona State,Big 12,34,693.25,FBS,122.0,278.5,292.75,https://dxbhsrqyrr690.cloudfront.net/sidearm.nextgen.sites/nacda.com/documents/2025/6/23/24.25DivIStandingsFinal.pdf,1,89.10891089108911
2024-25,Notre Dame,ACC,35,691.5,FBS,289.0,213.5,189.0,https://dxbhsrqyrr690.cloudfront.net/sidearm.nextgen.sites/nacda.com/documents/2025/6/23/24.25DivIStandingsFinal.pdf,1,88.77887788778878
2024-25,Harvard,Ivy League,36,674.25,FCS,158.0,231.75,284.5,https://dxbhsrqyrr690.cloudfront.net/sidearm.nextgen.sites/nacda.com/documents/2025/6/23/24.25DivIStandingsFinal.pdf,1,88.44884488448845
2024-25,Louisville,ACC,37,648.5,FBS,135.0,256.5,257.0,https://dxbhsrqyrr690.cloudfront.net/sidearm.nextgen.sites/nacda.com/documents/2025/6/23/24.25DivIStandingsFinal.pdf,1,88.11881188118812
2024-25,TCU,Big 12,38,639.5,FBS,145.0,169.5,325.0,https://dxbhsrqyrr690.cloudfront.net/sidearm.nextgen.sites/nacda.com/documents/2025/6/23/24.25DivIStandingsFinal.pdf,1,87.78877887788778
2024-25,Minnesota,Big Ten,39,622.5,FBS,215.0,335.5,72.0,https://dxbhsrqyrr690.cloudfront.net/sidearm.nextgen.sites/nacda.com/documents/2025/6/23/24.25DivIStandingsFinal.pdf,1,87.45874587458746
2024-25,Texas Tech,Big 12,40,613.75,FBS,75.0,210.25,328.5,https://dxbhsrqyrr690.cloudfront.net/sidearm.nextgen.sites/nacda.com/documents/2025/6/23/24.25DivIStandingsFinal.pdf,1,87.12871287128714
2024-25,Wake Forest,ACC,41,611.0,FBS,264.0,39.0,308.0,https://dxbhsrqyrr690.cloudfront.net/sidearm.nextgen.sites/nacda.com/documents/2025/6/23/24.25DivIStandingsFinal.pdf,1,86.79867986798679
2024-25,West Virginia,Big 12,42,595.0,FBS,190.0,291.5,113.5,https://dxbhsrqyrr690.cloudfront.net/sidearm.nextgen.sites/nacda.com/documents/2025/6/23/24.25DivIStandingsFinal.pdf,1,86.46864686468648
2024-25,Arizona,Big 12,43,571.75,FBS,0.0,256.25,315.5,https://dxbhsrqyrr690.cloudfront.net/sidearm.nextgen.sites/nacda.com/documents/2025/6/23/24.25DivIStandingsFinal.pdf,1,86.13861386138613
2024-25,Cornell,Ivy League,44,537.5,FCS,77.0,305.5,155.0,https://dxbhsrqyrr690.cloudfront.net/sidearm.nextgen.sites/nacda.com/documents/2025/6/23/24.25DivIStandingsFinal.pdf,1,85.8085808580858
2024-25,Virginia Tech,ACC,45,536.0,FBS,146.0,254.0,136.0,https://dxbhsrqyrr690.cloudfront.net/sidearm.nextgen.sites/nacda.com/documents/2025/6/23/24.25DivIStandingsFinal.pdf,1,85.47854785478548
2024-25,Mississippi State,SEC,46,535.25,FBS,64.0,147.75,323.5,https://dxbhsrqyrr690.cloudfront.net/sidearm.nextgen.sites/nacda.com/documents/2025/6/23/24.25DivIStandingsFinal.pdf,1,85.14851485148515
2024-25,Clemson,ACC,47,524.25,FBS,129.25,123.5,271.5,https://dxbhsrqyrr690.cloudfront.net/sidearm.nextgen.sites/nacda.com/documents/2025/6/23/24.25DivIStandingsFinal.pdf,1,84.81848184818482
2024-25,Michigan State,Big Ten,48,513.25,FBS,144.0,234.75,134.5,https://dxbhsrqyrr690.cloudfront.net/sidearm.nextgen.sites/nacda.com/documents/2025/6/23/24.25DivIStandingsFinal.pdf,1,84.48844884488449
2024-25,New Mexico,Mountain West,49,495.5,FBS,141.0,137.5,217.0,https://dxbhsrqyrr690.cloudfront.net/sidearm.nextgen.sites/nacda.com/documents/2025/6/23/24.25DivIStandingsFinal.pdf,1,84.15841584158416
2024-25,Missouri,SEC,50,492.5,FBS,118.0,295.0,79.5,https://dxbhsrqyrr690.cloudfront.net/sidearm.nextgen.sites/nacda.com/documents/2025/6/23/24.25DivIStandingsFinal.pdf,1,83.82838283828383
2024-25,Indiana,Big Ten,51,489.5,FBS,131.5,264.0,94.0,https://dxbhsrqyrr690.cloudfront.net/sidearm.nextgen.sites/nacda.com/documents/2025/6/23/24.25DivIStandingsFinal.pdf,1,83.4983498349835
2024-25,Baylor,Big 12,52,489.25,FBS,75.0,210.25,204.0,https://dxbhsrqyrr690.cloudfront.net/sidearm.nextgen.sites/nacda.com/documents/2025/6/23/24.25DivIStandingsFinal.pdf,1,83.16831683168317
2024-25,Purdue,Big Ten,53,489.0,FBS,91.0,303.0,95.0,https://dxbhsrqyrr690.cloudfront.net/sidearm.nextgen.sites/nacda.com/documents/2025/6/23/24.25DivIStandingsFinal.pdf,1,82.83828382838284
2024-25,Northwestern,Big Ten,54,481.0,FBS,129.0,108.5,243.5,https://dxbhsrqyrr690.cloudfront.net/sidearm.nextgen.sites/nacda.com/documents/2025/6/23/24.25DivIStandingsFinal.pdf,1,82.50825082508251
2024-25,Miami (FL),ACC,55,472.5,FBS,106.0,176.5,190.0,https://dxbhsrqyrr690.cloudfront.net/sidearm.nextgen.sites/nacda.com/documents/2025/6/23/24.25DivIStandingsFinal.pdf,1,82.17821782178217
2024-25,Iowa State,Big 12,56,466.5,FBS,179.0,173.0,114.5,https://dxbhsrqyrr690.cloudfront.net/sidearm.nextgen.sites/nacda.com/documents/2025/6/23/24.25DivIStandingsFinal.pdf,1,81.84818481848185
2024-25,Maryland,Big Ten,57,460.5,FBS,95.0,222.5,143.0,https://dxbhsrqyrr690.cloudfront.net/sidearm.nextgen.sites/nacda.com/documents/2025/6/23/24.25DivIStandingsFinal.pdf,1,81.51815181518151
2024-25,Vanderbilt,SEC,58,440.75,FBS,109.0,115.0,216.75,https://dxbhsrqyrr690.cloudfront.net/sidearm.nextgen.sites/nacda.com/documents/2025/6/23/24.25DivIStandingsFinal.pdf,1,81.1881188118812
2024-25,Iowa,Big Ten,59,433.5,FBS,89.0,254.0,90.5,https://dxbhsrqyrr690.cloudfront.net/sidearm.nextgen.sites/nacda.com/documents/2025/6/23/24.25DivIStandingsFinal.pdf,1,80.85808580858085
2024-25,Utah,Big 12,60,423.5,FBS,105.0,278.5,40.0,https://dxbhsrqyrr690.cloudfront.net/sidearm.nextgen.sites/nacda.com/documents/2025/6/23/24.25DivIStandingsFinal.pdf,1,80.52805280528052
2024-25,Syracuse,ACC,61,407.0,FBS,217.0,0.0,190.0,https://dxbhsrqyrr690.cloudfront.net/sidearm.nextgen.sites/nacda.com/documents/2025/6/23/24.25DivIStandingsFinal.pdf,1,80.19801980198021
2024-25,Denver,Summit,62,404.25,DI,83.0,229.75,91.5,https://dxbhsrqyrr690.cloudfront.net/sidearm.nextgen.sites/nacda.com/documents/2025/6/23/24.25DivIStandingsFinal.pdf,1,79.86798679867987
2024-25,UConn,Big East,63,404.0,FBS,169.0,210.0,25.0,https://dxbhsrqyrr690.cloudfront.net/sidearm.nextgen.sites/nacda.com/documents/2025/6/23/24.25DivIStandingsFinal.pdf,1,79.53795379537954
2024-25,Georgetown,Big East,64,389.2,FCS,220.0,79.7,89.5,https://dxbhsrqyrr690.cloudfront.net/sidearm.nextgen.sites/nacda.com/documents/2025/6/23/24.25DivIStandingsFinal.pdf,2,79.20792079207921
2024-25,Kansas,Big 12,65,388.0,FBS,75.0,109.5,203.5,https://dxbhsrqyrr690.cloudfront.net/sidearm.nextgen.sites/nacda.com/documents/2025/6/23/24.25DivIStandingsFinal.pdf,2,78.87788778877888
2024-25,Boston College,ACC,66,377.5,FBS,115.0,179.5,83.0,https://dxbhsrqyrr690.cloudfront.net/sidearm.nextgen.sites/nacda.com/documents/2025/6/23/24.25DivIStandingsFinal.pdf,2,78.54785478547855
2024-25,Yale,Ivy League,67,356.5,FCS,52.0,144.5,160.0,https://dxbhsrqyrr690.cloudfront.net/sidearm.nextgen.sites/nacda.com/documents/2025/6/23/24.25DivIStandingsFinal.pdf,2,78.21782178217822
2024-25,Pennsylvania,Ivy League,68,341.0,FCS,50.0,176.0,115.0,https://dxbhsrqyrr690.cloudfront.net/sidearm.nextgen.sites/nacda.com/documents/2025/6/23/24.25DivIStandingsFinal.pdf,2,77.88778877887789
2024-25,Colorado,Big 12,69,325.5,FBS,154.0,121.0,50.5,https://dxbhsrqyrr690.cloudfront.net/sidearm.nextgen.sites/nacda.com/documents/2025/6/23/24.25DivIStandingsFinal.pdf,2,77.55775577557755
2024-25,SMU,ACC,70,321.75,FBS,217.25,36.0,68.5,https://dxbhsrqyrr690.cloudfront.net/sidearm.nextgen.sites/nacda.com/documents/2025/6/23/24.25DivIStandingsFinal.pdf,2,77.22772277227723
2024-25,Georgia Tech,ACC,71,320.0,FBS,75.0,74.0,171.0,https://dxbhsrqyrr690.cloudfront.net/sidearm.nextgen.sites/nacda.com/documents/2025/6/23/24.25DivIStandingsFinal.pdf,2,76.89768976897689
2024-25,Houston,Big 12,72,319.5,FBS,0.0,191.0,128.5,https://dxbhsrqyrr690.cloudfront.net/sidearm.nextgen.sites/nacda.com/documents/2025/6/23/24.25DivIStandingsFinal.pdf,2,76.56765676567657
2024-25,Boston University,Patriot,73,314.5,DI,25.0,168.5,121.0,https://dxbhsrqyrr690.cloudfront.net/sidearm.nextgen.sites/nacda.com/documents/2025/6/23/24.25DivIStandingsFinal.pdf,2,76.23762376237624
2024-25,Pittsburgh,ACC,74,312.0,FBS,181.0,131.0,0.0,https://dxbhsrqyrr690.cloudfront.net/sidearm.nextgen.sites/nacda.com/documents/2025/6/23/24.25DivIStandingsFinal.pdf,2,75.9075907590759
2024-25,Oregon State,Pac-12,75,310.25,FBS,25.0,134.75,150.5,https://dxbhsrqyrr690.cloudfront.net/sidearm.nextgen.sites/nacda.com/documents/2025/6/23/24.25DivIStandingsFinal.pdf,2,75.57755775577559
2024-25,Northern Arizona,Big Sky,76,302.5,FCS,180.0,72.0,50.5,https://dxbhsrqyrr690.cloudfront.net/sidearm.nextgen.sites/nacda.com/documents/2025/6/23/24.25DivIStandingsFinal.pdf,2,75.24752475247524
2024-25,Pepperdine,WCC,77,295.0,DI,25.0,0.0,270.0,https://dxbhsrqyrr690.cloudfront.net/sidearm.nextgen.sites/nacda.com/documents/2025/6/23/24.25DivIStandingsFinal.pdf,2,74.91749174917491
2024-25,South Florida,American,78,294.75,FBS,45.0,77.5,172.25,https://dxbhsrqyrr690.cloudfront.net/sidearm.nextgen.sites/nacda.com/documents/2025/6/23/24.25DivIStandingsFinal.pdf,2,74.58745874587459
2024-25,Kansas State,Big 12,79,290.0,FBS,45.0,77.0,168.0,https://dxbhsrqyrr690.cloudfront.net/sidearm.nextgen.sites/nacda.com/documents/2025/6/23/24.25DivIStandingsFinal.pdf,2,74.25742574257426
2024-25,Rutgers,Big Ten,80,261.0,FBS,50.0,98.0,113.0,https://dxbhsrqyrr690.cloudfront.net/sidearm.nextgen.sites/nacda.com/documents/2025/6/23/24.25DivIStandingsFinal.pdf,2,73.92739273927393
2024-25,Columbia,Ivy League,81,249.0,FCS,0.0,138.5,110.5,https://dxbhsrqyrr690.cloudfront.net/sidearm.nextgen.sites/nacda.com/documents/2025/6/23/24.25DivIStandingsFinal.pdf,2,73.5973597359736
2024-25,Cal Poly,Big West,82,248.5,FCS,0.0,80.5,168.0,https://dxbhsrqyrr690.cloudfront.net/sidearm.nextgen.sites/nacda.com/documents/2025/6/23/24.25DivIStandingsFinal.pdf,2,73.26732673267327
2024-25,UCF,Big 12,83,243.5,FBS,0.0,0.0,243.5,https://dxbhsrqyrr690.cloudfront.net/sidearm.nextgen.sites/nacda.com/documents/2025/6/23/24.25DivIStandingsFinal.pdf,2,72.93729372937293
2024-25,Massachusetts,Atlantic 10,84,241.0,FBS,156.0,60.0,25.0,https://dxbhsrqyrr690.cloudfront.net/sidearm.nextgen.sites/nacda.com/documents/2025/6/23/24.25DivIStandingsFinal.pdf,2,72.60726072607261
2024-25,UC Santa Barbara,Big West,85,235.0,DI,75.0,0.0,160.0,https://dxbhsrqyrr690.cloudfront.net/sidearm.nextgen.sites/nacda.com/documents/2025/6/23/24.25DivIStandingsFinal.pdf,2,72.27722772277228
2024-25,South Dakota State,Summit,86,234.0,FCS,133.0,101.0,0.0,https://dxbhsrqyrr690.cloudfront.net/sidearm.nextgen.sites/nacda.com/documents/2025/6/23/24.25DivIStandingsFinal.pdf,2,71.94719471947195
2024-25,Providence,Big East,87,227.5,DI,135.0,72.0,20.5,https://dxbhsrqyrr690.cloudfront.net/sidearm.nextgen.sites/nacda.com/documents/2025/6/23/24.25DivIStandingsFinal.pdf,2,71.61716171617162
2024-25,Vermont,America East,88,225.0,DI,125.0,100.0,0.0,https://dxbhsrqyrr690.cloudfront.net/sidearm.nextgen.sites/nacda.com/documents/2025/6/23/24.25DivIStandingsFinal.pdf,2,71.12211221122112
2024-25,Western Michigan,MAC,88,225.0,FBS,125.0,100.0,0.0,https://dxbhsrqyrr690.cloudfront.net/sidearm.nextgen.sites/nacda.com/documents/2025/6/23/24.25DivIStandingsFinal.pdf,2,71.12211221122112
2024-25,Brown,Ivy League,90,221.0,FCS,0.0,102.0,119.0,https://dxbhsrqyrr690.cloudfront.net/sidearm.nextgen.sites/nacda.com/documents/2025/6/23/24.25DivIStandingsFinal.pdf,2,70.62706270627062
2024-25,Villanova,Big East,91,214.5,FCS,134.0,54.5,26.0,https://dxbhsrqyrr690.cloudfront.net/sidearm.nextgen.sites/nacda.com/documents/2025/6/23/24.25DivIStandingsFinal.pdf,2,70.13201320132013
2024-25,Boise State,Mountain West,91,214.5,FBS,69.0,45.5,100.0,https://dxbhsrqyrr690.cloudfront.net/sidearm.nextgen.sites/nacda.com/documents/2025/6/23/24.25DivIStandingsFinal.pdf,2,70.13201320132013
2024-25,Colorado State,Mountain West,93,204.0,FBS,50.0,85.5,68.5,https://dxbhsrqyrr690.cloudfront.net/sidearm.nextgen.sites/nacda.com/documents/2025/6/23/24.25DivIStandingsFinal.pdf,2,69.63696369636963
2024-25,Loyola Marymount,WCC,94,200.0,DI,50.0,0.0,150.0,https://dxbhsrqyrr690.cloudfront.net/sidearm.nextgen.sites/nacda.com/documents/2025/6/23/24.25DivIStandingsFinal.pdf,2,69.3069306930693
2024-25,Creighton,Big East,95,198.0,DI,73.0,75.0,50.0,https://dxbhsrqyrr690.cloudfront.net/sidearm.nextgen.sites/nacda.com/documents/2025/6/23/24.25DivIStandingsFinal.pdf,2,68.97689768976898
2024-25,Furman,SoCon,96,197.5,FCS,107.0,0.0,90.5,https://dxbhsrqyrr690.cloudfront.net/sidearm.nextgen.sites/nacda.com/documents/2025/6/23/24.25DivIStandingsFinal.pdf,2,68.64686468646865
2024-25,Liberty,Conference USA,97,193.0,FBS,54.0,50.0,89.0,https://dxbhsrqyrr690.cloudfront.net/sidearm.nextgen.sites/nacda.com/documents/2025/6/23/24.25DivIStandingsFinal.pdf,2,68.31683168316832
2024-25,Navy,Patriot,98,191.8,FBS,72.0,85.5,34.3,https://dxbhsrqyrr690.cloudfront.net/sidearm.nextgen.sites/nacda.com/documents/2025/6/23/24.25DivIStandingsFinal.pdf,2,67.98679867986799
2024-25,Hawaii,Big West,99,191.0,FBS,25.0,0.0,166.0,https://dxbhsrqyrr690.cloudfront.net/sidearm.nextgen.sites/nacda.com/documents/2025/6/23/24.25DivIStandingsFinal.pdf,2,67.65676567656766
2024-25,California Baptist,WAC,100,188.5,DI,113.0,53.5,22.0,https://dxbhsrqyrr690.cloudfront.net/sidearm.nextgen.sites/nacda.com/documents/2025/6/23/24.25DivIStandingsFinal.pdf,2,67.32673267326733
2024-25,Montana State,Big Sky,101,186.0,FCS,90.0,91.0,5.0,https://dxbhsrqyrr690.cloudfront.net/sidearm.nextgen.sites/nacda.com/documents/2025/6/23/24.25DivIStandingsFinal.pdf,2,66.996699669967
2024-25,Fairfield,MAAC,102,185.0,DI,75.0,25.0,85.0,https://dxbhsrqyrr690.cloudfront.net/sidearm.nextgen.sites/nacda.com/documents/2025/6/23/24.25DivIStandingsFinal.pdf,2,66.66666666666666
2024-25,Army West Point,Patriot,103,181.0,FBS,53.0,103.0,25.0,https://dxbhsrqyrr690.cloudfront.net/sidearm.nextgen.sites/nacda.com/documents/2025/6/23/24.25DivIStandingsFinal.pdf,2,66.33663366336634
2024-25,Utah State,Mountain West,104,180.0,FBS,77.0,88.5,14.5,https://dxbhsrqyrr690.cloudfront.net/sidearm.nextgen.sites/nacda.com/documents/2025/6/23/24.25DivIStandingsFinal.pdf,2,66.006600660066
2024-25,Air Force,Mountain West,105,174.5,FBS,0.0,107.5,67.0,https://dxbhsrqyrr690.cloudfront.net/sidearm.nextgen.sites/nacda.com/documents/2025/6/23/24.25DivIStandingsFinal.pdf,2,65.51155115511551
2024-25,North Dakota State,Summit,105,174.5,FCS,100.0,37.0,37.5,https://dxbhsrqyrr690.cloudfront.net/sidearm.nextgen.sites/nacda.com/documents/2025/6/23/24.25DivIStandingsFinal.pdf,2,65.51155115511551
2024-25,Long Beach State,Big West,107,172.5,DI,25.0,0.0,147.5,https://dxbhsrqyrr690.cloudfront.net/sidearm.nextgen.sites/nacda.com/documents/2025/6/23/24.25DivIStandingsFinal.pdf,2,65.01650165016501
2024-25,UC Davis,Big West,108,161.5,FCS,90.0,37.0,34.5,https://dxbhsrqyrr690.cloudfront.net/sidearm.nextgen.sites/nacda.com/documents/2025/6/23/24.25DivIStandingsFinal.pdf,2,64.68646864686468
2024-25,Akron,MAC,109,159.5,FBS,50.0,84.5,25.0,https://dxbhsrqyrr690.cloudfront.net/sidearm.nextgen.sites/nacda.com/documents/2025/6/23/24.25DivIStandingsFinal.pdf,2,64.35643564356435
2024-25,San Diego,WCC,110,158.0,FCS,64.0,0.0,94.0,https://dxbhsrqyrr690.cloudfront.net/sidearm.nextgen.sites/nacda.com/documents/2025/6/23/24.25DivIStandingsFinal.pdf,2,64.02640264026402
2024-25,Coastal Carolina,Sun Belt,111,157.5,FBS,25.0,0.0,132.5,https://dxbhsrqyrr690.cloudfront.net/sidearm.nextgen.sites/nacda.com/documents/2025/6/23/24.25DivIStandingsFinal.pdf,2,63.6963696369637
2024-25,Miami (OH),MAC,112,152.5,FBS,90.0,0.0,62.5,https://dxbhsrqyrr690.cloudfront.net/sidearm.nextgen.sites/nacda.com/documents/2025/6/23/24.25DivIStandingsFinal.pdf,2,63.20132013201321
2024-25,Texas State,Sun Belt,112,152.5,FBS,70.0,0.0,82.5,https://dxbhsrqyrr690.cloudfront.net/sidearm.nextgen.sites/nacda.com/documents/2025/6/23/24.25DivIStandingsFinal.pdf,2,63.20132013201321
2024-25,North Florida,ASUN,114,150.5,DI,25.0,30.0,95.5,https://dxbhsrqyrr690.cloudfront.net/sidearm.nextgen.sites/nacda.com/documents/2025/6/23/24.25DivIStandingsFinal.pdf,2,62.70627062706271
2024-25,St. John's (NY),Big East,115,150.0,DI,0.0,125.0,25.0,https://dxbhsrqyrr690.cloudfront.net/sidearm.nextgen.sites/nacda.com/documents/2025/6/23/24.25DivIStandingsFinal.pdf,2,62.211221122112214
2024-25,Northern Iowa,Missouri Valley,115,150.0,FCS,50.0,100.0,0.0,https://dxbhsrqyrr690.cloudfront.net/sidearm.nextgen.sites/nacda.com/documents/2025/6/23/24.25DivIStandingsFinal.pdf,2,62.211221122112214
2024-25,Richmond,Atlantic 10,117,149.3,FCS,25.0,50.0,74.3,https://dxbhsrqyrr690.cloudfront.net/sidearm.nextgen.sites/nacda.com/documents/2025/6/23/24.25DivIStandingsFinal.pdf,2,61.71617161716172
2024-25,Fairleigh Dickinson,Northeast,118,149.0,DI,0.0,119.0,30.0,https://dxbhsrqyrr690.cloudfront.net/sidearm.nextgen.sites/nacda.com/documents/2025/6/23/24.25DivIStandingsFinal.pdf,2,61.386138613861384
2024-25,Wyoming,Mountain West,119,147.0,FBS,44.0,98.0,5.0,https://dxbhsrqyrr690.cloudfront.net/sidearm.nextgen.sites/nacda.com/documents/2025/6/23/24.25DivIStandingsFinal.pdf,2,61.05610561056105
2024-25,Arkansas State,Sun Belt,120,146.5,FBS,45.0,70.0,31.5,https://dxbhsrqyrr690.cloudfront.net/sidearm.nextgen.sites/nacda.com/documents/2025/6/23/24.25DivIStandingsFinal.pdf,2,60.726072607260726
2024-25,UNLV,Mountain West,121,146.0,FBS,50.0,0.0,96.0,https://dxbhsrqyrr690.cloudfront.net/sidearm.nextgen.sites/nacda.com/documents/2025/6/23/24.25DivIStandingsFinal.pdf,2,60.396039603960396
2024-25,Incarnate Word,Southland,122,144.0,FCS,92.0,52.0,0.0,https://dxbhsrqyrr690.cloudfront.net/sidearm.nextgen.sites/nacda.com/documents/2025/6/23/24.25DivIStandingsFinal.pdf,2,60.066006600660074
2024-25,VCU,Atlantic 10,123,140.5,DI,0.0,70.0,70.5,https://dxbhsrqyrr690.cloudfront.net/sidearm.nextgen.sites/nacda.com/documents/2025/6/23/24.25DivIStandingsFinal.pdf,2,59.57095709570957
2024-25,South Dakota,Summit,123,140.5,FCS,108.0,0.0,32.5,https://dxbhsrqyrr690.cloudfront.net/sidearm.nextgen.sites/nacda.com/documents/2025/6/23/24.25DivIStandingsFinal.pdf,2,59.57095709570957
2024-25,Cincinnati,Big 12,125,140.0,FBS,0.0,73.0,67.0,https://dxbhsrqyrr690.cloudfront.net/sidearm.nextgen.sites/nacda.com/documents/2025/6/23/24.25DivIStandingsFinal.pdf,2,58.745874587458744
2024-25,Mercer,SoCon,125,140.0,FCS,65.0,0.0,75.0,https://dxbhsrqyrr690.cloudfront.net/sidearm.nextgen.sites/nacda.com/documents/2025/6/23/24.25DivIStandingsFinal.pdf,2,58.745874587458744
2024-25,Stephen F. Austin,Southland,125,140.0,FCS,25.0,90.0,25.0,https://dxbhsrqyrr690.cloudfront.net/sidearm.nextgen.sites/nacda.com/documents/2025/6/23/24.25DivIStandingsFinal.pdf,2,58.745874587458744
2024-25,East Carolina,American,128,137.0,FBS,70.0,17.0,50.0,https://dxbhsrqyrr690.cloudfront.net/sidearm.nextgen.sites/nacda.com/documents/2025/6/23/24.25DivIStandingsFinal.pdf,2,57.920792079207914
2024-25,Loyola Chicago,Atlantic 10,128,137.0,DI,77.0,0.0,60.0,https://dxbhsrqyrr690.cloudfront.net/sidearm.nextgen.sites/nacda.com/documents/2025/6/23/24.25DivIStandingsFinal.pdf,3,57.920792079207914
2024-25,Colgate,Patriot,130,130.0,FCS,25.0,60.0,45.0,https://dxbhsrqyrr690.cloudfront.net/sidearm.nextgen.sites/nacda.com/documents/2025/6/23/24.25DivIStandingsFinal.pdf,3,57.26072607260726
2024-25,Lehigh,Patriot,130,130.0,FCS,45.0,85.0,0.0,https://dxbhsrqyrr690.cloudfront.net/sidearm.nextgen.sites/nacda.com/documents/2025/6/23/24.25DivIStandingsFinal.pdf,3,57.26072607260726
2024-25,Georgia Southern,Sun Belt,132,129.5,FBS,25.0,55.0,49.5,https://dxbhsrqyrr690.cloudfront.net/sidearm.nextgen.sites/nacda.com/documents/2025/6/23/24.25DivIStandingsFinal.pdf,3,56.76567656765676
2024-25,Dayton,Atlantic 10,133,128.0,FCS,128.0,0.0,0.0,https://dxbhsrqyrr690.cloudfront.net/sidearm.nextgen.sites/nacda.com/documents/2025/6/23/24.25DivIStandingsFinal.pdf,3,56.43564356435643
2024-25,Dartmouth,Ivy League,134,127.0,FCS,0.0,85.0,42.0,https://dxbhsrqyrr690.cloudfront.net/sidearm.nextgen.sites/nacda.com/documents/2025/6/23/24.25DivIStandingsFinal.pdf,3,56.10561056105611
2024-25,Youngstown State,Horizon League,135,125.0,FCS,0.0,100.0,25.0,https://dxbhsrqyrr690.cloudfront.net/sidearm.nextgen.sites/nacda.com/documents/2025/6/23/24.25DivIStandingsFinal.pdf,3,55.775577557755774
2024-25,Tarleton State,WAC,136,124.8,FCS,45.0,43.5,36.3,https://dxbhsrqyrr690.cloudfront.net/sidearm.nextgen.sites/nacda.com/documents/2025/6/23/24.25DivIStandingsFinal.pdf,3,55.44554455445545
2024-25,Grand Canyon,WAC,137,120.5,DI,0.0,50.0,70.5,https://dxbhsrqyrr690.cloudfront.net/sidearm.nextgen.sites/nacda.com/documents/2025/6/23/24.25DivIStandingsFinal.pdf,3,55.115511551155116
2024-25,Fresno State,Mountain West,138,119.5,FBS,25.0,20.0,74.5,https://dxbhsrqyrr690.cloudfront.net/sidearm.nextgen.sites/nacda.com/documents/2025/6/23/24.25DivIStandingsFinal.pdf,3,54.78547854785478
2024-25,Washington State,Pac-12,139,119.0,FBS,25.0,75.5,18.5,https://dxbhsrqyrr690.cloudfront.net/sidearm.nextgen.sites/nacda.com/documents/2025/6/23/24.25DivIStandingsFinal.pdf,3,54.45544554455446
2024-25,Marquette,Big East,140,117.0,DI,64.0,25.0,28.0,https://dxbhsrqyrr690.cloudfront.net/sidearm.nextgen.sites/nacda.com/documents/2025/6/23/24.25DivIStandingsFinal.pdf,3,54.12541254125413
2024-25,Jacksonville State,Conference USA,141,115.0,FBS,25.0,90.0,0.0,https://dxbhsrqyrr690.cloudfront.net/sidearm.nextgen.sites/nacda.com/documents/2025/6/23/24.25DivIStandingsFinal.pdf,3,53.63036303630363
2024-25,Arkansas Little Rock,OVC,141,115.0,DI,0.0,57.0,58.0,https://dxbhsrqyrr690.cloudfront.net/sidearm.nextgen.sites/nacda.com/documents/2025/6/23/24.25DivIStandingsFinal.pdf,3,53.63036303630363
2024-25,Utah Valley,WAC,143,114.0,DI,29.0,39.0,46.0,https://dxbhsrqyrr690.cloudfront.net/sidearm.nextgen.sites/nacda.com/documents/2025/6/23/24.25DivIStandingsFinal.pdf,3,53.135313531353134
2024-25,San Jose State,Mountain West,144,113.5,FBS,25.0,17.0,71.5,https://dxbhsrqyrr690.cloudfront.net/sidearm.nextgen.sites/nacda.com/documents/2025/6/23/24.25DivIStandingsFinal.pdf,3,52.64026402640264
2024-25,Gonzaga,WCC,144,113.5,DI,49.0,50.0,14.5,https://dxbhsrqyrr690.cloudfront.net/sidearm.nextgen.sites/nacda.com/documents/2025/6/23/24.25DivIStandingsFinal.pdf,3,52.64026402640264
2024-25,New Hampshire,America East,146,113.0,FCS,50.0,63.0,0.0,https://dxbhsrqyrr690.cloudfront.net/sidearm.nextgen.sites/nacda.com/documents/2025/6/23/24.25DivIStandingsFinal.pdf,3,52.14521452145215
2024-25,FAU,American,147,112.5,FBS,0.0,0.0,112.5,https://dxbhsrqyrr690.cloudfront.net/sidearm.nextgen.sites/nacda.com/documents/2025/6/23/24.25DivIStandingsFinal.pdf,3,51.81518151815182
2024-25,LIU Brooklyn,Northeast,148,110.0,FCS,25.0,60.0,25.0,https://dxbhsrqyrr690.cloudfront.net/sidearm.nextgen.sites/nacda.com/documents/2025/6/23/24.25DivIStandingsFinal.pdf,3,51.48514851485149
2024-25,UTSA,American,149,109.0,FBS,45.0,0.0,64.0,https://dxbhsrqyrr690.cloudfront.net/sidearm.nextgen.sites/nacda.com/documents/2025/6/23/24.25DivIStandingsFinal.pdf,3,51.15511551155115
2024-25,Tulsa,American,150,108.5,FBS,43.0,0.0,65.5,https://dxbhsrqyrr690.cloudfront.net/sidearm.nextgen.sites/nacda.com/documents/2025/6/23/24.25DivIStandingsFinal.pdf,3,50.82508250825083
2024-25,Wichita State,American,151,108.0,DI,25.0,83.0,0.0,https://dxbhsrqyrr690.cloudfront.net/sidearm.nextgen.sites/nacda.com/documents/2025/6/23/24.25DivIStandingsFinal.pdf,3,50.165016501650165
2024-25,Murray State,Missouri Valley,151,108.0,FCS,0.0,35.0,73.0,https://dxbhsrqyrr690.cloudfront.net/sidearm.nextgen.sites/nacda.com/documents/2025/6/23/24.25DivIStandingsFinal.pdf,3,50.165016501650165
2024-25,Wagner,Northeast,151,108.0,FCS,0.0,48.0,60.0,https://dxbhsrqyrr690.cloudfront.net/sidearm.nextgen.sites/nacda.com/documents/2025/6/23/24.25DivIStandingsFinal.pdf,3,50.165016501650165
2024-25,Sam Houston State,Conference USA,154,106.0,FBS,45.0,45.0,16.0,https://dxbhsrqyrr690.cloudfront.net/sidearm.nextgen.sites/nacda.com/documents/2025/6/23/24.25DivIStandingsFinal.pdf,3,49.504950495049506
2024-25,Binghamton,America East,155,103.5,DI,0.0,28.5,75.0,https://dxbhsrqyrr690.cloudfront.net/sidearm.nextgen.sites/nacda.com/documents/2025/6/23/24.25DivIStandingsFinal.pdf,3,49.17491749174918
2024-25,Rhode Island,Atlantic 10,156,102.0,FCS,45.0,0.0,57.0,https://dxbhsrqyrr690.cloudfront.net/sidearm.nextgen.sites/nacda.com/documents/2025/6/23/24.25DivIStandingsFinal.pdf,3,48.84488448844885
2024-25,Memphis,American,157,101.0,FBS,51.0,25.0,25.0,https://dxbhsrqyrr690.cloudfront.net/sidearm.nextgen.sites/nacda.com/documents/2025/6/23/24.25DivIStandingsFinal.pdf,3,48.18481848184818
2024-25,Lipscomb,ASUN,157,101.0,DI,76.0,25.0,0.0,https://dxbhsrqyrr690.cloudfront.net/sidearm.nextgen.sites/nacda.com/documents/2025/6/23/24.25DivIStandingsFinal.pdf,3,48.18481848184818
2024-25,San Diego State,Mountain West,157,101.0,FBS,0.0,30.0,71.0,https://dxbhsrqyrr690.cloudfront.net/sidearm.nextgen.sites/nacda.com/documents/2025/6/23/24.25DivIStandingsFinal.pdf,3,48.18481848184818
2024-25,Tulane,American,160,100.0,FBS,100.0,0.0,0.0,https://dxbhsrqyrr690.cloudfront.net/sidearm.nextgen.sites/nacda.com/documents/2025/6/23/24.25DivIStandingsFinal.pdf,3,47.194719471947195
2024-25,Saint Louis,Atlantic 10,160,100.0,DI,75.0,0.0,25.0,https://dxbhsrqyrr690.cloudfront.net/sidearm.nextgen.sites/nacda.com/documents/2025/6/23/24.25DivIStandingsFinal.pdf,3,47.194719471947195
2024-25,Robert Morris,Horizon League,160,100.0,FCS,25.0,25.0,50.0,https://dxbhsrqyrr690.cloudfront.net/sidearm.nextgen.sites/nacda.com/documents/2025/6/23/24.25DivIStandingsFinal.pdf,3,47.194719471947195
2024-25,Ohio,MAC,163,97.5,FBS,45.0,52.5,0.0,https://dxbhsrqyrr690.cloudfront.net/sidearm.nextgen.sites/nacda.com/documents/2025/6/23/24.25DivIStandingsFinal.pdf,3,46.53465346534654
2024-25,Illinois State,Missouri Valley,164,97.3,FCS,72.0,0.0,25.3,https://dxbhsrqyrr690.cloudfront.net/sidearm.nextgen.sites/nacda.com/documents/2025/6/23/24.25DivIStandingsFinal.pdf,3,46.2046204620462
2024-25,Howard,MEAC,165,97.0,FCS,25.0,0.0,72.0,https://dxbhsrqyrr690.cloudfront.net/sidearm.nextgen.sites/nacda.com/documents/2025/6/23/24.25DivIStandingsFinal.pdf,3,45.87458745874587
2024-25,Montana,Big Sky,166,95.0,FCS,45.0,25.0,25.0,https://dxbhsrqyrr690.cloudfront.net/sidearm.nextgen.sites/nacda.com/documents/2025/6/23/24.25DivIStandingsFinal.pdf,3,45.21452145214521
2024-25,Buffalo,MAC,166,95.0,FBS,45.0,0.0,50.0,https://dxbhsrqyrr690.cloudfront.net/sidearm.nextgen.sites/nacda.com/documents/2025/6/23/24.25DivIStandingsFinal.pdf,3,45.21452145214521
2024-25,James Madison,Sun Belt,166,95.0,FBS,70.0,0.0,25.0,https://dxbhsrqyrr690.cloudfront.net/sidearm.nextgen.sites/nacda.com/documents/2025/6/23/24.25DivIStandingsFinal.pdf,3,45.21452145214521
2024-25,Sacramento State,Big Sky,169,91.5,FCS,50.0,0.0,41.5,https://dxbhsrqyrr690.cloudfront.net/sidearm.nextgen.sites/nacda.com/documents/2025/6/23/24.25DivIStandingsFinal.pdf,3,44.224422442244226
2024-25,UC San Diego,Big West,169,91.5,DI,0.0,91.5,0.0,https://dxbhsrqyrr690.cloudfront.net/sidearm.nextgen.sites/nacda.com/documents/2025/6/23/24.25DivIStandingsFinal.pdf,3,44.224422442244226
2024-25,Western Kentucky,Conference USA,169,91.5,FBS,50.0,0.0,41.5,https://dxbhsrqyrr690.cloudfront.net/sidearm.nextgen.sites/nacda.com/documents/2025/6/23/24.25DivIStandingsFinal.pdf,3,44.224422442244226
2024-25,Saint Joseph's,Atlantic 10,172,90.0,DI,90.0,0.0,0.0,https://dxbhsrqyrr690.cloudfront.net/sidearm.nextgen.sites/nacda.com/documents/2025/6/23/24.25DivIStandingsFinal.pdf,3,43.399339933993396
2024-25,Marshall,Sun Belt,172,90.0,FBS,90.0,0.0,0.0,https://dxbhsrqyrr690.cloudfront.net/sidearm.nextgen.sites/nacda.com/documents/2025/6/23/24.25DivIStandingsFinal.pdf,3,43.399339933993396
2024-25,Toledo,MAC,174,89.0,FBS,89.0,0.0,0.0,https://dxbhsrqyrr690.cloudfront.net/sidearm.nextgen.sites/nacda.com/documents/2025/6/23/24.25DivIStandingsFinal.pdf,3,42.9042904290429
2024-25,Saint Mary's (CA),WCC,175,87.5,DI,0.0,50.0,37.5,https://dxbhsrqyrr690.cloudfront.net/sidearm.nextgen.sites/nacda.com/documents/2025/6/23/24.25DivIStandingsFinal.pdf,3,42.57425742574257
2024-25,Northern Colorado,Big Sky,176,85.0,FCS,0.0,85.0,0.0,https://dxbhsrqyrr690.cloudfront.net/sidearm.nextgen.sites/nacda.com/documents/2025/6/23/24.25DivIStandingsFinal.pdf,3,42.244224422442244
2024-25,Portland,WCC,177,84.0,DI,56.0,0.0,28.0,https://dxbhsrqyrr690.cloudfront.net/sidearm.nextgen.sites/nacda.com/documents/2025/6/23/24.25DivIStandingsFinal.pdf,3,41.914191419141915
2024-25,Bucknell,Patriot,178,83.5,FCS,25.0,33.5,25.0,https://dxbhsrqyrr690.cloudfront.net/sidearm.nextgen.sites/nacda.com/documents/2025/6/23/24.25DivIStandingsFinal.pdf,3,41.584158415841586
2024-25,Florida Gulf Coast,ASUN,179,80.5,DI,25.0,25.0,30.5,https://dxbhsrqyrr690.cloudfront.net/sidearm.nextgen.sites/nacda.com/documents/2025/6/23/24.25DivIStandingsFinal.pdf,3,41.254125412541256
2024-25,Fordham,Atlantic 10,180,80.0,FCS,80.0,0.0,0.0,https://dxbhsrqyrr690.cloudfront.net/sidearm.nextgen.sites/nacda.com/documents/2025/6/23/24.25DivIStandingsFinal.pdf,3,40.26402640264026
2024-25,South Carolina Upstate,Big South,180,80.0,DI,25.0,0.0,55.0,https://dxbhsrqyrr690.cloudfront.net/sidearm.nextgen.sites/nacda.com/documents/2025/6/23/24.25DivIStandingsFinal.pdf,3,40.26402640264026
2024-25,Hofstra,CAA,180,80.0,DI,50.0,30.0,0.0,https://dxbhsrqyrr690.cloudfront.net/sidearm.nextgen.sites/nacda.com/documents/2025/6/23/24.25DivIStandingsFinal.pdf,3,40.26402640264026
2024-25,Quinnipiac,MAAC,180,80.0,DI,0.0,25.0,55.0,https://dxbhsrqyrr690.cloudfront.net/sidearm.nextgen.sites/nacda.com/documents/2025/6/23/24.25DivIStandingsFinal.pdf,3,40.26402640264026
2024-25,Santa Clara,WCC,180,80.0,DI,50.0,0.0,30.0,https://dxbhsrqyrr690.cloudfront.net/sidearm.nextgen.sites/nacda.com/documents/2025/6/23/24.25DivIStandingsFinal.pdf,3,40.26402640264026
2024-25,Stony Brook,CAA,185,78.0,FCS,25.0,0.0,53.0,https://dxbhsrqyrr690.cloudfront.net/sidearm.nextgen.sites/nacda.com/documents/2025/6/23/24.25DivIStandingsFinal.pdf,3,39.273927392739274
2024-25,South Alabama,Sun Belt,186,76.0,FBS,45.0,31.0,0.0,https://dxbhsrqyrr690.cloudfront.net/sidearm.nextgen.sites/nacda.com/documents/2025/6/23/24.25DivIStandingsFinal.pdf,3,38.943894389438945
2024-25,Gardner-Webb,Big South,187,75.0,FCS,50.0,0.0,25.0,https://dxbhsrqyrr690.cloudfront.net/sidearm.nextgen.sites/nacda.com/documents/2025/6/23/24.25DivIStandingsFinal.pdf,3,37.78877887788779
2024-25,UC Irvine,Big West,187,75.0,DI,0.0,0.0,75.0,https://dxbhsrqyrr690.cloudfront.net/sidearm.nextgen.sites/nacda.com/documents/2025/6/23/24.25DivIStandingsFinal.pdf,3,37.78877887788779
2024-25,College of Charleston,CAA,187,75.0,DI,25.0,0.0,50.0,https://dxbhsrqyrr690.cloudfront.net/sidearm.nextgen.sites/nacda.com/documents/2025/6/23/24.25DivIStandingsFinal.pdf,3,37.78877887788779
2024-25,South Carolina State,MEAC,187,75.0,FCS,25.0,0.0,50.0,https://dxbhsrqyrr690.cloudfront.net/sidearm.nextgen.sites/nacda.com/documents/2025/6/23/24.25DivIStandingsFinal.pdf,3,37.78877887788779
2024-25,Drake,Missouri Valley,187,75.0,FCS,25.0,50.0,0.0,https://dxbhsrqyrr690.cloudfront.net/sidearm.nextgen.sites/nacda.com/documents/2025/6/23/24.25DivIStandingsFinal.pdf,3,37.78877887788779
2024-25,Missouri State,Missouri Valley,187,75.0,FCS,75.0,0.0,0.0,https://dxbhsrqyrr690.cloudfront.net/sidearm.nextgen.sites/nacda.com/documents/2025/6/23/24.25DivIStandingsFinal.pdf,3,37.78877887788779
2024-25,Northeastern,CAA,193,73.5,DI,0.0,0.0,73.5,https://dxbhsrqyrr690.cloudfront.net/sidearm.nextgen.sites/nacda.com/documents/2025/6/23/24.25DivIStandingsFinal.pdf,3,36.633663366336634
2024-25,High Point,Big South,194,72.0,DI,25.0,47.0,0.0,https://dxbhsrqyrr690.cloudfront.net/sidearm.nextgen.sites/nacda.com/documents/2025/6/23/24.25DivIStandingsFinal.pdf,4,35.973597359735976
2024-25,Sacred Heart,MAAC,194,72.0,FCS,0.0,72.0,0.0,https://dxbhsrqyrr690.cloudfront.net/sidearm.nextgen.sites/nacda.com/documents/2025/6/23/24.25DivIStandingsFinal.pdf,4,35.973597359735976
2024-25,Kent State,MAC,194,72.0,FBS,0.0,21.5,50.5,https://dxbhsrqyrr690.cloudfront.net/sidearm.nextgen.sites/nacda.com/documents/2025/6/23/24.25DivIStandingsFinal.pdf,4,35.973597359735976
2024-25,Albany,America East,197,70.0,FCS,0.0,0.0,70.0,https://dxbhsrqyrr690.cloudfront.net/sidearm.nextgen.sites/nacda.com/documents/2025/6/23/24.25DivIStandingsFinal.pdf,4,34.48844884488449
2024-25,Eastern Kentucky,ASUN,197,70.0,FCS,70.0,0.0,0.0,https://dxbhsrqyrr690.cloudfront.net/sidearm.nextgen.sites/nacda.com/documents/2025/6/23/24.25DivIStandingsFinal.pdf,4,34.48844884488449
2024-25,Louisiana Tech,Conference USA,197,70.0,FBS,25.0,45.0,0.0,https://dxbhsrqyrr690.cloudfront.net/sidearm.nextgen.sites/nacda.com/documents/2025/6/23/24.25DivIStandingsFinal.pdf,4,34.48844884488449
2024-25,Troy,Sun Belt,197,70.0,FBS,0.0,25.0,45.0,https://dxbhsrqyrr690.cloudfront.net/sidearm.nextgen.sites/nacda.com/documents/2025/6/23/24.25DivIStandingsFinal.pdf,4,34.48844884488449
2024-25,Jackson State,SWAC,197,70.0,FCS,45.0,0.0,25.0,https://dxbhsrqyrr690.cloudfront.net/sidearm.nextgen.sites/nacda.com/documents/2025/6/23/24.25DivIStandingsFinal.pdf,4,34.48844884488449
2024-25,Abilene Christian,WAC,197,70.0,FCS,45.0,0.0,25.0,https://dxbhsrqyrr690.cloudfront.net/sidearm.nextgen.sites/nacda.com/documents/2025/6/23/24.25DivIStandingsFinal.pdf,4,34.48844884488449
2024-25,Xavier,Big East,203,66.5,DI,0.0,25.0,41.5,https://dxbhsrqyrr690.cloudfront.net/sidearm.nextgen.sites/nacda.com/documents/2025/6/23/24.25DivIStandingsFinal.pdf,4,33.33333333333333
2024-25,Idaho,Big Sky,204,65.0,FCS,65.0,0.0,0.0,https://dxbhsrqyrr690.cloudfront.net/sidearm.nextgen.sites/nacda.com/documents/2025/6/23/24.25DivIStandingsFinal.pdf,4,32.67326732673268
2024-25,North Carolina A&T State,CAA,204,65.0,FCS,0.0,65.0,0.0,https://dxbhsrqyrr690.cloudfront.net/sidearm.nextgen.sites/nacda.com/documents/2025/6/23/24.25DivIStandingsFinal.pdf,4,32.67326732673268
2024-25,Cleveland State,Horizon League,204,65.0,DI,25.0,40.0,0.0,https://dxbhsrqyrr690.cloudfront.net/sidearm.nextgen.sites/nacda.com/documents/2025/6/23/24.25DivIStandingsFinal.pdf,4,32.67326732673268
2024-25,Rice,American,207,64.5,FBS,0.0,0.0,64.5,https://dxbhsrqyrr690.cloudfront.net/sidearm.nextgen.sites/nacda.com/documents/2025/6/23/24.25DivIStandingsFinal.pdf,4,32.01320132013201
2024-25,Northern Illinois,MAC,208,64.0,FBS,45.0,19.0,0.0,https://dxbhsrqyrr690.cloudfront.net/sidearm.nextgen.sites/nacda.com/documents/2025/6/23/24.25DivIStandingsFinal.pdf,4,31.51815181518152
2024-25,UMKC,Summit,208,64.0,DI,64.0,0.0,0.0,https://dxbhsrqyrr690.cloudfront.net/sidearm.nextgen.sites/nacda.com/documents/2025/6/23/24.25DivIStandingsFinal.pdf,4,31.51815181518152
2024-25,Stetson,ASUN,210,62.5,FCS,0.0,0.0,62.5,https://dxbhsrqyrr690.cloudfront.net/sidearm.nextgen.sites/nacda.com/documents/2025/6/23/24.25DivIStandingsFinal.pdf,4,30.693069306930692
2024-25,Belmont,Missouri Valley,210,62.5,DI,0.0,0.0,62.5,https://dxbhsrqyrr690.cloudfront.net/sidearm.nextgen.sites/nacda.com/documents/2025/6/23/24.25DivIStandingsFinal.pdf,4,30.693069306930692
2024-25,Omaha,Summit,210,62.5,DI,0.0,25.0,37.5,https://dxbhsrqyrr690.cloudfront.net/sidearm.nextgen.sites/nacda.com/documents/2025/6/23/24.25DivIStandingsFinal.pdf,4,30.693069306930692
2024-25,Morehead State,OVC,213,59.3,FCS,50.0,0.0,9.3,https://dxbhsrqyrr690.cloudfront.net/sidearm.nextgen.sites/nacda.com/documents/2025/6/23/24.25DivIStandingsFinal.pdf,4,30.033003300330037
2024-25,FIU,Conference USA,214,58.5,FBS,25.0,0.0,33.5,https://dxbhsrqyrr690.cloudfront.net/sidearm.nextgen.sites/nacda.com/documents/2025/6/23/24.25DivIStandingsFinal.pdf,4,29.7029702970297
2024-25,William & Mary,CAA,215,57.5,FCS,0.0,57.5,0.0,https://dxbhsrqyrr690.cloudfront.net/sidearm.nextgen.sites/nacda.com/documents/2025/6/23/24.25DivIStandingsFinal.pdf,4,29.372937293729372
2024-25,Elon,CAA,216,55.0,FCS,0.0,0.0,55.0,https://dxbhsrqyrr690.cloudfront.net/sidearm.nextgen.sites/nacda.com/documents/2025/6/23/24.25DivIStandingsFinal.pdf,4,28.54785478547855
2024-25,Wright State,Horizon League,216,55.0,DI,0.0,0.0,55.0,https://dxbhsrqyrr690.cloudfront.net/sidearm.nextgen.sites/nacda.com/documents/2025/6/23/24.25DivIStandingsFinal.pdf,4,28.54785478547855
2024-25,Southern Mississippi,Sun Belt,216,55.0,FBS,0.0,0.0,55.0,https://dxbhsrqyrr690.cloudfront.net/sidearm.nextgen.sites/nacda.com/documents/2025/6/23/24.25DivIStandingsFinal.pdf,4,28.54785478547855
2024-25,Florida A&M,SWAC,216,55.0,FBS,25.0,0.0,30.0,https://dxbhsrqyrr690.cloudfront.net/sidearm.nextgen.sites/nacda.com/documents/2025/6/23/24.25DivIStandingsFinal.pdf,4,28.54785478547855
2024-25,Butler,Big East,220,54.0,FCS,54.0,0.0,0.0,https://dxbhsrqyrr690.cloudfront.net/sidearm.nextgen.sites/nacda.com/documents/2025/6/23/24.25DivIStandingsFinal.pdf,4,27.722772277227726
2024-25,Southern Utah,WAC,221,53.5,FCS,0.0,53.5,0.0,https://dxbhsrqyrr690.cloudfront.net/sidearm.nextgen.sites/nacda.com/documents/2025/6/23/24.25DivIStandingsFinal.pdf,4,27.39273927392739
2024-25,Charlotte,American,222,53.0,FBS,25.0,0.0,28.0,https://dxbhsrqyrr690.cloudfront.net/sidearm.nextgen.sites/nacda.com/documents/2025/6/23/24.25DivIStandingsFinal.pdf,4,27.062706270627064
2024-25,Arkansas Pine Bluff,SWAC,223,52.5,FCS,0.0,26.5,26.0,https://dxbhsrqyrr690.cloudfront.net/sidearm.nextgen.sites/nacda.com/documents/2025/6/23/24.25DivIStandingsFinal.pdf,4,26.732673267326735
2024-25,Iona,MAAC,224,52.0,DI,52.0,0.0,0.0,https://dxbhsrqyrr690.cloudfront.net/sidearm.nextgen.sites/nacda.com/documents/2025/6/23/24.25DivIStandingsFinal.pdf,4,26.4026402640264
2024-25,UTEP,Conference USA,225,51.5,FBS,25.0,26.5,0.0,https://dxbhsrqyrr690.cloudfront.net/sidearm.nextgen.sites/nacda.com/documents/2025/6/23/24.25DivIStandingsFinal.pdf,4,26.072607260726073
2024-25,Bryant,America East,226,50.0,FCS,0.0,25.0,25.0,https://dxbhsrqyrr690.cloudfront.net/sidearm.nextgen.sites/nacda.com/documents/2025/6/23/24.25DivIStandingsFinal.pdf,4,23.762376237623762
2024-25,Maine,America East,226,50.0,FCS,25.0,25.0,0.0,https://dxbhsrqyrr690.cloudfront.net/sidearm.nextgen.sites/nacda.com/documents/2025/6/23/24.25DivIStandingsFinal.pdf,4,23.762376237623762
2024-25,North Carolina Wilmington,CAA,226,50.0,DI,0.0,25.0,25.0,https://dxbhsrqyrr690.cloudfront.net/sidearm.nextgen.sites/nacda.com/documents/2025/6/23/24.25DivIStandingsFinal.pdf,4,23.762376237623762
2024-25,Norfolk State,MEAC,226,50.0,FCS,0.0,50.0,0.0,https://dxbhsrqyrr690.cloudfront.net/sidearm.nextgen.sites/nacda.com/documents/2025/6/23/24.25DivIStandingsFinal.pdf,4,23.762376237623762
2024-25,Central Connecticut State,Northeast,226,50.0,FCS,25.0,0.0,25.0,https://dxbhsrqyrr690.cloudfront.net/sidearm.nextgen.sites/nacda.com/documents/2025/6/23/24.25DivIStandingsFinal.pdf,4,23.762376237623762
2024-25,SIU Edwardsville,OVC,226,50.0,DI,25.0,25.0,0.0,https://dxbhsrqyrr690.cloudfront.net/sidearm.nextgen.sites/nacda.com/documents/2025/6/23/24.25DivIStandingsFinal.pdf,4,23.762376237623762
2024-25,Samford,SoCon,226,50.0,FCS,25.0,0.0,25.0,https://dxbhsrqyrr690.cloudfront.net/sidearm.nextgen.sites/nacda.com/documents/2025/6/23/24.25DivIStandingsFinal.pdf,4,23.762376237623762
2024-25,Wofford,SoCon,226,50.0,FCS,25.0,25.0,0.0,https://dxbhsrqyrr690.cloudfront.net/sidearm.nextgen.sites/nacda.com/documents/2025/6/23/24.25DivIStandingsFinal.pdf,4,23.762376237623762
2024-25,McNeese State,Southland,226,50.0,FCS,0.0,50.0,0.0,https://dxbhsrqyrr690.cloudfront.net/sidearm.nextgen.sites/nacda.com/documents/2025/6/23/24.25DivIStandingsFinal.pdf,4,23.762376237623762
2024-25,Southeastern Louisiana,Southland,226,50.0,FCS,0.0,0.0,50.0,https://dxbhsrqyrr690.cloudfront.net/sidearm.nextgen.sites/nacda.com/documents/2025/6/23/24.25DivIStandingsFinal.pdf,4,23.762376237623762
2024-25,Old Dominion,Sun Belt,226,50.0,FBS,0.0,0.0,50.0,https://dxbhsrqyrr690.cloudfront.net/sidearm.nextgen.sites/nacda.com/documents/2025/6/23/24.25DivIStandingsFinal.pdf,4,23.762376237623762
2024-25,Alabama State,SWAC,226,50.0,FCS,0.0,25.0,25.0,https://dxbhsrqyrr690.cloudfront.net/sidearm.nextgen.sites/nacda.com/documents/2025/6/23/24.25DivIStandingsFinal.pdf,4,23.762376237623762
2024-25,Southern,SWAC,226,50.0,FCS,25.0,25.0,0.0,https://dxbhsrqyrr690.cloudfront.net/sidearm.nextgen.sites/nacda.com/documents/2025/6/23/24.25DivIStandingsFinal.pdf,4,23.762376237623762
2024-25,Tennessee Chattanooga,SoCon,239,48.5,FCS,0.0,23.5,25.0,https://dxbhsrqyrr690.cloudfront.net/sidearm.nextgen.sites/nacda.com/documents/2025/6/23/24.25DivIStandingsFinal.pdf,4,21.45214521452145
2024-25,Ball State,MAC,240,47.5,FBS,0.0,47.5,0.0,https://dxbhsrqyrr690.cloudfront.net/sidearm.nextgen.sites/nacda.com/documents/2025/6/23/24.25DivIStandingsFinal.pdf,4,20.957095709570957
2024-25,East Tennessee State,SoCon,240,47.5,FCS,0.0,0.0,47.5,https://dxbhsrqyrr690.cloudfront.net/sidearm.nextgen.sites/nacda.com/documents/2025/6/23/24.25DivIStandingsFinal.pdf,4,20.957095709570957
2024-25,Temple,American,242,46.0,FBS,0.0,46.0,0.0,https://dxbhsrqyrr690.cloudfront.net/sidearm.nextgen.sites/nacda.com/documents/2025/6/23/24.25DivIStandingsFinal.pdf,4,20.462046204620464
2024-25,Cal State Fullerton,Big West,243,45.5,DI,0.0,0.0,45.5,https://dxbhsrqyrr690.cloudfront.net/sidearm.nextgen.sites/nacda.com/documents/2025/6/23/24.25DivIStandingsFinal.pdf,4,20.13201320132013
2024-25,Delaware,CAA,244,45.0,FCS,45.0,0.0,0.0,https://dxbhsrqyrr690.cloudfront.net/sidearm.nextgen.sites/nacda.com/documents/2025/6/23/24.25DivIStandingsFinal.pdf,4,19.141914191419144
2024-25,Towson,CAA,244,45.0,FCS,0.0,0.0,45.0,https://dxbhsrqyrr690.cloudfront.net/sidearm.nextgen.sites/nacda.com/documents/2025/6/23/24.25DivIStandingsFinal.pdf,4,19.141914191419144
2024-25,Nevada,Mountain West,244,45.0,FBS,0.0,45.0,0.0,https://dxbhsrqyrr690.cloudfront.net/sidearm.nextgen.sites/nacda.com/documents/2025/6/23/24.25DivIStandingsFinal.pdf,4,19.141914191419144
2024-25,Tennessee Martin,OVC,244,45.0,FCS,45.0,0.0,0.0,https://dxbhsrqyrr690.cloudfront.net/sidearm.nextgen.sites/nacda.com/documents/2025/6/23/24.25DivIStandingsFinal.pdf,4,19.141914191419144
2024-25,Lafayette,Patriot,244,45.0,FCS,45.0,0.0,0.0,https://dxbhsrqyrr690.cloudfront.net/sidearm.nextgen.sites/nacda.com/documents/2025/6/23/24.25DivIStandingsFinal.pdf,4,19.141914191419144
2024-25,George Mason,Atlantic 10,249,44.0,DI,0.0,44.0,0.0,https://dxbhsrqyrr690.cloudfront.net/sidearm.nextgen.sites/nacda.com/documents/2025/6/23/24.25DivIStandingsFinal.pdf,4,17.986798679867988
2024-25,Southern Illinois,Missouri Valley,249,44.0,FCS,0.0,44.0,0.0,https://dxbhsrqyrr690.cloudfront.net/sidearm.nextgen.sites/nacda.com/documents/2025/6/23/24.25DivIStandingsFinal.pdf,4,17.986798679867988
2024-25,NJIT,America East,251,43.0,DI,0.0,43.0,0.0,https://dxbhsrqyrr690.cloudfront.net/sidearm.nextgen.sites/nacda.com/documents/2025/6/23/24.25DivIStandingsFinal.pdf,4,17.491749174917494
2024-25,Cal State Northridge,Big West,252,41.0,DI,0.0,41.0,0.0,https://dxbhsrqyrr690.cloudfront.net/sidearm.nextgen.sites/nacda.com/documents/2025/6/23/24.25DivIStandingsFinal.pdf,4,17.16171617161716
2024-25,Cal State Bakersfield,Big West,253,40.0,DI,0.0,40.0,0.0,https://dxbhsrqyrr690.cloudfront.net/sidearm.nextgen.sites/nacda.com/documents/2025/6/23/24.25DivIStandingsFinal.pdf,4,16.831683168316832
2024-25,Weber State,Big Sky,254,37.5,FCS,0.0,0.0,37.5,https://dxbhsrqyrr690.cloudfront.net/sidearm.nextgen.sites/nacda.com/documents/2025/6/23/24.25DivIStandingsFinal.pdf,4,16.33663366336634
2024-25,Marist,MAAC,254,37.5,FCS,0.0,0.0,37.5,https://dxbhsrqyrr690.cloudfront.net/sidearm.nextgen.sites/nacda.com/documents/2025/6/23/24.25DivIStandingsFinal.pdf,4,16.33663366336634
2024-25,Rider,MAAC,256,35.0,DI,0.0,35.0,0.0,https://dxbhsrqyrr690.cloudfront.net/sidearm.nextgen.sites/nacda.com/documents/2025/6/23/24.25DivIStandingsFinal.pdf,4,15.841584158415841
2024-25,Campbell,CAA,257,33.5,FCS,0.0,17.0,16.5,https://dxbhsrqyrr690.cloudfront.net/sidearm.nextgen.sites/nacda.com/documents/2025/6/23/24.25DivIStandingsFinal.pdf,4,15.51155115511551
2024-25,Saint Francis (PA),Northeast,258,30.0,FCS,0.0,5.0,25.0,https://dxbhsrqyrr690.cloudfront.net/sidearm.nextgen.sites/nacda.com/documents/2025/6/23/24.25DivIStandingsFinal.pdf,4,14.686468646864686
2024-25,Loyola Maryland,Patriot,258,30.0,DI,0.0,0.0,30.0,https://dxbhsrqyrr690.cloudfront.net/sidearm.nextgen.sites/nacda.com/documents/2025/6/23/24.25DivIStandingsFinal.pdf,5,14.686468646864686
2024-25,Texas A&M Corpus Christi,Southland,258,30.0,DI,25.0,0.0,5.0,https://dxbhsrqyrr690.cloudfront.net/sidearm.nextgen.sites/nacda.com/documents/2025/6/23/24.25DivIStandingsFinal.pdf,5,14.686468646864686
2024-25,Seattle,WAC,258,30.0,DI,25.0,0.0,5.0,https://dxbhsrqyrr690.cloudfront.net/sidearm.nextgen.sites/nacda.com/documents/2025/6/23/24.25DivIStandingsFinal.pdf,5,14.686468646864686
2024-25,Central Michigan,MAC,262,28.5,FBS,0.0,28.5,0.0,https://dxbhsrqyrr690.cloudfront.net/sidearm.nextgen.sites/nacda.com/documents/2025/6/23/24.25DivIStandingsFinal.pdf,5,13.861386138613863
2024-25,New Mexico State,Conference USA,263,28.0,FBS,0.0,0.0,28.0,https://dxbhsrqyrr690.cloudfront.net/sidearm.nextgen.sites/nacda.com/documents/2025/6/23/24.25DivIStandingsFinal.pdf,5,13.531353135313532
2024-25,North Texas,American,264,25.0,FBS,25.0,0.0,0.0,https://dxbhsrqyrr690.cloudfront.net/sidearm.nextgen.sites/nacda.com/documents/2025/6/23/24.25DivIStandingsFinal.pdf,5,9.075907590759076
2024-25,North Alabama,ASUN,264,25.0,FCS,0.0,0.0,25.0,https://dxbhsrqyrr690.cloudfront.net/sidearm.nextgen.sites/nacda.com/documents/2025/6/23/24.25DivIStandingsFinal.pdf,5,9.075907590759076
2024-25,Charleston Southern,Big South,264,25.0,FCS,0.0,0.0,25.0,https://dxbhsrqyrr690.cloudfront.net/sidearm.nextgen.sites/nacda.com/documents/2025/6/23/24.25DivIStandingsFinal.pdf,5,9.075907590759076
2024-25,Middle Tennessee State,Conference USA,264,25.0,FBS,0.0,0.0,25.0,https://dxbhsrqyrr690.cloudfront.net/sidearm.nextgen.sites/nacda.com/documents/2025/6/23/24.25DivIStandingsFinal.pdf,5,9.075907590759076
2024-25,Wisconsin Green Bay,Horizon League,264,25.0,DI,0.0,25.0,0.0,https://dxbhsrqyrr690.cloudfront.net/sidearm.nextgen.sites/nacda.com/documents/2025/6/23/24.25DivIStandingsFinal.pdf,5,9.075907590759076
2024-25,Wisconsin Milwaukee,Horizon League,264,25.0,DI,25.0,0.0,0.0,https://dxbhsrqyrr690.cloudfront.net/sidearm.nextgen.sites/nacda.com/documents/2025/6/23/24.25DivIStandingsFinal.pdf,5,9.075907590759076
2024-25,Mount St. Mary's,MAAC,264,25.0,DI,0.0,25.0,0.0,https://dxbhsrqyrr690.cloudfront.net/sidearm.nextgen.sites/nacda.com/documents/2025/6/23/24.25DivIStandingsFinal.pdf,5,9.075907590759076
2024-25,Siena,MAAC,264,25.0,DI,0.0,0.0,25.0,https://dxbhsrqyrr690.cloudfront.net/sidearm.nextgen.sites/nacda.com/documents/2025/6/23/24.25DivIStandingsFinal.pdf,5,9.075907590759076
2024-25,Bowling Green,MAC,264,25.0,FBS,25.0,0.0,0.0,https://dxbhsrqyrr690.cloudfront.net/sidearm.nextgen.sites/nacda.com/documents/2025/6/23/24.25DivIStandingsFinal.pdf,5,9.075907590759076
2024-25,Delaware State,MEAC,264,25.0,FCS,25.0,0.0,0.0,https://dxbhsrqyrr690.cloudfront.net/sidearm.nextgen.sites/nacda.com/documents/2025/6/23/24.25DivIStandingsFinal.pdf,5,9.075907590759076
2024-25,Evansville,Missouri Valley,264,25.0,DI,25.0,0.0,0.0,https://dxbhsrqyrr690.cloudfront.net/sidearm.nextgen.sites/nacda.com/documents/2025/6/23/24.25DivIStandingsFinal.pdf,5,9.075907590759076
2024-25,Illinois Chicago,Missouri Valley,264,25.0,DI,0.0,0.0,25.0,https://dxbhsrqyrr690.cloudfront.net/sidearm.nextgen.sites/nacda.com/documents/2025/6/23/24.25DivIStandingsFinal.pdf,5,9.075907590759076
2024-25,Chicago State,Northeast,264,25.0,DI,25.0,0.0,0.0,https://dxbhsrqyrr690.cloudfront.net/sidearm.nextgen.sites/nacda.com/documents/2025/6/23/24.25DivIStandingsFinal.pdf,5,9.075907590759076
2024-25,Eastern Illinois,OVC,264,25.0,FCS,0.0,0.0,25.0,https://dxbhsrqyrr690.cloudfront.net/sidearm.nextgen.sites/nacda.com/documents/2025/6/23/24.25DivIStandingsFinal.pdf,5,9.075907590759076
2024-25,Southeast Missouri State,OVC,264,25.0,FCS,25.0,0.0,0.0,https://dxbhsrqyrr690.cloudfront.net/sidearm.nextgen.sites/nacda.com/documents/2025/6/23/24.25DivIStandingsFinal.pdf,5,9.075907590759076
2024-25,Tennessee State,OVC,264,25.0,FCS,25.0,0.0,0.0,https://dxbhsrqyrr690.cloudfront.net/sidearm.nextgen.sites/nacda.com/documents/2025/6/23/24.25DivIStandingsFinal.pdf,5,9.075907590759076
2024-25,Tennessee Tech,OVC,264,25.0,FCS,0.0,25.0,0.0,https://dxbhsrqyrr690.cloudfront.net/sidearm.nextgen.sites/nacda.com/documents/2025/6/23/24.25DivIStandingsFinal.pdf,5,9.075907590759076
2024-25,Holy Cross,Patriot,264,25.0,FCS,0.0,0.0,25.0,https://dxbhsrqyrr690.cloudfront.net/sidearm.nextgen.sites/nacda.com/documents/2025/6/23/24.25DivIStandingsFinal.pdf,5,9.075907590759076
2024-25,North Carolina Greensboro,SoCon,264,25.0,DI,0.0,25.0,0.0,https://dxbhsrqyrr690.cloudfront.net/sidearm.nextgen.sites/nacda.com/documents/2025/6/23/24.25DivIStandingsFinal.pdf,5,9.075907590759076
2024-25,Houston Christian,Southland,264,25.0,FCS,0.0,0.0,25.0,https://dxbhsrqyrr690.cloudfront.net/sidearm.nextgen.sites/nacda.com/documents/2025/6/23/24.25DivIStandingsFinal.pdf,5,9.075907590759076
2024-25,New Orleans,Southland,264,25.0,DI,0.0,0.0,25.0,https://dxbhsrqyrr690.cloudfront.net/sidearm.nextgen.sites/nacda.com/documents/2025/6/23/24.25DivIStandingsFinal.pdf,5,9.075907590759076
2024-25,Georgia State,Sun Belt,264,25.0,FBS,0.0,0.0,25.0,https://dxbhsrqyrr690.cloudfront.net/sidearm.nextgen.sites/nacda.com/documents/2025/6/23/24.25DivIStandingsFinal.pdf,5,9.075907590759076
2024-25,Louisiana,Sun Belt,264,25.0,FBS,25.0,0.0,0.0,https://dxbhsrqyrr690.cloudfront.net/sidearm.nextgen.sites/nacda.com/documents/2025/6/23/24.25DivIStandingsFinal.pdf,5,9.075907590759076
2024-25,Bethune-Cookman,SWAC,264,25.0,FCS,0.0,0.0,25.0,https://dxbhsrqyrr690.cloudfront.net/sidearm.nextgen.sites/nacda.com/documents/2025/6/23/24.25DivIStandingsFinal.pdf,5,9.075907590759076
2024-25,Prairie View A&M,SWAC,264,25.0,FCS,0.0,25.0,0.0,https://dxbhsrqyrr690.cloudfront.net/sidearm.nextgen.sites/nacda.com/documents/2025/6/23/24.25DivIStandingsFinal.pdf,5,9.075907590759076
2024-25,Texas Arlington,WAC,264,25.0,DI,25.0,0.0,0.0,https://dxbhsrqyrr690.cloudfront.net/sidearm.nextgen.sites/nacda.com/documents/2025/6/23/24.25DivIStandingsFinal.pdf,5,9.075907590759076
2024-25,Citadel,SoCon,290,23.5,FCS,0.0,23.5,0.0,https://dxbhsrqyrr690.cloudfront.net/sidearm.nextgen.sites/nacda.com/documents/2025/6/23/24.25DivIStandingsFinal.pdf,5,4.455445544554455
2024-25,Appalachian State,Sun Belt,290,23.5,FBS,0.0,23.5,0.0,https://dxbhsrqyrr690.cloudfront.net/sidearm.nextgen.sites/nacda.com/documents/2025/6/23/24.25DivIStandingsFinal.pdf,5,4.455445544554455
2024-25,Oral Roberts,Summit,292,16.0,DI,0.0,0.0,16.0,https://dxbhsrqyrr690.cloudfront.net/sidearm.nextgen.sites/nacda.com/documents/2025/6/23/24.25DivIStandingsFinal.pdf,5,3.9603960396039604
2024-25,North Dakota,Summit,293,14.5,FCS,0.0,0.0,14.5,https://dxbhsrqyrr690.cloudfront.net/sidearm.nextgen.sites/nacda.com/documents/2025/6/23/24.25DivIStandingsFinal.pdf,5,3.6303630363036308
2024-25,DePaul,Big East,294,13.5,DI,0.0,0.0,13.5,https://dxbhsrqyrr690.cloudfront.net/sidearm.nextgen.sites/nacda.com/documents/2025/6/23/24.25DivIStandingsFinal.pdf,5,3.1353135313531353
2024-25,Bradley,Missouri Valley,294,13.5,DI,0.0,0.0,13.5,https://dxbhsrqyrr690.cloudfront.net/sidearm.nextgen.sites/nacda.com/documents/2025/6/23/24.25DivIStandingsFinal.pdf,5,3.1353135313531353
2024-25,Davidson,Atlantic 10,296,10.0,FCS,0.0,0.0,10.0,https://dxbhsrqyrr690.cloudfront.net/sidearm.nextgen.sites/nacda.com/documents/2025/6/23/24.25DivIStandingsFinal.pdf,5,2.6402640264026402
2024-25,Pacific,WCC,297,8.0,DI,0.0,0.0,8.0,https://dxbhsrqyrr690.cloudfront.net/sidearm.nextgen.sites/nacda.com/documents/2025/6/23/24.25DivIStandingsFinal.pdf,5,2.31023102310231
2024-25,Massachusetts Lowell,America East,298,5.0,DI,0.0,0.0,5.0,https://dxbhsrqyrr690.cloudfront.net/sidearm.nextgen.sites/nacda.com/documents/2025/6/23/24.25DivIStandingsFinal.pdf,5,1.155115511551155
2024-25,Central Arkansas,ASUN,298,5.0,FCS,0.0,0.0,5.0,https://dxbhsrqyrr690.cloudfront.net/sidearm.nextgen.sites/nacda.com/documents/2025/6/23/24.25DivIStandingsFinal.pdf,5,1.155115511551155
2024-25,Radford,Big South,298,5.0,DI,0.0,0.0,5.0,https://dxbhsrqyrr690.cloudfront.net/sidearm.nextgen.sites/nacda.com/documents/2025/6/23/24.25DivIStandingsFinal.pdf,5,1.155115511551155
2024-25,Oakland,Horizon League,298,5.0,DI,0.0,0.0,5.0,https://dxbhsrqyrr690.cloudfront.net/sidearm.nextgen.sites/nacda.com/documents/2025/6/23/24.25DivIStandingsFinal.pdf,5,1.155115511551155
2024-25,American,Patriot,298,5.0,DI,0.0,5.0,0.0,https://dxbhsrqyrr690.cloudfront.net/sidearm.nextgen.sites/nacda.com/documents/2025/6/23/24.25DivIStandingsFinal.pdf,5,1.155115511551155
2024-25,Louisiana Monroe,Sun Belt,298,5.0,FBS,0.0,0.0,5.0,https://dxbhsrqyrr690.cloudfront.net/sidearm.nextgen.sites/nacda.com/documents/2025/6/23/24.25DivIStandingsFinal.pdf,5,1.155115511551155
2025-26,Texas,SEC,1,1322.0,FBS,136.0,426.5,759.5,https://dxbhsrqyrr690.cloudfront.net/sidearm.nextgen.sites/nacda.com/documents/2026/6/24/25.26DI_Final.pdf,1,100.0
2025-26,Stanford,ACC,2,1263.5,FBS,291.5,402.25,569.75,https://dxbhsrqyrr690.cloudfront.net/sidearm.nextgen.sites/nacda.com/documents/2026/6/24/25.26DI_Final.pdf,1,99.66777408637874
2025-26,UCLA,Big Ten,3,1199.25,FBS,225.0,322.75,651.5,https://dxbhsrqyrr690.cloudfront.net/sidearm.nextgen.sites/nacda.com/documents/2026/6/24/25.26DI_Final.pdf,1,99.33554817275747
2025-26,North Carolina,ACC,4,1166.75,FBS,359.0,361.5,446.25,https://dxbhsrqyrr690.cloudfront.net/sidearm.nextgen.sites/nacda.com/documents/2026/6/24/25.26DI_Final.pdf,1,99.00332225913621
2025-26,Virginia,ACC,5,1148.75,FBS,294.5,346.75,507.5,https://dxbhsrqyrr690.cloudfront.net/sidearm.nextgen.sites/nacda.com/documents/2026/6/24/25.26DI_Final.pdf,1,98.67109634551495
2025-26,Florida,SEC,6,1104.5,FBS,125.0,451.75,527.75,https://dxbhsrqyrr690.cloudfront.net/sidearm.nextgen.sites/nacda.com/documents/2026/6/24/25.26DI_Final.pdf,1,98.33887043189368
2025-26,USC,Big Ten,7,1095.5,FBS,193.0,227.0,675.5,https://dxbhsrqyrr690.cloudfront.net/sidearm.nextgen.sites/nacda.com/documents/2026/6/24/25.26DI_Final.pdf,1,98.00664451827242
2025-26,Georgia,SEC,8,1081.25,FBS,150.0,393.25,538.0,https://dxbhsrqyrr690.cloudfront.net/sidearm.nextgen.sites/nacda.com/documents/2026/6/24/25.26DI_Final.pdf,1,97.67441860465115
2025-26,Michigan,Big Ten,9,1076.75,FBS,145.0,664.25,267.5,https://dxbhsrqyrr690.cloudfront.net/sidearm.nextgen.sites/nacda.com/documents/2026/6/24/25.26DI_Final.pdf,1,97.34219269102991
2025-26,Ohio State,Big Ten,10,1071.25,FBS,146.5,621.25,303.5,https://dxbhsrqyrr690.cloudfront.net/sidearm.nextgen.sites/nacda.com/documents/2026/6/24/25.26DI_Final.pdf,1,97.00996677740864
2025-26,Duke,ACC,11,1039.25,FBS,257.0,361.5,420.75,https://dxbhsrqyrr690.cloudfront.net/sidearm.nextgen.sites/nacda.com/documents/2026/6/24/25.26DI_Final.pdf,1,96.67774086378738
2025-26,Texas A&M,SEC,12,980.0,FBS,240.5,266.5,473.0,https://dxbhsrqyrr690.cloudfront.net/sidearm.nextgen.sites/nacda.com/documents/2026/6/24/25.26DI_Final.pdf,1,96.3455149501661
2025-26,Alabama,SEC,13,968.75,FBS,251.0,399.0,318.75,https://dxbhsrqyrr690.cloudfront.net/sidearm.nextgen.sites/nacda.com/documents/2026/6/24/25.26DI_Final.pdf,1,96.01328903654485
2025-26,Arkansas,SEC,14,965.75,FBS,134.0,361.25,470.5,https://dxbhsrqyrr690.cloudfront.net/sidearm.nextgen.sites/nacda.com/documents/2026/6/24/25.26DI_Final.pdf,1,95.68106312292359
2025-26,Tennessee,SEC,15,964.75,FBS,146.0,301.0,517.75,https://dxbhsrqyrr690.cloudfront.net/sidearm.nextgen.sites/nacda.com/documents/2026/6/24/25.26DI_Final.pdf,1,95.34883720930233
2025-26,Oklahoma,SEC,16,930.75,FBS,127.5,364.0,439.25,https://dxbhsrqyrr690.cloudfront.net/sidearm.nextgen.sites/nacda.com/documents/2026/6/24/25.26DI_Final.pdf,1,95.01661129568106
2025-26,Nebraska,Big Ten,17,929.0,FBS,98.0,576.75,254.25,https://dxbhsrqyrr690.cloudfront.net/sidearm.nextgen.sites/nacda.com/documents/2026/6/24/25.26DI_Final.pdf,1,94.6843853820598
2025-26,LSU,SEC,18,926.75,FBS,140.0,330.0,456.75,https://dxbhsrqyrr690.cloudfront.net/sidearm.nextgen.sites/nacda.com/documents/2026/6/24/25.26DI_Final.pdf,1,94.35215946843853
2025-26,Notre Dame,ACC,19,898.5,FBS,301.0,343.0,254.5,https://dxbhsrqyrr690.cloudfront.net/sidearm.nextgen.sites/nacda.com/documents/2026/6/24/25.26DI_Final.pdf,1,94.01993355481729
2025-26,Princeton,Ivy League,20,878.5,FCS,212.0,372.5,294.0,https://dxbhsrqyrr690.cloudfront.net/sidearm.nextgen.sites/nacda.com/documents/2026/6/24/25.26DI_Final.pdf,1,93.68770764119601
2025-26,Penn State,Big Ten,21,864.5,FBS,239.5,467.5,157.5,https://dxbhsrqyrr690.cloudfront.net/sidearm.nextgen.sites/nacda.com/documents/2026/6/24/25.26DI_Final.pdf,1,93.35548172757476
2025-26,North Carolina State,ACC,22,860.0,FBS,235.0,360.0,265.0,https://dxbhsrqyrr690.cloudfront.net/sidearm.nextgen.sites/nacda.com/documents/2026/6/24/25.26DI_Final.pdf,1,93.02325581395348
2025-26,Oregon,Big Ten,23,783.0,FBS,240.0,230.0,313.0,https://dxbhsrqyrr690.cloudfront.net/sidearm.nextgen.sites/nacda.com/documents/2026/6/24/25.26DI_Final.pdf,1,92.69102990033223
2025-26,Wisconsin,Big Ten,24,754.0,FBS,236.0,380.0,138.0,https://dxbhsrqyrr690.cloudfront.net/sidearm.nextgen.sites/nacda.com/documents/2026/6/24/25.26DI_Final.pdf,1,92.35880398671097
2025-26,BYU,Big 12,25,730.0,FBS,309.5,223.25,197.25,https://dxbhsrqyrr690.cloudfront.net/sidearm.nextgen.sites/nacda.com/documents/2026/6/24/25.26DI_Final.pdf,1,92.02657807308971
2025-26,Auburn,SEC,26,724.5,FBS,0.0,289.0,435.5,https://dxbhsrqyrr690.cloudfront.net/sidearm.nextgen.sites/nacda.com/documents/2026/6/24/25.26DI_Final.pdf,1,91.69435215946844
2025-26,Kentucky,SEC,27,716.5,FBS,140.0,390.5,186.0,https://dxbhsrqyrr690.cloudfront.net/sidearm.nextgen.sites/nacda.com/documents/2026/6/24/25.26DI_Final.pdf,1,91.36212624584718
2025-26,Oklahoma State,Big 12,28,713.5,FBS,164.5,207.5,341.5,https://dxbhsrqyrr690.cloudfront.net/sidearm.nextgen.sites/nacda.com/documents/2026/6/24/25.26DI_Final.pdf,1,91.0299003322259
2025-26,Louisville,ACC,29,711.5,FBS,207.0,331.0,173.5,https://dxbhsrqyrr690.cloudfront.net/sidearm.nextgen.sites/nacda.com/documents/2026/6/24/25.26DI_Final.pdf,1,90.69767441860465
2025-26,Washington,Big Ten,30,705.75,FBS,273.0,204.25,228.5,https://dxbhsrqyrr690.cloudfront.net/sidearm.nextgen.sites/nacda.com/documents/2026/6/24/25.26DI_Final.pdf,1,90.36544850498339
2025-26,Illinois,Big Ten,31,687.75,FBS,74.0,397.5,216.25,https://dxbhsrqyrr690.cloudfront.net/sidearm.nextgen.sites/nacda.com/documents/2026/6/24/25.26DI_Final.pdf,1,90.03322259136213
2025-26,Minnesota,Big Ten,32,675.75,FBS,137.0,430.25,108.5,https://dxbhsrqyrr690.cloudfront.net/sidearm.nextgen.sites/nacda.com/documents/2026/6/24/25.26DI_Final.pdf,1,89.70099667774086
2025-26,TCU,Big 12,33,675.0,FBS,178.0,242.0,255.0,https://dxbhsrqyrr690.cloudfront.net/sidearm.nextgen.sites/nacda.com/documents/2026/6/24/25.26DI_Final.pdf,1,89.3687707641196
2025-26,Ole Miss,SEC,34,672.25,FBS,137.0,255.75,279.5,https://dxbhsrqyrr690.cloudfront.net/sidearm.nextgen.sites/nacda.com/documents/2026/6/24/25.26DI_Final.pdf,1,89.03654485049833
2025-26,Texas Tech,Big 12,35,669.0,FBS,122.0,230.5,316.5,https://dxbhsrqyrr690.cloudfront.net/sidearm.nextgen.sites/nacda.com/documents/2026/6/24/25.26DI_Final.pdf,1,88.70431893687709
2025-26,Arizona,Big 12,36,668.0,FBS,75.0,267.5,325.5,https://dxbhsrqyrr690.cloudfront.net/sidearm.nextgen.sites/nacda.com/documents/2026/6/24/25.26DI_Final.pdf,1,88.37209302325581
2025-26,Iowa,Big Ten,37,662.0,FBS,152.0,443.0,67.0,https://dxbhsrqyrr690.cloudfront.net/sidearm.nextgen.sites/nacda.com/documents/2026/6/24/25.26DI_Final.pdf,1,88.03986710963456
2025-26,Arizona State,Big 12,38,655.0,FBS,89.0,223.5,342.5,https://dxbhsrqyrr690.cloudfront.net/sidearm.nextgen.sites/nacda.com/documents/2026/6/24/25.26DI_Final.pdf,1,87.70764119601328
2025-26,California,ACC,39,653.75,FBS,25.0,279.75,349.0,https://dxbhsrqyrr690.cloudfront.net/sidearm.nextgen.sites/nacda.com/documents/2026/6/24/25.26DI_Final.pdf,1,87.37541528239203
2025-26,Vanderbilt,SEC,40,628.25,FBS,161.0,240.5,226.75,https://dxbhsrqyrr690.cloudfront.net/sidearm.nextgen.sites/nacda.com/documents/2026/6/24/25.26DI_Final.pdf,1,87.04318936877077
2025-26,Florida State,ACC,41,604.0,FBS,100.0,141.5,362.5,https://dxbhsrqyrr690.cloudfront.net/sidearm.nextgen.sites/nacda.com/documents/2026/6/24/25.26DI_Final.pdf,1,86.71096345514951
2025-26,Clemson,ACC,42,601.5,FBS,100.0,183.5,318.0,https://dxbhsrqyrr690.cloudfront.net/sidearm.nextgen.sites/nacda.com/documents/2026/6/24/25.26DI_Final.pdf,1,86.37873754152824
2025-26,Iowa State,Big 12,43,600.75,FBS,189.0,248.75,163.0,https://dxbhsrqyrr690.cloudfront.net/sidearm.nextgen.sites/nacda.com/documents/2026/6/24/25.26DI_Final.pdf,1,86.04651162790698
2025-26,South Carolina,SEC,44,598.5,FBS,85.0,286.0,227.5,https://dxbhsrqyrr690.cloudfront.net/sidearm.nextgen.sites/nacda.com/documents/2026/6/24/25.26DI_Final.pdf,1,85.71428571428571
2025-26,Yale,Ivy League,45,589.0,FCS,153.0,216.0,220.0,https://dxbhsrqyrr690.cloudfront.net/sidearm.nextgen.sites/nacda.com/documents/2026/6/24/25.26DI_Final.pdf,1,85.38205980066445
2025-26,Northwestern,Big Ten,46,569.5,FBS,226.0,154.0,189.5,https://dxbhsrqyrr690.cloudfront.net/sidearm.nextgen.sites/nacda.com/documents/2026/6/24/25.26DI_Final.pdf,1,85.04983388704319
2025-26,Indiana,Big Ten,47,564.5,FBS,214.0,246.5,104.0,https://dxbhsrqyrr690.cloudfront.net/sidearm.nextgen.sites/nacda.com/documents/2026/6/24/25.26DI_Final.pdf,1,84.71760797342192
2025-26,Harvard,Ivy League,48,547.5,FCS,153.0,306.5,88.0,https://dxbhsrqyrr690.cloudfront.net/sidearm.nextgen.sites/nacda.com/documents/2026/6/24/25.26DI_Final.pdf,1,84.38538205980066
2025-26,Kansas,Big 12,49,534.5,FBS,128.0,167.5,239.0,https://dxbhsrqyrr690.cloudfront.net/sidearm.nextgen.sites/nacda.com/documents/2026/6/24/25.26DI_Final.pdf,1,84.0531561461794
2025-26,Baylor,Big 12,50,530.5,FBS,114.0,141.0,275.5,https://dxbhsrqyrr690.cloudfront.net/sidearm.nextgen.sites/nacda.com/documents/2026/6/24/25.26DI_Final.pdf,1,83.55481727574751
2025-26,West Virginia,Big 12,50,530.5,FBS,169.0,224.0,137.5,https://dxbhsrqyrr690.cloudfront.net/sidearm.nextgen.sites/nacda.com/documents/2026/6/24/25.26DI_Final.pdf,1,83.55481727574751
2025-26,Michigan State,Big Ten,52,509.25,FBS,152.0,240.75,116.5,https://dxbhsrqyrr690.cloudfront.net/sidearm.nextgen.sites/nacda.com/documents/2026/6/24/25.26DI_Final.pdf,1,83.05647840531562
2025-26,Colorado,Big 12,53,507.0,FBS,244.5,136.0,126.5,https://dxbhsrqyrr690.cloudfront.net/sidearm.nextgen.sites/nacda.com/documents/2026/6/24/25.26DI_Final.pdf,1,82.72425249169434
2025-26,Wake Forest,ACC,54,505.75,FBS,257.5,0.0,248.25,https://dxbhsrqyrr690.cloudfront.net/sidearm.nextgen.sites/nacda.com/documents/2026/6/24/25.26DI_Final.pdf,1,82.39202657807309
2025-26,Virginia Tech,ACC,55,470.5,FBS,61.5,244.0,165.0,https://dxbhsrqyrr690.cloudfront.net/sidearm.nextgen.sites/nacda.com/documents/2026/6/24/25.26DI_Final.pdf,1,82.05980066445183
2025-26,Uconn,Big East,56,459.0,FBS,154.0,258.0,47.0,https://dxbhsrqyrr690.cloudfront.net/sidearm.nextgen.sites/nacda.com/documents/2026/6/24/25.26DI_Final.pdf,1,81.72757475083057
2025-26,Miami (FL),ACC,57,452.0,FBS,140.0,159.0,153.0,https://dxbhsrqyrr690.cloudfront.net/sidearm.nextgen.sites/nacda.com/documents/2026/6/24/25.26DI_Final.pdf,1,81.3953488372093
2025-26,New Mexico,Mountain West,58,449.5,FBS,195.0,119.75,134.75,https://dxbhsrqyrr690.cloudfront.net/sidearm.nextgen.sites/nacda.com/documents/2026/6/24/25.26DI_Final.pdf,1,81.06312292358804
2025-26,Syracuse,ACC,59,447.0,FBS,198.0,50.0,199.0,https://dxbhsrqyrr690.cloudfront.net/sidearm.nextgen.sites/nacda.com/documents/2026/6/24/25.26DI_Final.pdf,1,80.73089700996677
2025-26,UCF,Big 12,60,446.0,FBS,100.0,48.5,297.5,https://dxbhsrqyrr690.cloudfront.net/sidearm.nextgen.sites/nacda.com/documents/2026/6/24/25.26DI_Final.pdf,1,80.39867109634552
2025-26,Mississippi State,SEC,61,445.5,FBS,78.0,0.0,367.5,https://dxbhsrqyrr690.cloudfront.net/sidearm.nextgen.sites/nacda.com/documents/2026/6/24/25.26DI_Final.pdf,1,80.06644518272425
2025-26,Purdue,Big Ten,62,435.5,FBS,73.0,245.0,117.5,https://dxbhsrqyrr690.cloudfront.net/sidearm.nextgen.sites/nacda.com/documents/2026/6/24/25.26DI_Final.pdf,1,79.734219269103
2025-26,Utah,Big 12,63,435.25,FBS,143.5,226.25,65.5,https://dxbhsrqyrr690.cloudfront.net/sidearm.nextgen.sites/nacda.com/documents/2026/6/24/25.26DI_Final.pdf,1,79.40199335548172
2025-26,SMU,ACC,64,406.5,FBS,187.0,56.0,163.5,https://dxbhsrqyrr690.cloudfront.net/sidearm.nextgen.sites/nacda.com/documents/2026/6/24/25.26DI_Final.pdf,2,79.06976744186046
2025-26,Missouri,SEC,65,390.5,FBS,71.0,229.25,90.25,https://dxbhsrqyrr690.cloudfront.net/sidearm.nextgen.sites/nacda.com/documents/2026/6/24/25.26DI_Final.pdf,2,78.7375415282392
2025-26,Denver,Summit,66,383.5,DI,50.0,230.5,103.0,https://dxbhsrqyrr690.cloudfront.net/sidearm.nextgen.sites/nacda.com/documents/2026/6/24/25.26DI_Final.pdf,2,78.40531561461795
2025-26,Pennsylvania,Ivy League,67,371.5,FCS,0.0,320.0,51.5,https://dxbhsrqyrr690.cloudfront.net/sidearm.nextgen.sites/nacda.com/documents/2026/6/24/25.26DI_Final.pdf,2,78.07308970099668
2025-26,Pepperdine,WCC,68,353.25,DI,25.0,0.0,328.25,https://dxbhsrqyrr690.cloudfront.net/sidearm.nextgen.sites/nacda.com/documents/2026/6/24/25.26DI_Final.pdf,2,77.74086378737542
2025-26,Columbia,Ivy League,69,348.5,FCS,0.0,237.0,111.5,https://dxbhsrqyrr690.cloudfront.net/sidearm.nextgen.sites/nacda.com/documents/2026/6/24/25.26DI_Final.pdf,2,77.40863787375415
2025-26,Kansas State,Big 12,70,347.0,FBS,50.0,149.5,147.5,https://dxbhsrqyrr690.cloudfront.net/sidearm.nextgen.sites/nacda.com/documents/2026/6/24/25.26DI_Final.pdf,2,77.0764119601329
2025-26,Maryland,Big Ten,71,325.5,FBS,73.0,144.5,108.0,https://dxbhsrqyrr690.cloudfront.net/sidearm.nextgen.sites/nacda.com/documents/2026/6/24/25.26DI_Final.pdf,2,76.74418604651163
2025-26,Georgetown,Big East,72,322.0,FCS,242.5,0.0,79.5,https://dxbhsrqyrr690.cloudfront.net/sidearm.nextgen.sites/nacda.com/documents/2026/6/24/25.26DI_Final.pdf,2,76.41196013289037
2025-26,Navy,Patriot,73,321.5,FBS,78.0,113.5,130.0,https://dxbhsrqyrr690.cloudfront.net/sidearm.nextgen.sites/nacda.com/documents/2026/6/24/25.26DI_Final.pdf,2,76.0797342192691
2025-26,Washington State,Pac-12,74,320.0,FBS,149.0,66.5,104.5,https://dxbhsrqyrr690.cloudfront.net/sidearm.nextgen.sites/nacda.com/documents/2026/6/24/25.26DI_Final.pdf,2,75.74750830564784
2025-26,Northern Arizona,Big Sky,75,315.0,FCS,141.0,94.0,80.0,https://dxbhsrqyrr690.cloudfront.net/sidearm.nextgen.sites/nacda.com/documents/2026/6/24/25.26DI_Final.pdf,2,75.41528239202658
2025-26,St. John's (NY),Big East,76,311.0,DI,25.0,197.0,89.0,https://dxbhsrqyrr690.cloudfront.net/sidearm.nextgen.sites/nacda.com/documents/2026/6/24/25.26DI_Final.pdf,2,75.08305647840533
2025-26,Air Force,Mountain West,77,306.5,FBS,54.0,198.0,54.5,https://dxbhsrqyrr690.cloudfront.net/sidearm.nextgen.sites/nacda.com/documents/2026/6/24/25.26DI_Final.pdf,2,74.75083056478405
2025-26,Cornell,Ivy League,78,303.5,FCS,50.0,144.0,109.5,https://dxbhsrqyrr690.cloudfront.net/sidearm.nextgen.sites/nacda.com/documents/2026/6/24/25.26DI_Final.pdf,2,74.4186046511628
2025-26,Army West Point,Patriot,79,295.5,FBS,98.0,99.5,98.0,https://dxbhsrqyrr690.cloudfront.net/sidearm.nextgen.sites/nacda.com/documents/2026/6/24/25.26DI_Final.pdf,2,74.08637873754152
2025-26,Villanova,Big East,80,295.0,FCS,159.0,106.0,30.0,https://dxbhsrqyrr690.cloudfront.net/sidearm.nextgen.sites/nacda.com/documents/2026/6/24/25.26DI_Final.pdf,2,73.75415282392026
2025-26,Cal Poly,Big West,81,290.0,FCS,89.0,10.5,190.5,https://dxbhsrqyrr690.cloudfront.net/sidearm.nextgen.sites/nacda.com/documents/2026/6/24/25.26DI_Final.pdf,2,73.421926910299
2025-26,Oregon State,Pac-12,82,278.0,FBS,25.0,84.5,168.5,https://dxbhsrqyrr690.cloudfront.net/sidearm.nextgen.sites/nacda.com/documents/2026/6/24/25.26DI_Final.pdf,2,73.08970099667775
2025-26,Boston College,ACC,83,276.0,FBS,45.0,120.0,111.0,https://dxbhsrqyrr690.cloudfront.net/sidearm.nextgen.sites/nacda.com/documents/2026/6/24/25.26DI_Final.pdf,2,72.75747508305648
2025-26,Pittsburgh,ACC,84,267.75,FBS,108.0,159.75,0.0,https://dxbhsrqyrr690.cloudfront.net/sidearm.nextgen.sites/nacda.com/documents/2026/6/24/25.26DI_Final.pdf,2,72.42524916943522
2025-26,Utah State,Mountain West,85,262.5,FBS,100.0,95.5,67.0,https://dxbhsrqyrr690.cloudfront.net/sidearm.nextgen.sites/nacda.com/documents/2026/6/24/25.26DI_Final.pdf,2,72.09302325581395
2025-26,Tarleton State,WAC,86,257.5,FCS,70.0,92.5,95.0,https://dxbhsrqyrr690.cloudfront.net/sidearm.nextgen.sites/nacda.com/documents/2026/6/24/25.26DI_Final.pdf,2,71.76079734219269
2025-26,Liberty,Conference USA,87,245.5,FBS,70.0,34.5,141.0,https://dxbhsrqyrr690.cloudfront.net/sidearm.nextgen.sites/nacda.com/documents/2026/6/24/25.26DI_Final.pdf,2,71.42857142857143
2025-26,High Point,Big South,88,236.5,DI,114.0,100.5,22.0,https://dxbhsrqyrr690.cloudfront.net/sidearm.nextgen.sites/nacda.com/documents/2026/6/24/25.26DI_Final.pdf,2,70.93023255813954
2025-26,Houston,Big 12,88,236.5,FBS,55.0,87.0,94.5,https://dxbhsrqyrr690.cloudfront.net/sidearm.nextgen.sites/nacda.com/documents/2026/6/24/25.26DI_Final.pdf,2,70.93023255813954
2025-26,Georgia Tech,ACC,90,233.0,FBS,75.0,36.0,122.0,https://dxbhsrqyrr690.cloudfront.net/sidearm.nextgen.sites/nacda.com/documents/2026/6/24/25.26DI_Final.pdf,2,70.43189368770764
2025-26,Cincinnati,Big 12,91,231.0,FBS,53.0,82.0,96.0,https://dxbhsrqyrr690.cloudfront.net/sidearm.nextgen.sites/nacda.com/documents/2026/6/24/25.26DI_Final.pdf,2,70.09966777408638
2025-26,Hawaii,Big West,92,230.0,FBS,45.0,25.0,160.0,https://dxbhsrqyrr690.cloudfront.net/sidearm.nextgen.sites/nacda.com/documents/2026/6/24/25.26DI_Final.pdf,2,69.76744186046511
2025-26,Rutgers,Big Ten,93,227.5,FBS,0.0,117.5,110.0,https://dxbhsrqyrr690.cloudfront.net/sidearm.nextgen.sites/nacda.com/documents/2026/6/24/25.26DI_Final.pdf,2,69.26910299003323
2025-26,Texas State,Sun Belt,93,227.5,FBS,70.0,30.0,127.5,https://dxbhsrqyrr690.cloudfront.net/sidearm.nextgen.sites/nacda.com/documents/2026/6/24/25.26DI_Final.pdf,2,69.26910299003323
2025-26,Jacksonville State,Conference USA,95,220.0,FBS,45.0,100.0,75.0,https://dxbhsrqyrr690.cloudfront.net/sidearm.nextgen.sites/nacda.com/documents/2026/6/24/25.26DI_Final.pdf,2,68.77076411960132
2025-26,Arkansas State,Sun Belt,96,205.0,FBS,70.0,83.0,52.0,https://dxbhsrqyrr690.cloudfront.net/sidearm.nextgen.sites/nacda.com/documents/2026/6/24/25.26DI_Final.pdf,2,68.43853820598007
2025-26,Tulane,American,97,204.0,FBS,137.0,0.0,67.0,https://dxbhsrqyrr690.cloudfront.net/sidearm.nextgen.sites/nacda.com/documents/2026/6/24/25.26DI_Final.pdf,2,68.10631229235881
2025-26,South Dakota,Summit,98,199.75,FCS,70.0,59.25,70.5,https://dxbhsrqyrr690.cloudfront.net/sidearm.nextgen.sites/nacda.com/documents/2026/6/24/25.26DI_Final.pdf,2,67.77408637873754
2025-26,San Diego,WCC,99,199.0,FCS,75.0,0.0,124.0,https://dxbhsrqyrr690.cloudfront.net/sidearm.nextgen.sites/nacda.com/documents/2026/6/24/25.26DI_Final.pdf,2,67.44186046511628
2025-26,South Dakota State,Summit,100,197.5,FCS,103.0,59.0,35.5,https://dxbhsrqyrr690.cloudfront.net/sidearm.nextgen.sites/nacda.com/documents/2026/6/24/25.26DI_Final.pdf,2,67.109634551495
2025-26,Lehigh,Patriot,101,190.0,FCS,53.0,137.0,0.0,https://dxbhsrqyrr690.cloudfront.net/sidearm.nextgen.sites/nacda.com/documents/2026/6/24/25.26DI_Final.pdf,2,66.77740863787376
2025-26,Montana State,Big Sky,102,180.0,FCS,100.0,80.0,0.0,https://dxbhsrqyrr690.cloudfront.net/sidearm.nextgen.sites/nacda.com/documents/2026/6/24/25.26DI_Final.pdf,2,66.27906976744185
2025-26,Western Michigan,MAC,102,180.0,FBS,120.0,60.0,0.0,https://dxbhsrqyrr690.cloudfront.net/sidearm.nextgen.sites/nacda.com/documents/2026/6/24/25.26DI_Final.pdf,2,66.27906976744185
2025-26,Akron,MAC,104,173.5,FBS,73.0,63.0,37.5,https://dxbhsrqyrr690.cloudfront.net/sidearm.nextgen.sites/nacda.com/documents/2026/6/24/25.26DI_Final.pdf,2,65.78073089700996
2025-26,Northern Iowa,Missouri Valley,105,173.0,FCS,50.0,97.5,25.5,https://dxbhsrqyrr690.cloudfront.net/sidearm.nextgen.sites/nacda.com/documents/2026/6/24/25.26DI_Final.pdf,2,65.4485049833887
2025-26,Long Beach State,Big West,106,172.5,DI,0.0,0.0,172.5,https://dxbhsrqyrr690.cloudfront.net/sidearm.nextgen.sites/nacda.com/documents/2026/6/24/25.26DI_Final.pdf,2,65.11627906976744
2025-26,Wagner,NEC,107,169.0,FCS,25.0,34.0,110.0,https://dxbhsrqyrr690.cloudfront.net/sidearm.nextgen.sites/nacda.com/documents/2026/6/24/25.26DI_Final.pdf,2,64.78405315614619
2025-26,Rice,American,108,162.5,FBS,50.0,0.0,112.5,https://dxbhsrqyrr690.cloudfront.net/sidearm.nextgen.sites/nacda.com/documents/2026/6/24/25.26DI_Final.pdf,2,64.45182724252491
2025-26,Northeastern,CAA,109,158.5,DI,0.0,83.0,75.5,https://dxbhsrqyrr690.cloudfront.net/sidearm.nextgen.sites/nacda.com/documents/2026/6/24/25.26DI_Final.pdf,2,64.11960132890366
2025-26,Quinnipiac,MAAC,110,155.5,DI,0.0,120.0,35.5,https://dxbhsrqyrr690.cloudfront.net/sidearm.nextgen.sites/nacda.com/documents/2026/6/24/25.26DI_Final.pdf,2,63.78737541528239
2025-26,Stephen F. Austin,Southland,111,152.0,FCS,122.0,5.0,25.0,https://dxbhsrqyrr690.cloudfront.net/sidearm.nextgen.sites/nacda.com/documents/2026/6/24/25.26DI_Final.pdf,2,63.45514950166113
2025-26,North Dakota,Summit,112,150.5,FCS,53.0,83.0,14.5,https://dxbhsrqyrr690.cloudfront.net/sidearm.nextgen.sites/nacda.com/documents/2026/6/24/25.26DI_Final.pdf,2,63.12292358803987
2025-26,Vermont,America East,113,150.0,DI,50.0,100.0,0.0,https://dxbhsrqyrr690.cloudfront.net/sidearm.nextgen.sites/nacda.com/documents/2026/6/24/25.26DI_Final.pdf,2,62.7906976744186
2025-26,California Baptist,WAC,114,149.0,DI,74.0,50.0,25.0,https://dxbhsrqyrr690.cloudfront.net/sidearm.nextgen.sites/nacda.com/documents/2026/6/24/25.26DI_Final.pdf,2,62.45847176079734
2025-26,Saint Mary's (CA),WCC,115,147.0,DI,0.0,25.0,122.0,https://dxbhsrqyrr690.cloudfront.net/sidearm.nextgen.sites/nacda.com/documents/2026/6/24/25.26DI_Final.pdf,2,62.12624584717608
2025-26,Miami (OH),MAC,116,145.0,FBS,90.0,50.0,5.0,https://dxbhsrqyrr690.cloudfront.net/sidearm.nextgen.sites/nacda.com/documents/2026/6/24/25.26DI_Final.pdf,2,61.79401993355482
2025-26,North Dakota State,Summit,117,143.5,FCS,53.0,85.5,5.0,https://dxbhsrqyrr690.cloudfront.net/sidearm.nextgen.sites/nacda.com/documents/2026/6/24/25.26DI_Final.pdf,2,61.461794019933556
2025-26,Eastern Kentucky,ASUN,118,142.5,FCS,69.0,29.0,44.5,https://dxbhsrqyrr690.cloudfront.net/sidearm.nextgen.sites/nacda.com/documents/2026/6/24/25.26DI_Final.pdf,2,61.12956810631229
2025-26,LIU Brooklyn,NEC,119,141.0,FCS,25.0,91.0,25.0,https://dxbhsrqyrr690.cloudfront.net/sidearm.nextgen.sites/nacda.com/documents/2026/6/24/25.26DI_Final.pdf,2,60.631229235880404
2025-26,South Florida,American,119,141.0,FBS,50.0,25.0,66.0,https://dxbhsrqyrr690.cloudfront.net/sidearm.nextgen.sites/nacda.com/documents/2026/6/24/25.26DI_Final.pdf,2,60.631229235880404
2025-26,Grand Canyon,Mountain West,121,139.0,DI,64.0,0.0,75.0,https://dxbhsrqyrr690.cloudfront.net/sidearm.nextgen.sites/nacda.com/documents/2026/6/24/25.26DI_Final.pdf,2,60.13289036544851
2025-26,Xavier,Big East,122,138.0,DI,75.0,0.0,63.0,https://dxbhsrqyrr690.cloudfront.net/sidearm.nextgen.sites/nacda.com/documents/2026/6/24/25.26DI_Final.pdf,2,59.800664451827245
2025-26,Bryant,America East,123,134.0,FCS,64.0,45.0,25.0,https://dxbhsrqyrr690.cloudfront.net/sidearm.nextgen.sites/nacda.com/documents/2026/6/24/25.26DI_Final.pdf,2,59.30232558139535
2025-26,UTSA,American,123,134.0,FBS,70.0,43.5,20.5,https://dxbhsrqyrr690.cloudfront.net/sidearm.nextgen.sites/nacda.com/documents/2026/6/24/25.26DI_Final.pdf,2,59.30232558139535
2025-26,New Hampshire,America East,125,133.0,FCS,70.0,63.0,0.0,https://dxbhsrqyrr690.cloudfront.net/sidearm.nextgen.sites/nacda.com/documents/2026/6/24/25.26DI_Final.pdf,2,58.63787375415283
2025-26,Saint Louis,Atlantic 10,125,133.0,DI,83.0,50.0,0.0,https://dxbhsrqyrr690.cloudfront.net/sidearm.nextgen.sites/nacda.com/documents/2026/6/24/25.26DI_Final.pdf,2,58.63787375415283
2025-26,James Madison,Sun Belt,127,132.0,FBS,54.0,25.0,53.0,https://dxbhsrqyrr690.cloudfront.net/sidearm.nextgen.sites/nacda.com/documents/2026/6/24/25.26DI_Final.pdf,2,58.139534883720934
2025-26,Illinois State,Missouri Valley,128,131.0,FCS,90.0,0.0,41.0,https://dxbhsrqyrr690.cloudfront.net/sidearm.nextgen.sites/nacda.com/documents/2026/6/24/25.26DI_Final.pdf,2,57.80730897009967
2025-26,North Carolina A&T State,CAA,129,128.75,FCS,0.0,65.0,63.75,https://dxbhsrqyrr690.cloudfront.net/sidearm.nextgen.sites/nacda.com/documents/2026/6/24/25.26DI_Final.pdf,3,57.475083056478404
2025-26,Troy,Sun Belt,130,128.0,FBS,25.0,25.0,78.0,https://dxbhsrqyrr690.cloudfront.net/sidearm.nextgen.sites/nacda.com/documents/2026/6/24/25.26DI_Final.pdf,3,57.14285714285714
2025-26,Brown,Ivy League,131,127.0,FCS,0.0,67.0,60.0,https://dxbhsrqyrr690.cloudfront.net/sidearm.nextgen.sites/nacda.com/documents/2026/6/24/25.26DI_Final.pdf,3,56.810631229235874
2025-26,Arkansas Little Rock,OVC,132,126.0,DI,0.0,52.0,74.0,https://dxbhsrqyrr690.cloudfront.net/sidearm.nextgen.sites/nacda.com/documents/2026/6/24/25.26DI_Final.pdf,3,56.47840531561462
2025-26,Jacksonville,ASUN,133,125.0,DI,0.0,25.0,100.0,https://dxbhsrqyrr690.cloudfront.net/sidearm.nextgen.sites/nacda.com/documents/2026/6/24/25.26DI_Final.pdf,3,55.98006644518272
2025-26,Southern Mississippi,Sun Belt,133,125.0,FBS,25.0,40.5,59.5,https://dxbhsrqyrr690.cloudfront.net/sidearm.nextgen.sites/nacda.com/documents/2026/6/24/25.26DI_Final.pdf,3,55.98006644518272
2025-26,Furman,SoCon,135,124.5,FCS,83.0,25.0,16.5,https://dxbhsrqyrr690.cloudfront.net/sidearm.nextgen.sites/nacda.com/documents/2026/6/24/25.26DI_Final.pdf,3,55.48172757475083
2025-26,Howard,MEAC,136,123.0,FCS,0.0,50.0,73.0,https://dxbhsrqyrr690.cloudfront.net/sidearm.nextgen.sites/nacda.com/documents/2026/6/24/25.26DI_Final.pdf,3,55.14950166112956
2025-26,Dartmouth,Ivy League,137,122.0,FCS,25.0,97.0,0.0,https://dxbhsrqyrr690.cloudfront.net/sidearm.nextgen.sites/nacda.com/documents/2026/6/24/25.26DI_Final.pdf,3,54.81727574750831
2025-26,Memphis,American,138,121.0,FBS,75.0,0.0,46.0,https://dxbhsrqyrr690.cloudfront.net/sidearm.nextgen.sites/nacda.com/documents/2026/6/24/25.26DI_Final.pdf,3,54.31893687707641
2025-26,Samford,SoCon,138,121.0,FCS,25.0,45.5,50.5,https://dxbhsrqyrr690.cloudfront.net/sidearm.nextgen.sites/nacda.com/documents/2026/6/24/25.26DI_Final.pdf,3,54.31893687707641
2025-26,Fairfield,MAAC,140,120.0,DI,70.0,25.0,25.0,https://dxbhsrqyrr690.cloudfront.net/sidearm.nextgen.sites/nacda.com/documents/2026/6/24/25.26DI_Final.pdf,3,53.32225913621262
2025-26,Loyola Marymount,WCC,140,120.0,DI,0.0,0.0,120.0,https://dxbhsrqyrr690.cloudfront.net/sidearm.nextgen.sites/nacda.com/documents/2026/6/24/25.26DI_Final.pdf,3,53.32225913621262
2025-26,Old Dominion,Sun Belt,140,120.0,FBS,45.0,0.0,75.0,https://dxbhsrqyrr690.cloudfront.net/sidearm.nextgen.sites/nacda.com/documents/2026/6/24/25.26DI_Final.pdf,3,53.32225913621262
2025-26,Tulsa,American,140,120.0,FBS,52.0,0.0,68.0,https://dxbhsrqyrr690.cloudfront.net/sidearm.nextgen.sites/nacda.com/documents/2026/6/24/25.26DI_Final.pdf,3,53.32225913621262
2025-26,UC San Diego,Big West,144,118.0,DI,0.0,118.0,0.0,https://dxbhsrqyrr690.cloudfront.net/sidearm.nextgen.sites/nacda.com/documents/2026/6/24/25.26DI_Final.pdf,3,52.49169435215947
2025-26,Sacred Heart,MAAC,145,117.0,FCS,25.0,92.0,0.0,https://dxbhsrqyrr690.cloudfront.net/sidearm.nextgen.sites/nacda.com/documents/2026/6/24/25.26DI_Final.pdf,3,52.159468438538205
2025-26,UC Irvine,Big West,146,115.0,DI,25.0,0.0,90.0,https://dxbhsrqyrr690.cloudfront.net/sidearm.nextgen.sites/nacda.com/documents/2026/6/24/25.26DI_Final.pdf,3,51.66112956810631
2025-26,Wichita State,American,146,115.0,DI,0.0,90.0,25.0,https://dxbhsrqyrr690.cloudfront.net/sidearm.nextgen.sites/nacda.com/documents/2026/6/24/25.26DI_Final.pdf,3,51.66112956810631
2025-26,Nevada,Mountain West,148,112.5,FBS,0.0,92.0,20.5,https://dxbhsrqyrr690.cloudfront.net/sidearm.nextgen.sites/nacda.com/documents/2026/6/24/25.26DI_Final.pdf,3,50.99667774086378
2025-26,VCU,Atlantic 10,148,112.5,DI,0.0,50.0,62.5,https://dxbhsrqyrr690.cloudfront.net/sidearm.nextgen.sites/nacda.com/documents/2026/6/24/25.26DI_Final.pdf,3,50.99667774086378
2025-26,East Carolina,American,150,112.0,FBS,45.0,17.0,50.0,https://dxbhsrqyrr690.cloudfront.net/sidearm.nextgen.sites/nacda.com/documents/2026/6/24/25.26DI_Final.pdf,3,50.16611295681063
2025-26,Loyola Chicago,Atlantic 10,150,112.0,DI,52.0,0.0,60.0,https://dxbhsrqyrr690.cloudfront.net/sidearm.nextgen.sites/nacda.com/documents/2026/6/24/25.26DI_Final.pdf,3,50.16611295681063
2025-26,Rhode Island,Atlantic 10,150,112.0,FCS,53.0,25.0,34.0,https://dxbhsrqyrr690.cloudfront.net/sidearm.nextgen.sites/nacda.com/documents/2026/6/24/25.26DI_Final.pdf,3,50.16611295681063
2025-26,Louisiana Tech,Conference USA,153,110.0,FBS,45.0,65.0,0.0,https://dxbhsrqyrr690.cloudfront.net/sidearm.nextgen.sites/nacda.com/documents/2026/6/24/25.26DI_Final.pdf,3,49.501661129568106
2025-26,Montana,Big Sky,154,108.0,FCS,108.0,0.0,0.0,https://dxbhsrqyrr690.cloudfront.net/sidearm.nextgen.sites/nacda.com/documents/2026/6/24/25.26DI_Final.pdf,3,49.16943521594684
2025-26,College of Charleston,CAA,155,107.0,DI,0.0,25.0,82.0,https://dxbhsrqyrr690.cloudfront.net/sidearm.nextgen.sites/nacda.com/documents/2026/6/24/25.26DI_Final.pdf,3,48.837209302325576
2025-26,Boise State,Mountain West,156,104.0,FBS,104.0,0.0,0.0,https://dxbhsrqyrr690.cloudfront.net/sidearm.nextgen.sites/nacda.com/documents/2026/6/24/25.26DI_Final.pdf,3,48.50498338870432
2025-26,Toledo,MAC,157,103.0,FBS,78.0,0.0,25.0,https://dxbhsrqyrr690.cloudfront.net/sidearm.nextgen.sites/nacda.com/documents/2026/6/24/25.26DI_Final.pdf,3,48.17275747508305
2025-26,Lipscomb,ASUN,158,102.0,DI,77.0,0.0,25.0,https://dxbhsrqyrr690.cloudfront.net/sidearm.nextgen.sites/nacda.com/documents/2026/6/24/25.26DI_Final.pdf,3,47.840531561461795
2025-26,North Carolina Greensboro,SoCon,159,101.5,DI,64.0,0.0,37.5,https://dxbhsrqyrr690.cloudfront.net/sidearm.nextgen.sites/nacda.com/documents/2026/6/24/25.26DI_Final.pdf,3,47.50830564784053
2025-26,Elon,CAA,160,100.0,FCS,50.0,0.0,50.0,https://dxbhsrqyrr690.cloudfront.net/sidearm.nextgen.sites/nacda.com/documents/2026/6/24/25.26DI_Final.pdf,3,46.84385382059801
2025-26,Portland,WCC,160,100.0,DI,100.0,0.0,0.0,https://dxbhsrqyrr690.cloudfront.net/sidearm.nextgen.sites/nacda.com/documents/2026/6/24/25.26DI_Final.pdf,3,46.84385382059801
2025-26,UC Santa Barbara,Big West,160,100.0,DI,0.0,0.0,100.0,https://dxbhsrqyrr690.cloudfront.net/sidearm.nextgen.sites/nacda.com/documents/2026/6/24/25.26DI_Final.pdf,3,46.84385382059801
2025-26,Boston University,Patriot,163,98.5,DI,25.0,0.0,73.5,https://dxbhsrqyrr690.cloudfront.net/sidearm.nextgen.sites/nacda.com/documents/2026/6/24/25.26DI_Final.pdf,3,46.179401993355484
2025-26,Rider,MAAC,164,97.0,DI,0.0,47.0,50.0,https://dxbhsrqyrr690.cloudfront.net/sidearm.nextgen.sites/nacda.com/documents/2026/6/24/25.26DI_Final.pdf,3,45.84717607973422
2025-26,Richmond,Atlantic 10,165,95.0,FCS,0.0,5.0,90.0,https://dxbhsrqyrr690.cloudfront.net/sidearm.nextgen.sites/nacda.com/documents/2026/6/24/25.26DI_Final.pdf,3,45.01661129568107
2025-26,Stony Brook,CAA,165,95.0,FCS,0.0,0.0,95.0,https://dxbhsrqyrr690.cloudfront.net/sidearm.nextgen.sites/nacda.com/documents/2026/6/24/25.26DI_Final.pdf,3,45.01661129568107
2025-26,UC Davis,Big West,165,95.0,FCS,95.0,0.0,0.0,https://dxbhsrqyrr690.cloudfront.net/sidearm.nextgen.sites/nacda.com/documents/2026/6/24/25.26DI_Final.pdf,3,45.01661129568107
2025-26,Youngstown State,Horizon League,165,95.0,FCS,25.0,45.0,25.0,https://dxbhsrqyrr690.cloudfront.net/sidearm.nextgen.sites/nacda.com/documents/2026/6/24/25.26DI_Final.pdf,3,45.01661129568107
2025-26,Providence,Big East,169,94.0,DI,69.0,25.0,0.0,https://dxbhsrqyrr690.cloudfront.net/sidearm.nextgen.sites/nacda.com/documents/2026/6/24/25.26DI_Final.pdf,3,44.18604651162791
2025-26,Butler,Big East,170,92.5,FCS,58.5,34.0,0.0,https://dxbhsrqyrr690.cloudfront.net/sidearm.nextgen.sites/nacda.com/documents/2026/6/24/25.26DI_Final.pdf,3,43.85382059800664
2025-26,Hofstra,CAA,171,89.0,DI,64.0,25.0,0.0,https://dxbhsrqyrr690.cloudfront.net/sidearm.nextgen.sites/nacda.com/documents/2026/6/24/25.26DI_Final.pdf,3,43.355481727574755
2025-26,Utah Valley,WAC,171,89.0,DI,50.0,39.0,0.0,https://dxbhsrqyrr690.cloudfront.net/sidearm.nextgen.sites/nacda.com/documents/2026/6/24/25.26DI_Final.pdf,3,43.355481727574755
2025-26,Creighton,Big East,173,87.5,DI,73.0,0.0,14.5,https://dxbhsrqyrr690.cloudfront.net/sidearm.nextgen.sites/nacda.com/documents/2026/6/24/25.26DI_Final.pdf,3,42.19269102990033
2025-26,Marshall,Sun Belt,173,87.5,FBS,50.0,0.0,37.5,https://dxbhsrqyrr690.cloudfront.net/sidearm.nextgen.sites/nacda.com/documents/2026/6/24/25.26DI_Final.pdf,3,42.19269102990033
2025-26,South Carolina Upstate,Big South,173,87.5,DI,0.0,0.0,87.5,https://dxbhsrqyrr690.cloudfront.net/sidearm.nextgen.sites/nacda.com/documents/2026/6/24/25.26DI_Final.pdf,3,42.19269102990033
2025-26,Stetson,ASUN,173,87.5,FCS,0.0,0.0,87.5,https://dxbhsrqyrr690.cloudfront.net/sidearm.nextgen.sites/nacda.com/documents/2026/6/24/25.26DI_Final.pdf,3,42.19269102990033
2025-26,Tennessee Chattanooga,SoCon,173,87.5,FCS,0.0,15.0,72.5,https://dxbhsrqyrr690.cloudfront.net/sidearm.nextgen.sites/nacda.com/documents/2026/6/24/25.26DI_Final.pdf,3,42.19269102990033
2025-26,North Florida,ASUN,178,84.5,DI,25.0,0.0,59.5,https://dxbhsrqyrr690.cloudfront.net/sidearm.nextgen.sites/nacda.com/documents/2026/6/24/25.26DI_Final.pdf,3,41.19601328903654
2025-26,Ball State,MAC,179,83.0,FBS,0.0,0.0,83.0,https://dxbhsrqyrr690.cloudfront.net/sidearm.nextgen.sites/nacda.com/documents/2026/6/24/25.26DI_Final.pdf,3,40.863787375415285
2025-26,Eastern Michigan,MAC,180,82.5,FBS,0.0,0.0,82.5,https://dxbhsrqyrr690.cloudfront.net/sidearm.nextgen.sites/nacda.com/documents/2026/6/24/25.26DI_Final.pdf,3,40.53156146179402
2025-26,UNLV,Mountain West,181,81.0,FBS,25.0,0.0,56.0,https://dxbhsrqyrr690.cloudfront.net/sidearm.nextgen.sites/nacda.com/documents/2026/6/24/25.26DI_Final.pdf,3,40.19933554817276
2025-26,Western Kentucky,Conference USA,182,80.5,FBS,70.0,0.0,10.5,https://dxbhsrqyrr690.cloudfront.net/sidearm.nextgen.sites/nacda.com/documents/2026/6/24/25.26DI_Final.pdf,3,39.8671096345515
2025-26,Fordham,Atlantic 10,183,80.0,FCS,55.0,0.0,25.0,https://dxbhsrqyrr690.cloudfront.net/sidearm.nextgen.sites/nacda.com/documents/2026/6/24/25.26DI_Final.pdf,3,39.3687707641196
2025-26,Presbyterian College,Big South,183,80.0,FCS,0.0,75.0,5.0,https://dxbhsrqyrr690.cloudfront.net/sidearm.nextgen.sites/nacda.com/documents/2026/6/24/25.26DI_Final.pdf,3,39.3687707641196
2025-26,Mercer,SoCon,185,78.0,FCS,53.0,0.0,25.0,https://dxbhsrqyrr690.cloudfront.net/sidearm.nextgen.sites/nacda.com/documents/2026/6/24/25.26DI_Final.pdf,3,38.87043189368771
2025-26,Kennesaw State,Conference USA,186,77.5,FBS,25.0,43.5,9.0,https://dxbhsrqyrr690.cloudfront.net/sidearm.nextgen.sites/nacda.com/documents/2026/6/24/25.26DI_Final.pdf,3,38.53820598006645
2025-26,American,Patriot,187,75.5,DI,25.0,50.5,0.0,https://dxbhsrqyrr690.cloudfront.net/sidearm.nextgen.sites/nacda.com/documents/2026/6/24/25.26DI_Final.pdf,3,38.205980066445186
2025-26,Alabama State,SWAC,188,75.0,FCS,0.0,0.0,75.0,https://dxbhsrqyrr690.cloudfront.net/sidearm.nextgen.sites/nacda.com/documents/2026/6/24/25.26DI_Final.pdf,3,36.7109634551495
2025-26,Bucknell,Patriot,188,75.0,FCS,0.0,32.5,42.5,https://dxbhsrqyrr690.cloudfront.net/sidearm.nextgen.sites/nacda.com/documents/2026/6/24/25.26DI_Final.pdf,3,36.7109634551495
2025-26,Delaware,Conference USA,188,75.0,FBS,45.0,30.0,0.0,https://dxbhsrqyrr690.cloudfront.net/sidearm.nextgen.sites/nacda.com/documents/2026/6/24/25.26DI_Final.pdf,3,36.7109634551495
2025-26,Gonzaga,WCC,188,75.0,DI,0.0,75.0,0.0,https://dxbhsrqyrr690.cloudfront.net/sidearm.nextgen.sites/nacda.com/documents/2026/6/24/25.26DI_Final.pdf,3,36.7109634551495
2025-26,Louisiana,Sun Belt,188,75.0,FBS,25.0,0.0,50.0,https://dxbhsrqyrr690.cloudfront.net/sidearm.nextgen.sites/nacda.com/documents/2026/6/24/25.26DI_Final.pdf,3,36.7109634551495
2025-26,Missouri State,Conference USA,188,75.0,FBS,25.0,25.0,25.0,https://dxbhsrqyrr690.cloudfront.net/sidearm.nextgen.sites/nacda.com/documents/2026/6/24/25.26DI_Final.pdf,3,36.7109634551495
2025-26,Tennessee Tech,OVC,188,75.0,FCS,50.0,0.0,25.0,https://dxbhsrqyrr690.cloudfront.net/sidearm.nextgen.sites/nacda.com/documents/2026/6/24/25.26DI_Final.pdf,4,36.7109634551495
2025-26,Wisconsin Milwaukee,Horizon League,188,75.0,DI,25.0,0.0,50.0,https://dxbhsrqyrr690.cloudfront.net/sidearm.nextgen.sites/nacda.com/documents/2026/6/24/25.26DI_Final.pdf,4,36.7109634551495
2025-26,Colorado State,Mountain West,196,74.5,FBS,0.0,54.0,20.5,https://dxbhsrqyrr690.cloudfront.net/sidearm.nextgen.sites/nacda.com/documents/2026/6/24/25.26DI_Final.pdf,4,35.21594684385382
2025-26,Binghamton,America East,197,74.0,DI,0.0,24.0,50.0,https://dxbhsrqyrr690.cloudfront.net/sidearm.nextgen.sites/nacda.com/documents/2026/6/24/25.26DI_Final.pdf,4,34.71760797342193
2025-26,Lindenwood,OVC,197,74.0,FCS,25.0,49.0,0.0,https://dxbhsrqyrr690.cloudfront.net/sidearm.nextgen.sites/nacda.com/documents/2026/6/24/25.26DI_Final.pdf,4,34.71760797342193
2025-26,Central Michigan,MAC,199,72.5,FBS,25.0,47.5,0.0,https://dxbhsrqyrr690.cloudfront.net/sidearm.nextgen.sites/nacda.com/documents/2026/6/24/25.26DI_Final.pdf,4,34.21926910299003
2025-26,Ohio,MAC,200,72.0,FBS,45.0,27.0,0.0,https://dxbhsrqyrr690.cloudfront.net/sidearm.nextgen.sites/nacda.com/documents/2026/6/24/25.26DI_Final.pdf,4,33.88704318936877
2025-26,Appalachian State,Sun Belt,201,70.5,FBS,25.0,20.0,25.5,https://dxbhsrqyrr690.cloudfront.net/sidearm.nextgen.sites/nacda.com/documents/2026/6/24/25.26DI_Final.pdf,4,33.5548172757475
2025-26,Albany,America East,202,70.0,FCS,0.0,0.0,70.0,https://dxbhsrqyrr690.cloudfront.net/sidearm.nextgen.sites/nacda.com/documents/2026/6/24/25.26DI_Final.pdf,4,32.72425249169435
2025-26,Georgia Southern,Sun Belt,202,70.0,FBS,45.0,20.0,5.0,https://dxbhsrqyrr690.cloudfront.net/sidearm.nextgen.sites/nacda.com/documents/2026/6/24/25.26DI_Final.pdf,4,32.72425249169435
2025-26,Marist,MAAC,202,70.0,FCS,0.0,0.0,70.0,https://dxbhsrqyrr690.cloudfront.net/sidearm.nextgen.sites/nacda.com/documents/2026/6/24/25.26DI_Final.pdf,4,32.72425249169435
2025-26,South Carolina State,MEAC,202,70.0,FCS,45.0,0.0,25.0,https://dxbhsrqyrr690.cloudfront.net/sidearm.nextgen.sites/nacda.com/documents/2026/6/24/25.26DI_Final.pdf,4,32.72425249169435
2025-26,Cal State Fullerton,Big West,206,68.5,DI,0.0,0.0,68.5,https://dxbhsrqyrr690.cloudfront.net/sidearm.nextgen.sites/nacda.com/documents/2026/6/24/25.26DI_Final.pdf,4,31.893687707641195
2025-26,Middle Tennessee State,Conference USA,207,67.0,FBS,0.0,0.0,67.0,https://dxbhsrqyrr690.cloudfront.net/sidearm.nextgen.sites/nacda.com/documents/2026/6/24/25.26DI_Final.pdf,4,31.561461794019934
2025-26,Northern Illinois,MAC,208,64.5,FBS,0.0,27.0,37.5,https://dxbhsrqyrr690.cloudfront.net/sidearm.nextgen.sites/nacda.com/documents/2026/6/24/25.26DI_Final.pdf,4,31.06312292358804
2025-26,Wyoming,Mountain West,208,64.5,FBS,0.0,64.5,0.0,https://dxbhsrqyrr690.cloudfront.net/sidearm.nextgen.sites/nacda.com/documents/2026/6/24/25.26DI_Final.pdf,4,31.06312292358804
2025-26,Charleston Southern,Big South,210,63.0,FCS,0.0,0.0,63.0,https://dxbhsrqyrr690.cloudfront.net/sidearm.nextgen.sites/nacda.com/documents/2026/6/24/25.26DI_Final.pdf,4,30.564784053156146
2025-26,Fresno State,Mountain West,211,62.0,FBS,45.0,17.0,0.0,https://dxbhsrqyrr690.cloudfront.net/sidearm.nextgen.sites/nacda.com/documents/2026/6/24/25.26DI_Final.pdf,4,30.066445182724255
2025-26,San Jose State,Mountain West,211,62.0,FBS,25.0,37.0,0.0,https://dxbhsrqyrr690.cloudfront.net/sidearm.nextgen.sites/nacda.com/documents/2026/6/24/25.26DI_Final.pdf,4,30.066445182724255
2025-26,Fairleigh Dickinson,NEC,213,61.0,DI,25.0,25.0,11.0,https://dxbhsrqyrr690.cloudfront.net/sidearm.nextgen.sites/nacda.com/documents/2026/6/24/25.26DI_Final.pdf,4,29.568106312292358
2025-26,Citadel,SoCon,214,60.5,FCS,0.0,23.0,37.5,https://dxbhsrqyrr690.cloudfront.net/sidearm.nextgen.sites/nacda.com/documents/2026/6/24/25.26DI_Final.pdf,4,29.069767441860467
2025-26,Prairie View A&M,SWAC,214,60.5,FCS,25.0,25.0,10.5,https://dxbhsrqyrr690.cloudfront.net/sidearm.nextgen.sites/nacda.com/documents/2026/6/24/25.26DI_Final.pdf,4,29.069767441860467
2025-26,Charlotte,American,216,59.5,FBS,0.0,0.0,59.5,https://dxbhsrqyrr690.cloudfront.net/sidearm.nextgen.sites/nacda.com/documents/2026/6/24/25.26DI_Final.pdf,4,28.405315614617937
2025-26,San Diego State,Mountain West,216,59.5,FBS,25.0,0.0,34.5,https://dxbhsrqyrr690.cloudfront.net/sidearm.nextgen.sites/nacda.com/documents/2026/6/24/25.26DI_Final.pdf,4,28.405315614617937
2025-26,Drexel,CAA,218,57.5,DI,25.0,32.5,0.0,https://dxbhsrqyrr690.cloudfront.net/sidearm.nextgen.sites/nacda.com/documents/2026/6/24/25.26DI_Final.pdf,4,27.906976744186046
2025-26,Massachusetts,MAC,219,57.0,FBS,0.0,0.0,57.0,https://dxbhsrqyrr690.cloudfront.net/sidearm.nextgen.sites/nacda.com/documents/2026/6/24/25.26DI_Final.pdf,4,27.57475083056478
2025-26,North Texas,American,220,56.0,FBS,45.0,11.0,0.0,https://dxbhsrqyrr690.cloudfront.net/sidearm.nextgen.sites/nacda.com/documents/2026/6/24/25.26DI_Final.pdf,4,27.242524916943523
2025-26,Southeastern Louisiana,Southland,221,55.0,FCS,25.0,0.0,30.0,https://dxbhsrqyrr690.cloudfront.net/sidearm.nextgen.sites/nacda.com/documents/2026/6/24/25.26DI_Final.pdf,4,26.744186046511626
2025-26,Wright State,Horizon League,221,55.0,DI,25.0,25.0,5.0,https://dxbhsrqyrr690.cloudfront.net/sidearm.nextgen.sites/nacda.com/documents/2026/6/24/25.26DI_Final.pdf,4,26.744186046511626
2025-26,Abilene Christian,WAC,223,53.0,FCS,53.0,0.0,0.0,https://dxbhsrqyrr690.cloudfront.net/sidearm.nextgen.sites/nacda.com/documents/2026/6/24/25.26DI_Final.pdf,4,26.245847176079735
2025-26,NJIT,America East,224,51.0,DI,0.0,51.0,0.0,https://dxbhsrqyrr690.cloudfront.net/sidearm.nextgen.sites/nacda.com/documents/2026/6/24/25.26DI_Final.pdf,4,25.91362126245847
2025-26,Coastal Carolina,Sun Belt,225,50.0,FBS,25.0,0.0,25.0,https://dxbhsrqyrr690.cloudfront.net/sidearm.nextgen.sites/nacda.com/documents/2026/6/24/25.26DI_Final.pdf,4,23.089700996677742
2025-26,Eastern Illinois,OVC,225,50.0,FCS,25.0,0.0,25.0,https://dxbhsrqyrr690.cloudfront.net/sidearm.nextgen.sites/nacda.com/documents/2026/6/24/25.26DI_Final.pdf,4,23.089700996677742
2025-26,Florida A&M,SWAC,225,50.0,FBS,25.0,0.0,25.0,https://dxbhsrqyrr690.cloudfront.net/sidearm.nextgen.sites/nacda.com/documents/2026/6/24/25.26DI_Final.pdf,4,23.089700996677742
2025-26,Holy Cross,Patriot,225,50.0,FCS,0.0,25.0,25.0,https://dxbhsrqyrr690.cloudfront.net/sidearm.nextgen.sites/nacda.com/documents/2026/6/24/25.26DI_Final.pdf,4,23.089700996677742
2025-26,Idaho,Big Sky,225,50.0,FCS,0.0,50.0,0.0,https://dxbhsrqyrr690.cloudfront.net/sidearm.nextgen.sites/nacda.com/documents/2026/6/24/25.26DI_Final.pdf,4,23.089700996677742
2025-26,Illinois Chicago,Missouri Valley,225,50.0,DI,25.0,0.0,25.0,https://dxbhsrqyrr690.cloudfront.net/sidearm.nextgen.sites/nacda.com/documents/2026/6/24/25.26DI_Final.pdf,4,23.089700996677742
2025-26,Lamar,Southland,225,50.0,FCS,25.0,0.0,25.0,https://dxbhsrqyrr690.cloudfront.net/sidearm.nextgen.sites/nacda.com/documents/2026/6/24/25.26DI_Final.pdf,4,23.089700996677742
2025-26,Marquette,Big East,225,50.0,DI,50.0,0.0,0.0,https://dxbhsrqyrr690.cloudfront.net/sidearm.nextgen.sites/nacda.com/documents/2026/6/24/25.26DI_Final.pdf,4,23.089700996677742
2025-26,McNeese State,Southland,225,50.0,FCS,0.0,25.0,25.0,https://dxbhsrqyrr690.cloudfront.net/sidearm.nextgen.sites/nacda.com/documents/2026/6/24/25.26DI_Final.pdf,4,23.089700996677742
2025-26,Saint Francis (PA),NEC,225,50.0,FCS,0.0,0.0,50.0,https://dxbhsrqyrr690.cloudfront.net/sidearm.nextgen.sites/nacda.com/documents/2026/6/24/25.26DI_Final.pdf,4,23.089700996677742
2025-26,Santa Clara,WCC,225,50.0,DI,0.0,25.0,25.0,https://dxbhsrqyrr690.cloudfront.net/sidearm.nextgen.sites/nacda.com/documents/2026/6/24/25.26DI_Final.pdf,4,23.089700996677742
2025-26,Seton Hall,Big East,225,50.0,DI,50.0,0.0,0.0,https://dxbhsrqyrr690.cloudfront.net/sidearm.nextgen.sites/nacda.com/documents/2026/6/24/25.26DI_Final.pdf,4,23.089700996677742
2025-26,Siena,MAAC,225,50.0,DI,25.0,25.0,0.0,https://dxbhsrqyrr690.cloudfront.net/sidearm.nextgen.sites/nacda.com/documents/2026/6/24/25.26DI_Final.pdf,4,23.089700996677742
2025-26,Texas A&M Corpus Christi,Southland,225,50.0,DI,0.0,0.0,50.0,https://dxbhsrqyrr690.cloudfront.net/sidearm.nextgen.sites/nacda.com/documents/2026/6/24/25.26DI_Final.pdf,4,23.089700996677742
2025-26,UMKC,Summit,225,50.0,DI,50.0,0.0,0.0,https://dxbhsrqyrr690.cloudfront.net/sidearm.nextgen.sites/nacda.com/documents/2026/6/24/25.26DI_Final.pdf,4,23.089700996677742
2025-26,UTRGV,Southland,225,50.0,DI,0.0,34.5,15.5,https://dxbhsrqyrr690.cloudfront.net/sidearm.nextgen.sites/nacda.com/documents/2026/6/24/25.26DI_Final.pdf,4,23.089700996677742
2025-26,Delaware State,MEAC,241,47.0,FCS,0.0,47.0,0.0,https://dxbhsrqyrr690.cloudfront.net/sidearm.nextgen.sites/nacda.com/documents/2026/6/24/25.26DI_Final.pdf,4,20.09966777408638
2025-26,Iona,MAAC,241,47.0,DI,42.0,0.0,5.0,https://dxbhsrqyrr690.cloudfront.net/sidearm.nextgen.sites/nacda.com/documents/2026/6/24/25.26DI_Final.pdf,4,20.09966777408638
2025-26,Southern Utah,WAC,243,45.5,FCS,0.0,45.5,0.0,https://dxbhsrqyrr690.cloudfront.net/sidearm.nextgen.sites/nacda.com/documents/2026/6/24/25.26DI_Final.pdf,4,19.601328903654487
2025-26,Buffalo,MAC,244,45.0,FBS,0.0,20.0,25.0,https://dxbhsrqyrr690.cloudfront.net/sidearm.nextgen.sites/nacda.com/documents/2026/6/24/25.26DI_Final.pdf,4,18.438538205980066
2025-26,Duquesne,Atlantic 10,244,45.0,FCS,0.0,45.0,0.0,https://dxbhsrqyrr690.cloudfront.net/sidearm.nextgen.sites/nacda.com/documents/2026/6/24/25.26DI_Final.pdf,4,18.438538205980066
2025-26,Gardner-Webb,Big South,244,45.0,FCS,0.0,20.0,25.0,https://dxbhsrqyrr690.cloudfront.net/sidearm.nextgen.sites/nacda.com/documents/2026/6/24/25.26DI_Final.pdf,4,18.438538205980066
2025-26,Morgan State,MEAC,244,45.0,FCS,0.0,20.0,25.0,https://dxbhsrqyrr690.cloudfront.net/sidearm.nextgen.sites/nacda.com/documents/2026/6/24/25.26DI_Final.pdf,4,18.438538205980066
2025-26,Saint Joseph's,Atlantic 10,244,45.0,DI,45.0,0.0,0.0,https://dxbhsrqyrr690.cloudfront.net/sidearm.nextgen.sites/nacda.com/documents/2026/6/24/25.26DI_Final.pdf,4,18.438538205980066
2025-26,Sam Houston State,Conference USA,244,45.0,FBS,0.0,45.0,0.0,https://dxbhsrqyrr690.cloudfront.net/sidearm.nextgen.sites/nacda.com/documents/2026/6/24/25.26DI_Final.pdf,4,18.438538205980066
2025-26,Kent State,MAC,250,43.0,FBS,0.0,15.0,28.0,https://dxbhsrqyrr690.cloudfront.net/sidearm.nextgen.sites/nacda.com/documents/2026/6/24/25.26DI_Final.pdf,4,17.275747508305646
2025-26,Northern Colorado,Big Sky,251,40.0,FCS,25.0,15.0,0.0,https://dxbhsrqyrr690.cloudfront.net/sidearm.nextgen.sites/nacda.com/documents/2026/6/24/25.26DI_Final.pdf,4,16.943521594684384
2025-26,George Mason,Atlantic 10,252,39.0,DI,0.0,39.0,0.0,https://dxbhsrqyrr690.cloudfront.net/sidearm.nextgen.sites/nacda.com/documents/2026/6/24/25.26DI_Final.pdf,4,16.611295681063122
2025-26,Belmont,Missouri Valley,253,37.5,DI,0.0,0.0,37.5,https://dxbhsrqyrr690.cloudfront.net/sidearm.nextgen.sites/nacda.com/documents/2026/6/24/25.26DI_Final.pdf,4,16.27906976744186
2025-26,FIU,Conference USA,254,30.0,FBS,25.0,0.0,5.0,https://dxbhsrqyrr690.cloudfront.net/sidearm.nextgen.sites/nacda.com/documents/2026/6/24/25.26DI_Final.pdf,4,14.784053156146179
2025-26,Incarnate Word,Southland,254,30.0,FCS,0.0,30.0,0.0,https://dxbhsrqyrr690.cloudfront.net/sidearm.nextgen.sites/nacda.com/documents/2026/6/24/25.26DI_Final.pdf,4,14.784053156146179
2025-26,Murray State,Missouri Valley,254,30.0,FCS,0.0,25.0,5.0,https://dxbhsrqyrr690.cloudfront.net/sidearm.nextgen.sites/nacda.com/documents/2026/6/24/25.26DI_Final.pdf,4,14.784053156146179
2025-26,Oral Roberts,Summit,254,30.0,DI,0.0,0.0,30.0,https://dxbhsrqyrr690.cloudfront.net/sidearm.nextgen.sites/nacda.com/documents/2026/6/24/25.26DI_Final.pdf,4,14.784053156146179
2025-26,Sacramento State,Big Sky,254,30.0,FCS,0.0,0.0,30.0,https://dxbhsrqyrr690.cloudfront.net/sidearm.nextgen.sites/nacda.com/documents/2026/6/24/25.26DI_Final.pdf,4,14.784053156146179
2025-26,SIU Edwardsville,OVC,254,30.0,DI,0.0,30.0,0.0,https://dxbhsrqyrr690.cloudfront.net/sidearm.nextgen.sites/nacda.com/documents/2026/6/24/25.26DI_Final.pdf,5,14.784053156146179
2025-26,Southern,SWAC,254,30.0,FCS,0.0,25.0,5.0,https://dxbhsrqyrr690.cloudfront.net/sidearm.nextgen.sites/nacda.com/documents/2026/6/24/25.26DI_Final.pdf,5,14.784053156146179
2025-26,UMBC,America East,254,30.0,DI,25.0,5.0,0.0,https://dxbhsrqyrr690.cloudfront.net/sidearm.nextgen.sites/nacda.com/documents/2026/6/24/25.26DI_Final.pdf,5,14.784053156146179
2025-26,Louisiana Monroe,Sun Belt,262,28.0,FBS,0.0,0.0,28.0,https://dxbhsrqyrr690.cloudfront.net/sidearm.nextgen.sites/nacda.com/documents/2026/6/24/25.26DI_Final.pdf,5,13.2890365448505
2025-26,Indiana State,Missouri Valley,263,26.0,FCS,0.0,17.0,9.0,https://dxbhsrqyrr690.cloudfront.net/sidearm.nextgen.sites/nacda.com/documents/2026/6/24/25.26DI_Final.pdf,5,12.790697674418606
2025-26,IUPUI,Horizon League,263,26.0,DI,0.0,26.0,0.0,https://dxbhsrqyrr690.cloudfront.net/sidearm.nextgen.sites/nacda.com/documents/2026/6/24/25.26DI_Final.pdf,5,12.790697674418606
2025-26,Alabama A&M,SWAC,265,25.0,FCS,0.0,25.0,0.0,https://dxbhsrqyrr690.cloudfront.net/sidearm.nextgen.sites/nacda.com/documents/2026/6/24/25.26DI_Final.pdf,5,7.308970099667775
2025-26,Campbell,CAA,265,25.0,FCS,25.0,0.0,0.0,https://dxbhsrqyrr690.cloudfront.net/sidearm.nextgen.sites/nacda.com/documents/2026/6/24/25.26DI_Final.pdf,5,7.308970099667775
2025-26,Central Arkansas,ASUN,265,25.0,FCS,25.0,0.0,0.0,https://dxbhsrqyrr690.cloudfront.net/sidearm.nextgen.sites/nacda.com/documents/2026/6/24/25.26DI_Final.pdf,5,7.308970099667775
2025-26,Central Connecticut State,NEC,265,25.0,FCS,25.0,0.0,0.0,https://dxbhsrqyrr690.cloudfront.net/sidearm.nextgen.sites/nacda.com/documents/2026/6/24/25.26DI_Final.pdf,5,7.308970099667775
2025-26,Cleveland State,Horizon League,265,25.0,DI,25.0,0.0,0.0,https://dxbhsrqyrr690.cloudfront.net/sidearm.nextgen.sites/nacda.com/documents/2026/6/24/25.26DI_Final.pdf,5,7.308970099667775
2025-26,Coppin State,MEAC,265,25.0,DI,25.0,0.0,0.0,https://dxbhsrqyrr690.cloudfront.net/sidearm.nextgen.sites/nacda.com/documents/2026/6/24/25.26DI_Final.pdf,5,7.308970099667775
2025-26,Davidson,Atlantic 10,265,25.0,FCS,0.0,0.0,25.0,https://dxbhsrqyrr690.cloudfront.net/sidearm.nextgen.sites/nacda.com/documents/2026/6/24/25.26DI_Final.pdf,5,7.308970099667775
2025-26,Dayton,Atlantic 10,265,25.0,FCS,25.0,0.0,0.0,https://dxbhsrqyrr690.cloudfront.net/sidearm.nextgen.sites/nacda.com/documents/2026/6/24/25.26DI_Final.pdf,5,7.308970099667775
2025-26,Drake,Missouri Valley,265,25.0,FCS,25.0,0.0,0.0,https://dxbhsrqyrr690.cloudfront.net/sidearm.nextgen.sites/nacda.com/documents/2026/6/24/25.26DI_Final.pdf,5,7.308970099667775
2025-26,East Tennessee State,SoCon,265,25.0,FCS,0.0,0.0,25.0,https://dxbhsrqyrr690.cloudfront.net/sidearm.nextgen.sites/nacda.com/documents/2026/6/24/25.26DI_Final.pdf,5,7.308970099667775
2025-26,FAU,American,265,25.0,FBS,25.0,0.0,0.0,https://dxbhsrqyrr690.cloudfront.net/sidearm.nextgen.sites/nacda.com/documents/2026/6/24/25.26DI_Final.pdf,5,7.308970099667775
2025-26,Georgia State,Sun Belt,265,25.0,FBS,0.0,0.0,25.0,https://dxbhsrqyrr690.cloudfront.net/sidearm.nextgen.sites/nacda.com/documents/2026/6/24/25.26DI_Final.pdf,5,7.308970099667775
2025-26,Grambling State,SWAC,265,25.0,FCS,25.0,0.0,0.0,https://dxbhsrqyrr690.cloudfront.net/sidearm.nextgen.sites/nacda.com/documents/2026/6/24/25.26DI_Final.pdf,5,7.308970099667775
2025-26,Houston Christian,Southland,265,25.0,FCS,25.0,0.0,0.0,https://dxbhsrqyrr690.cloudfront.net/sidearm.nextgen.sites/nacda.com/documents/2026/6/24/25.26DI_Final.pdf,5,7.308970099667775
2025-26,Idaho State,Big Sky,265,25.0,FCS,0.0,0.0,25.0,https://dxbhsrqyrr690.cloudfront.net/sidearm.nextgen.sites/nacda.com/documents/2026/6/24/25.26DI_Final.pdf,5,7.308970099667775
2025-26,Lafayette,Patriot,265,25.0,FCS,25.0,0.0,0.0,https://dxbhsrqyrr690.cloudfront.net/sidearm.nextgen.sites/nacda.com/documents/2026/6/24/25.26DI_Final.pdf,5,7.308970099667775
2025-26,Loyola Maryland,Patriot,265,25.0,DI,0.0,0.0,25.0,https://dxbhsrqyrr690.cloudfront.net/sidearm.nextgen.sites/nacda.com/documents/2026/6/24/25.26DI_Final.pdf,5,7.308970099667775
2025-26,Maine,America East,265,25.0,FCS,25.0,0.0,0.0,https://dxbhsrqyrr690.cloudfront.net/sidearm.nextgen.sites/nacda.com/documents/2026/6/24/25.26DI_Final.pdf,5,7.308970099667775
2025-26,Merrimack,MAAC,265,25.0,FCS,0.0,25.0,0.0,https://dxbhsrqyrr690.cloudfront.net/sidearm.nextgen.sites/nacda.com/documents/2026/6/24/25.26DI_Final.pdf,5,7.308970099667775
2025-26,Northern Kentucky,Horizon League,265,25.0,DI,0.0,0.0,25.0,https://dxbhsrqyrr690.cloudfront.net/sidearm.nextgen.sites/nacda.com/documents/2026/6/24/25.26DI_Final.pdf,5,7.308970099667775
2025-26,Queens (N.C.),ASUN,265,25.0,DI,0.0,25.0,0.0,https://dxbhsrqyrr690.cloudfront.net/sidearm.nextgen.sites/nacda.com/documents/2026/6/24/25.26DI_Final.pdf,5,7.308970099667775
2025-26,Robert Morris,Horizon League,265,25.0,FCS,0.0,0.0,25.0,https://dxbhsrqyrr690.cloudfront.net/sidearm.nextgen.sites/nacda.com/documents/2026/6/24/25.26DI_Final.pdf,5,7.308970099667775
2025-26,South Alabama,Sun Belt,265,25.0,FBS,0.0,0.0,25.0,https://dxbhsrqyrr690.cloudfront.net/sidearm.nextgen.sites/nacda.com/documents/2026/6/24/25.26DI_Final.pdf,5,7.308970099667775
2025-26,Southern Illinois,Missouri Valley,265,25.0,FCS,0.0,25.0,0.0,https://dxbhsrqyrr690.cloudfront.net/sidearm.nextgen.sites/nacda.com/documents/2026/6/24/25.26DI_Final.pdf,5,7.308970099667775
2025-26,St. Thomas,Summit,265,25.0,FCS,25.0,0.0,0.0,https://dxbhsrqyrr690.cloudfront.net/sidearm.nextgen.sites/nacda.com/documents/2026/6/24/25.26DI_Final.pdf,5,7.308970099667775
2025-26,Stonehill,NEC,265,25.0,FCS,0.0,0.0,25.0,https://dxbhsrqyrr690.cloudfront.net/sidearm.nextgen.sites/nacda.com/documents/2026/6/24/25.26DI_Final.pdf,5,7.308970099667775
2025-26,Tennessee State,OVC,265,25.0,FCS,0.0,25.0,0.0,https://dxbhsrqyrr690.cloudfront.net/sidearm.nextgen.sites/nacda.com/documents/2026/6/24/25.26DI_Final.pdf,5,7.308970099667775
2025-26,UTEP,Conference USA,265,25.0,FBS,25.0,0.0,0.0,https://dxbhsrqyrr690.cloudfront.net/sidearm.nextgen.sites/nacda.com/documents/2026/6/24/25.26DI_Final.pdf,5,7.308970099667775
2025-26,Western Illinois,OVC,265,25.0,FCS,0.0,25.0,0.0,https://dxbhsrqyrr690.cloudfront.net/sidearm.nextgen.sites/nacda.com/documents/2026/6/24/25.26DI_Final.pdf,5,7.308970099667775
2025-26,Wisconsin Green Bay,Horizon League,265,25.0,DI,0.0,25.0,0.0,https://dxbhsrqyrr690.cloudfront.net/sidearm.nextgen.sites/nacda.com/documents/2026/6/24/25.26DI_Final.pdf,5,7.308970099667775
2025-26,Wofford,SoCon,265,25.0,FCS,25.0,0.0,0.0,https://dxbhsrqyrr690.cloudfront.net/sidearm.nextgen.sites/nacda.com/documents/2026/6/24/25.26DI_Final.pdf,5,7.308970099667775
2025-26,North Carolina Wilmington,CAA,296,22.0,DI,0.0,0.0,22.0,https://dxbhsrqyrr690.cloudfront.net/sidearm.nextgen.sites/nacda.com/documents/2026/6/24/25.26DI_Final.pdf,5,1.9933554817275747
2025-26,UC Riverside,Big West,297,20.5,DI,0.0,0.0,20.5,https://dxbhsrqyrr690.cloudfront.net/sidearm.nextgen.sites/nacda.com/documents/2026/6/24/25.26DI_Final.pdf,5,1.6611295681063125
2025-26,Bellarmine,ASUN,298,15.0,DI,0.0,15.0,0.0,https://dxbhsrqyrr690.cloudfront.net/sidearm.nextgen.sites/nacda.com/documents/2026/6/24/25.26DI_Final.pdf,5,1.3289036544850499
2025-26,Arkansas Pine Bluff,SWAC,299,5.0,FCS,0.0,0.0,5.0,https://dxbhsrqyrr690.cloudfront.net/sidearm.nextgen.sites/nacda.com/documents/2026/6/24/25.26DI_Final.pdf,5,0.6644518272425249
2025-26,Florida Gulf Coast,ASUN,299,5.0,DI,0.0,0.0,5.0,https://dxbhsrqyrr690.cloudfront.net/sidearm.nextgen.sites/nacda.com/documents/2026/6/24/25.26DI_Final.pdf,5,0.6644518272425249
2025-26,Oakland,Horizon League,299,5.0,DI,0.0,0.0,5.0,https://dxbhsrqyrr690.cloudfront.net/sidearm.nextgen.sites/nacda.com/documents/2026/6/24/25.26DI_Final.pdf,5,0.6644518272425249
