school_id,school,season,year,points_pctile,cutoff_date,lag1_source_year,lag2_source_year,brand_evidence_tier,brand_source_date,brand_date_basis,brand_source_url,brand_status,brand,conference_prior,points_pctile_lag1,points_pctile_lag2
abilene_christian,Abilene Christian,2017-18,2017,27.1551724138,2017-08-01,,,unknown,,undated,,no_direct_evidence,Unknown,Unknown,,
air_force,Air Force,2017-18,2017,80.7471264368,2017-08-01,,,unknown,,undated,,no_direct_evidence,Unknown,Unknown,,
akron,Akron,2017-18,2017,78.4482758621,2017-08-01,,,unknown,,undated,,no_direct_evidence,Unknown,Unknown,,
alabama,Alabama,2017-18,2017,96.2643678161,2017-08-01,,,unknown,,undated,https://athleticdirectoru.com/articles/cash-is-king-in-intercollegiate-apparel-agreements/,undated_or_invalid,Unknown,Unknown,,
alabama_a_m,Alabama A&M,2017-18,2017,8.1896551724,2017-08-01,,,unknown,,undated,,no_direct_evidence,Unknown,Unknown,,
alabama_state,Alabama State,2017-18,2017,55.7471264368,2017-08-01,,,unknown,,undated,,no_direct_evidence,Unknown,Unknown,,
albany,Albany,2017-18,2017,67.2413793103,2017-08-01,,,unknown,,undated,,no_direct_evidence,Unknown,Unknown,,
alcorn_state,Alcorn State,2017-18,2017,8.1896551724,2017-08-01,,,unknown,,undated,,no_direct_evidence,Unknown,Unknown,,
american,American,2017-18,2017,41.0919540230,2017-08-01,,,unknown,,undated,,no_direct_evidence,Unknown,Unknown,,
appalachian_state,Appalachian State,2017-18,2017,41.6666666667,2017-08-01,,,unknown,,undated,,no_direct_evidence,Unknown,Unknown,,
arizona,Arizona,2017-18,2017,85.6321839080,2017-08-01,,,A,2015-08-13,date_in_source_url,https://arizonawildcats.com/news/2015/8/13/210266319,eligible_direct_preseason,Nike,Unknown,,
arizona_state,Arizona State,2017-18,2017,91.3793103448,2017-08-01,,,A,2014-12-16,date_in_source_url,https://thesundevils.com/news/2014/12/16/sun-devil-athletics-adidas-announce-8-year-partnership,eligible_direct_preseason,adidas,Unknown,,
arkansas,Arkansas,2017-18,2017,95.6896551724,2017-08-01,,,unknown,2017-10-01,explicit_source_date,https://web.archive.org/web/20171001190209/http://www.arkansasrazorbacks.com/,published_after_cutoff,Unknown,Unknown,,
arkansas_little_rock,Arkansas Little Rock,2017-18,2017,22.2701149425,2017-08-01,,,unknown,,undated,,no_direct_evidence,Unknown,Unknown,,
arkansas_pine_bluff,Arkansas Pine Bluff,2017-18,2017,8.1896551724,2017-08-01,,,unknown,,undated,,no_direct_evidence,Unknown,Unknown,,
arkansas_state,Arkansas State,2017-18,2017,54.5977011494,2017-08-01,,,unknown,,undated,,no_direct_evidence,Unknown,Unknown,,
army_west_point,Army West Point,2017-18,2017,69.8275862069,2017-08-01,,,unknown,,undated,,no_direct_evidence,Unknown,Unknown,,
auburn,Auburn,2017-18,2017,95.1149425287,2017-08-01,,,unknown,2025-07-24,date_in_source_url,https://auburntigers.com/news/2025/07/24/such-an-iconic-mark-how-auburn-equipment-managed-the-switch-to-nike,published_after_cutoff,Unknown,Unknown,,
austin_peay_state,Austin Peay State,2017-18,2017,22.2701149425,2017-08-01,,,unknown,,undated,,no_direct_evidence,Unknown,Unknown,,
ball_state,Ball State,2017-18,2017,8.1896551724,2017-08-01,,,unknown,,undated,,no_direct_evidence,Unknown,Unknown,,
baylor,Baylor,2017-18,2017,87.9310344828,2017-08-01,,,unknown,,undated,https://www2.kusports.com/weblogs/tale-tait/2017/sep/28/kus-deal-with-adidas-is-companys-second/,undated_or_invalid,Unknown,Unknown,,
belmont,Belmont,2017-18,2017,22.2701149425,2017-08-01,,,unknown,,undated,,no_direct_evidence,Unknown,Unknown,,
bethune_cookman,Bethune-Cookman,2017-18,2017,22.2701149425,2017-08-01,,,unknown,,undated,,no_direct_evidence,Unknown,Unknown,,
binghamton,Binghamton,2017-18,2017,17.2413793103,2017-08-01,,,unknown,,undated,,no_direct_evidence,Unknown,Unknown,,
boise_state,Boise State,2017-18,2017,83.3333333333,2017-08-01,,,unknown,,undated,,no_direct_evidence,Unknown,Unknown,,
boston_college,Boston College,2017-18,2017,72.9885057471,2017-08-01,,,A,2015-03-12,date_in_source_url,https://bceagles.com/news/2015/3/12/Under_Armour_BC_Extend_Long_Term_Partnership,eligible_direct_preseason,Under Armour,Unknown,,
boston_university,Boston University,2017-18,2017,62.0689655172,2017-08-01,,,unknown,,undated,,no_direct_evidence,Unknown,Unknown,,
bowling_green,Bowling Green,2017-18,2017,8.1896551724,2017-08-01,,,unknown,,undated,,no_direct_evidence,Unknown,Unknown,,
bradley,Bradley,2017-18,2017,16.5229885057,2017-08-01,,,unknown,,undated,,no_direct_evidence,Unknown,Unknown,,
brown,Brown,2017-18,2017,56.8965517241,2017-08-01,,,unknown,,undated,,no_direct_evidence,Unknown,Unknown,,
bryant,Bryant,2017-18,2017,22.2701149425,2017-08-01,,,unknown,,undated,,no_direct_evidence,Unknown,Unknown,,
bucknell,Bucknell,2017-18,2017,42.9597701149,2017-08-01,,,unknown,,undated,,no_direct_evidence,Unknown,Unknown,,
buffalo,Buffalo,2017-18,2017,62.6436781609,2017-08-01,,,unknown,,undated,,no_direct_evidence,Unknown,Unknown,,
butler,Butler,2017-18,2017,62.6436781609,2017-08-01,,,unknown,,undated,,no_direct_evidence,Unknown,Unknown,,
byu,BYU,2017-18,2017,87.3563218391,2017-08-01,,,unknown,2019-03-08,date_in_source_url,https://byucougars.com/news/2019/03/08/byu-announces-new-nike-partnership,published_after_cutoff,Unknown,Unknown,,
cal_poly,Cal Poly,2017-18,2017,39.9425287356,2017-08-01,,,unknown,,undated,,no_direct_evidence,Unknown,Unknown,,
cal_state_bakersfield,Cal State Bakersfield,2017-18,2017,41.3793103448,2017-08-01,,,unknown,,undated,,no_direct_evidence,Unknown,Unknown,,
cal_state_fullerton,Cal State Fullerton,2017-18,2017,72.1264367816,2017-08-01,,,unknown,,undated,,no_direct_evidence,Unknown,Unknown,,
cal_state_northridge,Cal State Northridge,2017-18,2017,22.2701149425,2017-08-01,,,unknown,,undated,,no_direct_evidence,Unknown,Unknown,,
california,California,2017-18,2017,94.5402298851,2017-08-01,,,A,2017-05-31,date_in_source_url,https://calbears.com/news/2017/5/31/athletics-news-cal-under-armour-launch-partnership.aspx,eligible_direct_preseason,Under Armour,Unknown,,
campbell,Campbell,2017-18,2017,72.4137931034,2017-08-01,,,unknown,,undated,,no_direct_evidence,Unknown,Unknown,,
canisius,Canisius,2017-18,2017,35.3448275862,2017-08-01,,,unknown,,undated,,no_direct_evidence,Unknown,Unknown,,
central_arkansas,Central Arkansas,2017-18,2017,57.1839080460,2017-08-01,,,unknown,,undated,,no_direct_evidence,Unknown,Unknown,,
central_connecticut_state,Central Connecticut State,2017-18,2017,28.1609195402,2017-08-01,,,unknown,,undated,,no_direct_evidence,Unknown,Unknown,,
central_michigan,Central Michigan,2017-18,2017,67.5287356322,2017-08-01,,,unknown,,undated,,no_direct_evidence,Unknown,Unknown,,
charleston_southern,Charleston Southern,2017-18,2017,8.1896551724,2017-08-01,,,unknown,,undated,,no_direct_evidence,Unknown,Unknown,,
charlotte,Charlotte,2017-18,2017,8.1896551724,2017-08-01,,,unknown,,undated,,no_direct_evidence,Unknown,Unknown,,
chicago_state,Chicago State,2017-18,2017,8.1896551724,2017-08-01,,,unknown,,undated,,no_direct_evidence,Unknown,Unknown,,
cincinnati,Cincinnati,2017-18,2017,70.4022988506,2017-08-01,,,unknown,,undated,https://www.si.com/college/cincinnati/news/uc-officially-announces-nike-jordan-brand-deal-with-bsn-sports,undated_or_invalid,Unknown,Unknown,,
citadel,Citadel,2017-18,2017,8.1896551724,2017-08-01,,,unknown,,undated,,no_direct_evidence,Unknown,Unknown,,
clemson,Clemson,2017-18,2017,85.3448275862,2017-08-01,,,unknown,,undated,https://athleticdirectoru.com/articles/cash-is-king-in-intercollegiate-apparel-agreements/,undated_or_invalid,Unknown,Unknown,,
cleveland_state,Cleveland State,2017-18,2017,39.2241379310,2017-08-01,,,unknown,,undated,,no_direct_evidence,Unknown,Unknown,,
coastal_carolina,Coastal Carolina,2017-18,2017,66.5229885057,2017-08-01,,,unknown,,undated,,no_direct_evidence,Unknown,Unknown,,
colgate,Colgate,2017-18,2017,66.0919540230,2017-08-01,,,unknown,,undated,,no_direct_evidence,Unknown,Unknown,,
college_of_charleston,College of Charleston,2017-18,2017,40.8045977011,2017-08-01,,,unknown,,undated,,no_direct_evidence,Unknown,Unknown,,
colorado,Colorado,2017-18,2017,89.6551724138,2017-08-01,,,unknown,,undated,https://athleticdirectoru.com/articles/cash-is-king-in-intercollegiate-apparel-agreements/,undated_or_invalid,Unknown,Unknown,,
colorado_state,Colorado State,2017-18,2017,78.1609195402,2017-08-01,,,unknown,,undated,,no_direct_evidence,Unknown,Unknown,,
columbia,Columbia,2017-18,2017,80.4597701149,2017-08-01,,,unknown,,undated,,no_direct_evidence,Unknown,Unknown,,
coppin_state,Coppin State,2017-18,2017,8.1896551724,2017-08-01,,,unknown,,undated,,no_direct_evidence,Unknown,Unknown,,
cornell,Cornell,2017-18,2017,76.7241379310,2017-08-01,,,unknown,,undated,,no_direct_evidence,Unknown,Unknown,,
creighton,Creighton,2017-18,2017,60.4885057471,2017-08-01,,,unknown,,undated,,no_direct_evidence,Unknown,Unknown,,
dartmouth,Dartmouth,2017-18,2017,73.8505747126,2017-08-01,,,unknown,,undated,,no_direct_evidence,Unknown,Unknown,,
davidson,Davidson,2017-18,2017,28.1609195402,2017-08-01,,,unknown,,undated,,no_direct_evidence,Unknown,Unknown,,
dayton,Dayton,2017-18,2017,22.2701149425,2017-08-01,,,unknown,,undated,,no_direct_evidence,Unknown,Unknown,,
delaware,Delaware,2017-18,2017,38.6494252874,2017-08-01,,,unknown,,undated,,no_direct_evidence,Unknown,Unknown,,
delaware_state,Delaware State,2017-18,2017,8.1896551724,2017-08-01,,,unknown,,undated,,no_direct_evidence,Unknown,Unknown,,
denver,Denver,2017-18,2017,86.7816091954,2017-08-01,,,unknown,,undated,,no_direct_evidence,Unknown,Unknown,,
depaul,DePaul,2017-18,2017,44.9712643678,2017-08-01,,,unknown,,undated,,no_direct_evidence,Unknown,Unknown,,
detroit,Detroit,2017-18,2017,8.1896551724,2017-08-01,,,unknown,,undated,,no_direct_evidence,Unknown,Unknown,,
drake,Drake,2017-18,2017,55.7471264368,2017-08-01,,,unknown,,undated,,no_direct_evidence,Unknown,Unknown,,
drexel,Drexel,2017-18,2017,30.4597701149,2017-08-01,,,unknown,,undated,,no_direct_evidence,Unknown,Unknown,,
duke,Duke,2017-18,2017,97.1264367816,2017-08-01,,,A,2015-10-15,date_in_source_url,https://goduke.com/news/2015/10/15/210424501,eligible_direct_preseason,Nike,Unknown,,
duquesne,Duquesne,2017-18,2017,8.1896551724,2017-08-01,,,unknown,,undated,,no_direct_evidence,Unknown,Unknown,,
east_carolina,East Carolina,2017-18,2017,31.3218390805,2017-08-01,,,unknown,,undated,,no_direct_evidence,Unknown,Unknown,,
east_tennessee_state,East Tennessee State,2017-18,2017,35.3448275862,2017-08-01,,,unknown,,undated,,no_direct_evidence,Unknown,Unknown,,
eastern_illinois,Eastern Illinois,2017-18,2017,8.1896551724,2017-08-01,,,unknown,,undated,,no_direct_evidence,Unknown,Unknown,,
eastern_kentucky,Eastern Kentucky,2017-18,2017,62.6436781609,2017-08-01,,,unknown,,undated,,no_direct_evidence,Unknown,Unknown,,
eastern_michigan,Eastern Michigan,2017-18,2017,70.9770114943,2017-08-01,,,unknown,,undated,,no_direct_evidence,Unknown,Unknown,,
eastern_washington,Eastern Washington,2017-18,2017,22.2701149425,2017-08-01,,,unknown,,undated,,no_direct_evidence,Unknown,Unknown,,
elon,Elon,2017-18,2017,35.3448275862,2017-08-01,,,unknown,,undated,,no_direct_evidence,Unknown,Unknown,,
evansville,Evansville,2017-18,2017,8.1896551724,2017-08-01,,,unknown,,undated,,no_direct_evidence,Unknown,Unknown,,
fairfield,Fairfield,2017-18,2017,55.7471264368,2017-08-01,,,unknown,,undated,,no_direct_evidence,Unknown,Unknown,,
fairleigh_dickinson,Fairleigh Dickinson,2017-18,2017,30.1724137931,2017-08-01,,,unknown,,undated,,no_direct_evidence,Unknown,Unknown,,
florida,Florida,2017-18,2017,99.4252873563,2017-08-01,,,unknown,,undated,https://athleticdirectoru.com/articles/cash-is-king-in-intercollegiate-apparel-agreements/,undated_or_invalid,Unknown,Unknown,,
florida_a_m,Florida A&M,2017-18,2017,8.1896551724,2017-08-01,,,unknown,,undated,,no_direct_evidence,Unknown,Unknown,,
florida_atlantic,Florida Atlantic,2017-18,2017,52.4425287356,2017-08-01,,,unknown,,undated,,no_direct_evidence,Unknown,Unknown,,
florida_gulf_coast,Florida Gulf Coast,2017-18,2017,44.9712643678,2017-08-01,,,unknown,,undated,,no_direct_evidence,Unknown,Unknown,,
florida_international,Florida International,2017-18,2017,66.5229885057,2017-08-01,,,unknown,,undated,,no_direct_evidence,Unknown,Unknown,,
florida_state,Florida State,2017-18,2017,97.7011494253,2017-08-01,,,unknown,,undated,https://athleticdirectoru.com/articles/cash-is-king-in-intercollegiate-apparel-agreements/,undated_or_invalid,Unknown,Unknown,,
fordham,Fordham,2017-18,2017,54.3103448276,2017-08-01,,,unknown,,undated,,no_direct_evidence,Unknown,Unknown,,
fresno_state,Fresno State,2017-18,2017,46.8390804598,2017-08-01,,,unknown,,undated,,no_direct_evidence,Unknown,Unknown,,
furman,Furman,2017-18,2017,79.3103448276,2017-08-01,,,unknown,,undated,,no_direct_evidence,Unknown,Unknown,,
gardner_webb,Gardner-Webb,2017-18,2017,8.1896551724,2017-08-01,,,unknown,,undated,,no_direct_evidence,Unknown,Unknown,,
george_mason,George Mason,2017-18,2017,17.5287356322,2017-08-01,,,unknown,,undated,,no_direct_evidence,Unknown,Unknown,,
george_washington,George Washington,2017-18,2017,54.0229885057,2017-08-01,,,unknown,,undated,,no_direct_evidence,Unknown,Unknown,,
georgetown,Georgetown,2017-18,2017,73.5632183908,2017-08-01,,,unknown,,undated,,no_direct_evidence,Unknown,Unknown,,
georgia,Georgia,2017-18,2017,97.9885057471,2017-08-01,,,A,2015-05-20,date_in_source_url,https://www.sportsbusinessjournal.com/Daily/Issues/2015/05/20/Marketing-and-Sponsorship/Georgia-Nike/,eligible_direct_preseason,Nike,Unknown,,
georgia_southern,Georgia Southern,2017-18,2017,8.1896551724,2017-08-01,,,unknown,,undated,,no_direct_evidence,Unknown,Unknown,,
georgia_state,Georgia State,2017-18,2017,52.4425287356,2017-08-01,,,unknown,,undated,,no_direct_evidence,Unknown,Unknown,,
georgia_tech,Georgia Tech,2017-18,2017,65.5172413793,2017-08-01,,,unknown,,undated,https://athleticdirectoru.com/articles/cash-is-king-in-intercollegiate-apparel-agreements/,undated_or_invalid,Unknown,Unknown,,
gonzaga,Gonzaga,2017-18,2017,67.8160919540,2017-08-01,,,unknown,,undated,,no_direct_evidence,Unknown,Unknown,,
grambling_state,Grambling State,2017-18,2017,35.3448275862,2017-08-01,,,unknown,,undated,,no_direct_evidence,Unknown,Unknown,,
grand_canyon,Grand Canyon,2017-18,2017,30.7471264368,2017-08-01,,,unknown,,undated,,no_direct_evidence,Unknown,Unknown,,
hartford,Hartford,2017-18,2017,22.2701149425,2017-08-01,,,unknown,,undated,,no_direct_evidence,Unknown,Unknown,,
harvard,Harvard,2017-18,2017,81.6091954023,2017-08-01,,,unknown,,undated,,no_direct_evidence,Unknown,Unknown,,
hawaii,Hawaii,2017-18,2017,71.5517241379,2017-08-01,,,unknown,,undated,,no_direct_evidence,Unknown,Unknown,,
high_point,High Point,2017-18,2017,44.9712643678,2017-08-01,,,unknown,,undated,,no_direct_evidence,Unknown,Unknown,,
hofstra,Hofstra,2017-18,2017,57.6149425287,2017-08-01,,,unknown,,undated,,no_direct_evidence,Unknown,Unknown,,
holy_cross,Holy Cross,2017-18,2017,8.1896551724,2017-08-01,,,unknown,,undated,,no_direct_evidence,Unknown,Unknown,,
houston,Houston,2017-18,2017,81.0344827586,2017-08-01,,,unknown,,undated,https://athleticdirectoru.com/articles/cash-is-king-in-intercollegiate-apparel-agreements/,undated_or_invalid,Unknown,Unknown,,
houston_christian,Houston Christian,2017-18,2017,17.8160919540,2017-08-01,,,unknown,,undated,,no_direct_evidence,Unknown,Unknown,,
howard,Howard,2017-18,2017,22.2701149425,2017-08-01,,,unknown,,undated,,no_direct_evidence,Unknown,Unknown,,
idaho,Idaho,2017-18,2017,41.9540229885,2017-08-01,,,unknown,,undated,,no_direct_evidence,Unknown,Unknown,,
idaho_state,Idaho State,2017-18,2017,8.1896551724,2017-08-01,,,unknown,,undated,,no_direct_evidence,Unknown,Unknown,,
illinois,Illinois,2017-18,2017,89.9425287356,2017-08-01,,,A,2016-01-15,date_in_source_url,https://fightingillini.com/news/2016/1/15/GEN_0115160058,eligible_direct_preseason,Nike,Unknown,,
illinois_chicago,Illinois Chicago,2017-18,2017,35.3448275862,2017-08-01,,,unknown,,undated,,no_direct_evidence,Unknown,Unknown,,
illinois_state,Illinois State,2017-18,2017,8.1896551724,2017-08-01,,,unknown,,undated,,no_direct_evidence,Unknown,Unknown,,
incarnate_word,Incarnate Word,2017-18,2017,29.5977011494,2017-08-01,,,unknown,,undated,,no_direct_evidence,Unknown,Unknown,,
indiana,Indiana,2017-18,2017,86.2068965517,2017-08-01,,,A,2015-08-18,date_in_source_url,https://iuhoosiers.com/news/2015/8/18/GEN_0818151235,eligible_direct_preseason,adidas,Unknown,,
indiana_state,Indiana State,2017-18,2017,8.1896551724,2017-08-01,,,unknown,,undated,,no_direct_evidence,Unknown,Unknown,,
iona,Iona,2017-18,2017,51.7241379310,2017-08-01,,,unknown,,undated,,no_direct_evidence,Unknown,Unknown,,
iowa,Iowa,2017-18,2017,84.7701149425,2017-08-01,,,unknown,,undated,https://athleticdirectoru.com/articles/cash-is-king-in-intercollegiate-apparel-agreements/,undated_or_invalid,Unknown,Unknown,,
iowa_state,Iowa State,2017-18,2017,84.1954022989,2017-08-01,,,unknown,,undated,https://www2.kusports.com/weblogs/tale-tait/2017/sep/28/kus-deal-with-adidas-is-companys-second/,undated_or_invalid,Unknown,Unknown,,
ipfw,IPFW,2017-18,2017,8.1896551724,2017-08-01,,,unknown,,undated,,no_direct_evidence,Unknown,Unknown,,
iupui,IUPUI,2017-18,2017,28.1609195402,2017-08-01,,,unknown,,undated,,no_direct_evidence,Unknown,Unknown,,
jackson_state,Jackson State,2017-18,2017,8.1896551724,2017-08-01,,,unknown,,undated,,no_direct_evidence,Unknown,Unknown,,
jacksonville,Jacksonville,2017-18,2017,58.0459770115,2017-08-01,,,unknown,,undated,,no_direct_evidence,Unknown,Unknown,,
jacksonville_state,Jacksonville State,2017-18,2017,57.6149425287,2017-08-01,,,unknown,,undated,,no_direct_evidence,Unknown,Unknown,,
james_madison,James Madison,2017-18,2017,77.0114942529,2017-08-01,,,unknown,,undated,,no_direct_evidence,Unknown,Unknown,,
kansas,Kansas,2017-18,2017,83.9080459770,2017-08-01,,,unknown,,undated,https://news.adidas.com/sports-performance/adidas-and-university-of-kansas-announce-an-extension-in-their-long-term-partnership/s/75f006e9-ed57-4ba1-b3fe-ddc1372145ff,undated_or_invalid,Unknown,Unknown,,
kansas_state,Kansas State,2017-18,2017,79.5977011494,2017-08-01,,,unknown,,undated,https://www2.kusports.com/weblogs/tale-tait/2017/sep/28/kus-deal-with-adidas-is-companys-second/,undated_or_invalid,Unknown,Unknown,,
kennesaw_state,Kennesaw State,2017-18,2017,64.3678160920,2017-08-01,,,unknown,,undated,,no_direct_evidence,Unknown,Unknown,,
kent_state,Kent State,2017-18,2017,78.7356321839,2017-08-01,,,unknown,,undated,,no_direct_evidence,Unknown,Unknown,,
kentucky,Kentucky,2017-18,2017,95.4022988506,2017-08-01,,,A,2015-03-05,date_in_source_url,https://www.sportsbusinessjournal.com/Daily/Issues/2015/03/05/Marketing-and-Sponsorship/UK-Nike/,eligible_direct_preseason,Nike,Unknown,,
la_salle,La Salle,2017-18,2017,22.2701149425,2017-08-01,,,unknown,,undated,,no_direct_evidence,Unknown,Unknown,,
lafayette,Lafayette,2017-18,2017,8.1896551724,2017-08-01,,,unknown,,undated,,no_direct_evidence,Unknown,Unknown,,
lamar,Lamar,2017-18,2017,35.3448275862,2017-08-01,,,unknown,,undated,,no_direct_evidence,Unknown,Unknown,,
lehigh,Lehigh,2017-18,2017,48.9942528736,2017-08-01,,,unknown,,undated,,no_direct_evidence,Unknown,Unknown,,
liberty,Liberty,2017-18,2017,64.0804597701,2017-08-01,,,unknown,,undated,,no_direct_evidence,Unknown,Unknown,,
lipscomb,Lipscomb,2017-18,2017,35.3448275862,2017-08-01,,,unknown,,undated,,no_direct_evidence,Unknown,Unknown,,
liu_brooklyn,LIU Brooklyn,2017-18,2017,46.5517241379,2017-08-01,,,unknown,,undated,,no_direct_evidence,Unknown,Unknown,,
long_beach_state,Long Beach State,2017-18,2017,65.2298850575,2017-08-01,,,unknown,,undated,,no_direct_evidence,Unknown,Unknown,,
longwood,Longwood,2017-18,2017,8.1896551724,2017-08-01,,,unknown,,undated,,no_direct_evidence,Unknown,Unknown,,
louisiana,Louisiana,2017-18,2017,35.3448275862,2017-08-01,,,unknown,,undated,,no_direct_evidence,Unknown,Unknown,,
louisiana_monroe,Louisiana Monroe,2017-18,2017,31.6091954023,2017-08-01,,,unknown,,undated,,no_direct_evidence,Unknown,Unknown,,
louisiana_tech,Louisiana Tech,2017-18,2017,31.8965517241,2017-08-01,,,unknown,,undated,,no_direct_evidence,Unknown,Unknown,,
louisville,Louisville,2017-18,2017,91.6666666667,2017-08-01,,,unknown,2017-08-25,date_in_source_url,https://gocards.com/news/2017/8/25/general-louisville-adidas-strike-landmark-10-year-partnership-through-2027-28,published_after_cutoff,Unknown,Unknown,,
loyola_chicago,Loyola Chicago,2017-18,2017,48.1321839080,2017-08-01,,,unknown,,undated,,no_direct_evidence,Unknown,Unknown,,
loyola_maryland,Loyola Maryland,2017-18,2017,58.3333333333,2017-08-01,,,unknown,,undated,,no_direct_evidence,Unknown,Unknown,,
loyola_marymount,Loyola Marymount,2017-18,2017,8.1896551724,2017-08-01,,,unknown,,undated,,no_direct_evidence,Unknown,Unknown,,
lsu,LSU,2017-18,2017,92.5287356322,2017-08-01,,,unknown,,undated,https://about.nike.com/en/newsroom/releases/nike-lsu-partnership-extension,undated_or_invalid,Unknown,Unknown,,
maine,Maine,2017-18,2017,22.2701149425,2017-08-01,,,unknown,,undated,,no_direct_evidence,Unknown,Unknown,,
manhattan,Manhattan,2017-18,2017,8.1896551724,2017-08-01,,,unknown,,undated,,no_direct_evidence,Unknown,Unknown,,
marist,Marist,2017-18,2017,8.1896551724,2017-08-01,,,unknown,,undated,,no_direct_evidence,Unknown,Unknown,,
marquette,Marquette,2017-18,2017,55.7471264368,2017-08-01,,,unknown,,undated,,no_direct_evidence,Unknown,Unknown,,
marshall,Marshall,2017-18,2017,52.4425287356,2017-08-01,,,unknown,,undated,,no_direct_evidence,Unknown,Unknown,,
maryland,Maryland,2017-18,2017,85.0574712644,2017-08-01,,,unknown,,undated,https://about.underarmour.com/en/stories/2024/06/university-of-maryland-and-under-armour-announce-12-year-extensi.html,undated_or_invalid,Unknown,Unknown,,
maryland_eastern_shore,Maryland Eastern Shore,2017-18,2017,8.1896551724,2017-08-01,,,unknown,,undated,,no_direct_evidence,Unknown,Unknown,,
massachusetts,Massachusetts,2017-18,2017,35.3448275862,2017-08-01,,,unknown,,undated,,no_direct_evidence,Unknown,Unknown,,
massachusetts_lowell,Massachusetts Lowell,2017-18,2017,8.1896551724,2017-08-01,,,unknown,,undated,,no_direct_evidence,Unknown,Unknown,,
mcneese_state,McNeese State,2017-18,2017,53.4482758621,2017-08-01,,,unknown,,undated,,no_direct_evidence,Unknown,Unknown,,
memphis,Memphis,2017-18,2017,63.7931034483,2017-08-01,,,unknown,,undated,,no_direct_evidence,Unknown,Unknown,,
mercer,Mercer,2017-18,2017,44.9712643678,2017-08-01,,,unknown,,undated,,no_direct_evidence,Unknown,Unknown,,
miami_fl,Miami (FL),2017-18,2017,82.4712643678,2017-08-01,,,unknown,2021-02-15,date_in_source_url,https://miamihurricanes.com/news/2021/02/15/championship-colors,published_after_cutoff,Unknown,Unknown,,
miami_oh,Miami (OH),2017-18,2017,59.1954022989,2017-08-01,,,unknown,,undated,,no_direct_evidence,Unknown,Unknown,,
michigan,Michigan,2017-18,2017,98.5632183908,2017-08-01,,,unknown,,undated,https://finance.umich.edu/reports/2016/category/athletics/,undated_or_invalid,Unknown,Unknown,,
michigan_state,Michigan State,2017-18,2017,85.9195402299,2017-08-01,,,A,2015-07-20,date_in_source_url,https://www.sportsbusinessjournal.com/Daily/Issues/2015/07/20/Marketing-and-Sponsorship/MSU-Nike/,eligible_direct_preseason,Nike,Unknown,,
middle_tennessee_state,Middle Tennessee State,2017-18,2017,73.2758620690,2017-08-01,,,unknown,,undated,,no_direct_evidence,Unknown,Unknown,,
minnesota,Minnesota,2017-18,2017,94.8275862069,2017-08-01,,,unknown,,undated,https://athleticdirectoru.com/articles/cash-is-king-in-intercollegiate-apparel-agreements/,undated_or_invalid,Unknown,Unknown,,
mississippi_state,Mississippi State,2017-18,2017,88.2183908046,2017-08-01,,,A,2014-04-16,date_in_source_url,https://hailstate.com/sports/2014/4/16/209467396,eligible_direct_preseason,adidas,Unknown,,
missouri,Missouri,2017-18,2017,90.8045977011,2017-08-01,,,unknown,,undated,https://athleticdirectoru.com/articles/cash-is-king-in-intercollegiate-apparel-agreements/,undated_or_invalid,Unknown,Unknown,,
missouri_state,Missouri State,2017-18,2017,59.4827586207,2017-08-01,,,unknown,,undated,,no_direct_evidence,Unknown,Unknown,,
monmouth,Monmouth,2017-18,2017,55.7471264368,2017-08-01,,,unknown,,undated,,no_direct_evidence,Unknown,Unknown,,
montana,Montana,2017-18,2017,22.2701149425,2017-08-01,,,unknown,,undated,,no_direct_evidence,Unknown,Unknown,,
montana_state,Montana State,2017-18,2017,42.9597701149,2017-08-01,,,unknown,,undated,,no_direct_evidence,Unknown,Unknown,,
morehead_state,Morehead State,2017-18,2017,22.2701149425,2017-08-01,,,unknown,,undated,,no_direct_evidence,Unknown,Unknown,,
morgan_state,Morgan State,2017-18,2017,22.2701149425,2017-08-01,,,unknown,,undated,,no_direct_evidence,Unknown,Unknown,,
mount_st_mary_s,Mount St. Mary's,2017-18,2017,8.1896551724,2017-08-01,,,unknown,,undated,,no_direct_evidence,Unknown,Unknown,,
murray_state,Murray State,2017-18,2017,63.2183908046,2017-08-01,,,unknown,,undated,,no_direct_evidence,Unknown,Unknown,,
navy,Navy,2017-18,2017,79.0229885057,2017-08-01,,,unknown,,undated,,no_direct_evidence,Unknown,Unknown,,
nebraska,Nebraska,2017-18,2017,87.6436781609,2017-08-01,,,unknown,2017-08-11,date_in_source_url,https://huskers.com/news/2017/08/11/adidas-and-nebraska-renew-partnership-to-2028,published_after_cutoff,Unknown,Unknown,,
nebraska_omaha,Nebraska Omaha,2017-18,2017,28.1609195402,2017-08-01,,,unknown,,undated,,no_direct_evidence,Unknown,Unknown,,
nevada,Nevada,2017-18,2017,61.7816091954,2017-08-01,,,unknown,,undated,,no_direct_evidence,Unknown,Unknown,,
new_hampshire,New Hampshire,2017-18,2017,79.8850574713,2017-08-01,,,unknown,,undated,,no_direct_evidence,Unknown,Unknown,,
new_mexico,New Mexico,2017-18,2017,81.8965517241,2017-08-01,,,unknown,2023-10-12,date_in_source_url,https://golobos.com/news/2023/10/12/lobos-nike-announce-extension-through-2027,published_after_cutoff,Unknown,Unknown,,
new_mexico_state,New Mexico State,2017-18,2017,64.6551724138,2017-08-01,,,unknown,,undated,,no_direct_evidence,Unknown,Unknown,,
new_orleans,New Orleans,2017-18,2017,8.1896551724,2017-08-01,,,unknown,,undated,,no_direct_evidence,Unknown,Unknown,,
niagara,Niagara,2017-18,2017,8.1896551724,2017-08-01,,,unknown,,undated,,no_direct_evidence,Unknown,Unknown,,
nicholls_state,Nicholls State,2017-18,2017,35.3448275862,2017-08-01,,,unknown,,undated,,no_direct_evidence,Unknown,Unknown,,
njit,NJIT,2017-18,2017,31.0344827586,2017-08-01,,,unknown,,undated,,no_direct_evidence,Unknown,Unknown,,
norfolk_state,Norfolk State,2017-18,2017,18.1034482759,2017-08-01,,,unknown,,undated,,no_direct_evidence,Unknown,Unknown,,
north_carolina,North Carolina,2017-18,2017,96.5517241379,2017-08-01,,,unknown,,undated,https://athleticdirectoru.com/articles/cash-is-king-in-intercollegiate-apparel-agreements/,undated_or_invalid,Unknown,Unknown,,
north_carolina_a_t,North Carolina A&T,2017-18,2017,71.8390804598,2017-08-01,,,unknown,,undated,,no_direct_evidence,Unknown,Unknown,,
north_carolina_asheville,North Carolina Asheville,2017-18,2017,8.1896551724,2017-08-01,,,unknown,,undated,,no_direct_evidence,Unknown,Unknown,,
north_carolina_central,North Carolina Central,2017-18,2017,16.5229885057,2017-08-01,,,unknown,,undated,,no_direct_evidence,Unknown,Unknown,,
north_carolina_greensboro,North Carolina Greensboro,2017-18,2017,50.5747126437,2017-08-01,,,unknown,,undated,,no_direct_evidence,Unknown,Unknown,,
north_carolina_state,North Carolina State,2017-18,2017,95.9770114943,2017-08-01,,,unknown,,undated,https://www.youtube.com/watch?v=KGYQAXrN5w4,undated_or_invalid,Unknown,Unknown,,
north_carolina_wilmington,North Carolina Wilmington,2017-18,2017,64.9425287356,2017-08-01,,,unknown,,undated,,no_direct_evidence,Unknown,Unknown,,
north_dakota,North Dakota,2017-18,2017,22.2701149425,2017-08-01,,,unknown,,undated,,no_direct_evidence,Unknown,Unknown,,
north_dakota_state,North Dakota State,2017-18,2017,75.0000000000,2017-08-01,,,unknown,,undated,,no_direct_evidence,Unknown,Unknown,,
north_florida,North Florida,2017-18,2017,53.4482758621,2017-08-01,,,unknown,,undated,,no_direct_evidence,Unknown,Unknown,,
north_texas,North Texas,2017-18,2017,35.3448275862,2017-08-01,,,unknown,,undated,,no_direct_evidence,Unknown,Unknown,,
northeastern,Northeastern,2017-18,2017,60.9195402299,2017-08-01,,,unknown,,undated,,no_direct_evidence,Unknown,Unknown,,
northern_arizona,Northern Arizona,2017-18,2017,80.1724137931,2017-08-01,,,unknown,,undated,,no_direct_evidence,Unknown,Unknown,,
northern_colorado,Northern Colorado,2017-18,2017,46.2643678161,2017-08-01,,,unknown,,undated,,no_direct_evidence,Unknown,Unknown,,
northern_illinois,Northern Illinois,2017-18,2017,47.2701149425,2017-08-01,,,unknown,,undated,,no_direct_evidence,Unknown,Unknown,,
northern_iowa,Northern Iowa,2017-18,2017,68.6781609195,2017-08-01,,,unknown,,undated,,no_direct_evidence,Unknown,Unknown,,
northern_kentucky,Northern Kentucky,2017-18,2017,8.1896551724,2017-08-01,,,unknown,,undated,,no_direct_evidence,Unknown,Unknown,,
northwestern,Northwestern,2017-18,2017,90.5172413793,2017-08-01,,,unknown,,undated,https://about.underarmour.com/en/stories/2025/03/under-armour-and-northwestern-university-announce-extension-of-p.html,undated_or_invalid,Unknown,Unknown,,
northwestern_state,Northwestern State,2017-18,2017,32.3275862069,2017-08-01,,,unknown,,undated,,no_direct_evidence,Unknown,Unknown,,
notre_dame,Notre Dame,2017-18,2017,93.8218390805,2017-08-01,,,unknown,,undated,https://about.underarmour.com/en/stories/2023/08/under-armour-and-notre-dame-march-on-together-.html,undated_or_invalid,Unknown,Unknown,,
oakland,Oakland,2017-18,2017,8.1896551724,2017-08-01,,,unknown,,undated,,no_direct_evidence,Unknown,Unknown,,
ohio,Ohio,2017-18,2017,52.4425287356,2017-08-01,,,unknown,,undated,,no_direct_evidence,Unknown,Unknown,,
ohio_state,Ohio State,2017-18,2017,98.2758620690,2017-08-01,,,A,2016-01-14,date_in_source_url,https://ohiostatebuckeyes.com/news/2016/1/14/ohio-state-and-nike-sign-groundbreaking-college-partnership,eligible_direct_preseason,Nike,Unknown,,
oklahoma,Oklahoma,2017-18,2017,93.1034482759,2017-08-01,,,unknown,,undated,https://www.oudaily.com/sports/oklahoma-sports-ou-contract-with-nike-jordan-brand-worth-near-70-million/article_b59e45c0-911b-11e8-8d0b-43bb3d5f5abf.html,undated_or_invalid,Unknown,Unknown,,
oklahoma_state,Oklahoma State,2017-18,2017,91.0919540230,2017-08-01,,,unknown,,undated,https://www2.kusports.com/weblogs/tale-tait/2017/sep/28/kus-deal-with-adidas-is-companys-second/,undated_or_invalid,Unknown,Unknown,,
old_dominion,Old Dominion,2017-18,2017,58.9080459770,2017-08-01,,,unknown,,undated,,no_direct_evidence,Unknown,Unknown,,
ole_miss,Ole Miss,2017-18,2017,89.3678160920,2017-08-01,,,A,2015-08-31,date_in_source_url,https://olemisssports.com/news/2015/8/31/Ole_Miss_Makes_Major_Announcements,eligible_direct_preseason,Nike,Unknown,,
oral_roberts,Oral Roberts,2017-18,2017,22.2701149425,2017-08-01,,,unknown,,undated,,no_direct_evidence,Unknown,Unknown,,
oregon,Oregon,2017-18,2017,93.3908045977,2017-08-01,,,unknown,,undated,https://trustees.uoregon.edu/sites/default/files/minutes_-_full_bot_12.08.17.pdf,undated_or_invalid,Unknown,Unknown,,
oregon_state,Oregon State,2017-18,2017,83.0459770115,2017-08-01,,,unknown,,undated,,no_direct_evidence,Unknown,Unknown,,
pacific,Pacific,2017-18,2017,68.1034482759,2017-08-01,,,unknown,,undated,,no_direct_evidence,Unknown,Unknown,,
penn_state,Penn State,2017-18,2017,96.8390804598,2017-08-01,,,unknown,,undated,https://www.centredaily.com/sports/college/penn-state-university/article316333759.html,undated_or_invalid,Unknown,Unknown,,
pennsylvania,Pennsylvania,2017-18,2017,70.6896551724,2017-08-01,,,unknown,,undated,,no_direct_evidence,Unknown,Unknown,,
pepperdine,Pepperdine,2017-18,2017,74.7126436782,2017-08-01,,,unknown,,undated,,no_direct_evidence,Unknown,Unknown,,
pittsburgh,Pittsburgh,2017-18,2017,68.3908045977,2017-08-01,,,unknown,2023-07-06,date_in_source_url,https://pittsburghpanthers.com/news/2023/7/6/general-pitt-extends-partnership-with-nike-through-2026,published_after_cutoff,Unknown,Unknown,,
portland,Portland,2017-18,2017,59.7701149425,2017-08-01,,,unknown,,undated,,no_direct_evidence,Unknown,Unknown,,
portland_state,Portland State,2017-18,2017,8.1896551724,2017-08-01,,,unknown,,undated,,no_direct_evidence,Unknown,Unknown,,
prairie_view_a_m,Prairie View A&M,2017-18,2017,28.1609195402,2017-08-01,,,unknown,,undated,,no_direct_evidence,Unknown,Unknown,,
presbyterian_college,Presbyterian College,2017-18,2017,22.2701149425,2017-08-01,,,unknown,,undated,,no_direct_evidence,Unknown,Unknown,,
princeton,Princeton,2017-18,2017,88.7931034483,2017-08-01,,,unknown,,undated,,no_direct_evidence,Unknown,Unknown,,
providence,Providence,2017-18,2017,69.2528735632,2017-08-01,,,unknown,,undated,,no_direct_evidence,Unknown,Unknown,,
purdue,Purdue,2017-18,2017,89.0804597701,2017-08-01,,,unknown,,undated,https://athleticdirectoru.com/articles/cash-is-king-in-intercollegiate-apparel-agreements/,undated_or_invalid,Unknown,Unknown,,
quinnipiac,Quinnipiac,2017-18,2017,44.9712643678,2017-08-01,,,unknown,,undated,,no_direct_evidence,Unknown,Unknown,,
radford,Radford,2017-18,2017,35.3448275862,2017-08-01,,,unknown,,undated,,no_direct_evidence,Unknown,Unknown,,
rhode_island,Rhode Island,2017-18,2017,47.2701149425,2017-08-01,,,unknown,,undated,,no_direct_evidence,Unknown,Unknown,,
rice,Rice,2017-18,2017,43.6781609195,2017-08-01,,,unknown,,undated,,no_direct_evidence,Unknown,Unknown,,
richmond,Richmond,2017-18,2017,39.2241379310,2017-08-01,,,unknown,,undated,,no_direct_evidence,Unknown,Unknown,,
rider,Rider,2017-18,2017,27.1551724138,2017-08-01,,,unknown,,undated,,no_direct_evidence,Unknown,Unknown,,
robert_morris,Robert Morris,2017-18,2017,22.2701149425,2017-08-01,,,unknown,,undated,,no_direct_evidence,Unknown,Unknown,,
rutgers,Rutgers,2017-18,2017,69.2528735632,2017-08-01,,,A,2017-02-13,date_in_source_url,https://scarletknights.com/news/2017/2/13/Rutgers_Athletics_Announces_Partnership_with_adidas,eligible_direct_preseason,adidas,Unknown,,
sacramento_state,Sacramento State,2017-18,2017,29.8850574713,2017-08-01,,,unknown,,undated,,no_direct_evidence,Unknown,Unknown,,
sacred_heart,Sacred Heart,2017-18,2017,29.0229885057,2017-08-01,,,unknown,,undated,,no_direct_evidence,Unknown,Unknown,,
saint_francis_pa,Saint Francis (PA),2017-18,2017,55.7471264368,2017-08-01,,,unknown,,undated,,no_direct_evidence,Unknown,Unknown,,
saint_joseph_s,Saint Joseph's,2017-18,2017,38.6494252874,2017-08-01,,,unknown,,undated,,no_direct_evidence,Unknown,Unknown,,
saint_louis,Saint Louis,2017-18,2017,22.2701149425,2017-08-01,,,unknown,,undated,,no_direct_evidence,Unknown,Unknown,,
saint_mary_s_ca,Saint Mary's (CA),2017-18,2017,16.9540229885,2017-08-01,,,unknown,,undated,,no_direct_evidence,Unknown,Unknown,,
saint_peter_s,Saint Peter's,2017-18,2017,8.1896551724,2017-08-01,,,unknown,,undated,,no_direct_evidence,Unknown,Unknown,,
sam_houston_state,Sam Houston State,2017-18,2017,71.2643678161,2017-08-01,,,unknown,,undated,,no_direct_evidence,Unknown,Unknown,,
samford,Samford,2017-18,2017,60.0574712644,2017-08-01,,,unknown,,undated,,no_direct_evidence,Unknown,Unknown,,
san_diego,San Diego,2017-18,2017,65.8045977011,2017-08-01,,,unknown,,undated,,no_direct_evidence,Unknown,Unknown,,
san_diego_state,San Diego State,2017-18,2017,76.4367816092,2017-08-01,,,unknown,,undated,,no_direct_evidence,Unknown,Unknown,,
san_francisco,San Francisco,2017-18,2017,70.1149425287,2017-08-01,,,unknown,,undated,,no_direct_evidence,Unknown,Unknown,,
san_jose_state,San Jose State,2017-18,2017,8.1896551724,2017-08-01,,,unknown,,undated,,no_direct_evidence,Unknown,Unknown,,
santa_clara,Santa Clara,2017-18,2017,43.3908045977,2017-08-01,,,unknown,,undated,,no_direct_evidence,Unknown,Unknown,,
seattle,Seattle,2017-18,2017,44.9712643678,2017-08-01,,,unknown,,undated,,no_direct_evidence,Unknown,Unknown,,
seton_hall,Seton Hall,2017-18,2017,35.3448275862,2017-08-01,,,unknown,,undated,,no_direct_evidence,Unknown,Unknown,,
siena,Siena,2017-18,2017,8.1896551724,2017-08-01,,,unknown,,undated,,no_direct_evidence,Unknown,Unknown,,
siu_edwardsville,SIU Edwardsville,2017-18,2017,8.1896551724,2017-08-01,,,unknown,,undated,,no_direct_evidence,Unknown,Unknown,,
smu,SMU,2017-18,2017,63.5057471264,2017-08-01,,,unknown,2017-10-01,explicit_source_date,https://web.archive.org/web/20171001043446/http://smumustangs.com/,published_after_cutoff,Unknown,Unknown,,
south_alabama,South Alabama,2017-18,2017,44.9712643678,2017-08-01,,,unknown,,undated,,no_direct_evidence,Unknown,Unknown,,
south_carolina,South Carolina,2017-18,2017,92.8160919540,2017-08-01,,,unknown,,undated,https://www.sc.edu/uofsc/posts/2025/08/board-of-trustees-briefs-august-2025.php,undated_or_invalid,Unknown,Unknown,,
south_carolina_state,South Carolina State,2017-18,2017,48.5632183908,2017-08-01,,,unknown,,undated,,no_direct_evidence,Unknown,Unknown,,
south_carolina_upstate,South Carolina Upstate,2017-18,2017,8.1896551724,2017-08-01,,,unknown,,undated,,no_direct_evidence,Unknown,Unknown,,
south_dakota,South Dakota,2017-18,2017,69.2528735632,2017-08-01,,,unknown,,undated,,no_direct_evidence,Unknown,Unknown,,
south_dakota_state,South Dakota State,2017-18,2017,72.7011494253,2017-08-01,,,unknown,,undated,,no_direct_evidence,Unknown,Unknown,,
south_florida,South Florida,2017-18,2017,75.8620689655,2017-08-01,,,unknown,,undated,,no_direct_evidence,Unknown,Unknown,,
southeast_missouri_state,Southeast Missouri State,2017-18,2017,8.1896551724,2017-08-01,,,unknown,,undated,,no_direct_evidence,Unknown,Unknown,,
southeastern_louisiana,Southeastern Louisiana,2017-18,2017,8.1896551724,2017-08-01,,,unknown,,undated,,no_direct_evidence,Unknown,Unknown,,
southern,Southern,2017-18,2017,8.1896551724,2017-08-01,,,unknown,,undated,,no_direct_evidence,Unknown,Unknown,,
southern_illinois,Southern Illinois,2017-18,2017,8.1896551724,2017-08-01,,,unknown,,undated,,no_direct_evidence,Unknown,Unknown,,
southern_mississippi,Southern Mississippi,2017-18,2017,58.6206896552,2017-08-01,,,unknown,,undated,,no_direct_evidence,Unknown,Unknown,,
southern_utah,Southern Utah,2017-18,2017,74.1379310345,2017-08-01,,,unknown,,undated,,no_direct_evidence,Unknown,Unknown,,
st_bonaventure,St. Bonaventure,2017-18,2017,22.2701149425,2017-08-01,,,unknown,,undated,,no_direct_evidence,Unknown,Unknown,,
st_francis_ny,St. Francis (NY),2017-18,2017,22.2701149425,2017-08-01,,,unknown,,undated,,no_direct_evidence,Unknown,Unknown,,
st_john_s_ny,St. John's (NY),2017-18,2017,61.2068965517,2017-08-01,,,unknown,,undated,,no_direct_evidence,Unknown,Unknown,,
stanford,Stanford,2017-18,2017,100.0000000000,2017-08-01,,,unknown,,undated,,no_direct_evidence,Unknown,Unknown,,
stephen_f_austin,Stephen F. Austin,2017-18,2017,22.2701149425,2017-08-01,,,unknown,,undated,,no_direct_evidence,Unknown,Unknown,,
stetson,Stetson,2017-18,2017,40.3735632184,2017-08-01,,,unknown,,undated,,no_direct_evidence,Unknown,Unknown,,
stony_brook,Stony Brook,2017-18,2017,74.4252873563,2017-08-01,,,unknown,,undated,,no_direct_evidence,Unknown,Unknown,,
syracuse,Syracuse,2017-18,2017,87.0689655172,2017-08-01,,,unknown,2019-06-14,explicit_source_date,https://cuse.com/news/2019/6/14/general-syracuse-and-nike-extend-partnership,published_after_cutoff,Unknown,Unknown,,
tcu,TCU,2017-18,2017,83.6206896552,2017-08-01,,,unknown,,undated,https://www2.kusports.com/weblogs/tale-tait/2017/sep/28/kus-deal-with-adidas-is-companys-second/,undated_or_invalid,Unknown,Unknown,,
temple,Temple,2017-18,2017,50.2873563218,2017-08-01,,,unknown,,undated,,no_direct_evidence,Unknown,Unknown,,
tennessee,Tennessee,2017-18,2017,90.2298850575,2017-08-01,,,A,2014-01-31,date_in_source_url,https://utsports.com/news/2014/1/31/UT_Announces_Partnership_With_NIKE,eligible_direct_preseason,Nike,Unknown,,
tennessee_chattanooga,Tennessee Chattanooga,2017-18,2017,26.4367816092,2017-08-01,,,unknown,,undated,,no_direct_evidence,Unknown,Unknown,,
tennessee_martin,Tennessee Martin,2017-18,2017,8.1896551724,2017-08-01,,,unknown,,undated,,no_direct_evidence,Unknown,Unknown,,
tennessee_state,Tennessee State,2017-18,2017,8.1896551724,2017-08-01,,,unknown,,undated,,no_direct_evidence,Unknown,Unknown,,
tennessee_tech,Tennessee Tech,2017-18,2017,49.8563218391,2017-08-01,,,unknown,,undated,,no_direct_evidence,Unknown,Unknown,,
texas,Texas,2017-18,2017,98.8505747126,2017-08-01,,,unknown,,undated,https://www.utsystem.edu/sites/default/files/offices/board-of-regents/board-meetings/board-minutes/10-30-2015meeting1141.pdf,undated_or_invalid,Unknown,Unknown,,
texas_a_m,Texas A&M,2017-18,2017,97.4137931034,2017-08-01,,,unknown,,undated,https://cdn.vox-cdn.com/uploads/chorus_asset/file/3974634/Adidas_FINAL__1_.0.pdf,undated_or_invalid,Unknown,Unknown,,
texas_a_m_corpus_christi,Texas A&M Corpus Christi,2017-18,2017,8.1896551724,2017-08-01,,,unknown,,undated,,no_direct_evidence,Unknown,Unknown,,
texas_arlington,Texas Arlington,2017-18,2017,32.3275862069,2017-08-01,,,unknown,,undated,,no_direct_evidence,Unknown,Unknown,,
texas_southern,Texas Southern,2017-18,2017,35.3448275862,2017-08-01,,,unknown,,undated,,no_direct_evidence,Unknown,Unknown,,
texas_state,Texas State,2017-18,2017,49.4252873563,2017-08-01,,,unknown,,undated,,no_direct_evidence,Unknown,Unknown,,
texas_tech,Texas Tech,2017-18,2017,88.5057471264,2017-08-01,,,A,2015-02-17,date_in_source_url,https://texastech.com/news/2015/2/17/Texas_Tech_Agrees_To_Six_Year_Extension_With_Under_Armour,eligible_direct_preseason,Under Armour,Unknown,,
toledo,Toledo,2017-18,2017,35.3448275862,2017-08-01,,,unknown,,undated,,no_direct_evidence,Unknown,Unknown,,
towson,Towson,2017-18,2017,53.4482758621,2017-08-01,,,unknown,,undated,,no_direct_evidence,Unknown,Unknown,,
troy,Troy,2017-18,2017,47.7011494253,2017-08-01,,,unknown,,undated,,no_direct_evidence,Unknown,Unknown,,
tulane,Tulane,2017-18,2017,22.2701149425,2017-08-01,,,unknown,,undated,,no_direct_evidence,Unknown,Unknown,,
tulsa,Tulsa,2017-18,2017,61.4942528736,2017-08-01,,,unknown,,undated,,no_direct_evidence,Unknown,Unknown,,
uab,UAB,2017-18,2017,22.2701149425,2017-08-01,,,unknown,,undated,,no_direct_evidence,Unknown,Unknown,,
uc_davis,UC Davis,2017-18,2017,40.3735632184,2017-08-01,,,unknown,,undated,,no_direct_evidence,Unknown,Unknown,,
uc_irvine,UC Irvine,2017-18,2017,51.1494252874,2017-08-01,,,unknown,,undated,,no_direct_evidence,Unknown,Unknown,,
uc_riverside,UC Riverside,2017-18,2017,8.1896551724,2017-08-01,,,unknown,,undated,,no_direct_evidence,Unknown,Unknown,,
uc_santa_barbara,UC Santa Barbara,2017-18,2017,22.2701149425,2017-08-01,,,unknown,,undated,,no_direct_evidence,Unknown,Unknown,,
ucf,UCF,2017-18,2017,75.5747126437,2017-08-01,,,unknown,2023-10-31,date_in_source_url,https://ucfknights.com/news/2023/10/31/ucf-athletics-and-nike-extend-agreement-through-2029,published_after_cutoff,Unknown,Unknown,,
ucla,UCLA,2017-18,2017,99.7126436782,2017-08-01,,,A,2017-07-01,date_in_source_url,https://uclabruins.com/news/2017/07/1/ucla-under-armour-kick-off-partnership,eligible_direct_preseason,Under Armour,Unknown,,
uconn,UConn,2017-18,2017,76.1494252874,2017-08-01,,,unknown,,undated,,no_direct_evidence,Unknown,Unknown,,
umbc,UMBC,2017-18,2017,48.1321839080,2017-08-01,,,unknown,,undated,,no_direct_evidence,Unknown,Unknown,,
umkc,UMKC,2017-18,2017,29.3103448276,2017-08-01,,,unknown,,undated,,no_direct_evidence,Unknown,Unknown,,
unlv,UNLV,2017-18,2017,51.4367816092,2017-08-01,,,unknown,,undated,,no_direct_evidence,Unknown,Unknown,,
usc,USC,2017-18,2017,99.1379310345,2017-08-01,,,unknown,2026-07-14,date_in_source_url,https://usctrojans.com/news/2026/7/14/usc-trojans-athletics-nike-jerseys-uniforms-gear-apparel-shoes-deal-extension-nil,published_after_cutoff,Unknown,Unknown,,
utah,Utah,2017-18,2017,82.7586206897,2017-08-01,,,A,2016-10-12,date_in_source_url,https://utahutes.com/news/2016/10/12/general-utah-athletics-and-under-armour-sign-extension,eligible_direct_preseason,Under Armour,Unknown,,
utah_state,Utah State,2017-18,2017,77.8735632184,2017-08-01,,,unknown,,undated,,no_direct_evidence,Unknown,Unknown,,
utah_valley,Utah Valley,2017-18,2017,39.6551724138,2017-08-01,,,unknown,,undated,,no_direct_evidence,Unknown,Unknown,,
utep,UTEP,2017-18,2017,50.8620689655,2017-08-01,,,unknown,,undated,,no_direct_evidence,Unknown,Unknown,,
utrgv,UTRGV,2017-18,2017,8.1896551724,2017-08-01,,,unknown,,undated,,no_direct_evidence,Unknown,Unknown,,
utsa,UTSA,2017-18,2017,26.7241379310,2017-08-01,,,unknown,,undated,,no_direct_evidence,Unknown,Unknown,,
valparaiso,Valparaiso,2017-18,2017,8.1896551724,2017-08-01,,,unknown,,undated,,no_direct_evidence,Unknown,Unknown,,
vanderbilt,Vanderbilt,2017-18,2017,84.4827586207,2017-08-01,,,A,2015-07-07,date_in_source_url,https://vucommodores.com/news/2015/07/07/vanderbilt-nike-expand-agreement,eligible_direct_preseason,Nike,Unknown,,
vcu,VCU,2017-18,2017,60.4885057471,2017-08-01,,,unknown,,undated,,no_direct_evidence,Unknown,Unknown,,
vermont,Vermont,2017-18,2017,44.9712643678,2017-08-01,,,unknown,,undated,,no_direct_evidence,Unknown,Unknown,,
villanova,Villanova,2017-18,2017,81.3218390805,2017-08-01,,,unknown,,undated,,no_direct_evidence,Unknown,Unknown,,
virginia,Virginia,2017-18,2017,94.2528735632,2017-08-01,,,unknown,,undated,https://athleticdirectoru.com/articles/cash-is-king-in-intercollegiate-apparel-agreements/,undated_or_invalid,Unknown,Unknown,,
virginia_military_institute,Virginia Military Institute,2017-18,2017,8.1896551724,2017-08-01,,,unknown,,undated,,no_direct_evidence,Unknown,Unknown,,
virginia_tech,Virginia Tech,2017-18,2017,92.2413793103,2017-08-01,,,A,2016-05-25,date_in_source_url,https://techsideline.com/article/2016/05/25/virginia-techs-nike-deal,eligible_direct_preseason,Nike,Unknown,,
wagner,Wagner,2017-18,2017,48.9942528736,2017-08-01,,,unknown,,undated,,no_direct_evidence,Unknown,Unknown,,
wake_forest,Wake Forest,2017-18,2017,86.4942528736,2017-08-01,,,unknown,,undated,,no_direct_evidence,Unknown,Unknown,,
washington,Washington,2017-18,2017,91.9540229885,2017-08-01,,,unknown,,undated,https://www.seattlepi.com/sports/uw_huskies_wsu_cougars/article/The-Three-Stripe-era-UW-athletics-announces-14064340.php,undated_or_invalid,Unknown,Unknown,,
washington_state,Washington State,2017-18,2017,77.2988505747,2017-08-01,,,unknown,,undated,,no_direct_evidence,Unknown,Unknown,,
weber_state,Weber State,2017-18,2017,42.3850574713,2017-08-01,,,unknown,,undated,,no_direct_evidence,Unknown,Unknown,,
west_virginia,West Virginia,2017-18,2017,82.1839080460,2017-08-01,,,unknown,,undated,https://www2.kusports.com/weblogs/tale-tait/2017/sep/28/kus-deal-with-adidas-is-companys-second/,undated_or_invalid,Unknown,Unknown,,
western_carolina,Western Carolina,2017-18,2017,8.1896551724,2017-08-01,,,unknown,,undated,,no_direct_evidence,Unknown,Unknown,,
western_illinois,Western Illinois,2017-18,2017,22.2701149425,2017-08-01,,,unknown,,undated,,no_direct_evidence,Unknown,Unknown,,
western_kentucky,Western Kentucky,2017-18,2017,55.7471264368,2017-08-01,,,unknown,,undated,,no_direct_evidence,Unknown,Unknown,,
western_michigan,Western Michigan,2017-18,2017,49.8563218391,2017-08-01,,,unknown,,undated,,no_direct_evidence,Unknown,Unknown,,
wichita_state,Wichita State,2017-18,2017,75.2873563218,2017-08-01,,,unknown,,undated,,no_direct_evidence,Unknown,Unknown,,
william_mary,William & Mary,2017-18,2017,35.3448275862,2017-08-01,,,unknown,,undated,,no_direct_evidence,Unknown,Unknown,,
winthrop,Winthrop,2017-18,2017,35.3448275862,2017-08-01,,,unknown,,undated,,no_direct_evidence,Unknown,Unknown,,
wisconsin,Wisconsin,2017-18,2017,93.8218390805,2017-08-01,,,A,2015-10-09,date_in_source_url,https://uwbadgers.com/news/2015/10/9/GEN_1012155509,eligible_direct_preseason,Under Armour,Unknown,,
wisconsin_green_bay,Wisconsin Green Bay,2017-18,2017,22.2701149425,2017-08-01,,,unknown,,undated,,no_direct_evidence,Unknown,Unknown,,
wisconsin_milwaukee,Wisconsin Milwaukee,2017-18,2017,8.1896551724,2017-08-01,,,unknown,,undated,,no_direct_evidence,Unknown,Unknown,,
wofford,Wofford,2017-18,2017,42.3850574713,2017-08-01,,,unknown,,undated,,no_direct_evidence,Unknown,Unknown,,
wright_state,Wright State,2017-18,2017,35.3448275862,2017-08-01,,,unknown,,undated,,no_direct_evidence,Unknown,Unknown,,
wyoming,Wyoming,2017-18,2017,66.9540229885,2017-08-01,,,unknown,,undated,,no_direct_evidence,Unknown,Unknown,,
xavier,Xavier,2017-18,2017,35.3448275862,2017-08-01,,,unknown,,undated,,no_direct_evidence,Unknown,Unknown,,
yale,Yale,2017-18,2017,77.5862068966,2017-08-01,,,unknown,2026-09-03,date_in_source_url,https://yalebulldogs.com/news/2026/9/3/general-yale-athletics-and-under-armour-extend-partnership-through-2036.aspx,published_after_cutoff,Unknown,Unknown,,
youngstown_state,Youngstown State,2017-18,2017,38.2183908046,2017-08-01,,,unknown,,undated,,no_direct_evidence,Unknown,Unknown,,
abilene_christian,Abilene Christian,2018-19,2018,44.7142857143,2018-08-01,2017.0000000000,,unknown,,undated,,no_direct_evidence,Unknown,Southland,27.1551724138,
air_force,Air Force,2018-19,2018,81.1428571429,2018-08-01,2017.0000000000,,unknown,,undated,,no_direct_evidence,Unknown,Mountain West,80.7471264368,
akron,Akron,2018-19,2018,72.5714285714,2018-08-01,2017.0000000000,,unknown,,undated,,no_direct_evidence,Unknown,MAC,78.4482758621,
alabama,Alabama,2018-19,2018,91.4285714286,2018-08-01,2017.0000000000,,unknown,2025-08-28,date_in_source_url,https://www.sportsbusinessjournal.com/Articles/2025/08/28/alabama-quietly-extended-nike-deal-a-few-years-ago-terms-kept-private/?issueId=3MXGPV7JIFCSHHS6YCWC3BPPFM,published_after_cutoff,Unknown,SEC,96.2643678161,
alabama_a_m,Alabama A&M,2018-19,2018,8.0000000000,2018-08-01,2017.0000000000,,unknown,,undated,,no_direct_evidence,Unknown,Unknown,8.1896551724,
alabama_state,Alabama State,2018-19,2018,63.7142857143,2018-08-01,2017.0000000000,,unknown,,undated,,no_direct_evidence,Unknown,SWAC,55.7471264368,
albany,Albany,2018-19,2018,54.8571428571,2018-08-01,2017.0000000000,,unknown,,undated,,no_direct_evidence,Unknown,America East,67.2413793103,
alcorn_state,Alcorn State,2018-19,2018,21.4285714286,2018-08-01,2017.0000000000,,unknown,,undated,,no_direct_evidence,Unknown,Unknown,8.1896551724,
american,American,2018-19,2018,49.4285714286,2018-08-01,2017.0000000000,,unknown,,undated,,no_direct_evidence,Unknown,Patriot,41.0919540230,
appalachian_state,Appalachian State,2018-19,2018,43.1428571429,2018-08-01,2017.0000000000,,unknown,,undated,,no_direct_evidence,Unknown,Sun Belt,41.6666666667,
arizona,Arizona,2018-19,2018,88.5714285714,2018-08-01,2017.0000000000,,A,2015-08-13,date_in_source_url,https://arizonawildcats.com/news/2015/8/13/210266319,eligible_direct_preseason,Nike,Pac-12,85.6321839080,
arizona_state,Arizona State,2018-19,2018,94.8571428571,2018-08-01,2017.0000000000,,A,2014-12-16,date_in_source_url,https://thesundevils.com/news/2014/12/16/sun-devil-athletics-adidas-announce-8-year-partnership,eligible_direct_preseason,adidas,Pac-12,91.3793103448,
arkansas,Arkansas,2018-19,2018,93.7142857143,2018-08-01,2017.0000000000,,unknown,,undated,https://web.archive.org/web/20171001190209/http://www.arkansasrazorbacks.com/,continuity_excluded,Unknown,SEC,95.6896551724,
arkansas_little_rock,Arkansas Little Rock,2018-19,2018,34.1428571429,2018-08-01,2017.0000000000,,unknown,,undated,,no_direct_evidence,Unknown,Sun Belt,22.2701149425,
arkansas_pine_bluff,Arkansas Pine Bluff,2018-19,2018,8.0000000000,2018-08-01,2017.0000000000,,unknown,,undated,,no_direct_evidence,Unknown,Unknown,8.1896551724,
arkansas_state,Arkansas State,2018-19,2018,63.1428571429,2018-08-01,2017.0000000000,,unknown,,undated,,no_direct_evidence,Unknown,Sun Belt,54.5977011494,
army_west_point,Army West Point,2018-19,2018,78.8571428571,2018-08-01,2017.0000000000,,unknown,,undated,,no_direct_evidence,Unknown,Patriot,69.8275862069,
auburn,Auburn,2018-19,2018,89.7142857143,2018-08-01,2017.0000000000,,unknown,2025-07-24,date_in_source_url,https://auburntigers.com/news/2025/07/24/such-an-iconic-mark-how-auburn-equipment-managed-the-switch-to-nike,published_after_cutoff,Unknown,SEC,95.1149425287,
austin_peay_state,Austin Peay State,2018-19,2018,21.4285714286,2018-08-01,2017.0000000000,,unknown,,undated,,no_direct_evidence,Unknown,OVC,22.2701149425,
ball_state,Ball State,2018-19,2018,8.0000000000,2018-08-01,2017.0000000000,,unknown,,undated,,no_direct_evidence,Unknown,Unknown,8.1896551724,
baylor,Baylor,2018-19,2018,89.1428571429,2018-08-01,2017.0000000000,,unknown,2019-04-14,explicit_source_date,https://baylorbears.com/news/2019/4/15/baylor-athletics-unveils-united-a-unified-visual-identity-in-partnership-with-nike,published_after_cutoff,Unknown,Big 12,87.9310344828,
belmont,Belmont,2018-19,2018,47.2857142857,2018-08-01,2017.0000000000,,unknown,,undated,,no_direct_evidence,Unknown,OVC,22.2701149425,
bethune_cookman,Bethune-Cookman,2018-19,2018,53.7142857143,2018-08-01,2017.0000000000,,unknown,,undated,,no_direct_evidence,Unknown,MEAC,22.2701149425,
binghamton,Binghamton,2018-19,2018,27.0000000000,2018-08-01,2017.0000000000,,unknown,,undated,,no_direct_evidence,Unknown,America East,17.2413793103,
boise_state,Boise State,2018-19,2018,83.4285714286,2018-08-01,2017.0000000000,,unknown,,undated,,no_direct_evidence,Unknown,Mountain West,83.3333333333,
boston_college,Boston College,2018-19,2018,75.4285714286,2018-08-01,2017.0000000000,,A,2015-03-12,date_in_source_url,https://bceagles.com/news/2015/3/12/Under_Armour_BC_Extend_Long_Term_Partnership,eligible_direct_preseason,Under Armour,ACC,72.9885057471,
boston_university,Boston University,2018-19,2018,48.5714285714,2018-08-01,2017.0000000000,,unknown,,undated,,no_direct_evidence,Unknown,Patriot,62.0689655172,
bowling_green,Bowling Green,2018-19,2018,41.7142857143,2018-08-01,2017.0000000000,,unknown,,undated,,no_direct_evidence,Unknown,Unknown,8.1896551724,
bradley,Bradley,2018-19,2018,44.7142857143,2018-08-01,2017.0000000000,,unknown,,undated,,no_direct_evidence,Unknown,Missouri Valley,16.5229885057,
brown,Brown,2018-19,2018,66.5714285714,2018-08-01,2017.0000000000,,unknown,,undated,,no_direct_evidence,Unknown,Ivy League,56.8965517241,
bryant,Bryant,2018-19,2018,34.1428571429,2018-08-01,2017.0000000000,,unknown,,undated,,no_direct_evidence,Unknown,Northeast,22.2701149425,
bucknell,Bucknell,2018-19,2018,31.1428571429,2018-08-01,2017.0000000000,,unknown,,undated,,no_direct_evidence,Unknown,Patriot,42.9597701149,
buffalo,Buffalo,2018-19,2018,67.0000000000,2018-08-01,2017.0000000000,,unknown,,undated,,no_direct_evidence,Unknown,MAC,62.6436781609,
butler,Butler,2018-19,2018,8.0000000000,2018-08-01,2017.0000000000,,unknown,,undated,,no_direct_evidence,Unknown,Big East,62.6436781609,
byu,BYU,2018-19,2018,92.0000000000,2018-08-01,2017.0000000000,,unknown,2019-03-08,date_in_source_url,https://byucougars.com/news/2019/03/08/byu-announces-new-nike-partnership,published_after_cutoff,Unknown,WCC,87.3563218391,
cal_poly,Cal Poly,2018-19,2018,46.2857142857,2018-08-01,2017.0000000000,,unknown,,undated,,no_direct_evidence,Unknown,Big West,39.9425287356,
cal_state_bakersfield,Cal State Bakersfield,2018-19,2018,27.0000000000,2018-08-01,2017.0000000000,,unknown,,undated,,no_direct_evidence,Unknown,WAC,41.3793103448,
cal_state_fullerton,Cal State Fullerton,2018-19,2018,25.8571428571,2018-08-01,2017.0000000000,,unknown,,undated,,no_direct_evidence,Unknown,Big West,72.1264367816,
cal_state_northridge,Cal State Northridge,2018-19,2018,8.0000000000,2018-08-01,2017.0000000000,,unknown,,undated,,no_direct_evidence,Unknown,Big West,22.2701149425,
california,California,2018-19,2018,95.1428571429,2018-08-01,2017.0000000000,,A,2017-05-31,date_in_source_url,https://calbears.com/news/2017/5/31/athletics-news-cal-under-armour-launch-partnership.aspx,eligible_direct_preseason,Under Armour,Pac-12,94.5402298851,
california_baptist,California Baptist,2018-19,2018,8.0000000000,2018-08-01,,,unknown,,undated,,no_direct_evidence,Unknown,Unknown,,
campbell,Campbell,2018-19,2018,72.0000000000,2018-08-01,2017.0000000000,,unknown,,undated,,no_direct_evidence,Unknown,Big South,72.4137931034,
canisius,Canisius,2018-19,2018,8.0000000000,2018-08-01,2017.0000000000,,unknown,,undated,,no_direct_evidence,Unknown,MAAC,35.3448275862,
central_arkansas,Central Arkansas,2018-19,2018,34.1428571429,2018-08-01,2017.0000000000,,unknown,,undated,,no_direct_evidence,Unknown,Southland,57.1839080460,
central_connecticut_state,Central Connecticut State,2018-19,2018,41.2857142857,2018-08-01,2017.0000000000,,unknown,,undated,,no_direct_evidence,Unknown,Northeast,28.1609195402,
central_michigan,Central Michigan,2018-19,2018,69.5714285714,2018-08-01,2017.0000000000,,unknown,,undated,,no_direct_evidence,Unknown,MAC,67.5287356322,
charleston_southern,Charleston Southern,2018-19,2018,8.0000000000,2018-08-01,2017.0000000000,,unknown,,undated,,no_direct_evidence,Unknown,Unknown,8.1896551724,
charlotte,Charlotte,2018-19,2018,34.1428571429,2018-08-01,2017.0000000000,,unknown,,undated,,no_direct_evidence,Unknown,Unknown,8.1896551724,
chicago_state,Chicago State,2018-19,2018,8.0000000000,2018-08-01,2017.0000000000,,unknown,,undated,,no_direct_evidence,Unknown,Unknown,8.1896551724,
cincinnati,Cincinnati,2018-19,2018,74.0000000000,2018-08-01,2017.0000000000,,unknown,,undated,https://www.si.com/college/cincinnati/news/uc-officially-announces-nike-jordan-brand-deal-with-bsn-sports,undated_or_invalid,Unknown,American,70.4022988506,
citadel,Citadel,2018-19,2018,8.0000000000,2018-08-01,2017.0000000000,,unknown,,undated,,no_direct_evidence,Unknown,Unknown,8.1896551724,
clemson,Clemson,2018-19,2018,79.4285714286,2018-08-01,2017.0000000000,,unknown,2018-08-03,date_in_source_url,https://clemsontigers.com/news/2018/08/03/clemson-nike-agree-to-10-year-partnership-extension,published_after_cutoff,Unknown,ACC,85.3448275862,
cleveland_state,Cleveland State,2018-19,2018,21.4285714286,2018-08-01,2017.0000000000,,unknown,,undated,,no_direct_evidence,Unknown,Horizon League,39.2241379310,
coastal_carolina,Coastal Carolina,2018-19,2018,28.1428571429,2018-08-01,2017.0000000000,,unknown,,undated,,no_direct_evidence,Unknown,Sun Belt,66.5229885057,
colgate,Colgate,2018-19,2018,67.0000000000,2018-08-01,2017.0000000000,,unknown,,undated,,no_direct_evidence,Unknown,Patriot,66.0919540230,
college_of_charleston,College of Charleston,2018-19,2018,8.0000000000,2018-08-01,2017.0000000000,,unknown,,undated,,no_direct_evidence,Unknown,CAA,40.8045977011,
colorado,Colorado,2018-19,2018,86.0000000000,2018-08-01,2017.0000000000,,unknown,,undated,https://football.hkm.com/wp-content/uploads/2020/08/2020_02-28_DORRELL_Karl_Employment_Agreement_FINAL_FOR_REGENT_APPROVAL-FULLY-EXECUTED.pdf,undated_or_invalid,Unknown,Pac-12,89.6551724138,
colorado_state,Colorado State,2018-19,2018,75.0000000000,2018-08-01,2017.0000000000,,unknown,,undated,,no_direct_evidence,Unknown,Mountain West,78.1609195402,
columbia,Columbia,2018-19,2018,77.4285714286,2018-08-01,2017.0000000000,,unknown,,undated,,no_direct_evidence,Unknown,Ivy League,80.4597701149,
coppin_state,Coppin State,2018-19,2018,24.8571428571,2018-08-01,2017.0000000000,,unknown,,undated,,no_direct_evidence,Unknown,Unknown,8.1896551724,
cornell,Cornell,2018-19,2018,77.1428571429,2018-08-01,2017.0000000000,,unknown,,undated,,no_direct_evidence,Unknown,Ivy League,76.7241379310,
creighton,Creighton,2018-19,2018,55.5714285714,2018-08-01,2017.0000000000,,unknown,,undated,,no_direct_evidence,Unknown,Big East,60.4885057471,
dartmouth,Dartmouth,2018-19,2018,74.2857142857,2018-08-01,2017.0000000000,,unknown,,undated,,no_direct_evidence,Unknown,Ivy League,73.8505747126,
davidson,Davidson,2018-19,2018,8.0000000000,2018-08-01,2017.0000000000,,unknown,,undated,,no_direct_evidence,Unknown,Atlantic 10,28.1609195402,
dayton,Dayton,2018-19,2018,21.4285714286,2018-08-01,2017.0000000000,,unknown,,undated,,no_direct_evidence,Unknown,Atlantic 10,22.2701149425,
delaware,Delaware,2018-19,2018,21.4285714286,2018-08-01,2017.0000000000,,unknown,,undated,,no_direct_evidence,Unknown,CAA,38.6494252874,
delaware_state,Delaware State,2018-19,2018,8.0000000000,2018-08-01,2017.0000000000,,unknown,,undated,,no_direct_evidence,Unknown,Unknown,8.1896551724,
denver,Denver,2018-19,2018,85.4285714286,2018-08-01,2017.0000000000,,unknown,,undated,,no_direct_evidence,Unknown,Summit,86.7816091954,
depaul,DePaul,2018-19,2018,50.4285714286,2018-08-01,2017.0000000000,,unknown,,undated,,no_direct_evidence,Unknown,Big East,44.9712643678,
detroit,Detroit,2018-19,2018,30.8571428571,2018-08-01,2017.0000000000,,unknown,,undated,,no_direct_evidence,Unknown,Unknown,8.1896551724,
drake,Drake,2018-19,2018,50.4285714286,2018-08-01,2017.0000000000,,unknown,,undated,,no_direct_evidence,Unknown,Missouri Valley,55.7471264368,
drexel,Drexel,2018-19,2018,16.7142857143,2018-08-01,2017.0000000000,,unknown,,undated,,no_direct_evidence,Unknown,CAA,30.4597701149,
duke,Duke,2018-19,2018,97.7142857143,2018-08-01,2017.0000000000,,A,2015-10-15,date_in_source_url,https://goduke.com/news/2015/10/15/210424501,eligible_direct_preseason,Nike,ACC,97.1264367816,
duquesne,Duquesne,2018-19,2018,37.2857142857,2018-08-01,2017.0000000000,,unknown,,undated,,no_direct_evidence,Unknown,Unknown,8.1896551724,
east_carolina,East Carolina,2018-19,2018,58.0000000000,2018-08-01,2017.0000000000,,unknown,,undated,,no_direct_evidence,Unknown,American,31.3218390805,
east_tennessee_state,East Tennessee State,2018-19,2018,44.7142857143,2018-08-01,2017.0000000000,,unknown,,undated,,no_direct_evidence,Unknown,SoCon,35.3448275862,
eastern_illinois,Eastern Illinois,2018-19,2018,8.0000000000,2018-08-01,2017.0000000000,,unknown,,undated,,no_direct_evidence,Unknown,Unknown,8.1896551724,
eastern_kentucky,Eastern Kentucky,2018-19,2018,39.1428571429,2018-08-01,2017.0000000000,,unknown,,undated,,no_direct_evidence,Unknown,OVC,62.6436781609,
eastern_michigan,Eastern Michigan,2018-19,2018,52.4285714286,2018-08-01,2017.0000000000,,unknown,,undated,,no_direct_evidence,Unknown,MAC,70.9770114943,
eastern_washington,Eastern Washington,2018-19,2018,51.1428571429,2018-08-01,2017.0000000000,,unknown,,undated,,no_direct_evidence,Unknown,Big Sky,22.2701149425,
elon,Elon,2018-19,2018,34.1428571429,2018-08-01,2017.0000000000,,unknown,,undated,,no_direct_evidence,Unknown,CAA,35.3448275862,
evansville,Evansville,2018-19,2018,8.0000000000,2018-08-01,2017.0000000000,,unknown,,undated,,no_direct_evidence,Unknown,Unknown,8.1896551724,
fairfield,Fairfield,2018-19,2018,34.1428571429,2018-08-01,2017.0000000000,,unknown,,undated,,no_direct_evidence,Unknown,MAAC,55.7471264368,
fairleigh_dickinson,Fairleigh Dickinson,2018-19,2018,40.5714285714,2018-08-01,2017.0000000000,,unknown,,undated,,no_direct_evidence,Unknown,Northeast,30.1724137931,
florida,Florida,2018-19,2018,99.4285714286,2018-08-01,2017.0000000000,,unknown,,undated,https://www.onlygators.com/02/25/2015/florida-gators-extend-apparel-contract-with-nike/,undated_or_invalid,Unknown,SEC,99.4252873563,
florida_a_m,Florida A&M,2018-19,2018,21.4285714286,2018-08-01,2017.0000000000,,unknown,,undated,,no_direct_evidence,Unknown,Unknown,8.1896551724,
florida_atlantic,Florida Atlantic,2018-19,2018,28.1428571429,2018-08-01,2017.0000000000,,unknown,,undated,,no_direct_evidence,Unknown,Conference USA,52.4425287356,
florida_gulf_coast,Florida Gulf Coast,2018-19,2018,55.5714285714,2018-08-01,2017.0000000000,,unknown,,undated,,no_direct_evidence,Unknown,Atlantic Sun,44.9712643678,
florida_international,Florida International,2018-19,2018,47.2857142857,2018-08-01,2017.0000000000,,unknown,,undated,,no_direct_evidence,Unknown,Conference USA,66.5229885057,
florida_state,Florida State,2018-19,2018,98.2857142857,2018-08-01,2017.0000000000,,unknown,2024-01-15,date_in_source_url,https://seminoles.com/documents/download/2024/1/15/Florida_State_University_Department_of_Intercollegiate_Athletics_FY23.pdf,published_after_cutoff,Unknown,ACC,97.7011494253,
fordham,Fordham,2018-19,2018,44.7142857143,2018-08-01,2017.0000000000,,unknown,,undated,,no_direct_evidence,Unknown,Atlantic 10,54.3103448276,
fresno_state,Fresno State,2018-19,2018,71.1428571429,2018-08-01,2017.0000000000,,unknown,,undated,,no_direct_evidence,Unknown,Mountain West,46.8390804598,
furman,Furman,2018-19,2018,73.2857142857,2018-08-01,2017.0000000000,,unknown,,undated,,no_direct_evidence,Unknown,SoCon,79.3103448276,
gardner_webb,Gardner-Webb,2018-19,2018,21.4285714286,2018-08-01,2017.0000000000,,unknown,,undated,,no_direct_evidence,Unknown,Unknown,8.1896551724,
george_mason,George Mason,2018-19,2018,18.2857142857,2018-08-01,2017.0000000000,,unknown,,undated,,no_direct_evidence,Unknown,Atlantic 10,17.5287356322,
george_washington,George Washington,2018-19,2018,42.2857142857,2018-08-01,2017.0000000000,,unknown,,undated,,no_direct_evidence,Unknown,Atlantic 10,54.0229885057,
georgetown,Georgetown,2018-19,2018,80.2857142857,2018-08-01,2017.0000000000,,unknown,,undated,,no_direct_evidence,Unknown,Big East,73.5632183908,
georgia,Georgia,2018-19,2018,94.2857142857,2018-08-01,2017.0000000000,,A,2015-05-20,date_in_source_url,https://www.sportsbusinessjournal.com/Daily/Issues/2015/05/20/Marketing-and-Sponsorship/Georgia-Nike/,eligible_direct_preseason,Nike,SEC,97.9885057471,
georgia_southern,Georgia Southern,2018-19,2018,53.0000000000,2018-08-01,2017.0000000000,,unknown,,undated,,no_direct_evidence,Unknown,Unknown,8.1896551724,
georgia_state,Georgia State,2018-19,2018,34.1428571429,2018-08-01,2017.0000000000,,unknown,,undated,,no_direct_evidence,Unknown,Sun Belt,52.4425287356,
georgia_tech,Georgia Tech,2018-19,2018,81.4285714286,2018-08-01,2017.0000000000,,A,2017-08-22,date_in_source_url,https://ramblinwreck.com/news/2017/08/22/georgia-tech-joins-adidas-roster-of-collegiate-partnerships,eligible_direct_preseason,adidas,ACC,65.5172413793,
gonzaga,Gonzaga,2018-19,2018,69.1428571429,2018-08-01,2017.0000000000,,unknown,,undated,,no_direct_evidence,Unknown,WCC,67.8160919540,
grambling_state,Grambling State,2018-19,2018,8.0000000000,2018-08-01,2017.0000000000,,unknown,,undated,,no_direct_evidence,Unknown,SWAC,35.3448275862,
grand_canyon,Grand Canyon,2018-19,2018,52.4285714286,2018-08-01,2017.0000000000,,unknown,,undated,,no_direct_evidence,Unknown,WAC,30.7471264368,
hartford,Hartford,2018-19,2018,8.0000000000,2018-08-01,2017.0000000000,,unknown,,undated,,no_direct_evidence,Unknown,America East,22.2701149425,
harvard,Harvard,2018-19,2018,84.0000000000,2018-08-01,2017.0000000000,,unknown,,undated,,no_direct_evidence,Unknown,Ivy League,81.6091954023,
hawaii,Hawaii,2018-19,2018,80.8571428571,2018-08-01,2017.0000000000,,unknown,,undated,,no_direct_evidence,Unknown,Big West,71.5517241379,
high_point,High Point,2018-19,2018,44.7142857143,2018-08-01,2017.0000000000,,unknown,,undated,,no_direct_evidence,Unknown,Big South,44.9712643678,
hofstra,Hofstra,2018-19,2018,44.7142857143,2018-08-01,2017.0000000000,,unknown,,undated,,no_direct_evidence,Unknown,CAA,57.6149425287,
holy_cross,Holy Cross,2018-19,2018,8.0000000000,2018-08-01,2017.0000000000,,unknown,,undated,,no_direct_evidence,Unknown,Unknown,8.1896551724,
houston,Houston,2018-19,2018,83.1428571429,2018-08-01,2017.0000000000,,unknown,,undated,https://athleticdirectoru.com/articles/cash-is-king-in-intercollegiate-apparel-agreements/,continuity_excluded,Unknown,American,81.0344827586,
houston_christian,Houston Christian,2018-19,2018,17.4285714286,2018-08-01,2017.0000000000,,unknown,,undated,,no_direct_evidence,Unknown,Southland,17.8160919540,
howard,Howard,2018-19,2018,34.1428571429,2018-08-01,2017.0000000000,,unknown,,undated,,no_direct_evidence,Unknown,MEAC,22.2701149425,
idaho,Idaho,2018-19,2018,8.0000000000,2018-08-01,2017.0000000000,,unknown,,undated,,no_direct_evidence,Unknown,Big Sky,41.9540229885,
idaho_state,Idaho State,2018-19,2018,8.0000000000,2018-08-01,2017.0000000000,,unknown,,undated,,no_direct_evidence,Unknown,Unknown,8.1896551724,
illinois,Illinois,2018-19,2018,88.0000000000,2018-08-01,2017.0000000000,,A,2016-01-15,date_in_source_url,https://fightingillini.com/news/2016/1/15/GEN_0115160058,eligible_direct_preseason,Nike,Big Ten,89.9425287356,
illinois_chicago,Illinois Chicago,2018-19,2018,44.7142857143,2018-08-01,2017.0000000000,,unknown,,undated,,no_direct_evidence,Unknown,Horizon League,35.3448275862,
illinois_state,Illinois State,2018-19,2018,62.2857142857,2018-08-01,2017.0000000000,,unknown,,undated,,no_direct_evidence,Unknown,Unknown,8.1896551724,
incarnate_word,Incarnate Word,2018-19,2018,54.1428571429,2018-08-01,2017.0000000000,,unknown,,undated,,no_direct_evidence,Unknown,Southland,29.5977011494,
indiana,Indiana,2018-19,2018,91.1428571429,2018-08-01,2017.0000000000,,A,2015-08-18,date_in_source_url,https://iuhoosiers.com/news/2015/8/18/GEN_0818151235,eligible_direct_preseason,adidas,Big Ten,86.2068965517,
indiana_state,Indiana State,2018-19,2018,63.4285714286,2018-08-01,2017.0000000000,,unknown,,undated,,no_direct_evidence,Unknown,Unknown,8.1896551724,
iona,Iona,2018-19,2018,65.1428571429,2018-08-01,2017.0000000000,,unknown,,undated,,no_direct_evidence,Unknown,MAAC,51.7241379310,
iowa,Iowa,2018-19,2018,89.4285714286,2018-08-01,2017.0000000000,,unknown,,undated,https://athleticdirectoru.com/articles/cash-is-king-in-intercollegiate-apparel-agreements/,continuity_excluded,Unknown,Big Ten,84.7701149425,
iowa_state,Iowa State,2018-19,2018,85.1428571429,2018-08-01,2017.0000000000,,unknown,,undated,,no_direct_evidence,Unknown,Big 12,84.1954022989,
ipfw,IPFW,2018-19,2018,8.0000000000,2018-08-01,2017.0000000000,,unknown,,undated,,no_direct_evidence,Unknown,Unknown,8.1896551724,
iupui,IUPUI,2018-19,2018,24.5714285714,2018-08-01,2017.0000000000,,unknown,,undated,,no_direct_evidence,Unknown,Horizon League,28.1609195402,
jackson_state,Jackson State,2018-19,2018,8.0000000000,2018-08-01,2017.0000000000,,unknown,,undated,,no_direct_evidence,Unknown,Unknown,8.1896551724,
jacksonville,Jacksonville,2018-19,2018,21.4285714286,2018-08-01,2017.0000000000,,unknown,,undated,,no_direct_evidence,Unknown,Atlantic Sun,58.0459770115,
jacksonville_state,Jacksonville State,2018-19,2018,58.7142857143,2018-08-01,2017.0000000000,,unknown,,undated,,no_direct_evidence,Unknown,OVC,57.6149425287,
james_madison,James Madison,2018-19,2018,76.2857142857,2018-08-01,2017.0000000000,,unknown,,undated,,no_direct_evidence,Unknown,CAA,77.0114942529,
kansas,Kansas,2018-19,2018,82.2857142857,2018-08-01,2017.0000000000,,unknown,,undated,https://news.adidas.com/sports-performance/adidas-and-university-of-kansas-announce-an-extension-in-their-long-term-partnership/s/75f006e9-ed57-4ba1-b3fe-ddc1372145ff,undated_or_invalid,Unknown,Big 12,83.9080459770,
kansas_state,Kansas State,2018-19,2018,73.2857142857,2018-08-01,2017.0000000000,,unknown,,undated,https://www2.kusports.com/weblogs/tale-tait/2017/sep/28/kus-deal-with-adidas-is-companys-second/,undated_or_invalid,Unknown,Big 12,79.5977011494,
kennesaw_state,Kennesaw State,2018-19,2018,72.2857142857,2018-08-01,2017.0000000000,,unknown,,undated,,no_direct_evidence,Unknown,Atlantic Sun,64.3678160920,
kent_state,Kent State,2018-19,2018,53.0000000000,2018-08-01,2017.0000000000,,unknown,,undated,,no_direct_evidence,Unknown,MAC,78.7356321839,
kentucky,Kentucky,2018-19,2018,96.2857142857,2018-08-01,2017.0000000000,,A,2015-03-05,date_in_source_url,https://www.sportsbusinessjournal.com/Daily/Issues/2015/03/05/Marketing-and-Sponsorship/UK-Nike/,eligible_direct_preseason,Nike,SEC,95.4022988506,
la_salle,La Salle,2018-19,2018,8.0000000000,2018-08-01,2017.0000000000,,unknown,,undated,,no_direct_evidence,Unknown,Atlantic 10,22.2701149425,
lafayette,Lafayette,2018-19,2018,8.0000000000,2018-08-01,2017.0000000000,,unknown,,undated,,no_direct_evidence,Unknown,Unknown,8.1896551724,
lamar,Lamar,2018-19,2018,21.4285714286,2018-08-01,2017.0000000000,,unknown,,undated,,no_direct_evidence,Unknown,Southland,35.3448275862,
lehigh,Lehigh,2018-19,2018,40.8571428571,2018-08-01,2017.0000000000,,unknown,,undated,,no_direct_evidence,Unknown,Patriot,48.9942528736,
liberty,Liberty,2018-19,2018,73.7142857143,2018-08-01,2017.0000000000,,unknown,,undated,,no_direct_evidence,Unknown,Big South,64.0804597701,
lipscomb,Lipscomb,2018-19,2018,68.5714285714,2018-08-01,2017.0000000000,,unknown,,undated,,no_direct_evidence,Unknown,Atlantic Sun,35.3448275862,
liu_brooklyn,LIU Brooklyn,2018-19,2018,34.1428571429,2018-08-01,2017.0000000000,,unknown,,undated,,no_direct_evidence,Unknown,Northeast,46.5517241379,
long_beach_state,Long Beach State,2018-19,2018,74.5714285714,2018-08-01,2017.0000000000,,unknown,,undated,,no_direct_evidence,Unknown,Big West,65.2298850575,
longwood,Longwood,2018-19,2018,21.4285714286,2018-08-01,2017.0000000000,,unknown,,undated,,no_direct_evidence,Unknown,Unknown,8.1896551724,
louisiana,Louisiana,2018-19,2018,44.7142857143,2018-08-01,2017.0000000000,,unknown,,undated,,no_direct_evidence,Unknown,Sun Belt,35.3448275862,
louisiana_monroe,Louisiana Monroe,2018-19,2018,8.0000000000,2018-08-01,2017.0000000000,,unknown,,undated,,no_direct_evidence,Unknown,Sun Belt,31.6091954023,
louisiana_tech,Louisiana Tech,2018-19,2018,48.8571428571,2018-08-01,2017.0000000000,,unknown,,undated,,no_direct_evidence,Unknown,Conference USA,31.8965517241,
louisville,Louisville,2018-19,2018,90.2857142857,2018-08-01,2017.0000000000,,A,2017-08-25,date_in_source_url,https://gocards.com/news/2017/8/25/general-louisville-adidas-strike-landmark-10-year-partnership-through-2027-28,eligible_direct_preseason,adidas,ACC,91.6666666667,
loyola_chicago,Loyola Chicago,2018-19,2018,21.4285714286,2018-08-01,2017.0000000000,,unknown,,undated,,no_direct_evidence,Unknown,Missouri Valley,48.1321839080,
loyola_maryland,Loyola Maryland,2018-19,2018,60.5714285714,2018-08-01,2017.0000000000,,unknown,,undated,,no_direct_evidence,Unknown,Patriot,58.3333333333,
loyola_marymount,Loyola Marymount,2018-19,2018,55.5714285714,2018-08-01,2017.0000000000,,unknown,,undated,,no_direct_evidence,Unknown,Unknown,8.1896551724,
lsu,LSU,2018-19,2018,97.1428571429,2018-08-01,2017.0000000000,,unknown,,undated,https://about.nike.com/en/newsroom/releases/nike-lsu-partnership-extension,undated_or_invalid,Unknown,SEC,92.5287356322,
maine,Maine,2018-19,2018,58.7142857143,2018-08-01,2017.0000000000,,unknown,,undated,,no_direct_evidence,Unknown,America East,22.2701149425,
manhattan,Manhattan,2018-19,2018,8.0000000000,2018-08-01,2017.0000000000,,unknown,,undated,,no_direct_evidence,Unknown,Unknown,8.1896551724,
marist,Marist,2018-19,2018,38.1428571429,2018-08-01,2017.0000000000,,unknown,,undated,,no_direct_evidence,Unknown,Unknown,8.1896551724,
marquette,Marquette,2018-19,2018,70.0000000000,2018-08-01,2017.0000000000,,unknown,,undated,,no_direct_evidence,Unknown,Big East,55.7471264368,
marshall,Marshall,2018-19,2018,30.2857142857,2018-08-01,2017.0000000000,,unknown,,undated,,no_direct_evidence,Unknown,Conference USA,52.4425287356,
maryland,Maryland,2018-19,2018,88.8571428571,2018-08-01,2017.0000000000,,unknown,,undated,https://about.underarmour.com/en/stories/2024/06/university-of-maryland-and-under-armour-announce-12-year-extensi.html,undated_or_invalid,Unknown,Big Ten,85.0574712644,
maryland_eastern_shore,Maryland Eastern Shore,2018-19,2018,49.1428571429,2018-08-01,2017.0000000000,,unknown,,undated,,no_direct_evidence,Unknown,Unknown,8.1896551724,
massachusetts,Massachusetts,2018-19,2018,51.1428571429,2018-08-01,2017.0000000000,,unknown,,undated,,no_direct_evidence,Unknown,Atlantic 10,35.3448275862,
massachusetts_lowell,Massachusetts Lowell,2018-19,2018,8.0000000000,2018-08-01,2017.0000000000,,unknown,,undated,,no_direct_evidence,Unknown,Unknown,8.1896551724,
mcneese_state,McNeese State,2018-19,2018,26.2857142857,2018-08-01,2017.0000000000,,unknown,,undated,,no_direct_evidence,Unknown,Southland,53.4482758621,
memphis,Memphis,2018-19,2018,56.5714285714,2018-08-01,2017.0000000000,,unknown,,undated,,no_direct_evidence,Unknown,American,63.7931034483,
mercer,Mercer,2018-19,2018,44.7142857143,2018-08-01,2017.0000000000,,unknown,,undated,,no_direct_evidence,Unknown,SoCon,44.9712643678,
miami_fl,Miami (FL),2018-19,2018,83.7142857143,2018-08-01,2017.0000000000,,unknown,2021-02-15,date_in_source_url,https://miamihurricanes.com/news/2021/02/15/championship-colors,published_after_cutoff,Unknown,ACC,82.4712643678,
miami_oh,Miami (OH),2018-19,2018,48.1428571429,2018-08-01,2017.0000000000,,unknown,,undated,,no_direct_evidence,Unknown,MAC,59.1954022989,
michigan,Michigan,2018-19,2018,99.7142857143,2018-08-01,2017.0000000000,,unknown,,undated,https://finance.umich.edu/reports/2016/category/athletics/,undated_or_invalid,Unknown,Big Ten,98.5632183908,
michigan_state,Michigan State,2018-19,2018,86.8571428571,2018-08-01,2017.0000000000,,A,2015-07-20,date_in_source_url,https://www.sportsbusinessjournal.com/Daily/Issues/2015/07/20/Marketing-and-Sponsorship/MSU-Nike/,eligible_direct_preseason,Nike,Big Ten,85.9195402299,
middle_tennessee_state,Middle Tennessee State,2018-19,2018,61.5714285714,2018-08-01,2017.0000000000,,unknown,,undated,,no_direct_evidence,Unknown,Conference USA,73.2758620690,
minnesota,Minnesota,2018-19,2018,94.5714285714,2018-08-01,2017.0000000000,,unknown,,undated,https://athleticdirectoru.com/articles/cash-is-king-in-intercollegiate-apparel-agreements/,continuity_excluded,Unknown,Big Ten,94.8275862069,
mississippi_state,Mississippi State,2018-19,2018,87.7142857143,2018-08-01,2017.0000000000,,A,2014-04-16,date_in_source_url,https://hailstate.com/sports/2014/4/16/209467396,eligible_direct_preseason,adidas,SEC,88.2183908046,
missouri,Missouri,2018-19,2018,85.7142857143,2018-08-01,2017.0000000000,,unknown,,undated,https://athleticdirectoru.com/articles/cash-is-king-in-intercollegiate-apparel-agreements/,continuity_excluded,Unknown,SEC,90.8045977011,
missouri_state,Missouri State,2018-19,2018,54.1428571429,2018-08-01,2017.0000000000,,unknown,,undated,,no_direct_evidence,Unknown,Missouri Valley,59.4827586207,
monmouth,Monmouth,2018-19,2018,68.8571428571,2018-08-01,2017.0000000000,,unknown,,undated,,no_direct_evidence,Unknown,MAAC,55.7471264368,
montana,Montana,2018-19,2018,34.1428571429,2018-08-01,2017.0000000000,,unknown,,undated,,no_direct_evidence,Unknown,Big Sky,22.2701149425,
montana_state,Montana State,2018-19,2018,62.0000000000,2018-08-01,2017.0000000000,,unknown,,undated,,no_direct_evidence,Unknown,Big Sky,42.9597701149,
morehead_state,Morehead State,2018-19,2018,8.0000000000,2018-08-01,2017.0000000000,,unknown,,undated,,no_direct_evidence,Unknown,OVC,22.2701149425,
morgan_state,Morgan State,2018-19,2018,21.4285714286,2018-08-01,2017.0000000000,,unknown,,undated,,no_direct_evidence,Unknown,MEAC,22.2701149425,
mount_st_mary_s,Mount St. Mary's,2018-19,2018,8.0000000000,2018-08-01,2017.0000000000,,unknown,,undated,,no_direct_evidence,Unknown,Unknown,8.1896551724,
murray_state,Murray State,2018-19,2018,71.7142857143,2018-08-01,2017.0000000000,,unknown,,undated,,no_direct_evidence,Unknown,OVC,63.2183908046,
navy,Navy,2018-19,2018,79.7142857143,2018-08-01,2017.0000000000,,unknown,,undated,,no_direct_evidence,Unknown,Patriot,79.0229885057,
nebraska,Nebraska,2018-19,2018,86.5714285714,2018-08-01,2017.0000000000,,A,2017-08-11,date_in_source_url,https://huskers.com/news/2017/08/11/adidas-and-nebraska-renew-partnership-to-2028,eligible_direct_preseason,adidas,Big Ten,87.6436781609,
nebraska_omaha,Nebraska Omaha,2018-19,2018,31.4285714286,2018-08-01,2017.0000000000,,unknown,,undated,,no_direct_evidence,Unknown,Summit,28.1609195402,
nevada,Nevada,2018-19,2018,57.4285714286,2018-08-01,2017.0000000000,,unknown,,undated,,no_direct_evidence,Unknown,Mountain West,61.7816091954,
new_hampshire,New Hampshire,2018-19,2018,62.5714285714,2018-08-01,2017.0000000000,,unknown,,undated,,no_direct_evidence,Unknown,America East,79.8850574713,
new_mexico,New Mexico,2018-19,2018,80.0000000000,2018-08-01,2017.0000000000,,unknown,2023-10-12,date_in_source_url,https://golobos.com/news/2023/10/12/lobos-nike-announce-extension-through-2027,published_after_cutoff,Unknown,Mountain West,81.8965517241,
new_mexico_state,New Mexico State,2018-19,2018,60.2857142857,2018-08-01,2017.0000000000,,unknown,,undated,,no_direct_evidence,Unknown,WAC,64.6551724138,
new_orleans,New Orleans,2018-19,2018,8.0000000000,2018-08-01,2017.0000000000,,unknown,,undated,,no_direct_evidence,Unknown,Unknown,8.1896551724,
niagara,Niagara,2018-19,2018,8.0000000000,2018-08-01,2017.0000000000,,unknown,,undated,,no_direct_evidence,Unknown,Unknown,8.1896551724,
nicholls_state,Nicholls State,2018-19,2018,37.2857142857,2018-08-01,2017.0000000000,,unknown,,undated,,no_direct_evidence,Unknown,Southland,35.3448275862,
njit,NJIT,2018-19,2018,25.1428571429,2018-08-01,2017.0000000000,,unknown,,undated,,no_direct_evidence,Unknown,Atlantic Sun,31.0344827586,
norfolk_state,Norfolk State,2018-19,2018,28.5714285714,2018-08-01,2017.0000000000,,unknown,,undated,,no_direct_evidence,Unknown,MEAC,18.1034482759,
north_alabama,North Alabama,2018-19,2018,8.0000000000,2018-08-01,,,unknown,,undated,,no_direct_evidence,Unknown,Unknown,,
north_carolina,North Carolina,2018-19,2018,97.4285714286,2018-08-01,2017.0000000000,,unknown,2018-12-18,date_in_source_url,https://goheels.com/news/2018/12/18/general-carolina-announces-contract-extension-for-williams,published_after_cutoff,Unknown,ACC,96.5517241379,
north_carolina_a_t,North Carolina A&T,2018-19,2018,76.0000000000,2018-08-01,2017.0000000000,,unknown,,undated,,no_direct_evidence,Unknown,MEAC,71.8390804598,
north_carolina_asheville,North Carolina Asheville,2018-19,2018,8.0000000000,2018-08-01,2017.0000000000,,unknown,,undated,,no_direct_evidence,Unknown,Unknown,8.1896551724,
north_carolina_central,North Carolina Central,2018-19,2018,16.0000000000,2018-08-01,2017.0000000000,,unknown,,undated,,no_direct_evidence,Unknown,MEAC,16.5229885057,
north_carolina_greensboro,North Carolina Greensboro,2018-19,2018,27.4285714286,2018-08-01,2017.0000000000,,unknown,,undated,,no_direct_evidence,Unknown,SoCon,50.5747126437,
north_carolina_state,North Carolina State,2018-19,2018,92.8571428571,2018-08-01,2017.0000000000,,unknown,,undated,https://www.youtube.com/watch?v=KGYQAXrN5w4,undated_or_invalid,Unknown,ACC,95.9770114943,
north_carolina_wilmington,North Carolina Wilmington,2018-19,2018,39.5714285714,2018-08-01,2017.0000000000,,unknown,,undated,,no_direct_evidence,Unknown,CAA,64.9425287356,
north_dakota,North Dakota,2018-19,2018,16.7142857143,2018-08-01,2017.0000000000,,unknown,,undated,,no_direct_evidence,Unknown,Big Sky,22.2701149425,
north_dakota_state,North Dakota State,2018-19,2018,80.5714285714,2018-08-01,2017.0000000000,,unknown,,undated,,no_direct_evidence,Unknown,Summit,75.0000000000,
north_florida,North Florida,2018-19,2018,46.5714285714,2018-08-01,2017.0000000000,,unknown,,undated,,no_direct_evidence,Unknown,Atlantic Sun,53.4482758621,
north_texas,North Texas,2018-19,2018,47.2857142857,2018-08-01,2017.0000000000,,unknown,,undated,,no_direct_evidence,Unknown,Conference USA,35.3448275862,
northeastern,Northeastern,2018-19,2018,59.8571428571,2018-08-01,2017.0000000000,,unknown,,undated,,no_direct_evidence,Unknown,CAA,60.9195402299,
northern_arizona,Northern Arizona,2018-19,2018,76.5714285714,2018-08-01,2017.0000000000,,unknown,,undated,,no_direct_evidence,Unknown,Big Sky,80.1724137931,
northern_colorado,Northern Colorado,2018-19,2018,25.4285714286,2018-08-01,2017.0000000000,,unknown,,undated,,no_direct_evidence,Unknown,Big Sky,46.2643678161,
northern_illinois,Northern Illinois,2018-19,2018,29.1428571429,2018-08-01,2017.0000000000,,unknown,,undated,,no_direct_evidence,Unknown,MAC,47.2701149425,
northern_iowa,Northern Iowa,2018-19,2018,66.2857142857,2018-08-01,2017.0000000000,,unknown,,undated,,no_direct_evidence,Unknown,Missouri Valley,68.6781609195,
northern_kentucky,Northern Kentucky,2018-19,2018,21.4285714286,2018-08-01,2017.0000000000,,unknown,,undated,,no_direct_evidence,Unknown,Unknown,8.1896551724,
northwestern,Northwestern,2018-19,2018,87.2857142857,2018-08-01,2017.0000000000,,unknown,,undated,https://about.underarmour.com/en/stories/2025/03/under-armour-and-northwestern-university-announce-extension-of-p.html,undated_or_invalid,Unknown,Big Ten,90.5172413793,
northwestern_state,Northwestern State,2018-19,2018,52.0000000000,2018-08-01,2017.0000000000,,unknown,,undated,,no_direct_evidence,Unknown,Southland,32.3275862069,
notre_dame,Notre Dame,2018-19,2018,95.4285714286,2018-08-01,2017.0000000000,,unknown,,undated,https://about.underarmour.com/en/stories/2023/08/under-armour-and-notre-dame-march-on-together-.html,undated_or_invalid,Unknown,ACC,93.8218390805,
oakland,Oakland,2018-19,2018,8.0000000000,2018-08-01,2017.0000000000,,unknown,,undated,,no_direct_evidence,Unknown,Unknown,8.1896551724,
ohio,Ohio,2018-19,2018,42.0000000000,2018-08-01,2017.0000000000,,unknown,,undated,,no_direct_evidence,Unknown,MAC,52.4425287356,
ohio_state,Ohio State,2018-19,2018,96.8571428571,2018-08-01,2017.0000000000,,A,2016-01-14,date_in_source_url,https://ohiostatebuckeyes.com/news/2016/1/14/ohio-state-and-nike-sign-groundbreaking-college-partnership,eligible_direct_preseason,Nike,Big Ten,98.2758620690,
oklahoma,Oklahoma,2018-19,2018,90.8571428571,2018-08-01,2017.0000000000,,unknown,,undated,https://www.oudaily.com/sports/oklahoma-sports-ou-contract-with-nike-jordan-brand-worth-near-70-million/article_b59e45c0-911b-11e8-8d0b-43bb3d5f5abf.html,undated_or_invalid,Unknown,Big 12,93.1034482759,
oklahoma_state,Oklahoma State,2018-19,2018,92.2857142857,2018-08-01,2017.0000000000,,unknown,,undated,https://www2.kusports.com/weblogs/tale-tait/2017/sep/28/kus-deal-with-adidas-is-companys-second/,undated_or_invalid,Unknown,Big 12,91.0919540230,
old_dominion,Old Dominion,2018-19,2018,59.8571428571,2018-08-01,2017.0000000000,,unknown,,undated,,no_direct_evidence,Unknown,Conference USA,58.9080459770,
ole_miss,Ole Miss,2018-19,2018,84.2857142857,2018-08-01,2017.0000000000,,A,2015-08-31,date_in_source_url,https://olemisssports.com/news/2015/8/31/Ole_Miss_Makes_Major_Announcements,eligible_direct_preseason,Nike,SEC,89.3678160920,
oral_roberts,Oral Roberts,2018-19,2018,8.0000000000,2018-08-01,2017.0000000000,,unknown,,undated,,no_direct_evidence,Unknown,Summit,22.2701149425,
oregon,Oregon,2018-19,2018,92.5714285714,2018-08-01,2017.0000000000,,unknown,,undated,https://trustees.uoregon.edu/sites/default/files/minutes_-_full_bot_12.08.17.pdf,undated_or_invalid,Unknown,Pac-12,93.3908045977,
oregon_state,Oregon State,2018-19,2018,81.7142857143,2018-08-01,2017.0000000000,,unknown,,undated,,no_direct_evidence,Unknown,Pac-12,83.0459770115,
pacific,Pacific,2018-19,2018,59.2857142857,2018-08-01,2017.0000000000,,unknown,,undated,,no_direct_evidence,Unknown,WCC,68.1034482759,
penn_state,Penn State,2018-19,2018,96.5714285714,2018-08-01,2017.0000000000,,unknown,,undated,https://www.centredaily.com/sports/college/penn-state-university/article316333759.html,undated_or_invalid,Unknown,Big Ten,96.8390804598,
pennsylvania,Pennsylvania,2018-19,2018,82.0000000000,2018-08-01,2017.0000000000,,unknown,,undated,,no_direct_evidence,Unknown,Ivy League,70.6896551724,
pepperdine,Pepperdine,2018-19,2018,78.0000000000,2018-08-01,2017.0000000000,,unknown,,undated,,no_direct_evidence,Unknown,WCC,74.7126436782,
pittsburgh,Pittsburgh,2018-19,2018,61.1428571429,2018-08-01,2017.0000000000,,unknown,2023-07-06,date_in_source_url,https://pittsburghpanthers.com/news/2023/7/6/general-pitt-extends-partnership-with-nike-through-2026,published_after_cutoff,Unknown,ACC,68.3908045977,
portland,Portland,2018-19,2018,75.7142857143,2018-08-01,2017.0000000000,,unknown,,undated,,no_direct_evidence,Unknown,WCC,59.7701149425,
portland_state,Portland State,2018-19,2018,21.4285714286,2018-08-01,2017.0000000000,,unknown,,undated,,no_direct_evidence,Unknown,Unknown,8.1896551724,
prairie_view_a_m,Prairie View A&M,2018-19,2018,27.7142857143,2018-08-01,2017.0000000000,,unknown,,undated,,no_direct_evidence,Unknown,SWAC,28.1609195402,
presbyterian_college,Presbyterian College,2018-19,2018,8.0000000000,2018-08-01,2017.0000000000,,unknown,,undated,,no_direct_evidence,Unknown,Big South,22.2701149425,
princeton,Princeton,2018-19,2018,91.7142857143,2018-08-01,2017.0000000000,,unknown,,undated,,no_direct_evidence,Unknown,Ivy League,88.7931034483,
providence,Providence,2018-19,2018,62.8571428571,2018-08-01,2017.0000000000,,unknown,,undated,,no_direct_evidence,Unknown,Big East,69.2528735632,
purdue,Purdue,2018-19,2018,84.5714285714,2018-08-01,2017.0000000000,,unknown,,undated,https://athleticdirectoru.com/articles/cash-is-king-in-intercollegiate-apparel-agreements/,continuity_excluded,Unknown,Big Ten,89.0804597701,
quinnipiac,Quinnipiac,2018-19,2018,64.0000000000,2018-08-01,2017.0000000000,,unknown,,undated,,no_direct_evidence,Unknown,MAAC,44.9712643678,
radford,Radford,2018-19,2018,44.7142857143,2018-08-01,2017.0000000000,,unknown,,undated,,no_direct_evidence,Unknown,Big South,35.3448275862,
rhode_island,Rhode Island,2018-19,2018,50.0000000000,2018-08-01,2017.0000000000,,unknown,,undated,,no_direct_evidence,Unknown,Atlantic 10,47.2701149425,
rice,Rice,2018-19,2018,65.4285714286,2018-08-01,2017.0000000000,,unknown,,undated,,no_direct_evidence,Unknown,Conference USA,43.6781609195,
richmond,Richmond,2018-19,2018,34.1428571429,2018-08-01,2017.0000000000,,unknown,,undated,,no_direct_evidence,Unknown,Atlantic 10,39.2241379310,
rider,Rider,2018-19,2018,40.2857142857,2018-08-01,2017.0000000000,,unknown,,undated,,no_direct_evidence,Unknown,MAAC,27.1551724138,
robert_morris,Robert Morris,2018-19,2018,38.1428571429,2018-08-01,2017.0000000000,,unknown,,undated,,no_direct_evidence,Unknown,Northeast,22.2701149425,
rutgers,Rutgers,2018-19,2018,76.8571428571,2018-08-01,2017.0000000000,,A,2017-02-13,date_in_source_url,https://scarletknights.com/news/2017/2/13/Rutgers_Athletics_Announces_Partnership_with_adidas,eligible_direct_preseason,adidas,Big Ten,69.2528735632,
sacramento_state,Sacramento State,2018-19,2018,40.0000000000,2018-08-01,2017.0000000000,,unknown,,undated,,no_direct_evidence,Unknown,Big Sky,29.8850574713,
sacred_heart,Sacred Heart,2018-19,2018,39.5714285714,2018-08-01,2017.0000000000,,unknown,,undated,,no_direct_evidence,Unknown,Northeast,29.0229885057,
saint_francis_pa,Saint Francis (PA),2018-19,2018,38.5714285714,2018-08-01,2017.0000000000,,unknown,,undated,,no_direct_evidence,Unknown,Northeast,55.7471264368,
saint_joseph_s,Saint Joseph's,2018-19,2018,37.2857142857,2018-08-01,2017.0000000000,,unknown,,undated,,no_direct_evidence,Unknown,Atlantic 10,38.6494252874,
saint_louis,Saint Louis,2018-19,2018,34.1428571429,2018-08-01,2017.0000000000,,unknown,,undated,,no_direct_evidence,Unknown,Atlantic 10,22.2701149425,
saint_mary_s_ca,Saint Mary's (CA),2018-19,2018,64.2857142857,2018-08-01,2017.0000000000,,unknown,,undated,,no_direct_evidence,Unknown,WCC,16.9540229885,
saint_peter_s,Saint Peter's,2018-19,2018,8.0000000000,2018-08-01,2017.0000000000,,unknown,,undated,,no_direct_evidence,Unknown,Unknown,8.1896551724,
sam_houston_state,Sam Houston State,2018-19,2018,70.8571428571,2018-08-01,2017.0000000000,,unknown,,undated,,no_direct_evidence,Unknown,Southland,71.2643678161,
samford,Samford,2018-19,2018,42.5714285714,2018-08-01,2017.0000000000,,unknown,,undated,,no_direct_evidence,Unknown,SoCon,60.0574712644,
san_diego,San Diego,2018-19,2018,69.5714285714,2018-08-01,2017.0000000000,,unknown,,undated,,no_direct_evidence,Unknown,WCC,65.8045977011,
san_diego_state,San Diego State,2018-19,2018,70.2857142857,2018-08-01,2017.0000000000,,unknown,,undated,,no_direct_evidence,Unknown,Mountain West,76.4367816092,
san_francisco,San Francisco,2018-19,2018,8.0000000000,2018-08-01,2017.0000000000,,unknown,,undated,,no_direct_evidence,Unknown,WCC,70.1149425287,
san_jose_state,San Jose State,2018-19,2018,56.2857142857,2018-08-01,2017.0000000000,,unknown,,undated,,no_direct_evidence,Unknown,Unknown,8.1896551724,
santa_clara,Santa Clara,2018-19,2018,34.1428571429,2018-08-01,2017.0000000000,,unknown,,undated,,no_direct_evidence,Unknown,WCC,43.3908045977,
seattle,Seattle,2018-19,2018,41.2857142857,2018-08-01,2017.0000000000,,unknown,,undated,,no_direct_evidence,Unknown,WAC,44.9712643678,
seton_hall,Seton Hall,2018-19,2018,21.4285714286,2018-08-01,2017.0000000000,,unknown,,undated,,no_direct_evidence,Unknown,Big East,35.3448275862,
siena,Siena,2018-19,2018,8.0000000000,2018-08-01,2017.0000000000,,unknown,,undated,,no_direct_evidence,Unknown,Unknown,8.1896551724,
siu_edwardsville,SIU Edwardsville,2018-19,2018,16.7142857143,2018-08-01,2017.0000000000,,unknown,,undated,,no_direct_evidence,Unknown,Unknown,8.1896551724,
smu,SMU,2018-19,2018,54.5714285714,2018-08-01,2017.0000000000,,unknown,,undated,https://web.archive.org/web/20171001043446/http://smumustangs.com/,continuity_excluded,Unknown,American,63.5057471264,
south_alabama,South Alabama,2018-19,2018,49.7142857143,2018-08-01,2017.0000000000,,unknown,,undated,,no_direct_evidence,Unknown,Sun Belt,44.9712643678,
south_carolina,South Carolina,2018-19,2018,94.0000000000,2018-08-01,2017.0000000000,,unknown,,undated,https://www.sc.edu/uofsc/posts/2025/08/board-of-trustees-briefs-august-2025.php,undated_or_invalid,Unknown,SEC,92.8160919540,
south_carolina_state,South Carolina State,2018-19,2018,47.2857142857,2018-08-01,2017.0000000000,,unknown,,undated,,no_direct_evidence,Unknown,MEAC,48.5632183908,
south_carolina_upstate,South Carolina Upstate,2018-19,2018,8.0000000000,2018-08-01,2017.0000000000,,unknown,,undated,,no_direct_evidence,Unknown,Unknown,8.1896551724,
south_dakota,South Dakota,2018-19,2018,68.0000000000,2018-08-01,2017.0000000000,,unknown,,undated,,no_direct_evidence,Unknown,Summit,69.2528735632,
south_dakota_state,South Dakota State,2018-19,2018,68.0000000000,2018-08-01,2017.0000000000,,unknown,,undated,,no_direct_evidence,Unknown,Summit,72.7011494253,
south_florida,South Florida,2018-19,2018,72.8571428571,2018-08-01,2017.0000000000,,unknown,,undated,,no_direct_evidence,Unknown,American,75.8620689655,
southeast_missouri_state,Southeast Missouri State,2018-19,2018,51.7142857143,2018-08-01,2017.0000000000,,unknown,,undated,,no_direct_evidence,Unknown,Unknown,8.1896551724,
southeastern_louisiana,Southeastern Louisiana,2018-19,2018,8.0000000000,2018-08-01,2017.0000000000,,unknown,,undated,,no_direct_evidence,Unknown,Unknown,8.1896551724,
southern,Southern,2018-19,2018,34.1428571429,2018-08-01,2017.0000000000,,unknown,,undated,,no_direct_evidence,Unknown,Unknown,8.1896551724,
southern_illinois,Southern Illinois,2018-19,2018,38.8571428571,2018-08-01,2017.0000000000,,unknown,,undated,,no_direct_evidence,Unknown,Unknown,8.1896551724,
southern_mississippi,Southern Mississippi,2018-19,2018,65.7142857143,2018-08-01,2017.0000000000,,unknown,,undated,,no_direct_evidence,Unknown,Conference USA,58.6206896552,
southern_utah,Southern Utah,2018-19,2018,71.4285714286,2018-08-01,2017.0000000000,,unknown,,undated,,no_direct_evidence,Unknown,Big Sky,74.1379310345,
st_bonaventure,St. Bonaventure,2018-19,2018,8.0000000000,2018-08-01,2017.0000000000,,unknown,,undated,,no_direct_evidence,Unknown,Atlantic 10,22.2701149425,
st_francis_ny,St. Francis (NY),2018-19,2018,8.0000000000,2018-08-01,2017.0000000000,,unknown,,undated,,no_direct_evidence,Unknown,Northeast,22.2701149425,
st_john_s_ny,St. John's (NY),2018-19,2018,57.7142857143,2018-08-01,2017.0000000000,,unknown,,undated,,no_direct_evidence,Unknown,Big East,61.2068965517,
stanford,Stanford,2018-19,2018,100.0000000000,2018-08-01,2017.0000000000,,unknown,,undated,,no_direct_evidence,Unknown,Pac-12,100.0000000000,
stephen_f_austin,Stephen F. Austin,2018-19,2018,66.0000000000,2018-08-01,2017.0000000000,,unknown,,undated,,no_direct_evidence,Unknown,Southland,22.2701149425,
stetson,Stetson,2018-19,2018,29.1428571429,2018-08-01,2017.0000000000,,unknown,,undated,,no_direct_evidence,Unknown,Atlantic Sun,40.3735632184,
stony_brook,Stony Brook,2018-19,2018,64.8571428571,2018-08-01,2017.0000000000,,unknown,,undated,,no_direct_evidence,Unknown,America East,74.4252873563,
syracuse,Syracuse,2018-19,2018,84.8571428571,2018-08-01,2017.0000000000,,unknown,2019-06-14,explicit_source_date,https://cuse.com/news/2019/6/14/general-syracuse-and-nike-extend-partnership,published_after_cutoff,Unknown,ACC,87.0689655172,
tcu,TCU,2018-19,2018,88.2857142857,2018-08-01,2017.0000000000,,unknown,,undated,https://www2.kusports.com/weblogs/tale-tait/2017/sep/28/kus-deal-with-adidas-is-companys-second/,continuity_excluded,Unknown,Big 12,83.6206896552,
temple,Temple,2018-19,2018,56.8571428571,2018-08-01,2017.0000000000,,unknown,,undated,,no_direct_evidence,Unknown,American,50.2873563218,
tennessee,Tennessee,2018-19,2018,93.1428571429,2018-08-01,2017.0000000000,,A,2014-01-31,date_in_source_url,https://utsports.com/news/2014/1/31/UT_Announces_Partnership_With_NIKE,eligible_direct_preseason,Nike,SEC,90.2298850575,
tennessee_chattanooga,Tennessee Chattanooga,2018-19,2018,29.1428571429,2018-08-01,2017.0000000000,,unknown,,undated,,no_direct_evidence,Unknown,SoCon,26.4367816092,
tennessee_martin,Tennessee Martin,2018-19,2018,8.0000000000,2018-08-01,2017.0000000000,,unknown,,undated,,no_direct_evidence,Unknown,Unknown,8.1896551724,
tennessee_state,Tennessee State,2018-19,2018,8.0000000000,2018-08-01,2017.0000000000,,unknown,,undated,,no_direct_evidence,Unknown,Unknown,8.1896551724,
tennessee_tech,Tennessee Tech,2018-19,2018,21.4285714286,2018-08-01,2017.0000000000,,unknown,,undated,,no_direct_evidence,Unknown,OVC,49.8563218391,
texas,Texas,2018-19,2018,99.1428571429,2018-08-01,2017.0000000000,,unknown,,undated,https://www.utsystem.edu/sites/default/files/offices/board-of-regents/board-meetings/board-minutes/10-30-2015meeting1141.pdf,undated_or_invalid,Unknown,Big 12,98.8505747126,
texas_a_m,Texas A&M,2018-19,2018,96.0000000000,2018-08-01,2017.0000000000,,unknown,,undated,https://cdn.vox-cdn.com/uploads/chorus_asset/file/3974634/Adidas_FINAL__1_.0.pdf,undated_or_invalid,Unknown,SEC,97.4137931034,
texas_a_m_corpus_christi,Texas A&M Corpus Christi,2018-19,2018,21.4285714286,2018-08-01,2017.0000000000,,unknown,,undated,,no_direct_evidence,Unknown,Unknown,8.1896551724,
texas_arlington,Texas Arlington,2018-19,2018,8.0000000000,2018-08-01,2017.0000000000,,unknown,,undated,,no_direct_evidence,Unknown,Sun Belt,32.3275862069,
texas_southern,Texas Southern,2018-19,2018,8.0000000000,2018-08-01,2017.0000000000,,unknown,,undated,,no_direct_evidence,Unknown,SWAC,35.3448275862,
texas_state,Texas State,2018-19,2018,48.1428571429,2018-08-01,2017.0000000000,,unknown,,undated,,no_direct_evidence,Unknown,Sun Belt,49.4252873563,
texas_tech,Texas Tech,2018-19,2018,90.5714285714,2018-08-01,2017.0000000000,,A,2015-02-17,date_in_source_url,https://texastech.com/news/2015/2/17/Texas_Tech_Agrees_To_Six_Year_Extension_With_Under_Armour,eligible_direct_preseason,Under Armour,Big 12,88.5057471264,
toledo,Toledo,2018-19,2018,34.1428571429,2018-08-01,2017.0000000000,,unknown,,undated,,no_direct_evidence,Unknown,MAC,35.3448275862,
towson,Towson,2018-19,2018,60.8571428571,2018-08-01,2017.0000000000,,unknown,,undated,,no_direct_evidence,Unknown,CAA,53.4482758621,
troy,Troy,2018-19,2018,30.2857142857,2018-08-01,2017.0000000000,,unknown,,undated,,no_direct_evidence,Unknown,Sun Belt,47.7011494253,
tulane,Tulane,2018-19,2018,42.8571428571,2018-08-01,2017.0000000000,,unknown,,undated,,no_direct_evidence,Unknown,American,22.2701149425,
tulsa,Tulsa,2018-19,2018,53.4285714286,2018-08-01,2017.0000000000,,unknown,,undated,,no_direct_evidence,Unknown,American,61.4942528736,
uab,UAB,2018-19,2018,30.2857142857,2018-08-01,2017.0000000000,,unknown,,undated,,no_direct_evidence,Unknown,Conference USA,22.2701149425,
uc_davis,UC Davis,2018-19,2018,68.0000000000,2018-08-01,2017.0000000000,,unknown,,undated,,no_direct_evidence,Unknown,Big West,40.3735632184,
uc_irvine,UC Irvine,2018-19,2018,55.5714285714,2018-08-01,2017.0000000000,,unknown,,undated,,no_direct_evidence,Unknown,Big West,51.1494252874,
uc_riverside,UC Riverside,2018-19,2018,21.4285714286,2018-08-01,2017.0000000000,,unknown,,undated,,no_direct_evidence,Unknown,Unknown,8.1896551724,
uc_santa_barbara,UC Santa Barbara,2018-19,2018,64.5714285714,2018-08-01,2017.0000000000,,unknown,,undated,,no_direct_evidence,Unknown,Big West,22.2701149425,
ucf,UCF,2018-19,2018,82.5714285714,2018-08-01,2017.0000000000,,unknown,2023-10-31,date_in_source_url,https://ucfknights.com/news/2023/10/31/ucf-athletics-and-nike-extend-agreement-through-2029,published_after_cutoff,Unknown,American,75.5747126437,
ucla,UCLA,2018-19,2018,98.5714285714,2018-08-01,2017.0000000000,,A,2017-07-01,date_in_source_url,https://uclabruins.com/news/2017/07/1/ucla-under-armour-kick-off-partnership,eligible_direct_preseason,Under Armour,Pac-12,99.7126436782,
uconn,UConn,2018-19,2018,78.2857142857,2018-08-01,2017.0000000000,,unknown,,undated,,no_direct_evidence,Unknown,American,76.1494252874,
umbc,UMBC,2018-19,2018,34.1428571429,2018-08-01,2017.0000000000,,unknown,,undated,,no_direct_evidence,Unknown,America East,48.1321839080,
umkc,UMKC,2018-19,2018,16.7142857143,2018-08-01,2017.0000000000,,unknown,,undated,,no_direct_evidence,Unknown,WAC,29.3103448276,
unlv,UNLV,2018-19,2018,70.5714285714,2018-08-01,2017.0000000000,,unknown,,undated,,no_direct_evidence,Unknown,Mountain West,51.4367816092,
usc,USC,2018-19,2018,98.8571428571,2018-08-01,2017.0000000000,,unknown,2026-07-14,date_in_source_url,https://usctrojans.com/news/2026/7/14/usc-trojans-athletics-nike-jerseys-uniforms-gear-apparel-shoes-deal-extension-nil,published_after_cutoff,Unknown,Pac-12,99.1379310345,
utah,Utah,2018-19,2018,77.7142857143,2018-08-01,2017.0000000000,,A,2016-10-12,date_in_source_url,https://utahutes.com/news/2016/10/12/general-utah-athletics-and-under-armour-sign-extension,eligible_direct_preseason,Under Armour,Pac-12,82.7586206897,
utah_state,Utah State,2018-19,2018,59.2857142857,2018-08-01,2017.0000000000,,unknown,,undated,,no_direct_evidence,Unknown,Mountain West,77.8735632184,
utah_valley,Utah Valley,2018-19,2018,29.7142857143,2018-08-01,2017.0000000000,,unknown,,undated,,no_direct_evidence,Unknown,WAC,39.6551724138,
utep,UTEP,2018-19,2018,8.0000000000,2018-08-01,2017.0000000000,,unknown,,undated,,no_direct_evidence,Unknown,Conference USA,50.8620689655,
utrgv,UTRGV,2018-19,2018,8.0000000000,2018-08-01,2017.0000000000,,unknown,,undated,,no_direct_evidence,Unknown,Unknown,8.1896551724,
utsa,UTSA,2018-19,2018,17.8571428571,2018-08-01,2017.0000000000,,unknown,,undated,,no_direct_evidence,Unknown,Conference USA,26.7241379310,
valparaiso,Valparaiso,2018-19,2018,8.0000000000,2018-08-01,2017.0000000000,,unknown,,undated,,no_direct_evidence,Unknown,Unknown,8.1896551724,
vanderbilt,Vanderbilt,2018-19,2018,87.2857142857,2018-08-01,2017.0000000000,,A,2015-07-07,date_in_source_url,https://vucommodores.com/news/2015/07/07/vanderbilt-nike-expand-agreement,eligible_direct_preseason,Nike,SEC,84.4827586207,
vcu,VCU,2018-19,2018,51.1428571429,2018-08-01,2017.0000000000,,unknown,,undated,,no_direct_evidence,Unknown,Atlantic 10,60.4885057471,
vermont,Vermont,2018-19,2018,61.5714285714,2018-08-01,2017.0000000000,,unknown,,undated,,no_direct_evidence,Unknown,America East,44.9712643678,
villanova,Villanova,2018-19,2018,78.5714285714,2018-08-01,2017.0000000000,,unknown,,undated,,no_direct_evidence,Unknown,Big East,81.3218390805,
virginia,Virginia,2018-19,2018,98.0000000000,2018-08-01,2017.0000000000,,unknown,,undated,https://athleticdirectoru.com/articles/cash-is-king-in-intercollegiate-apparel-agreements/,continuity_excluded,Unknown,ACC,94.2528735632,
virginia_military_institute,Virginia Military Institute,2018-19,2018,8.0000000000,2018-08-01,2017.0000000000,,unknown,,undated,,no_direct_evidence,Unknown,Unknown,8.1896551724,
virginia_tech,Virginia Tech,2018-19,2018,86.2857142857,2018-08-01,2017.0000000000,,A,2016-05-25,date_in_source_url,https://techsideline.com/article/2016/05/25/virginia-techs-nike-deal,eligible_direct_preseason,Nike,ACC,92.2413793103,
wagner,Wagner,2018-19,2018,34.1428571429,2018-08-01,2017.0000000000,,unknown,,undated,,no_direct_evidence,Unknown,Northeast,48.9942528736,
wake_forest,Wake Forest,2018-19,2018,90.0000000000,2018-08-01,2017.0000000000,,unknown,,undated,,no_direct_evidence,Unknown,ACC,86.4942528736,
washington,Washington,2018-19,2018,93.4285714286,2018-08-01,2017.0000000000,,unknown,,undated,https://www.seattlepi.com/sports/uw_huskies_wsu_cougars/article/The-Three-Stripe-era-UW-athletics-announces-14064340.php,undated_or_invalid,Unknown,Pac-12,91.9540229885,
washington_state,Washington State,2018-19,2018,75.0000000000,2018-08-01,2017.0000000000,,unknown,,undated,,no_direct_evidence,Unknown,Pac-12,77.2988505747,
weber_state,Weber State,2018-19,2018,58.2857142857,2018-08-01,2017.0000000000,,unknown,,undated,,no_direct_evidence,Unknown,Big Sky,42.3850574713,
west_virginia,West Virginia,2018-19,2018,82.8571428571,2018-08-01,2017.0000000000,,unknown,,undated,https://www2.kusports.com/weblogs/tale-tait/2017/sep/28/kus-deal-with-adidas-is-companys-second/,undated_or_invalid,Unknown,Big 12,82.1839080460,
western_carolina,Western Carolina,2018-19,2018,8.0000000000,2018-08-01,2017.0000000000,,unknown,,undated,,no_direct_evidence,Unknown,Unknown,8.1896551724,
western_illinois,Western Illinois,2018-19,2018,8.0000000000,2018-08-01,2017.0000000000,,unknown,,undated,,no_direct_evidence,Unknown,Summit,22.2701149425,
western_kentucky,Western Kentucky,2018-19,2018,8.0000000000,2018-08-01,2017.0000000000,,unknown,,undated,,no_direct_evidence,Unknown,Conference USA,55.7471264368,
western_michigan,Western Michigan,2018-19,2018,34.1428571429,2018-08-01,2017.0000000000,,unknown,,undated,,no_direct_evidence,Unknown,MAC,49.8563218391,
wichita_state,Wichita State,2018-19,2018,26.5714285714,2018-08-01,2017.0000000000,,unknown,,undated,,no_direct_evidence,Unknown,American,75.2873563218,
william_mary,William & Mary,2018-19,2018,37.2857142857,2018-08-01,2017.0000000000,,unknown,,undated,,no_direct_evidence,Unknown,CAA,35.3448275862,
winthrop,Winthrop,2018-19,2018,21.4285714286,2018-08-01,2017.0000000000,,unknown,,undated,,no_direct_evidence,Unknown,Big South,35.3448275862,
wisconsin,Wisconsin,2018-19,2018,95.7142857143,2018-08-01,2017.0000000000,,A,2015-10-09,date_in_source_url,https://uwbadgers.com/news/2015/10/9/GEN_1012155509,eligible_direct_preseason,Under Armour,Big Ten,93.8218390805,
wisconsin_green_bay,Wisconsin Green Bay,2018-19,2018,21.4285714286,2018-08-01,2017.0000000000,,unknown,,undated,,no_direct_evidence,Unknown,Horizon League,22.2701149425,
wisconsin_milwaukee,Wisconsin Milwaukee,2018-19,2018,21.4285714286,2018-08-01,2017.0000000000,,unknown,,undated,,no_direct_evidence,Unknown,Unknown,8.1896551724,
wofford,Wofford,2018-19,2018,67.4285714286,2018-08-01,2017.0000000000,,unknown,,undated,,no_direct_evidence,Unknown,SoCon,42.3850574713,
wright_state,Wright State,2018-19,2018,25.8571428571,2018-08-01,2017.0000000000,,unknown,,undated,,no_direct_evidence,Unknown,Horizon League,35.3448275862,
wyoming,Wyoming,2018-19,2018,57.1428571429,2018-08-01,2017.0000000000,,unknown,,undated,,no_direct_evidence,Unknown,Mountain West,66.9540229885,
xavier,Xavier,2018-19,2018,17.8571428571,2018-08-01,2017.0000000000,,unknown,,undated,,no_direct_evidence,Unknown,Big East,35.3448275862,
yale,Yale,2018-19,2018,79.1428571429,2018-08-01,2017.0000000000,,unknown,2026-09-03,date_in_source_url,https://yalebulldogs.com/news/2026/9/3/general-yale-athletics-and-under-armour-extend-partnership-through-2036.aspx,published_after_cutoff,Unknown,Ivy League,77.5862068966,
youngstown_state,Youngstown State,2018-19,2018,8.0000000000,2018-08-01,2017.0000000000,,unknown,,undated,,no_direct_evidence,Unknown,Horizon League,38.2183908046,
abilene_christian,Abilene Christian,2020-21,2020,37.2881355932,2020-08-01,,2018.0000000000,unknown,,undated,,no_direct_evidence,Unknown,Unknown,,44.7142857143
air_force,Air Force,2020-21,2020,81.9209039548,2020-08-01,,2018.0000000000,unknown,,undated,,no_direct_evidence,Unknown,Unknown,,81.1428571429
akron,Akron,2020-21,2020,33.8983050847,2020-08-01,,2018.0000000000,unknown,,undated,,no_direct_evidence,Unknown,Unknown,,72.5714285714
alabama,Alabama,2020-21,2020,98.3050847458,2020-08-01,,2018.0000000000,unknown,2025-08-28,date_in_source_url,https://www.sportsbusinessjournal.com/Articles/2025/08/28/alabama-quietly-extended-nike-deal-a-few-years-ago-terms-kept-private/?issueId=3MXGPV7JIFCSHHS6YCWC3BPPFM,published_after_cutoff,Unknown,Unknown,,91.4285714286
alabama_a_m,Alabama A&M,2020-21,2020,24.4350282486,2020-08-01,,2018.0000000000,unknown,,undated,,no_direct_evidence,Unknown,Unknown,,8.0000000000
alabama_state,Alabama State,2020-21,2020,47.3163841808,2020-08-01,,2018.0000000000,unknown,,undated,,no_direct_evidence,Unknown,Unknown,,63.7142857143
albany,Albany,2020-21,2020,8.7570621469,2020-08-01,,2018.0000000000,unknown,,undated,,no_direct_evidence,Unknown,Unknown,,54.8571428571
alcorn_state,Alcorn State,2020-21,2020,8.7570621469,2020-08-01,,2018.0000000000,unknown,,undated,,no_direct_evidence,Unknown,Unknown,,21.4285714286
american,American,2020-21,2020,47.3163841808,2020-08-01,,2018.0000000000,unknown,,undated,,no_direct_evidence,Unknown,Unknown,,49.4285714286
appalachian_state,Appalachian State,2020-21,2020,52.4011299435,2020-08-01,,2018.0000000000,unknown,,undated,,no_direct_evidence,Unknown,Unknown,,43.1428571429
arizona,Arizona,2020-21,2020,92.6553672316,2020-08-01,,2018.0000000000,A,2015-08-13,date_in_source_url,https://arizonawildcats.com/news/2015/8/13/210266319,eligible_direct_preseason,Nike,Unknown,,88.5714285714
arizona_state,Arizona State,2020-21,2020,94.6327683616,2020-08-01,,2018.0000000000,A,2014-12-16,date_in_source_url,https://thesundevils.com/news/2014/12/16/sun-devil-athletics-adidas-announce-8-year-partnership,eligible_direct_preseason,adidas,Unknown,,94.8571428571
arkansas,Arkansas,2020-21,2020,98.0225988701,2020-08-01,,2018.0000000000,unknown,,undated,https://web.archive.org/web/20171001190209/http://www.arkansasrazorbacks.com/,continuity_excluded,Unknown,Unknown,,93.7142857143
arkansas_little_rock,Arkansas Little Rock,2020-21,2020,41.8079096045,2020-08-01,,2018.0000000000,unknown,,undated,,no_direct_evidence,Unknown,Unknown,,34.1428571429
arkansas_pine_bluff,Arkansas Pine Bluff,2020-21,2020,8.7570621469,2020-08-01,,2018.0000000000,unknown,,undated,,no_direct_evidence,Unknown,Unknown,,8.0000000000
arkansas_state,Arkansas State,2020-21,2020,66.5254237288,2020-08-01,,2018.0000000000,unknown,,undated,,no_direct_evidence,Unknown,Unknown,,63.1428571429
army_west_point,Army West Point,2020-21,2020,61.5819209040,2020-08-01,,2018.0000000000,unknown,,undated,,no_direct_evidence,Unknown,Unknown,,78.8571428571
auburn,Auburn,2020-21,2020,86.1581920904,2020-08-01,,2018.0000000000,unknown,2025-07-24,date_in_source_url,https://auburntigers.com/news/2025/07/24/such-an-iconic-mark-how-auburn-equipment-managed-the-switch-to-nike,published_after_cutoff,Unknown,Unknown,,89.7142857143
austin_peay_state,Austin Peay State,2020-21,2020,24.4350282486,2020-08-01,,2018.0000000000,unknown,,undated,,no_direct_evidence,Unknown,Unknown,,21.4285714286
ball_state,Ball State,2020-21,2020,49.5762711864,2020-08-01,,2018.0000000000,unknown,,undated,,no_direct_evidence,Unknown,Unknown,,8.0000000000
baylor,Baylor,2020-21,2020,92.0903954802,2020-08-01,,2018.0000000000,unknown,2019-04-15,date_in_source_url,https://baylorbears.com/news/2019/4/15/baylor-athletics-unveils-united-a-unified-visual-identity-in-partnership-with-nike,continuity_excluded,Unknown,Unknown,,89.1428571429
bellarmine,Bellarmine,2020-21,2020,8.7570621469,2020-08-01,,,unknown,,undated,,no_direct_evidence,Unknown,Unknown,,
belmont,Belmont,2020-21,2020,58.7570621469,2020-08-01,,2018.0000000000,unknown,,undated,,no_direct_evidence,Unknown,Unknown,,47.2857142857
bethune_cookman,Bethune-Cookman,2020-21,2020,8.7570621469,2020-08-01,,2018.0000000000,unknown,,undated,,no_direct_evidence,Unknown,Unknown,,53.7142857143
binghamton,Binghamton,2020-21,2020,34.7457627119,2020-08-01,,2018.0000000000,unknown,,undated,,no_direct_evidence,Unknown,Unknown,,27.0000000000
boise_state,Boise State,2020-21,2020,71.1864406780,2020-08-01,,2018.0000000000,unknown,,undated,,no_direct_evidence,Unknown,Unknown,,83.4285714286
boston_college,Boston College,2020-21,2020,79.3785310734,2020-08-01,,2018.0000000000,unknown,2021-04-13,explicit_source_date,https://bceagles.com/news/2021/4/13/boston-college-athletics-announces-10-year-agreement-with-new-balance,published_after_cutoff,Unknown,Unknown,,75.4285714286
boston_university,Boston University,2020-21,2020,47.3163841808,2020-08-01,,2018.0000000000,unknown,,undated,,no_direct_evidence,Unknown,Unknown,,48.5714285714
bowling_green,Bowling Green,2020-21,2020,47.3163841808,2020-08-01,,2018.0000000000,unknown,,undated,,no_direct_evidence,Unknown,Unknown,,41.7142857143
bradley,Bradley,2020-21,2020,24.4350282486,2020-08-01,,2018.0000000000,unknown,,undated,,no_direct_evidence,Unknown,Unknown,,44.7142857143
brown,Brown,2020-21,2020,44.0677966102,2020-08-01,,2018.0000000000,unknown,,undated,,no_direct_evidence,Unknown,Unknown,,66.5714285714
bryant,Bryant,2020-21,2020,24.4350282486,2020-08-01,,2018.0000000000,unknown,,undated,,no_direct_evidence,Unknown,Unknown,,34.1428571429
bucknell,Bucknell,2020-21,2020,72.8813559322,2020-08-01,,2018.0000000000,unknown,,undated,,no_direct_evidence,Unknown,Unknown,,31.1428571429
buffalo,Buffalo,2020-21,2020,55.2259887006,2020-08-01,,2018.0000000000,unknown,,undated,,no_direct_evidence,Unknown,Unknown,,67.0000000000
butler,Butler,2020-21,2020,39.9717514124,2020-08-01,,2018.0000000000,unknown,,undated,,no_direct_evidence,Unknown,Unknown,,8.0000000000
byu,BYU,2020-21,2020,95.4802259887,2020-08-01,,2018.0000000000,A,2019-03-08,date_in_source_url,https://byucougars.com/news/2019/03/08/byu-announces-new-nike-partnership,eligible_direct_preseason,Nike,Unknown,,92.0000000000
cal_poly,Cal Poly,2020-21,2020,61.5819209040,2020-08-01,,2018.0000000000,unknown,,undated,,no_direct_evidence,Unknown,Unknown,,46.2857142857
cal_state_bakersfield,Cal State Bakersfield,2020-21,2020,29.8022598870,2020-08-01,,2018.0000000000,unknown,,undated,,no_direct_evidence,Unknown,Unknown,,27.0000000000
cal_state_fullerton,Cal State Fullerton,2020-21,2020,8.7570621469,2020-08-01,,2018.0000000000,unknown,,undated,,no_direct_evidence,Unknown,Unknown,,25.8571428571
cal_state_northridge,Cal State Northridge,2020-21,2020,8.7570621469,2020-08-01,,2018.0000000000,unknown,,undated,,no_direct_evidence,Unknown,Unknown,,8.0000000000
california,California,2020-21,2020,88.8418079096,2020-08-01,,2018.0000000000,unknown,,undated,https://writeforcalifornia.com/p/cal-under-armour-nike-deal,undated_or_invalid,Unknown,Unknown,,95.1428571429
california_baptist,California Baptist,2020-21,2020,24.4350282486,2020-08-01,,2018.0000000000,unknown,,undated,,no_direct_evidence,Unknown,Unknown,,8.0000000000
campbell,Campbell,2020-21,2020,77.9661016949,2020-08-01,,2018.0000000000,unknown,,undated,,no_direct_evidence,Unknown,Unknown,,72.0000000000
canisius,Canisius,2020-21,2020,8.7570621469,2020-08-01,,2018.0000000000,unknown,,undated,,no_direct_evidence,Unknown,Unknown,,8.0000000000
central_arkansas,Central Arkansas,2020-21,2020,8.7570621469,2020-08-01,,2018.0000000000,unknown,,undated,,no_direct_evidence,Unknown,Unknown,,34.1428571429
central_connecticut_state,Central Connecticut State,2020-21,2020,37.2881355932,2020-08-01,,2018.0000000000,unknown,,undated,,no_direct_evidence,Unknown,Unknown,,41.2857142857
central_michigan,Central Michigan,2020-21,2020,74.0112994350,2020-08-01,,2018.0000000000,unknown,,undated,,no_direct_evidence,Unknown,Unknown,,69.5714285714
charleston_southern,Charleston Southern,2020-21,2020,24.4350282486,2020-08-01,,2018.0000000000,unknown,,undated,,no_direct_evidence,Unknown,Unknown,,8.0000000000
charlotte,Charlotte,2020-21,2020,72.5988700565,2020-08-01,,2018.0000000000,unknown,,undated,,no_direct_evidence,Unknown,Unknown,,34.1428571429
chicago_state,Chicago State,2020-21,2020,8.7570621469,2020-08-01,,2018.0000000000,unknown,,undated,,no_direct_evidence,Unknown,Unknown,,8.0000000000
cincinnati,Cincinnati,2020-21,2020,59.7457627119,2020-08-01,,2018.0000000000,unknown,,undated,https://www.si.com/college/cincinnati/news/uc-officially-announces-nike-jordan-brand-deal-with-bsn-sports,undated_or_invalid,Unknown,Unknown,,74.0000000000
citadel,Citadel,2020-21,2020,8.7570621469,2020-08-01,,2018.0000000000,unknown,,undated,,no_direct_evidence,Unknown,Unknown,,8.0000000000
clemson,Clemson,2020-21,2020,90.1129943503,2020-08-01,,2018.0000000000,A,2018-08-03,date_in_source_url,https://clemsontigers.com/news/2018/08/03/clemson-nike-agree-to-10-year-partnership-extension,eligible_direct_preseason,Nike,Unknown,,79.4285714286
cleveland_state,Cleveland State,2020-21,2020,63.2768361582,2020-08-01,,2018.0000000000,unknown,,undated,,no_direct_evidence,Unknown,Unknown,,21.4285714286
coastal_carolina,Coastal Carolina,2020-21,2020,70.6214689266,2020-08-01,,2018.0000000000,unknown,,undated,,no_direct_evidence,Unknown,Unknown,,28.1428571429
colgate,Colgate,2020-21,2020,37.2881355932,2020-08-01,,2018.0000000000,unknown,,undated,,no_direct_evidence,Unknown,Unknown,,67.0000000000
college_of_charleston,College of Charleston,2020-21,2020,29.3785310734,2020-08-01,,2018.0000000000,unknown,,undated,,no_direct_evidence,Unknown,Unknown,,8.0000000000
colorado,Colorado,2020-21,2020,85.5932203390,2020-08-01,,2018.0000000000,unknown,,undated,https://football.hkm.com/wp-content/uploads/2020/08/2020_02-28_DORRELL_Karl_Employment_Agreement_FINAL_FOR_REGENT_APPROVAL-FULLY-EXECUTED.pdf,undated_or_invalid,Unknown,Unknown,,86.0000000000
colorado_state,Colorado State,2020-21,2020,60.1694915254,2020-08-01,,2018.0000000000,unknown,,undated,,no_direct_evidence,Unknown,Unknown,,75.0000000000
columbia,Columbia,2020-21,2020,8.7570621469,2020-08-01,,2018.0000000000,unknown,,undated,,no_direct_evidence,Unknown,Unknown,,77.4285714286
coppin_state,Coppin State,2020-21,2020,8.7570621469,2020-08-01,,2018.0000000000,unknown,,undated,,no_direct_evidence,Unknown,Unknown,,24.8571428571
cornell,Cornell,2020-21,2020,17.9378531073,2020-08-01,,2018.0000000000,unknown,,undated,,no_direct_evidence,Unknown,Unknown,,77.1428571429
creighton,Creighton,2020-21,2020,54.3785310734,2020-08-01,,2018.0000000000,unknown,,undated,,no_direct_evidence,Unknown,Unknown,,55.5714285714
dartmouth,Dartmouth,2020-21,2020,8.7570621469,2020-08-01,,2018.0000000000,unknown,,undated,,no_direct_evidence,Unknown,Unknown,,74.2857142857
davidson,Davidson,2020-21,2020,31.6384180791,2020-08-01,,2018.0000000000,unknown,,undated,,no_direct_evidence,Unknown,Unknown,,8.0000000000
dayton,Dayton,2020-21,2020,37.2881355932,2020-08-01,,2018.0000000000,unknown,,undated,,no_direct_evidence,Unknown,Unknown,,21.4285714286
delaware,Delaware,2020-21,2020,62.2881355932,2020-08-01,,2018.0000000000,unknown,,undated,,no_direct_evidence,Unknown,Unknown,,21.4285714286
delaware_state,Delaware State,2020-21,2020,32.0621468927,2020-08-01,,2018.0000000000,unknown,,undated,,no_direct_evidence,Unknown,Unknown,,8.0000000000
denver,Denver,2020-21,2020,85.8757062147,2020-08-01,,2018.0000000000,unknown,2021-03-03,date_in_source_url,https://denverpioneers.com/news/2021/3/3/athletics-university-of-denver-joins-with-new-balance-and-bsn-sports,published_after_cutoff,Unknown,Unknown,,85.4285714286
depaul,DePaul,2020-21,2020,24.4350282486,2020-08-01,,2018.0000000000,unknown,,undated,,no_direct_evidence,Unknown,Unknown,,50.4285714286
detroit,Detroit,2020-21,2020,8.7570621469,2020-08-01,,2018.0000000000,unknown,,undated,,no_direct_evidence,Unknown,Unknown,,30.8571428571
drake,Drake,2020-21,2020,52.4011299435,2020-08-01,,2018.0000000000,unknown,,undated,,no_direct_evidence,Unknown,Unknown,,50.4285714286
drexel,Drexel,2020-21,2020,67.9378531073,2020-08-01,,2018.0000000000,unknown,,undated,,no_direct_evidence,Unknown,Unknown,,16.7142857143
duke,Duke,2020-21,2020,94.3502824859,2020-08-01,,2018.0000000000,A,2015-10-15,date_in_source_url,https://goduke.com/news/2015/10/15/210424501,eligible_direct_preseason,Nike,Unknown,,97.7142857143
duquesne,Duquesne,2020-21,2020,32.0621468927,2020-08-01,,2018.0000000000,unknown,,undated,,no_direct_evidence,Unknown,Unknown,,37.2857142857
east_carolina,East Carolina,2020-21,2020,56.0734463277,2020-08-01,,2018.0000000000,unknown,,undated,,no_direct_evidence,Unknown,Unknown,,58.0000000000
east_tennessee_state,East Tennessee State,2020-21,2020,49.5762711864,2020-08-01,,2018.0000000000,unknown,,undated,,no_direct_evidence,Unknown,Unknown,,44.7142857143
eastern_illinois,Eastern Illinois,2020-21,2020,8.7570621469,2020-08-01,,2018.0000000000,unknown,,undated,,no_direct_evidence,Unknown,Unknown,,8.0000000000
eastern_kentucky,Eastern Kentucky,2020-21,2020,37.2881355932,2020-08-01,,2018.0000000000,unknown,,undated,,no_direct_evidence,Unknown,Unknown,,39.1428571429
eastern_michigan,Eastern Michigan,2020-21,2020,41.2429378531,2020-08-01,,2018.0000000000,unknown,,undated,,no_direct_evidence,Unknown,Unknown,,52.4285714286
eastern_washington,Eastern Washington,2020-21,2020,37.2881355932,2020-08-01,,2018.0000000000,unknown,,undated,,no_direct_evidence,Unknown,Unknown,,51.1428571429
elon,Elon,2020-21,2020,24.4350282486,2020-08-01,,2018.0000000000,unknown,,undated,,no_direct_evidence,Unknown,Unknown,,34.1428571429
evansville,Evansville,2020-21,2020,19.4915254237,2020-08-01,,2018.0000000000,unknown,,undated,,no_direct_evidence,Unknown,Unknown,,8.0000000000
fairfield,Fairfield,2020-21,2020,47.3163841808,2020-08-01,,2018.0000000000,unknown,,undated,,no_direct_evidence,Unknown,Unknown,,34.1428571429
fairleigh_dickinson,Fairleigh Dickinson,2020-21,2020,51.6949152542,2020-08-01,,2018.0000000000,unknown,,undated,,no_direct_evidence,Unknown,Unknown,,40.5714285714
florida,Florida,2020-21,2020,98.8700564972,2020-08-01,,2018.0000000000,unknown,,undated,https://www.onlygators.com/02/25/2015/florida-gators-extend-apparel-contract-with-nike/,undated_or_invalid,Unknown,Unknown,,99.4285714286
florida_a_m,Florida A&M,2020-21,2020,17.5141242938,2020-08-01,,2018.0000000000,unknown,,undated,,no_direct_evidence,Unknown,Unknown,,21.4285714286
florida_atlantic,Florida Atlantic,2020-21,2020,24.4350282486,2020-08-01,,2018.0000000000,unknown,,undated,,no_direct_evidence,Unknown,Unknown,,28.1428571429
florida_gulf_coast,Florida Gulf Coast,2020-21,2020,55.2259887006,2020-08-01,,2018.0000000000,unknown,,undated,,no_direct_evidence,Unknown,Unknown,,55.5714285714
florida_international,Florida International,2020-21,2020,24.4350282486,2020-08-01,,2018.0000000000,unknown,,undated,,no_direct_evidence,Unknown,Unknown,,47.2857142857
florida_state,Florida State,2020-21,2020,95.7627118644,2020-08-01,,2018.0000000000,unknown,2024-01-15,date_in_source_url,https://seminoles.com/documents/download/2024/1/15/Florida_State_University_Department_of_Intercollegiate_Athletics_FY23.pdf,published_after_cutoff,Unknown,Unknown,,98.2857142857
fordham,Fordham,2020-21,2020,37.2881355932,2020-08-01,,2018.0000000000,unknown,,undated,,no_direct_evidence,Unknown,Unknown,,44.7142857143
fresno_state,Fresno State,2020-21,2020,73.3050847458,2020-08-01,,2018.0000000000,unknown,,undated,,no_direct_evidence,Unknown,Unknown,,71.1428571429
furman,Furman,2020-21,2020,63.8418079096,2020-08-01,,2018.0000000000,unknown,,undated,,no_direct_evidence,Unknown,Unknown,,73.2857142857
gardner_webb,Gardner-Webb,2020-21,2020,20.3389830508,2020-08-01,,2018.0000000000,unknown,,undated,,no_direct_evidence,Unknown,Unknown,,21.4285714286
george_mason,George Mason,2020-21,2020,8.7570621469,2020-08-01,,2018.0000000000,unknown,,undated,,no_direct_evidence,Unknown,Unknown,,18.2857142857
george_washington,George Washington,2020-21,2020,24.4350282486,2020-08-01,,2018.0000000000,unknown,,undated,,no_direct_evidence,Unknown,Unknown,,42.2857142857
georgetown,Georgetown,2020-21,2020,82.4858757062,2020-08-01,,2018.0000000000,unknown,,undated,,no_direct_evidence,Unknown,Unknown,,80.2857142857
georgia,Georgia,2020-21,2020,97.4576271186,2020-08-01,,2018.0000000000,A,2015-05-20,date_in_source_url,https://www.sportsbusinessjournal.com/Daily/Issues/2015/05/20/Marketing-and-Sponsorship/Georgia-Nike/,eligible_direct_preseason,Nike,Unknown,,94.2857142857
georgia_southern,Georgia Southern,2020-21,2020,57.6271186441,2020-08-01,,2018.0000000000,unknown,,undated,,no_direct_evidence,Unknown,Unknown,,53.0000000000
georgia_state,Georgia State,2020-21,2020,33.1920903955,2020-08-01,,2018.0000000000,unknown,,undated,,no_direct_evidence,Unknown,Unknown,,34.1428571429
georgia_tech,Georgia Tech,2020-21,2020,87.8531073446,2020-08-01,,2018.0000000000,A,2017-08-22,date_in_source_url,https://ramblinwreck.com/news/2017/08/22/georgia-tech-joins-adidas-roster-of-collegiate-partnerships,eligible_direct_preseason,adidas,Unknown,,81.4285714286
gonzaga,Gonzaga,2020-21,2020,76.8361581921,2020-08-01,,2018.0000000000,unknown,,undated,,no_direct_evidence,Unknown,Unknown,,69.1428571429
grambling_state,Grambling State,2020-21,2020,8.7570621469,2020-08-01,,2018.0000000000,unknown,,undated,,no_direct_evidence,Unknown,Unknown,,8.0000000000
grand_canyon,Grand Canyon,2020-21,2020,71.4689265537,2020-08-01,,2018.0000000000,unknown,,undated,,no_direct_evidence,Unknown,Unknown,,52.4285714286
hartford,Hartford,2020-21,2020,24.4350282486,2020-08-01,,2018.0000000000,unknown,,undated,,no_direct_evidence,Unknown,Unknown,,8.0000000000
harvard,Harvard,2020-21,2020,8.7570621469,2020-08-01,,2018.0000000000,unknown,,undated,,no_direct_evidence,Unknown,Unknown,,84.0000000000
hawaii,Hawaii,2020-21,2020,76.4124293785,2020-08-01,,2018.0000000000,unknown,,undated,,no_direct_evidence,Unknown,Unknown,,80.8571428571
high_point,High Point,2020-21,2020,78.5310734463,2020-08-01,,2018.0000000000,unknown,,undated,,no_direct_evidence,Unknown,Unknown,,44.7142857143
hofstra,Hofstra,2020-21,2020,49.1525423729,2020-08-01,,2018.0000000000,unknown,,undated,,no_direct_evidence,Unknown,Unknown,,44.7142857143
holy_cross,Holy Cross,2020-21,2020,24.4350282486,2020-08-01,,2018.0000000000,unknown,,undated,,no_direct_evidence,Unknown,Unknown,,8.0000000000
houston,Houston,2020-21,2020,78.8135593220,2020-08-01,,2018.0000000000,unknown,,undated,https://athleticdirectoru.com/articles/cash-is-king-in-intercollegiate-apparel-agreements/,continuity_excluded,Unknown,Unknown,,83.1428571429
houston_christian,Houston Christian,2020-21,2020,18.9265536723,2020-08-01,,2018.0000000000,unknown,,undated,,no_direct_evidence,Unknown,Unknown,,17.4285714286
howard,Howard,2020-21,2020,8.7570621469,2020-08-01,,2018.0000000000,unknown,,undated,,no_direct_evidence,Unknown,Unknown,,34.1428571429
idaho,Idaho,2020-21,2020,20.0564971751,2020-08-01,,2018.0000000000,unknown,,undated,,no_direct_evidence,Unknown,Unknown,,8.0000000000
idaho_state,Idaho State,2020-21,2020,24.4350282486,2020-08-01,,2018.0000000000,unknown,,undated,,no_direct_evidence,Unknown,Unknown,,8.0000000000
illinois,Illinois,2020-21,2020,87.0056497175,2020-08-01,,2018.0000000000,A,2016-01-15,date_in_source_url,https://fightingillini.com/news/2016/1/15/GEN_0115160058,eligible_direct_preseason,Nike,Unknown,,88.0000000000
illinois_chicago,Illinois Chicago,2020-21,2020,37.2881355932,2020-08-01,,2018.0000000000,unknown,,undated,,no_direct_evidence,Unknown,Unknown,,44.7142857143
illinois_state,Illinois State,2020-21,2020,34.1807909605,2020-08-01,,2018.0000000000,unknown,,undated,,no_direct_evidence,Unknown,Unknown,,62.2857142857
incarnate_word,Incarnate Word,2020-21,2020,34.4632768362,2020-08-01,,2018.0000000000,unknown,,undated,,no_direct_evidence,Unknown,Unknown,,54.1428571429
indiana,Indiana,2020-21,2020,90.6779661017,2020-08-01,,2018.0000000000,A,2015-08-18,date_in_source_url,https://iuhoosiers.com/news/2015/8/18/GEN_0818151235,eligible_direct_preseason,adidas,Unknown,,91.1428571429
indiana_state,Indiana State,2020-21,2020,30.9322033898,2020-08-01,,2018.0000000000,unknown,,undated,,no_direct_evidence,Unknown,Unknown,,63.4285714286
iona,Iona,2020-21,2020,54.8022598870,2020-08-01,,2018.0000000000,unknown,,undated,,no_direct_evidence,Unknown,Unknown,,65.1428571429
iowa,Iowa,2020-21,2020,91.8079096045,2020-08-01,,2018.0000000000,unknown,,undated,https://athleticdirectoru.com/articles/cash-is-king-in-intercollegiate-apparel-agreements/,continuity_excluded,Unknown,Unknown,,89.4285714286
iowa_state,Iowa State,2020-21,2020,89.5480225989,2020-08-01,,2018.0000000000,unknown,,undated,,no_direct_evidence,Unknown,Unknown,,85.1428571429
ipfw,IPFW,2020-21,2020,8.7570621469,2020-08-01,,2018.0000000000,unknown,,undated,,no_direct_evidence,Unknown,Unknown,,8.0000000000
iupui,IUPUI,2020-21,2020,8.7570621469,2020-08-01,,2018.0000000000,unknown,,undated,,no_direct_evidence,Unknown,Unknown,,24.5714285714
jackson_state,Jackson State,2020-21,2020,37.2881355932,2020-08-01,,2018.0000000000,unknown,,undated,,no_direct_evidence,Unknown,Unknown,,8.0000000000
jacksonville,Jacksonville,2020-21,2020,60.4519774011,2020-08-01,,2018.0000000000,unknown,,undated,,no_direct_evidence,Unknown,Unknown,,21.4285714286
jacksonville_state,Jacksonville State,2020-21,2020,43.6440677966,2020-08-01,,2018.0000000000,unknown,,undated,,no_direct_evidence,Unknown,Unknown,,58.7142857143
james_madison,James Madison,2020-21,2020,81.3559322034,2020-08-01,,2018.0000000000,unknown,,undated,,no_direct_evidence,Unknown,Unknown,,76.2857142857
kansas,Kansas,2020-21,2020,77.1186440678,2020-08-01,,2018.0000000000,unknown,,undated,https://news.adidas.com/sports-performance/adidas-and-university-of-kansas-announce-an-extension-in-their-long-term-partnership/s/75f006e9-ed57-4ba1-b3fe-ddc1372145ff,undated_or_invalid,Unknown,Unknown,,82.2857142857
kansas_state,Kansas State,2020-21,2020,61.0169491525,2020-08-01,,2018.0000000000,unknown,,undated,https://www2.kusports.com/weblogs/tale-tait/2017/sep/28/kus-deal-with-adidas-is-companys-second/,undated_or_invalid,Unknown,Unknown,,73.2857142857
kennesaw_state,Kennesaw State,2020-21,2020,52.8248587571,2020-08-01,,2018.0000000000,unknown,,undated,,no_direct_evidence,Unknown,Unknown,,72.2857142857
kent_state,Kent State,2020-21,2020,77.4011299435,2020-08-01,,2018.0000000000,unknown,,undated,,no_direct_evidence,Unknown,Unknown,,53.0000000000
kentucky,Kentucky,2020-21,2020,96.8926553672,2020-08-01,,2018.0000000000,A,2015-03-05,date_in_source_url,https://www.sportsbusinessjournal.com/Daily/Issues/2015/03/05/Marketing-and-Sponsorship/UK-Nike/,eligible_direct_preseason,Nike,Unknown,,96.2857142857
la_salle,La Salle,2020-21,2020,8.7570621469,2020-08-01,,2018.0000000000,unknown,,undated,,no_direct_evidence,Unknown,Unknown,,8.0000000000
lafayette,Lafayette,2020-21,2020,8.7570621469,2020-08-01,,2018.0000000000,unknown,,undated,,no_direct_evidence,Unknown,Unknown,,8.0000000000
lamar,Lamar,2020-21,2020,8.7570621469,2020-08-01,,2018.0000000000,unknown,,undated,,no_direct_evidence,Unknown,Unknown,,21.4285714286
lehigh,Lehigh,2020-21,2020,55.6497175141,2020-08-01,,2018.0000000000,unknown,,undated,,no_direct_evidence,Unknown,Unknown,,40.8571428571
liberty,Liberty,2020-21,2020,79.9435028249,2020-08-01,,2018.0000000000,unknown,,undated,,no_direct_evidence,Unknown,Unknown,,73.7142857143
lipscomb,Lipscomb,2020-21,2020,33.6158192090,2020-08-01,,2018.0000000000,unknown,,undated,,no_direct_evidence,Unknown,Unknown,,68.5714285714
liu_brooklyn,LIU Brooklyn,2020-21,2020,58.7570621469,2020-08-01,,2018.0000000000,unknown,,undated,,no_direct_evidence,Unknown,Unknown,,34.1428571429
long_beach_state,Long Beach State,2020-21,2020,39.9717514124,2020-08-01,,2018.0000000000,unknown,,undated,,no_direct_evidence,Unknown,Unknown,,74.5714285714
longwood,Longwood,2020-21,2020,8.7570621469,2020-08-01,,2018.0000000000,unknown,,undated,,no_direct_evidence,Unknown,Unknown,,21.4285714286
louisiana,Louisiana,2020-21,2020,62.7118644068,2020-08-01,,2018.0000000000,unknown,,undated,,no_direct_evidence,Unknown,Unknown,,44.7142857143
louisiana_monroe,Louisiana Monroe,2020-21,2020,8.7570621469,2020-08-01,,2018.0000000000,unknown,,undated,,no_direct_evidence,Unknown,Unknown,,8.0000000000
louisiana_tech,Louisiana Tech,2020-21,2020,58.7570621469,2020-08-01,,2018.0000000000,unknown,,undated,,no_direct_evidence,Unknown,Unknown,,48.8571428571
louisville,Louisville,2020-21,2020,88.8418079096,2020-08-01,,2018.0000000000,A,2017-08-25,date_in_source_url,https://gocards.com/news/2017/8/25/general-louisville-adidas-strike-landmark-10-year-partnership-through-2027-28,eligible_direct_preseason,adidas,Unknown,,90.2857142857
loyola_chicago,Loyola Chicago,2020-21,2020,56.4971751412,2020-08-01,,2018.0000000000,unknown,,undated,,no_direct_evidence,Unknown,Unknown,,21.4285714286
loyola_maryland,Loyola Maryland,2020-21,2020,65.8192090395,2020-08-01,,2018.0000000000,unknown,,undated,,no_direct_evidence,Unknown,Unknown,,60.5714285714
loyola_marymount,Loyola Marymount,2020-21,2020,60.7344632768,2020-08-01,,2018.0000000000,unknown,,undated,,no_direct_evidence,Unknown,Unknown,,55.5714285714
lsu,LSU,2020-21,2020,96.0451977401,2020-08-01,,2018.0000000000,unknown,,undated,https://about.nike.com/en/newsroom/releases/nike-lsu-partnership-extension,undated_or_invalid,Unknown,Unknown,,97.1428571429
maine,Maine,2020-21,2020,8.7570621469,2020-08-01,,2018.0000000000,unknown,,undated,,no_direct_evidence,Unknown,Unknown,,58.7142857143
manhattan,Manhattan,2020-21,2020,24.4350282486,2020-08-01,,2018.0000000000,unknown,,undated,,no_direct_evidence,Unknown,Unknown,,8.0000000000
marist,Marist,2020-21,2020,63.5593220339,2020-08-01,,2018.0000000000,unknown,,undated,,no_direct_evidence,Unknown,Unknown,,38.1428571429
marquette,Marquette,2020-21,2020,54.3785310734,2020-08-01,,2018.0000000000,unknown,,undated,,no_direct_evidence,Unknown,Unknown,,70.0000000000
marshall,Marshall,2020-21,2020,67.9378531073,2020-08-01,,2018.0000000000,unknown,,undated,,no_direct_evidence,Unknown,Unknown,,30.2857142857
maryland,Maryland,2020-21,2020,87.2881355932,2020-08-01,,2018.0000000000,unknown,,undated,https://about.underarmour.com/en/stories/2024/06/university-of-maryland-and-under-armour-announce-12-year-extensi.html,undated_or_invalid,Unknown,Unknown,,88.8571428571
maryland_eastern_shore,Maryland Eastern Shore,2020-21,2020,8.7570621469,2020-08-01,,2018.0000000000,unknown,,undated,,no_direct_evidence,Unknown,Unknown,,49.1428571429
massachusetts,Massachusetts,2020-21,2020,74.4350282486,2020-08-01,,2018.0000000000,unknown,,undated,,no_direct_evidence,Unknown,Unknown,,51.1428571429
massachusetts_lowell,Massachusetts Lowell,2020-21,2020,31.3559322034,2020-08-01,,2018.0000000000,unknown,,undated,,no_direct_evidence,Unknown,Unknown,,8.0000000000
mcneese_state,McNeese State,2020-21,2020,42.5141242938,2020-08-01,,2018.0000000000,unknown,,undated,,no_direct_evidence,Unknown,Unknown,,26.2857142857
memphis,Memphis,2020-21,2020,74.4350282486,2020-08-01,,2018.0000000000,unknown,,undated,,no_direct_evidence,Unknown,Unknown,,56.5714285714
mercer,Mercer,2020-21,2020,50.0000000000,2020-08-01,,2018.0000000000,unknown,,undated,,no_direct_evidence,Unknown,Unknown,,44.7142857143
merrimack,Merrimack,2020-21,2020,8.7570621469,2020-08-01,,,unknown,,undated,,no_direct_evidence,Unknown,Unknown,,
miami_fl,Miami (FL),2020-21,2020,82.7683615819,2020-08-01,,2018.0000000000,unknown,2021-02-15,date_in_source_url,https://miamihurricanes.com/news/2021/02/15/championship-colors,published_after_cutoff,Unknown,Unknown,,83.7142857143
miami_oh,Miami (OH),2020-21,2020,69.2090395480,2020-08-01,,2018.0000000000,unknown,,undated,,no_direct_evidence,Unknown,Unknown,,48.1428571429
michigan,Michigan,2020-21,2020,99.4350282486,2020-08-01,,2018.0000000000,unknown,,undated,https://finance.umich.edu/reports/2016/category/athletics/,undated_or_invalid,Unknown,Unknown,,99.7142857143
michigan_state,Michigan State,2020-21,2020,83.0508474576,2020-08-01,,2018.0000000000,A,2015-07-20,date_in_source_url,https://www.sportsbusinessjournal.com/Daily/Issues/2015/07/20/Marketing-and-Sponsorship/MSU-Nike/,eligible_direct_preseason,Nike,Unknown,,86.8571428571
middle_tennessee_state,Middle Tennessee State,2020-21,2020,57.9096045198,2020-08-01,,2018.0000000000,unknown,,undated,,no_direct_evidence,Unknown,Unknown,,61.5714285714
minnesota,Minnesota,2020-21,2020,92.3728813559,2020-08-01,,2018.0000000000,unknown,,undated,https://regents.umn.edu/sites/regents.umn.edu/files/2020-02/minutes-dec2019.pdf,undated_or_invalid,Unknown,Unknown,,94.5714285714
mississippi_state,Mississippi State,2020-21,2020,83.6158192090,2020-08-01,,2018.0000000000,A,2014-04-16,date_in_source_url,https://hailstate.com/sports/2014/4/16/209467396,eligible_direct_preseason,adidas,Unknown,,87.7142857143
missouri,Missouri,2020-21,2020,86.7231638418,2020-08-01,,2018.0000000000,unknown,,undated,https://athleticdirectoru.com/articles/cash-is-king-in-intercollegiate-apparel-agreements/,continuity_excluded,Unknown,Unknown,,85.7142857143
missouri_state,Missouri State,2020-21,2020,72.1751412429,2020-08-01,,2018.0000000000,unknown,,undated,,no_direct_evidence,Unknown,Unknown,,54.1428571429
monmouth,Monmouth,2020-21,2020,67.9378531073,2020-08-01,,2018.0000000000,unknown,,undated,,no_direct_evidence,Unknown,Unknown,,68.8571428571
montana,Montana,2020-21,2020,24.4350282486,2020-08-01,,2018.0000000000,unknown,,undated,,no_direct_evidence,Unknown,Unknown,,34.1428571429
montana_state,Montana State,2020-21,2020,57.3446327684,2020-08-01,,2018.0000000000,unknown,,undated,,no_direct_evidence,Unknown,Unknown,,62.0000000000
morehead_state,Morehead State,2020-21,2020,47.3163841808,2020-08-01,,2018.0000000000,unknown,,undated,,no_direct_evidence,Unknown,Unknown,,8.0000000000
morgan_state,Morgan State,2020-21,2020,24.4350282486,2020-08-01,,2018.0000000000,unknown,,undated,,no_direct_evidence,Unknown,Unknown,,21.4285714286
mount_st_mary_s,Mount St. Mary's,2020-21,2020,50.8474576271,2020-08-01,,2018.0000000000,unknown,,undated,,no_direct_evidence,Unknown,Unknown,,8.0000000000
murray_state,Murray State,2020-21,2020,8.7570621469,2020-08-01,,2018.0000000000,unknown,,undated,,no_direct_evidence,Unknown,Unknown,,71.7142857143
navy,Navy,2020-21,2020,75.9887005650,2020-08-01,,2018.0000000000,unknown,,undated,,no_direct_evidence,Unknown,Unknown,,79.7142857143
nebraska,Nebraska,2020-21,2020,90.3954802260,2020-08-01,,2018.0000000000,A,2017-08-11,date_in_source_url,https://huskers.com/news/2017/08/11/adidas-and-nebraska-renew-partnership-to-2028,eligible_direct_preseason,adidas,Unknown,,86.5714285714
nebraska_omaha,Nebraska Omaha,2020-21,2020,47.3163841808,2020-08-01,,2018.0000000000,unknown,,undated,,no_direct_evidence,Unknown,Unknown,,31.4285714286
nevada,Nevada,2020-21,2020,50.2824858757,2020-08-01,,2018.0000000000,unknown,,undated,,no_direct_evidence,Unknown,Unknown,,57.4285714286
new_hampshire,New Hampshire,2020-21,2020,53.8135593220,2020-08-01,,2018.0000000000,unknown,,undated,,no_direct_evidence,Unknown,Unknown,,62.5714285714
new_mexico,New Mexico,2020-21,2020,77.6836158192,2020-08-01,,2018.0000000000,unknown,2023-10-12,date_in_source_url,https://golobos.com/news/2023/10/12/lobos-nike-announce-extension-through-2027,published_after_cutoff,Unknown,Unknown,,80.0000000000
new_mexico_state,New Mexico State,2020-21,2020,32.7683615819,2020-08-01,,2018.0000000000,unknown,,undated,,no_direct_evidence,Unknown,Unknown,,60.2857142857
new_orleans,New Orleans,2020-21,2020,8.7570621469,2020-08-01,,2018.0000000000,unknown,,undated,,no_direct_evidence,Unknown,Unknown,,8.0000000000
niagara,Niagara,2020-21,2020,8.7570621469,2020-08-01,,2018.0000000000,unknown,,undated,,no_direct_evidence,Unknown,Unknown,,8.0000000000
nicholls_state,Nicholls State,2020-21,2020,8.7570621469,2020-08-01,,2018.0000000000,unknown,,undated,,no_direct_evidence,Unknown,Unknown,,37.2857142857
njit,NJIT,2020-21,2020,64.6892655367,2020-08-01,,2018.0000000000,unknown,,undated,,no_direct_evidence,Unknown,Unknown,,25.1428571429
norfolk_state,Norfolk State,2020-21,2020,56.0734463277,2020-08-01,,2018.0000000000,unknown,,undated,,no_direct_evidence,Unknown,Unknown,,28.5714285714
north_alabama,North Alabama,2020-21,2020,8.7570621469,2020-08-01,,2018.0000000000,unknown,,undated,,no_direct_evidence,Unknown,Unknown,,8.0000000000
north_carolina,North Carolina,2020-21,2020,99.1525423729,2020-08-01,,2018.0000000000,A,2018-12-18,date_in_source_url,https://goheels.com/news/2018/12/18/general-carolina-announces-contract-extension-for-williams,eligible_direct_preseason,Nike,Unknown,,97.4285714286
north_carolina_a_t,North Carolina A&T,2020-21,2020,85.3107344633,2020-08-01,,2018.0000000000,unknown,,undated,,no_direct_evidence,Unknown,Unknown,,76.0000000000
north_carolina_asheville,North Carolina Asheville,2020-21,2020,8.7570621469,2020-08-01,,2018.0000000000,unknown,,undated,,no_direct_evidence,Unknown,Unknown,,8.0000000000
north_carolina_central,North Carolina Central,2020-21,2020,8.7570621469,2020-08-01,,2018.0000000000,unknown,,undated,,no_direct_evidence,Unknown,Unknown,,16.0000000000
north_carolina_greensboro,North Carolina Greensboro,2020-21,2020,47.3163841808,2020-08-01,,2018.0000000000,unknown,,undated,,no_direct_evidence,Unknown,Unknown,,27.4285714286
north_carolina_state,North Carolina State,2020-21,2020,93.7853107345,2020-08-01,,2018.0000000000,unknown,,undated,https://www.youtube.com/watch?v=KGYQAXrN5w4,undated_or_invalid,Unknown,Unknown,,92.8571428571
north_carolina_wilmington,North Carolina Wilmington,2020-21,2020,40.3954802260,2020-08-01,,2018.0000000000,unknown,,undated,,no_direct_evidence,Unknown,Unknown,,39.5714285714
north_dakota,North Dakota,2020-21,2020,65.3954802260,2020-08-01,,2018.0000000000,unknown,,undated,,no_direct_evidence,Unknown,Unknown,,16.7142857143
north_dakota_state,North Dakota State,2020-21,2020,81.6384180791,2020-08-01,,2018.0000000000,unknown,,undated,,no_direct_evidence,Unknown,Unknown,,80.5714285714
north_florida,North Florida,2020-21,2020,66.5254237288,2020-08-01,,2018.0000000000,unknown,,undated,,no_direct_evidence,Unknown,Unknown,,46.5714285714
north_texas,North Texas,2020-21,2020,50.8474576271,2020-08-01,,2018.0000000000,unknown,,undated,,no_direct_evidence,Unknown,Unknown,,47.2857142857
northeastern,Northeastern,2020-21,2020,71.7514124294,2020-08-01,,2018.0000000000,unknown,,undated,,no_direct_evidence,Unknown,Unknown,,59.8571428571
northern_arizona,Northern Arizona,2020-21,2020,79.0960451977,2020-08-01,,2018.0000000000,unknown,,undated,,no_direct_evidence,Unknown,Unknown,,76.5714285714
northern_colorado,Northern Colorado,2020-21,2020,24.4350282486,2020-08-01,,2018.0000000000,unknown,,undated,,no_direct_evidence,Unknown,Unknown,,25.4285714286
northern_illinois,Northern Illinois,2020-21,2020,33.1920903955,2020-08-01,,2018.0000000000,unknown,,undated,,no_direct_evidence,Unknown,Unknown,,29.1428571429
northern_iowa,Northern Iowa,2020-21,2020,62.2881355932,2020-08-01,,2018.0000000000,unknown,,undated,,no_direct_evidence,Unknown,Unknown,,66.2857142857
northern_kentucky,Northern Kentucky,2020-21,2020,8.7570621469,2020-08-01,,2018.0000000000,unknown,,undated,,no_direct_evidence,Unknown,Unknown,,21.4285714286
northwestern,Northwestern,2020-21,2020,91.5254237288,2020-08-01,,2018.0000000000,unknown,,undated,https://about.underarmour.com/en/stories/2025/03/under-armour-and-northwestern-university-announce-extension-of-p.html,undated_or_invalid,Unknown,Unknown,,87.2857142857
northwestern_state,Northwestern State,2020-21,2020,8.7570621469,2020-08-01,,2018.0000000000,unknown,,undated,,no_direct_evidence,Unknown,Unknown,,52.0000000000
notre_dame,Notre Dame,2020-21,2020,96.3276836158,2020-08-01,,2018.0000000000,unknown,,undated,https://about.underarmour.com/en/stories/2023/08/under-armour-and-notre-dame-march-on-together-.html,undated_or_invalid,Unknown,Unknown,,95.4285714286
oakland,Oakland,2020-21,2020,30.5084745763,2020-08-01,,2018.0000000000,unknown,,undated,,no_direct_evidence,Unknown,Unknown,,8.0000000000
ohio,Ohio,2020-21,2020,44.3502824859,2020-08-01,,2018.0000000000,unknown,,undated,,no_direct_evidence,Unknown,Unknown,,42.0000000000
ohio_state,Ohio State,2020-21,2020,97.7401129944,2020-08-01,,2018.0000000000,A,2016-01-14,date_in_source_url,https://ohiostatebuckeyes.com/news/2016/1/14/ohio-state-and-nike-sign-groundbreaking-college-partnership,eligible_direct_preseason,Nike,Unknown,,96.8571428571
oklahoma,Oklahoma,2020-21,2020,93.5028248588,2020-08-01,,2018.0000000000,unknown,,undated,https://www.oudaily.com/sports/oklahoma-sports-ou-contract-with-nike-jordan-brand-worth-near-70-million/article_b59e45c0-911b-11e8-8d0b-43bb3d5f5abf.html,undated_or_invalid,Unknown,Unknown,,90.8571428571
oklahoma_state,Oklahoma State,2020-21,2020,95.1977401130,2020-08-01,,2018.0000000000,unknown,,undated,https://www2.kusports.com/weblogs/tale-tait/2017/sep/28/kus-deal-with-adidas-is-companys-second/,undated_or_invalid,Unknown,Unknown,,92.2857142857
old_dominion,Old Dominion,2020-21,2020,58.7570621469,2020-08-01,,2018.0000000000,unknown,,undated,,no_direct_evidence,Unknown,Unknown,,59.8571428571
ole_miss,Ole Miss,2020-21,2020,94.0677966102,2020-08-01,,2018.0000000000,A,2015-08-31,date_in_source_url,https://olemisssports.com/news/2015/8/31/Ole_Miss_Makes_Major_Announcements,eligible_direct_preseason,Nike,Unknown,,84.2857142857
oral_roberts,Oral Roberts,2020-21,2020,42.9378531073,2020-08-01,,2018.0000000000,unknown,,undated,,no_direct_evidence,Unknown,Unknown,,8.0000000000
oregon,Oregon,2020-21,2020,93.2203389831,2020-08-01,,2018.0000000000,unknown,,undated,https://trustees.uoregon.edu/sites/default/files/minutes_-_full_bot_12.08.17.pdf,undated_or_invalid,Unknown,Unknown,,92.5714285714
oregon_state,Oregon State,2020-21,2020,84.7457627119,2020-08-01,,2018.0000000000,unknown,,undated,,no_direct_evidence,Unknown,Unknown,,81.7142857143
pacific,Pacific,2020-21,2020,8.7570621469,2020-08-01,,2018.0000000000,unknown,,undated,,no_direct_evidence,Unknown,Unknown,,59.2857142857
penn_state,Penn State,2020-21,2020,89.2655367232,2020-08-01,,2018.0000000000,unknown,,undated,https://www.centredaily.com/sports/college/penn-state-university/article316333759.html,undated_or_invalid,Unknown,Unknown,,96.5714285714
pennsylvania,Pennsylvania,2020-21,2020,8.7570621469,2020-08-01,,2018.0000000000,unknown,,undated,,no_direct_evidence,Unknown,Unknown,,82.0000000000
pepperdine,Pepperdine,2020-21,2020,83.8983050847,2020-08-01,,2018.0000000000,unknown,,undated,,no_direct_evidence,Unknown,Unknown,,78.0000000000
pittsburgh,Pittsburgh,2020-21,2020,79.6610169492,2020-08-01,,2018.0000000000,unknown,2023-07-06,date_in_source_url,https://pittsburghpanthers.com/news/2023/7/6/general-pitt-extends-partnership-with-nike-through-2026,published_after_cutoff,Unknown,Unknown,,61.1428571429
portland,Portland,2020-21,2020,53.1073446328,2020-08-01,,2018.0000000000,unknown,,undated,,no_direct_evidence,Unknown,Unknown,,75.7142857143
portland_state,Portland State,2020-21,2020,8.7570621469,2020-08-01,,2018.0000000000,unknown,,undated,,no_direct_evidence,Unknown,Unknown,,21.4285714286
prairie_view_a_m,Prairie View A&M,2020-21,2020,28.8135593220,2020-08-01,,2018.0000000000,unknown,,undated,,no_direct_evidence,Unknown,Unknown,,27.7142857143
presbyterian_college,Presbyterian College,2020-21,2020,37.2881355932,2020-08-01,,2018.0000000000,unknown,,undated,,no_direct_evidence,Unknown,Unknown,,8.0000000000
princeton,Princeton,2020-21,2020,40.6779661017,2020-08-01,,2018.0000000000,unknown,,undated,,no_direct_evidence,Unknown,Unknown,,91.7142857143
providence,Providence,2020-21,2020,42.0903954802,2020-08-01,,2018.0000000000,unknown,,undated,,no_direct_evidence,Unknown,Unknown,,62.8571428571
purdue,Purdue,2020-21,2020,81.0734463277,2020-08-01,,2018.0000000000,unknown,,undated,https://athleticdirectoru.com/articles/cash-is-king-in-intercollegiate-apparel-agreements/,continuity_excluded,Unknown,Unknown,,84.5714285714
quinnipiac,Quinnipiac,2020-21,2020,28.8135593220,2020-08-01,,2018.0000000000,unknown,,undated,,no_direct_evidence,Unknown,Unknown,,64.0000000000
radford,Radford,2020-21,2020,8.7570621469,2020-08-01,,2018.0000000000,unknown,,undated,,no_direct_evidence,Unknown,Unknown,,44.7142857143
rhode_island,Rhode Island,2020-21,2020,29.8022598870,2020-08-01,,2018.0000000000,unknown,,undated,,no_direct_evidence,Unknown,Unknown,,50.0000000000
rice,Rice,2020-21,2020,75.4237288136,2020-08-01,,2018.0000000000,unknown,,undated,,no_direct_evidence,Unknown,Unknown,,65.4285714286
richmond,Richmond,2020-21,2020,17.9378531073,2020-08-01,,2018.0000000000,unknown,,undated,,no_direct_evidence,Unknown,Unknown,,34.1428571429
rider,Rider,2020-21,2020,68.9265536723,2020-08-01,,2018.0000000000,unknown,,undated,,no_direct_evidence,Unknown,Unknown,,40.2857142857
robert_morris,Robert Morris,2020-21,2020,37.2881355932,2020-08-01,,2018.0000000000,unknown,,undated,,no_direct_evidence,Unknown,Unknown,,38.1428571429
rutgers,Rutgers,2020-21,2020,83.3333333333,2020-08-01,,2018.0000000000,A,2017-02-13,date_in_source_url,https://scarletknights.com/news/2017/2/13/Rutgers_Athletics_Announces_Partnership_with_adidas,eligible_direct_preseason,adidas,Unknown,,76.8571428571
sacramento_state,Sacramento State,2020-21,2020,28.8135593220,2020-08-01,,2018.0000000000,unknown,,undated,,no_direct_evidence,Unknown,Unknown,,40.0000000000
sacred_heart,Sacred Heart,2020-21,2020,69.9152542373,2020-08-01,,2018.0000000000,unknown,,undated,,no_direct_evidence,Unknown,Unknown,,39.5714285714
saint_francis_pa,Saint Francis (PA),2020-21,2020,24.4350282486,2020-08-01,,2018.0000000000,unknown,,undated,,no_direct_evidence,Unknown,Unknown,,38.5714285714
saint_joseph_s,Saint Joseph's,2020-21,2020,8.7570621469,2020-08-01,,2018.0000000000,unknown,,undated,,no_direct_evidence,Unknown,Unknown,,37.2857142857
saint_louis,Saint Louis,2020-21,2020,37.2881355932,2020-08-01,,2018.0000000000,unknown,,undated,,no_direct_evidence,Unknown,Unknown,,34.1428571429
saint_mary_s_ca,Saint Mary's (CA),2020-21,2020,8.7570621469,2020-08-01,,2018.0000000000,unknown,,undated,,no_direct_evidence,Unknown,Unknown,,64.2857142857
saint_peter_s,Saint Peter's,2020-21,2020,8.7570621469,2020-08-01,,2018.0000000000,unknown,,undated,,no_direct_evidence,Unknown,Unknown,,8.0000000000
sam_houston_state,Sam Houston State,2020-21,2020,80.2259887006,2020-08-01,,2018.0000000000,unknown,,undated,,no_direct_evidence,Unknown,Unknown,,70.8571428571
samford,Samford,2020-21,2020,47.3163841808,2020-08-01,,2018.0000000000,unknown,,undated,,no_direct_evidence,Unknown,Unknown,,42.5714285714
san_diego,San Diego,2020-21,2020,66.1016949153,2020-08-01,,2018.0000000000,unknown,,undated,,no_direct_evidence,Unknown,Unknown,,69.5714285714
san_diego_state,San Diego State,2020-21,2020,70.3389830508,2020-08-01,,2018.0000000000,unknown,,undated,,no_direct_evidence,Unknown,Unknown,,70.2857142857
san_francisco,San Francisco,2020-21,2020,41.5254237288,2020-08-01,,2018.0000000000,unknown,,undated,,no_direct_evidence,Unknown,Unknown,,8.0000000000
san_jose_state,San Jose State,2020-21,2020,64.4067796610,2020-08-01,,2018.0000000000,unknown,,undated,,no_direct_evidence,Unknown,Unknown,,56.2857142857
santa_clara,Santa Clara,2020-21,2020,58.7570621469,2020-08-01,,2018.0000000000,unknown,,undated,,no_direct_evidence,Unknown,Unknown,,34.1428571429
seattle,Seattle,2020-21,2020,30.9322033898,2020-08-01,,2018.0000000000,unknown,,undated,,no_direct_evidence,Unknown,Unknown,,41.2857142857
seton_hall,Seton Hall,2020-21,2020,45.4802259887,2020-08-01,,2018.0000000000,unknown,,undated,,no_direct_evidence,Unknown,Unknown,,21.4285714286
siena,Siena,2020-21,2020,37.2881355932,2020-08-01,,2018.0000000000,unknown,,undated,,no_direct_evidence,Unknown,Unknown,,8.0000000000
siu_edwardsville,SIU Edwardsville,2020-21,2020,24.4350282486,2020-08-01,,2018.0000000000,unknown,,undated,,no_direct_evidence,Unknown,Unknown,,16.7142857143
smu,SMU,2020-21,2020,64.9717514124,2020-08-01,,2018.0000000000,unknown,,undated,https://web.archive.org/web/20171001043446/http://smumustangs.com/,continuity_excluded,Unknown,Unknown,,54.5714285714
south_alabama,South Alabama,2020-21,2020,73.3050847458,2020-08-01,,2018.0000000000,unknown,,undated,,no_direct_evidence,Unknown,Unknown,,49.7142857143
south_carolina,South Carolina,2020-21,2020,88.4180790960,2020-08-01,,2018.0000000000,unknown,,undated,https://www.sc.edu/uofsc/posts/2025/08/board-of-trustees-briefs-august-2025.php,undated_or_invalid,Unknown,Unknown,,94.0000000000
south_carolina_state,South Carolina State,2020-21,2020,37.2881355932,2020-08-01,,2018.0000000000,unknown,,undated,,no_direct_evidence,Unknown,Unknown,,47.2857142857
south_carolina_upstate,South Carolina Upstate,2020-21,2020,8.7570621469,2020-08-01,,2018.0000000000,unknown,,undated,,no_direct_evidence,Unknown,Unknown,,8.0000000000
south_dakota,South Dakota,2020-21,2020,69.9152542373,2020-08-01,,2018.0000000000,unknown,,undated,,no_direct_evidence,Unknown,Unknown,,68.0000000000
south_dakota_state,South Dakota State,2020-21,2020,75.7062146893,2020-08-01,,2018.0000000000,unknown,,undated,,no_direct_evidence,Unknown,Unknown,,68.0000000000
south_florida,South Florida,2020-21,2020,80.7909604520,2020-08-01,,2018.0000000000,unknown,,undated,,no_direct_evidence,Unknown,Unknown,,72.8571428571
southeast_missouri_state,Southeast Missouri State,2020-21,2020,24.4350282486,2020-08-01,,2018.0000000000,unknown,,undated,,no_direct_evidence,Unknown,Unknown,,51.7142857143
southeastern_louisiana,Southeastern Louisiana,2020-21,2020,45.0564971751,2020-08-01,,2018.0000000000,unknown,,undated,,no_direct_evidence,Unknown,Unknown,,8.0000000000
southern,Southern,2020-21,2020,24.4350282486,2020-08-01,,2018.0000000000,unknown,,undated,,no_direct_evidence,Unknown,Unknown,,34.1428571429
southern_illinois,Southern Illinois,2020-21,2020,62.9943502825,2020-08-01,,2018.0000000000,unknown,,undated,,no_direct_evidence,Unknown,Unknown,,38.8571428571
southern_mississippi,Southern Mississippi,2020-21,2020,51.4124293785,2020-08-01,,2018.0000000000,unknown,,undated,,no_direct_evidence,Unknown,Unknown,,65.7142857143
southern_utah,Southern Utah,2020-21,2020,64.1242937853,2020-08-01,,2018.0000000000,unknown,,undated,,no_direct_evidence,Unknown,Unknown,,71.4285714286
st_bonaventure,St. Bonaventure,2020-21,2020,24.4350282486,2020-08-01,,2018.0000000000,unknown,,undated,,no_direct_evidence,Unknown,Unknown,,8.0000000000
st_francis_ny,St. Francis (NY),2020-21,2020,37.2881355932,2020-08-01,,2018.0000000000,unknown,,undated,,no_direct_evidence,Unknown,Unknown,,8.0000000000
st_john_s_ny,St. John's (NY),2020-21,2020,47.3163841808,2020-08-01,,2018.0000000000,unknown,,undated,,no_direct_evidence,Unknown,Unknown,,57.7142857143
stanford,Stanford,2020-21,2020,99.7175141243,2020-08-01,,2018.0000000000,unknown,,undated,,no_direct_evidence,Unknown,Unknown,,100.0000000000
stephen_f_austin,Stephen F. Austin,2020-21,2020,67.2316384181,2020-08-01,,2018.0000000000,unknown,,undated,,no_direct_evidence,Unknown,Unknown,,66.0000000000
stetson,Stetson,2020-21,2020,8.7570621469,2020-08-01,,2018.0000000000,unknown,,undated,,no_direct_evidence,Unknown,Unknown,,29.1428571429
stony_brook,Stony Brook,2020-21,2020,65.3954802260,2020-08-01,,2018.0000000000,unknown,,undated,,no_direct_evidence,Unknown,Unknown,,64.8571428571
syracuse,Syracuse,2020-21,2020,82.2033898305,2020-08-01,,2018.0000000000,unknown,2019-06-14,date_in_source_url,https://cuse.com/news/2019/6/14/general-syracuse-and-nike-extend-partnership,continuity_excluded,Unknown,Unknown,,84.8571428571
tarleton_state,Tarleton State,2020-21,2020,8.7570621469,2020-08-01,,,unknown,,undated,,no_direct_evidence,Unknown,Unknown,,
tcu,TCU,2020-21,2020,87.5706214689,2020-08-01,,2018.0000000000,unknown,,undated,https://www2.kusports.com/weblogs/tale-tait/2017/sep/28/kus-deal-with-adidas-is-companys-second/,continuity_excluded,Unknown,Unknown,,88.2857142857
temple,Temple,2020-21,2020,61.5819209040,2020-08-01,,2018.0000000000,unknown,,undated,,no_direct_evidence,Unknown,Unknown,,56.8571428571
tennessee,Tennessee,2020-21,2020,92.9378531073,2020-08-01,,2018.0000000000,A,2014-01-31,date_in_source_url,https://utsports.com/news/2014/1/31/UT_Announces_Partnership_With_NIKE,eligible_direct_preseason,Nike,Unknown,,93.1428571429
tennessee_chattanooga,Tennessee Chattanooga,2020-21,2020,19.7740112994,2020-08-01,,2018.0000000000,unknown,,undated,,no_direct_evidence,Unknown,Unknown,,29.1428571429
tennessee_martin,Tennessee Martin,2020-21,2020,18.3615819209,2020-08-01,,2018.0000000000,unknown,,undated,,no_direct_evidence,Unknown,Unknown,,8.0000000000
tennessee_state,Tennessee State,2020-21,2020,8.7570621469,2020-08-01,,2018.0000000000,unknown,,undated,,no_direct_evidence,Unknown,Unknown,,8.0000000000
tennessee_tech,Tennessee Tech,2020-21,2020,8.7570621469,2020-08-01,,2018.0000000000,unknown,,undated,,no_direct_evidence,Unknown,Unknown,,21.4285714286
texas,Texas,2020-21,2020,100.0000000000,2020-08-01,,2018.0000000000,unknown,,undated,https://www.utsystem.edu/sites/default/files/offices/board-of-regents/board-meetings/board-minutes/10-30-2015meeting1141.pdf,undated_or_invalid,Unknown,Unknown,,99.1428571429
texas_a_m,Texas A&M,2020-21,2020,94.9152542373,2020-08-01,,2018.0000000000,unknown,,undated,https://cdn.vox-cdn.com/uploads/chorus_asset/file/3974634/Adidas_FINAL__1_.0.pdf,undated_or_invalid,Unknown,Unknown,,96.0000000000
texas_a_m_corpus_christi,Texas A&M Corpus Christi,2020-21,2020,57.0621468927,2020-08-01,,2018.0000000000,unknown,,undated,,no_direct_evidence,Unknown,Unknown,,21.4285714286
texas_arlington,Texas Arlington,2020-21,2020,18.9265536723,2020-08-01,,2018.0000000000,unknown,,undated,,no_direct_evidence,Unknown,Unknown,,8.0000000000
texas_southern,Texas Southern,2020-21,2020,24.4350282486,2020-08-01,,2018.0000000000,unknown,,undated,,no_direct_evidence,Unknown,Unknown,,8.0000000000
texas_state,Texas State,2020-21,2020,53.3898305085,2020-08-01,,2018.0000000000,unknown,,undated,,no_direct_evidence,Unknown,Unknown,,48.1428571429
texas_tech,Texas Tech,2020-21,2020,88.1355932203,2020-08-01,,2018.0000000000,unknown,2023-10-24,date_in_source_url,https://www.sportsbusinessjournal.com/Articles/2023/10/24/texas-tech-joining-adidas-leaving-under-armour-patrick-mahomes-instagram-post/,published_after_cutoff,Unknown,Unknown,,90.5714285714
toledo,Toledo,2020-21,2020,8.7570621469,2020-08-01,,2018.0000000000,unknown,,undated,,no_direct_evidence,Unknown,Unknown,,34.1428571429
towson,Towson,2020-21,2020,56.7796610169,2020-08-01,,2018.0000000000,unknown,,undated,,no_direct_evidence,Unknown,Unknown,,60.8571428571
troy,Troy,2020-21,2020,42.5141242938,2020-08-01,,2018.0000000000,unknown,,undated,,no_direct_evidence,Unknown,Unknown,,30.2857142857
tulane,Tulane,2020-21,2020,47.3163841808,2020-08-01,,2018.0000000000,unknown,,undated,,no_direct_evidence,Unknown,Unknown,,42.8571428571
tulsa,Tulsa,2020-21,2020,73.7288135593,2020-08-01,,2018.0000000000,unknown,,undated,,no_direct_evidence,Unknown,Unknown,,53.4285714286
uab,UAB,2020-21,2020,40.9604519774,2020-08-01,,2018.0000000000,unknown,,undated,,no_direct_evidence,Unknown,Unknown,,30.2857142857
uc_davis,UC Davis,2020-21,2020,24.4350282486,2020-08-01,,2018.0000000000,unknown,,undated,,no_direct_evidence,Unknown,Unknown,,68.0000000000
uc_irvine,UC Irvine,2020-21,2020,37.2881355932,2020-08-01,,2018.0000000000,unknown,,undated,,no_direct_evidence,Unknown,Unknown,,55.5714285714
uc_riverside,UC Riverside,2020-21,2020,8.7570621469,2020-08-01,,2018.0000000000,unknown,,undated,,no_direct_evidence,Unknown,Unknown,,21.4285714286
uc_san_diego,UC San Diego,2020-21,2020,44.6327683616,2020-08-01,,,unknown,,undated,,no_direct_evidence,Unknown,Unknown,,
uc_santa_barbara,UC Santa Barbara,2020-21,2020,75.1412429379,2020-08-01,,2018.0000000000,unknown,,undated,,no_direct_evidence,Unknown,Unknown,,64.5714285714
ucf,UCF,2020-21,2020,84.1807909605,2020-08-01,,2018.0000000000,unknown,2023-10-31,date_in_source_url,https://ucfknights.com/news/2023/10/31/ucf-athletics-and-nike-extend-agreement-through-2029,published_after_cutoff,Unknown,Unknown,,82.5714285714
ucla,UCLA,2020-21,2020,96.6101694915,2020-08-01,,2018.0000000000,unknown,,undated,https://www.latimes.com/sports/story/2020-10-08/ucla-seeking-new-apparel-partner-will-wear-under-armour-this-year,undated_or_invalid,Unknown,Unknown,,98.5714285714
uconn,UConn,2020-21,2020,78.2485875706,2020-08-01,,2018.0000000000,unknown,,undated,,no_direct_evidence,Unknown,Unknown,,78.2857142857
umbc,UMBC,2020-21,2020,37.2881355932,2020-08-01,,2018.0000000000,unknown,,undated,,no_direct_evidence,Unknown,Unknown,,34.1428571429
umkc,UMKC,2020-21,2020,8.7570621469,2020-08-01,,2018.0000000000,unknown,,undated,,no_direct_evidence,Unknown,Unknown,,16.7142857143
unlv,UNLV,2020-21,2020,43.2203389831,2020-08-01,,2018.0000000000,unknown,,undated,,no_direct_evidence,Unknown,Unknown,,70.5714285714
usc,USC,2020-21,2020,98.5875706215,2020-08-01,,2018.0000000000,unknown,2026-07-14,date_in_source_url,https://usctrojans.com/news/2026/7/14/usc-trojans-athletics-nike-jerseys-uniforms-gear-apparel-shoes-deal-extension-nil,published_after_cutoff,Unknown,Unknown,,98.8571428571
utah,Utah,2020-21,2020,80.5084745763,2020-08-01,,2018.0000000000,A,2016-10-12,date_in_source_url,https://utahutes.com/news/2016/10/12/general-utah-athletics-and-under-armour-sign-extension,eligible_direct_preseason,Under Armour,Unknown,,77.7142857143
utah_state,Utah State,2020-21,2020,69.4915254237,2020-08-01,,2018.0000000000,unknown,,undated,,no_direct_evidence,Unknown,Unknown,,59.2857142857
utah_valley,Utah Valley,2020-21,2020,72.1751412429,2020-08-01,,2018.0000000000,unknown,,undated,,no_direct_evidence,Unknown,Unknown,,29.7142857143
utep,UTEP,2020-21,2020,18.9265536723,2020-08-01,,2018.0000000000,unknown,,undated,,no_direct_evidence,Unknown,Unknown,,8.0000000000
utrgv,UTRGV,2020-21,2020,8.7570621469,2020-08-01,,2018.0000000000,unknown,,undated,,no_direct_evidence,Unknown,Unknown,,8.0000000000
utsa,UTSA,2020-21,2020,45.0564971751,2020-08-01,,2018.0000000000,unknown,,undated,,no_direct_evidence,Unknown,Unknown,,17.8571428571
valparaiso,Valparaiso,2020-21,2020,8.7570621469,2020-08-01,,2018.0000000000,unknown,,undated,,no_direct_evidence,Unknown,Unknown,,8.0000000000
vanderbilt,Vanderbilt,2020-21,2020,84.4632768362,2020-08-01,,2018.0000000000,A,2015-07-07,date_in_source_url,https://vucommodores.com/news/2015/07/07/vanderbilt-nike-expand-agreement,eligible_direct_preseason,Nike,Unknown,,87.2857142857
vcu,VCU,2020-21,2020,70.9039548023,2020-08-01,,2018.0000000000,unknown,,undated,,no_direct_evidence,Unknown,Unknown,,51.1428571429
vermont,Vermont,2020-21,2020,53.8135593220,2020-08-01,,2018.0000000000,unknown,,undated,,no_direct_evidence,Unknown,Unknown,,61.5714285714
villanova,Villanova,2020-21,2020,76.4124293785,2020-08-01,,2018.0000000000,unknown,,undated,,no_direct_evidence,Unknown,Unknown,,78.5714285714
virginia,Virginia,2020-21,2020,97.1751412429,2020-08-01,,2018.0000000000,unknown,,undated,https://athleticdirectoru.com/articles/cash-is-king-in-intercollegiate-apparel-agreements/,continuity_excluded,Unknown,Unknown,,98.0000000000
virginia_military_institute,Virginia Military Institute,2020-21,2020,24.4350282486,2020-08-01,,2018.0000000000,unknown,,undated,,no_direct_evidence,Unknown,Unknown,,8.0000000000
virginia_tech,Virginia Tech,2020-21,2020,91.2429378531,2020-08-01,,2018.0000000000,A,2016-05-25,date_in_source_url,https://techsideline.com/article/2016/05/25/virginia-techs-nike-deal,eligible_direct_preseason,Nike,Unknown,,86.2857142857
wagner,Wagner,2020-21,2020,8.7570621469,2020-08-01,,2018.0000000000,unknown,,undated,,no_direct_evidence,Unknown,Unknown,,34.1428571429
wake_forest,Wake Forest,2020-21,2020,85.0282485876,2020-08-01,,2018.0000000000,unknown,,undated,,no_direct_evidence,Unknown,Unknown,,90.0000000000
washington,Washington,2020-21,2020,90.9604519774,2020-08-01,,2018.0000000000,A,2018-04-10,date_in_source_url,https://gohuskies.com/news/2018/4/10/general-university-of-washington-agrees-to-terms-on-10-year-partnership-with-adidas,eligible_direct_preseason,adidas,Unknown,,93.4285714286
washington_state,Washington State,2020-21,2020,74.8587570621,2020-08-01,,2018.0000000000,unknown,,undated,,no_direct_evidence,Unknown,Unknown,,75.0000000000
weber_state,Weber State,2020-21,2020,51.9774011299,2020-08-01,,2018.0000000000,unknown,,undated,,no_direct_evidence,Unknown,Unknown,,58.2857142857
west_virginia,West Virginia,2020-21,2020,86.4406779661,2020-08-01,,2018.0000000000,unknown,,undated,https://www2.kusports.com/weblogs/tale-tait/2017/sep/28/kus-deal-with-adidas-is-companys-second/,undated_or_invalid,Unknown,Unknown,,82.8571428571
western_carolina,Western Carolina,2020-21,2020,8.7570621469,2020-08-01,,2018.0000000000,unknown,,undated,,no_direct_evidence,Unknown,Unknown,,8.0000000000
western_illinois,Western Illinois,2020-21,2020,24.4350282486,2020-08-01,,2018.0000000000,unknown,,undated,,no_direct_evidence,Unknown,Unknown,,8.0000000000
western_kentucky,Western Kentucky,2020-21,2020,68.6440677966,2020-08-01,,2018.0000000000,unknown,,undated,,no_direct_evidence,Unknown,Unknown,,8.0000000000
western_michigan,Western Michigan,2020-21,2020,43.6440677966,2020-08-01,,2018.0000000000,unknown,,undated,,no_direct_evidence,Unknown,Unknown,,34.1428571429
wichita_state,Wichita State,2020-21,2020,50.8474576271,2020-08-01,,2018.0000000000,unknown,,undated,,no_direct_evidence,Unknown,Unknown,,26.5714285714
william_mary,William & Mary,2020-21,2020,30.2259887006,2020-08-01,,2018.0000000000,unknown,,undated,,no_direct_evidence,Unknown,Unknown,,37.2857142857
winthrop,Winthrop,2020-21,2020,24.4350282486,2020-08-01,,2018.0000000000,unknown,,undated,,no_direct_evidence,Unknown,Unknown,,21.4285714286
wisconsin,Wisconsin,2020-21,2020,89.8305084746,2020-08-01,,2018.0000000000,A,2015-10-09,date_in_source_url,https://uwbadgers.com/news/2015/10/9/GEN_1012155509,eligible_direct_preseason,Under Armour,Unknown,,95.7142857143
wisconsin_green_bay,Wisconsin Green Bay,2020-21,2020,8.7570621469,2020-08-01,,2018.0000000000,unknown,,undated,,no_direct_evidence,Unknown,Unknown,,21.4285714286
wisconsin_milwaukee,Wisconsin Milwaukee,2020-21,2020,47.3163841808,2020-08-01,,2018.0000000000,unknown,,undated,,no_direct_evidence,Unknown,Unknown,,21.4285714286
wofford,Wofford,2020-21,2020,8.7570621469,2020-08-01,,2018.0000000000,unknown,,undated,,no_direct_evidence,Unknown,Unknown,,67.4285714286
wright_state,Wright State,2020-21,2020,67.9378531073,2020-08-01,,2018.0000000000,unknown,,undated,,no_direct_evidence,Unknown,Unknown,,25.8571428571
wyoming,Wyoming,2020-21,2020,66.9491525424,2020-08-01,,2018.0000000000,unknown,,undated,,no_direct_evidence,Unknown,Unknown,,57.1428571429
xavier,Xavier,2020-21,2020,32.4858757062,2020-08-01,,2018.0000000000,unknown,,undated,,no_direct_evidence,Unknown,Unknown,,17.8571428571
yale,Yale,2020-21,2020,8.7570621469,2020-08-01,,2018.0000000000,unknown,2026-09-03,date_in_source_url,https://yalebulldogs.com/news/2026/9/3/general-yale-athletics-and-under-armour-extend-partnership-through-2036.aspx,published_after_cutoff,Unknown,Unknown,,79.1428571429
youngstown_state,Youngstown State,2020-21,2020,59.7457627119,2020-08-01,,2018.0000000000,unknown,,undated,,no_direct_evidence,Unknown,Unknown,,8.0000000000
abilene_christian,Abilene Christian,2021-22,2021,46.4788732394,2021-08-01,2020.0000000000,,unknown,,undated,,no_direct_evidence,Unknown,Southland,37.2881355932,
air_force,Air Force,2021-22,2021,81.4084507042,2021-08-01,2020.0000000000,,unknown,,undated,,no_direct_evidence,Unknown,Mountain West,81.9209039548,
akron,Akron,2021-22,2021,33.5211267606,2021-08-01,2020.0000000000,,unknown,,undated,,no_direct_evidence,Unknown,MAC,33.8983050847,
alabama,Alabama,2021-22,2021,94.0845070423,2021-08-01,2020.0000000000,,unknown,2025-08-28,date_in_source_url,https://www.sportsbusinessjournal.com/Articles/2025/08/28/alabama-quietly-extended-nike-deal-a-few-years-ago-terms-kept-private/?issueId=3MXGPV7JIFCSHHS6YCWC3BPPFM,published_after_cutoff,Unknown,SEC,98.3050847458,
alabama_a_m,Alabama A&M,2021-22,2021,8.5915492958,2021-08-01,2020.0000000000,,unknown,,undated,,no_direct_evidence,Unknown,SWAC,24.4350282486,
alabama_state,Alabama State,2021-22,2021,44.2253521127,2021-08-01,2020.0000000000,,unknown,,undated,,no_direct_evidence,Unknown,SWAC,47.3163841808,
albany,Albany,2021-22,2021,21.8309859155,2021-08-01,2020.0000000000,,unknown,,undated,,no_direct_evidence,Unknown,Unknown,8.7570621469,
alcorn_state,Alcorn State,2021-22,2021,8.5915492958,2021-08-01,2020.0000000000,,unknown,,undated,,no_direct_evidence,Unknown,Unknown,8.7570621469,
american,American,2021-22,2021,45.6338028169,2021-08-01,2020.0000000000,,unknown,,undated,,no_direct_evidence,Unknown,Patriot,47.3163841808,
appalachian_state,Appalachian State,2021-22,2021,41.6901408451,2021-08-01,2020.0000000000,,unknown,,undated,,no_direct_evidence,Unknown,Sun Belt,52.4011299435,
arizona,Arizona,2021-22,2021,90.4225352113,2021-08-01,2020.0000000000,,A,2015-08-13,date_in_source_url,https://arizonawildcats.com/news/2015/8/13/210266319,eligible_direct_preseason,Nike,Pac-12,92.6553672316,
arizona_state,Arizona State,2021-22,2021,92.9577464789,2021-08-01,2020.0000000000,,A,2014-12-16,date_in_source_url,https://thesundevils.com/news/2014/12/16/sun-devil-athletics-adidas-announce-8-year-partnership,eligible_direct_preseason,adidas,Pac-12,94.6327683616,
arkansas,Arkansas,2021-22,2021,98.3098591549,2021-08-01,2020.0000000000,,unknown,,undated,https://web.archive.org/web/20171001190209/http://www.arkansasrazorbacks.com/,continuity_excluded,Unknown,SEC,98.0225988701,
arkansas_little_rock,Arkansas Little Rock,2021-22,2021,29.2957746479,2021-08-01,2020.0000000000,,unknown,,undated,,no_direct_evidence,Unknown,Sun Belt,41.8079096045,
arkansas_pine_bluff,Arkansas Pine Bluff,2021-22,2021,8.5915492958,2021-08-01,2020.0000000000,,unknown,,undated,,no_direct_evidence,Unknown,Unknown,8.7570621469,
arkansas_state,Arkansas State,2021-22,2021,49.5774647887,2021-08-01,2020.0000000000,,unknown,,undated,,no_direct_evidence,Unknown,Sun Belt,66.5254237288,
army_west_point,Army West Point,2021-22,2021,69.0140845070,2021-08-01,2020.0000000000,,unknown,,undated,,no_direct_evidence,Unknown,Patriot,61.5819209040,
auburn,Auburn,2021-22,2021,91.2676056338,2021-08-01,2020.0000000000,,unknown,2025-07-24,date_in_source_url,https://auburntigers.com/news/2025/07/24/such-an-iconic-mark-how-auburn-equipment-managed-the-switch-to-nike,published_after_cutoff,Unknown,SEC,86.1581920904,
austin_peay_state,Austin Peay State,2021-22,2021,17.1830985915,2021-08-01,2020.0000000000,,unknown,,undated,,no_direct_evidence,Unknown,OVC,24.4350282486,
ball_state,Ball State,2021-22,2021,71.8309859155,2021-08-01,2020.0000000000,,unknown,,undated,,no_direct_evidence,Unknown,MAC,49.5762711864,
baylor,Baylor,2021-22,2021,87.0422535211,2021-08-01,2020.0000000000,,unknown,2022-05-02,explicit_source_date,https://baylorbears.com/documents/download/2022/5/2/BU_BSB_Game_Notes_2022_45_Tarleton.pdf,published_after_cutoff,Unknown,Big 12,92.0903954802,
bellarmine,Bellarmine,2021-22,2021,8.5915492958,2021-08-01,2020.0000000000,,unknown,,undated,,no_direct_evidence,Unknown,Unknown,8.7570621469,
belmont,Belmont,2021-22,2021,33.5211267606,2021-08-01,2020.0000000000,,unknown,,undated,,no_direct_evidence,Unknown,OVC,58.7570621469,
bethune_cookman,Bethune-Cookman,2021-22,2021,8.5915492958,2021-08-01,2020.0000000000,,unknown,,undated,,no_direct_evidence,Unknown,Unknown,8.7570621469,
binghamton,Binghamton,2021-22,2021,47.6056338028,2021-08-01,2020.0000000000,,unknown,,undated,,no_direct_evidence,Unknown,America East,34.7457627119,
boise_state,Boise State,2021-22,2021,68.4507042254,2021-08-01,2020.0000000000,,unknown,,undated,,no_direct_evidence,Unknown,Mountain West,71.1864406780,
boston_college,Boston College,2021-22,2021,69.5774647887,2021-08-01,2020.0000000000,,A,2021-04-13,date_in_source_url,https://bceagles.com/news/2021/4/13/boston-college-athletics-announces-10-year-agreement-with-new-balance,eligible_direct_preseason,other,ACC,79.3785310734,
boston_university,Boston University,2021-22,2021,53.5211267606,2021-08-01,2020.0000000000,,unknown,,undated,,no_direct_evidence,Unknown,Patriot,47.3163841808,
bowling_green,Bowling Green,2021-22,2021,44.2253521127,2021-08-01,2020.0000000000,,unknown,,undated,,no_direct_evidence,Unknown,MAC,47.3163841808,
bradley,Bradley,2021-22,2021,8.5915492958,2021-08-01,2020.0000000000,,unknown,,undated,,no_direct_evidence,Unknown,Missouri Valley,24.4350282486,
brown,Brown,2021-22,2021,73.5211267606,2021-08-01,2020.0000000000,,unknown,,undated,,no_direct_evidence,Unknown,Ivy League,44.0677966102,
bryant,Bryant,2021-22,2021,26.9014084507,2021-08-01,2020.0000000000,,unknown,,undated,,no_direct_evidence,Unknown,Northeast,24.4350282486,
bucknell,Bucknell,2021-22,2021,30.9859154930,2021-08-01,2020.0000000000,,unknown,,undated,,no_direct_evidence,Unknown,Patriot,72.8813559322,
buffalo,Buffalo,2021-22,2021,21.8309859155,2021-08-01,2020.0000000000,,unknown,,undated,,no_direct_evidence,Unknown,MAC,55.2259887006,
butler,Butler,2021-22,2021,59.4366197183,2021-08-01,2020.0000000000,,unknown,,undated,,no_direct_evidence,Unknown,Big East,39.9717514124,
byu,BYU,2021-22,2021,92.1126760563,2021-08-01,2020.0000000000,,A,2019-03-08,date_in_source_url,https://byucougars.com/news/2019/03/08/byu-announces-new-nike-partnership,eligible_direct_preseason,Nike,WCC,95.4802259887,
cal_poly,Cal Poly,2021-22,2021,51.4084507042,2021-08-01,2020.0000000000,,unknown,,undated,,no_direct_evidence,Unknown,Big West,61.5819209040,
cal_state_bakersfield,Cal State Bakersfield,2021-22,2021,17.6056338028,2021-08-01,2020.0000000000,,unknown,,undated,,no_direct_evidence,Unknown,WAC,29.8022598870,
cal_state_fullerton,Cal State Fullerton,2021-22,2021,40.2816901408,2021-08-01,2020.0000000000,,unknown,,undated,,no_direct_evidence,Unknown,Unknown,8.7570621469,
cal_state_northridge,Cal State Northridge,2021-22,2021,8.5915492958,2021-08-01,2020.0000000000,,unknown,,undated,,no_direct_evidence,Unknown,Unknown,8.7570621469,
california,California,2021-22,2021,92.6760563380,2021-08-01,2020.0000000000,,unknown,,undated,https://writeforcalifornia.com/p/cal-under-armour-nike-deal,undated_or_invalid,Unknown,Pac-12,88.8418079096,
california_baptist,California Baptist,2021-22,2021,8.5915492958,2021-08-01,2020.0000000000,,unknown,,undated,,no_direct_evidence,Unknown,WAC,24.4350282486,
campbell,Campbell,2021-22,2021,71.2676056338,2021-08-01,2020.0000000000,,unknown,,undated,,no_direct_evidence,Unknown,Big South,77.9661016949,
canisius,Canisius,2021-22,2021,33.5211267606,2021-08-01,2020.0000000000,,unknown,,undated,,no_direct_evidence,Unknown,Unknown,8.7570621469,
central_arkansas,Central Arkansas,2021-22,2021,8.5915492958,2021-08-01,2020.0000000000,,unknown,,undated,,no_direct_evidence,Unknown,Unknown,8.7570621469,
central_connecticut_state,Central Connecticut State,2021-22,2021,21.8309859155,2021-08-01,2020.0000000000,,unknown,,undated,,no_direct_evidence,Unknown,Northeast,37.2881355932,
central_michigan,Central Michigan,2021-22,2021,66.6197183099,2021-08-01,2020.0000000000,,unknown,,undated,,no_direct_evidence,Unknown,MAC,74.0112994350,
charleston_southern,Charleston Southern,2021-22,2021,26.9014084507,2021-08-01,2020.0000000000,,unknown,,undated,,no_direct_evidence,Unknown,Big South,24.4350282486,
charlotte,Charlotte,2021-22,2021,55.3521126761,2021-08-01,2020.0000000000,,unknown,,undated,,no_direct_evidence,Unknown,Conference USA,72.5988700565,
chicago_state,Chicago State,2021-22,2021,8.5915492958,2021-08-01,2020.0000000000,,unknown,,undated,,no_direct_evidence,Unknown,Unknown,8.7570621469,
cincinnati,Cincinnati,2021-22,2021,60.9859154930,2021-08-01,2020.0000000000,,unknown,,undated,https://www.si.com/college/cincinnati/news/uc-officially-announces-nike-jordan-brand-deal-with-bsn-sports,undated_or_invalid,Unknown,American,59.7457627119,
citadel,Citadel,2021-22,2021,38.7323943662,2021-08-01,2020.0000000000,,unknown,,undated,,no_direct_evidence,Unknown,Unknown,8.7570621469,
clemson,Clemson,2021-22,2021,81.9718309859,2021-08-01,2020.0000000000,,A,2018-08-03,date_in_source_url,https://clemsontigers.com/news/2018/08/03/clemson-nike-agree-to-10-year-partnership-extension,eligible_direct_preseason,Nike,ACC,90.1129943503,
cleveland_state,Cleveland State,2021-22,2021,17.6056338028,2021-08-01,2020.0000000000,,unknown,,undated,,no_direct_evidence,Unknown,Horizon League,63.2768361582,
coastal_carolina,Coastal Carolina,2021-22,2021,69.2957746479,2021-08-01,2020.0000000000,,unknown,,undated,,no_direct_evidence,Unknown,Sun Belt,70.6214689266,
colgate,Colgate,2021-22,2021,57.4647887324,2021-08-01,2020.0000000000,,unknown,,undated,,no_direct_evidence,Unknown,Patriot,37.2881355932,
college_of_charleston,College of Charleston,2021-22,2021,39.8591549296,2021-08-01,2020.0000000000,,unknown,,undated,,no_direct_evidence,Unknown,CAA,29.3785310734,
colorado,Colorado,2021-22,2021,83.9436619718,2021-08-01,2020.0000000000,,unknown,,undated,https://football.hkm.com/wp-content/uploads/2020/08/2020_02-28_DORRELL_Karl_Employment_Agreement_FINAL_FOR_REGENT_APPROVAL-FULLY-EXECUTED.pdf,undated_or_invalid,Unknown,Pac-12,85.5932203390,
colorado_state,Colorado State,2021-22,2021,70.2816901408,2021-08-01,2020.0000000000,,unknown,,undated,,no_direct_evidence,Unknown,Mountain West,60.1694915254,
columbia,Columbia,2021-22,2021,79.1549295775,2021-08-01,2020.0000000000,,unknown,,undated,,no_direct_evidence,Unknown,Unknown,8.7570621469,
coppin_state,Coppin State,2021-22,2021,21.8309859155,2021-08-01,2020.0000000000,,unknown,,undated,,no_direct_evidence,Unknown,Unknown,8.7570621469,
cornell,Cornell,2021-22,2021,76.9014084507,2021-08-01,2020.0000000000,,unknown,,undated,,no_direct_evidence,Unknown,Ivy League,17.9378531073,
creighton,Creighton,2021-22,2021,76.0563380282,2021-08-01,2020.0000000000,,unknown,,undated,,no_direct_evidence,Unknown,Big East,54.3785310734,
dartmouth,Dartmouth,2021-22,2021,38.7323943662,2021-08-01,2020.0000000000,,unknown,,undated,,no_direct_evidence,Unknown,Unknown,8.7570621469,
davidson,Davidson,2021-22,2021,39.8591549296,2021-08-01,2020.0000000000,,unknown,,undated,,no_direct_evidence,Unknown,Atlantic 10,31.6384180791,
dayton,Dayton,2021-22,2021,44.2253521127,2021-08-01,2020.0000000000,,unknown,,undated,,no_direct_evidence,Unknown,Atlantic 10,37.2881355932,
delaware,Delaware,2021-22,2021,70.9859154930,2021-08-01,2020.0000000000,,unknown,,undated,,no_direct_evidence,Unknown,CAA,62.2881355932,
delaware_state,Delaware State,2021-22,2021,8.5915492958,2021-08-01,2020.0000000000,,unknown,,undated,,no_direct_evidence,Unknown,MEAC,32.0621468927,
denver,Denver,2021-22,2021,83.6619718310,2021-08-01,2020.0000000000,,unknown,,undated,,no_direct_evidence,Unknown,Summit,85.8757062147,
depaul,DePaul,2021-22,2021,26.9014084507,2021-08-01,2020.0000000000,,unknown,,undated,,no_direct_evidence,Unknown,Big East,24.4350282486,
detroit,Detroit,2021-22,2021,8.5915492958,2021-08-01,2020.0000000000,,unknown,,undated,,no_direct_evidence,Unknown,Unknown,8.7570621469,
drake,Drake,2021-22,2021,38.3098591549,2021-08-01,2020.0000000000,,unknown,,undated,,no_direct_evidence,Unknown,Missouri Valley,52.4011299435,
drexel,Drexel,2021-22,2021,40.8450704225,2021-08-01,2020.0000000000,,unknown,,undated,,no_direct_evidence,Unknown,CAA,67.9378531073,
duke,Duke,2021-22,2021,94.3661971831,2021-08-01,2020.0000000000,,A,2015-10-15,date_in_source_url,https://goduke.com/news/2015/10/15/210424501,eligible_direct_preseason,Nike,ACC,94.3502824859,
duquesne,Duquesne,2021-22,2021,8.5915492958,2021-08-01,2020.0000000000,,unknown,,undated,,no_direct_evidence,Unknown,Atlantic 10,32.0621468927,
east_carolina,East Carolina,2021-22,2021,45.3521126761,2021-08-01,2020.0000000000,,unknown,,undated,,no_direct_evidence,Unknown,American,56.0734463277,
east_tennessee_state,East Tennessee State,2021-22,2021,65.9154929577,2021-08-01,2020.0000000000,,unknown,,undated,,no_direct_evidence,Unknown,SoCon,49.5762711864,
eastern_illinois,Eastern Illinois,2021-22,2021,8.5915492958,2021-08-01,2020.0000000000,,unknown,,undated,,no_direct_evidence,Unknown,Unknown,8.7570621469,
eastern_kentucky,Eastern Kentucky,2021-22,2021,29.5774647887,2021-08-01,2020.0000000000,,unknown,,undated,,no_direct_evidence,Unknown,OVC,37.2881355932,
eastern_michigan,Eastern Michigan,2021-22,2021,30.7042253521,2021-08-01,2020.0000000000,,unknown,,undated,,no_direct_evidence,Unknown,MAC,41.2429378531,
eastern_washington,Eastern Washington,2021-22,2021,36.6197183099,2021-08-01,2020.0000000000,,unknown,,undated,,no_direct_evidence,Unknown,Big Sky,37.2881355932,
elon,Elon,2021-22,2021,8.5915492958,2021-08-01,2020.0000000000,,unknown,,undated,,no_direct_evidence,Unknown,CAA,24.4350282486,
evansville,Evansville,2021-22,2021,8.5915492958,2021-08-01,2020.0000000000,,unknown,,undated,,no_direct_evidence,Unknown,Missouri Valley,19.4915254237,
fairfield,Fairfield,2021-22,2021,54.0845070423,2021-08-01,2020.0000000000,,unknown,,undated,,no_direct_evidence,Unknown,MAAC,47.3163841808,
fairleigh_dickinson,Fairleigh Dickinson,2021-22,2021,60.9859154930,2021-08-01,2020.0000000000,,unknown,,undated,,no_direct_evidence,Unknown,Northeast,51.6949152542,
florida,Florida,2021-22,2021,98.8732394366,2021-08-01,2020.0000000000,,unknown,,undated,https://www.onlygators.com/02/25/2015/florida-gators-extend-apparel-contract-with-nike/,undated_or_invalid,Unknown,SEC,98.8700564972,
florida_a_m,Florida A&M,2021-22,2021,33.5211267606,2021-08-01,2020.0000000000,,unknown,,undated,,no_direct_evidence,Unknown,MEAC,17.5141242938,
florida_atlantic,Florida Atlantic,2021-22,2021,39.2957746479,2021-08-01,2020.0000000000,,unknown,,undated,,no_direct_evidence,Unknown,Conference USA,24.4350282486,
florida_gulf_coast,Florida Gulf Coast,2021-22,2021,55.9154929577,2021-08-01,2020.0000000000,,unknown,,undated,,no_direct_evidence,Unknown,ASUN,55.2259887006,
florida_international,Florida International,2021-22,2021,66.1971830986,2021-08-01,2020.0000000000,,unknown,,undated,,no_direct_evidence,Unknown,Conference USA,24.4350282486,
florida_state,Florida State,2021-22,2021,96.3380281690,2021-08-01,2020.0000000000,,unknown,2024-01-15,date_in_source_url,https://seminoles.com/documents/download/2024/1/15/Florida_State_University_Department_of_Intercollegiate_Athletics_FY23.pdf,published_after_cutoff,Unknown,ACC,95.7627118644,
fordham,Fordham,2021-22,2021,33.5211267606,2021-08-01,2020.0000000000,,unknown,,undated,,no_direct_evidence,Unknown,Atlantic 10,37.2881355932,
fresno_state,Fresno State,2021-22,2021,55.9154929577,2021-08-01,2020.0000000000,,unknown,,undated,,no_direct_evidence,Unknown,Mountain West,73.3050847458,
furman,Furman,2021-22,2021,63.9436619718,2021-08-01,2020.0000000000,,unknown,,undated,,no_direct_evidence,Unknown,SoCon,63.8418079096,
gardner_webb,Gardner-Webb,2021-22,2021,8.5915492958,2021-08-01,2020.0000000000,,unknown,,undated,,no_direct_evidence,Unknown,Big South,20.3389830508,
george_mason,George Mason,2021-22,2021,8.5915492958,2021-08-01,2020.0000000000,,unknown,,undated,,no_direct_evidence,Unknown,Unknown,8.7570621469,
george_washington,George Washington,2021-22,2021,8.5915492958,2021-08-01,2020.0000000000,,unknown,,undated,,no_direct_evidence,Unknown,Atlantic 10,24.4350282486,
georgetown,Georgetown,2021-22,2021,80.5633802817,2021-08-01,2020.0000000000,,unknown,,undated,,no_direct_evidence,Unknown,Big East,82.4858757062,
georgia,Georgia,2021-22,2021,94.9295774648,2021-08-01,2020.0000000000,,A,2015-05-20,date_in_source_url,https://www.sportsbusinessjournal.com/Daily/Issues/2015/05/20/Marketing-and-Sponsorship/Georgia-Nike/,eligible_direct_preseason,Nike,SEC,97.4576271186,
georgia_southern,Georgia Southern,2021-22,2021,60.0000000000,2021-08-01,2020.0000000000,,unknown,,undated,,no_direct_evidence,Unknown,Sun Belt,57.6271186441,
georgia_state,Georgia State,2021-22,2021,75.4929577465,2021-08-01,2020.0000000000,,unknown,,undated,,no_direct_evidence,Unknown,Sun Belt,33.1920903955,
georgia_tech,Georgia Tech,2021-22,2021,81.1267605634,2021-08-01,2020.0000000000,,A,2017-08-22,date_in_source_url,https://ramblinwreck.com/news/2017/08/22/georgia-tech-joins-adidas-roster-of-collegiate-partnerships,eligible_direct_preseason,adidas,ACC,87.8531073446,
gonzaga,Gonzaga,2021-22,2021,78.3098591549,2021-08-01,2020.0000000000,,unknown,,undated,,no_direct_evidence,Unknown,WCC,76.8361581921,
grambling_state,Grambling State,2021-22,2021,8.5915492958,2021-08-01,2020.0000000000,,unknown,,undated,,no_direct_evidence,Unknown,Unknown,8.7570621469,
grand_canyon,Grand Canyon,2021-22,2021,61.5492957746,2021-08-01,2020.0000000000,,unknown,,undated,,no_direct_evidence,Unknown,WAC,71.4689265537,
hartford,Hartford,2021-22,2021,8.5915492958,2021-08-01,2020.0000000000,,unknown,,undated,,no_direct_evidence,Unknown,America East,24.4350282486,
harvard,Harvard,2021-22,2021,89.2957746479,2021-08-01,2020.0000000000,,unknown,,undated,,no_direct_evidence,Unknown,Unknown,8.7570621469,
hawaii,Hawaii,2021-22,2021,74.3661971831,2021-08-01,2020.0000000000,,unknown,,undated,,no_direct_evidence,Unknown,Big West,76.4124293785,
high_point,High Point,2021-22,2021,52.1126760563,2021-08-01,2020.0000000000,,unknown,,undated,,no_direct_evidence,Unknown,Big South,78.5310734463,
hofstra,Hofstra,2021-22,2021,65.6338028169,2021-08-01,2020.0000000000,,unknown,,undated,,no_direct_evidence,Unknown,CAA,49.1525423729,
holy_cross,Holy Cross,2021-22,2021,36.6197183099,2021-08-01,2020.0000000000,,unknown,,undated,,no_direct_evidence,Unknown,Patriot,24.4350282486,
houston,Houston,2021-22,2021,72.3943661972,2021-08-01,2020.0000000000,,unknown,,undated,https://athleticdirectoru.com/articles/cash-is-king-in-intercollegiate-apparel-agreements/,continuity_excluded,Unknown,American,78.8135593220,
houston_christian,Houston Christian,2021-22,2021,8.5915492958,2021-08-01,2020.0000000000,,unknown,,undated,,no_direct_evidence,Unknown,Southland,18.9265536723,
howard,Howard,2021-22,2021,52.5352112676,2021-08-01,2020.0000000000,,unknown,,undated,,no_direct_evidence,Unknown,Unknown,8.7570621469,
idaho,Idaho,2021-22,2021,21.8309859155,2021-08-01,2020.0000000000,,unknown,,undated,,no_direct_evidence,Unknown,Big Sky,20.0564971751,
idaho_state,Idaho State,2021-22,2021,8.5915492958,2021-08-01,2020.0000000000,,unknown,,undated,,no_direct_evidence,Unknown,Big Sky,24.4350282486,
illinois,Illinois,2021-22,2021,85.6338028169,2021-08-01,2020.0000000000,,A,2016-01-15,date_in_source_url,https://fightingillini.com/news/2016/1/15/GEN_0115160058,eligible_direct_preseason,Nike,Big Ten,87.0056497175,
illinois_chicago,Illinois Chicago,2021-22,2021,21.8309859155,2021-08-01,2020.0000000000,,unknown,,undated,,no_direct_evidence,Unknown,Horizon League,37.2881355932,
illinois_state,Illinois State,2021-22,2021,50.9859154930,2021-08-01,2020.0000000000,,unknown,,undated,,no_direct_evidence,Unknown,Missouri Valley,34.1807909605,
incarnate_word,Incarnate Word,2021-22,2021,48.5915492958,2021-08-01,2020.0000000000,,unknown,,undated,,no_direct_evidence,Unknown,Southland,34.4632768362,
indiana,Indiana,2021-22,2021,82.2535211268,2021-08-01,2020.0000000000,,A,2015-08-18,date_in_source_url,https://iuhoosiers.com/news/2015/8/18/GEN_0818151235,eligible_direct_preseason,adidas,Big Ten,90.6779661017,
indiana_state,Indiana State,2021-22,2021,8.5915492958,2021-08-01,2020.0000000000,,unknown,,undated,,no_direct_evidence,Unknown,Missouri Valley,30.9322033898,
iona,Iona,2021-22,2021,25.7746478873,2021-08-01,2020.0000000000,,unknown,,undated,,no_direct_evidence,Unknown,MAAC,54.8022598870,
iowa,Iowa,2021-22,2021,84.7887323944,2021-08-01,2020.0000000000,,unknown,,undated,https://athleticdirectoru.com/articles/cash-is-king-in-intercollegiate-apparel-agreements/,continuity_excluded,Unknown,Big Ten,91.8079096045,
iowa_state,Iowa State,2021-22,2021,88.4507042254,2021-08-01,2020.0000000000,,unknown,,undated,,no_direct_evidence,Unknown,Big 12,89.5480225989,
ipfw,IPFW,2021-22,2021,8.5915492958,2021-08-01,2020.0000000000,,unknown,,undated,,no_direct_evidence,Unknown,Unknown,8.7570621469,
iupui,IUPUI,2021-22,2021,21.8309859155,2021-08-01,2020.0000000000,,unknown,,undated,,no_direct_evidence,Unknown,Unknown,8.7570621469,
jackson_state,Jackson State,2021-22,2021,33.5211267606,2021-08-01,2020.0000000000,,unknown,,undated,,no_direct_evidence,Unknown,SWAC,37.2881355932,
jacksonville,Jacksonville,2021-22,2021,47.0422535211,2021-08-01,2020.0000000000,,unknown,,undated,,no_direct_evidence,Unknown,ASUN,60.4519774011,
jacksonville_state,Jacksonville State,2021-22,2021,21.8309859155,2021-08-01,2020.0000000000,,unknown,,undated,,no_direct_evidence,Unknown,OVC,43.6440677966,
james_madison,James Madison,2021-22,2021,64.6478873239,2021-08-01,2020.0000000000,,unknown,,undated,,no_direct_evidence,Unknown,CAA,81.3559322034,
kansas,Kansas,2021-22,2021,83.0985915493,2021-08-01,2020.0000000000,,unknown,,undated,https://news.adidas.com/sports-performance/adidas-and-university-of-kansas-announce-an-extension-in-their-long-term-partnership/s/75f006e9-ed57-4ba1-b3fe-ddc1372145ff,undated_or_invalid,Unknown,Big 12,77.1186440678,
kansas_state,Kansas State,2021-22,2021,78.0281690141,2021-08-01,2020.0000000000,,unknown,,undated,https://www.kansas.com/sports/college/big-12/kansas-state/article254569392.html,undated_or_invalid,Unknown,Big 12,61.0169491525,
kennesaw_state,Kennesaw State,2021-22,2021,65.3521126761,2021-08-01,2020.0000000000,,unknown,,undated,,no_direct_evidence,Unknown,ASUN,52.8248587571,
kent_state,Kent State,2021-22,2021,58.1690140845,2021-08-01,2020.0000000000,,unknown,,undated,,no_direct_evidence,Unknown,MAC,77.4011299435,
kentucky,Kentucky,2021-22,2021,97.7464788732,2021-08-01,2020.0000000000,,A,2015-03-05,date_in_source_url,https://www.sportsbusinessjournal.com/Daily/Issues/2015/03/05/Marketing-and-Sponsorship/UK-Nike/,eligible_direct_preseason,Nike,SEC,96.8926553672,
la_salle,La Salle,2021-22,2021,8.5915492958,2021-08-01,2020.0000000000,,unknown,,undated,,no_direct_evidence,Unknown,Unknown,8.7570621469,
lafayette,Lafayette,2021-22,2021,8.5915492958,2021-08-01,2020.0000000000,,unknown,,undated,,no_direct_evidence,Unknown,Unknown,8.7570621469,
lamar,Lamar,2021-22,2021,25.7746478873,2021-08-01,2020.0000000000,,unknown,,undated,,no_direct_evidence,Unknown,Unknown,8.7570621469,
lehigh,Lehigh,2021-22,2021,48.5915492958,2021-08-01,2020.0000000000,,unknown,,undated,,no_direct_evidence,Unknown,Patriot,55.6497175141,
liberty,Liberty,2021-22,2021,79.4366197183,2021-08-01,2020.0000000000,,unknown,,undated,,no_direct_evidence,Unknown,ASUN,79.9435028249,
lipscomb,Lipscomb,2021-22,2021,47.8873239437,2021-08-01,2020.0000000000,,unknown,,undated,,no_direct_evidence,Unknown,ASUN,33.6158192090,
liu_brooklyn,LIU Brooklyn,2021-22,2021,58.1690140845,2021-08-01,2020.0000000000,,unknown,,undated,,no_direct_evidence,Unknown,Northeast,58.7570621469,
long_beach_state,Long Beach State,2021-22,2021,59.1549295775,2021-08-01,2020.0000000000,,unknown,,undated,,no_direct_evidence,Unknown,Big West,39.9717514124,
longwood,Longwood,2021-22,2021,33.5211267606,2021-08-01,2020.0000000000,,unknown,,undated,,no_direct_evidence,Unknown,Unknown,8.7570621469,
louisiana,Louisiana,2021-22,2021,67.0422535211,2021-08-01,2020.0000000000,,unknown,,undated,,no_direct_evidence,Unknown,Sun Belt,62.7118644068,
louisiana_monroe,Louisiana Monroe,2021-22,2021,8.5915492958,2021-08-01,2020.0000000000,,unknown,,undated,,no_direct_evidence,Unknown,Unknown,8.7570621469,
louisiana_tech,Louisiana Tech,2021-22,2021,52.9577464789,2021-08-01,2020.0000000000,,unknown,,undated,,no_direct_evidence,Unknown,Conference USA,58.7570621469,
louisville,Louisville,2021-22,2021,90.7042253521,2021-08-01,2020.0000000000,,A,2017-08-25,date_in_source_url,https://gocards.com/news/2017/8/25/general-louisville-adidas-strike-landmark-10-year-partnership-through-2027-28,eligible_direct_preseason,adidas,ACC,88.8418079096,
loyola_chicago,Loyola Chicago,2021-22,2021,33.5211267606,2021-08-01,2020.0000000000,,unknown,,undated,,no_direct_evidence,Unknown,Missouri Valley,56.4971751412,
loyola_maryland,Loyola Maryland,2021-22,2021,54.0845070423,2021-08-01,2020.0000000000,,unknown,,undated,,no_direct_evidence,Unknown,Patriot,65.8192090395,
loyola_marymount,Loyola Marymount,2021-22,2021,67.3239436620,2021-08-01,2020.0000000000,,unknown,,undated,,no_direct_evidence,Unknown,WCC,60.7344632768,
lsu,LSU,2021-22,2021,95.7746478873,2021-08-01,2020.0000000000,,unknown,,undated,https://about.nike.com/en/newsroom/releases/nike-lsu-partnership-extension,undated_or_invalid,Unknown,SEC,96.0451977401,
maine,Maine,2021-22,2021,21.8309859155,2021-08-01,2020.0000000000,,unknown,,undated,,no_direct_evidence,Unknown,Unknown,8.7570621469,
manhattan,Manhattan,2021-22,2021,21.8309859155,2021-08-01,2020.0000000000,,unknown,,undated,,no_direct_evidence,Unknown,MAAC,24.4350282486,
marist,Marist,2021-22,2021,21.8309859155,2021-08-01,2020.0000000000,,unknown,,undated,,no_direct_evidence,Unknown,MAAC,63.5593220339,
marquette,Marquette,2021-22,2021,33.5211267606,2021-08-01,2020.0000000000,,unknown,,undated,,no_direct_evidence,Unknown,Big East,54.3785310734,
marshall,Marshall,2021-22,2021,44.2253521127,2021-08-01,2020.0000000000,,unknown,,undated,,no_direct_evidence,Unknown,Conference USA,67.9378531073,
maryland,Maryland,2021-22,2021,87.3239436620,2021-08-01,2020.0000000000,,unknown,,undated,https://about.underarmour.com/en/stories/2024/06/university-of-maryland-and-under-armour-announce-12-year-extensi.html,undated_or_invalid,Unknown,Big Ten,87.2881355932,
maryland_eastern_shore,Maryland Eastern Shore,2021-22,2021,8.5915492958,2021-08-01,2020.0000000000,,unknown,,undated,,no_direct_evidence,Unknown,Unknown,8.7570621469,
massachusetts,Massachusetts,2021-22,2021,44.2253521127,2021-08-01,2020.0000000000,,unknown,,undated,,no_direct_evidence,Unknown,Atlantic 10,74.4350282486,
massachusetts_lowell,Massachusetts Lowell,2021-22,2021,21.8309859155,2021-08-01,2020.0000000000,,unknown,,undated,,no_direct_evidence,Unknown,America East,31.3559322034,
mcneese_state,McNeese State,2021-22,2021,33.5211267606,2021-08-01,2020.0000000000,,unknown,,undated,,no_direct_evidence,Unknown,Southland,42.5141242938,
memphis,Memphis,2021-22,2021,72.9577464789,2021-08-01,2020.0000000000,,unknown,,undated,,no_direct_evidence,Unknown,American,74.4350282486,
mercer,Mercer,2021-22,2021,44.2253521127,2021-08-01,2020.0000000000,,unknown,,undated,,no_direct_evidence,Unknown,SoCon,50.0000000000,
merrimack,Merrimack,2021-22,2021,8.5915492958,2021-08-01,2020.0000000000,,unknown,,undated,,no_direct_evidence,Unknown,Unknown,8.7570621469,
miami_fl,Miami (FL),2021-22,2021,86.1971830986,2021-08-01,2020.0000000000,,A,2021-02-15,date_in_source_url,https://miamihurricanes.com/news/2021/02/15/championship-colors,eligible_direct_preseason,adidas,ACC,82.7683615819,
miami_oh,Miami (OH),2021-22,2021,63.9436619718,2021-08-01,2020.0000000000,,unknown,,undated,,no_direct_evidence,Unknown,MAC,69.2090395480,
michigan,Michigan,2021-22,2021,99.4366197183,2021-08-01,2020.0000000000,,unknown,,undated,https://finance.umich.edu/reports/2016/category/athletics/,undated_or_invalid,Unknown,Big Ten,99.4350282486,
michigan_state,Michigan State,2021-22,2021,88.7323943662,2021-08-01,2020.0000000000,,A,2015-07-20,date_in_source_url,https://www.sportsbusinessjournal.com/Daily/Issues/2015/07/20/Marketing-and-Sponsorship/MSU-Nike/,eligible_direct_preseason,Nike,Big Ten,83.0508474576,
middle_tennessee_state,Middle Tennessee State,2021-22,2021,72.6760563380,2021-08-01,2020.0000000000,,unknown,,undated,,no_direct_evidence,Unknown,Conference USA,57.9096045198,
minnesota,Minnesota,2021-22,2021,92.3943661972,2021-08-01,2020.0000000000,,unknown,,undated,https://regents.umn.edu/sites/regents.umn.edu/files/2020-02/minutes-dec2019.pdf,undated_or_invalid,Unknown,Big Ten,92.3728813559,
mississippi_state,Mississippi State,2021-22,2021,78.8732394366,2021-08-01,2020.0000000000,,unknown,2014-04-16,date_in_source_url,https://hailstate.com/sports/2014/4/16/209467396,continuity_excluded,Unknown,SEC,83.6158192090,
missouri,Missouri,2021-22,2021,84.2253521127,2021-08-01,2020.0000000000,,unknown,,undated,https://athleticdirectoru.com/articles/cash-is-king-in-intercollegiate-apparel-agreements/,continuity_excluded,Unknown,SEC,86.7231638418,
missouri_state,Missouri State,2021-22,2021,68.0281690141,2021-08-01,2020.0000000000,,unknown,,undated,,no_direct_evidence,Unknown,Missouri Valley,72.1751412429,
monmouth,Monmouth,2021-22,2021,33.5211267606,2021-08-01,2020.0000000000,,unknown,,undated,,no_direct_evidence,Unknown,MAAC,67.9378531073,
montana,Montana,2021-22,2021,51.8309859155,2021-08-01,2020.0000000000,,unknown,,undated,,no_direct_evidence,Unknown,Big Sky,24.4350282486,
montana_state,Montana State,2021-22,2021,78.5915492958,2021-08-01,2020.0000000000,,unknown,,undated,,no_direct_evidence,Unknown,Big Sky,57.3446327684,
morehead_state,Morehead State,2021-22,2021,8.5915492958,2021-08-01,2020.0000000000,,unknown,,undated,,no_direct_evidence,Unknown,OVC,47.3163841808,
morgan_state,Morgan State,2021-22,2021,8.5915492958,2021-08-01,2020.0000000000,,unknown,,undated,,no_direct_evidence,Unknown,MEAC,24.4350282486,
mount_st_mary_s,Mount St. Mary's,2021-22,2021,49.8591549296,2021-08-01,2020.0000000000,,unknown,,undated,,no_direct_evidence,Unknown,Northeast,50.8474576271,
murray_state,Murray State,2021-22,2021,62.3943661972,2021-08-01,2020.0000000000,,unknown,,undated,,no_direct_evidence,Unknown,Unknown,8.7570621469,
navy,Navy,2021-22,2021,61.9718309859,2021-08-01,2020.0000000000,,unknown,,undated,,no_direct_evidence,Unknown,Patriot,75.9887005650,
nebraska,Nebraska,2021-22,2021,86.4788732394,2021-08-01,2020.0000000000,,A,2017-08-11,date_in_source_url,https://huskers.com/news/2017/08/11/adidas-and-nebraska-renew-partnership-to-2028,eligible_direct_preseason,adidas,Big Ten,90.3954802260,
nebraska_omaha,Nebraska Omaha,2021-22,2021,8.5915492958,2021-08-01,2020.0000000000,,unknown,,undated,,no_direct_evidence,Unknown,Summit,47.3163841808,
nevada,Nevada,2021-22,2021,42.2535211268,2021-08-01,2020.0000000000,,unknown,,undated,,no_direct_evidence,Unknown,Mountain West,50.2824858757,
new_hampshire,New Hampshire,2021-22,2021,64.6478873239,2021-08-01,2020.0000000000,,unknown,,undated,,no_direct_evidence,Unknown,America East,53.8135593220,
new_mexico,New Mexico,2021-22,2021,73.2394366197,2021-08-01,2020.0000000000,,unknown,2023-10-12,date_in_source_url,https://golobos.com/news/2023/10/12/lobos-nike-announce-extension-through-2027,published_after_cutoff,Unknown,Mountain West,77.6836158192,
new_mexico_state,New Mexico State,2021-22,2021,57.7464788732,2021-08-01,2020.0000000000,,unknown,,undated,,no_direct_evidence,Unknown,WAC,32.7683615819,
new_orleans,New Orleans,2021-22,2021,21.8309859155,2021-08-01,2020.0000000000,,unknown,,undated,,no_direct_evidence,Unknown,Unknown,8.7570621469,
niagara,Niagara,2021-22,2021,8.5915492958,2021-08-01,2020.0000000000,,unknown,,undated,,no_direct_evidence,Unknown,Unknown,8.7570621469,
nicholls_state,Nicholls State,2021-22,2021,8.5915492958,2021-08-01,2020.0000000000,,unknown,,undated,,no_direct_evidence,Unknown,Unknown,8.7570621469,
njit,NJIT,2021-22,2021,28.0281690141,2021-08-01,2020.0000000000,,unknown,,undated,,no_direct_evidence,Unknown,America East,64.6892655367,
norfolk_state,Norfolk State,2021-22,2021,21.8309859155,2021-08-01,2020.0000000000,,unknown,,undated,,no_direct_evidence,Unknown,MEAC,56.0734463277,
north_alabama,North Alabama,2021-22,2021,8.5915492958,2021-08-01,2020.0000000000,,unknown,,undated,,no_direct_evidence,Unknown,Unknown,8.7570621469,
north_carolina,North Carolina,2021-22,2021,98.5915492958,2021-08-01,2020.0000000000,,A,2018-12-18,date_in_source_url,https://goheels.com/news/2018/12/18/general-carolina-announces-contract-extension-for-williams,eligible_direct_preseason,Nike,ACC,99.1525423729,
north_carolina_a_t,North Carolina A&T,2021-22,2021,77.7464788732,2021-08-01,2020.0000000000,,unknown,,undated,,no_direct_evidence,Unknown,MEAC,85.3107344633,
north_carolina_asheville,North Carolina Asheville,2021-22,2021,8.5915492958,2021-08-01,2020.0000000000,,unknown,,undated,,no_direct_evidence,Unknown,Unknown,8.7570621469,
north_carolina_central,North Carolina Central,2021-22,2021,8.5915492958,2021-08-01,2020.0000000000,,unknown,,undated,,no_direct_evidence,Unknown,Unknown,8.7570621469,
north_carolina_greensboro,North Carolina Greensboro,2021-22,2021,21.8309859155,2021-08-01,2020.0000000000,,unknown,,undated,,no_direct_evidence,Unknown,SoCon,47.3163841808,
north_carolina_state,North Carolina State,2021-22,2021,95.4929577465,2021-08-01,2020.0000000000,,unknown,,undated,https://www.youtube.com/watch?v=KGYQAXrN5w4,undated_or_invalid,Unknown,ACC,93.7853107345,
north_carolina_wilmington,North Carolina Wilmington,2021-22,2021,33.5211267606,2021-08-01,2020.0000000000,,unknown,,undated,,no_direct_evidence,Unknown,CAA,40.3954802260,
north_dakota,North Dakota,2021-22,2021,21.8309859155,2021-08-01,2020.0000000000,,unknown,,undated,,no_direct_evidence,Unknown,Summit,65.3954802260,
north_dakota_state,North Dakota State,2021-22,2021,70.7042253521,2021-08-01,2020.0000000000,,unknown,,undated,,no_direct_evidence,Unknown,Summit,81.6384180791,
north_florida,North Florida,2021-22,2021,56.3380281690,2021-08-01,2020.0000000000,,unknown,,undated,,no_direct_evidence,Unknown,ASUN,66.5254237288,
north_texas,North Texas,2021-22,2021,50.4225352113,2021-08-01,2020.0000000000,,unknown,,undated,,no_direct_evidence,Unknown,Conference USA,50.8474576271,
northeastern,Northeastern,2021-22,2021,66.6197183099,2021-08-01,2020.0000000000,,unknown,,undated,,no_direct_evidence,Unknown,CAA,71.7514124294,
northern_arizona,Northern Arizona,2021-22,2021,80.2816901408,2021-08-01,2020.0000000000,,unknown,,undated,,no_direct_evidence,Unknown,Big Sky,79.0960451977,
northern_colorado,Northern Colorado,2021-22,2021,37.4647887324,2021-08-01,2020.0000000000,,unknown,,undated,,no_direct_evidence,Unknown,Big Sky,24.4350282486,
northern_illinois,Northern Illinois,2021-22,2021,56.9014084507,2021-08-01,2020.0000000000,,unknown,,undated,,no_direct_evidence,Unknown,MAC,33.1920903955,
northern_iowa,Northern Iowa,2021-22,2021,52.5352112676,2021-08-01,2020.0000000000,,unknown,,undated,,no_direct_evidence,Unknown,Missouri Valley,62.2881355932,
northern_kentucky,Northern Kentucky,2021-22,2021,8.5915492958,2021-08-01,2020.0000000000,,unknown,,undated,,no_direct_evidence,Unknown,Unknown,8.7570621469,
northwestern,Northwestern,2021-22,2021,90.1408450704,2021-08-01,2020.0000000000,,unknown,,undated,https://about.underarmour.com/en/stories/2025/03/under-armour-and-northwestern-university-announce-extension-of-p.html,undated_or_invalid,Unknown,Big Ten,91.5254237288,
northwestern_state,Northwestern State,2021-22,2021,21.8309859155,2021-08-01,2020.0000000000,,unknown,,undated,,no_direct_evidence,Unknown,Unknown,8.7570621469,
notre_dame,Notre Dame,2021-22,2021,98.0281690141,2021-08-01,2020.0000000000,,unknown,,undated,https://about.underarmour.com/en/stories/2023/08/under-armour-and-notre-dame-march-on-together-.html,undated_or_invalid,Unknown,ACC,96.3276836158,
oakland,Oakland,2021-22,2021,37.8873239437,2021-08-01,2020.0000000000,,unknown,,undated,,no_direct_evidence,Unknown,Horizon League,30.5084745763,
ohio,Ohio,2021-22,2021,8.5915492958,2021-08-01,2020.0000000000,,unknown,,undated,,no_direct_evidence,Unknown,MAC,44.3502824859,
ohio_state,Ohio State,2021-22,2021,99.1549295775,2021-08-01,2020.0000000000,,A,2016-01-14,date_in_source_url,https://ohiostatebuckeyes.com/news/2016/1/14/ohio-state-and-nike-sign-groundbreaking-college-partnership,eligible_direct_preseason,Nike,Big Ten,97.7401129944,
oklahoma,Oklahoma,2021-22,2021,97.4647887324,2021-08-01,2020.0000000000,,unknown,,undated,https://www.oudaily.com/sports/oklahoma-sports-ou-contract-with-nike-jordan-brand-worth-near-70-million/article_b59e45c0-911b-11e8-8d0b-43bb3d5f5abf.html,undated_or_invalid,Unknown,Big 12,93.5028248588,
oklahoma_state,Oklahoma State,2021-22,2021,93.8028169014,2021-08-01,2020.0000000000,,unknown,,undated,https://www2.kusports.com/weblogs/tale-tait/2017/sep/28/kus-deal-with-adidas-is-companys-second/,undated_or_invalid,Unknown,Big 12,95.1977401130,
old_dominion,Old Dominion,2021-22,2021,54.0845070423,2021-08-01,2020.0000000000,,unknown,,undated,,no_direct_evidence,Unknown,Conference USA,58.7570621469,
ole_miss,Ole Miss,2021-22,2021,94.6478873239,2021-08-01,2020.0000000000,,A,2015-08-31,date_in_source_url,https://olemisssports.com/news/2015/8/31/Ole_Miss_Makes_Major_Announcements,eligible_direct_preseason,Nike,SEC,94.0677966102,
oral_roberts,Oral Roberts,2021-22,2021,21.8309859155,2021-08-01,2020.0000000000,,unknown,,undated,,no_direct_evidence,Unknown,Summit,42.9378531073,
oregon,Oregon,2021-22,2021,91.5492957746,2021-08-01,2020.0000000000,,unknown,,undated,https://trustees.uoregon.edu/sites/default/files/minutes_-_full_bot_12.08.17.pdf,undated_or_invalid,Unknown,Pac-12,93.2203389831,
oregon_state,Oregon State,2021-22,2021,85.9154929577,2021-08-01,2020.0000000000,,unknown,,undated,,no_direct_evidence,Unknown,Pac-12,84.7457627119,
pacific,Pacific,2021-22,2021,8.5915492958,2021-08-01,2020.0000000000,,unknown,,undated,,no_direct_evidence,Unknown,Unknown,8.7570621469,
penn_state,Penn State,2021-22,2021,88.1690140845,2021-08-01,2020.0000000000,,unknown,,undated,https://www.centredaily.com/sports/college/penn-state-university/article316333759.html,undated_or_invalid,Unknown,Big Ten,89.2655367232,
pennsylvania,Pennsylvania,2021-22,2021,83.3802816901,2021-08-01,2020.0000000000,,unknown,,undated,,no_direct_evidence,Unknown,Unknown,8.7570621469,
pepperdine,Pepperdine,2021-22,2021,82.6760563380,2021-08-01,2020.0000000000,,unknown,,undated,,no_direct_evidence,Unknown,WCC,83.8983050847,
pittsburgh,Pittsburgh,2021-22,2021,79.7183098592,2021-08-01,2020.0000000000,,unknown,2023-07-06,date_in_source_url,https://pittsburghpanthers.com/news/2023/7/6/general-pitt-extends-partnership-with-nike-through-2026,published_after_cutoff,Unknown,ACC,79.6610169492,
portland,Portland,2021-22,2021,63.9436619718,2021-08-01,2020.0000000000,,unknown,,undated,,no_direct_evidence,Unknown,WCC,53.1073446328,
portland_state,Portland State,2021-22,2021,8.5915492958,2021-08-01,2020.0000000000,,unknown,,undated,,no_direct_evidence,Unknown,Unknown,8.7570621469,
prairie_view_a_m,Prairie View A&M,2021-22,2021,37.8873239437,2021-08-01,2020.0000000000,,unknown,,undated,,no_direct_evidence,Unknown,SWAC,28.8135593220,
presbyterian_college,Presbyterian College,2021-22,2021,8.5915492958,2021-08-01,2020.0000000000,,unknown,,undated,,no_direct_evidence,Unknown,Big South,37.2881355932,
princeton,Princeton,2021-22,2021,95.2112676056,2021-08-01,2020.0000000000,,B,2021-07-28,explicit_source_date,https://s3.us-east-2.amazonaws.com/sidearm.nextgen.sites/princeton.sidearmsports.com/documents/2021/7/28/NIL_FAQ_for_Student_Athletes_7_28_21.pdf?timestamp=20210728052335,eligible_direct_preseason,Nike,Ivy League,40.6779661017,
providence,Providence,2021-22,2021,77.4647887324,2021-08-01,2020.0000000000,,unknown,,undated,,no_direct_evidence,Unknown,Big East,42.0903954802,
purdue,Purdue,2021-22,2021,85.3521126761,2021-08-01,2020.0000000000,,unknown,,undated,https://athleticdirectoru.com/articles/cash-is-king-in-intercollegiate-apparel-agreements/,continuity_excluded,Unknown,Big Ten,81.0734463277,
quinnipiac,Quinnipiac,2021-22,2021,68.0281690141,2021-08-01,2020.0000000000,,unknown,,undated,,no_direct_evidence,Unknown,MAAC,28.8135593220,
radford,Radford,2021-22,2021,21.8309859155,2021-08-01,2020.0000000000,,unknown,,undated,,no_direct_evidence,Unknown,Unknown,8.7570621469,
rhode_island,Rhode Island,2021-22,2021,28.0281690141,2021-08-01,2020.0000000000,,unknown,,undated,,no_direct_evidence,Unknown,Atlantic 10,29.8022598870,
rice,Rice,2021-22,2021,71.5492957746,2021-08-01,2020.0000000000,,unknown,,undated,,no_direct_evidence,Unknown,Conference USA,75.4237288136,
richmond,Richmond,2021-22,2021,54.9295774648,2021-08-01,2020.0000000000,,unknown,,undated,,no_direct_evidence,Unknown,Atlantic 10,17.9378531073,
rider,Rider,2021-22,2021,30.1408450704,2021-08-01,2020.0000000000,,unknown,,undated,,no_direct_evidence,Unknown,MAAC,68.9265536723,
robert_morris,Robert Morris,2021-22,2021,21.8309859155,2021-08-01,2020.0000000000,,unknown,,undated,,no_direct_evidence,Unknown,Northeast,37.2881355932,
rutgers,Rutgers,2021-22,2021,86.7605633803,2021-08-01,2020.0000000000,,A,2017-02-13,date_in_source_url,https://scarletknights.com/news/2017/2/13/Rutgers_Athletics_Announces_Partnership_with_adidas,eligible_direct_preseason,adidas,Big Ten,83.3333333333,
sacramento_state,Sacramento State,2021-22,2021,36.6197183099,2021-08-01,2020.0000000000,,unknown,,undated,,no_direct_evidence,Unknown,Big Sky,28.8135593220,
sacred_heart,Sacred Heart,2021-22,2021,48.1690140845,2021-08-01,2020.0000000000,,unknown,,undated,,no_direct_evidence,Unknown,Northeast,69.9152542373,
saint_francis_pa,Saint Francis (PA),2021-22,2021,21.8309859155,2021-08-01,2020.0000000000,,unknown,,undated,,no_direct_evidence,Unknown,Northeast,24.4350282486,
saint_joseph_s,Saint Joseph's,2021-22,2021,62.8169014085,2021-08-01,2020.0000000000,,unknown,,undated,,no_direct_evidence,Unknown,Unknown,8.7570621469,
saint_louis,Saint Louis,2021-22,2021,60.4225352113,2021-08-01,2020.0000000000,,unknown,,undated,,no_direct_evidence,Unknown,Atlantic 10,37.2881355932,
saint_mary_s_ca,Saint Mary's (CA),2021-22,2021,33.5211267606,2021-08-01,2020.0000000000,,unknown,,undated,,no_direct_evidence,Unknown,Unknown,8.7570621469,
saint_peter_s,Saint Peter's,2021-22,2021,42.8169014085,2021-08-01,2020.0000000000,,unknown,,undated,,no_direct_evidence,Unknown,Unknown,8.7570621469,
sam_houston_state,Sam Houston State,2021-22,2021,76.6197183099,2021-08-01,2020.0000000000,,unknown,,undated,,no_direct_evidence,Unknown,Southland,80.2259887006,
samford,Samford,2021-22,2021,49.0140845070,2021-08-01,2020.0000000000,,unknown,,undated,,no_direct_evidence,Unknown,SoCon,47.3163841808,
san_diego,San Diego,2021-22,2021,69.8591549296,2021-08-01,2020.0000000000,,unknown,,undated,,no_direct_evidence,Unknown,WCC,66.1016949153,
san_diego_state,San Diego State,2021-22,2021,74.6478873239,2021-08-01,2020.0000000000,,unknown,,undated,,no_direct_evidence,Unknown,Mountain West,70.3389830508,
san_francisco,San Francisco,2021-22,2021,40.5633802817,2021-08-01,2020.0000000000,,unknown,,undated,,no_direct_evidence,Unknown,WCC,41.5254237288,
san_jose_state,San Jose State,2021-22,2021,57.1830985915,2021-08-01,2020.0000000000,,unknown,,undated,,no_direct_evidence,Unknown,Mountain West,64.4067796610,
santa_clara,Santa Clara,2021-22,2021,63.0985915493,2021-08-01,2020.0000000000,,unknown,,undated,,no_direct_evidence,Unknown,WCC,58.7570621469,
seattle,Seattle,2021-22,2021,21.8309859155,2021-08-01,2020.0000000000,,unknown,,undated,,no_direct_evidence,Unknown,WAC,30.9322033898,
seton_hall,Seton Hall,2021-22,2021,37.1830985915,2021-08-01,2020.0000000000,,unknown,,undated,,no_direct_evidence,Unknown,Big East,45.4802259887,
siena,Siena,2021-22,2021,8.5915492958,2021-08-01,2020.0000000000,,unknown,,undated,,no_direct_evidence,Unknown,MAAC,37.2881355932,
siu_edwardsville,SIU Edwardsville,2021-22,2021,21.8309859155,2021-08-01,2020.0000000000,,unknown,,undated,,no_direct_evidence,Unknown,OVC,24.4350282486,
smu,SMU,2021-22,2021,75.2112676056,2021-08-01,2020.0000000000,,unknown,,undated,https://web.archive.org/web/20171001043446/http://smumustangs.com/,continuity_excluded,Unknown,American,64.9717514124,
south_alabama,South Alabama,2021-22,2021,54.6478873239,2021-08-01,2020.0000000000,,unknown,,undated,,no_direct_evidence,Unknown,Sun Belt,73.3050847458,
south_carolina,South Carolina,2021-22,2021,89.8591549296,2021-08-01,2020.0000000000,,unknown,,undated,https://www.sc.edu/uofsc/posts/2025/08/board-of-trustees-briefs-august-2025.php,undated_or_invalid,Unknown,SEC,88.4180790960,
south_carolina_state,South Carolina State,2021-22,2021,33.5211267606,2021-08-01,2020.0000000000,,unknown,,undated,,no_direct_evidence,Unknown,MEAC,37.2881355932,
south_carolina_upstate,South Carolina Upstate,2021-22,2021,8.5915492958,2021-08-01,2020.0000000000,,unknown,,undated,,no_direct_evidence,Unknown,Unknown,8.7570621469,
south_dakota,South Dakota,2021-22,2021,58.8732394366,2021-08-01,2020.0000000000,,unknown,,undated,,no_direct_evidence,Unknown,Summit,69.9152542373,
south_dakota_state,South Dakota State,2021-22,2021,73.8028169014,2021-08-01,2020.0000000000,,unknown,,undated,,no_direct_evidence,Unknown,Summit,75.7062146893,
south_florida,South Florida,2021-22,2021,68.7323943662,2021-08-01,2020.0000000000,,unknown,,undated,,no_direct_evidence,Unknown,American,80.7909604520,
southeast_missouri_state,Southeast Missouri State,2021-22,2021,59.7183098592,2021-08-01,2020.0000000000,,unknown,,undated,,no_direct_evidence,Unknown,OVC,24.4350282486,
southeastern_louisiana,Southeastern Louisiana,2021-22,2021,47.0422535211,2021-08-01,2020.0000000000,,unknown,,undated,,no_direct_evidence,Unknown,Southland,45.0564971751,
southern,Southern,2021-22,2021,8.5915492958,2021-08-01,2020.0000000000,,unknown,,undated,,no_direct_evidence,Unknown,SWAC,24.4350282486,
southern_illinois,Southern Illinois,2021-22,2021,51.4084507042,2021-08-01,2020.0000000000,,unknown,,undated,,no_direct_evidence,Unknown,Missouri Valley,62.9943502825,
southern_mississippi,Southern Mississippi,2021-22,2021,56.6197183099,2021-08-01,2020.0000000000,,unknown,,undated,,no_direct_evidence,Unknown,Conference USA,51.4124293785,
southern_utah,Southern Utah,2021-22,2021,55.3521126761,2021-08-01,2020.0000000000,,unknown,,undated,,no_direct_evidence,Unknown,Big Sky,64.1242937853,
st_bonaventure,St. Bonaventure,2021-22,2021,8.5915492958,2021-08-01,2020.0000000000,,unknown,,undated,,no_direct_evidence,Unknown,Atlantic 10,24.4350282486,
st_francis_ny,St. Francis (NY),2021-22,2021,8.5915492958,2021-08-01,2020.0000000000,,unknown,,undated,,no_direct_evidence,Unknown,Northeast,37.2881355932,
st_john_s_ny,St. John's (NY),2021-22,2021,72.1126760563,2021-08-01,2020.0000000000,,unknown,,undated,,no_direct_evidence,Unknown,Big East,47.3163841808,
st_thomas,St. Thomas,2021-22,2021,8.5915492958,2021-08-01,,,unknown,,undated,,no_direct_evidence,Unknown,Unknown,,
stanford,Stanford,2021-22,2021,99.7183098592,2021-08-01,2020.0000000000,,unknown,,undated,,no_direct_evidence,Unknown,Pac-12,99.7175141243,
stephen_f_austin,Stephen F. Austin,2021-22,2021,74.0845070423,2021-08-01,2020.0000000000,,unknown,,undated,,no_direct_evidence,Unknown,Southland,67.2316384181,
stetson,Stetson,2021-22,2021,33.5211267606,2021-08-01,2020.0000000000,,unknown,,undated,,no_direct_evidence,Unknown,Unknown,8.7570621469,
stony_brook,Stony Brook,2021-22,2021,41.4084507042,2021-08-01,2020.0000000000,,unknown,,undated,,no_direct_evidence,Unknown,America East,65.3954802260,
syracuse,Syracuse,2021-22,2021,80.0000000000,2021-08-01,2020.0000000000,,unknown,2019-06-14,date_in_source_url,https://cuse.com/news/2019/6/14/general-syracuse-and-nike-extend-partnership,continuity_excluded,Unknown,ACC,82.2033898305,
tarleton_state,Tarleton State,2021-22,2021,8.5915492958,2021-08-01,2020.0000000000,,unknown,,undated,,no_direct_evidence,Unknown,Unknown,8.7570621469,
tcu,TCU,2021-22,2021,89.0140845070,2021-08-01,2020.0000000000,,unknown,,undated,https://www2.kusports.com/weblogs/tale-tait/2017/sep/28/kus-deal-with-adidas-is-companys-second/,continuity_excluded,Unknown,Big 12,87.5706214689,
temple,Temple,2021-22,2021,28.7323943662,2021-08-01,2020.0000000000,,unknown,,undated,,no_direct_evidence,Unknown,American,61.5819209040,
tennessee,Tennessee,2021-22,2021,96.6197183099,2021-08-01,2020.0000000000,,A,2014-01-31,date_in_source_url,https://utsports.com/news/2014/1/31/UT_Announces_Partnership_With_NIKE,eligible_direct_preseason,Nike,SEC,92.9378531073,
tennessee_chattanooga,Tennessee Chattanooga,2021-22,2021,45.9154929577,2021-08-01,2020.0000000000,,unknown,,undated,,no_direct_evidence,Unknown,SoCon,19.7740112994,
tennessee_martin,Tennessee Martin,2021-22,2021,47.0422535211,2021-08-01,2020.0000000000,,unknown,,undated,,no_direct_evidence,Unknown,OVC,18.3615819209,
tennessee_state,Tennessee State,2021-22,2021,29.8591549296,2021-08-01,2020.0000000000,,unknown,,undated,,no_direct_evidence,Unknown,Unknown,8.7570621469,
tennessee_tech,Tennessee Tech,2021-22,2021,21.8309859155,2021-08-01,2020.0000000000,,unknown,,undated,,no_direct_evidence,Unknown,Unknown,8.7570621469,
texas,Texas,2021-22,2021,100.0000000000,2021-08-01,2020.0000000000,,unknown,,undated,https://www.utsystem.edu/sites/default/files/offices/board-of-regents/board-meetings/board-minutes/10-30-2015meeting1141.pdf,undated_or_invalid,Unknown,Big 12,100.0000000000,
texas_a_m,Texas A&M,2021-22,2021,93.2394366197,2021-08-01,2020.0000000000,,unknown,,undated,https://cdn.vox-cdn.com/uploads/chorus_asset/file/3974634/Adidas_FINAL__1_.0.pdf,undated_or_invalid,Unknown,SEC,94.9152542373,
texas_a_m_corpus_christi,Texas A&M Corpus Christi,2021-22,2021,46.1971830986,2021-08-01,2020.0000000000,,unknown,,undated,,no_direct_evidence,Unknown,Southland,57.0621468927,
texas_arlington,Texas Arlington,2021-22,2021,42.2535211268,2021-08-01,2020.0000000000,,unknown,,undated,,no_direct_evidence,Unknown,Sun Belt,18.9265536723,
texas_southern,Texas Southern,2021-22,2021,26.9014084507,2021-08-01,2020.0000000000,,unknown,,undated,,no_direct_evidence,Unknown,SWAC,24.4350282486,
texas_state,Texas State,2021-22,2021,60.4225352113,2021-08-01,2020.0000000000,,unknown,,undated,,no_direct_evidence,Unknown,Sun Belt,53.3898305085,
texas_tech,Texas Tech,2021-22,2021,89.5774647887,2021-08-01,2020.0000000000,,unknown,2023-10-24,date_in_source_url,https://www.sportsbusinessjournal.com/Articles/2023/10/24/texas-tech-joining-adidas-leaving-under-armour-patrick-mahomes-instagram-post/,published_after_cutoff,Unknown,Big 12,88.1355932203,
toledo,Toledo,2021-22,2021,21.8309859155,2021-08-01,2020.0000000000,,unknown,,undated,,no_direct_evidence,Unknown,Unknown,8.7570621469,
towson,Towson,2021-22,2021,53.2394366197,2021-08-01,2020.0000000000,,unknown,,undated,,no_direct_evidence,Unknown,CAA,56.7796610169,
troy,Troy,2021-22,2021,8.5915492958,2021-08-01,2020.0000000000,,unknown,,undated,,no_direct_evidence,Unknown,Sun Belt,42.5141242938,
tulane,Tulane,2021-22,2021,18.0281690141,2021-08-01,2020.0000000000,,unknown,,undated,,no_direct_evidence,Unknown,American,47.3163841808,
tulsa,Tulsa,2021-22,2021,75.7746478873,2021-08-01,2020.0000000000,,unknown,,undated,,no_direct_evidence,Unknown,American,73.7288135593,
uab,UAB,2021-22,2021,44.2253521127,2021-08-01,2020.0000000000,,unknown,,undated,,no_direct_evidence,Unknown,Conference USA,40.9604519774,
uc_davis,UC Davis,2021-22,2021,50.1408450704,2021-08-01,2020.0000000000,,unknown,,undated,,no_direct_evidence,Unknown,Big West,24.4350282486,
uc_irvine,UC Irvine,2021-22,2021,63.3802816901,2021-08-01,2020.0000000000,,unknown,,undated,,no_direct_evidence,Unknown,Big West,37.2881355932,
uc_riverside,UC Riverside,2021-22,2021,8.5915492958,2021-08-01,2020.0000000000,,unknown,,undated,,no_direct_evidence,Unknown,Unknown,8.7570621469,
uc_san_diego,UC San Diego,2021-22,2021,36.0563380282,2021-08-01,2020.0000000000,,unknown,,undated,,no_direct_evidence,Unknown,Big West,44.6327683616,
uc_santa_barbara,UC Santa Barbara,2021-22,2021,58.5915492958,2021-08-01,2020.0000000000,,unknown,,undated,,no_direct_evidence,Unknown,Big West,75.1412429379,
ucf,UCF,2021-22,2021,80.8450704225,2021-08-01,2020.0000000000,,unknown,2023-10-31,date_in_source_url,https://ucfknights.com/news/2023/10/31/ucf-athletics-and-nike-extend-agreement-through-2029,published_after_cutoff,Unknown,American,84.1807909605,
ucla,UCLA,2021-22,2021,96.0563380282,2021-08-01,2020.0000000000,,unknown,2024-09-19,date_in_source_url,https://uclabruins.com/documents/download/2024/9/19/02-Release_Indiana_2024_FB.pdf,published_after_cutoff,Unknown,Pac-12,96.6101694915,
uconn,UConn,2021-22,2021,76.3380281690,2021-08-01,2020.0000000000,,unknown,,undated,,no_direct_evidence,Unknown,American,78.2485875706,
umbc,UMBC,2021-22,2021,33.5211267606,2021-08-01,2020.0000000000,,unknown,,undated,,no_direct_evidence,Unknown,America East,37.2881355932,
umkc,UMKC,2021-22,2021,8.5915492958,2021-08-01,2020.0000000000,,unknown,,undated,,no_direct_evidence,Unknown,Unknown,8.7570621469,
unlv,UNLV,2021-22,2021,29.0140845070,2021-08-01,2020.0000000000,,unknown,,undated,,no_direct_evidence,Unknown,Mountain West,43.2203389831,
usc,USC,2021-22,2021,96.9014084507,2021-08-01,2020.0000000000,,unknown,2026-07-14,date_in_source_url,https://usctrojans.com/news/2026/7/14/usc-trojans-athletics-nike-jerseys-uniforms-gear-apparel-shoes-deal-extension-nil,published_after_cutoff,Unknown,Pac-12,98.5875706215,
utah,Utah,2021-22,2021,87.8873239437,2021-08-01,2020.0000000000,,A,2016-10-12,date_in_source_url,https://utahutes.com/news/2016/10/12/general-utah-athletics-and-under-armour-sign-extension,eligible_direct_preseason,Under Armour,Pac-12,80.5084745763,
utah_state,Utah State,2021-22,2021,67.6056338028,2021-08-01,2020.0000000000,,unknown,,undated,,no_direct_evidence,Unknown,Mountain West,69.4915254237,
utah_valley,Utah Valley,2021-22,2021,30.4225352113,2021-08-01,2020.0000000000,,unknown,,undated,,no_direct_evidence,Unknown,WAC,72.1751412429,
utep,UTEP,2021-22,2021,28.4507042254,2021-08-01,2020.0000000000,,unknown,,undated,,no_direct_evidence,Unknown,Conference USA,18.9265536723,
utrgv,UTRGV,2021-22,2021,8.5915492958,2021-08-01,2020.0000000000,,unknown,,undated,,no_direct_evidence,Unknown,Unknown,8.7570621469,
utsa,UTSA,2021-22,2021,49.2957746479,2021-08-01,2020.0000000000,,unknown,,undated,,no_direct_evidence,Unknown,Conference USA,45.0564971751,
valparaiso,Valparaiso,2021-22,2021,8.5915492958,2021-08-01,2020.0000000000,,unknown,,undated,,no_direct_evidence,Unknown,Unknown,8.7570621469,
vanderbilt,Vanderbilt,2021-22,2021,81.6901408451,2021-08-01,2020.0000000000,,A,2015-07-07,date_in_source_url,https://vucommodores.com/news/2015/07/07/vanderbilt-nike-expand-agreement,eligible_direct_preseason,Nike,SEC,84.4632768362,
vcu,VCU,2021-22,2021,61.5492957746,2021-08-01,2020.0000000000,,unknown,,undated,,no_direct_evidence,Unknown,Atlantic 10,70.9039548023,
vermont,Vermont,2021-22,2021,77.1830985915,2021-08-01,2020.0000000000,,unknown,,undated,,no_direct_evidence,Unknown,America East,53.8135593220,
villanova,Villanova,2021-22,2021,85.0704225352,2021-08-01,2020.0000000000,,unknown,,undated,,no_direct_evidence,Unknown,Big East,76.4124293785,
virginia,Virginia,2021-22,2021,97.1830985915,2021-08-01,2020.0000000000,,unknown,,undated,https://athleticdirectoru.com/articles/cash-is-king-in-intercollegiate-apparel-agreements/,continuity_excluded,Unknown,ACC,97.1751412429,
virginia_military_institute,Virginia Military Institute,2021-22,2021,8.5915492958,2021-08-01,2020.0000000000,,unknown,,undated,,no_direct_evidence,Unknown,SoCon,24.4350282486,
virginia_tech,Virginia Tech,2021-22,2021,90.9859154930,2021-08-01,2020.0000000000,,A,2016-05-25,date_in_source_url,https://techsideline.com/article/2016/05/25/virginia-techs-nike-deal,eligible_direct_preseason,Nike,ACC,91.2429378531,
wagner,Wagner,2021-22,2021,39.2957746479,2021-08-01,2020.0000000000,,unknown,,undated,,no_direct_evidence,Unknown,Unknown,8.7570621469,
wake_forest,Wake Forest,2021-22,2021,87.6056338028,2021-08-01,2020.0000000000,,unknown,2021-12-16,explicit_source_date,https://godeacs.com/news/2021/12/16/general-wake-forest-teams-with-winston-salem-headquartered-globally-renowned-hanesbrands-inc-as-primary-licensed-apparel-partner,published_after_cutoff,Unknown,ACC,85.0282485876,
washington,Washington,2021-22,2021,91.8309859155,2021-08-01,2020.0000000000,,A,2018-04-10,date_in_source_url,https://gohuskies.com/news/2018/4/10/general-university-of-washington-agrees-to-terms-on-10-year-partnership-with-adidas,eligible_direct_preseason,adidas,Pac-12,90.9604519774,
washington_state,Washington State,2021-22,2021,74.9295774648,2021-08-01,2020.0000000000,,unknown,,undated,,no_direct_evidence,Unknown,Pac-12,74.8587570621,
weber_state,Weber State,2021-22,2021,26.9014084507,2021-08-01,2020.0000000000,,unknown,,undated,,no_direct_evidence,Unknown,Big Sky,51.9774011299,
west_virginia,West Virginia,2021-22,2021,82.6760563380,2021-08-01,2020.0000000000,,unknown,,undated,https://www2.kusports.com/weblogs/tale-tait/2017/sep/28/kus-deal-with-adidas-is-companys-second/,undated_or_invalid,Unknown,Big 12,86.4406779661,
western_carolina,Western Carolina,2021-22,2021,8.5915492958,2021-08-01,2020.0000000000,,unknown,,undated,,no_direct_evidence,Unknown,Unknown,8.7570621469,
western_illinois,Western Illinois,2021-22,2021,8.5915492958,2021-08-01,2020.0000000000,,unknown,,undated,,no_direct_evidence,Unknown,Summit,24.4350282486,
western_kentucky,Western Kentucky,2021-22,2021,62.3943661972,2021-08-01,2020.0000000000,,unknown,,undated,,no_direct_evidence,Unknown,Conference USA,68.6440677966,
western_michigan,Western Michigan,2021-22,2021,70.2816901408,2021-08-01,2020.0000000000,,unknown,,undated,,no_direct_evidence,Unknown,MAC,43.6440677966,
wichita_state,Wichita State,2021-22,2021,43.0985915493,2021-08-01,2020.0000000000,,unknown,,undated,,no_direct_evidence,Unknown,American,50.8474576271,
william_mary,William & Mary,2021-22,2021,21.8309859155,2021-08-01,2020.0000000000,,unknown,,undated,,no_direct_evidence,Unknown,CAA,30.2259887006,
winthrop,Winthrop,2021-22,2021,8.5915492958,2021-08-01,2020.0000000000,,unknown,,undated,,no_direct_evidence,Unknown,Big South,24.4350282486,
wisconsin,Wisconsin,2021-22,2021,93.5211267606,2021-08-01,2020.0000000000,,A,2015-10-09,date_in_source_url,https://uwbadgers.com/news/2015/10/9/GEN_1012155509,eligible_direct_preseason,Under Armour,Big Ten,89.8305084746,
wisconsin_green_bay,Wisconsin Green Bay,2021-22,2021,26.9014084507,2021-08-01,2020.0000000000,,unknown,,undated,,no_direct_evidence,Unknown,Unknown,8.7570621469,
wisconsin_milwaukee,Wisconsin Milwaukee,2021-22,2021,33.5211267606,2021-08-01,2020.0000000000,,unknown,,undated,,no_direct_evidence,Unknown,Horizon League,47.3163841808,
wofford,Wofford,2021-22,2021,8.5915492958,2021-08-01,2020.0000000000,,unknown,,undated,,no_direct_evidence,Unknown,Unknown,8.7570621469,
wright_state,Wright State,2021-22,2021,42.2535211268,2021-08-01,2020.0000000000,,unknown,,undated,,no_direct_evidence,Unknown,Horizon League,67.9378531073,
wyoming,Wyoming,2021-22,2021,65.0704225352,2021-08-01,2020.0000000000,,unknown,,undated,,no_direct_evidence,Unknown,Mountain West,66.9491525424,
xavier,Xavier,2021-22,2021,41.1267605634,2021-08-01,2020.0000000000,,unknown,,undated,,no_direct_evidence,Unknown,Big East,32.4858757062,
yale,Yale,2021-22,2021,84.5070422535,2021-08-01,2020.0000000000,,unknown,2026-09-03,date_in_source_url,https://yalebulldogs.com/news/2026/9/3/general-yale-athletics-and-under-armour-extend-partnership-through-2036.aspx,published_after_cutoff,Unknown,Unknown,8.7570621469,
youngstown_state,Youngstown State,2021-22,2021,50.7042253521,2021-08-01,2020.0000000000,,unknown,,undated,,no_direct_evidence,Unknown,Horizon League,59.7457627119,
abilene_christian,Abilene Christian,2022-23,2022,7.5418994413,2022-08-01,2021.0000000000,2020.0000000000,unknown,,undated,,no_direct_evidence,Unknown,WAC,46.4788732394,37.2881355932
air_force,Air Force,2022-23,2022,81.8435754190,2022-08-01,2021.0000000000,2020.0000000000,unknown,,undated,,no_direct_evidence,Unknown,Mountain West,81.4084507042,81.9209039548
akron,Akron,2022-23,2022,60.8938547486,2022-08-01,2021.0000000000,2020.0000000000,unknown,,undated,,no_direct_evidence,Unknown,MAC,33.5211267606,33.8983050847
alabama,Alabama,2022-23,2022,96.9273743017,2022-08-01,2021.0000000000,2020.0000000000,unknown,2025-08-28,date_in_source_url,https://www.sportsbusinessjournal.com/Articles/2025/08/28/alabama-quietly-extended-nike-deal-a-few-years-ago-terms-kept-private/?issueId=3MXGPV7JIFCSHHS6YCWC3BPPFM,published_after_cutoff,Unknown,SEC,94.0845070423,98.3050847458
alabama_a_m,Alabama A&M,2022-23,2022,7.5418994413,2022-08-01,2021.0000000000,2020.0000000000,unknown,,undated,,no_direct_evidence,Unknown,Unknown,8.5915492958,24.4350282486
alabama_state,Alabama State,2022-23,2022,33.5195530726,2022-08-01,2021.0000000000,2020.0000000000,unknown,,undated,,no_direct_evidence,Unknown,SWAC,44.2253521127,47.3163841808
albany,Albany,2022-23,2022,59.9162011173,2022-08-01,2021.0000000000,2020.0000000000,unknown,,undated,,no_direct_evidence,Unknown,America East,21.8309859155,8.7570621469
alcorn_state,Alcorn State,2022-23,2022,7.5418994413,2022-08-01,2021.0000000000,2020.0000000000,unknown,,undated,,no_direct_evidence,Unknown,Unknown,8.5915492958,8.7570621469
american,American,2022-23,2022,27.6536312849,2022-08-01,2021.0000000000,2020.0000000000,unknown,,undated,,no_direct_evidence,Unknown,Patriot,45.6338028169,47.3163841808
appalachian_state,Appalachian State,2022-23,2022,18.0167597765,2022-08-01,2021.0000000000,2020.0000000000,unknown,,undated,,no_direct_evidence,Unknown,Sun Belt,41.6901408451,52.4011299435
arizona,Arizona,2022-23,2022,88.2681564246,2022-08-01,2021.0000000000,2020.0000000000,A,2015-08-13,date_in_source_url,https://arizonawildcats.com/news/2015/8/13/210266319,eligible_direct_preseason,Nike,Pac-12,90.4225352113,92.6553672316
arizona_state,Arizona State,2022-23,2022,90.5027932961,2022-08-01,2021.0000000000,2020.0000000000,A,2014-12-16,date_in_source_url,https://thesundevils.com/news/2014/12/16/sun-devil-athletics-adidas-announce-8-year-partnership,eligible_direct_preseason,adidas,Pac-12,92.9577464789,94.6327683616
arkansas,Arkansas,2022-23,2022,96.6480446927,2022-08-01,2021.0000000000,2020.0000000000,unknown,,undated,https://web.archive.org/web/20171001190209/http://www.arkansasrazorbacks.com/,continuity_excluded,Unknown,SEC,98.3098591549,98.0225988701
arkansas_little_rock,Arkansas Little Rock,2022-23,2022,18.5754189944,2022-08-01,2021.0000000000,2020.0000000000,unknown,,undated,,no_direct_evidence,Unknown,Sun Belt,29.2957746479,41.8079096045
arkansas_pine_bluff,Arkansas Pine Bluff,2022-23,2022,16.0614525140,2022-08-01,2021.0000000000,2020.0000000000,unknown,,undated,,no_direct_evidence,Unknown,Unknown,8.5915492958,8.7570621469
arkansas_state,Arkansas State,2022-23,2022,63.4078212291,2022-08-01,2021.0000000000,2020.0000000000,unknown,,undated,,no_direct_evidence,Unknown,Sun Belt,49.5774647887,66.5254237288
army_west_point,Army West Point,2022-23,2022,70.3910614525,2022-08-01,2021.0000000000,2020.0000000000,unknown,,undated,,no_direct_evidence,Unknown,Patriot,69.0140845070,61.5819209040
auburn,Auburn,2022-23,2022,90.2234636872,2022-08-01,2021.0000000000,2020.0000000000,unknown,2025-07-24,date_in_source_url,https://auburntigers.com/news/2025/07/24/such-an-iconic-mark-how-auburn-equipment-managed-the-switch-to-nike,published_after_cutoff,Unknown,SEC,91.2676056338,86.1581920904
austin_peay_state,Austin Peay State,2022-23,2022,7.5418994413,2022-08-01,2021.0000000000,2020.0000000000,unknown,,undated,,no_direct_evidence,Unknown,OVC,17.1830985915,24.4350282486
ball_state,Ball State,2022-23,2022,75.4189944134,2022-08-01,2021.0000000000,2020.0000000000,unknown,,undated,,no_direct_evidence,Unknown,MAC,71.8309859155,49.5762711864
baylor,Baylor,2022-23,2022,87.4301675978,2022-08-01,2021.0000000000,2020.0000000000,unknown,2022-05-02,date_in_source_url,https://baylorbears.com/documents/download/2022/5/2/BU_BSB_Game_Notes_2022_45_Tarleton.pdf,continuity_excluded,Unknown,Big 12,87.0422535211,92.0903954802
bellarmine,Bellarmine,2022-23,2022,7.5418994413,2022-08-01,2021.0000000000,2020.0000000000,unknown,,undated,,no_direct_evidence,Unknown,Unknown,8.5915492958,8.7570621469
belmont,Belmont,2022-23,2022,23.3240223464,2022-08-01,2021.0000000000,2020.0000000000,unknown,,undated,,no_direct_evidence,Unknown,OVC,33.5211267606,58.7570621469
bethune_cookman,Bethune-Cookman,2022-23,2022,7.5418994413,2022-08-01,2021.0000000000,2020.0000000000,unknown,,undated,,no_direct_evidence,Unknown,Unknown,8.5915492958,8.7570621469
binghamton,Binghamton,2022-23,2022,18.9944134078,2022-08-01,2021.0000000000,2020.0000000000,unknown,,undated,,no_direct_evidence,Unknown,America East,47.6056338028,34.7457627119
boise_state,Boise State,2022-23,2022,65.3631284916,2022-08-01,2021.0000000000,2020.0000000000,unknown,,undated,,no_direct_evidence,Unknown,Mountain West,68.4507042254,71.1864406780
boston_college,Boston College,2022-23,2022,70.9497206704,2022-08-01,2021.0000000000,2020.0000000000,A,2021-04-13,date_in_source_url,https://bceagles.com/news/2021/4/13/boston-college-athletics-announces-10-year-agreement-with-new-balance,eligible_direct_preseason,other,ACC,69.5774647887,79.3785310734
boston_university,Boston University,2022-23,2022,65.9217877095,2022-08-01,2021.0000000000,2020.0000000000,unknown,,undated,,no_direct_evidence,Unknown,Patriot,53.5211267606,47.3163841808
bowling_green,Bowling Green,2022-23,2022,35.8938547486,2022-08-01,2021.0000000000,2020.0000000000,unknown,,undated,,no_direct_evidence,Unknown,MAC,44.2253521127,47.3163841808
bradley,Bradley,2022-23,2022,40.5027932961,2022-08-01,2021.0000000000,2020.0000000000,unknown,,undated,,no_direct_evidence,Unknown,Unknown,8.5915492958,24.4350282486
brown,Brown,2022-23,2022,66.2011173184,2022-08-01,2021.0000000000,2020.0000000000,unknown,,undated,,no_direct_evidence,Unknown,Ivy League,73.5211267606,44.0677966102
bryant,Bryant,2022-23,2022,39.6648044693,2022-08-01,2021.0000000000,2020.0000000000,unknown,,undated,,no_direct_evidence,Unknown,Northeast,26.9014084507,24.4350282486
bucknell,Bucknell,2022-23,2022,23.3240223464,2022-08-01,2021.0000000000,2020.0000000000,unknown,,undated,,no_direct_evidence,Unknown,Patriot,30.9859154930,72.8813559322
buffalo,Buffalo,2022-23,2022,50.0000000000,2022-08-01,2021.0000000000,2020.0000000000,unknown,,undated,,no_direct_evidence,Unknown,MAC,21.8309859155,55.2259887006
butler,Butler,2022-23,2022,49.5810055866,2022-08-01,2021.0000000000,2020.0000000000,unknown,,undated,,no_direct_evidence,Unknown,Big East,59.4366197183,39.9717514124
byu,BYU,2022-23,2022,89.9441340782,2022-08-01,2021.0000000000,2020.0000000000,A,2019-03-08,date_in_source_url,https://byucougars.com/news/2019/03/08/byu-announces-new-nike-partnership,eligible_direct_preseason,Nike,WCC,92.1126760563,95.4802259887
cal_poly,Cal Poly,2022-23,2022,45.5307262570,2022-08-01,2021.0000000000,2020.0000000000,unknown,,undated,,no_direct_evidence,Unknown,Big West,51.4084507042,61.5819209040
cal_state_bakersfield,Cal State Bakersfield,2022-23,2022,18.0167597765,2022-08-01,2021.0000000000,2020.0000000000,unknown,,undated,,no_direct_evidence,Unknown,Big West,17.6056338028,29.8022598870
cal_state_fullerton,Cal State Fullerton,2022-23,2022,46.3687150838,2022-08-01,2021.0000000000,2020.0000000000,unknown,,undated,,no_direct_evidence,Unknown,Big West,40.2816901408,8.7570621469
cal_state_northridge,Cal State Northridge,2022-23,2022,7.5418994413,2022-08-01,2021.0000000000,2020.0000000000,unknown,,undated,,no_direct_evidence,Unknown,Unknown,8.5915492958,8.7570621469
california,California,2022-23,2022,94.1340782123,2022-08-01,2021.0000000000,2020.0000000000,unknown,,undated,https://writeforcalifornia.com/p/cal-under-armour-nike-deal,undated_or_invalid,Unknown,Pac-12,92.6760563380,88.8418079096
california_baptist,California Baptist,2022-23,2022,64.5251396648,2022-08-01,2021.0000000000,2020.0000000000,unknown,,undated,,no_direct_evidence,Unknown,Unknown,8.5915492958,24.4350282486
campbell,Campbell,2022-23,2022,72.0670391061,2022-08-01,2021.0000000000,2020.0000000000,unknown,,undated,,no_direct_evidence,Unknown,Big South,71.2676056338,77.9661016949
canisius,Canisius,2022-23,2022,23.3240223464,2022-08-01,2021.0000000000,2020.0000000000,unknown,,undated,,no_direct_evidence,Unknown,MAAC,33.5211267606,8.7570621469
central_arkansas,Central Arkansas,2022-23,2022,29.8882681564,2022-08-01,2021.0000000000,2020.0000000000,unknown,,undated,,no_direct_evidence,Unknown,Unknown,8.5915492958,8.7570621469
central_connecticut_state,Central Connecticut State,2022-23,2022,23.3240223464,2022-08-01,2021.0000000000,2020.0000000000,unknown,,undated,,no_direct_evidence,Unknown,Northeast,21.8309859155,37.2881355932
central_michigan,Central Michigan,2022-23,2022,32.1229050279,2022-08-01,2021.0000000000,2020.0000000000,unknown,,undated,,no_direct_evidence,Unknown,MAC,66.6197183099,74.0112994350
charleston_southern,Charleston Southern,2022-23,2022,23.3240223464,2022-08-01,2021.0000000000,2020.0000000000,unknown,,undated,,no_direct_evidence,Unknown,Big South,26.9014084507,24.4350282486
charlotte,Charlotte,2022-23,2022,62.7094972067,2022-08-01,2021.0000000000,2020.0000000000,unknown,,undated,,no_direct_evidence,Unknown,Conference USA,55.3521126761,72.5988700565
chicago_state,Chicago State,2022-23,2022,7.5418994413,2022-08-01,2021.0000000000,2020.0000000000,unknown,,undated,,no_direct_evidence,Unknown,Unknown,8.5915492958,8.7570621469
cincinnati,Cincinnati,2022-23,2022,59.4972067039,2022-08-01,2021.0000000000,2020.0000000000,unknown,,undated,https://www.si.com/college/cincinnati/news/uc-officially-announces-nike-jordan-brand-deal-with-bsn-sports,undated_or_invalid,Unknown,American,60.9859154930,59.7457627119
citadel,Citadel,2022-23,2022,7.5418994413,2022-08-01,2021.0000000000,2020.0000000000,unknown,,undated,,no_direct_evidence,Unknown,SoCon,38.7323943662,8.7570621469
clemson,Clemson,2022-23,2022,86.0335195531,2022-08-01,2021.0000000000,2020.0000000000,A,2018-08-03,date_in_source_url,https://clemsontigers.com/news/2018/08/03/clemson-nike-agree-to-10-year-partnership-extension,eligible_direct_preseason,Nike,ACC,81.9718309859,90.1129943503
cleveland_state,Cleveland State,2022-23,2022,35.8938547486,2022-08-01,2021.0000000000,2020.0000000000,unknown,,undated,,no_direct_evidence,Unknown,Horizon League,17.6056338028,63.2768361582
coastal_carolina,Coastal Carolina,2022-23,2022,52.7932960894,2022-08-01,2021.0000000000,2020.0000000000,unknown,,undated,,no_direct_evidence,Unknown,Sun Belt,69.2957746479,70.6214689266
colgate,Colgate,2022-23,2022,64.2458100559,2022-08-01,2021.0000000000,2020.0000000000,unknown,,undated,,no_direct_evidence,Unknown,Patriot,57.4647887324,37.2881355932
college_of_charleston,College of Charleston,2022-23,2022,32.9608938547,2022-08-01,2021.0000000000,2020.0000000000,unknown,,undated,,no_direct_evidence,Unknown,CAA,39.8591549296,29.3785310734
colorado,Colorado,2022-23,2022,83.2402234637,2022-08-01,2021.0000000000,2020.0000000000,unknown,,undated,https://football.hkm.com/wp-content/uploads/2020/08/2020_02-28_DORRELL_Karl_Employment_Agreement_FINAL_FOR_REGENT_APPROVAL-FULLY-EXECUTED.pdf,undated_or_invalid,Unknown,Pac-12,83.9436619718,85.5932203390
colorado_state,Colorado State,2022-23,2022,67.5977653631,2022-08-01,2021.0000000000,2020.0000000000,unknown,,undated,,no_direct_evidence,Unknown,Mountain West,70.2816901408,60.1694915254
columbia,Columbia,2022-23,2022,77.9329608939,2022-08-01,2021.0000000000,2020.0000000000,unknown,,undated,,no_direct_evidence,Unknown,Ivy League,79.1549295775,8.7570621469
coppin_state,Coppin State,2022-23,2022,7.5418994413,2022-08-01,2021.0000000000,2020.0000000000,unknown,,undated,,no_direct_evidence,Unknown,MEAC,21.8309859155,8.7570621469
cornell,Cornell,2022-23,2022,82.4022346369,2022-08-01,2021.0000000000,2020.0000000000,unknown,,undated,,no_direct_evidence,Unknown,Ivy League,76.9014084507,17.9378531073
creighton,Creighton,2022-23,2022,75.1396648045,2022-08-01,2021.0000000000,2020.0000000000,unknown,,undated,,no_direct_evidence,Unknown,Big East,76.0563380282,54.3785310734
dartmouth,Dartmouth,2022-23,2022,46.3687150838,2022-08-01,2021.0000000000,2020.0000000000,unknown,,undated,,no_direct_evidence,Unknown,Ivy League,38.7323943662,8.7570621469
davidson,Davidson,2022-23,2022,28.3519553073,2022-08-01,2021.0000000000,2020.0000000000,unknown,,undated,,no_direct_evidence,Unknown,Atlantic 10,39.8591549296,31.6384180791
dayton,Dayton,2022-23,2022,7.5418994413,2022-08-01,2021.0000000000,2020.0000000000,unknown,,undated,,no_direct_evidence,Unknown,Atlantic 10,44.2253521127,37.2881355932
delaware,Delaware,2022-23,2022,68.4357541899,2022-08-01,2021.0000000000,2020.0000000000,unknown,,undated,,no_direct_evidence,Unknown,CAA,70.9859154930,62.2881355932
delaware_state,Delaware State,2022-23,2022,23.3240223464,2022-08-01,2021.0000000000,2020.0000000000,unknown,,undated,,no_direct_evidence,Unknown,Unknown,8.5915492958,32.0621468927
denver,Denver,2022-23,2022,82.6815642458,2022-08-01,2021.0000000000,2020.0000000000,unknown,,undated,,no_direct_evidence,Unknown,Summit,83.6619718310,85.8757062147
depaul,DePaul,2022-23,2022,7.5418994413,2022-08-01,2021.0000000000,2020.0000000000,unknown,,undated,,no_direct_evidence,Unknown,Big East,26.9014084507,24.4350282486
detroit,Detroit,2022-23,2022,7.5418994413,2022-08-01,2021.0000000000,2020.0000000000,unknown,,undated,,no_direct_evidence,Unknown,Unknown,8.5915492958,8.7570621469
drake,Drake,2022-23,2022,69.8324022346,2022-08-01,2021.0000000000,2020.0000000000,unknown,,undated,,no_direct_evidence,Unknown,Missouri Valley,38.3098591549,52.4011299435
drexel,Drexel,2022-23,2022,42.1787709497,2022-08-01,2021.0000000000,2020.0000000000,unknown,,undated,,no_direct_evidence,Unknown,CAA,40.8450704225,67.9378531073
duke,Duke,2022-23,2022,95.8100558659,2022-08-01,2021.0000000000,2020.0000000000,A,2015-10-15,date_in_source_url,https://goduke.com/news/2015/10/15/210424501,eligible_direct_preseason,Nike,ACC,94.3661971831,94.3502824859
duquesne,Duquesne,2022-23,2022,31.4245810056,2022-08-01,2021.0000000000,2020.0000000000,unknown,,undated,,no_direct_evidence,Unknown,Unknown,8.5915492958,32.0621468927
east_carolina,East Carolina,2022-23,2022,58.6592178771,2022-08-01,2021.0000000000,2020.0000000000,unknown,,undated,,no_direct_evidence,Unknown,American,45.3521126761,56.0734463277
east_tennessee_state,East Tennessee State,2022-23,2022,51.9553072626,2022-08-01,2021.0000000000,2020.0000000000,unknown,,undated,,no_direct_evidence,Unknown,SoCon,65.9154929577,49.5762711864
eastern_illinois,Eastern Illinois,2022-23,2022,35.8938547486,2022-08-01,2021.0000000000,2020.0000000000,unknown,,undated,,no_direct_evidence,Unknown,Unknown,8.5915492958,8.7570621469
eastern_kentucky,Eastern Kentucky,2022-23,2022,30.8659217877,2022-08-01,2021.0000000000,2020.0000000000,unknown,,undated,,no_direct_evidence,Unknown,ASUN,29.5774647887,37.2881355932
eastern_michigan,Eastern Michigan,2022-23,2022,44.1340782123,2022-08-01,2021.0000000000,2020.0000000000,unknown,,undated,,no_direct_evidence,Unknown,MAC,30.7042253521,41.2429378531
eastern_washington,Eastern Washington,2022-23,2022,7.5418994413,2022-08-01,2021.0000000000,2020.0000000000,unknown,,undated,,no_direct_evidence,Unknown,Big Sky,36.6197183099,37.2881355932
elon,Elon,2022-23,2022,35.8938547486,2022-08-01,2021.0000000000,2020.0000000000,unknown,,undated,,no_direct_evidence,Unknown,Unknown,8.5915492958,24.4350282486
evansville,Evansville,2022-23,2022,7.5418994413,2022-08-01,2021.0000000000,2020.0000000000,unknown,,undated,,no_direct_evidence,Unknown,Unknown,8.5915492958,19.4915254237
fairfield,Fairfield,2022-23,2022,23.3240223464,2022-08-01,2021.0000000000,2020.0000000000,unknown,,undated,,no_direct_evidence,Unknown,MAAC,54.0845070423,47.3163841808
fairleigh_dickinson,Fairleigh Dickinson,2022-23,2022,74.0223463687,2022-08-01,2021.0000000000,2020.0000000000,unknown,,undated,,no_direct_evidence,Unknown,Northeast,60.9859154930,51.6949152542
florida,Florida,2022-23,2022,98.8826815642,2022-08-01,2021.0000000000,2020.0000000000,unknown,,undated,https://www.onlygators.com/02/25/2015/florida-gators-extend-apparel-contract-with-nike/,undated_or_invalid,Unknown,SEC,98.8732394366,98.8700564972
florida_a_m,Florida A&M,2022-23,2022,46.3687150838,2022-08-01,2021.0000000000,2020.0000000000,unknown,,undated,,no_direct_evidence,Unknown,SWAC,33.5211267606,17.5141242938
florida_atlantic,Florida Atlantic,2022-23,2022,64.8044692737,2022-08-01,2021.0000000000,2020.0000000000,unknown,,undated,,no_direct_evidence,Unknown,Conference USA,39.2957746479,24.4350282486
florida_gulf_coast,Florida Gulf Coast,2022-23,2022,60.6145251397,2022-08-01,2021.0000000000,2020.0000000000,unknown,,undated,,no_direct_evidence,Unknown,ASUN,55.9154929577,55.2259887006
florida_international,Florida International,2022-23,2022,71.3687150838,2022-08-01,2021.0000000000,2020.0000000000,unknown,,undated,,no_direct_evidence,Unknown,Conference USA,66.1971830986,24.4350282486
florida_state,Florida State,2022-23,2022,95.5307262570,2022-08-01,2021.0000000000,2020.0000000000,unknown,2024-01-15,date_in_source_url,https://seminoles.com/documents/download/2024/1/15/Florida_State_University_Department_of_Intercollegiate_Athletics_FY23.pdf,published_after_cutoff,Unknown,ACC,96.3380281690,95.7627118644
fordham,Fordham,2022-23,2022,46.3687150838,2022-08-01,2021.0000000000,2020.0000000000,unknown,,undated,,no_direct_evidence,Unknown,Atlantic 10,33.5211267606,37.2881355932
fresno_state,Fresno State,2022-23,2022,56.7039106145,2022-08-01,2021.0000000000,2020.0000000000,unknown,,undated,,no_direct_evidence,Unknown,Mountain West,55.9154929577,73.3050847458
furman,Furman,2022-23,2022,68.7150837989,2022-08-01,2021.0000000000,2020.0000000000,unknown,,undated,,no_direct_evidence,Unknown,SoCon,63.9436619718,63.8418079096
gardner_webb,Gardner-Webb,2022-23,2022,51.1173184358,2022-08-01,2021.0000000000,2020.0000000000,unknown,,undated,,no_direct_evidence,Unknown,Unknown,8.5915492958,20.3389830508
george_mason,George Mason,2022-23,2022,50.5586592179,2022-08-01,2021.0000000000,2020.0000000000,unknown,,undated,,no_direct_evidence,Unknown,Unknown,8.5915492958,8.7570621469
george_washington,George Washington,2022-23,2022,29.1899441341,2022-08-01,2021.0000000000,2020.0000000000,unknown,,undated,,no_direct_evidence,Unknown,Unknown,8.5915492958,24.4350282486
georgetown,Georgetown,2022-23,2022,81.5642458101,2022-08-01,2021.0000000000,2020.0000000000,unknown,,undated,,no_direct_evidence,Unknown,Big East,80.5633802817,82.4858757062
georgia,Georgia,2022-23,2022,98.3240223464,2022-08-01,2021.0000000000,2020.0000000000,A,2015-05-20,date_in_source_url,https://www.sportsbusinessjournal.com/Daily/Issues/2015/05/20/Marketing-and-Sponsorship/Georgia-Nike/,eligible_direct_preseason,Nike,SEC,94.9295774648,97.4576271186
georgia_southern,Georgia Southern,2022-23,2022,42.7374301676,2022-08-01,2021.0000000000,2020.0000000000,unknown,,undated,,no_direct_evidence,Unknown,Sun Belt,60.0000000000,57.6271186441
georgia_state,Georgia State,2022-23,2022,39.6648044693,2022-08-01,2021.0000000000,2020.0000000000,unknown,,undated,,no_direct_evidence,Unknown,Sun Belt,75.4929577465,33.1920903955
georgia_tech,Georgia Tech,2022-23,2022,78.4916201117,2022-08-01,2021.0000000000,2020.0000000000,A,2017-08-22,date_in_source_url,https://ramblinwreck.com/news/2017/08/22/georgia-tech-joins-adidas-roster-of-collegiate-partnerships,eligible_direct_preseason,adidas,ACC,81.1267605634,87.8531073446
gonzaga,Gonzaga,2022-23,2022,77.6536312849,2022-08-01,2021.0000000000,2020.0000000000,unknown,,undated,,no_direct_evidence,Unknown,WCC,78.3098591549,76.8361581921
grambling_state,Grambling State,2022-23,2022,7.5418994413,2022-08-01,2021.0000000000,2020.0000000000,unknown,,undated,,no_direct_evidence,Unknown,Unknown,8.5915492958,8.7570621469
grand_canyon,Grand Canyon,2022-23,2022,73.7430167598,2022-08-01,2021.0000000000,2020.0000000000,unknown,,undated,,no_direct_evidence,Unknown,WAC,61.5492957746,71.4689265537
hartford,Hartford,2022-23,2022,7.5418994413,2022-08-01,2021.0000000000,2020.0000000000,unknown,,undated,,no_direct_evidence,Unknown,Unknown,8.5915492958,24.4350282486
harvard,Harvard,2022-23,2022,88.8268156425,2022-08-01,2021.0000000000,2020.0000000000,unknown,,undated,,no_direct_evidence,Unknown,Ivy League,89.2957746479,8.7570621469
hawaii,Hawaii,2022-23,2022,80.7262569832,2022-08-01,2021.0000000000,2020.0000000000,unknown,,undated,,no_direct_evidence,Unknown,Big West,74.3661971831,76.4124293785
high_point,High Point,2022-23,2022,61.3128491620,2022-08-01,2021.0000000000,2020.0000000000,unknown,,undated,,no_direct_evidence,Unknown,Big South,52.1126760563,78.5310734463
hofstra,Hofstra,2022-23,2022,46.3687150838,2022-08-01,2021.0000000000,2020.0000000000,unknown,,undated,,no_direct_evidence,Unknown,CAA,65.6338028169,49.1525423729
holy_cross,Holy Cross,2022-23,2022,51.9553072626,2022-08-01,2021.0000000000,2020.0000000000,unknown,,undated,,no_direct_evidence,Unknown,Patriot,36.6197183099,24.4350282486
houston,Houston,2022-23,2022,81.2849162011,2022-08-01,2021.0000000000,2020.0000000000,unknown,,undated,https://www.houstonchronicle.com/texas-sports-nation/college/article/houston-cougars-basketball-jordan-brand-impact-17851683.php,undated_or_invalid,Unknown,American,72.3943661972,78.8135593220
houston_christian,Houston Christian,2022-23,2022,7.5418994413,2022-08-01,2021.0000000000,2020.0000000000,unknown,,undated,,no_direct_evidence,Unknown,Unknown,8.5915492958,18.9265536723
howard,Howard,2022-23,2022,23.3240223464,2022-08-01,2021.0000000000,2020.0000000000,unknown,,undated,,no_direct_evidence,Unknown,MEAC,52.5352112676,8.7570621469
idaho,Idaho,2022-23,2022,35.8938547486,2022-08-01,2021.0000000000,2020.0000000000,unknown,,undated,,no_direct_evidence,Unknown,Big Sky,21.8309859155,20.0564971751
idaho_state,Idaho State,2022-23,2022,7.5418994413,2022-08-01,2021.0000000000,2020.0000000000,unknown,,undated,,no_direct_evidence,Unknown,Unknown,8.5915492958,24.4350282486
illinois,Illinois,2022-23,2022,85.1955307263,2022-08-01,2021.0000000000,2020.0000000000,A,2016-01-15,date_in_source_url,https://fightingillini.com/news/2016/1/15/GEN_0115160058,eligible_direct_preseason,Nike,Big Ten,85.6338028169,87.0056497175
illinois_chicago,Illinois Chicago,2022-23,2022,7.5418994413,2022-08-01,2021.0000000000,2020.0000000000,unknown,,undated,,no_direct_evidence,Unknown,Horizon League,21.8309859155,37.2881355932
illinois_state,Illinois State,2022-23,2022,17.5977653631,2022-08-01,2021.0000000000,2020.0000000000,unknown,,undated,,no_direct_evidence,Unknown,Missouri Valley,50.9859154930,34.1807909605
incarnate_word,Incarnate Word,2022-23,2022,56.0055865922,2022-08-01,2021.0000000000,2020.0000000000,unknown,,undated,,no_direct_evidence,Unknown,Southland,48.5915492958,34.4632768362
indiana,Indiana,2022-23,2022,89.1061452514,2022-08-01,2021.0000000000,2020.0000000000,A,2015-08-18,date_in_source_url,https://iuhoosiers.com/news/2015/8/18/GEN_0818151235,eligible_direct_preseason,adidas,Big Ten,82.2535211268,90.6779661017
indiana_state,Indiana State,2022-23,2022,43.5754189944,2022-08-01,2021.0000000000,2020.0000000000,unknown,,undated,,no_direct_evidence,Unknown,Unknown,8.5915492958,30.9322033898
iona,Iona,2022-23,2022,47.4860335196,2022-08-01,2021.0000000000,2020.0000000000,unknown,,undated,,no_direct_evidence,Unknown,MAAC,25.7746478873,54.8022598870
iowa,Iowa,2022-23,2022,86.8715083799,2022-08-01,2021.0000000000,2020.0000000000,unknown,,undated,https://athleticdirectoru.com/articles/cash-is-king-in-intercollegiate-apparel-agreements/,continuity_excluded,Unknown,Big Ten,84.7887323944,91.8079096045
iowa_state,Iowa State,2022-23,2022,82.9608938547,2022-08-01,2021.0000000000,2020.0000000000,unknown,,undated,,no_direct_evidence,Unknown,Big 12,88.4507042254,89.5480225989
ipfw,IPFW,2022-23,2022,16.0614525140,2022-08-01,2021.0000000000,2020.0000000000,unknown,,undated,,no_direct_evidence,Unknown,Unknown,8.5915492958,8.7570621469
iupui,IUPUI,2022-23,2022,7.5418994413,2022-08-01,2021.0000000000,2020.0000000000,unknown,,undated,,no_direct_evidence,Unknown,Horizon League,21.8309859155,8.7570621469
jackson_state,Jackson State,2022-23,2022,23.3240223464,2022-08-01,2021.0000000000,2020.0000000000,unknown,,undated,,no_direct_evidence,Unknown,SWAC,33.5211267606,37.2881355932
jacksonville,Jacksonville,2022-23,2022,41.4804469274,2022-08-01,2021.0000000000,2020.0000000000,unknown,,undated,,no_direct_evidence,Unknown,ASUN,47.0422535211,60.4519774011
jacksonville_state,Jacksonville State,2022-23,2022,7.5418994413,2022-08-01,2021.0000000000,2020.0000000000,unknown,,undated,,no_direct_evidence,Unknown,ASUN,21.8309859155,43.6440677966
james_madison,James Madison,2022-23,2022,58.6592178771,2022-08-01,2021.0000000000,2020.0000000000,unknown,,undated,,no_direct_evidence,Unknown,CAA,64.6478873239,81.3559322034
kansas,Kansas,2022-23,2022,82.1229050279,2022-08-01,2021.0000000000,2020.0000000000,unknown,,undated,https://news.adidas.com/sports-performance/adidas-and-university-of-kansas-announce-an-extension-in-their-long-term-partnership/s/75f006e9-ed57-4ba1-b3fe-ddc1372145ff,undated_or_invalid,Unknown,Big 12,83.0985915493,77.1186440678
kansas_state,Kansas State,2022-23,2022,74.5810055866,2022-08-01,2021.0000000000,2020.0000000000,unknown,,undated,https://www.kansas.com/sports/college/big-12/kansas-state/article254569392.html,undated_or_invalid,Unknown,Big 12,78.0281690141,61.0169491525
kennesaw_state,Kennesaw State,2022-23,2022,57.2625698324,2022-08-01,2021.0000000000,2020.0000000000,unknown,,undated,,no_direct_evidence,Unknown,ASUN,65.3521126761,52.8248587571
kent_state,Kent State,2022-23,2022,30.4469273743,2022-08-01,2021.0000000000,2020.0000000000,unknown,,undated,,no_direct_evidence,Unknown,MAC,58.1690140845,77.4011299435
kentucky,Kentucky,2022-23,2022,95.2513966480,2022-08-01,2021.0000000000,2020.0000000000,A,2015-03-05,date_in_source_url,https://www.sportsbusinessjournal.com/Daily/Issues/2015/03/05/Marketing-and-Sponsorship/UK-Nike/,eligible_direct_preseason,Nike,SEC,97.7464788732,96.8926553672
la_salle,La Salle,2022-23,2022,27.9329608939,2022-08-01,2021.0000000000,2020.0000000000,unknown,,undated,,no_direct_evidence,Unknown,Unknown,8.5915492958,8.7570621469
lafayette,Lafayette,2022-23,2022,7.5418994413,2022-08-01,2021.0000000000,2020.0000000000,unknown,,undated,,no_direct_evidence,Unknown,Unknown,8.5915492958,8.7570621469
lamar,Lamar,2022-23,2022,23.3240223464,2022-08-01,2021.0000000000,2020.0000000000,unknown,,undated,,no_direct_evidence,Unknown,WAC,25.7746478873,8.7570621469
lehigh,Lehigh,2022-23,2022,48.4636871508,2022-08-01,2021.0000000000,2020.0000000000,unknown,,undated,,no_direct_evidence,Unknown,Patriot,48.5915492958,55.6497175141
liberty,Liberty,2022-23,2022,72.9050279330,2022-08-01,2021.0000000000,2020.0000000000,unknown,,undated,,no_direct_evidence,Unknown,ASUN,79.4366197183,79.9435028249
lindenwood,Lindenwood,2022-23,2022,7.5418994413,2022-08-01,,,unknown,,undated,,no_direct_evidence,Unknown,Unknown,,
lipscomb,Lipscomb,2022-23,2022,55.0279329609,2022-08-01,2021.0000000000,2020.0000000000,unknown,,undated,,no_direct_evidence,Unknown,ASUN,47.8873239437,33.6158192090
liu_brooklyn,LIU Brooklyn,2022-23,2022,67.0391061453,2022-08-01,2021.0000000000,2020.0000000000,unknown,,undated,,no_direct_evidence,Unknown,Northeast,58.1690140845,58.7570621469
long_beach_state,Long Beach State,2022-23,2022,66.7597765363,2022-08-01,2021.0000000000,2020.0000000000,unknown,,undated,,no_direct_evidence,Unknown,Big West,59.1549295775,39.9717514124
longwood,Longwood,2022-23,2022,16.0614525140,2022-08-01,2021.0000000000,2020.0000000000,unknown,,undated,,no_direct_evidence,Unknown,Big South,33.5211267606,8.7570621469
louisiana,Louisiana,2022-23,2022,67.8770949721,2022-08-01,2021.0000000000,2020.0000000000,unknown,,undated,,no_direct_evidence,Unknown,Sun Belt,67.0422535211,62.7118644068
louisiana_monroe,Louisiana Monroe,2022-23,2022,29.6089385475,2022-08-01,2021.0000000000,2020.0000000000,unknown,,undated,,no_direct_evidence,Unknown,Unknown,8.5915492958,8.7570621469
louisiana_tech,Louisiana Tech,2022-23,2022,31.4245810056,2022-08-01,2021.0000000000,2020.0000000000,unknown,,undated,,no_direct_evidence,Unknown,Conference USA,52.9577464789,58.7570621469
louisville,Louisville,2022-23,2022,91.3407821229,2022-08-01,2021.0000000000,2020.0000000000,A,2017-08-25,date_in_source_url,https://gocards.com/news/2017/8/25/general-louisville-adidas-strike-landmark-10-year-partnership-through-2027-28,eligible_direct_preseason,adidas,ACC,90.7042253521,88.8418079096
loyola_chicago,Loyola Chicago,2022-23,2022,38.4078212291,2022-08-01,2021.0000000000,2020.0000000000,unknown,,undated,,no_direct_evidence,Unknown,Missouri Valley,33.5211267606,56.4971751412
loyola_maryland,Loyola Maryland,2022-23,2022,44.8324022346,2022-08-01,2021.0000000000,2020.0000000000,unknown,,undated,,no_direct_evidence,Unknown,Patriot,54.0845070423,65.8192090395
loyola_marymount,Loyola Marymount,2022-23,2022,63.6871508380,2022-08-01,2021.0000000000,2020.0000000000,unknown,,undated,,no_direct_evidence,Unknown,WCC,67.3239436620,60.7344632768
lsu,LSU,2022-23,2022,97.7653631285,2022-08-01,2021.0000000000,2020.0000000000,unknown,,undated,https://about.nike.com/en/newsroom/releases/nike-lsu-partnership-extension,undated_or_invalid,Unknown,SEC,95.7746478873,96.0451977401
maine,Maine,2022-23,2022,23.3240223464,2022-08-01,2021.0000000000,2020.0000000000,unknown,,undated,,no_direct_evidence,Unknown,America East,21.8309859155,8.7570621469
manhattan,Manhattan,2022-23,2022,7.5418994413,2022-08-01,2021.0000000000,2020.0000000000,unknown,,undated,,no_direct_evidence,Unknown,MAAC,21.8309859155,24.4350282486
marist,Marist,2022-23,2022,35.8938547486,2022-08-01,2021.0000000000,2020.0000000000,unknown,,undated,,no_direct_evidence,Unknown,MAAC,21.8309859155,63.5593220339
marquette,Marquette,2022-23,2022,73.1843575419,2022-08-01,2021.0000000000,2020.0000000000,unknown,,undated,,no_direct_evidence,Unknown,Big East,33.5211267606,54.3785310734
marshall,Marshall,2022-23,2022,56.0055865922,2022-08-01,2021.0000000000,2020.0000000000,unknown,,undated,,no_direct_evidence,Unknown,Conference USA,44.2253521127,67.9378531073
maryland,Maryland,2022-23,2022,87.9888268156,2022-08-01,2021.0000000000,2020.0000000000,unknown,,undated,https://about.underarmour.com/en/stories/2024/06/university-of-maryland-and-under-armour-announce-12-year-extensi.html,undated_or_invalid,Unknown,Big Ten,87.3239436620,87.2881355932
maryland_eastern_shore,Maryland Eastern Shore,2022-23,2022,7.5418994413,2022-08-01,2021.0000000000,2020.0000000000,unknown,,undated,,no_direct_evidence,Unknown,Unknown,8.5915492958,8.7570621469
massachusetts,Massachusetts,2022-23,2022,23.3240223464,2022-08-01,2021.0000000000,2020.0000000000,unknown,,undated,,no_direct_evidence,Unknown,Atlantic 10,44.2253521127,74.4350282486
massachusetts_lowell,Massachusetts Lowell,2022-23,2022,7.5418994413,2022-08-01,2021.0000000000,2020.0000000000,unknown,,undated,,no_direct_evidence,Unknown,America East,21.8309859155,31.3559322034
mcneese_state,McNeese State,2022-23,2022,35.8938547486,2022-08-01,2021.0000000000,2020.0000000000,unknown,,undated,,no_direct_evidence,Unknown,Southland,33.5211267606,42.5141242938
memphis,Memphis,2022-23,2022,75.6983240223,2022-08-01,2021.0000000000,2020.0000000000,unknown,,undated,,no_direct_evidence,Unknown,American,72.9577464789,74.4350282486
mercer,Mercer,2022-23,2022,23.3240223464,2022-08-01,2021.0000000000,2020.0000000000,unknown,,undated,,no_direct_evidence,Unknown,SoCon,44.2253521127,50.0000000000
merrimack,Merrimack,2022-23,2022,23.3240223464,2022-08-01,2021.0000000000,2020.0000000000,unknown,,undated,,no_direct_evidence,Unknown,Unknown,8.5915492958,8.7570621469
miami_fl,Miami (FL),2022-23,2022,86.5921787709,2022-08-01,2021.0000000000,2020.0000000000,A,2021-02-15,date_in_source_url,https://miamihurricanes.com/news/2021/02/15/championship-colors,eligible_direct_preseason,adidas,ACC,86.1971830986,82.7683615819
miami_oh,Miami (OH),2022-23,2022,70.1117318436,2022-08-01,2021.0000000000,2020.0000000000,unknown,,undated,,no_direct_evidence,Unknown,MAC,63.9436619718,69.2090395480
michigan,Michigan,2022-23,2022,97.2067039106,2022-08-01,2021.0000000000,2020.0000000000,unknown,,undated,https://finance.umich.edu/reports/2016/category/athletics/,undated_or_invalid,Unknown,Big Ten,99.4366197183,99.4350282486
michigan_state,Michigan State,2022-23,2022,85.4748603352,2022-08-01,2021.0000000000,2020.0000000000,A,2015-07-20,date_in_source_url,https://www.sportsbusinessjournal.com/Daily/Issues/2015/07/20/Marketing-and-Sponsorship/MSU-Nike/,eligible_direct_preseason,Nike,Big Ten,88.7323943662,83.0508474576
middle_tennessee_state,Middle Tennessee State,2022-23,2022,73.4636871508,2022-08-01,2021.0000000000,2020.0000000000,unknown,,undated,,no_direct_evidence,Unknown,Conference USA,72.6760563380,57.9096045198
minnesota,Minnesota,2022-23,2022,91.6201117318,2022-08-01,2021.0000000000,2020.0000000000,unknown,,undated,https://regents.umn.edu/sites/regents.umn.edu/files/2020-02/minutes-dec2019.pdf,undated_or_invalid,Unknown,Big Ten,92.3943661972,92.3728813559
mississippi_state,Mississippi State,2022-23,2022,84.3575418994,2022-08-01,2021.0000000000,2020.0000000000,unknown,2014-04-16,date_in_source_url,https://hailstate.com/sports/2014/4/16/209467396,continuity_excluded,Unknown,SEC,78.8732394366,83.6158192090
missouri,Missouri,2022-23,2022,86.3128491620,2022-08-01,2021.0000000000,2020.0000000000,unknown,,undated,https://athleticdirectoru.com/articles/cash-is-king-in-intercollegiate-apparel-agreements/,continuity_excluded,Unknown,SEC,84.2253521127,86.7231638418
missouri_state,Missouri State,2022-23,2022,41.4804469274,2022-08-01,2021.0000000000,2020.0000000000,unknown,,undated,,no_direct_evidence,Unknown,Missouri Valley,68.0281690141,72.1751412429
monmouth,Monmouth,2022-23,2022,16.0614525140,2022-08-01,2021.0000000000,2020.0000000000,unknown,,undated,,no_direct_evidence,Unknown,MAAC,33.5211267606,67.9378531073
montana,Montana,2022-23,2022,39.6648044693,2022-08-01,2021.0000000000,2020.0000000000,unknown,,undated,,no_direct_evidence,Unknown,Big Sky,51.8309859155,24.4350282486
montana_state,Montana State,2022-23,2022,79.0502793296,2022-08-01,2021.0000000000,2020.0000000000,unknown,,undated,,no_direct_evidence,Unknown,Big Sky,78.5915492958,57.3446327684
morehead_state,Morehead State,2022-23,2022,17.3184357542,2022-08-01,2021.0000000000,2020.0000000000,unknown,,undated,,no_direct_evidence,Unknown,Unknown,8.5915492958,47.3163841808
morgan_state,Morgan State,2022-23,2022,7.5418994413,2022-08-01,2021.0000000000,2020.0000000000,unknown,,undated,,no_direct_evidence,Unknown,Unknown,8.5915492958,24.4350282486
mount_st_mary_s,Mount St. Mary's,2022-23,2022,7.5418994413,2022-08-01,2021.0000000000,2020.0000000000,unknown,,undated,,no_direct_evidence,Unknown,Northeast,49.8591549296,50.8474576271
murray_state,Murray State,2022-23,2022,32.6815642458,2022-08-01,2021.0000000000,2020.0000000000,unknown,,undated,,no_direct_evidence,Unknown,OVC,62.3943661972,8.7570621469
navy,Navy,2022-23,2022,67.3184357542,2022-08-01,2021.0000000000,2020.0000000000,unknown,,undated,,no_direct_evidence,Unknown,Patriot,61.9718309859,75.9887005650
nebraska,Nebraska,2022-23,2022,92.1787709497,2022-08-01,2021.0000000000,2020.0000000000,A,2017-08-11,date_in_source_url,https://huskers.com/news/2017/08/11/adidas-and-nebraska-renew-partnership-to-2028,eligible_direct_preseason,adidas,Big Ten,86.4788732394,90.3954802260
nebraska_omaha,Nebraska Omaha,2022-23,2022,43.2960893855,2022-08-01,2021.0000000000,2020.0000000000,unknown,,undated,,no_direct_evidence,Unknown,Unknown,8.5915492958,47.3163841808
nevada,Nevada,2022-23,2022,47.2067039106,2022-08-01,2021.0000000000,2020.0000000000,unknown,,undated,,no_direct_evidence,Unknown,Mountain West,42.2535211268,50.2824858757
new_hampshire,New Hampshire,2022-23,2022,74.3016759777,2022-08-01,2021.0000000000,2020.0000000000,unknown,,undated,,no_direct_evidence,Unknown,America East,64.6478873239,53.8135593220
new_mexico,New Mexico,2022-23,2022,79.6089385475,2022-08-01,2021.0000000000,2020.0000000000,unknown,2023-10-12,date_in_source_url,https://golobos.com/news/2023/10/12/lobos-nike-announce-extension-through-2027,published_after_cutoff,Unknown,Mountain West,73.2394366197,77.6836158192
new_mexico_state,New Mexico State,2022-23,2022,44.8324022346,2022-08-01,2021.0000000000,2020.0000000000,unknown,,undated,,no_direct_evidence,Unknown,WAC,57.7464788732,32.7683615819
new_orleans,New Orleans,2022-23,2022,7.5418994413,2022-08-01,2021.0000000000,2020.0000000000,unknown,,undated,,no_direct_evidence,Unknown,Southland,21.8309859155,8.7570621469
niagara,Niagara,2022-23,2022,7.5418994413,2022-08-01,2021.0000000000,2020.0000000000,unknown,,undated,,no_direct_evidence,Unknown,Unknown,8.5915492958,8.7570621469
nicholls_state,Nicholls State,2022-23,2022,23.3240223464,2022-08-01,2021.0000000000,2020.0000000000,unknown,,undated,,no_direct_evidence,Unknown,Unknown,8.5915492958,8.7570621469
njit,NJIT,2022-23,2022,30.1675977654,2022-08-01,2021.0000000000,2020.0000000000,unknown,,undated,,no_direct_evidence,Unknown,America East,28.0281690141,64.6892655367
norfolk_state,Norfolk State,2022-23,2022,23.3240223464,2022-08-01,2021.0000000000,2020.0000000000,unknown,,undated,,no_direct_evidence,Unknown,MEAC,21.8309859155,56.0734463277
north_alabama,North Alabama,2022-23,2022,7.5418994413,2022-08-01,2021.0000000000,2020.0000000000,unknown,,undated,,no_direct_evidence,Unknown,Unknown,8.5915492958,8.7570621469
north_carolina,North Carolina,2022-23,2022,98.0446927374,2022-08-01,2021.0000000000,2020.0000000000,A,2018-12-18,date_in_source_url,https://goheels.com/news/2018/12/18/general-carolina-announces-contract-extension-for-williams,eligible_direct_preseason,Nike,ACC,98.5915492958,99.1525423729
north_carolina_a_t,North Carolina A&T,2022-23,2022,49.5810055866,2022-08-01,2021.0000000000,2020.0000000000,unknown,,undated,,no_direct_evidence,Unknown,Big South,77.7464788732,85.3107344633
north_carolina_asheville,North Carolina Asheville,2022-23,2022,23.3240223464,2022-08-01,2021.0000000000,2020.0000000000,unknown,,undated,,no_direct_evidence,Unknown,Unknown,8.5915492958,8.7570621469
north_carolina_central,North Carolina Central,2022-23,2022,23.3240223464,2022-08-01,2021.0000000000,2020.0000000000,unknown,,undated,,no_direct_evidence,Unknown,Unknown,8.5915492958,8.7570621469
north_carolina_greensboro,North Carolina Greensboro,2022-23,2022,58.6592178771,2022-08-01,2021.0000000000,2020.0000000000,unknown,,undated,,no_direct_evidence,Unknown,SoCon,21.8309859155,47.3163841808
north_carolina_state,North Carolina State,2022-23,2022,94.9720670391,2022-08-01,2021.0000000000,2020.0000000000,unknown,,undated,https://www.youtube.com/watch?v=KGYQAXrN5w4,continuity_excluded,Unknown,ACC,95.4929577465,93.7853107345
north_carolina_wilmington,North Carolina Wilmington,2022-23,2022,43.0167597765,2022-08-01,2021.0000000000,2020.0000000000,unknown,,undated,,no_direct_evidence,Unknown,CAA,33.5211267606,40.3954802260
north_dakota,North Dakota,2022-23,2022,23.3240223464,2022-08-01,2021.0000000000,2020.0000000000,unknown,,undated,,no_direct_evidence,Unknown,Summit,21.8309859155,65.3954802260
north_dakota_state,North Dakota State,2022-23,2022,65.0837988827,2022-08-01,2021.0000000000,2020.0000000000,unknown,,undated,,no_direct_evidence,Unknown,Summit,70.7042253521,81.6384180791
north_florida,North Florida,2022-23,2022,43.8547486034,2022-08-01,2021.0000000000,2020.0000000000,unknown,,undated,,no_direct_evidence,Unknown,ASUN,56.3380281690,66.5254237288
north_texas,North Texas,2022-23,2022,28.7709497207,2022-08-01,2021.0000000000,2020.0000000000,unknown,,undated,,no_direct_evidence,Unknown,Conference USA,50.4225352113,50.8474576271
northeastern,Northeastern,2022-23,2022,71.3687150838,2022-08-01,2021.0000000000,2020.0000000000,unknown,,undated,,no_direct_evidence,Unknown,CAA,66.6197183099,71.7514124294
northern_arizona,Northern Arizona,2022-23,2022,81.0055865922,2022-08-01,2021.0000000000,2020.0000000000,unknown,,undated,,no_direct_evidence,Unknown,Big Sky,80.2816901408,79.0960451977
northern_colorado,Northern Colorado,2022-23,2022,62.7094972067,2022-08-01,2021.0000000000,2020.0000000000,unknown,,undated,,no_direct_evidence,Unknown,Big Sky,37.4647887324,24.4350282486
northern_illinois,Northern Illinois,2022-23,2022,42.4581005587,2022-08-01,2021.0000000000,2020.0000000000,unknown,,undated,,no_direct_evidence,Unknown,MAC,56.9014084507,33.1920903955
northern_iowa,Northern Iowa,2022-23,2022,55.3072625698,2022-08-01,2021.0000000000,2020.0000000000,unknown,,undated,,no_direct_evidence,Unknown,Missouri Valley,52.5352112676,62.2881355932
northern_kentucky,Northern Kentucky,2022-23,2022,35.8938547486,2022-08-01,2021.0000000000,2020.0000000000,unknown,,undated,,no_direct_evidence,Unknown,Unknown,8.5915492958,8.7570621469
northwestern,Northwestern,2022-23,2022,91.8994413408,2022-08-01,2021.0000000000,2020.0000000000,unknown,,undated,https://about.underarmour.com/en/stories/2025/03/under-armour-and-northwestern-university-announce-extension-of-p.html,undated_or_invalid,Unknown,Big Ten,90.1408450704,91.5254237288
northwestern_state,Northwestern State,2022-23,2022,7.5418994413,2022-08-01,2021.0000000000,2020.0000000000,unknown,,undated,,no_direct_evidence,Unknown,Southland,21.8309859155,8.7570621469
notre_dame,Notre Dame,2022-23,2022,94.6927374302,2022-08-01,2021.0000000000,2020.0000000000,unknown,,undated,https://about.underarmour.com/en/stories/2023/08/under-armour-and-notre-dame-march-on-together-.html,undated_or_invalid,Unknown,ACC,98.0281690141,96.3276836158
oakland,Oakland,2022-23,2022,7.5418994413,2022-08-01,2021.0000000000,2020.0000000000,unknown,,undated,,no_direct_evidence,Unknown,Horizon League,37.8873239437,30.5084745763
ohio,Ohio,2022-23,2022,32.1229050279,2022-08-01,2021.0000000000,2020.0000000000,unknown,,undated,,no_direct_evidence,Unknown,Unknown,8.5915492958,44.3502824859
ohio_state,Ohio State,2022-23,2022,99.4413407821,2022-08-01,2021.0000000000,2020.0000000000,A,2016-01-14,date_in_source_url,https://ohiostatebuckeyes.com/news/2016/1/14/ohio-state-and-nike-sign-groundbreaking-college-partnership,eligible_direct_preseason,Nike,Big Ten,99.1549295775,97.7401129944
oklahoma,Oklahoma,2022-23,2022,93.8547486034,2022-08-01,2021.0000000000,2020.0000000000,unknown,,undated,https://www.oudaily.com/sports/oklahoma-sports-ou-contract-with-nike-jordan-brand-worth-near-70-million/article_b59e45c0-911b-11e8-8d0b-43bb3d5f5abf.html,undated_or_invalid,Unknown,Big 12,97.4647887324,93.5028248588
oklahoma_state,Oklahoma State,2022-23,2022,93.2960893855,2022-08-01,2021.0000000000,2020.0000000000,unknown,,undated,https://www2.kusports.com/weblogs/tale-tait/2017/sep/28/kus-deal-with-adidas-is-companys-second/,undated_or_invalid,Unknown,Big 12,93.8028169014,95.1977401130
old_dominion,Old Dominion,2022-23,2022,53.6312849162,2022-08-01,2021.0000000000,2020.0000000000,unknown,,undated,,no_direct_evidence,Unknown,Conference USA,54.0845070423,58.7570621469
ole_miss,Ole Miss,2022-23,2022,89.3854748603,2022-08-01,2021.0000000000,2020.0000000000,A,2015-08-31,date_in_source_url,https://olemisssports.com/news/2015/8/31/Ole_Miss_Makes_Major_Announcements,eligible_direct_preseason,Nike,SEC,94.6478873239,94.0677966102
oral_roberts,Oral Roberts,2022-23,2022,54.1899441341,2022-08-01,2021.0000000000,2020.0000000000,unknown,,undated,,no_direct_evidence,Unknown,Summit,21.8309859155,42.9378531073
oregon,Oregon,2022-23,2022,89.6648044693,2022-08-01,2021.0000000000,2020.0000000000,unknown,,undated,https://trustees.uoregon.edu/sites/default/files/minutes_-_full_bot_12.08.17.pdf,undated_or_invalid,Unknown,Pac-12,91.5492957746,93.2203389831
oregon_state,Oregon State,2022-23,2022,84.0782122905,2022-08-01,2021.0000000000,2020.0000000000,unknown,,undated,,no_direct_evidence,Unknown,Pac-12,85.9154929577,84.7457627119
pacific,Pacific,2022-23,2022,41.4804469274,2022-08-01,2021.0000000000,2020.0000000000,unknown,,undated,,no_direct_evidence,Unknown,Unknown,8.5915492958,8.7570621469
penn_state,Penn State,2022-23,2022,96.0893854749,2022-08-01,2021.0000000000,2020.0000000000,unknown,,undated,https://www.centredaily.com/sports/college/penn-state-university/article316333759.html,undated_or_invalid,Unknown,Big Ten,88.1690140845,89.2655367232
pennsylvania,Pennsylvania,2022-23,2022,83.5195530726,2022-08-01,2021.0000000000,2020.0000000000,unknown,,undated,,no_direct_evidence,Unknown,Ivy League,83.3802816901,8.7570621469
pepperdine,Pepperdine,2022-23,2022,80.4469273743,2022-08-01,2021.0000000000,2020.0000000000,unknown,,undated,,no_direct_evidence,Unknown,WCC,82.6760563380,83.8983050847
pittsburgh,Pittsburgh,2022-23,2022,85.7541899441,2022-08-01,2021.0000000000,2020.0000000000,unknown,2023-07-06,date_in_source_url,https://pittsburghpanthers.com/news/2023/7/6/general-pitt-extends-partnership-with-nike-through-2026,published_after_cutoff,Unknown,ACC,79.7183098592,79.6610169492
portland,Portland,2022-23,2022,66.4804469274,2022-08-01,2021.0000000000,2020.0000000000,unknown,,undated,,no_direct_evidence,Unknown,WCC,63.9436619718,53.1073446328
portland_state,Portland State,2022-23,2022,7.5418994413,2022-08-01,2021.0000000000,2020.0000000000,unknown,,undated,,no_direct_evidence,Unknown,Unknown,8.5915492958,8.7570621469
prairie_view_a_m,Prairie View A&M,2022-23,2022,35.8938547486,2022-08-01,2021.0000000000,2020.0000000000,unknown,,undated,,no_direct_evidence,Unknown,SWAC,37.8873239437,28.8135593220
presbyterian_college,Presbyterian College,2022-23,2022,23.3240223464,2022-08-01,2021.0000000000,2020.0000000000,unknown,,undated,,no_direct_evidence,Unknown,Unknown,8.5915492958,37.2881355932
princeton,Princeton,2022-23,2022,93.0167597765,2022-08-01,2021.0000000000,2020.0000000000,unknown,2023-05-24,explicit_source_date,https://goprincetontigers.com/documents/download/2023/5/24/Princeton_NIL_Policy__May_2023__26_.pdf_timestamp_20230524015649.pdf,published_after_cutoff,Unknown,Ivy League,95.2112676056,40.6779661017
providence,Providence,2022-23,2022,63.1284916201,2022-08-01,2021.0000000000,2020.0000000000,unknown,,undated,,no_direct_evidence,Unknown,Big East,77.4647887324,42.0903954802
purdue,Purdue,2022-23,2022,80.1675977654,2022-08-01,2021.0000000000,2020.0000000000,unknown,,undated,https://athleticdirectoru.com/articles/cash-is-king-in-intercollegiate-apparel-agreements/,continuity_excluded,Unknown,Big Ten,85.3521126761,81.0734463277
queens_n_c,Queens (N.C.),2022-23,2022,7.5418994413,2022-08-01,,,unknown,,undated,,no_direct_evidence,Unknown,Unknown,,
quinnipiac,Quinnipiac,2022-23,2022,78.7709497207,2022-08-01,2021.0000000000,2020.0000000000,unknown,,undated,,no_direct_evidence,Unknown,MAAC,68.0281690141,28.8135593220
radford,Radford,2022-23,2022,23.3240223464,2022-08-01,2021.0000000000,2020.0000000000,unknown,,undated,,no_direct_evidence,Unknown,Big South,21.8309859155,8.7570621469
rhode_island,Rhode Island,2022-23,2022,7.5418994413,2022-08-01,2021.0000000000,2020.0000000000,unknown,,undated,,no_direct_evidence,Unknown,Atlantic 10,28.0281690141,29.8022598870
rice,Rice,2022-23,2022,61.3128491620,2022-08-01,2021.0000000000,2020.0000000000,unknown,,undated,,no_direct_evidence,Unknown,Conference USA,71.5492957746,75.4237288136
richmond,Richmond,2022-23,2022,69.2737430168,2022-08-01,2021.0000000000,2020.0000000000,unknown,,undated,,no_direct_evidence,Unknown,Atlantic 10,54.9295774648,17.9378531073
rider,Rider,2022-23,2022,54.4692737430,2022-08-01,2021.0000000000,2020.0000000000,unknown,,undated,,no_direct_evidence,Unknown,MAAC,30.1408450704,68.9265536723
robert_morris,Robert Morris,2022-23,2022,7.5418994413,2022-08-01,2021.0000000000,2020.0000000000,unknown,,undated,,no_direct_evidence,Unknown,Horizon League,21.8309859155,37.2881355932
rutgers,Rutgers,2022-23,2022,63.9664804469,2022-08-01,2021.0000000000,2020.0000000000,A,2017-02-13,date_in_source_url,https://scarletknights.com/news/2017/2/13/Rutgers_Athletics_Announces_Partnership_with_adidas,eligible_direct_preseason,adidas,Big Ten,86.7605633803,83.3333333333
sacramento_state,Sacramento State,2022-23,2022,62.2905027933,2022-08-01,2021.0000000000,2020.0000000000,unknown,,undated,,no_direct_evidence,Unknown,Big Sky,36.6197183099,28.8135593220
sacred_heart,Sacred Heart,2022-23,2022,53.0726256983,2022-08-01,2021.0000000000,2020.0000000000,unknown,,undated,,no_direct_evidence,Unknown,Northeast,48.1690140845,69.9152542373
saint_francis_pa,Saint Francis (PA),2022-23,2022,23.3240223464,2022-08-01,2021.0000000000,2020.0000000000,unknown,,undated,,no_direct_evidence,Unknown,Northeast,21.8309859155,24.4350282486
saint_joseph_s,Saint Joseph's,2022-23,2022,44.8324022346,2022-08-01,2021.0000000000,2020.0000000000,unknown,,undated,,no_direct_evidence,Unknown,Atlantic 10,62.8169014085,8.7570621469
saint_louis,Saint Louis,2022-23,2022,53.6312849162,2022-08-01,2021.0000000000,2020.0000000000,unknown,,undated,,no_direct_evidence,Unknown,Atlantic 10,60.4225352113,37.2881355932
saint_mary_s_ca,Saint Mary's (CA),2022-23,2022,35.8938547486,2022-08-01,2021.0000000000,2020.0000000000,unknown,,undated,,no_direct_evidence,Unknown,WCC,33.5211267606,8.7570621469
saint_peter_s,Saint Peter's,2022-23,2022,7.5418994413,2022-08-01,2021.0000000000,2020.0000000000,unknown,,undated,,no_direct_evidence,Unknown,MAAC,42.8169014085,8.7570621469
sam_houston_state,Sam Houston State,2022-23,2022,58.6592178771,2022-08-01,2021.0000000000,2020.0000000000,unknown,,undated,,no_direct_evidence,Unknown,WAC,76.6197183099,80.2259887006
samford,Samford,2022-23,2022,68.1564245810,2022-08-01,2021.0000000000,2020.0000000000,unknown,,undated,,no_direct_evidence,Unknown,SoCon,49.0140845070,47.3163841808
san_diego,San Diego,2022-23,2022,77.0949720670,2022-08-01,2021.0000000000,2020.0000000000,unknown,,undated,,no_direct_evidence,Unknown,WCC,69.8591549296,66.1016949153
san_diego_state,San Diego State,2022-23,2022,76.2569832402,2022-08-01,2021.0000000000,2020.0000000000,unknown,,undated,,no_direct_evidence,Unknown,Mountain West,74.6478873239,70.3389830508
san_francisco,San Francisco,2022-23,2022,40.7821229050,2022-08-01,2021.0000000000,2020.0000000000,unknown,,undated,,no_direct_evidence,Unknown,WCC,40.5633802817,41.5254237288
san_jose_state,San Jose State,2022-23,2022,72.3463687151,2022-08-01,2021.0000000000,2020.0000000000,unknown,,undated,,no_direct_evidence,Unknown,Mountain West,57.1830985915,64.4067796610
santa_clara,Santa Clara,2022-23,2022,50.2793296089,2022-08-01,2021.0000000000,2020.0000000000,unknown,,undated,,no_direct_evidence,Unknown,WCC,63.0985915493,58.7570621469
seattle,Seattle,2022-23,2022,7.5418994413,2022-08-01,2021.0000000000,2020.0000000000,unknown,,undated,,no_direct_evidence,Unknown,WAC,21.8309859155,30.9322033898
seton_hall,Seton Hall,2022-23,2022,35.8938547486,2022-08-01,2021.0000000000,2020.0000000000,unknown,,undated,,no_direct_evidence,Unknown,Big East,37.1830985915,45.4802259887
siena,Siena,2022-23,2022,28.3519553073,2022-08-01,2021.0000000000,2020.0000000000,unknown,,undated,,no_direct_evidence,Unknown,Unknown,8.5915492958,37.2881355932
siu_edwardsville,SIU Edwardsville,2022-23,2022,38.4078212291,2022-08-01,2021.0000000000,2020.0000000000,unknown,,undated,,no_direct_evidence,Unknown,OVC,21.8309859155,24.4350282486
smu,SMU,2022-23,2022,79.8882681564,2022-08-01,2021.0000000000,2020.0000000000,unknown,,undated,https://web.archive.org/web/20171001043446/http://smumustangs.com/,continuity_excluded,Unknown,American,75.2112676056,64.9717514124
south_alabama,South Alabama,2022-23,2022,56.0055865922,2022-08-01,2021.0000000000,2020.0000000000,unknown,,undated,,no_direct_evidence,Unknown,Sun Belt,54.6478873239,73.3050847458
south_carolina,South Carolina,2022-23,2022,91.0614525140,2022-08-01,2021.0000000000,2020.0000000000,unknown,,undated,https://www.sc.edu/uofsc/posts/2025/08/board-of-trustees-briefs-august-2025.php,undated_or_invalid,Unknown,SEC,89.8591549296,88.4180790960
south_carolina_state,South Carolina State,2022-23,2022,35.8938547486,2022-08-01,2021.0000000000,2020.0000000000,unknown,,undated,,no_direct_evidence,Unknown,MEAC,33.5211267606,37.2881355932
south_carolina_upstate,South Carolina Upstate,2022-23,2022,7.5418994413,2022-08-01,2021.0000000000,2020.0000000000,unknown,,undated,,no_direct_evidence,Unknown,Unknown,8.5915492958,8.7570621469
south_dakota,South Dakota,2022-23,2022,56.9832402235,2022-08-01,2021.0000000000,2020.0000000000,unknown,,undated,,no_direct_evidence,Unknown,Summit,58.8732394366,69.9152542373
south_dakota_state,South Dakota State,2022-23,2022,75.9776536313,2022-08-01,2021.0000000000,2020.0000000000,unknown,,undated,,no_direct_evidence,Unknown,Summit,73.8028169014,75.7062146893
south_florida,South Florida,2022-23,2022,77.3743016760,2022-08-01,2021.0000000000,2020.0000000000,unknown,,undated,,no_direct_evidence,Unknown,American,68.7323943662,80.7909604520
southeast_missouri_state,Southeast Missouri State,2022-23,2022,41.4804469274,2022-08-01,2021.0000000000,2020.0000000000,unknown,,undated,,no_direct_evidence,Unknown,OVC,59.7183098592,24.4350282486
southeastern_louisiana,Southeastern Louisiana,2022-23,2022,58.6592178771,2022-08-01,2021.0000000000,2020.0000000000,unknown,,undated,,no_direct_evidence,Unknown,Southland,47.0422535211,45.0564971751
southern,Southern,2022-23,2022,16.0614525140,2022-08-01,2021.0000000000,2020.0000000000,unknown,,undated,,no_direct_evidence,Unknown,Unknown,8.5915492958,24.4350282486
southern_illinois,Southern Illinois,2022-23,2022,44.8324022346,2022-08-01,2021.0000000000,2020.0000000000,unknown,,undated,,no_direct_evidence,Unknown,Missouri Valley,51.4084507042,62.9943502825
southern_mississippi,Southern Mississippi,2022-23,2022,56.0055865922,2022-08-01,2021.0000000000,2020.0000000000,unknown,,undated,,no_direct_evidence,Unknown,Conference USA,56.6197183099,51.4124293785
southern_utah,Southern Utah,2022-23,2022,48.4636871508,2022-08-01,2021.0000000000,2020.0000000000,unknown,,undated,,no_direct_evidence,Unknown,Big Sky,55.3521126761,64.1242937853
st_bonaventure,St. Bonaventure,2022-23,2022,7.5418994413,2022-08-01,2021.0000000000,2020.0000000000,unknown,,undated,,no_direct_evidence,Unknown,Unknown,8.5915492958,24.4350282486
st_francis_ny,St. Francis (NY),2022-23,2022,23.3240223464,2022-08-01,2021.0000000000,2020.0000000000,unknown,,undated,,no_direct_evidence,Unknown,Unknown,8.5915492958,37.2881355932
st_john_s_ny,St. John's (NY),2022-23,2022,57.8212290503,2022-08-01,2021.0000000000,2020.0000000000,unknown,,undated,,no_direct_evidence,Unknown,Big East,72.1126760563,47.3163841808
st_thomas,St. Thomas,2022-23,2022,7.5418994413,2022-08-01,2021.0000000000,,unknown,,undated,,no_direct_evidence,Unknown,Unknown,8.5915492958,
stanford,Stanford,2022-23,2022,100.0000000000,2022-08-01,2021.0000000000,2020.0000000000,unknown,,undated,https://journals.indianapolis.iu.edu/index.php/jlas/article/download/27106/24837,undated_or_invalid,Unknown,Pac-12,99.7183098592,99.7175141243
stephen_f_austin,Stephen F. Austin,2022-23,2022,57.5418994413,2022-08-01,2021.0000000000,2020.0000000000,unknown,,undated,,no_direct_evidence,Unknown,WAC,74.0845070423,67.2316384181
stetson,Stetson,2022-23,2022,39.6648044693,2022-08-01,2021.0000000000,2020.0000000000,unknown,,undated,,no_direct_evidence,Unknown,ASUN,33.5211267606,8.7570621469
stonehill,Stonehill,2022-23,2022,7.5418994413,2022-08-01,,,unknown,,undated,,no_direct_evidence,Unknown,Unknown,,
stony_brook,Stony Brook,2022-23,2022,39.6648044693,2022-08-01,2021.0000000000,2020.0000000000,unknown,,undated,,no_direct_evidence,Unknown,America East,41.4084507042,65.3954802260
syracuse,Syracuse,2022-23,2022,87.7094972067,2022-08-01,2021.0000000000,2020.0000000000,unknown,2019-06-14,date_in_source_url,https://cuse.com/news/2019/6/14/general-syracuse-and-nike-extend-partnership,continuity_excluded,Unknown,ACC,80.0000000000,82.2033898305
tarleton_state,Tarleton State,2022-23,2022,7.5418994413,2022-08-01,2021.0000000000,2020.0000000000,unknown,,undated,,no_direct_evidence,Unknown,Unknown,8.5915492958,8.7570621469
tcu,TCU,2022-23,2022,90.7821229050,2022-08-01,2021.0000000000,2020.0000000000,unknown,,undated,https://www2.kusports.com/weblogs/tale-tait/2017/sep/28/kus-deal-with-adidas-is-companys-second/,continuity_excluded,Unknown,Big 12,89.0140845070,87.5706214689
temple,Temple,2022-23,2022,18.5754189944,2022-08-01,2021.0000000000,2020.0000000000,unknown,,undated,,no_direct_evidence,Unknown,American,28.7323943662,61.5819209040
tennessee,Tennessee,2022-23,2022,98.6033519553,2022-08-01,2021.0000000000,2020.0000000000,A,2014-01-31,date_in_source_url,https://utsports.com/news/2014/1/31/UT_Announces_Partnership_With_NIKE,eligible_direct_preseason,Nike,SEC,96.6197183099,92.9378531073
tennessee_chattanooga,Tennessee Chattanooga,2022-23,2022,54.7486033520,2022-08-01,2021.0000000000,2020.0000000000,unknown,,undated,,no_direct_evidence,Unknown,SoCon,45.9154929577,19.7740112994
tennessee_martin,Tennessee Martin,2022-23,2022,23.3240223464,2022-08-01,2021.0000000000,2020.0000000000,unknown,,undated,,no_direct_evidence,Unknown,OVC,47.0422535211,18.3615819209
tennessee_state,Tennessee State,2022-23,2022,23.3240223464,2022-08-01,2021.0000000000,2020.0000000000,unknown,,undated,,no_direct_evidence,Unknown,OVC,29.8591549296,8.7570621469
tennessee_tech,Tennessee Tech,2022-23,2022,23.3240223464,2022-08-01,2021.0000000000,2020.0000000000,unknown,,undated,,no_direct_evidence,Unknown,OVC,21.8309859155,8.7570621469
texas,Texas,2022-23,2022,99.7206703911,2022-08-01,2021.0000000000,2020.0000000000,unknown,,undated,https://www.utsystem.edu/sites/default/files/offices/board-of-regents/board-meetings/board-minutes/10-30-2015meeting1141.pdf,undated_or_invalid,Unknown,Big 12,100.0000000000,100.0000000000
texas_a_m,Texas A&M,2022-23,2022,93.5754189944,2022-08-01,2021.0000000000,2020.0000000000,unknown,2024-05-06,date_in_source_url,https://www.sportsbusinessjournal.com/Articles/2024/05/06/texas-am-aggies-renew-adidas-partnership/?issueId=VD7KES7GVMHBL2WFUIH7JMKCKU,published_after_cutoff,Unknown,SEC,93.2394366197,94.9152542373
texas_a_m_corpus_christi,Texas A&M Corpus Christi,2022-23,2022,62.0111731844,2022-08-01,2021.0000000000,2020.0000000000,unknown,,undated,,no_direct_evidence,Unknown,Southland,46.1971830986,57.0621468927
texas_arlington,Texas Arlington,2022-23,2022,23.3240223464,2022-08-01,2021.0000000000,2020.0000000000,unknown,,undated,,no_direct_evidence,Unknown,Sun Belt,42.2535211268,18.9265536723
texas_southern,Texas Southern,2022-23,2022,16.0614525140,2022-08-01,2021.0000000000,2020.0000000000,unknown,,undated,,no_direct_evidence,Unknown,SWAC,26.9014084507,24.4350282486
texas_state,Texas State,2022-23,2022,38.8268156425,2022-08-01,2021.0000000000,2020.0000000000,unknown,,undated,,no_direct_evidence,Unknown,Sun Belt,60.4225352113,53.3898305085
texas_tech,Texas Tech,2022-23,2022,87.1508379888,2022-08-01,2021.0000000000,2020.0000000000,unknown,2023-10-24,date_in_source_url,https://www.sportsbusinessjournal.com/Articles/2023/10/24/texas-tech-joining-adidas-leaving-under-armour-patrick-mahomes-instagram-post/,published_after_cutoff,Unknown,Big 12,89.5774647887,88.1355932203
toledo,Toledo,2022-23,2022,69.5530726257,2022-08-01,2021.0000000000,2020.0000000000,unknown,,undated,,no_direct_evidence,Unknown,MAC,21.8309859155,8.7570621469
towson,Towson,2022-23,2022,51.9553072626,2022-08-01,2021.0000000000,2020.0000000000,unknown,,undated,,no_direct_evidence,Unknown,CAA,53.2394366197,56.7796610169
troy,Troy,2022-23,2022,50.8379888268,2022-08-01,2021.0000000000,2020.0000000000,unknown,,undated,,no_direct_evidence,Unknown,Unknown,8.5915492958,42.5141242938
tulane,Tulane,2022-23,2022,71.7877094972,2022-08-01,2021.0000000000,2020.0000000000,unknown,,undated,,no_direct_evidence,Unknown,American,18.0281690141,47.3163841808
tulsa,Tulsa,2022-23,2022,72.6256983240,2022-08-01,2021.0000000000,2020.0000000000,unknown,,undated,,no_direct_evidence,Unknown,American,75.7746478873,73.7288135593
uab,UAB,2022-23,2022,32.1229050279,2022-08-01,2021.0000000000,2020.0000000000,unknown,,undated,,no_direct_evidence,Unknown,Conference USA,44.2253521127,40.9604519774
uc_davis,UC Davis,2022-23,2022,23.3240223464,2022-08-01,2021.0000000000,2020.0000000000,unknown,,undated,,no_direct_evidence,Unknown,Big West,50.1408450704,24.4350282486
uc_irvine,UC Irvine,2022-23,2022,60.3351955307,2022-08-01,2021.0000000000,2020.0000000000,unknown,,undated,,no_direct_evidence,Unknown,Big West,63.3802816901,37.2881355932
uc_riverside,UC Riverside,2022-23,2022,23.3240223464,2022-08-01,2021.0000000000,2020.0000000000,unknown,,undated,,no_direct_evidence,Unknown,Unknown,8.5915492958,8.7570621469
uc_san_diego,UC San Diego,2022-23,2022,30.8659217877,2022-08-01,2021.0000000000,2020.0000000000,unknown,,undated,,no_direct_evidence,Unknown,Big West,36.0563380282,44.6327683616
uc_santa_barbara,UC Santa Barbara,2022-23,2022,35.8938547486,2022-08-01,2021.0000000000,2020.0000000000,unknown,,undated,,no_direct_evidence,Unknown,Big West,58.5915492958,75.1412429379
ucf,UCF,2022-23,2022,76.5363128492,2022-08-01,2021.0000000000,2020.0000000000,unknown,2023-10-31,date_in_source_url,https://ucfknights.com/news/2023/10/31/ucf-athletics-and-nike-extend-agreement-through-2029,published_after_cutoff,Unknown,American,80.8450704225,84.1807909605
ucla,UCLA,2022-23,2022,96.3687150838,2022-08-01,2021.0000000000,2020.0000000000,unknown,2024-09-19,date_in_source_url,https://uclabruins.com/documents/download/2024/9/19/02-Release_Indiana_2024_FB.pdf,published_after_cutoff,Unknown,Pac-12,96.0563380282,96.6101694915
uconn,UConn,2022-23,2022,78.2122905028,2022-08-01,2021.0000000000,2020.0000000000,unknown,,undated,,no_direct_evidence,Unknown,Big East,76.3380281690,78.2485875706
umbc,UMBC,2022-23,2022,35.8938547486,2022-08-01,2021.0000000000,2020.0000000000,unknown,,undated,,no_direct_evidence,Unknown,America East,33.5211267606,37.2881355932
umkc,UMKC,2022-23,2022,16.0614525140,2022-08-01,2021.0000000000,2020.0000000000,unknown,,undated,,no_direct_evidence,Unknown,Unknown,8.5915492958,8.7570621469
unlv,UNLV,2022-23,2022,68.9944134078,2022-08-01,2021.0000000000,2020.0000000000,unknown,,undated,,no_direct_evidence,Unknown,Mountain West,29.0140845070,43.2203389831
usc,USC,2022-23,2022,97.4860335196,2022-08-01,2021.0000000000,2020.0000000000,unknown,2026-07-14,date_in_source_url,https://usctrojans.com/news/2026/7/14/usc-trojans-athletics-nike-jerseys-uniforms-gear-apparel-shoes-deal-extension-nil,published_after_cutoff,Unknown,Pac-12,96.9014084507,98.5875706215
utah,Utah,2022-23,2022,92.4581005587,2022-08-01,2021.0000000000,2020.0000000000,A,2016-10-12,date_in_source_url,https://utahutes.com/news/2016/10/12/general-utah-athletics-and-under-armour-sign-extension,eligible_direct_preseason,Under Armour,Pac-12,87.8873239437,80.5084745763
utah_state,Utah State,2022-23,2022,59.9162011173,2022-08-01,2021.0000000000,2020.0000000000,unknown,,undated,,no_direct_evidence,Unknown,Mountain West,67.6056338028,69.4915254237
utah_valley,Utah Valley,2022-23,2022,70.6703910615,2022-08-01,2021.0000000000,2020.0000000000,unknown,,undated,,no_direct_evidence,Unknown,WAC,30.4225352113,72.1751412429
utep,UTEP,2022-23,2022,29.1899441341,2022-08-01,2021.0000000000,2020.0000000000,unknown,,undated,,no_direct_evidence,Unknown,Conference USA,28.4507042254,18.9265536723
utrgv,UTRGV,2022-23,2022,7.5418994413,2022-08-01,2021.0000000000,2020.0000000000,unknown,,undated,,no_direct_evidence,Unknown,Unknown,8.5915492958,8.7570621469
utsa,UTSA,2022-23,2022,48.4636871508,2022-08-01,2021.0000000000,2020.0000000000,unknown,,undated,,no_direct_evidence,Unknown,Conference USA,49.2957746479,45.0564971751
valparaiso,Valparaiso,2022-23,2022,7.5418994413,2022-08-01,2021.0000000000,2020.0000000000,unknown,,undated,,no_direct_evidence,Unknown,Unknown,8.5915492958,8.7570621469
vanderbilt,Vanderbilt,2022-23,2022,84.6368715084,2022-08-01,2021.0000000000,2020.0000000000,A,2015-07-07,date_in_source_url,https://vucommodores.com/news/2015/07/07/vanderbilt-nike-expand-agreement,eligible_direct_preseason,Nike,SEC,81.6901408451,84.4632768362
vcu,VCU,2022-23,2022,35.8938547486,2022-08-01,2021.0000000000,2020.0000000000,unknown,,undated,,no_direct_evidence,Unknown,Atlantic 10,61.5492957746,70.9039548023
vermont,Vermont,2022-23,2022,74.8603351955,2022-08-01,2021.0000000000,2020.0000000000,unknown,,undated,,no_direct_evidence,Unknown,America East,77.1830985915,53.8135593220
villanova,Villanova,2022-23,2022,61.7318435754,2022-08-01,2021.0000000000,2020.0000000000,unknown,,undated,,no_direct_evidence,Unknown,Big East,85.0704225352,76.4124293785
virginia,Virginia,2022-23,2022,99.1620111732,2022-08-01,2021.0000000000,2020.0000000000,unknown,,undated,https://athleticdirectoru.com/articles/cash-is-king-in-intercollegiate-apparel-agreements/,continuity_excluded,Unknown,ACC,97.1830985915,97.1751412429
virginia_military_institute,Virginia Military Institute,2022-23,2022,7.5418994413,2022-08-01,2021.0000000000,2020.0000000000,unknown,,undated,,no_direct_evidence,Unknown,Unknown,8.5915492958,24.4350282486
virginia_tech,Virginia Tech,2022-23,2022,84.9162011173,2022-08-01,2021.0000000000,2020.0000000000,unknown,2016-05-25,date_in_source_url,https://techsideline.com/article/2016/05/25/virginia-techs-nike-deal,continuity_excluded,Unknown,ACC,90.9859154930,91.2429378531
wagner,Wagner,2022-23,2022,7.5418994413,2022-08-01,2021.0000000000,2020.0000000000,unknown,,undated,,no_direct_evidence,Unknown,Northeast,39.2957746479,8.7570621469
wake_forest,Wake Forest,2022-23,2022,88.5474860335,2022-08-01,2021.0000000000,2020.0000000000,unknown,,undated,,no_direct_evidence,Unknown,ACC,87.6056338028,85.0282485876
washington,Washington,2022-23,2022,94.4134078212,2022-08-01,2021.0000000000,2020.0000000000,A,2018-04-10,date_in_source_url,https://gohuskies.com/news/2018/4/10/general-university-of-washington-agrees-to-terms-on-10-year-partnership-with-adidas,eligible_direct_preseason,adidas,Pac-12,91.8309859155,90.9604519774
washington_state,Washington State,2022-23,2022,53.6312849162,2022-08-01,2021.0000000000,2020.0000000000,unknown,,undated,,no_direct_evidence,Unknown,Pac-12,74.9295774648,74.8587570621
weber_state,Weber State,2022-23,2022,47.7653631285,2022-08-01,2021.0000000000,2020.0000000000,unknown,,undated,,no_direct_evidence,Unknown,Big Sky,26.9014084507,51.9774011299
west_virginia,West Virginia,2022-23,2022,83.7988826816,2022-08-01,2021.0000000000,2020.0000000000,unknown,,undated,https://www2.kusports.com/weblogs/tale-tait/2017/sep/28/kus-deal-with-adidas-is-companys-second/,undated_or_invalid,Unknown,Big 12,82.6760563380,86.4406779661
western_carolina,Western Carolina,2022-23,2022,7.5418994413,2022-08-01,2021.0000000000,2020.0000000000,unknown,,undated,,no_direct_evidence,Unknown,Unknown,8.5915492958,8.7570621469
western_illinois,Western Illinois,2022-23,2022,7.5418994413,2022-08-01,2021.0000000000,2020.0000000000,unknown,,undated,,no_direct_evidence,Unknown,Unknown,8.5915492958,24.4350282486
western_kentucky,Western Kentucky,2022-23,2022,51.9553072626,2022-08-01,2021.0000000000,2020.0000000000,unknown,,undated,,no_direct_evidence,Unknown,Conference USA,62.3943661972,68.6440677966
western_michigan,Western Michigan,2022-23,2022,65.6424581006,2022-08-01,2021.0000000000,2020.0000000000,unknown,,undated,,no_direct_evidence,Unknown,MAC,70.2816901408,43.6440677966
wichita_state,Wichita State,2022-23,2022,48.4636871508,2022-08-01,2021.0000000000,2020.0000000000,unknown,,undated,,no_direct_evidence,Unknown,American,43.0985915493,50.8474576271
william_mary,William & Mary,2022-23,2022,51.9553072626,2022-08-01,2021.0000000000,2020.0000000000,unknown,,undated,,no_direct_evidence,Unknown,CAA,21.8309859155,30.2259887006
winthrop,Winthrop,2022-23,2022,7.5418994413,2022-08-01,2021.0000000000,2020.0000000000,unknown,,undated,,no_direct_evidence,Unknown,Unknown,8.5915492958,24.4350282486
wisconsin,Wisconsin,2022-23,2022,92.7374301676,2022-08-01,2021.0000000000,2020.0000000000,A,2015-10-09,date_in_source_url,https://uwbadgers.com/news/2015/10/9/GEN_1012155509,eligible_direct_preseason,Under Armour,Big Ten,93.5211267606,89.8305084746
wisconsin_green_bay,Wisconsin Green Bay,2022-23,2022,16.0614525140,2022-08-01,2021.0000000000,2020.0000000000,unknown,,undated,,no_direct_evidence,Unknown,Horizon League,26.9014084507,8.7570621469
wisconsin_milwaukee,Wisconsin Milwaukee,2022-23,2022,23.3240223464,2022-08-01,2021.0000000000,2020.0000000000,unknown,,undated,,no_direct_evidence,Unknown,Horizon League,33.5211267606,47.3163841808
wofford,Wofford,2022-23,2022,7.5418994413,2022-08-01,2021.0000000000,2020.0000000000,unknown,,undated,,no_direct_evidence,Unknown,Unknown,8.5915492958,8.7570621469
wright_state,Wright State,2022-23,2022,35.8938547486,2022-08-01,2021.0000000000,2020.0000000000,unknown,,undated,,no_direct_evidence,Unknown,Horizon League,42.2535211268,67.9378531073
wyoming,Wyoming,2022-23,2022,33.2402234637,2022-08-01,2021.0000000000,2020.0000000000,unknown,,undated,,no_direct_evidence,Unknown,Mountain West,65.0704225352,66.9491525424
xavier,Xavier,2022-23,2022,76.8156424581,2022-08-01,2021.0000000000,2020.0000000000,unknown,,undated,,no_direct_evidence,Unknown,Big East,41.1267605634,32.4858757062
yale,Yale,2022-23,2022,79.3296089385,2022-08-01,2021.0000000000,2020.0000000000,unknown,2026-09-03,date_in_source_url,https://yalebulldogs.com/news/2026/9/3/general-yale-athletics-and-under-armour-extend-partnership-through-2036.aspx,published_after_cutoff,Unknown,Ivy League,84.5070422535,8.7570621469
youngstown_state,Youngstown State,2022-23,2022,49.1620111732,2022-08-01,2021.0000000000,2020.0000000000,unknown,,undated,,no_direct_evidence,Unknown,Horizon League,50.7042253521,59.7457627119
abilene_christian,Abilene Christian,2023-24,2023,6.4606741573,2023-08-01,2022.0000000000,2021.0000000000,unknown,,undated,,no_direct_evidence,Unknown,Unknown,7.5418994413,46.4788732394
air_force,Air Force,2023-24,2023,78.9325842697,2023-08-01,2022.0000000000,2021.0000000000,unknown,,undated,,no_direct_evidence,Unknown,Mountain West,81.8435754190,81.4084507042
akron,Akron,2023-24,2023,41.0112359551,2023-08-01,2022.0000000000,2021.0000000000,unknown,,undated,,no_direct_evidence,Unknown,MAC,60.8938547486,33.5211267606
alabama,Alabama,2023-24,2023,97.7528089888,2023-08-01,2022.0000000000,2021.0000000000,unknown,2025-08-28,date_in_source_url,https://www.sportsbusinessjournal.com/Articles/2025/08/28/alabama-quietly-extended-nike-deal-a-few-years-ago-terms-kept-private/?issueId=3MXGPV7JIFCSHHS6YCWC3BPPFM,published_after_cutoff,Unknown,SEC,96.9273743017,94.0845070423
alabama_a_m,Alabama A&M,2023-24,2023,6.4606741573,2023-08-01,2022.0000000000,2021.0000000000,unknown,,undated,,no_direct_evidence,Unknown,Unknown,7.5418994413,8.5915492958
alabama_state,Alabama State,2023-24,2023,51.6853932584,2023-08-01,2022.0000000000,2021.0000000000,unknown,,undated,,no_direct_evidence,Unknown,SWAC,33.5195530726,44.2253521127
albany,Albany,2023-24,2023,67.4157303371,2023-08-01,2022.0000000000,2021.0000000000,unknown,,undated,,no_direct_evidence,Unknown,America East,59.9162011173,21.8309859155
alcorn_state,Alcorn State,2023-24,2023,6.4606741573,2023-08-01,2022.0000000000,2021.0000000000,unknown,,undated,,no_direct_evidence,Unknown,Unknown,7.5418994413,8.5915492958
american,American,2023-24,2023,33.0056179775,2023-08-01,2022.0000000000,2021.0000000000,unknown,,undated,,no_direct_evidence,Unknown,Patriot,27.6536312849,45.6338028169
appalachian_state,Appalachian State,2023-24,2023,50.1404494382,2023-08-01,2022.0000000000,2021.0000000000,unknown,,undated,,no_direct_evidence,Unknown,Sun Belt,18.0167597765,41.6901408451
arizona,Arizona,2023-24,2023,86.7977528090,2023-08-01,2022.0000000000,2021.0000000000,A,2015-08-13,date_in_source_url,https://arizonawildcats.com/news/2015/8/13/210266319,eligible_direct_preseason,Nike,Pac-12,88.2681564246,90.4225352113
arizona_state,Arizona State,2023-24,2023,92.6966292135,2023-08-01,2022.0000000000,2021.0000000000,unknown,2014-12-16,date_in_source_url,https://thesundevils.com/news/2014/12/16/sun-devil-athletics-adidas-announce-8-year-partnership,continuity_excluded,Unknown,Pac-12,90.5027932961,92.9577464789
arkansas,Arkansas,2023-24,2023,95.2247191011,2023-08-01,2022.0000000000,2021.0000000000,unknown,,undated,https://web.archive.org/web/20171001190209/http://www.arkansasrazorbacks.com/,continuity_excluded,Unknown,SEC,96.6480446927,98.3098591549
arkansas_little_rock,Arkansas Little Rock,2023-24,2023,44.6629213483,2023-08-01,2022.0000000000,2021.0000000000,unknown,,undated,,no_direct_evidence,Unknown,OVC,18.5754189944,29.2957746479
arkansas_pine_bluff,Arkansas Pine Bluff,2023-24,2023,49.7191011236,2023-08-01,2022.0000000000,2021.0000000000,unknown,,undated,,no_direct_evidence,Unknown,SWAC,16.0614525140,8.5915492958
arkansas_state,Arkansas State,2023-24,2023,75.1404494382,2023-08-01,2022.0000000000,2021.0000000000,unknown,,undated,,no_direct_evidence,Unknown,Sun Belt,63.4078212291,49.5774647887
army_west_point,Army West Point,2023-24,2023,45.0842696629,2023-08-01,2022.0000000000,2021.0000000000,unknown,,undated,,no_direct_evidence,Unknown,Patriot,70.3910614525,69.0140845070
auburn,Auburn,2023-24,2023,91.0112359551,2023-08-01,2022.0000000000,2021.0000000000,unknown,2025-07-24,date_in_source_url,https://auburntigers.com/news/2025/07/24/such-an-iconic-mark-how-auburn-equipment-managed-the-switch-to-nike,published_after_cutoff,Unknown,SEC,90.2234636872,91.2676056338
austin_peay_state,Austin Peay State,2023-24,2023,21.4887640449,2023-08-01,2022.0000000000,2021.0000000000,unknown,,undated,,no_direct_evidence,Unknown,Unknown,7.5418994413,17.1830985915
ball_state,Ball State,2023-24,2023,63.2022471910,2023-08-01,2022.0000000000,2021.0000000000,unknown,,undated,,no_direct_evidence,Unknown,MAC,75.4189944134,71.8309859155
baylor,Baylor,2023-24,2023,88.2022471910,2023-08-01,2022.0000000000,2021.0000000000,unknown,2022-05-02,date_in_source_url,https://baylorbears.com/documents/download/2022/5/2/BU_BSB_Game_Notes_2022_45_Tarleton.pdf,continuity_excluded,Unknown,Big 12,87.4301675978,87.0422535211
bellarmine,Bellarmine,2023-24,2023,6.4606741573,2023-08-01,2022.0000000000,2021.0000000000,unknown,,undated,,no_direct_evidence,Unknown,Unknown,7.5418994413,8.5915492958
belmont,Belmont,2023-24,2023,6.4606741573,2023-08-01,2022.0000000000,2021.0000000000,unknown,,undated,,no_direct_evidence,Unknown,Missouri Valley,23.3240223464,33.5211267606
bethune_cookman,Bethune-Cookman,2023-24,2023,6.4606741573,2023-08-01,2022.0000000000,2021.0000000000,unknown,,undated,,no_direct_evidence,Unknown,Unknown,7.5418994413,8.5915492958
binghamton,Binghamton,2023-24,2023,51.4044943820,2023-08-01,2022.0000000000,2021.0000000000,unknown,,undated,,no_direct_evidence,Unknown,America East,18.9944134078,47.6056338028
boise_state,Boise State,2023-24,2023,54.4943820225,2023-08-01,2022.0000000000,2021.0000000000,unknown,,undated,,no_direct_evidence,Unknown,Mountain West,65.3631284916,68.4507042254
boston_college,Boston College,2023-24,2023,81.1797752809,2023-08-01,2022.0000000000,2021.0000000000,A,2021-04-13,date_in_source_url,https://bceagles.com/news/2021/4/13/boston-college-athletics-announces-10-year-agreement-with-new-balance,eligible_direct_preseason,other,ACC,70.9497206704,69.5774647887
boston_university,Boston University,2023-24,2023,74.1573033708,2023-08-01,2022.0000000000,2021.0000000000,unknown,,undated,,no_direct_evidence,Unknown,Patriot,65.9217877095,53.5211267606
bowling_green,Bowling Green,2023-24,2023,21.4887640449,2023-08-01,2022.0000000000,2021.0000000000,unknown,,undated,,no_direct_evidence,Unknown,MAC,35.8938547486,44.2253521127
bradley,Bradley,2023-24,2023,6.4606741573,2023-08-01,2022.0000000000,2021.0000000000,unknown,,undated,,no_direct_evidence,Unknown,Missouri Valley,40.5027932961,8.5915492958
brown,Brown,2023-24,2023,72.1910112360,2023-08-01,2022.0000000000,2021.0000000000,unknown,,undated,,no_direct_evidence,Unknown,Ivy League,66.2011173184,73.5211267606
bryant,Bryant,2023-24,2023,37.0786516854,2023-08-01,2022.0000000000,2021.0000000000,unknown,,undated,,no_direct_evidence,Unknown,America East,39.6648044693,26.9014084507
bucknell,Bucknell,2023-24,2023,41.7134831461,2023-08-01,2022.0000000000,2021.0000000000,unknown,,undated,,no_direct_evidence,Unknown,Patriot,23.3240223464,30.9859154930
buffalo,Buffalo,2023-24,2023,16.0112359551,2023-08-01,2022.0000000000,2021.0000000000,unknown,,undated,,no_direct_evidence,Unknown,MAC,50.0000000000,21.8309859155
butler,Butler,2023-24,2023,41.0112359551,2023-08-01,2022.0000000000,2021.0000000000,unknown,,undated,,no_direct_evidence,Unknown,Big East,49.5810055866,59.4366197183
byu,BYU,2023-24,2023,90.1685393258,2023-08-01,2022.0000000000,2021.0000000000,A,2019-03-08,date_in_source_url,https://byucougars.com/news/2019/03/08/byu-announces-new-nike-partnership,eligible_direct_preseason,Nike,WCC,89.9441340782,92.1126760563
cal_poly,Cal Poly,2023-24,2023,63.7640449438,2023-08-01,2022.0000000000,2021.0000000000,unknown,,undated,,no_direct_evidence,Unknown,Big West,45.5307262570,51.4084507042
cal_state_bakersfield,Cal State Bakersfield,2023-24,2023,6.4606741573,2023-08-01,2022.0000000000,2021.0000000000,unknown,,undated,,no_direct_evidence,Unknown,Big West,18.0167597765,17.6056338028
cal_state_fullerton,Cal State Fullerton,2023-24,2023,37.0786516854,2023-08-01,2022.0000000000,2021.0000000000,unknown,,undated,,no_direct_evidence,Unknown,Big West,46.3687150838,40.2816901408
cal_state_northridge,Cal State Northridge,2023-24,2023,40.4494382022,2023-08-01,2022.0000000000,2021.0000000000,unknown,,undated,,no_direct_evidence,Unknown,Unknown,7.5418994413,8.5915492958
california,California,2023-24,2023,94.6629213483,2023-08-01,2022.0000000000,2021.0000000000,A,2023-01-11,date_in_source_url,https://calbears.com/news/2023/1/11/athletics-news-cal-athletics-enters-into-new-partnership-with-nike,eligible_direct_preseason,Nike,Pac-12,94.1340782123,92.6760563380
california_baptist,California Baptist,2023-24,2023,76.1235955056,2023-08-01,2022.0000000000,2021.0000000000,unknown,,undated,,no_direct_evidence,Unknown,WAC,64.5251396648,8.5915492958
campbell,Campbell,2023-24,2023,32.0224719101,2023-08-01,2022.0000000000,2021.0000000000,unknown,,undated,,no_direct_evidence,Unknown,Big South,72.0670391061,71.2676056338
canisius,Canisius,2023-24,2023,6.4606741573,2023-08-01,2022.0000000000,2021.0000000000,unknown,,undated,,no_direct_evidence,Unknown,MAAC,23.3240223464,33.5211267606
central_arkansas,Central Arkansas,2023-24,2023,6.4606741573,2023-08-01,2022.0000000000,2021.0000000000,unknown,,undated,,no_direct_evidence,Unknown,ASUN,29.8882681564,8.5915492958
central_connecticut_state,Central Connecticut State,2023-24,2023,21.4887640449,2023-08-01,2022.0000000000,2021.0000000000,unknown,,undated,,no_direct_evidence,Unknown,Northeast,23.3240223464,21.8309859155
central_michigan,Central Michigan,2023-24,2023,29.4943820225,2023-08-01,2022.0000000000,2021.0000000000,unknown,,undated,,no_direct_evidence,Unknown,MAC,32.1229050279,66.6197183099
charleston_southern,Charleston Southern,2023-24,2023,14.7471910112,2023-08-01,2022.0000000000,2021.0000000000,unknown,,undated,,no_direct_evidence,Unknown,Big South,23.3240223464,26.9014084507
charlotte,Charlotte,2023-24,2023,73.8764044944,2023-08-01,2022.0000000000,2021.0000000000,unknown,,undated,,no_direct_evidence,Unknown,Conference USA,62.7094972067,55.3521126761
chicago_state,Chicago State,2023-24,2023,21.4887640449,2023-08-01,2022.0000000000,2021.0000000000,unknown,,undated,,no_direct_evidence,Unknown,Unknown,7.5418994413,8.5915492958
cincinnati,Cincinnati,2023-24,2023,27.5280898876,2023-08-01,2022.0000000000,2021.0000000000,unknown,2023-12-11,date_in_source_url,https://gobearcats.com/news/2023/12/11/cincinnati-athletics-announces-agreement-with-nike-inc-through-2029,published_after_cutoff,Unknown,American,59.4972067039,60.9859154930
citadel,Citadel,2023-24,2023,6.4606741573,2023-08-01,2022.0000000000,2021.0000000000,unknown,,undated,,no_direct_evidence,Unknown,Unknown,7.5418994413,38.7323943662
clemson,Clemson,2023-24,2023,91.5730337079,2023-08-01,2022.0000000000,2021.0000000000,A,2018-08-03,date_in_source_url,https://clemsontigers.com/news/2018/08/03/clemson-nike-agree-to-10-year-partnership-extension,eligible_direct_preseason,Nike,ACC,86.0335195531,81.9718309859
cleveland_state,Cleveland State,2023-24,2023,50.8426966292,2023-08-01,2022.0000000000,2021.0000000000,unknown,,undated,,no_direct_evidence,Unknown,Horizon League,35.8938547486,17.6056338028
coastal_carolina,Coastal Carolina,2023-24,2023,65.5898876404,2023-08-01,2022.0000000000,2021.0000000000,unknown,,undated,,no_direct_evidence,Unknown,Sun Belt,52.7932960894,69.2957746479
colgate,Colgate,2023-24,2023,63.4831460674,2023-08-01,2022.0000000000,2021.0000000000,unknown,,undated,,no_direct_evidence,Unknown,Patriot,64.2458100559,57.4647887324
college_of_charleston,College of Charleston,2023-24,2023,28.5112359551,2023-08-01,2022.0000000000,2021.0000000000,unknown,,undated,,no_direct_evidence,Unknown,CAA,32.9608938547,39.8591549296
colorado,Colorado,2023-24,2023,83.7078651685,2023-08-01,2022.0000000000,2021.0000000000,unknown,,undated,https://football.hkm.com/wp-content/uploads/2020/08/2020_02-28_DORRELL_Karl_Employment_Agreement_FINAL_FOR_REGENT_APPROVAL-FULLY-EXECUTED.pdf,undated_or_invalid,Unknown,Pac-12,83.2402234637,83.9436619718
colorado_state,Colorado State,2023-24,2023,74.7191011236,2023-08-01,2022.0000000000,2021.0000000000,unknown,,undated,,no_direct_evidence,Unknown,Mountain West,67.5977653631,70.2816901408
columbia,Columbia,2023-24,2023,78.0898876404,2023-08-01,2022.0000000000,2021.0000000000,unknown,,undated,,no_direct_evidence,Unknown,Ivy League,77.9329608939,79.1549295775
coppin_state,Coppin State,2023-24,2023,21.4887640449,2023-08-01,2022.0000000000,2021.0000000000,unknown,,undated,,no_direct_evidence,Unknown,Unknown,7.5418994413,21.8309859155
cornell,Cornell,2023-24,2023,80.3370786517,2023-08-01,2022.0000000000,2021.0000000000,unknown,,undated,,no_direct_evidence,Unknown,Ivy League,82.4022346369,76.9014084507
creighton,Creighton,2023-24,2023,70.6460674157,2023-08-01,2022.0000000000,2021.0000000000,unknown,,undated,,no_direct_evidence,Unknown,Big East,75.1396648045,76.0563380282
dartmouth,Dartmouth,2023-24,2023,53.0898876404,2023-08-01,2022.0000000000,2021.0000000000,unknown,,undated,,no_direct_evidence,Unknown,Ivy League,46.3687150838,38.7323943662
davidson,Davidson,2023-24,2023,6.4606741573,2023-08-01,2022.0000000000,2021.0000000000,unknown,,undated,,no_direct_evidence,Unknown,Atlantic 10,28.3519553073,39.8591549296
dayton,Dayton,2023-24,2023,66.5730337079,2023-08-01,2022.0000000000,2021.0000000000,unknown,,undated,,no_direct_evidence,Unknown,Unknown,7.5418994413,44.2253521127
delaware,Delaware,2023-24,2023,51.1235955056,2023-08-01,2022.0000000000,2021.0000000000,unknown,,undated,,no_direct_evidence,Unknown,CAA,68.4357541899,70.9859154930
delaware_state,Delaware State,2023-24,2023,6.4606741573,2023-08-01,2022.0000000000,2021.0000000000,unknown,,undated,,no_direct_evidence,Unknown,MEAC,23.3240223464,8.5915492958
denver,Denver,2023-24,2023,87.3595505618,2023-08-01,2022.0000000000,2021.0000000000,unknown,,undated,,no_direct_evidence,Unknown,Summit,82.6815642458,83.6619718310
depaul,DePaul,2023-24,2023,34.5505617978,2023-08-01,2022.0000000000,2021.0000000000,unknown,,undated,,no_direct_evidence,Unknown,Unknown,7.5418994413,26.9014084507
detroit,Detroit,2023-24,2023,6.4606741573,2023-08-01,2022.0000000000,2021.0000000000,unknown,,undated,,no_direct_evidence,Unknown,Unknown,7.5418994413,8.5915492958
drake,Drake,2023-24,2023,48.0337078652,2023-08-01,2022.0000000000,2021.0000000000,unknown,,undated,,no_direct_evidence,Unknown,Missouri Valley,69.8324022346,38.3098591549
drexel,Drexel,2023-24,2023,37.0786516854,2023-08-01,2022.0000000000,2021.0000000000,unknown,,undated,,no_direct_evidence,Unknown,CAA,42.1787709497,40.8450704225
duke,Duke,2023-24,2023,95.5056179775,2023-08-01,2022.0000000000,2021.0000000000,A,2015-10-15,date_in_source_url,https://goduke.com/news/2015/10/15/210424501,eligible_direct_preseason,Nike,ACC,95.8100558659,94.3661971831
duquesne,Duquesne,2023-24,2023,64.6067415730,2023-08-01,2022.0000000000,2021.0000000000,unknown,,undated,,no_direct_evidence,Unknown,Atlantic 10,31.4245810056,8.5915492958
east_carolina,East Carolina,2023-24,2023,37.0786516854,2023-08-01,2022.0000000000,2021.0000000000,unknown,,undated,,no_direct_evidence,Unknown,American,58.6592178771,45.3521126761
east_tennessee_state,East Tennessee State,2023-24,2023,62.9213483146,2023-08-01,2022.0000000000,2021.0000000000,unknown,,undated,,no_direct_evidence,Unknown,SoCon,51.9553072626,65.9154929577
eastern_illinois,Eastern Illinois,2023-24,2023,21.4887640449,2023-08-01,2022.0000000000,2021.0000000000,unknown,,undated,,no_direct_evidence,Unknown,OVC,35.8938547486,8.5915492958
eastern_kentucky,Eastern Kentucky,2023-24,2023,46.0674157303,2023-08-01,2022.0000000000,2021.0000000000,unknown,,undated,,no_direct_evidence,Unknown,ASUN,30.8659217877,29.5774647887
eastern_michigan,Eastern Michigan,2023-24,2023,21.4887640449,2023-08-01,2022.0000000000,2021.0000000000,unknown,,undated,,no_direct_evidence,Unknown,MAC,44.1340782123,30.7042253521
eastern_washington,Eastern Washington,2023-24,2023,21.4887640449,2023-08-01,2022.0000000000,2021.0000000000,unknown,,undated,,no_direct_evidence,Unknown,Unknown,7.5418994413,36.6197183099
elon,Elon,2023-24,2023,6.4606741573,2023-08-01,2022.0000000000,2021.0000000000,unknown,,undated,,no_direct_evidence,Unknown,CAA,35.8938547486,8.5915492958
evansville,Evansville,2023-24,2023,44.1011235955,2023-08-01,2022.0000000000,2021.0000000000,unknown,,undated,,no_direct_evidence,Unknown,Unknown,7.5418994413,8.5915492958
fairfield,Fairfield,2023-24,2023,56.3202247191,2023-08-01,2022.0000000000,2021.0000000000,unknown,,undated,,no_direct_evidence,Unknown,MAAC,23.3240223464,54.0845070423
fairleigh_dickinson,Fairleigh Dickinson,2023-24,2023,48.0337078652,2023-08-01,2022.0000000000,2021.0000000000,unknown,,undated,,no_direct_evidence,Unknown,Northeast,74.0223463687,60.9859154930
florida,Florida,2023-24,2023,99.1573033708,2023-08-01,2022.0000000000,2021.0000000000,unknown,,undated,https://www.onlygators.com/02/25/2015/florida-gators-extend-apparel-contract-with-nike/,undated_or_invalid,Unknown,SEC,98.8826815642,98.8732394366
florida_a_m,Florida A&M,2023-24,2023,33.0056179775,2023-08-01,2022.0000000000,2021.0000000000,unknown,,undated,,no_direct_evidence,Unknown,SWAC,46.3687150838,33.5211267606
florida_atlantic,Florida Atlantic,2023-24,2023,37.0786516854,2023-08-01,2022.0000000000,2021.0000000000,unknown,,undated,,no_direct_evidence,Unknown,Conference USA,64.8044692737,39.2957746479
florida_gulf_coast,Florida Gulf Coast,2023-24,2023,59.1292134831,2023-08-01,2022.0000000000,2021.0000000000,unknown,,undated,,no_direct_evidence,Unknown,ASUN,60.6145251397,55.9154929577
florida_international,Florida International,2023-24,2023,48.0337078652,2023-08-01,2022.0000000000,2021.0000000000,unknown,,undated,,no_direct_evidence,Unknown,Conference USA,71.3687150838,66.1971830986
florida_state,Florida State,2023-24,2023,96.9101123596,2023-08-01,2022.0000000000,2021.0000000000,unknown,2024-01-15,date_in_source_url,https://seminoles.com/documents/download/2024/1/15/Florida_State_University_Department_of_Intercollegiate_Athletics_FY23.pdf,published_after_cutoff,Unknown,ACC,95.5307262570,96.3380281690
fordham,Fordham,2023-24,2023,21.4887640449,2023-08-01,2022.0000000000,2021.0000000000,unknown,,undated,,no_direct_evidence,Unknown,Atlantic 10,46.3687150838,33.5211267606
fresno_state,Fresno State,2023-24,2023,67.6966292135,2023-08-01,2022.0000000000,2021.0000000000,unknown,,undated,,no_direct_evidence,Unknown,Mountain West,56.7039106145,55.9154929577
furman,Furman,2023-24,2023,61.0955056180,2023-08-01,2022.0000000000,2021.0000000000,unknown,,undated,,no_direct_evidence,Unknown,SoCon,68.7150837989,63.9436619718
gardner_webb,Gardner-Webb,2023-24,2023,31.7415730337,2023-08-01,2022.0000000000,2021.0000000000,unknown,,undated,,no_direct_evidence,Unknown,Big South,51.1173184358,8.5915492958
george_mason,George Mason,2023-24,2023,26.9662921348,2023-08-01,2022.0000000000,2021.0000000000,unknown,,undated,,no_direct_evidence,Unknown,Atlantic 10,50.5586592179,8.5915492958
george_washington,George Washington,2023-24,2023,29.7752808989,2023-08-01,2022.0000000000,2021.0000000000,unknown,,undated,,no_direct_evidence,Unknown,Atlantic 10,29.1899441341,8.5915492958
georgetown,Georgetown,2023-24,2023,85.3932584270,2023-08-01,2022.0000000000,2021.0000000000,unknown,,undated,,no_direct_evidence,Unknown,Big East,81.5642458101,80.5633802817
georgia,Georgia,2023-24,2023,95.7865168539,2023-08-01,2022.0000000000,2021.0000000000,A,2015-05-20,date_in_source_url,https://www.sportsbusinessjournal.com/Daily/Issues/2015/05/20/Marketing-and-Sponsorship/Georgia-Nike/,eligible_direct_preseason,Nike,SEC,98.3240223464,94.9295774648
georgia_southern,Georgia Southern,2023-24,2023,21.4887640449,2023-08-01,2022.0000000000,2021.0000000000,unknown,,undated,,no_direct_evidence,Unknown,Sun Belt,42.7374301676,60.0000000000
georgia_state,Georgia State,2023-24,2023,53.7921348315,2023-08-01,2022.0000000000,2021.0000000000,unknown,,undated,,no_direct_evidence,Unknown,Sun Belt,39.6648044693,75.4929577465
georgia_tech,Georgia Tech,2023-24,2023,79.4943820225,2023-08-01,2022.0000000000,2021.0000000000,A,2017-08-22,date_in_source_url,https://ramblinwreck.com/news/2017/08/22/georgia-tech-joins-adidas-roster-of-collegiate-partnerships,eligible_direct_preseason,adidas,ACC,78.4916201117,81.1267605634
gonzaga,Gonzaga,2023-24,2023,78.5112359551,2023-08-01,2022.0000000000,2021.0000000000,unknown,,undated,,no_direct_evidence,Unknown,WCC,77.6536312849,78.3098591549
grambling_state,Grambling State,2023-24,2023,48.0337078652,2023-08-01,2022.0000000000,2021.0000000000,unknown,,undated,,no_direct_evidence,Unknown,Unknown,7.5418994413,8.5915492958
grand_canyon,Grand Canyon,2023-24,2023,79.2134831461,2023-08-01,2022.0000000000,2021.0000000000,unknown,,undated,,no_direct_evidence,Unknown,WAC,73.7430167598,61.5492957746
harvard,Harvard,2023-24,2023,92.1348314607,2023-08-01,2022.0000000000,2021.0000000000,unknown,,undated,,no_direct_evidence,Unknown,Ivy League,88.8268156425,89.2957746479
hawaii,Hawaii,2023-24,2023,70.6460674157,2023-08-01,2022.0000000000,2021.0000000000,unknown,,undated,,no_direct_evidence,Unknown,Big West,80.7262569832,74.3661971831
high_point,High Point,2023-24,2023,66.0112359551,2023-08-01,2022.0000000000,2021.0000000000,unknown,,undated,,no_direct_evidence,Unknown,Big South,61.3128491620,52.1126760563
hofstra,Hofstra,2023-24,2023,44.1011235955,2023-08-01,2022.0000000000,2021.0000000000,unknown,,undated,,no_direct_evidence,Unknown,CAA,46.3687150838,65.6338028169
holy_cross,Holy Cross,2023-24,2023,21.4887640449,2023-08-01,2022.0000000000,2021.0000000000,unknown,,undated,,no_direct_evidence,Unknown,Patriot,51.9553072626,36.6197183099
houston,Houston,2023-24,2023,83.9887640449,2023-08-01,2022.0000000000,2021.0000000000,unknown,,undated,https://www.houstonchronicle.com/texas-sports-nation/college/article/houston-cougars-basketball-jordan-brand-impact-17851683.php,continuity_excluded,Unknown,American,81.2849162011,72.3943661972
houston_christian,Houston Christian,2023-24,2023,6.4606741573,2023-08-01,2022.0000000000,2021.0000000000,unknown,,undated,,no_direct_evidence,Unknown,Unknown,7.5418994413,8.5915492958
howard,Howard,2023-24,2023,39.6067415730,2023-08-01,2022.0000000000,2021.0000000000,unknown,,undated,,no_direct_evidence,Unknown,MEAC,23.3240223464,52.5352112676
idaho,Idaho,2023-24,2023,55.1966292135,2023-08-01,2022.0000000000,2021.0000000000,unknown,,undated,,no_direct_evidence,Unknown,Big Sky,35.8938547486,21.8309859155
idaho_state,Idaho State,2023-24,2023,6.4606741573,2023-08-01,2022.0000000000,2021.0000000000,unknown,,undated,,no_direct_evidence,Unknown,Unknown,7.5418994413,8.5915492958
illinois,Illinois,2023-24,2023,89.8876404494,2023-08-01,2022.0000000000,2021.0000000000,A,2016-01-15,date_in_source_url,https://fightingillini.com/news/2016/1/15/GEN_0115160058,eligible_direct_preseason,Nike,Big Ten,85.1955307263,85.6338028169
illinois_chicago,Illinois Chicago,2023-24,2023,6.4606741573,2023-08-01,2022.0000000000,2021.0000000000,unknown,,undated,,no_direct_evidence,Unknown,Unknown,7.5418994413,21.8309859155
illinois_state,Illinois State,2023-24,2023,13.6235955056,2023-08-01,2022.0000000000,2021.0000000000,unknown,,undated,,no_direct_evidence,Unknown,Missouri Valley,17.5977653631,50.9859154930
incarnate_word,Incarnate Word,2023-24,2023,40.1685393258,2023-08-01,2022.0000000000,2021.0000000000,unknown,,undated,,no_direct_evidence,Unknown,Southland,56.0055865922,48.5915492958
indiana,Indiana,2023-24,2023,88.7640449438,2023-08-01,2022.0000000000,2021.0000000000,A,2015-08-18,date_in_source_url,https://iuhoosiers.com/news/2015/8/18/GEN_0818151235,eligible_direct_preseason,adidas,Big Ten,89.1061452514,82.2535211268
indiana_state,Indiana State,2023-24,2023,37.0786516854,2023-08-01,2022.0000000000,2021.0000000000,unknown,,undated,,no_direct_evidence,Unknown,Missouri Valley,43.5754189944,8.5915492958
iona,Iona,2023-24,2023,45.5056179775,2023-08-01,2022.0000000000,2021.0000000000,unknown,,undated,,no_direct_evidence,Unknown,MAAC,47.4860335196,25.7746478873
iowa,Iowa,2023-24,2023,82.3033707865,2023-08-01,2022.0000000000,2021.0000000000,unknown,,undated,https://athleticdirectoru.com/articles/cash-is-king-in-intercollegiate-apparel-agreements/,continuity_excluded,Unknown,Big Ten,86.8715083799,84.7887323944
iowa_state,Iowa State,2023-24,2023,90.4494382022,2023-08-01,2022.0000000000,2021.0000000000,unknown,,undated,,no_direct_evidence,Unknown,Big 12,82.9608938547,88.4507042254
ipfw,IPFW,2023-24,2023,6.4606741573,2023-08-01,2022.0000000000,2021.0000000000,unknown,,undated,,no_direct_evidence,Unknown,Horizon League,16.0614525140,8.5915492958
iupui,IUPUI,2023-24,2023,6.4606741573,2023-08-01,2022.0000000000,2021.0000000000,unknown,,undated,,no_direct_evidence,Unknown,Unknown,7.5418994413,21.8309859155
jackson_state,Jackson State,2023-24,2023,48.0337078652,2023-08-01,2022.0000000000,2021.0000000000,unknown,,undated,,no_direct_evidence,Unknown,SWAC,23.3240223464,33.5211267606
jacksonville,Jacksonville,2023-24,2023,28.5112359551,2023-08-01,2022.0000000000,2021.0000000000,unknown,,undated,,no_direct_evidence,Unknown,ASUN,41.4804469274,47.0422535211
jacksonville_state,Jacksonville State,2023-24,2023,65.5898876404,2023-08-01,2022.0000000000,2021.0000000000,unknown,,undated,,no_direct_evidence,Unknown,Unknown,7.5418994413,21.8309859155
james_madison,James Madison,2023-24,2023,78.5112359551,2023-08-01,2022.0000000000,2021.0000000000,unknown,,undated,,no_direct_evidence,Unknown,Sun Belt,58.6592178771,64.6478873239
kansas,Kansas,2023-24,2023,82.8651685393,2023-08-01,2022.0000000000,2021.0000000000,unknown,,undated,https://news.adidas.com/sports-performance/adidas-and-university-of-kansas-announce-an-extension-in-their-long-term-partnership/s/75f006e9-ed57-4ba1-b3fe-ddc1372145ff,undated_or_invalid,Unknown,Big 12,82.1229050279,83.0985915493
kansas_state,Kansas State,2023-24,2023,73.3146067416,2023-08-01,2022.0000000000,2021.0000000000,unknown,,undated,https://www.kansas.com/sports/college/big-12/kansas-state/article285714486.html,undated_or_invalid,Unknown,Big 12,74.5810055866,78.0281690141
kennesaw_state,Kennesaw State,2023-24,2023,14.7471910112,2023-08-01,2022.0000000000,2021.0000000000,unknown,,undated,,no_direct_evidence,Unknown,ASUN,57.2625698324,65.3521126761
kent_state,Kent State,2023-24,2023,55.8988764045,2023-08-01,2022.0000000000,2021.0000000000,unknown,,undated,,no_direct_evidence,Unknown,MAC,30.4469273743,58.1690140845
kentucky,Kentucky,2023-24,2023,91.2921348315,2023-08-01,2022.0000000000,2021.0000000000,A,2015-03-05,date_in_source_url,https://www.sportsbusinessjournal.com/Daily/Issues/2015/03/05/Marketing-and-Sponsorship/UK-Nike/,eligible_direct_preseason,Nike,SEC,95.2513966480,97.7464788732
la_salle,La Salle,2023-24,2023,6.4606741573,2023-08-01,2022.0000000000,2021.0000000000,unknown,,undated,,no_direct_evidence,Unknown,Atlantic 10,27.9329608939,8.5915492958
lafayette,Lafayette,2023-24,2023,21.4887640449,2023-08-01,2022.0000000000,2021.0000000000,unknown,,undated,,no_direct_evidence,Unknown,Unknown,7.5418994413,8.5915492958
lamar,Lamar,2023-24,2023,21.4887640449,2023-08-01,2022.0000000000,2021.0000000000,unknown,,undated,,no_direct_evidence,Unknown,Southland,23.3240223464,25.7746478873
lehigh,Lehigh,2023-24,2023,57.3033707865,2023-08-01,2022.0000000000,2021.0000000000,unknown,,undated,,no_direct_evidence,Unknown,Patriot,48.4636871508,48.5915492958
liberty,Liberty,2023-24,2023,67.1348314607,2023-08-01,2022.0000000000,2021.0000000000,unknown,,undated,,no_direct_evidence,Unknown,ASUN,72.9050279330,79.4366197183
lindenwood,Lindenwood,2023-24,2023,6.4606741573,2023-08-01,2022.0000000000,,unknown,,undated,,no_direct_evidence,Unknown,Unknown,7.5418994413,
lipscomb,Lipscomb,2023-24,2023,62.3595505618,2023-08-01,2022.0000000000,2021.0000000000,unknown,,undated,,no_direct_evidence,Unknown,ASUN,55.0279329609,47.8873239437
liu_brooklyn,LIU Brooklyn,2023-24,2023,64.8876404494,2023-08-01,2022.0000000000,2021.0000000000,unknown,,undated,,no_direct_evidence,Unknown,Northeast,67.0391061453,58.1690140845
long_beach_state,Long Beach State,2023-24,2023,75.8426966292,2023-08-01,2022.0000000000,2021.0000000000,unknown,,undated,,no_direct_evidence,Unknown,Big West,66.7597765363,59.1549295775
longwood,Longwood,2023-24,2023,21.4887640449,2023-08-01,2022.0000000000,2021.0000000000,unknown,,undated,,no_direct_evidence,Unknown,Big South,16.0614525140,33.5211267606
louisiana,Louisiana,2023-24,2023,61.7977528090,2023-08-01,2022.0000000000,2021.0000000000,unknown,,undated,,no_direct_evidence,Unknown,Sun Belt,67.8770949721,67.0422535211
louisiana_monroe,Louisiana Monroe,2023-24,2023,15.7303370787,2023-08-01,2022.0000000000,2021.0000000000,unknown,,undated,,no_direct_evidence,Unknown,Sun Belt,29.6089385475,8.5915492958
louisiana_tech,Louisiana Tech,2023-24,2023,53.7921348315,2023-08-01,2022.0000000000,2021.0000000000,unknown,,undated,,no_direct_evidence,Unknown,Conference USA,31.4245810056,52.9577464789
louisville,Louisville,2023-24,2023,86.5168539326,2023-08-01,2022.0000000000,2021.0000000000,A,2017-08-25,date_in_source_url,https://gocards.com/news/2017/8/25/general-louisville-adidas-strike-landmark-10-year-partnership-through-2027-28,eligible_direct_preseason,adidas,ACC,91.3407821229,90.7042253521
loyola_chicago,Loyola Chicago,2023-24,2023,27.2471910112,2023-08-01,2022.0000000000,2021.0000000000,unknown,,undated,,no_direct_evidence,Unknown,Atlantic 10,38.4078212291,33.5211267606
loyola_maryland,Loyola Maryland,2023-24,2023,41.0112359551,2023-08-01,2022.0000000000,2021.0000000000,unknown,,undated,,no_direct_evidence,Unknown,Patriot,44.8324022346,54.0845070423
loyola_marymount,Loyola Marymount,2023-24,2023,67.9775280899,2023-08-01,2022.0000000000,2021.0000000000,unknown,,undated,,no_direct_evidence,Unknown,WCC,63.6871508380,67.3239436620
lsu,LSU,2023-24,2023,96.6292134831,2023-08-01,2022.0000000000,2021.0000000000,unknown,,undated,https://about.nike.com/en/newsroom/releases/nike-lsu-partnership-extension,undated_or_invalid,Unknown,SEC,97.7653631285,95.7746478873
maine,Maine,2023-24,2023,48.0337078652,2023-08-01,2022.0000000000,2021.0000000000,unknown,,undated,,no_direct_evidence,Unknown,America East,23.3240223464,21.8309859155
manhattan,Manhattan,2023-24,2023,6.4606741573,2023-08-01,2022.0000000000,2021.0000000000,unknown,,undated,,no_direct_evidence,Unknown,Unknown,7.5418994413,21.8309859155
marist,Marist,2023-24,2023,6.4606741573,2023-08-01,2022.0000000000,2021.0000000000,unknown,,undated,,no_direct_evidence,Unknown,MAAC,35.8938547486,21.8309859155
marquette,Marquette,2023-24,2023,64.0449438202,2023-08-01,2022.0000000000,2021.0000000000,unknown,,undated,,no_direct_evidence,Unknown,Big East,73.1843575419,33.5211267606
marshall,Marshall,2023-24,2023,59.5505617978,2023-08-01,2022.0000000000,2021.0000000000,unknown,,undated,,no_direct_evidence,Unknown,Sun Belt,56.0055865922,44.2253521127
maryland,Maryland,2023-24,2023,83.1460674157,2023-08-01,2022.0000000000,2021.0000000000,unknown,,undated,https://about.underarmour.com/en/stories/2024/06/university-of-maryland-and-under-armour-announce-12-year-extensi.html,undated_or_invalid,Unknown,Big Ten,87.9888268156,87.3239436620
maryland_eastern_shore,Maryland Eastern Shore,2023-24,2023,33.0056179775,2023-08-01,2022.0000000000,2021.0000000000,unknown,,undated,,no_direct_evidence,Unknown,Unknown,7.5418994413,8.5915492958
massachusetts,Massachusetts,2023-24,2023,37.0786516854,2023-08-01,2022.0000000000,2021.0000000000,unknown,,undated,,no_direct_evidence,Unknown,Atlantic 10,23.3240223464,44.2253521127
massachusetts_lowell,Massachusetts Lowell,2023-24,2023,6.4606741573,2023-08-01,2022.0000000000,2021.0000000000,unknown,,undated,,no_direct_evidence,Unknown,Unknown,7.5418994413,21.8309859155
mcneese_state,McNeese State,2023-24,2023,21.4887640449,2023-08-01,2022.0000000000,2021.0000000000,unknown,,undated,,no_direct_evidence,Unknown,Southland,35.8938547486,33.5211267606
memphis,Memphis,2023-24,2023,74.4382022472,2023-08-01,2022.0000000000,2021.0000000000,unknown,,undated,,no_direct_evidence,Unknown,American,75.6983240223,72.9577464789
mercer,Mercer,2023-24,2023,56.8820224719,2023-08-01,2022.0000000000,2021.0000000000,unknown,,undated,,no_direct_evidence,Unknown,SoCon,23.3240223464,44.2253521127
merrimack,Merrimack,2023-24,2023,33.0056179775,2023-08-01,2022.0000000000,2021.0000000000,unknown,,undated,,no_direct_evidence,Unknown,Northeast (Fall 2023),23.3240223464,8.5915492958
miami_fl,Miami (FL),2023-24,2023,81.4606741573,2023-08-01,2022.0000000000,2021.0000000000,A,2021-02-15,date_in_source_url,https://miamihurricanes.com/news/2021/02/15/championship-colors,eligible_direct_preseason,adidas,ACC,86.5921787709,86.1971830986
miami_oh,Miami (OH),2023-24,2023,66.2921348315,2023-08-01,2022.0000000000,2021.0000000000,unknown,,undated,,no_direct_evidence,Unknown,MAC,70.1117318436,63.9436619718
michigan,Michigan,2023-24,2023,98.0337078652,2023-08-01,2022.0000000000,2021.0000000000,unknown,,undated,https://finance.umich.edu/reports/2016/category/athletics/,undated_or_invalid,Unknown,Big Ten,97.2067039106,99.4366197183
michigan_state,Michigan State,2023-24,2023,88.4831460674,2023-08-01,2022.0000000000,2021.0000000000,A,2015-07-20,date_in_source_url,https://www.sportsbusinessjournal.com/Daily/Issues/2015/07/20/Marketing-and-Sponsorship/MSU-Nike/,eligible_direct_preseason,Nike,Big Ten,85.4748603352,88.7323943662
middle_tennessee_state,Middle Tennessee State,2023-24,2023,56.3202247191,2023-08-01,2022.0000000000,2021.0000000000,unknown,,undated,,no_direct_evidence,Unknown,Conference USA,73.4636871508,72.6760563380
minnesota,Minnesota,2023-24,2023,89.0449438202,2023-08-01,2022.0000000000,2021.0000000000,unknown,,undated,https://regents.umn.edu/sites/regents.umn.edu/files/2023-02/minutes-dec2022.pdf,undated_or_invalid,Unknown,Big Ten,91.6201117318,92.3943661972
mississippi_state,Mississippi State,2023-24,2023,83.4269662921,2023-08-01,2022.0000000000,2021.0000000000,unknown,2014-04-16,date_in_source_url,https://hailstate.com/sports/2014/4/16/209467396,continuity_excluded,Unknown,SEC,84.3575418994,78.8732394366
missouri,Missouri,2023-24,2023,84.8314606742,2023-08-01,2022.0000000000,2021.0000000000,unknown,,undated,https://athleticdirectoru.com/articles/cash-is-king-in-intercollegiate-apparel-agreements/,continuity_excluded,Unknown,SEC,86.3128491620,84.2253521127
missouri_state,Missouri State,2023-24,2023,37.0786516854,2023-08-01,2022.0000000000,2021.0000000000,unknown,,undated,,no_direct_evidence,Unknown,Missouri Valley,41.4804469274,68.0281690141
monmouth,Monmouth,2023-24,2023,6.4606741573,2023-08-01,2022.0000000000,2021.0000000000,unknown,,undated,,no_direct_evidence,Unknown,CAA,16.0614525140,33.5211267606
montana,Montana,2023-24,2023,53.7921348315,2023-08-01,2022.0000000000,2021.0000000000,unknown,,undated,,no_direct_evidence,Unknown,Big Sky,39.6648044693,51.8309859155
montana_state,Montana State,2023-24,2023,72.7528089888,2023-08-01,2022.0000000000,2021.0000000000,unknown,,undated,,no_direct_evidence,Unknown,Big Sky,79.0502793296,78.5915492958
morehead_state,Morehead State,2023-24,2023,37.0786516854,2023-08-01,2022.0000000000,2021.0000000000,unknown,,undated,,no_direct_evidence,Unknown,OVC,17.3184357542,8.5915492958
morgan_state,Morgan State,2023-24,2023,21.4887640449,2023-08-01,2022.0000000000,2021.0000000000,unknown,,undated,,no_direct_evidence,Unknown,Unknown,7.5418994413,8.5915492958
mount_st_mary_s,Mount St. Mary's,2023-24,2023,6.4606741573,2023-08-01,2022.0000000000,2021.0000000000,unknown,,undated,,no_direct_evidence,Unknown,Unknown,7.5418994413,49.8591549296
murray_state,Murray State,2023-24,2023,21.4887640449,2023-08-01,2022.0000000000,2021.0000000000,unknown,,undated,,no_direct_evidence,Unknown,Missouri Valley,32.6815642458,62.3943661972
navy,Navy,2023-24,2023,71.6292134831,2023-08-01,2022.0000000000,2021.0000000000,unknown,,undated,,no_direct_evidence,Unknown,Patriot,67.3184357542,61.9718309859
nebraska,Nebraska,2023-24,2023,94.1011235955,2023-08-01,2022.0000000000,2021.0000000000,A,2017-08-11,date_in_source_url,https://huskers.com/news/2017/08/11/adidas-and-nebraska-renew-partnership-to-2028,eligible_direct_preseason,adidas,Big Ten,92.1787709497,86.4788732394
nebraska_omaha,Nebraska Omaha,2023-24,2023,61.7977528090,2023-08-01,2022.0000000000,2021.0000000000,unknown,,undated,,no_direct_evidence,Unknown,Summit,43.2960893855,8.5915492958
nevada,Nevada,2023-24,2023,42.5561797753,2023-08-01,2022.0000000000,2021.0000000000,unknown,,undated,,no_direct_evidence,Unknown,Mountain West,47.2067039106,42.2535211268
new_hampshire,New Hampshire,2023-24,2023,62.6404494382,2023-08-01,2022.0000000000,2021.0000000000,unknown,,undated,,no_direct_evidence,Unknown,America East,74.3016759777,64.6478873239
new_mexico,New Mexico,2023-24,2023,75.5617977528,2023-08-01,2022.0000000000,2021.0000000000,unknown,2023-10-12,date_in_source_url,https://golobos.com/news/2023/10/12/lobos-nike-announce-extension-through-2027,published_after_cutoff,Unknown,Mountain West,79.6089385475,73.2394366197
new_mexico_state,New Mexico State,2023-24,2023,21.4887640449,2023-08-01,2022.0000000000,2021.0000000000,unknown,,undated,,no_direct_evidence,Unknown,WAC,44.8324022346,57.7464788732
new_orleans,New Orleans,2023-24,2023,6.4606741573,2023-08-01,2022.0000000000,2021.0000000000,unknown,,undated,,no_direct_evidence,Unknown,Unknown,7.5418994413,21.8309859155
niagara,Niagara,2023-24,2023,37.0786516854,2023-08-01,2022.0000000000,2021.0000000000,unknown,,undated,,no_direct_evidence,Unknown,Unknown,7.5418994413,8.5915492958
nicholls_state,Nicholls State,2023-24,2023,37.0786516854,2023-08-01,2022.0000000000,2021.0000000000,unknown,,undated,,no_direct_evidence,Unknown,Southland,23.3240223464,8.5915492958
njit,NJIT,2023-24,2023,21.4887640449,2023-08-01,2022.0000000000,2021.0000000000,unknown,,undated,,no_direct_evidence,Unknown,America East,30.1675977654,28.0281690141
norfolk_state,Norfolk State,2023-24,2023,21.4887640449,2023-08-01,2022.0000000000,2021.0000000000,unknown,,undated,,no_direct_evidence,Unknown,MEAC,23.3240223464,21.8309859155
north_alabama,North Alabama,2023-24,2023,6.4606741573,2023-08-01,2022.0000000000,2021.0000000000,unknown,,undated,,no_direct_evidence,Unknown,Unknown,7.5418994413,8.5915492958
north_carolina,North Carolina,2023-24,2023,98.3146067416,2023-08-01,2022.0000000000,2021.0000000000,A,2018-12-18,date_in_source_url,https://goheels.com/news/2018/12/18/general-carolina-announces-contract-extension-for-williams,eligible_direct_preseason,Nike,ACC,98.0446927374,98.5915492958
north_carolina_a_t,North Carolina A&T,2023-24,2023,33.0056179775,2023-08-01,2022.0000000000,2021.0000000000,unknown,,undated,,no_direct_evidence,Unknown,CAA,49.5810055866,77.7464788732
north_carolina_asheville,North Carolina Asheville,2023-24,2023,37.0786516854,2023-08-01,2022.0000000000,2021.0000000000,unknown,,undated,,no_direct_evidence,Unknown,Big South,23.3240223464,8.5915492958
north_carolina_central,North Carolina Central,2023-24,2023,21.4887640449,2023-08-01,2022.0000000000,2021.0000000000,unknown,,undated,,no_direct_evidence,Unknown,MEAC,23.3240223464,8.5915492958
north_carolina_greensboro,North Carolina Greensboro,2023-24,2023,30.4775280899,2023-08-01,2022.0000000000,2021.0000000000,unknown,,undated,,no_direct_evidence,Unknown,SoCon,58.6592178771,21.8309859155
north_carolina_state,North Carolina State,2023-24,2023,94.3820224719,2023-08-01,2022.0000000000,2021.0000000000,unknown,,undated,https://www.youtube.com/watch?v=KGYQAXrN5w4,continuity_excluded,Unknown,ACC,94.9720670391,95.4929577465
north_carolina_wilmington,North Carolina Wilmington,2023-24,2023,52.5280898876,2023-08-01,2022.0000000000,2021.0000000000,unknown,,undated,,no_direct_evidence,Unknown,CAA,43.0167597765,33.5211267606
north_dakota,North Dakota,2023-24,2023,37.0786516854,2023-08-01,2022.0000000000,2021.0000000000,unknown,,undated,,no_direct_evidence,Unknown,Summit,23.3240223464,21.8309859155
north_dakota_state,North Dakota State,2023-24,2023,59.1292134831,2023-08-01,2022.0000000000,2021.0000000000,unknown,,undated,,no_direct_evidence,Unknown,Summit,65.0837988827,70.7042253521
north_florida,North Florida,2023-24,2023,59.8314606742,2023-08-01,2022.0000000000,2021.0000000000,unknown,,undated,,no_direct_evidence,Unknown,ASUN,43.8547486034,56.3380281690
north_texas,North Texas,2023-24,2023,30.4775280899,2023-08-01,2022.0000000000,2021.0000000000,unknown,,undated,,no_direct_evidence,Unknown,Conference USA,28.7709497207,50.4225352113
northeastern,Northeastern,2023-24,2023,42.9775280899,2023-08-01,2022.0000000000,2021.0000000000,unknown,,undated,,no_direct_evidence,Unknown,CAA,71.3687150838,66.6197183099
northern_arizona,Northern Arizona,2023-24,2023,80.6179775281,2023-08-01,2022.0000000000,2021.0000000000,unknown,,undated,,no_direct_evidence,Unknown,Big Sky,81.0055865922,80.2816901408
northern_colorado,Northern Colorado,2023-24,2023,41.7134831461,2023-08-01,2022.0000000000,2021.0000000000,unknown,,undated,,no_direct_evidence,Unknown,Big Sky,62.7094972067,37.4647887324
northern_illinois,Northern Illinois,2023-24,2023,33.0056179775,2023-08-01,2022.0000000000,2021.0000000000,unknown,,undated,,no_direct_evidence,Unknown,MAC,42.4581005587,56.9014084507
northern_iowa,Northern Iowa,2023-24,2023,52.2471910112,2023-08-01,2022.0000000000,2021.0000000000,unknown,,undated,,no_direct_evidence,Unknown,Missouri Valley,55.3072625698,52.5352112676
northern_kentucky,Northern Kentucky,2023-24,2023,21.4887640449,2023-08-01,2022.0000000000,2021.0000000000,unknown,,undated,,no_direct_evidence,Unknown,Horizon League,35.8938547486,8.5915492958
northwestern,Northwestern,2023-24,2023,89.3258426966,2023-08-01,2022.0000000000,2021.0000000000,unknown,,undated,https://about.underarmour.com/en/stories/2025/03/under-armour-and-northwestern-university-announce-extension-of-p.html,undated_or_invalid,Unknown,Big Ten,91.8994413408,90.1408450704
northwestern_state,Northwestern State,2023-24,2023,13.6235955056,2023-08-01,2022.0000000000,2021.0000000000,unknown,,undated,,no_direct_evidence,Unknown,Unknown,7.5418994413,21.8309859155
notre_dame,Notre Dame,2023-24,2023,97.1910112360,2023-08-01,2022.0000000000,2021.0000000000,unknown,,undated,https://about.underarmour.com/en/stories/2023/08/under-armour-and-notre-dame-march-on-together-.html,undated_or_invalid,Unknown,ACC,94.6927374302,98.0281690141
oakland,Oakland,2023-24,2023,42.1348314607,2023-08-01,2022.0000000000,2021.0000000000,unknown,,undated,,no_direct_evidence,Unknown,Unknown,7.5418994413,37.8873239437
ohio,Ohio,2023-24,2023,60.6741573034,2023-08-01,2022.0000000000,2021.0000000000,unknown,,undated,,no_direct_evidence,Unknown,MAC,32.1229050279,8.5915492958
ohio_state,Ohio State,2023-24,2023,96.0674157303,2023-08-01,2022.0000000000,2021.0000000000,A,2016-01-14,date_in_source_url,https://ohiostatebuckeyes.com/news/2016/1/14/ohio-state-and-nike-sign-groundbreaking-college-partnership,eligible_direct_preseason,Nike,Big Ten,99.4413407821,99.1549295775
oklahoma,Oklahoma,2023-24,2023,93.5393258427,2023-08-01,2022.0000000000,2021.0000000000,unknown,,undated,https://www.oudaily.com/sports/oklahoma-sports-ou-contract-with-nike-jordan-brand-worth-near-70-million/article_b59e45c0-911b-11e8-8d0b-43bb3d5f5abf.html,undated_or_invalid,Unknown,Big 12,93.8547486034,97.4647887324
oklahoma_state,Oklahoma State,2023-24,2023,94.9438202247,2023-08-01,2022.0000000000,2021.0000000000,unknown,,undated,https://www2.kusports.com/weblogs/tale-tait/2017/sep/28/kus-deal-with-adidas-is-companys-second/,undated_or_invalid,Unknown,Big 12,93.2960893855,93.8028169014
old_dominion,Old Dominion,2023-24,2023,69.9438202247,2023-08-01,2022.0000000000,2021.0000000000,unknown,,undated,,no_direct_evidence,Unknown,Sun Belt,53.6312849162,54.0845070423
ole_miss,Ole Miss,2023-24,2023,89.6067415730,2023-08-01,2022.0000000000,2021.0000000000,A,2015-08-31,date_in_source_url,https://olemisssports.com/news/2015/8/31/Ole_Miss_Makes_Major_Announcements,eligible_direct_preseason,Nike,SEC,89.3854748603,94.6478873239
oral_roberts,Oral Roberts,2023-24,2023,21.4887640449,2023-08-01,2022.0000000000,2021.0000000000,unknown,,undated,,no_direct_evidence,Unknown,Summit,54.1899441341,21.8309859155
oregon,Oregon,2023-24,2023,92.4157303371,2023-08-01,2022.0000000000,2021.0000000000,unknown,,undated,https://trustees.uoregon.edu/sites/default/files/minutes_-_full_bot_12.08.17.pdf,undated_or_invalid,Unknown,Pac-12,89.6648044693,91.5492957746
oregon_state,Oregon State,2023-24,2023,82.5842696629,2023-08-01,2022.0000000000,2021.0000000000,unknown,,undated,,no_direct_evidence,Unknown,Pac-12,84.0782122905,85.9154929577
pacific,Pacific,2023-24,2023,6.4606741573,2023-08-01,2022.0000000000,2021.0000000000,unknown,,undated,,no_direct_evidence,Unknown,WCC,41.4804469274,8.5915492958
penn_state,Penn State,2023-24,2023,93.8202247191,2023-08-01,2022.0000000000,2021.0000000000,unknown,,undated,https://www.centredaily.com/sports/college/penn-state-university/article316333759.html,undated_or_invalid,Unknown,Big Ten,96.0893854749,88.1690140845
pennsylvania,Pennsylvania,2023-24,2023,85.6741573034,2023-08-01,2022.0000000000,2021.0000000000,unknown,,undated,,no_direct_evidence,Unknown,Ivy League,83.5195530726,83.3802816901
pepperdine,Pepperdine,2023-24,2023,75.1404494382,2023-08-01,2022.0000000000,2021.0000000000,unknown,,undated,,no_direct_evidence,Unknown,WCC,80.4469273743,82.6760563380
pittsburgh,Pittsburgh,2023-24,2023,77.8089887640,2023-08-01,2022.0000000000,2021.0000000000,A,2023-07-06,date_in_source_url,https://pittsburghpanthers.com/news/2023/7/6/general-pitt-extends-partnership-with-nike-through-2026,eligible_direct_preseason,Nike,ACC,85.7541899441,79.7183098592
portland,Portland,2023-24,2023,65.1685393258,2023-08-01,2022.0000000000,2021.0000000000,unknown,,undated,,no_direct_evidence,Unknown,WCC,66.4804469274,63.9436619718
portland_state,Portland State,2023-24,2023,6.4606741573,2023-08-01,2022.0000000000,2021.0000000000,unknown,,undated,,no_direct_evidence,Unknown,Unknown,7.5418994413,8.5915492958
prairie_view_a_m,Prairie View A&M,2023-24,2023,6.4606741573,2023-08-01,2022.0000000000,2021.0000000000,unknown,,undated,,no_direct_evidence,Unknown,SWAC,35.8938547486,37.8873239437
presbyterian_college,Presbyterian College,2023-24,2023,21.4887640449,2023-08-01,2022.0000000000,2021.0000000000,unknown,,undated,,no_direct_evidence,Unknown,Big South,23.3240223464,8.5915492958
princeton,Princeton,2023-24,2023,90.7303370787,2023-08-01,2022.0000000000,2021.0000000000,unknown,,undated,,no_direct_evidence,Unknown,Ivy League,93.0167597765,95.2112676056
providence,Providence,2023-24,2023,73.5955056180,2023-08-01,2022.0000000000,2021.0000000000,unknown,,undated,,no_direct_evidence,Unknown,Big East,63.1284916201,77.4647887324
purdue,Purdue,2023-24,2023,82.0224719101,2023-08-01,2022.0000000000,2021.0000000000,unknown,,undated,https://athleticdirectoru.com/articles/cash-is-king-in-intercollegiate-apparel-agreements/,continuity_excluded,Unknown,Big Ten,80.1675977654,85.3521126761
queens_n_c,Queens (N.C.),2023-24,2023,6.4606741573,2023-08-01,2022.0000000000,,unknown,,undated,,no_direct_evidence,Unknown,Unknown,7.5418994413,
quinnipiac,Quinnipiac,2023-24,2023,58.4269662921,2023-08-01,2022.0000000000,2021.0000000000,unknown,,undated,,no_direct_evidence,Unknown,MAAC,78.7709497207,68.0281690141
radford,Radford,2023-24,2023,21.4887640449,2023-08-01,2022.0000000000,2021.0000000000,unknown,,undated,,no_direct_evidence,Unknown,Big South,23.3240223464,21.8309859155
rhode_island,Rhode Island,2023-24,2023,30.4775280899,2023-08-01,2022.0000000000,2021.0000000000,unknown,,undated,,no_direct_evidence,Unknown,Unknown,7.5418994413,28.0281690141
rice,Rice,2023-24,2023,71.9101123596,2023-08-01,2022.0000000000,2021.0000000000,unknown,,undated,,no_direct_evidence,Unknown,Conference USA,61.3128491620,71.5492957746
richmond,Richmond,2023-24,2023,56.8820224719,2023-08-01,2022.0000000000,2021.0000000000,unknown,,undated,,no_direct_evidence,Unknown,Atlantic 10,69.2737430168,54.9295774648
rider,Rider,2023-24,2023,45.0842696629,2023-08-01,2022.0000000000,2021.0000000000,unknown,,undated,,no_direct_evidence,Unknown,MAAC,54.4692737430,30.1408450704
robert_morris,Robert Morris,2023-24,2023,21.4887640449,2023-08-01,2022.0000000000,2021.0000000000,unknown,,undated,,no_direct_evidence,Unknown,Unknown,7.5418994413,21.8309859155
rutgers,Rutgers,2023-24,2023,81.7415730337,2023-08-01,2022.0000000000,2021.0000000000,A,2017-02-13,date_in_source_url,https://scarletknights.com/news/2017/2/13/Rutgers_Athletics_Announces_Partnership_with_adidas,eligible_direct_preseason,adidas,Big Ten,63.9664804469,86.7605633803
sacramento_state,Sacramento State,2023-24,2023,60.1123595506,2023-08-01,2022.0000000000,2021.0000000000,unknown,,undated,,no_direct_evidence,Unknown,Big Sky,62.2905027933,36.6197183099
sacred_heart,Sacred Heart,2023-24,2023,42.5561797753,2023-08-01,2022.0000000000,2021.0000000000,unknown,,undated,,no_direct_evidence,Unknown,Northeast,53.0726256983,48.1690140845
saint_francis_pa,Saint Francis (PA),2023-24,2023,31.4606741573,2023-08-01,2022.0000000000,2021.0000000000,unknown,,undated,,no_direct_evidence,Unknown,Northeast,23.3240223464,21.8309859155
saint_joseph_s,Saint Joseph's,2023-24,2023,53.7921348315,2023-08-01,2022.0000000000,2021.0000000000,unknown,,undated,,no_direct_evidence,Unknown,Atlantic 10,44.8324022346,62.8169014085
saint_louis,Saint Louis,2023-24,2023,44.1011235955,2023-08-01,2022.0000000000,2021.0000000000,unknown,,undated,,no_direct_evidence,Unknown,Atlantic 10,53.6312849162,60.4225352113
saint_mary_s_ca,Saint Mary's (CA),2023-24,2023,37.0786516854,2023-08-01,2022.0000000000,2021.0000000000,unknown,,undated,,no_direct_evidence,Unknown,WCC,35.8938547486,33.5211267606
saint_peter_s,Saint Peter's,2023-24,2023,21.4887640449,2023-08-01,2022.0000000000,2021.0000000000,unknown,,undated,,no_direct_evidence,Unknown,Unknown,7.5418994413,42.8169014085
sam_houston_state,Sam Houston State,2023-24,2023,58.7078651685,2023-08-01,2022.0000000000,2021.0000000000,unknown,,undated,,no_direct_evidence,Unknown,WAC,58.6592178771,76.6197183099
samford,Samford,2023-24,2023,21.4887640449,2023-08-01,2022.0000000000,2021.0000000000,unknown,,undated,,no_direct_evidence,Unknown,SoCon,68.1564245810,49.0140845070
san_diego,San Diego,2023-24,2023,73.0337078652,2023-08-01,2022.0000000000,2021.0000000000,unknown,,undated,,no_direct_evidence,Unknown,WCC,77.0949720670,69.8591549296
san_diego_state,San Diego State,2023-24,2023,66.8539325843,2023-08-01,2022.0000000000,2021.0000000000,unknown,,undated,,no_direct_evidence,Unknown,Mountain West,76.2569832402,74.6478873239
san_francisco,San Francisco,2023-24,2023,6.4606741573,2023-08-01,2022.0000000000,2021.0000000000,unknown,,undated,,no_direct_evidence,Unknown,WCC,40.7821229050,40.5633802817
san_jose_state,San Jose State,2023-24,2023,76.4044943820,2023-08-01,2022.0000000000,2021.0000000000,unknown,,undated,,no_direct_evidence,Unknown,Mountain West,72.3463687151,57.1830985915
santa_clara,Santa Clara,2023-24,2023,37.0786516854,2023-08-01,2022.0000000000,2021.0000000000,unknown,,undated,,no_direct_evidence,Unknown,WCC,50.2793296089,63.0985915493
seattle,Seattle,2023-24,2023,28.5112359551,2023-08-01,2022.0000000000,2021.0000000000,unknown,,undated,,no_direct_evidence,Unknown,Unknown,7.5418994413,21.8309859155
seton_hall,Seton Hall,2023-24,2023,13.6235955056,2023-08-01,2022.0000000000,2021.0000000000,unknown,,undated,,no_direct_evidence,Unknown,Big East,35.8938547486,37.1830985915
siena,Siena,2023-24,2023,28.5112359551,2023-08-01,2022.0000000000,2021.0000000000,unknown,,undated,,no_direct_evidence,Unknown,MAAC,28.3519553073,8.5915492958
siu_edwardsville,SIU Edwardsville,2023-24,2023,43.3988764045,2023-08-01,2022.0000000000,2021.0000000000,unknown,,undated,,no_direct_evidence,Unknown,OVC,38.4078212291,21.8309859155
smu,SMU,2023-24,2023,85.1123595506,2023-08-01,2022.0000000000,2021.0000000000,unknown,,undated,https://web.archive.org/web/20171001043446/http://smumustangs.com/,continuity_excluded,Unknown,American,79.8882681564,75.2112676056
south_alabama,South Alabama,2023-24,2023,68.8202247191,2023-08-01,2022.0000000000,2021.0000000000,unknown,,undated,,no_direct_evidence,Unknown,Sun Belt,56.0055865922,54.6478873239
south_carolina,South Carolina,2023-24,2023,91.8539325843,2023-08-01,2022.0000000000,2021.0000000000,unknown,,undated,https://www.sc.edu/uofsc/posts/2025/08/board-of-trustees-briefs-august-2025.php,undated_or_invalid,Unknown,SEC,91.0614525140,89.8591549296
south_carolina_state,South Carolina State,2023-24,2023,37.0786516854,2023-08-01,2022.0000000000,2021.0000000000,unknown,,undated,,no_direct_evidence,Unknown,MEAC,35.8938547486,33.5211267606
south_carolina_upstate,South Carolina Upstate,2023-24,2023,21.4887640449,2023-08-01,2022.0000000000,2021.0000000000,unknown,,undated,,no_direct_evidence,Unknown,Unknown,7.5418994413,8.5915492958
south_dakota,South Dakota,2023-24,2023,54.7752808989,2023-08-01,2022.0000000000,2021.0000000000,unknown,,undated,,no_direct_evidence,Unknown,Summit,56.9832402235,58.8732394366
south_dakota_state,South Dakota State,2023-24,2023,76.6853932584,2023-08-01,2022.0000000000,2021.0000000000,unknown,,undated,,no_direct_evidence,Unknown,Summit,75.9776536313,73.8028169014
south_florida,South Florida,2023-24,2023,68.5393258427,2023-08-01,2022.0000000000,2021.0000000000,unknown,,undated,,no_direct_evidence,Unknown,American,77.3743016760,68.7323943662
southeast_missouri_state,Southeast Missouri State,2023-24,2023,58.0056179775,2023-08-01,2022.0000000000,2021.0000000000,unknown,,undated,,no_direct_evidence,Unknown,OVC,41.4804469274,59.7183098592
southeastern_louisiana,Southeastern Louisiana,2023-24,2023,48.0337078652,2023-08-01,2022.0000000000,2021.0000000000,unknown,,undated,,no_direct_evidence,Unknown,Southland,58.6592178771,47.0422535211
southern,Southern,2023-24,2023,6.4606741573,2023-08-01,2022.0000000000,2021.0000000000,unknown,,undated,,no_direct_evidence,Unknown,SWAC,16.0614525140,8.5915492958
southern_illinois,Southern Illinois,2023-24,2023,70.2247191011,2023-08-01,2022.0000000000,2021.0000000000,unknown,,undated,,no_direct_evidence,Unknown,Missouri Valley,44.8324022346,51.4084507042
southern_mississippi,Southern Mississippi,2023-24,2023,50.5617977528,2023-08-01,2022.0000000000,2021.0000000000,unknown,,undated,,no_direct_evidence,Unknown,Sun Belt,56.0055865922,56.6197183099
southern_utah,Southern Utah,2023-24,2023,34.1292134831,2023-08-01,2022.0000000000,2021.0000000000,unknown,,undated,,no_direct_evidence,Unknown,WAC,48.4636871508,55.3521126761
st_bonaventure,St. Bonaventure,2023-24,2023,6.4606741573,2023-08-01,2022.0000000000,2021.0000000000,unknown,,undated,,no_direct_evidence,Unknown,Unknown,7.5418994413,8.5915492958
st_john_s_ny,St. John's (NY),2023-24,2023,57.5842696629,2023-08-01,2022.0000000000,2021.0000000000,unknown,,undated,,no_direct_evidence,Unknown,Big East,57.8212290503,72.1126760563
st_thomas,St. Thomas,2023-24,2023,6.4606741573,2023-08-01,2022.0000000000,2021.0000000000,unknown,,undated,,no_direct_evidence,Unknown,Unknown,7.5418994413,8.5915492958
stanford,Stanford,2023-24,2023,99.7191011236,2023-08-01,2022.0000000000,2021.0000000000,unknown,,undated,,no_direct_evidence,Unknown,Pac-12,100.0000000000,99.7183098592
stephen_f_austin,Stephen F. Austin,2023-24,2023,21.4887640449,2023-08-01,2022.0000000000,2021.0000000000,unknown,,undated,,no_direct_evidence,Unknown,WAC,57.5418994413,74.0845070423
stetson,Stetson,2023-24,2023,55.6179775281,2023-08-01,2022.0000000000,2021.0000000000,unknown,,undated,,no_direct_evidence,Unknown,ASUN,39.6648044693,33.5211267606
stonehill,Stonehill,2023-24,2023,21.4887640449,2023-08-01,2022.0000000000,,unknown,,undated,,no_direct_evidence,Unknown,Unknown,7.5418994413,
stony_brook,Stony Brook,2023-24,2023,39.8876404494,2023-08-01,2022.0000000000,2021.0000000000,unknown,,undated,,no_direct_evidence,Unknown,CAA,39.6648044693,41.4084507042
syracuse,Syracuse,2023-24,2023,87.9213483146,2023-08-01,2022.0000000000,2021.0000000000,unknown,2019-06-14,date_in_source_url,https://cuse.com/news/2019/6/14/general-syracuse-and-nike-extend-partnership,continuity_excluded,Unknown,ACC,87.7094972067,80.0000000000
tarleton_state,Tarleton State,2023-24,2023,6.4606741573,2023-08-01,2022.0000000000,2021.0000000000,unknown,,undated,,no_direct_evidence,Unknown,Unknown,7.5418994413,8.5915492958
tcu,TCU,2023-24,2023,80.8988764045,2023-08-01,2022.0000000000,2021.0000000000,unknown,,undated,https://www2.kusports.com/weblogs/tale-tait/2017/sep/28/kus-deal-with-adidas-is-companys-second/,continuity_excluded,Unknown,Big 12,90.7821229050,89.0140845070
temple,Temple,2023-24,2023,28.5112359551,2023-08-01,2022.0000000000,2021.0000000000,unknown,,undated,,no_direct_evidence,Unknown,American,18.5754189944,28.7323943662
tennessee,Tennessee,2023-24,2023,99.4382022472,2023-08-01,2022.0000000000,2021.0000000000,unknown,,undated,https://sports.yahoo.com/article/tennessee-athletics-switching-adidas-nike-181159677.html,undated_or_invalid,Unknown,SEC,98.6033519553,96.6197183099
tennessee_chattanooga,Tennessee Chattanooga,2023-24,2023,69.2415730337,2023-08-01,2022.0000000000,2021.0000000000,unknown,,undated,,no_direct_evidence,Unknown,SoCon,54.7486033520,45.9154929577
tennessee_martin,Tennessee Martin,2023-24,2023,13.6235955056,2023-08-01,2022.0000000000,2021.0000000000,unknown,,undated,,no_direct_evidence,Unknown,OVC,23.3240223464,47.0422535211
tennessee_state,Tennessee State,2023-24,2023,6.4606741573,2023-08-01,2022.0000000000,2021.0000000000,unknown,,undated,,no_direct_evidence,Unknown,OVC,23.3240223464,29.8591549296
tennessee_tech,Tennessee Tech,2023-24,2023,13.6235955056,2023-08-01,2022.0000000000,2021.0000000000,unknown,,undated,,no_direct_evidence,Unknown,OVC,23.3240223464,21.8309859155
texas,Texas,2023-24,2023,100.0000000000,2023-08-01,2022.0000000000,2021.0000000000,unknown,,undated,https://www.utsystem.edu/sites/default/files/offices/board-of-regents/board-meetings/board-minutes/10-30-2015meeting1141.pdf,undated_or_invalid,Unknown,Big 12,99.7206703911,100.0000000000
texas_a_m,Texas A&M,2023-24,2023,98.5955056180,2023-08-01,2022.0000000000,2021.0000000000,unknown,2024-05-06,date_in_source_url,https://www.sportsbusinessjournal.com/Articles/2024/05/06/texas-am-aggies-renew-adidas-partnership/?issueId=VD7KES7GVMHBL2WFUIH7JMKCKU,published_after_cutoff,Unknown,SEC,93.5754189944,93.2394366197
texas_a_m_corpus_christi,Texas A&M Corpus Christi,2023-24,2023,55.1966292135,2023-08-01,2022.0000000000,2021.0000000000,unknown,,undated,,no_direct_evidence,Unknown,Southland,62.0111731844,46.1971830986
texas_arlington,Texas Arlington,2023-24,2023,34.1292134831,2023-08-01,2022.0000000000,2021.0000000000,unknown,,undated,,no_direct_evidence,Unknown,WAC,23.3240223464,42.2535211268
texas_southern,Texas Southern,2023-24,2023,6.4606741573,2023-08-01,2022.0000000000,2021.0000000000,unknown,,undated,,no_direct_evidence,Unknown,SWAC,16.0614525140,26.9014084507
texas_state,Texas State,2023-24,2023,71.3483146067,2023-08-01,2022.0000000000,2021.0000000000,unknown,,undated,,no_direct_evidence,Unknown,Sun Belt,38.8268156425,60.4225352113
texas_tech,Texas Tech,2023-24,2023,87.6404494382,2023-08-01,2022.0000000000,2021.0000000000,unknown,2023-10-24,date_in_source_url,https://www.sportsbusinessjournal.com/Articles/2023/10/24/texas-tech-joining-adidas-leaving-under-armour-patrick-mahomes-instagram-post/,published_after_cutoff,Unknown,Big 12,87.1508379888,89.5774647887
toledo,Toledo,2023-24,2023,48.0337078652,2023-08-01,2022.0000000000,2021.0000000000,unknown,,undated,,no_direct_evidence,Unknown,MAC,69.5530726257,21.8309859155
towson,Towson,2023-24,2023,69.6629213483,2023-08-01,2022.0000000000,2021.0000000000,unknown,,undated,,no_direct_evidence,Unknown,CAA,51.9553072626,53.2394366197
troy,Troy,2023-24,2023,21.4887640449,2023-08-01,2022.0000000000,2021.0000000000,unknown,,undated,,no_direct_evidence,Unknown,Sun Belt,50.8379888268,8.5915492958
tulane,Tulane,2023-24,2023,60.3932584270,2023-08-01,2022.0000000000,2021.0000000000,unknown,,undated,,no_direct_evidence,Unknown,American,71.7877094972,18.0281690141
tulsa,Tulsa,2023-24,2023,49.4382022472,2023-08-01,2022.0000000000,2021.0000000000,unknown,,undated,,no_direct_evidence,Unknown,American,72.6256983240,75.7746478873
uab,UAB,2023-24,2023,21.4887640449,2023-08-01,2022.0000000000,2021.0000000000,unknown,,undated,,no_direct_evidence,Unknown,Conference USA,32.1229050279,44.2253521127
uc_davis,UC Davis,2023-24,2023,6.4606741573,2023-08-01,2022.0000000000,2021.0000000000,unknown,,undated,,no_direct_evidence,Unknown,Big West,23.3240223464,50.1408450704
uc_irvine,UC Irvine,2023-24,2023,76.9662921348,2023-08-01,2022.0000000000,2021.0000000000,unknown,,undated,,no_direct_evidence,Unknown,Big West,60.3351955307,63.3802816901
uc_riverside,UC Riverside,2023-24,2023,6.4606741573,2023-08-01,2022.0000000000,2021.0000000000,unknown,,undated,,no_direct_evidence,Unknown,Big West,23.3240223464,8.5915492958
uc_san_diego,UC San Diego,2023-24,2023,31.1797752809,2023-08-01,2022.0000000000,2021.0000000000,unknown,,undated,,no_direct_evidence,Unknown,Big West,30.8659217877,36.0563380282
uc_santa_barbara,UC Santa Barbara,2023-24,2023,48.0337078652,2023-08-01,2022.0000000000,2021.0000000000,unknown,,undated,,no_direct_evidence,Unknown,Big West,35.8938547486,58.5915492958
ucf,UCF,2023-24,2023,77.2471910112,2023-08-01,2022.0000000000,2021.0000000000,unknown,2023-10-31,date_in_source_url,https://ucfknights.com/news/2023/10/31/ucf-athletics-and-nike-extend-agreement-through-2029,published_after_cutoff,Unknown,American,76.5363128492,80.8450704225
ucla,UCLA,2023-24,2023,97.4719101124,2023-08-01,2022.0000000000,2021.0000000000,unknown,2024-09-19,date_in_source_url,https://uclabruins.com/documents/download/2024/9/19/02-Release_Indiana_2024_FB.pdf,published_after_cutoff,Unknown,Pac-12,96.3687150838,96.0563380282
uconn,UConn,2023-24,2023,77.5280898876,2023-08-01,2022.0000000000,2021.0000000000,unknown,,undated,,no_direct_evidence,Unknown,Big East,78.2122905028,76.3380281690
umbc,UMBC,2023-24,2023,21.4887640449,2023-08-01,2022.0000000000,2021.0000000000,unknown,,undated,,no_direct_evidence,Unknown,America East,35.8938547486,33.5211267606
umkc,UMKC,2023-24,2023,15.1685393258,2023-08-01,2022.0000000000,2021.0000000000,unknown,,undated,,no_direct_evidence,Unknown,Summit,16.0614525140,8.5915492958
unlv,UNLV,2023-24,2023,46.6292134831,2023-08-01,2022.0000000000,2021.0000000000,unknown,,undated,,no_direct_evidence,Unknown,Mountain West,68.9944134078,29.0140845070
usc,USC,2023-24,2023,96.3483146067,2023-08-01,2022.0000000000,2021.0000000000,unknown,2026-07-14,date_in_source_url,https://usctrojans.com/news/2026/7/14/usc-trojans-athletics-nike-jerseys-uniforms-gear-apparel-shoes-deal-extension-nil,published_after_cutoff,Unknown,Pac-12,97.4860335196,96.9014084507
utah,Utah,2023-24,2023,87.0786516854,2023-08-01,2022.0000000000,2021.0000000000,A,2016-10-12,date_in_source_url,https://utahutes.com/news/2016/10/12/general-utah-athletics-and-under-armour-sign-extension,eligible_direct_preseason,Under Armour,Pac-12,92.4581005587,87.8873239437
utah_state,Utah State,2023-24,2023,61.7977528090,2023-08-01,2022.0000000000,2021.0000000000,unknown,,undated,,no_direct_evidence,Unknown,Mountain West,59.9162011173,67.6056338028
utah_valley,Utah Valley,2023-24,2023,45.7865168539,2023-08-01,2022.0000000000,2021.0000000000,unknown,,undated,,no_direct_evidence,Unknown,WAC,70.6703910615,30.4225352113
utep,UTEP,2023-24,2023,6.4606741573,2023-08-01,2022.0000000000,2021.0000000000,unknown,,undated,,no_direct_evidence,Unknown,Conference USA,29.1899441341,28.4507042254
utrgv,UTRGV,2023-24,2023,6.4606741573,2023-08-01,2022.0000000000,2021.0000000000,unknown,,undated,,no_direct_evidence,Unknown,Unknown,7.5418994413,8.5915492958
utsa,UTSA,2023-24,2023,52.8089887640,2023-08-01,2022.0000000000,2021.0000000000,unknown,,undated,,no_direct_evidence,Unknown,Conference USA,48.4636871508,49.2957746479
valparaiso,Valparaiso,2023-24,2023,21.4887640449,2023-08-01,2022.0000000000,2021.0000000000,unknown,,undated,,no_direct_evidence,Unknown,Unknown,7.5418994413,8.5915492958
vanderbilt,Vanderbilt,2023-24,2023,84.2696629213,2023-08-01,2022.0000000000,2021.0000000000,unknown,,undated,,no_direct_evidence,Unknown,SEC,84.6368715084,81.6901408451
vcu,VCU,2023-24,2023,71.0674157303,2023-08-01,2022.0000000000,2021.0000000000,unknown,,undated,,no_direct_evidence,Unknown,Atlantic 10,35.8938547486,61.5492957746
vermont,Vermont,2023-24,2023,68.2584269663,2023-08-01,2022.0000000000,2021.0000000000,unknown,,undated,,no_direct_evidence,Unknown,America East,74.8603351955,77.1830985915
villanova,Villanova,2023-24,2023,79.7752808989,2023-08-01,2022.0000000000,2021.0000000000,unknown,,undated,,no_direct_evidence,Unknown,Big East,61.7318435754,85.0704225352
virginia,Virginia,2023-24,2023,98.8764044944,2023-08-01,2022.0000000000,2021.0000000000,unknown,,undated,https://athleticdirectoru.com/articles/cash-is-king-in-intercollegiate-apparel-agreements/,continuity_excluded,Unknown,ACC,99.1620111732,97.1830985915
virginia_military_institute,Virginia Military Institute,2023-24,2023,15.4494382022,2023-08-01,2022.0000000000,2021.0000000000,unknown,,undated,,no_direct_evidence,Unknown,Unknown,7.5418994413,8.5915492958
virginia_tech,Virginia Tech,2023-24,2023,86.2359550562,2023-08-01,2022.0000000000,2021.0000000000,unknown,2016-05-25,date_in_source_url,https://techsideline.com/article/2016/05/25/virginia-techs-nike-deal,continuity_excluded,Unknown,ACC,84.9162011173,90.9859154930
wagner,Wagner,2023-24,2023,58.0056179775,2023-08-01,2022.0000000000,2021.0000000000,unknown,,undated,,no_direct_evidence,Unknown,Unknown,7.5418994413,39.2957746479
wake_forest,Wake Forest,2023-24,2023,84.5505617978,2023-08-01,2022.0000000000,2021.0000000000,unknown,,undated,,no_direct_evidence,Unknown,ACC,88.5474860335,87.6056338028
washington,Washington,2023-24,2023,92.9775280899,2023-08-01,2022.0000000000,2021.0000000000,A,2018-04-10,date_in_source_url,https://gohuskies.com/news/2018/4/10/general-university-of-washington-agrees-to-terms-on-10-year-partnership-with-adidas,eligible_direct_preseason,adidas,Pac-12,94.4134078212,91.8309859155
washington_state,Washington State,2023-24,2023,72.4719101124,2023-08-01,2022.0000000000,2021.0000000000,unknown,,undated,,no_direct_evidence,Unknown,Pac-12,53.6312849162,74.9295774648
weber_state,Weber State,2023-24,2023,21.4887640449,2023-08-01,2022.0000000000,2021.0000000000,unknown,,undated,,no_direct_evidence,Unknown,Big Sky,47.7653631285,26.9014084507
west_virginia,West Virginia,2023-24,2023,85.9550561798,2023-08-01,2022.0000000000,2021.0000000000,unknown,,undated,https://www2.kusports.com/weblogs/tale-tait/2017/sep/28/kus-deal-with-adidas-is-companys-second/,undated_or_invalid,Unknown,Big 12,83.7988826816,82.6760563380
western_carolina,Western Carolina,2023-24,2023,21.4887640449,2023-08-01,2022.0000000000,2021.0000000000,unknown,,undated,,no_direct_evidence,Unknown,Unknown,7.5418994413,8.5915492958
western_illinois,Western Illinois,2023-24,2023,6.4606741573,2023-08-01,2022.0000000000,2021.0000000000,unknown,,undated,,no_direct_evidence,Unknown,Unknown,7.5418994413,8.5915492958
western_kentucky,Western Kentucky,2023-24,2023,61.0955056180,2023-08-01,2022.0000000000,2021.0000000000,unknown,,undated,,no_direct_evidence,Unknown,Conference USA,51.9553072626,62.3943661972
western_michigan,Western Michigan,2023-24,2023,69.2415730337,2023-08-01,2022.0000000000,2021.0000000000,unknown,,undated,,no_direct_evidence,Unknown,MAC,65.6424581006,70.2816901408
wichita_state,Wichita State,2023-24,2023,30.4775280899,2023-08-01,2022.0000000000,2021.0000000000,unknown,,undated,,no_direct_evidence,Unknown,American,48.4636871508,43.0985915493
william_mary,William & Mary,2023-24,2023,46.3483146067,2023-08-01,2022.0000000000,2021.0000000000,unknown,,undated,,no_direct_evidence,Unknown,CAA,51.9553072626,21.8309859155
winthrop,Winthrop,2023-24,2023,13.6235955056,2023-08-01,2022.0000000000,2021.0000000000,unknown,,undated,,no_direct_evidence,Unknown,Unknown,7.5418994413,8.5915492958
wisconsin,Wisconsin,2023-24,2023,93.2584269663,2023-08-01,2022.0000000000,2021.0000000000,A,2015-10-09,date_in_source_url,https://uwbadgers.com/news/2015/10/9/GEN_1012155509,eligible_direct_preseason,Under Armour,Big Ten,92.7374301676,93.5211267606
wisconsin_green_bay,Wisconsin Green Bay,2023-24,2023,37.0786516854,2023-08-01,2022.0000000000,2021.0000000000,unknown,,undated,,no_direct_evidence,Unknown,Horizon League,16.0614525140,26.9014084507
wisconsin_milwaukee,Wisconsin Milwaukee,2023-24,2023,21.4887640449,2023-08-01,2022.0000000000,2021.0000000000,unknown,,undated,,no_direct_evidence,Unknown,Horizon League,23.3240223464,33.5211267606
wofford,Wofford,2023-24,2023,43.3988764045,2023-08-01,2022.0000000000,2021.0000000000,unknown,,undated,,no_direct_evidence,Unknown,Unknown,7.5418994413,8.5915492958
wright_state,Wright State,2023-24,2023,28.5112359551,2023-08-01,2022.0000000000,2021.0000000000,unknown,,undated,,no_direct_evidence,Unknown,Horizon League,35.8938547486,42.2535211268
wyoming,Wyoming,2023-24,2023,51.9662921348,2023-08-01,2022.0000000000,2021.0000000000,unknown,,undated,,no_direct_evidence,Unknown,Mountain West,33.2402234637,65.0704225352
xavier,Xavier,2023-24,2023,50.1404494382,2023-08-01,2022.0000000000,2021.0000000000,unknown,,undated,,no_direct_evidence,Unknown,Big East,76.8156424581,41.1267605634
yale,Yale,2023-24,2023,80.0561797753,2023-08-01,2022.0000000000,2021.0000000000,unknown,2026-09-03,date_in_source_url,https://yalebulldogs.com/news/2026/9/3/general-yale-athletics-and-under-armour-extend-partnership-through-2036.aspx,published_after_cutoff,Unknown,Ivy League,79.3296089385,84.5070422535
youngstown_state,Youngstown State,2023-24,2023,64.3258426966,2023-08-01,2022.0000000000,2021.0000000000,unknown,,undated,,no_direct_evidence,Unknown,Horizon League,49.1620111732,50.7042253521
abilene_christian,Abilene Christian,2024-25,2024,44.2415730337,2024-08-01,2023.0000000000,2022.0000000000,unknown,,undated,,no_direct_evidence,Unknown,Unknown,6.4606741573,7.5418994413
air_force,Air Force,2024-25,2024,70.6460674157,2024-08-01,2023.0000000000,2022.0000000000,unknown,,undated,,no_direct_evidence,Unknown,Mountain West,78.9325842697,81.8435754190
akron,Akron,2024-25,2024,69.6629213483,2024-08-01,2023.0000000000,2022.0000000000,unknown,,undated,,no_direct_evidence,Unknown,MAC,41.0112359551,60.8938547486
alabama,Alabama,2024-25,2024,94.1011235955,2024-08-01,2023.0000000000,2022.0000000000,unknown,2025-08-28,date_in_source_url,https://www.sportsbusinessjournal.com/Articles/2025/08/28/alabama-quietly-extended-nike-deal-a-few-years-ago-terms-kept-private/?issueId=3MXGPV7JIFCSHHS6YCWC3BPPFM,published_after_cutoff,Unknown,SEC,97.7528089888,96.9273743017
alabama_a_m,Alabama A&M,2024-25,2024,7.5842696629,2024-08-01,2023.0000000000,2022.0000000000,unknown,,undated,,no_direct_evidence,Unknown,Unknown,6.4606741573,7.5418994413
alabama_state,Alabama State,2024-25,2024,35.1123595506,2024-08-01,2023.0000000000,2022.0000000000,unknown,,undated,,no_direct_evidence,Unknown,SWAC,51.6853932584,33.5195530726
albany,Albany,2024-25,2024,44.2415730337,2024-08-01,2023.0000000000,2022.0000000000,unknown,,undated,,no_direct_evidence,Unknown,America East,67.4157303371,59.9162011173
alcorn_state,Alcorn State,2024-25,2024,7.5842696629,2024-08-01,2023.0000000000,2022.0000000000,unknown,,undated,,no_direct_evidence,Unknown,Unknown,6.4606741573,7.5418994413
american,American,2024-25,2024,15.8707865169,2024-08-01,2023.0000000000,2022.0000000000,unknown,,undated,,no_direct_evidence,Unknown,Patriot,33.0056179775,27.6536312849
appalachian_state,Appalachian State,2024-25,2024,18.6797752809,2024-08-01,2023.0000000000,2022.0000000000,unknown,,undated,,no_direct_evidence,Unknown,Sun Belt,50.1404494382,18.0167597765
arizona,Arizona,2024-25,2024,88.2022471910,2024-08-01,2023.0000000000,2022.0000000000,A,2015-08-13,date_in_source_url,https://arizonawildcats.com/news/2015/8/13/210266319,eligible_direct_preseason,Nike,Pac-12,86.7977528090,88.2681564246
arizona_state,Arizona State,2024-25,2024,90.7303370787,2024-08-01,2023.0000000000,2022.0000000000,unknown,2014-12-16,date_in_source_url,https://thesundevils.com/news/2014/12/16/sun-devil-athletics-adidas-announce-8-year-partnership,continuity_excluded,Unknown,Pac-12,92.6966292135,90.5027932961
arkansas,Arkansas,2024-25,2024,97.1910112360,2024-08-01,2023.0000000000,2022.0000000000,unknown,,undated,https://web.archive.org/web/20171001190209/http://www.arkansasrazorbacks.com/,continuity_excluded,Unknown,SEC,95.2247191011,96.6480446927
arkansas_little_rock,Arkansas Little Rock,2024-25,2024,60.5337078652,2024-08-01,2023.0000000000,2022.0000000000,unknown,,undated,,no_direct_evidence,Unknown,OVC,44.6629213483,18.5754189944
arkansas_pine_bluff,Arkansas Pine Bluff,2024-25,2024,37.6404494382,2024-08-01,2023.0000000000,2022.0000000000,unknown,,undated,,no_direct_evidence,Unknown,SWAC,49.7191011236,16.0614525140
arkansas_state,Arkansas State,2024-25,2024,66.5730337079,2024-08-01,2023.0000000000,2022.0000000000,unknown,,undated,,no_direct_evidence,Unknown,Sun Belt,75.1404494382,63.4078212291
army_west_point,Army West Point,2024-25,2024,71.3483146067,2024-08-01,2023.0000000000,2022.0000000000,unknown,,undated,,no_direct_evidence,Unknown,Patriot,45.0842696629,70.3910614525
auburn,Auburn,2024-25,2024,94.9438202247,2024-08-01,2023.0000000000,2022.0000000000,unknown,2025-07-24,date_in_source_url,https://auburntigers.com/news/2025/07/24/such-an-iconic-mark-how-auburn-equipment-managed-the-switch-to-nike,published_after_cutoff,Unknown,SEC,91.0112359551,90.2234636872
austin_peay_state,Austin Peay State,2024-25,2024,7.5842696629,2024-08-01,2023.0000000000,2022.0000000000,unknown,,undated,,no_direct_evidence,Unknown,ASUN,21.4887640449,7.5418994413
ball_state,Ball State,2024-25,2024,32.7247191011,2024-08-01,2023.0000000000,2022.0000000000,unknown,,undated,,no_direct_evidence,Unknown,MAC,63.2022471910,75.4189944134
baylor,Baylor,2024-25,2024,85.6741573034,2024-08-01,2023.0000000000,2022.0000000000,unknown,2022-05-02,date_in_source_url,https://baylorbears.com/documents/download/2022/5/2/BU_BSB_Game_Notes_2022_45_Tarleton.pdf,continuity_excluded,Unknown,Big 12,88.2022471910,87.4301675978
bellarmine,Bellarmine,2024-25,2024,7.5842696629,2024-08-01,2023.0000000000,2022.0000000000,unknown,,undated,,no_direct_evidence,Unknown,Unknown,6.4606741573,7.5418994413
belmont,Belmont,2024-25,2024,41.0112359551,2024-08-01,2023.0000000000,2022.0000000000,unknown,,undated,,no_direct_evidence,Unknown,Unknown,6.4606741573,23.3240223464
bethune_cookman,Bethune-Cookman,2024-25,2024,22.6123595506,2024-08-01,2023.0000000000,2022.0000000000,unknown,,undated,,no_direct_evidence,Unknown,Unknown,6.4606741573,7.5418994413
binghamton,Binghamton,2024-25,2024,56.7415730337,2024-08-01,2023.0000000000,2022.0000000000,unknown,,undated,,no_direct_evidence,Unknown,America East,51.4044943820,18.9944134078
boise_state,Boise State,2024-25,2024,74.5786516854,2024-08-01,2023.0000000000,2022.0000000000,unknown,,undated,,no_direct_evidence,Unknown,Mountain West,54.4943820225,65.3631284916
boston_college,Boston College,2024-25,2024,81.7415730337,2024-08-01,2023.0000000000,2022.0000000000,A,2021-04-13,date_in_source_url,https://bceagles.com/news/2021/4/13/boston-college-athletics-announces-10-year-agreement-with-new-balance,eligible_direct_preseason,other,ACC,81.1797752809,70.9497206704
boston_university,Boston University,2024-25,2024,79.7752808989,2024-08-01,2023.0000000000,2022.0000000000,unknown,,undated,,no_direct_evidence,Unknown,Patriot,74.1573033708,65.9217877095
bowling_green,Bowling Green,2024-25,2024,22.6123595506,2024-08-01,2023.0000000000,2022.0000000000,unknown,,undated,,no_direct_evidence,Unknown,MAC,21.4887640449,35.8938547486
bradley,Bradley,2024-25,2024,17.5561797753,2024-08-01,2023.0000000000,2022.0000000000,unknown,,undated,,no_direct_evidence,Unknown,Unknown,6.4606741573,40.5027932961
brown,Brown,2024-25,2024,75.0000000000,2024-08-01,2023.0000000000,2022.0000000000,unknown,,undated,,no_direct_evidence,Unknown,Ivy League,72.1910112360,66.2011173184
bryant,Bryant,2024-25,2024,35.1123595506,2024-08-01,2023.0000000000,2022.0000000000,unknown,,undated,,no_direct_evidence,Unknown,America East,37.0786516854,39.6648044693
bucknell,Bucknell,2024-25,2024,50.2808988764,2024-08-01,2023.0000000000,2022.0000000000,unknown,,undated,,no_direct_evidence,Unknown,Patriot,41.7134831461,23.3240223464
buffalo,Buffalo,2024-25,2024,53.3707865169,2024-08-01,2023.0000000000,2022.0000000000,unknown,,undated,,no_direct_evidence,Unknown,MAC,16.0112359551,50.0000000000
butler,Butler,2024-25,2024,38.4831460674,2024-08-01,2023.0000000000,2022.0000000000,unknown,,undated,,no_direct_evidence,Unknown,Big East,41.0112359551,49.5810055866
byu,BYU,2024-25,2024,93.2584269663,2024-08-01,2023.0000000000,2022.0000000000,A,2019-03-08,date_in_source_url,https://byucougars.com/news/2019/03/08/byu-announces-new-nike-partnership,eligible_direct_preseason,Nike,Big 12,90.1685393258,89.9441340782
cal_poly,Cal Poly,2024-25,2024,77.2471910112,2024-08-01,2023.0000000000,2022.0000000000,unknown,,undated,,no_direct_evidence,Unknown,Big West,63.7640449438,45.5307262570
cal_state_bakersfield,Cal State Bakersfield,2024-25,2024,29.2134831461,2024-08-01,2023.0000000000,2022.0000000000,unknown,,undated,,no_direct_evidence,Unknown,Unknown,6.4606741573,18.0167597765
cal_state_fullerton,Cal State Fullerton,2024-25,2024,32.0224719101,2024-08-01,2023.0000000000,2022.0000000000,unknown,,undated,,no_direct_evidence,Unknown,Big West,37.0786516854,46.3687150838
cal_state_northridge,Cal State Northridge,2024-25,2024,29.4943820225,2024-08-01,2023.0000000000,2022.0000000000,unknown,,undated,,no_direct_evidence,Unknown,Big West,40.4494382022,7.5418994413
california,California,2024-25,2024,93.5393258427,2024-08-01,2023.0000000000,2022.0000000000,A,2023-01-11,date_in_source_url,https://calbears.com/news/2023/1/11/athletics-news-cal-athletics-enters-into-new-partnership-with-nike,eligible_direct_preseason,Nike,Pac-12,94.6629213483,94.1340782123
california_baptist,California Baptist,2024-25,2024,72.1910112360,2024-08-01,2023.0000000000,2022.0000000000,unknown,,undated,,no_direct_evidence,Unknown,WAC,76.1235955056,64.5251396648
campbell,Campbell,2024-25,2024,28.0898876404,2024-08-01,2023.0000000000,2022.0000000000,unknown,,undated,,no_direct_evidence,Unknown,CAA,32.0224719101,72.0670391061
canisius,Canisius,2024-25,2024,7.5842696629,2024-08-01,2023.0000000000,2022.0000000000,unknown,,undated,,no_direct_evidence,Unknown,Unknown,6.4606741573,23.3240223464
central_arkansas,Central Arkansas,2024-25,2024,15.8707865169,2024-08-01,2023.0000000000,2022.0000000000,unknown,,undated,,no_direct_evidence,Unknown,Unknown,6.4606741573,29.8882681564
central_connecticut_state,Central Connecticut State,2024-25,2024,35.1123595506,2024-08-01,2023.0000000000,2022.0000000000,unknown,,undated,,no_direct_evidence,Unknown,Northeast,21.4887640449,23.3240223464
central_michigan,Central Michigan,2024-25,2024,26.6853932584,2024-08-01,2023.0000000000,2022.0000000000,unknown,,undated,,no_direct_evidence,Unknown,MAC,29.4943820225,32.1229050279
charleston_southern,Charleston Southern,2024-25,2024,22.6123595506,2024-08-01,2023.0000000000,2022.0000000000,unknown,,undated,,no_direct_evidence,Unknown,Big South,14.7471910112,23.3240223464
charlotte,Charlotte,2024-25,2024,37.9213483146,2024-08-01,2023.0000000000,2022.0000000000,unknown,,undated,,no_direct_evidence,Unknown,American,73.8764044944,62.7094972067
chicago_state,Chicago State,2024-25,2024,22.6123595506,2024-08-01,2023.0000000000,2022.0000000000,unknown,,undated,,no_direct_evidence,Unknown,Independent,21.4887640449,7.5418994413
cincinnati,Cincinnati,2024-25,2024,64.8876404494,2024-08-01,2023.0000000000,2022.0000000000,A,2023-12-11,date_in_source_url,https://gobearcats.com/news/2023/12/11/cincinnati-athletics-announces-agreement-with-nike-inc-through-2029,eligible_direct_preseason,Nike,Big 12,27.5280898876,59.4972067039
citadel,Citadel,2024-25,2024,18.6797752809,2024-08-01,2023.0000000000,2022.0000000000,unknown,,undated,,no_direct_evidence,Unknown,Unknown,6.4606741573,7.5418994413
clemson,Clemson,2024-25,2024,87.0786516854,2024-08-01,2023.0000000000,2022.0000000000,A,2018-08-03,date_in_source_url,https://clemsontigers.com/news/2018/08/03/clemson-nike-agree-to-10-year-partnership-extension,eligible_direct_preseason,Nike,ACC,91.5730337079,86.0335195531
cleveland_state,Cleveland State,2024-25,2024,42.6966292135,2024-08-01,2023.0000000000,2022.0000000000,unknown,,undated,,no_direct_evidence,Unknown,Horizon League,50.8426966292,35.8938547486
coastal_carolina,Coastal Carolina,2024-25,2024,69.1011235955,2024-08-01,2023.0000000000,2022.0000000000,unknown,,undated,,no_direct_evidence,Unknown,Sun Belt,65.5898876404,52.7932960894
colgate,Colgate,2024-25,2024,63.6235955056,2024-08-01,2023.0000000000,2022.0000000000,unknown,,undated,,no_direct_evidence,Unknown,Patriot,63.4831460674,64.2458100559
college_of_charleston,College of Charleston,2024-25,2024,47.0505617978,2024-08-01,2023.0000000000,2022.0000000000,unknown,,undated,,no_direct_evidence,Unknown,CAA,28.5112359551,32.9608938547
colorado,Colorado,2024-25,2024,80.8988764045,2024-08-01,2023.0000000000,2022.0000000000,unknown,,undated,https://football.hkm.com/wp-content/uploads/2020/08/2020_02-28_DORRELL_Karl_Employment_Agreement_FINAL_FOR_REGENT_APPROVAL-FULLY-EXECUTED.pdf,undated_or_invalid,Unknown,Pac-12,83.7078651685,83.2402234637
colorado_state,Colorado State,2024-25,2024,74.1573033708,2024-08-01,2023.0000000000,2022.0000000000,unknown,,undated,,no_direct_evidence,Unknown,Mountain West,74.7191011236,67.5977653631
columbia,Columbia,2024-25,2024,77.5280898876,2024-08-01,2023.0000000000,2022.0000000000,unknown,,undated,,no_direct_evidence,Unknown,Ivy League,78.0898876404,77.9329608939
coppin_state,Coppin State,2024-25,2024,7.5842696629,2024-08-01,2023.0000000000,2022.0000000000,unknown,,undated,,no_direct_evidence,Unknown,MEAC,21.4887640449,7.5418994413
cornell,Cornell,2024-25,2024,87.9213483146,2024-08-01,2023.0000000000,2022.0000000000,unknown,,undated,,no_direct_evidence,Unknown,Ivy League,80.3370786517,82.4022346369
creighton,Creighton,2024-25,2024,73.5955056180,2024-08-01,2023.0000000000,2022.0000000000,unknown,,undated,,no_direct_evidence,Unknown,Big East,70.6460674157,75.1396648045
dartmouth,Dartmouth,2024-25,2024,62.6404494382,2024-08-01,2023.0000000000,2022.0000000000,unknown,,undated,,no_direct_evidence,Unknown,Ivy League,53.0898876404,46.3687150838
davidson,Davidson,2024-25,2024,17.1348314607,2024-08-01,2023.0000000000,2022.0000000000,unknown,,undated,,no_direct_evidence,Unknown,Unknown,6.4606741573,28.3519553073
dayton,Dayton,2024-25,2024,62.9213483146,2024-08-01,2023.0000000000,2022.0000000000,unknown,,undated,,no_direct_evidence,Unknown,Atlantic 10,66.5730337079,7.5418994413
delaware,Delaware,2024-25,2024,31.1797752809,2024-08-01,2023.0000000000,2022.0000000000,unknown,,undated,,no_direct_evidence,Unknown,CAA,51.1235955056,68.4357541899
delaware_state,Delaware State,2024-25,2024,22.6123595506,2024-08-01,2023.0000000000,2022.0000000000,unknown,,undated,,no_direct_evidence,Unknown,Unknown,6.4606741573,23.3240223464
denver,Denver,2024-25,2024,82.8651685393,2024-08-01,2023.0000000000,2022.0000000000,unknown,,undated,,no_direct_evidence,Unknown,Summit,87.3595505618,82.6815642458
depaul,DePaul,2024-25,2024,17.5561797753,2024-08-01,2023.0000000000,2022.0000000000,unknown,,undated,,no_direct_evidence,Unknown,Big East,34.5505617978,7.5418994413
detroit,Detroit,2024-25,2024,7.5842696629,2024-08-01,2023.0000000000,2022.0000000000,unknown,,undated,,no_direct_evidence,Unknown,Unknown,6.4606741573,7.5418994413
drake,Drake,2024-25,2024,47.0505617978,2024-08-01,2023.0000000000,2022.0000000000,unknown,,undated,,no_direct_evidence,Unknown,Missouri Valley,48.0337078652,69.8324022346
drexel,Drexel,2024-25,2024,7.5842696629,2024-08-01,2023.0000000000,2022.0000000000,unknown,,undated,,no_direct_evidence,Unknown,CAA,37.0786516854,42.1787709497
duke,Duke,2024-25,2024,97.4719101124,2024-08-01,2023.0000000000,2022.0000000000,A,2015-10-15,date_in_source_url,https://goduke.com/news/2015/10/15/210424501,eligible_direct_preseason,Nike,ACC,95.5056179775,95.8100558659
duquesne,Duquesne,2024-25,2024,7.5842696629,2024-08-01,2023.0000000000,2022.0000000000,unknown,,undated,,no_direct_evidence,Unknown,Atlantic 10,64.6067415730,31.4245810056
east_carolina,East Carolina,2024-25,2024,64.1853932584,2024-08-01,2023.0000000000,2022.0000000000,unknown,,undated,,no_direct_evidence,Unknown,American,37.0786516854,58.6592178771
east_tennessee_state,East Tennessee State,2024-25,2024,32.7247191011,2024-08-01,2023.0000000000,2022.0000000000,unknown,,undated,,no_direct_evidence,Unknown,SoCon,62.9213483146,51.9553072626
eastern_illinois,Eastern Illinois,2024-25,2024,22.6123595506,2024-08-01,2023.0000000000,2022.0000000000,unknown,,undated,,no_direct_evidence,Unknown,OVC,21.4887640449,35.8938547486
eastern_kentucky,Eastern Kentucky,2024-25,2024,44.2415730337,2024-08-01,2023.0000000000,2022.0000000000,unknown,,undated,,no_direct_evidence,Unknown,ASUN,46.0674157303,30.8659217877
eastern_michigan,Eastern Michigan,2024-25,2024,7.5842696629,2024-08-01,2023.0000000000,2022.0000000000,unknown,,undated,,no_direct_evidence,Unknown,MAC,21.4887640449,44.1340782123
eastern_washington,Eastern Washington,2024-25,2024,7.5842696629,2024-08-01,2023.0000000000,2022.0000000000,unknown,,undated,,no_direct_evidence,Unknown,Big Sky,21.4887640449,7.5418994413
elon,Elon,2024-25,2024,39.1853932584,2024-08-01,2023.0000000000,2022.0000000000,unknown,,undated,,no_direct_evidence,Unknown,Unknown,6.4606741573,35.8938547486
evansville,Evansville,2024-25,2024,22.6123595506,2024-08-01,2023.0000000000,2022.0000000000,unknown,,undated,,no_direct_evidence,Unknown,Missouri Valley,44.1011235955,7.5418994413
fairfield,Fairfield,2024-25,2024,71.6292134831,2024-08-01,2023.0000000000,2022.0000000000,unknown,,undated,,no_direct_evidence,Unknown,MAAC,56.3202247191,23.3240223464
fairleigh_dickinson,Fairleigh Dickinson,2024-25,2024,67.1348314607,2024-08-01,2023.0000000000,2022.0000000000,unknown,,undated,,no_direct_evidence,Unknown,Northeast,48.0337078652,74.0223463687
florida,Florida,2024-25,2024,98.3146067416,2024-08-01,2023.0000000000,2022.0000000000,unknown,,undated,https://www.onlygators.com/02/25/2015/florida-gators-extend-apparel-contract-with-nike/,continuity_excluded,Unknown,SEC,99.1573033708,98.8826815642
florida_a_m,Florida A&M,2024-25,2024,39.1853932584,2024-08-01,2023.0000000000,2022.0000000000,unknown,,undated,,no_direct_evidence,Unknown,SWAC,33.0056179775,46.3687150838
florida_atlantic,Florida Atlantic,2024-25,2024,58.9887640449,2024-08-01,2023.0000000000,2022.0000000000,unknown,,undated,,no_direct_evidence,Unknown,American,37.0786516854,64.8044692737
florida_gulf_coast,Florida Gulf Coast,2024-25,2024,50.0000000000,2024-08-01,2023.0000000000,2022.0000000000,unknown,,undated,,no_direct_evidence,Unknown,ASUN,59.1292134831,60.6145251397
florida_international,Florida International,2024-25,2024,40.1685393258,2024-08-01,2023.0000000000,2022.0000000000,unknown,,undated,,no_direct_evidence,Unknown,Conference USA,48.0337078652,71.3687150838
florida_state,Florida State,2024-25,2024,92.4157303371,2024-08-01,2023.0000000000,2022.0000000000,A,2024-01-15,date_in_source_url,https://seminoles.com/documents/download/2024/1/15/Florida_State_University_Department_of_Intercollegiate_Athletics_FY23.pdf,eligible_direct_preseason,Nike,ACC,96.9101123596,95.5307262570
fordham,Fordham,2024-25,2024,49.1573033708,2024-08-01,2023.0000000000,2022.0000000000,unknown,,undated,,no_direct_evidence,Unknown,Atlantic 10,21.4887640449,46.3687150838
fresno_state,Fresno State,2024-25,2024,61.5168539326,2024-08-01,2023.0000000000,2022.0000000000,unknown,,undated,,no_direct_evidence,Unknown,Mountain West,67.6966292135,56.7039106145
furman,Furman,2024-25,2024,73.3146067416,2024-08-01,2023.0000000000,2022.0000000000,unknown,,undated,,no_direct_evidence,Unknown,SoCon,61.0955056180,68.7150837989
gardner_webb,Gardner-Webb,2024-25,2024,47.0505617978,2024-08-01,2023.0000000000,2022.0000000000,unknown,,undated,,no_direct_evidence,Unknown,Big South,31.7415730337,51.1173184358
george_mason,George Mason,2024-25,2024,30.1966292135,2024-08-01,2023.0000000000,2022.0000000000,unknown,,undated,,no_direct_evidence,Unknown,Atlantic 10,26.9662921348,50.5586592179
george_washington,George Washington,2024-25,2024,7.5842696629,2024-08-01,2023.0000000000,2022.0000000000,unknown,,undated,,no_direct_evidence,Unknown,Atlantic 10,29.7752808989,29.1899441341
georgetown,Georgetown,2024-25,2024,82.3033707865,2024-08-01,2023.0000000000,2022.0000000000,unknown,,undated,,no_direct_evidence,Unknown,Big East,85.3932584270,81.5642458101
georgia,Georgia,2024-25,2024,96.3483146067,2024-08-01,2023.0000000000,2022.0000000000,unknown,,undated,,no_direct_evidence,Unknown,SEC,95.7865168539,98.3240223464
georgia_southern,Georgia Southern,2024-25,2024,63.2022471910,2024-08-01,2023.0000000000,2022.0000000000,unknown,,undated,,no_direct_evidence,Unknown,Sun Belt,21.4887640449,42.7374301676
georgia_state,Georgia State,2024-25,2024,22.6123595506,2024-08-01,2023.0000000000,2022.0000000000,unknown,,undated,,no_direct_evidence,Unknown,Sun Belt,53.7921348315,39.6648044693
georgia_tech,Georgia Tech,2024-25,2024,80.3370786517,2024-08-01,2023.0000000000,2022.0000000000,unknown,,undated,https://www.ajc.com/sports/2025/10/georgia-tech-switching-to-under-armour-for-uniforms-apparel/,undated_or_invalid,Unknown,ACC,79.4943820225,78.4916201117
gonzaga,Gonzaga,2024-25,2024,59.6910112360,2024-08-01,2023.0000000000,2022.0000000000,unknown,,undated,,no_direct_evidence,Unknown,WCC,78.5112359551,77.6536312849
grambling_state,Grambling State,2024-25,2024,7.5842696629,2024-08-01,2023.0000000000,2022.0000000000,unknown,,undated,,no_direct_evidence,Unknown,SWAC,48.0337078652,7.5418994413
grand_canyon,Grand Canyon,2024-25,2024,61.7977528090,2024-08-01,2023.0000000000,2022.0000000000,unknown,,undated,,no_direct_evidence,Unknown,WAC,79.2134831461,73.7430167598
harvard,Harvard,2024-25,2024,90.1685393258,2024-08-01,2023.0000000000,2022.0000000000,unknown,,undated,,no_direct_evidence,Unknown,Ivy League,92.1348314607,88.8268156425
hawaii,Hawaii,2024-25,2024,72.4719101124,2024-08-01,2023.0000000000,2022.0000000000,unknown,,undated,,no_direct_evidence,Unknown,Big West,70.6460674157,80.7262569832
high_point,High Point,2024-25,2024,45.5056179775,2024-08-01,2023.0000000000,2022.0000000000,unknown,,undated,,no_direct_evidence,Unknown,Big South,66.0112359551,61.3128491620
hofstra,Hofstra,2024-25,2024,49.1573033708,2024-08-01,2023.0000000000,2022.0000000000,unknown,,undated,,no_direct_evidence,Unknown,CAA,44.1011235955,46.3687150838
holy_cross,Holy Cross,2024-25,2024,22.6123595506,2024-08-01,2023.0000000000,2022.0000000000,unknown,,undated,,no_direct_evidence,Unknown,Patriot,21.4887640449,51.9553072626
houston,Houston,2024-25,2024,80.0561797753,2024-08-01,2023.0000000000,2022.0000000000,unknown,,undated,https://www.houstonchronicle.com/texas-sports-nation/college/article/houston-cougars-basketball-jordan-brand-impact-17851683.php,continuity_excluded,Unknown,Big 12,83.9887640449,81.2849162011
houston_christian,Houston Christian,2024-25,2024,22.6123595506,2024-08-01,2023.0000000000,2022.0000000000,unknown,,undated,,no_direct_evidence,Unknown,Unknown,6.4606741573,7.5418994413
howard,Howard,2024-25,2024,53.9325842697,2024-08-01,2023.0000000000,2022.0000000000,unknown,,undated,,no_direct_evidence,Unknown,MEAC,39.6067415730,23.3240223464
idaho,Idaho,2024-25,2024,42.6966292135,2024-08-01,2023.0000000000,2022.0000000000,unknown,,undated,,no_direct_evidence,Unknown,Big Sky,55.1966292135,35.8938547486
idaho_state,Idaho State,2024-25,2024,7.5842696629,2024-08-01,2023.0000000000,2022.0000000000,unknown,,undated,,no_direct_evidence,Unknown,Unknown,6.4606741573,7.5418994413
illinois,Illinois,2024-25,2024,91.5730337079,2024-08-01,2023.0000000000,2022.0000000000,A,2016-01-15,date_in_source_url,https://fightingillini.com/news/2016/1/15/GEN_0115160058,eligible_direct_preseason,Nike,Big Ten,89.8876404494,85.1955307263
illinois_chicago,Illinois Chicago,2024-25,2024,22.6123595506,2024-08-01,2023.0000000000,2022.0000000000,unknown,,undated,,no_direct_evidence,Unknown,Unknown,6.4606741573,7.5418994413
illinois_state,Illinois State,2024-25,2024,54.2134831461,2024-08-01,2023.0000000000,2022.0000000000,unknown,,undated,,no_direct_evidence,Unknown,Missouri Valley,13.6235955056,17.5977653631
incarnate_word,Incarnate Word,2024-25,2024,66.0112359551,2024-08-01,2023.0000000000,2022.0000000000,unknown,,undated,,no_direct_evidence,Unknown,Southland,40.1685393258,56.0055865922
indiana,Indiana,2024-25,2024,85.9550561798,2024-08-01,2023.0000000000,2022.0000000000,unknown,,undated,https://www.thedailyhoosier.com/iu-athletics-and-adidas-finalize-10-year-contract-extension/,undated_or_invalid,Unknown,Big Ten,88.7640449438,89.1061452514
indiana_state,Indiana State,2024-25,2024,7.5842696629,2024-08-01,2023.0000000000,2022.0000000000,unknown,,undated,,no_direct_evidence,Unknown,Missouri Valley,37.0786516854,43.5754189944
iona,Iona,2024-25,2024,37.3595505618,2024-08-01,2023.0000000000,2022.0000000000,unknown,,undated,,no_direct_evidence,Unknown,MAAC,45.5056179775,47.4860335196
iowa,Iowa,2024-25,2024,83.7078651685,2024-08-01,2023.0000000000,2022.0000000000,unknown,,undated,https://athleticdirectoru.com/articles/cash-is-king-in-intercollegiate-apparel-agreements/,continuity_excluded,Unknown,Big Ten,82.3033707865,86.8715083799
iowa_state,Iowa State,2024-25,2024,84.5505617978,2024-08-01,2023.0000000000,2022.0000000000,unknown,,undated,,no_direct_evidence,Unknown,Big 12,90.4494382022,82.9608938547
ipfw,IPFW,2024-25,2024,7.5842696629,2024-08-01,2023.0000000000,2022.0000000000,unknown,,undated,,no_direct_evidence,Unknown,Unknown,6.4606741573,16.0614525140
iupui,IUPUI,2024-25,2024,7.5842696629,2024-08-01,2023.0000000000,2022.0000000000,unknown,,undated,,no_direct_evidence,Unknown,Unknown,6.4606741573,7.5418994413
jackson_state,Jackson State,2024-25,2024,44.2415730337,2024-08-01,2023.0000000000,2022.0000000000,unknown,,undated,,no_direct_evidence,Unknown,SWAC,48.0337078652,23.3240223464
jacksonville,Jacksonville,2024-25,2024,7.5842696629,2024-08-01,2023.0000000000,2022.0000000000,unknown,,undated,,no_direct_evidence,Unknown,ASUN,28.5112359551,41.4804469274
jacksonville_state,Jacksonville State,2024-25,2024,60.5337078652,2024-08-01,2023.0000000000,2022.0000000000,unknown,,undated,,no_direct_evidence,Unknown,Conference USA,65.5898876404,7.5418994413
james_madison,James Madison,2024-25,2024,53.3707865169,2024-08-01,2023.0000000000,2022.0000000000,unknown,,undated,,no_direct_evidence,Unknown,Sun Belt,78.5112359551,58.6592178771
kansas,Kansas,2024-25,2024,82.0224719101,2024-08-01,2023.0000000000,2022.0000000000,unknown,,undated,https://news.adidas.com/sports-performance/adidas-and-university-of-kansas-announce-an-extension-in-their-long-term-partnership/s/75f006e9-ed57-4ba1-b3fe-ddc1372145ff,undated_or_invalid,Unknown,Big 12,82.8651685393,82.1229050279
kansas_state,Kansas State,2024-25,2024,78.0898876404,2024-08-01,2023.0000000000,2022.0000000000,unknown,,undated,https://www.kansas.com/sports/college/big-12/kansas-state/article285714486.html,undated_or_invalid,Unknown,Big 12,73.3146067416,74.5810055866
kennesaw_state,Kennesaw State,2024-25,2024,7.5842696629,2024-08-01,2023.0000000000,2022.0000000000,unknown,,undated,,no_direct_evidence,Unknown,ASUN,14.7471910112,57.2625698324
kent_state,Kent State,2024-25,2024,45.5056179775,2024-08-01,2023.0000000000,2022.0000000000,unknown,,undated,,no_direct_evidence,Unknown,MAC,55.8988764045,30.4469273743
kentucky,Kentucky,2024-25,2024,91.8539325843,2024-08-01,2023.0000000000,2022.0000000000,A,2015-03-05,date_in_source_url,https://www.sportsbusinessjournal.com/Daily/Issues/2015/03/05/Marketing-and-Sponsorship/UK-Nike/,eligible_direct_preseason,Nike,SEC,91.2921348315,95.2513966480
la_salle,La Salle,2024-25,2024,7.5842696629,2024-08-01,2023.0000000000,2022.0000000000,unknown,,undated,,no_direct_evidence,Unknown,Unknown,6.4606741573,27.9329608939
lafayette,Lafayette,2024-25,2024,31.1797752809,2024-08-01,2023.0000000000,2022.0000000000,unknown,,undated,,no_direct_evidence,Unknown,Patriot,21.4887640449,7.5418994413
lamar,Lamar,2024-25,2024,7.5842696629,2024-08-01,2023.0000000000,2022.0000000000,unknown,,undated,,no_direct_evidence,Unknown,Southland,21.4887640449,23.3240223464
lehigh,Lehigh,2024-25,2024,63.6235955056,2024-08-01,2023.0000000000,2022.0000000000,unknown,,undated,,no_direct_evidence,Unknown,Patriot,57.3033707865,48.4636871508
liberty,Liberty,2024-25,2024,73.0337078652,2024-08-01,2023.0000000000,2022.0000000000,unknown,,undated,,no_direct_evidence,Unknown,Conference USA,67.1348314607,72.9050279330
lindenwood,Lindenwood,2024-25,2024,7.5842696629,2024-08-01,2023.0000000000,2022.0000000000,unknown,,undated,,no_direct_evidence,Unknown,Unknown,6.4606741573,7.5418994413
lipscomb,Lipscomb,2024-25,2024,55.8988764045,2024-08-01,2023.0000000000,2022.0000000000,unknown,,undated,,no_direct_evidence,Unknown,ASUN,62.3595505618,55.0279329609
liu_brooklyn,LIU Brooklyn,2024-25,2024,58.7078651685,2024-08-01,2023.0000000000,2022.0000000000,unknown,,undated,,no_direct_evidence,Unknown,Northeast,64.8876404494,67.0391061453
long_beach_state,Long Beach State,2024-25,2024,70.2247191011,2024-08-01,2023.0000000000,2022.0000000000,unknown,,undated,,no_direct_evidence,Unknown,Big West,75.8426966292,66.7597765363
longwood,Longwood,2024-25,2024,7.5842696629,2024-08-01,2023.0000000000,2022.0000000000,unknown,,undated,,no_direct_evidence,Unknown,Big South,21.4887640449,16.0614525140
louisiana,Louisiana,2024-25,2024,22.6123595506,2024-08-01,2023.0000000000,2022.0000000000,unknown,,undated,,no_direct_evidence,Unknown,Sun Belt,61.7977528090,67.8770949721
louisiana_monroe,Louisiana Monroe,2024-25,2024,15.8707865169,2024-08-01,2023.0000000000,2022.0000000000,unknown,,undated,,no_direct_evidence,Unknown,Sun Belt,15.7303370787,29.6089385475
louisiana_tech,Louisiana Tech,2024-25,2024,44.2415730337,2024-08-01,2023.0000000000,2022.0000000000,unknown,,undated,,no_direct_evidence,Unknown,Conference USA,53.7921348315,31.4245810056
louisville,Louisville,2024-25,2024,89.8876404494,2024-08-01,2023.0000000000,2022.0000000000,A,2017-08-25,date_in_source_url,https://gocards.com/news/2017/8/25/general-louisville-adidas-strike-landmark-10-year-partnership-through-2027-28,eligible_direct_preseason,adidas,ACC,86.5168539326,91.3407821229
loyola_chicago,Loyola Chicago,2024-25,2024,64.1853932584,2024-08-01,2023.0000000000,2022.0000000000,unknown,,undated,,no_direct_evidence,Unknown,Atlantic 10,27.2471910112,38.4078212291
loyola_maryland,Loyola Maryland,2024-25,2024,27.3876404494,2024-08-01,2023.0000000000,2022.0000000000,unknown,,undated,,no_direct_evidence,Unknown,Patriot,41.0112359551,44.8324022346
loyola_marymount,Loyola Marymount,2024-25,2024,73.8764044944,2024-08-01,2023.0000000000,2022.0000000000,unknown,,undated,,no_direct_evidence,Unknown,WCC,67.9775280899,63.6871508380
lsu,LSU,2024-25,2024,95.5056179775,2024-08-01,2023.0000000000,2022.0000000000,unknown,,undated,https://about.nike.com/en/newsroom/releases/nike-lsu-partnership-extension,undated_or_invalid,Unknown,SEC,96.6292134831,97.7653631285
maine,Maine,2024-25,2024,35.1123595506,2024-08-01,2023.0000000000,2022.0000000000,unknown,,undated,,no_direct_evidence,Unknown,America East,48.0337078652,23.3240223464
manhattan,Manhattan,2024-25,2024,7.5842696629,2024-08-01,2023.0000000000,2022.0000000000,unknown,,undated,,no_direct_evidence,Unknown,Unknown,6.4606741573,7.5418994413
marist,Marist,2024-25,2024,28.7921348315,2024-08-01,2023.0000000000,2022.0000000000,unknown,,undated,,no_direct_evidence,Unknown,Unknown,6.4606741573,35.8938547486
marquette,Marquette,2024-25,2024,60.9550561798,2024-08-01,2023.0000000000,2022.0000000000,unknown,,undated,,no_direct_evidence,Unknown,Big East,64.0449438202,73.1843575419
marshall,Marshall,2024-25,2024,51.8258426966,2024-08-01,2023.0000000000,2022.0000000000,unknown,,undated,,no_direct_evidence,Unknown,Sun Belt,59.5505617978,56.0055865922
maryland,Maryland,2024-25,2024,84.2696629213,2024-08-01,2023.0000000000,2022.0000000000,unknown,,undated,https://about.underarmour.com/en/stories/2024/06/university-of-maryland-and-under-armour-announce-12-year-extensi.html,undated_or_invalid,Unknown,Big Ten,83.1460674157,87.9888268156
maryland_eastern_shore,Maryland Eastern Shore,2024-25,2024,7.5842696629,2024-08-01,2023.0000000000,2022.0000000000,unknown,,undated,,no_direct_evidence,Unknown,MEAC,33.0056179775,7.5418994413
massachusetts,Massachusetts,2024-25,2024,76.6853932584,2024-08-01,2023.0000000000,2022.0000000000,unknown,,undated,,no_direct_evidence,Unknown,Atlantic 10,37.0786516854,23.3240223464
massachusetts_lowell,Massachusetts Lowell,2024-25,2024,15.8707865169,2024-08-01,2023.0000000000,2022.0000000000,unknown,,undated,,no_direct_evidence,Unknown,Unknown,6.4606741573,7.5418994413
mcneese_state,McNeese State,2024-25,2024,35.1123595506,2024-08-01,2023.0000000000,2022.0000000000,unknown,,undated,,no_direct_evidence,Unknown,Southland,21.4887640449,35.8938547486
memphis,Memphis,2024-25,2024,55.8988764045,2024-08-01,2023.0000000000,2022.0000000000,unknown,,undated,,no_direct_evidence,Unknown,American,74.4382022472,75.6983240223
mercer,Mercer,2024-25,2024,64.8876404494,2024-08-01,2023.0000000000,2022.0000000000,unknown,,undated,,no_direct_evidence,Unknown,SoCon,56.8820224719,23.3240223464
merrimack,Merrimack,2024-25,2024,7.5842696629,2024-08-01,2023.0000000000,2022.0000000000,unknown,,undated,,no_direct_evidence,Unknown,Northeast,33.0056179775,23.3240223464
miami_fl,Miami (FL),2024-25,2024,84.8314606742,2024-08-01,2023.0000000000,2022.0000000000,A,2021-02-15,date_in_source_url,https://miamihurricanes.com/news/2021/02/15/championship-colors,eligible_direct_preseason,adidas,ACC,81.4606741573,86.5921787709
miami_oh,Miami (OH),2024-25,2024,68.6797752809,2024-08-01,2023.0000000000,2022.0000000000,unknown,,undated,,no_direct_evidence,Unknown,MAC,66.2921348315,70.1117318436
michigan,Michigan,2024-25,2024,96.6292134831,2024-08-01,2023.0000000000,2022.0000000000,unknown,,undated,https://finance.umich.edu/reports/2016/category/athletics/,undated_or_invalid,Unknown,Big Ten,98.0337078652,97.2067039106
michigan_state,Michigan State,2024-25,2024,86.7977528090,2024-08-01,2023.0000000000,2022.0000000000,unknown,,undated,https://spartanavenue.com/posts/michigan-state-and-nike-strike-deal-to-extend-contract-01j364s62zn9,undated_or_invalid,Unknown,Big Ten,88.4831460674,85.4748603352
middle_tennessee_state,Middle Tennessee State,2024-25,2024,22.6123595506,2024-08-01,2023.0000000000,2022.0000000000,unknown,,undated,,no_direct_evidence,Unknown,Conference USA,56.3202247191,73.4636871508
minnesota,Minnesota,2024-25,2024,89.3258426966,2024-08-01,2023.0000000000,2022.0000000000,unknown,,undated,https://regents.umn.edu/sites/regents.umn.edu/files/2023-02/minutes-dec2022.pdf,undated_or_invalid,Unknown,Big Ten,89.0449438202,91.6201117318
mississippi_state,Mississippi State,2024-25,2024,87.3595505618,2024-08-01,2023.0000000000,2022.0000000000,unknown,2014-04-16,date_in_source_url,https://hailstate.com/sports/2014/4/16/209467396,continuity_excluded,Unknown,SEC,83.4269662921,84.3575418994
missouri,Missouri,2024-25,2024,86.2359550562,2024-08-01,2023.0000000000,2022.0000000000,unknown,,undated,https://athleticdirectoru.com/articles/cash-is-king-in-intercollegiate-apparel-agreements/,continuity_excluded,Unknown,SEC,84.8314606742,86.3128491620
missouri_state,Missouri State,2024-25,2024,47.0505617978,2024-08-01,2023.0000000000,2022.0000000000,unknown,,undated,,no_direct_evidence,Unknown,Missouri Valley,37.0786516854,41.4804469274
monmouth,Monmouth,2024-25,2024,7.5842696629,2024-08-01,2023.0000000000,2022.0000000000,unknown,,undated,,no_direct_evidence,Unknown,Unknown,6.4606741573,16.0614525140
montana,Montana,2024-25,2024,53.3707865169,2024-08-01,2023.0000000000,2022.0000000000,unknown,,undated,,no_direct_evidence,Unknown,Big Sky,53.7921348315,39.6648044693
montana_state,Montana State,2024-25,2024,71.9101123596,2024-08-01,2023.0000000000,2022.0000000000,unknown,,undated,,no_direct_evidence,Unknown,Big Sky,72.7528089888,79.0502793296
morehead_state,Morehead State,2024-25,2024,40.4494382022,2024-08-01,2023.0000000000,2022.0000000000,unknown,,undated,,no_direct_evidence,Unknown,OVC,37.0786516854,17.3184357542
morgan_state,Morgan State,2024-25,2024,7.5842696629,2024-08-01,2023.0000000000,2022.0000000000,unknown,,undated,,no_direct_evidence,Unknown,MEAC,21.4887640449,7.5418994413
mount_st_mary_s,Mount St. Mary's,2024-25,2024,22.6123595506,2024-08-01,2023.0000000000,2022.0000000000,unknown,,undated,,no_direct_evidence,Unknown,Unknown,6.4606741573,7.5418994413
murray_state,Murray State,2024-25,2024,57.5842696629,2024-08-01,2023.0000000000,2022.0000000000,unknown,,undated,,no_direct_evidence,Unknown,Missouri Valley,21.4887640449,32.6815642458
navy,Navy,2024-25,2024,72.7528089888,2024-08-01,2023.0000000000,2022.0000000000,unknown,,undated,,no_direct_evidence,Unknown,Patriot,71.6292134831,67.3184357542
nebraska,Nebraska,2024-25,2024,94.3820224719,2024-08-01,2023.0000000000,2022.0000000000,A,2017-08-11,date_in_source_url,https://huskers.com/news/2017/08/11/adidas-and-nebraska-renew-partnership-to-2028,eligible_direct_preseason,adidas,Big Ten,94.1011235955,92.1787709497
nebraska_omaha,Nebraska Omaha,2024-25,2024,41.0112359551,2024-08-01,2023.0000000000,2022.0000000000,unknown,,undated,,no_direct_evidence,Unknown,Summit,61.7977528090,43.2960893855
nevada,Nevada,2024-25,2024,31.1797752809,2024-08-01,2023.0000000000,2022.0000000000,unknown,,undated,,no_direct_evidence,Unknown,Mountain West,42.5561797753,47.2067039106
new_hampshire,New Hampshire,2024-25,2024,59.2696629213,2024-08-01,2023.0000000000,2022.0000000000,unknown,,undated,,no_direct_evidence,Unknown,America East,62.6404494382,74.3016759777
new_mexico,New Mexico,2024-25,2024,86.5168539326,2024-08-01,2023.0000000000,2022.0000000000,A,2023-10-12,date_in_source_url,https://golobos.com/news/2023/10/12/lobos-nike-announce-extension-through-2027,eligible_direct_preseason,Nike,Mountain West,75.5617977528,79.6089385475
new_mexico_state,New Mexico State,2024-25,2024,26.4044943820,2024-08-01,2023.0000000000,2022.0000000000,unknown,,undated,,no_direct_evidence,Unknown,Conference USA,21.4887640449,44.8324022346
new_orleans,New Orleans,2024-25,2024,22.6123595506,2024-08-01,2023.0000000000,2022.0000000000,unknown,,undated,,no_direct_evidence,Unknown,Unknown,6.4606741573,7.5418994413
niagara,Niagara,2024-25,2024,7.5842696629,2024-08-01,2023.0000000000,2022.0000000000,unknown,,undated,,no_direct_evidence,Unknown,MAAC,37.0786516854,7.5418994413
nicholls_state,Nicholls State,2024-25,2024,7.5842696629,2024-08-01,2023.0000000000,2022.0000000000,unknown,,undated,,no_direct_evidence,Unknown,Southland,37.0786516854,23.3240223464
njit,NJIT,2024-25,2024,29.7752808989,2024-08-01,2023.0000000000,2022.0000000000,unknown,,undated,,no_direct_evidence,Unknown,America East,21.4887640449,30.1675977654
norfolk_state,Norfolk State,2024-25,2024,35.1123595506,2024-08-01,2023.0000000000,2022.0000000000,unknown,,undated,,no_direct_evidence,Unknown,MEAC,21.4887640449,23.3240223464
north_alabama,North Alabama,2024-25,2024,22.6123595506,2024-08-01,2023.0000000000,2022.0000000000,unknown,,undated,,no_direct_evidence,Unknown,Unknown,6.4606741573,7.5418994413
north_carolina,North Carolina,2024-25,2024,99.1573033708,2024-08-01,2023.0000000000,2022.0000000000,A,2018-12-18,date_in_source_url,https://goheels.com/news/2018/12/18/general-carolina-announces-contract-extension-for-williams,eligible_direct_preseason,Nike,ACC,98.3146067416,98.0446927374
north_carolina_a_t,North Carolina A&T,2024-25,2024,42.6966292135,2024-08-01,2023.0000000000,2022.0000000000,unknown,,undated,,no_direct_evidence,Unknown,CAA,33.0056179775,49.5810055866
north_carolina_asheville,North Carolina Asheville,2024-25,2024,7.5842696629,2024-08-01,2023.0000000000,2022.0000000000,unknown,,undated,,no_direct_evidence,Unknown,Big South,37.0786516854,23.3240223464
north_carolina_central,North Carolina Central,2024-25,2024,7.5842696629,2024-08-01,2023.0000000000,2022.0000000000,unknown,,undated,,no_direct_evidence,Unknown,MEAC,21.4887640449,23.3240223464
north_carolina_greensboro,North Carolina Greensboro,2024-25,2024,22.6123595506,2024-08-01,2023.0000000000,2022.0000000000,unknown,,undated,,no_direct_evidence,Unknown,SoCon,30.4775280899,58.6592178771
north_carolina_state,North Carolina State,2024-25,2024,94.6629213483,2024-08-01,2023.0000000000,2022.0000000000,unknown,,undated,https://www.youtube.com/watch?v=KGYQAXrN5w4,continuity_excluded,Unknown,ACC,94.3820224719,94.9720670391
north_carolina_wilmington,North Carolina Wilmington,2024-25,2024,35.1123595506,2024-08-01,2023.0000000000,2022.0000000000,unknown,,undated,,no_direct_evidence,Unknown,CAA,52.5280898876,43.0167597765
north_dakota,North Dakota,2024-25,2024,17.9775280899,2024-08-01,2023.0000000000,2022.0000000000,unknown,,undated,,no_direct_evidence,Unknown,Summit,37.0786516854,23.3240223464
north_dakota_state,North Dakota State,2024-25,2024,70.6460674157,2024-08-01,2023.0000000000,2022.0000000000,unknown,,undated,,no_direct_evidence,Unknown,Summit,59.1292134831,65.0837988827
north_florida,North Florida,2024-25,2024,68.2584269663,2024-08-01,2023.0000000000,2022.0000000000,unknown,,undated,,no_direct_evidence,Unknown,ASUN,59.8314606742,43.8547486034
north_texas,North Texas,2024-25,2024,22.6123595506,2024-08-01,2023.0000000000,2022.0000000000,unknown,,undated,,no_direct_evidence,Unknown,American,30.4775280899,28.7709497207
northeastern,Northeastern,2024-25,2024,46.0674157303,2024-08-01,2023.0000000000,2022.0000000000,unknown,,undated,,no_direct_evidence,Unknown,CAA,42.9775280899,71.3687150838
northern_arizona,Northern Arizona,2024-25,2024,78.9325842697,2024-08-01,2023.0000000000,2022.0000000000,unknown,,undated,,no_direct_evidence,Unknown,Big Sky,80.6179775281,81.0055865922
northern_colorado,Northern Colorado,2024-25,2024,50.8426966292,2024-08-01,2023.0000000000,2022.0000000000,unknown,,undated,,no_direct_evidence,Unknown,Big Sky,41.7134831461,62.7094972067
northern_illinois,Northern Illinois,2024-25,2024,41.7134831461,2024-08-01,2023.0000000000,2022.0000000000,unknown,,undated,,no_direct_evidence,Unknown,MAC,33.0056179775,42.4581005587
northern_iowa,Northern Iowa,2024-25,2024,67.8370786517,2024-08-01,2023.0000000000,2022.0000000000,unknown,,undated,,no_direct_evidence,Unknown,Missouri Valley,52.2471910112,55.3072625698
northern_kentucky,Northern Kentucky,2024-25,2024,7.5842696629,2024-08-01,2023.0000000000,2022.0000000000,unknown,,undated,,no_direct_evidence,Unknown,Horizon League,21.4887640449,35.8938547486
northwestern,Northwestern,2024-25,2024,85.1123595506,2024-08-01,2023.0000000000,2022.0000000000,unknown,,undated,https://about.underarmour.com/en/stories/2025/03/under-armour-and-northwestern-university-announce-extension-of-p.html,undated_or_invalid,Unknown,Big Ten,89.3258426966,91.8994413408
northwestern_state,Northwestern State,2024-25,2024,7.5842696629,2024-08-01,2023.0000000000,2022.0000000000,unknown,,undated,,no_direct_evidence,Unknown,Southland,13.6235955056,7.5418994413
notre_dame,Notre Dame,2024-25,2024,90.4494382022,2024-08-01,2023.0000000000,2022.0000000000,unknown,,undated,https://about.underarmour.com/en/stories/2023/08/under-armour-and-notre-dame-march-on-together-.html,undated_or_invalid,Unknown,ACC,97.1910112360,94.6927374302
oakland,Oakland,2024-25,2024,15.8707865169,2024-08-01,2023.0000000000,2022.0000000000,unknown,,undated,,no_direct_evidence,Unknown,Horizon League,42.1348314607,7.5418994413
ohio,Ohio,2024-25,2024,54.4943820225,2024-08-01,2023.0000000000,2022.0000000000,unknown,,undated,,no_direct_evidence,Unknown,MAC,60.6741573034,32.1229050279
ohio_state,Ohio State,2024-25,2024,98.0337078652,2024-08-01,2023.0000000000,2022.0000000000,A,2016-01-14,date_in_source_url,https://ohiostatebuckeyes.com/news/2016/1/14/ohio-state-and-nike-sign-groundbreaking-college-partnership,eligible_direct_preseason,Nike,Big Ten,96.0674157303,99.4413407821
oklahoma,Oklahoma,2024-25,2024,97.7528089888,2024-08-01,2023.0000000000,2022.0000000000,unknown,,undated,https://www.oudaily.com/sports/oklahoma-sports-ou-contract-with-nike-jordan-brand-worth-near-70-million/article_b59e45c0-911b-11e8-8d0b-43bb3d5f5abf.html,undated_or_invalid,Unknown,Big 12,93.5393258427,93.8547486034
oklahoma_state,Oklahoma State,2024-25,2024,92.1348314607,2024-08-01,2023.0000000000,2022.0000000000,unknown,,undated,https://www2.kusports.com/weblogs/tale-tait/2017/sep/28/kus-deal-with-adidas-is-companys-second/,undated_or_invalid,Unknown,Big 12,94.9438202247,93.2960893855
old_dominion,Old Dominion,2024-25,2024,35.1123595506,2024-08-01,2023.0000000000,2022.0000000000,unknown,,undated,,no_direct_evidence,Unknown,Sun Belt,69.9438202247,53.6312849162
ole_miss,Ole Miss,2024-25,2024,92.6966292135,2024-08-01,2023.0000000000,2022.0000000000,A,2015-08-31,date_in_source_url,https://olemisssports.com/news/2015/8/31/Ole_Miss_Makes_Major_Announcements,eligible_direct_preseason,Nike,SEC,89.6067415730,89.3854748603
oral_roberts,Oral Roberts,2024-25,2024,18.2584269663,2024-08-01,2023.0000000000,2022.0000000000,unknown,,undated,,no_direct_evidence,Unknown,Summit,21.4887640449,54.1899441341
oregon,Oregon,2024-25,2024,95.2247191011,2024-08-01,2023.0000000000,2022.0000000000,unknown,,undated,https://trustees.uoregon.edu/sites/default/files/minutes_-_full_bot_12.08.17.pdf,undated_or_invalid,Unknown,Pac-12,92.4157303371,89.6648044693
oregon_state,Oregon State,2024-25,2024,79.2134831461,2024-08-01,2023.0000000000,2022.0000000000,unknown,,undated,,no_direct_evidence,Unknown,Pac-12,82.5842696629,84.0782122905
pacific,Pacific,2024-25,2024,16.8539325843,2024-08-01,2023.0000000000,2022.0000000000,unknown,,undated,,no_direct_evidence,Unknown,Unknown,6.4606741573,41.4804469274
penn_state,Penn State,2024-25,2024,95.7865168539,2024-08-01,2023.0000000000,2022.0000000000,unknown,,undated,https://www.centredaily.com/sports/college/penn-state-university/article316333759.html,undated_or_invalid,Unknown,Big Ten,93.8202247191,96.0893854749
pennsylvania,Pennsylvania,2024-25,2024,81.1797752809,2024-08-01,2023.0000000000,2022.0000000000,unknown,,undated,,no_direct_evidence,Unknown,Ivy League,85.6741573034,83.5195530726
pepperdine,Pepperdine,2024-25,2024,78.6516853933,2024-08-01,2023.0000000000,2022.0000000000,unknown,,undated,,no_direct_evidence,Unknown,WCC,75.1404494382,80.4469273743
pittsburgh,Pittsburgh,2024-25,2024,79.4943820225,2024-08-01,2023.0000000000,2022.0000000000,A,2023-07-06,date_in_source_url,https://pittsburghpanthers.com/news/2023/7/6/general-pitt-extends-partnership-with-nike-through-2026,eligible_direct_preseason,Nike,ACC,77.8089887640,85.7541899441
portland,Portland,2024-25,2024,50.5617977528,2024-08-01,2023.0000000000,2022.0000000000,unknown,,undated,,no_direct_evidence,Unknown,WCC,65.1685393258,66.4804469274
portland_state,Portland State,2024-25,2024,7.5842696629,2024-08-01,2023.0000000000,2022.0000000000,unknown,,undated,,no_direct_evidence,Unknown,Unknown,6.4606741573,7.5418994413
prairie_view_a_m,Prairie View A&M,2024-25,2024,22.6123595506,2024-08-01,2023.0000000000,2022.0000000000,unknown,,undated,,no_direct_evidence,Unknown,Unknown,6.4606741573,35.8938547486
presbyterian_college,Presbyterian College,2024-25,2024,7.5842696629,2024-08-01,2023.0000000000,2022.0000000000,unknown,,undated,,no_direct_evidence,Unknown,Big South,21.4887640449,23.3240223464
princeton,Princeton,2024-25,2024,91.0112359551,2024-08-01,2023.0000000000,2022.0000000000,unknown,,undated,,no_direct_evidence,Unknown,Ivy League,90.7303370787,93.0167597765
providence,Providence,2024-25,2024,75.8426966292,2024-08-01,2023.0000000000,2022.0000000000,unknown,,undated,,no_direct_evidence,Unknown,Big East,73.5955056180,63.1284916201
purdue,Purdue,2024-25,2024,85.3932584270,2024-08-01,2023.0000000000,2022.0000000000,unknown,,undated,https://athleticdirectoru.com/articles/cash-is-king-in-intercollegiate-apparel-agreements/,continuity_excluded,Unknown,Big Ten,82.0224719101,80.1675977654
queens_n_c,Queens (N.C.),2024-25,2024,7.5842696629,2024-08-01,2023.0000000000,2022.0000000000,unknown,,undated,,no_direct_evidence,Unknown,Unknown,6.4606741573,7.5418994413
quinnipiac,Quinnipiac,2024-25,2024,49.1573033708,2024-08-01,2023.0000000000,2022.0000000000,unknown,,undated,,no_direct_evidence,Unknown,MAAC,58.4269662921,78.7709497207
radford,Radford,2024-25,2024,15.8707865169,2024-08-01,2023.0000000000,2022.0000000000,unknown,,undated,,no_direct_evidence,Unknown,Big South,21.4887640449,23.3240223464
rhode_island,Rhode Island,2024-25,2024,56.4606741573,2024-08-01,2023.0000000000,2022.0000000000,unknown,,undated,,no_direct_evidence,Unknown,Atlantic 10,30.4775280899,7.5418994413
rice,Rice,2024-25,2024,42.1348314607,2024-08-01,2023.0000000000,2022.0000000000,unknown,,undated,,no_direct_evidence,Unknown,American,71.9101123596,61.3128491620
richmond,Richmond,2024-25,2024,67.4157303371,2024-08-01,2023.0000000000,2022.0000000000,unknown,,undated,,no_direct_evidence,Unknown,Atlantic 10,56.8820224719,69.2737430168
rider,Rider,2024-25,2024,28.3707865169,2024-08-01,2023.0000000000,2022.0000000000,unknown,,undated,,no_direct_evidence,Unknown,MAAC,45.0842696629,54.4692737430
robert_morris,Robert Morris,2024-25,2024,55.0561797753,2024-08-01,2023.0000000000,2022.0000000000,unknown,,undated,,no_direct_evidence,Unknown,Horizon League,21.4887640449,7.5418994413
rutgers,Rutgers,2024-25,2024,77.8089887640,2024-08-01,2023.0000000000,2022.0000000000,unknown,,undated,https://sports.yahoo.com/rutgers-approve-nike-athletics-apparel-200631396.html,undated_or_invalid,Unknown,Big Ten,81.7415730337,63.9664804469
sacramento_state,Sacramento State,2024-25,2024,52.5280898876,2024-08-01,2023.0000000000,2022.0000000000,unknown,,undated,,no_direct_evidence,Unknown,Big Sky,60.1123595506,62.2905027933
sacred_heart,Sacred Heart,2024-25,2024,45.5056179775,2024-08-01,2023.0000000000,2022.0000000000,unknown,,undated,,no_direct_evidence,Unknown,Northeast,42.5561797753,53.0726256983
saint_francis_pa,Saint Francis (PA),2024-25,2024,27.3876404494,2024-08-01,2023.0000000000,2022.0000000000,unknown,,undated,,no_direct_evidence,Unknown,Northeast,31.4606741573,23.3240223464
saint_joseph_s,Saint Joseph's,2024-25,2024,51.8258426966,2024-08-01,2023.0000000000,2022.0000000000,unknown,,undated,,no_direct_evidence,Unknown,Atlantic 10,53.7921348315,44.8324022346
saint_louis,Saint Louis,2024-25,2024,55.0561797753,2024-08-01,2023.0000000000,2022.0000000000,unknown,,undated,,no_direct_evidence,Unknown,Atlantic 10,44.1011235955,53.6312849162
saint_mary_s_ca,Saint Mary's (CA),2024-25,2024,51.1235955056,2024-08-01,2023.0000000000,2022.0000000000,unknown,,undated,,no_direct_evidence,Unknown,WCC,37.0786516854,35.8938547486
saint_peter_s,Saint Peter's,2024-25,2024,7.5842696629,2024-08-01,2023.0000000000,2022.0000000000,unknown,,undated,,no_direct_evidence,Unknown,MAAC,21.4887640449,7.5418994413
sam_houston_state,Sam Houston State,2024-25,2024,57.0224719101,2024-08-01,2023.0000000000,2022.0000000000,unknown,,undated,,no_direct_evidence,Unknown,Conference USA,58.7078651685,58.6592178771
samford,Samford,2024-25,2024,35.1123595506,2024-08-01,2023.0000000000,2022.0000000000,unknown,,undated,,no_direct_evidence,Unknown,SoCon,21.4887640449,68.1564245810
san_diego,San Diego,2024-25,2024,69.3820224719,2024-08-01,2023.0000000000,2022.0000000000,unknown,,undated,,no_direct_evidence,Unknown,WCC,73.0337078652,77.0949720670
san_diego_state,San Diego State,2024-25,2024,55.8988764045,2024-08-01,2023.0000000000,2022.0000000000,unknown,,undated,,no_direct_evidence,Unknown,Mountain West,66.8539325843,76.2569832402
san_francisco,San Francisco,2024-25,2024,7.5842696629,2024-08-01,2023.0000000000,2022.0000000000,unknown,,undated,,no_direct_evidence,Unknown,Unknown,6.4606741573,40.7821229050
san_jose_state,San Jose State,2024-25,2024,59.6910112360,2024-08-01,2023.0000000000,2022.0000000000,unknown,,undated,,no_direct_evidence,Unknown,Mountain West,76.4044943820,72.3463687151
santa_clara,Santa Clara,2024-25,2024,49.1573033708,2024-08-01,2023.0000000000,2022.0000000000,unknown,,undated,,no_direct_evidence,Unknown,WCC,37.0786516854,50.2793296089
seattle,Seattle,2024-25,2024,27.3876404494,2024-08-01,2023.0000000000,2022.0000000000,unknown,,undated,,no_direct_evidence,Unknown,WAC,28.5112359551,7.5418994413
seton_hall,Seton Hall,2024-25,2024,7.5842696629,2024-08-01,2023.0000000000,2022.0000000000,unknown,,undated,,no_direct_evidence,Unknown,Big East,13.6235955056,35.8938547486
siena,Siena,2024-25,2024,22.6123595506,2024-08-01,2023.0000000000,2022.0000000000,unknown,,undated,,no_direct_evidence,Unknown,MAAC,28.5112359551,28.3519553073
siu_edwardsville,SIU Edwardsville,2024-25,2024,35.1123595506,2024-08-01,2023.0000000000,2022.0000000000,unknown,,undated,,no_direct_evidence,Unknown,OVC,43.3988764045,38.4078212291
smu,SMU,2024-25,2024,80.6179775281,2024-08-01,2023.0000000000,2022.0000000000,unknown,,undated,https://web.archive.org/web/20171001043446/http://smumustangs.com/,continuity_excluded,Unknown,American,85.1123595506,79.8882681564
south_alabama,South Alabama,2024-25,2024,48.0337078652,2024-08-01,2023.0000000000,2022.0000000000,unknown,,undated,,no_direct_evidence,Unknown,Sun Belt,68.8202247191,56.0055865922
south_carolina,South Carolina,2024-25,2024,93.8202247191,2024-08-01,2023.0000000000,2022.0000000000,unknown,,undated,https://www.sc.edu/uofsc/posts/2025/08/board-of-trustees-briefs-august-2025.php,undated_or_invalid,Unknown,SEC,91.8539325843,91.0614525140
south_carolina_state,South Carolina State,2024-25,2024,47.0505617978,2024-08-01,2023.0000000000,2022.0000000000,unknown,,undated,,no_direct_evidence,Unknown,MEAC,37.0786516854,35.8938547486
south_carolina_upstate,South Carolina Upstate,2024-25,2024,49.1573033708,2024-08-01,2023.0000000000,2022.0000000000,unknown,,undated,,no_direct_evidence,Unknown,Big South,21.4887640449,7.5418994413
south_dakota,South Dakota,2024-25,2024,65.5898876404,2024-08-01,2023.0000000000,2022.0000000000,unknown,,undated,,no_direct_evidence,Unknown,Summit,54.7752808989,56.9832402235
south_dakota_state,South Dakota State,2024-25,2024,76.1235955056,2024-08-01,2023.0000000000,2022.0000000000,unknown,,undated,,no_direct_evidence,Unknown,Summit,76.6853932584,75.9776536313
south_florida,South Florida,2024-25,2024,78.3707865169,2024-08-01,2023.0000000000,2022.0000000000,unknown,,undated,,no_direct_evidence,Unknown,American,68.5393258427,77.3743016760
southeast_missouri_state,Southeast Missouri State,2024-25,2024,22.6123595506,2024-08-01,2023.0000000000,2022.0000000000,unknown,,undated,,no_direct_evidence,Unknown,OVC,58.0056179775,41.4804469274
southeastern_louisiana,Southeastern Louisiana,2024-25,2024,35.1123595506,2024-08-01,2023.0000000000,2022.0000000000,unknown,,undated,,no_direct_evidence,Unknown,Southland,48.0337078652,58.6592178771
southern,Southern,2024-25,2024,35.1123595506,2024-08-01,2023.0000000000,2022.0000000000,unknown,,undated,,no_direct_evidence,Unknown,Unknown,6.4606741573,16.0614525140
southern_illinois,Southern Illinois,2024-25,2024,30.1966292135,2024-08-01,2023.0000000000,2022.0000000000,unknown,,undated,,no_direct_evidence,Unknown,Missouri Valley,70.2247191011,44.8324022346
southern_mississippi,Southern Mississippi,2024-25,2024,39.1853932584,2024-08-01,2023.0000000000,2022.0000000000,unknown,,undated,,no_direct_evidence,Unknown,Sun Belt,50.5617977528,56.0055865922
southern_utah,Southern Utah,2024-25,2024,38.2022471910,2024-08-01,2023.0000000000,2022.0000000000,unknown,,undated,,no_direct_evidence,Unknown,WAC,34.1292134831,48.4636871508
st_bonaventure,St. Bonaventure,2024-25,2024,7.5842696629,2024-08-01,2023.0000000000,2022.0000000000,unknown,,undated,,no_direct_evidence,Unknown,Unknown,6.4606741573,7.5418994413
st_john_s_ny,St. John's (NY),2024-25,2024,67.8370786517,2024-08-01,2023.0000000000,2022.0000000000,unknown,,undated,,no_direct_evidence,Unknown,Big East,57.5842696629,57.8212290503
st_thomas,St. Thomas,2024-25,2024,7.5842696629,2024-08-01,2023.0000000000,2022.0000000000,unknown,,undated,,no_direct_evidence,Unknown,Unknown,6.4606741573,7.5418994413
stanford,Stanford,2024-25,2024,99.4382022472,2024-08-01,2023.0000000000,2022.0000000000,unknown,,undated,,no_direct_evidence,Unknown,Pac-12,99.7191011236,100.0000000000
stephen_f_austin,Stephen F. Austin,2024-25,2024,64.8876404494,2024-08-01,2023.0000000000,2022.0000000000,unknown,,undated,,no_direct_evidence,Unknown,WAC,21.4887640449,57.5418994413
stetson,Stetson,2024-25,2024,41.0112359551,2024-08-01,2023.0000000000,2022.0000000000,unknown,,undated,,no_direct_evidence,Unknown,ASUN,55.6179775281,39.6648044693
stonehill,Stonehill,2024-25,2024,7.5842696629,2024-08-01,2023.0000000000,2022.0000000000,unknown,,undated,,no_direct_evidence,Unknown,Northeast,21.4887640449,7.5418994413
stony_brook,Stony Brook,2024-25,2024,48.3146067416,2024-08-01,2023.0000000000,2022.0000000000,unknown,,undated,,no_direct_evidence,Unknown,CAA,39.8876404494,39.6648044693
syracuse,Syracuse,2024-25,2024,83.1460674157,2024-08-01,2023.0000000000,2022.0000000000,unknown,2019-06-14,date_in_source_url,https://cuse.com/news/2019/6/14/general-syracuse-and-nike-extend-partnership,continuity_excluded,Unknown,ACC,87.9213483146,87.7094972067
tarleton_state,Tarleton State,2024-25,2024,62.0786516854,2024-08-01,2023.0000000000,2022.0000000000,unknown,,undated,,no_direct_evidence,Unknown,Unknown,6.4606741573,7.5418994413
tcu,TCU,2024-25,2024,89.6067415730,2024-08-01,2023.0000000000,2022.0000000000,unknown,,undated,https://www2.kusports.com/weblogs/tale-tait/2017/sep/28/kus-deal-with-adidas-is-companys-second/,continuity_excluded,Unknown,Big 12,80.8988764045,90.7821229050
temple,Temple,2024-25,2024,32.3033707865,2024-08-01,2023.0000000000,2022.0000000000,unknown,,undated,,no_direct_evidence,Unknown,American,28.5112359551,18.5754189944
tennessee,Tennessee,2024-25,2024,98.5955056180,2024-08-01,2023.0000000000,2022.0000000000,unknown,,undated,https://sports.yahoo.com/article/tennessee-athletics-switching-adidas-nike-181159677.html,undated_or_invalid,Unknown,SEC,99.4382022472,98.6033519553
tennessee_chattanooga,Tennessee Chattanooga,2024-25,2024,33.1460674157,2024-08-01,2023.0000000000,2022.0000000000,unknown,,undated,,no_direct_evidence,Unknown,SoCon,69.2415730337,54.7486033520
tennessee_martin,Tennessee Martin,2024-25,2024,31.1797752809,2024-08-01,2023.0000000000,2022.0000000000,unknown,,undated,,no_direct_evidence,Unknown,OVC,13.6235955056,23.3240223464
tennessee_state,Tennessee State,2024-25,2024,22.6123595506,2024-08-01,2023.0000000000,2022.0000000000,unknown,,undated,,no_direct_evidence,Unknown,Unknown,6.4606741573,23.3240223464
tennessee_tech,Tennessee Tech,2024-25,2024,22.6123595506,2024-08-01,2023.0000000000,2022.0000000000,unknown,,undated,,no_direct_evidence,Unknown,OVC,13.6235955056,23.3240223464
texas,Texas,2024-25,2024,100.0000000000,2024-08-01,2023.0000000000,2022.0000000000,unknown,,undated,https://www.utsystem.edu/sites/default/files/offices/board-of-regents/board-meetings/board-minutes/10-30-2015meeting1141.pdf,undated_or_invalid,Unknown,Big 12,100.0000000000,99.7206703911
texas_a_m,Texas A&M,2024-25,2024,96.0674157303,2024-08-01,2023.0000000000,2022.0000000000,A,2024-05-06,date_in_source_url,https://www.sportsbusinessjournal.com/Articles/2024/05/06/texas-am-aggies-renew-adidas-partnership/?issueId=VD7KES7GVMHBL2WFUIH7JMKCKU,eligible_direct_preseason,adidas,SEC,98.5955056180,93.5754189944
texas_a_m_corpus_christi,Texas A&M Corpus Christi,2024-25,2024,27.3876404494,2024-08-01,2023.0000000000,2022.0000000000,unknown,,undated,,no_direct_evidence,Unknown,Southland,55.1966292135,62.0111731844
texas_arlington,Texas Arlington,2024-25,2024,22.6123595506,2024-08-01,2023.0000000000,2022.0000000000,unknown,,undated,,no_direct_evidence,Unknown,WAC,34.1292134831,23.3240223464
texas_southern,Texas Southern,2024-25,2024,7.5842696629,2024-08-01,2023.0000000000,2022.0000000000,unknown,,undated,,no_direct_evidence,Unknown,Unknown,6.4606741573,16.0614525140
texas_state,Texas State,2024-25,2024,68.6797752809,2024-08-01,2023.0000000000,2022.0000000000,unknown,,undated,,no_direct_evidence,Unknown,Sun Belt,71.3483146067,38.8268156425
texas_tech,Texas Tech,2024-25,2024,89.0449438202,2024-08-01,2023.0000000000,2022.0000000000,A,2024-07-01,date_in_source_url,https://texastech.com/news/2024/7/1/general-texas-tech-adidas-launch-10-year-partnership,eligible_direct_preseason,adidas,Big 12,87.6404494382,87.1508379888
toledo,Toledo,2024-25,2024,51.4044943820,2024-08-01,2023.0000000000,2022.0000000000,unknown,,undated,,no_direct_evidence,Unknown,MAC,48.0337078652,69.5530726257
towson,Towson,2024-25,2024,31.1797752809,2024-08-01,2023.0000000000,2022.0000000000,unknown,,undated,,no_direct_evidence,Unknown,CAA,69.6629213483,51.9553072626
troy,Troy,2024-25,2024,44.2415730337,2024-08-01,2023.0000000000,2022.0000000000,unknown,,undated,,no_direct_evidence,Unknown,Sun Belt,21.4887640449,50.8379888268
tulane,Tulane,2024-25,2024,55.0561797753,2024-08-01,2023.0000000000,2022.0000000000,unknown,,undated,,no_direct_evidence,Unknown,American,60.3932584270,71.7877094972
tulsa,Tulsa,2024-25,2024,58.1460674157,2024-08-01,2023.0000000000,2022.0000000000,unknown,,undated,,no_direct_evidence,Unknown,American,49.4382022472,72.6256983240
uab,UAB,2024-25,2024,7.5842696629,2024-08-01,2023.0000000000,2022.0000000000,unknown,,undated,,no_direct_evidence,Unknown,American,21.4887640449,32.1229050279
uc_davis,UC Davis,2024-25,2024,69.9438202247,2024-08-01,2023.0000000000,2022.0000000000,unknown,,undated,,no_direct_evidence,Unknown,Unknown,6.4606741573,23.3240223464
uc_irvine,UC Irvine,2024-25,2024,47.0505617978,2024-08-01,2023.0000000000,2022.0000000000,unknown,,undated,,no_direct_evidence,Unknown,Big West,76.9662921348,60.3351955307
uc_riverside,UC Riverside,2024-25,2024,7.5842696629,2024-08-01,2023.0000000000,2022.0000000000,unknown,,undated,,no_direct_evidence,Unknown,Unknown,6.4606741573,23.3240223464
uc_san_diego,UC San Diego,2024-25,2024,52.5280898876,2024-08-01,2023.0000000000,2022.0000000000,unknown,,undated,,no_direct_evidence,Unknown,Big West,31.1797752809,30.8659217877
uc_santa_barbara,UC Santa Barbara,2024-25,2024,76.4044943820,2024-08-01,2023.0000000000,2022.0000000000,unknown,,undated,,no_direct_evidence,Unknown,Big West,48.0337078652,35.8938547486
ucf,UCF,2024-25,2024,76.9662921348,2024-08-01,2023.0000000000,2022.0000000000,A,2023-10-31,date_in_source_url,https://ucfknights.com/news/2023/10/31/ucf-athletics-and-nike-extend-agreement-through-2029,eligible_direct_preseason,Nike,Big 12,77.2471910112,76.5363128492
ucla,UCLA,2024-25,2024,98.8764044944,2024-08-01,2023.0000000000,2022.0000000000,unknown,2024-09-19,date_in_source_url,https://uclabruins.com/documents/download/2024/9/19/02-Release_Indiana_2024_FB.pdf,published_after_cutoff,Unknown,Pac-12,97.4719101124,96.3687150838
uconn,UConn,2024-25,2024,82.5842696629,2024-08-01,2023.0000000000,2022.0000000000,unknown,,undated,,no_direct_evidence,Unknown,Big East,77.5280898876,78.2122905028
umbc,UMBC,2024-25,2024,7.5842696629,2024-08-01,2023.0000000000,2022.0000000000,unknown,,undated,,no_direct_evidence,Unknown,America East,21.4887640449,35.8938547486
umkc,UMKC,2024-25,2024,41.7134831461,2024-08-01,2023.0000000000,2022.0000000000,unknown,,undated,,no_direct_evidence,Unknown,Summit,15.1685393258,16.0614525140
unlv,UNLV,2024-25,2024,66.2921348315,2024-08-01,2023.0000000000,2022.0000000000,unknown,,undated,,no_direct_evidence,Unknown,Mountain West,46.6292134831,68.9944134078
usc,USC,2024-25,2024,99.7191011236,2024-08-01,2023.0000000000,2022.0000000000,unknown,2026-07-14,date_in_source_url,https://usctrojans.com/news/2026/7/14/usc-trojans-athletics-nike-jerseys-uniforms-gear-apparel-shoes-deal-extension-nil,published_after_cutoff,Unknown,Pac-12,96.3483146067,97.4860335196
utah,Utah,2024-25,2024,83.4269662921,2024-08-01,2023.0000000000,2022.0000000000,A,2016-10-12,date_in_source_url,https://utahutes.com/news/2016/10/12/general-utah-athletics-and-under-armour-sign-extension,eligible_direct_preseason,Under Armour,Pac-12,87.0786516854,92.4581005587
utah_state,Utah State,2024-25,2024,71.0674157303,2024-08-01,2023.0000000000,2022.0000000000,unknown,,undated,,no_direct_evidence,Unknown,Mountain West,61.7977528090,59.9162011173
utah_valley,Utah Valley,2024-25,2024,60.1123595506,2024-08-01,2023.0000000000,2022.0000000000,unknown,,undated,,no_direct_evidence,Unknown,WAC,45.7865168539,70.6703910615
utep,UTEP,2024-25,2024,37.0786516854,2024-08-01,2023.0000000000,2022.0000000000,unknown,,undated,,no_direct_evidence,Unknown,Unknown,6.4606741573,29.1899441341
utrgv,UTRGV,2024-25,2024,7.5842696629,2024-08-01,2023.0000000000,2022.0000000000,unknown,,undated,,no_direct_evidence,Unknown,Unknown,6.4606741573,7.5418994413
utsa,UTSA,2024-25,2024,58.4269662921,2024-08-01,2023.0000000000,2022.0000000000,unknown,,undated,,no_direct_evidence,Unknown,American,52.8089887640,48.4636871508
valparaiso,Valparaiso,2024-25,2024,7.5842696629,2024-08-01,2023.0000000000,2022.0000000000,unknown,,undated,,no_direct_evidence,Unknown,Missouri Valley,21.4887640449,7.5418994413
vanderbilt,Vanderbilt,2024-25,2024,83.9887640449,2024-08-01,2023.0000000000,2022.0000000000,unknown,,undated,,no_direct_evidence,Unknown,SEC,84.2696629213,84.6368715084
vcu,VCU,2024-25,2024,65.5898876404,2024-08-01,2023.0000000000,2022.0000000000,unknown,,undated,,no_direct_evidence,Unknown,Atlantic 10,71.0674157303,35.8938547486
vermont,Vermont,2024-25,2024,75.4213483146,2024-08-01,2023.0000000000,2022.0000000000,unknown,,undated,,no_direct_evidence,Unknown,America East,68.2584269663,74.8603351955
villanova,Villanova,2024-25,2024,74.5786516854,2024-08-01,2023.0000000000,2022.0000000000,unknown,,undated,,no_direct_evidence,Unknown,Big East,79.7752808989,61.7318435754
virginia,Virginia,2024-25,2024,96.9101123596,2024-08-01,2023.0000000000,2022.0000000000,unknown,,undated,https://athleticdirectoru.com/articles/cash-is-king-in-intercollegiate-apparel-agreements/,continuity_excluded,Unknown,ACC,98.8764044944,99.1620111732
virginia_military_institute,Virginia Military Institute,2024-25,2024,7.5842696629,2024-08-01,2023.0000000000,2022.0000000000,unknown,,undated,,no_direct_evidence,Unknown,SoCon,15.4494382022,7.5418994413
virginia_tech,Virginia Tech,2024-25,2024,87.6404494382,2024-08-01,2023.0000000000,2022.0000000000,unknown,2016-05-25,date_in_source_url,https://techsideline.com/article/2016/05/25/virginia-techs-nike-deal,continuity_excluded,Unknown,ACC,86.2359550562,84.9162011173
wagner,Wagner,2024-25,2024,57.5842696629,2024-08-01,2023.0000000000,2022.0000000000,unknown,,undated,,no_direct_evidence,Unknown,Northeast,58.0056179775,7.5418994413
wake_forest,Wake Forest,2024-25,2024,88.7640449438,2024-08-01,2023.0000000000,2022.0000000000,unknown,,undated,,no_direct_evidence,Unknown,ACC,84.5505617978,88.5474860335
washington,Washington,2024-25,2024,91.2921348315,2024-08-01,2023.0000000000,2022.0000000000,A,2018-04-10,date_in_source_url,https://gohuskies.com/news/2018/4/10/general-university-of-washington-agrees-to-terms-on-10-year-partnership-with-adidas,eligible_direct_preseason,adidas,Pac-12,92.9775280899,94.4134078212
washington_state,Washington State,2024-25,2024,61.2359550562,2024-08-01,2023.0000000000,2022.0000000000,unknown,,undated,,no_direct_evidence,Unknown,Pac-12,72.4719101124,53.6312849162
weber_state,Weber State,2024-25,2024,28.7921348315,2024-08-01,2023.0000000000,2022.0000000000,unknown,,undated,,no_direct_evidence,Unknown,Big Sky,21.4887640449,47.7653631285
west_virginia,West Virginia,2024-25,2024,88.4831460674,2024-08-01,2023.0000000000,2022.0000000000,unknown,,undated,https://www2.kusports.com/weblogs/tale-tait/2017/sep/28/kus-deal-with-adidas-is-companys-second/,undated_or_invalid,Unknown,Big 12,85.9550561798,83.7988826816
western_carolina,Western Carolina,2024-25,2024,7.5842696629,2024-08-01,2023.0000000000,2022.0000000000,unknown,,undated,,no_direct_evidence,Unknown,SoCon,21.4887640449,7.5418994413
western_illinois,Western Illinois,2024-25,2024,7.5842696629,2024-08-01,2023.0000000000,2022.0000000000,unknown,,undated,,no_direct_evidence,Unknown,Unknown,6.4606741573,7.5418994413
western_kentucky,Western Kentucky,2024-25,2024,52.5280898876,2024-08-01,2023.0000000000,2022.0000000000,unknown,,undated,,no_direct_evidence,Unknown,Conference USA,61.0955056180,51.9553072626
western_michigan,Western Michigan,2024-25,2024,75.4213483146,2024-08-01,2023.0000000000,2022.0000000000,unknown,,undated,,no_direct_evidence,Unknown,MAC,69.2415730337,65.6424581006
wichita_state,Wichita State,2024-25,2024,57.5842696629,2024-08-01,2023.0000000000,2022.0000000000,unknown,,undated,,no_direct_evidence,Unknown,American,30.4775280899,48.4636871508
william_mary,William & Mary,2024-25,2024,39.8876404494,2024-08-01,2023.0000000000,2022.0000000000,unknown,,undated,,no_direct_evidence,Unknown,CAA,46.3483146067,51.9553072626
winthrop,Winthrop,2024-25,2024,7.5842696629,2024-08-01,2023.0000000000,2022.0000000000,unknown,,undated,,no_direct_evidence,Unknown,Big South,13.6235955056,7.5418994413
wisconsin,Wisconsin,2024-25,2024,92.9775280899,2024-08-01,2023.0000000000,2022.0000000000,A,2015-10-09,date_in_source_url,https://uwbadgers.com/news/2015/10/9/GEN_1012155509,eligible_direct_preseason,Under Armour,Big Ten,93.2584269663,92.7374301676
wisconsin_green_bay,Wisconsin Green Bay,2024-25,2024,22.6123595506,2024-08-01,2023.0000000000,2022.0000000000,unknown,,undated,,no_direct_evidence,Unknown,Horizon League,37.0786516854,16.0614525140
wisconsin_milwaukee,Wisconsin Milwaukee,2024-25,2024,22.6123595506,2024-08-01,2023.0000000000,2022.0000000000,unknown,,undated,,no_direct_evidence,Unknown,Horizon League,21.4887640449,23.3240223464
wofford,Wofford,2024-25,2024,35.1123595506,2024-08-01,2023.0000000000,2022.0000000000,unknown,,undated,,no_direct_evidence,Unknown,SoCon,43.3988764045,7.5418994413
wright_state,Wright State,2024-25,2024,39.1853932584,2024-08-01,2023.0000000000,2022.0000000000,unknown,,undated,,no_direct_evidence,Unknown,Horizon League,28.5112359551,35.8938547486
wyoming,Wyoming,2024-25,2024,66.8539325843,2024-08-01,2023.0000000000,2022.0000000000,unknown,,undated,,no_direct_evidence,Unknown,Mountain West,51.9662921348,33.2402234637
xavier,Xavier,2024-25,2024,43.2584269663,2024-08-01,2023.0000000000,2022.0000000000,unknown,,undated,,no_direct_evidence,Unknown,Big East,50.1404494382,76.8156424581
yale,Yale,2024-25,2024,81.4606741573,2024-08-01,2023.0000000000,2022.0000000000,unknown,2026-09-03,date_in_source_url,https://yalebulldogs.com/news/2026/9/3/general-yale-athletics-and-under-armour-extend-partnership-through-2036.aspx,published_after_cutoff,Unknown,Ivy League,80.0561797753,79.3296089385
youngstown_state,Youngstown State,2024-25,2024,62.3595505618,2024-08-01,2023.0000000000,2022.0000000000,unknown,,undated,,no_direct_evidence,Unknown,Horizon League,64.3258426966,49.1620111732
abilene_christian,Abilene Christian,2025-26,2025,37.6404494382,2025-08-01,2024.0000000000,2023.0000000000,unknown,,undated,,no_direct_evidence,Unknown,WAC,44.2415730337,6.4606741573
air_force,Air Force,2025-26,2025,78.6516853933,2025-08-01,2024.0000000000,2023.0000000000,unknown,,undated,,no_direct_evidence,Unknown,Mountain West,70.6460674157,78.9325842697
akron,Akron,2025-26,2025,71.0674157303,2025-08-01,2024.0000000000,2023.0000000000,unknown,,undated,,no_direct_evidence,Unknown,MAC,69.6629213483,41.0112359551
alabama,Alabama,2025-26,2025,96.6292134831,2025-08-01,2024.0000000000,2023.0000000000,unknown,2025-08-28,date_in_source_url,https://www.sportsbusinessjournal.com/Articles/2025/08/28/alabama-quietly-extended-nike-deal-a-few-years-ago-terms-kept-private/?issueId=3MXGPV7JIFCSHHS6YCWC3BPPFM,published_after_cutoff,Unknown,SEC,94.1011235955,97.7528089888
alabama_a_m,Alabama A&M,2025-26,2025,21.6292134831,2025-08-01,2024.0000000000,2023.0000000000,unknown,,undated,,no_direct_evidence,Unknown,Unknown,7.5842696629,6.4606741573
alabama_state,Alabama State,2025-26,2025,46.4887640449,2025-08-01,2024.0000000000,2023.0000000000,unknown,,undated,,no_direct_evidence,Unknown,SWAC,35.1123595506,51.6853932584
albany,Albany,2025-26,2025,43.1179775281,2025-08-01,2024.0000000000,2023.0000000000,unknown,,undated,,no_direct_evidence,Unknown,America East,44.2415730337,67.4157303371
alcorn_state,Alcorn State,2025-26,2025,7.8651685393,2025-08-01,2024.0000000000,2023.0000000000,unknown,,undated,,no_direct_evidence,Unknown,Unknown,7.5842696629,6.4606741573
american,American,2025-26,2025,47.7528089888,2025-08-01,2024.0000000000,2023.0000000000,unknown,,undated,,no_direct_evidence,Unknown,Patriot,15.8707865169,33.0056179775
appalachian_state,Appalachian State,2025-26,2025,43.8202247191,2025-08-01,2024.0000000000,2023.0000000000,unknown,,undated,,no_direct_evidence,Unknown,Sun Belt,18.6797752809,50.1404494382
arizona,Arizona,2025-26,2025,90.1685393258,2025-08-01,2024.0000000000,2023.0000000000,A,2025-03-03,date_in_source_url,https://arizonawildcats.com/news/2025/3/3/general-wildcats-ink-landmark-contract-renewal-with-nike,eligible_direct_preseason,Nike,Big 12,88.2022471910,86.7977528090
arizona_state,Arizona State,2025-26,2025,89.6067415730,2025-08-01,2024.0000000000,2023.0000000000,unknown,2025-11-19,explicit_source_date,https://web.archive.org/web/20251119100055/http://thesundevils.com/,published_after_cutoff,Unknown,Big 12,90.7303370787,92.6966292135
arkansas,Arkansas,2025-26,2025,96.3483146067,2025-08-01,2024.0000000000,2023.0000000000,unknown,2026-02-03,explicit_source_date,https://arkansasrazorbacks.com/arkansas-to-celebrate-norm-debriyn-night-on-march-27-at-baum-walker-stadium/,published_after_cutoff,Unknown,SEC,97.1910112360,95.2247191011
arkansas_little_rock,Arkansas Little Rock,2025-26,2025,63.2022471910,2025-08-01,2024.0000000000,2023.0000000000,unknown,,undated,,no_direct_evidence,Unknown,OVC,60.5337078652,44.6629213483
arkansas_pine_bluff,Arkansas Pine Bluff,2025-26,2025,16.0112359551,2025-08-01,2024.0000000000,2023.0000000000,unknown,,undated,,no_direct_evidence,Unknown,SWAC,37.6404494382,49.7191011236
arkansas_state,Arkansas State,2025-26,2025,73.3146067416,2025-08-01,2024.0000000000,2023.0000000000,unknown,,undated,,no_direct_evidence,Unknown,Sun Belt,66.5730337079,75.1404494382
army_west_point,Army West Point,2025-26,2025,78.0898876404,2025-08-01,2024.0000000000,2023.0000000000,unknown,,undated,,no_direct_evidence,Unknown,Patriot,71.3483146067,45.0842696629
auburn,Auburn,2025-26,2025,92.9775280899,2025-08-01,2024.0000000000,2023.0000000000,A,2025-07-01,date_in_source_url,https://auburntigers.com/news/2025/07/1/auburn-athletics-begins-nike-era,eligible_direct_preseason,Nike,SEC,94.9438202247,91.0112359551
austin_peay_state,Austin Peay State,2025-26,2025,7.8651685393,2025-08-01,2024.0000000000,2023.0000000000,unknown,,undated,,no_direct_evidence,Unknown,Unknown,7.5842696629,21.4887640449
ball_state,Ball State,2025-26,2025,50.0000000000,2025-08-01,2024.0000000000,2023.0000000000,unknown,,undated,,no_direct_evidence,Unknown,MAC,32.7247191011,63.2022471910
baylor,Baylor,2025-26,2025,86.0955056180,2025-08-01,2024.0000000000,2023.0000000000,unknown,2025-12-12,explicit_source_date,https://baylorbears.com/documents/download/2025/12/12/BU_WBB_Notes_12_Texas.pdf,published_after_cutoff,Unknown,Big 12,85.6741573034,88.2022471910
bellarmine,Bellarmine,2025-26,2025,16.5730337079,2025-08-01,2024.0000000000,2023.0000000000,unknown,,undated,,no_direct_evidence,Unknown,Unknown,7.5842696629,6.4606741573
belmont,Belmont,2025-26,2025,29.2134831461,2025-08-01,2024.0000000000,2023.0000000000,unknown,,undated,,no_direct_evidence,Unknown,Missouri Valley,41.0112359551,6.4606741573
bethune_cookman,Bethune-Cookman,2025-26,2025,7.8651685393,2025-08-01,2024.0000000000,2023.0000000000,unknown,,undated,,no_direct_evidence,Unknown,SWAC,22.6123595506,6.4606741573
binghamton,Binghamton,2025-26,2025,44.8033707865,2025-08-01,2024.0000000000,2023.0000000000,unknown,,undated,,no_direct_evidence,Unknown,America East,56.7415730337,51.4044943820
boise_state,Boise State,2025-26,2025,56.4606741573,2025-08-01,2024.0000000000,2023.0000000000,unknown,,undated,,no_direct_evidence,Unknown,Mountain West,74.5786516854,54.4943820225
boston_college,Boston College,2025-26,2025,76.9662921348,2025-08-01,2024.0000000000,2023.0000000000,A,2025-06-02,date_in_source_url,https://bceagles.com/news/2025/6/2/football-new-balance-and-boston-college-expand-their-historic-sponsorship,eligible_direct_preseason,other,ACC,81.7415730337,81.1797752809
boston_university,Boston University,2025-26,2025,54.4943820225,2025-08-01,2024.0000000000,2023.0000000000,unknown,,undated,,no_direct_evidence,Unknown,Patriot,79.7752808989,74.1573033708
bowling_green,Bowling Green,2025-26,2025,7.8651685393,2025-08-01,2024.0000000000,2023.0000000000,unknown,,undated,,no_direct_evidence,Unknown,MAC,22.6123595506,21.4887640449
bradley,Bradley,2025-26,2025,7.8651685393,2025-08-01,2024.0000000000,2023.0000000000,unknown,,undated,,no_direct_evidence,Unknown,Missouri Valley,17.5561797753,6.4606741573
brown,Brown,2025-26,2025,63.4831460674,2025-08-01,2024.0000000000,2023.0000000000,unknown,,undated,,no_direct_evidence,Unknown,Ivy League,75.0000000000,72.1910112360
bryant,Bryant,2025-26,2025,65.5898876404,2025-08-01,2024.0000000000,2023.0000000000,unknown,,undated,,no_direct_evidence,Unknown,America East,35.1123595506,37.0786516854
bucknell,Bucknell,2025-26,2025,46.4887640449,2025-08-01,2024.0000000000,2023.0000000000,unknown,,undated,,no_direct_evidence,Unknown,Patriot,50.2808988764,41.7134831461
buffalo,Buffalo,2025-26,2025,31.0393258427,2025-08-01,2024.0000000000,2023.0000000000,unknown,,undated,,no_direct_evidence,Unknown,MAC,53.3707865169,16.0112359551
butler,Butler,2025-26,2025,52.5280898876,2025-08-01,2024.0000000000,2023.0000000000,unknown,,undated,,no_direct_evidence,Unknown,Big East,38.4831460674,41.0112359551
byu,BYU,2025-26,2025,93.2584269663,2025-08-01,2024.0000000000,2023.0000000000,A,2019-03-08,date_in_source_url,https://byucougars.com/news/2019/03/08/byu-announces-new-nike-partnership,eligible_direct_preseason,Nike,Big 12,93.2584269663,90.1685393258
cal_poly,Cal Poly,2025-26,2025,77.5280898876,2025-08-01,2024.0000000000,2023.0000000000,unknown,,undated,,no_direct_evidence,Unknown,Big West,77.2471910112,63.7640449438
cal_state_bakersfield,Cal State Bakersfield,2025-26,2025,7.8651685393,2025-08-01,2024.0000000000,2023.0000000000,unknown,,undated,,no_direct_evidence,Unknown,Big West,29.2134831461,6.4606741573
cal_state_fullerton,Cal State Fullerton,2025-26,2025,42.4157303371,2025-08-01,2024.0000000000,2023.0000000000,unknown,,undated,,no_direct_evidence,Unknown,Big West,32.0224719101,37.0786516854
cal_state_northridge,Cal State Northridge,2025-26,2025,7.8651685393,2025-08-01,2024.0000000000,2023.0000000000,unknown,,undated,,no_direct_evidence,Unknown,Big West,29.4943820225,40.4494382022
california,California,2025-26,2025,89.3258426966,2025-08-01,2024.0000000000,2023.0000000000,A,2023-01-11,date_in_source_url,https://calbears.com/news/2023/1/11/athletics-news-cal-athletics-enters-into-new-partnership-with-nike,eligible_direct_preseason,Nike,ACC,93.5393258427,94.6629213483
california_baptist,California Baptist,2025-26,2025,68.2584269663,2025-08-01,2024.0000000000,2023.0000000000,unknown,,undated,,no_direct_evidence,Unknown,WAC,72.1910112360,76.1235955056
campbell,Campbell,2025-26,2025,21.6292134831,2025-08-01,2024.0000000000,2023.0000000000,unknown,,undated,,no_direct_evidence,Unknown,CAA,28.0898876404,32.0224719101
canisius,Canisius,2025-26,2025,7.8651685393,2025-08-01,2024.0000000000,2023.0000000000,unknown,,undated,,no_direct_evidence,Unknown,Unknown,7.5842696629,6.4606741573
central_arkansas,Central Arkansas,2025-26,2025,21.6292134831,2025-08-01,2024.0000000000,2023.0000000000,unknown,,undated,,no_direct_evidence,Unknown,ASUN,15.8707865169,6.4606741573
central_connecticut_state,Central Connecticut State,2025-26,2025,21.6292134831,2025-08-01,2024.0000000000,2023.0000000000,unknown,,undated,,no_direct_evidence,Unknown,Northeast,35.1123595506,21.4887640449
central_michigan,Central Michigan,2025-26,2025,44.3820224719,2025-08-01,2024.0000000000,2023.0000000000,unknown,,undated,,no_direct_evidence,Unknown,MAC,26.6853932584,29.4943820225
charleston_southern,Charleston Southern,2025-26,2025,41.2921348315,2025-08-01,2024.0000000000,2023.0000000000,unknown,,undated,,no_direct_evidence,Unknown,Big South,22.6123595506,14.7471910112
charlotte,Charlotte,2025-26,2025,39.4662921348,2025-08-01,2024.0000000000,2023.0000000000,unknown,,undated,,no_direct_evidence,Unknown,American,37.9213483146,73.8764044944
chicago_state,Chicago State,2025-26,2025,7.8651685393,2025-08-01,2024.0000000000,2023.0000000000,unknown,,undated,,no_direct_evidence,Unknown,Northeast,22.6123595506,21.4887640449
cincinnati,Cincinnati,2025-26,2025,74.7191011236,2025-08-01,2024.0000000000,2023.0000000000,A,2023-12-11,date_in_source_url,https://gobearcats.com/news/2023/12/11/cincinnati-athletics-announces-agreement-with-nike-inc-through-2029,eligible_direct_preseason,Nike,Big 12,64.8876404494,27.5280898876
citadel,Citadel,2025-26,2025,40.0280898876,2025-08-01,2024.0000000000,2023.0000000000,unknown,,undated,,no_direct_evidence,Unknown,SoCon,18.6797752809,6.4606741573
clemson,Clemson,2025-26,2025,88.4831460674,2025-08-01,2024.0000000000,2023.0000000000,A,2018-08-03,date_in_source_url,https://clemsontigers.com/news/2018/08/03/clemson-nike-agree-to-10-year-partnership-extension,eligible_direct_preseason,Nike,ACC,87.0786516854,91.5730337079
cleveland_state,Cleveland State,2025-26,2025,21.6292134831,2025-08-01,2024.0000000000,2023.0000000000,unknown,,undated,,no_direct_evidence,Unknown,Horizon League,42.6966292135,50.8426966292
coastal_carolina,Coastal Carolina,2025-26,2025,34.9719101124,2025-08-01,2024.0000000000,2023.0000000000,unknown,,undated,,no_direct_evidence,Unknown,Sun Belt,69.1011235955,65.5898876404
colgate,Colgate,2025-26,2025,7.8651685393,2025-08-01,2024.0000000000,2023.0000000000,unknown,,undated,,no_direct_evidence,Unknown,Patriot,63.6235955056,63.4831460674
college_of_charleston,College of Charleston,2025-26,2025,56.7415730337,2025-08-01,2024.0000000000,2023.0000000000,unknown,,undated,,no_direct_evidence,Unknown,CAA,47.0505617978,28.5112359551
colorado,Colorado,2025-26,2025,85.3932584270,2025-08-01,2024.0000000000,2023.0000000000,unknown,,undated,,no_direct_evidence,Unknown,Big 12,80.8988764045,83.7078651685
colorado_state,Colorado State,2025-26,2025,45.2247191011,2025-08-01,2024.0000000000,2023.0000000000,unknown,,undated,,no_direct_evidence,Unknown,Mountain West,74.1573033708,74.7191011236
columbia,Columbia,2025-26,2025,80.8988764045,2025-08-01,2024.0000000000,2023.0000000000,unknown,,undated,,no_direct_evidence,Unknown,Ivy League,77.5280898876,78.0898876404
coppin_state,Coppin State,2025-26,2025,21.6292134831,2025-08-01,2024.0000000000,2023.0000000000,unknown,,undated,,no_direct_evidence,Unknown,Unknown,7.5842696629,21.4887640449
cornell,Cornell,2025-26,2025,78.3707865169,2025-08-01,2024.0000000000,2023.0000000000,unknown,2025-11-16,explicit_source_date,https://web.archive.org/web/20251116000010/https://cornellbigred.com/,published_after_cutoff,Unknown,Ivy League,87.9213483146,80.3370786517
creighton,Creighton,2025-26,2025,51.1235955056,2025-08-01,2024.0000000000,2023.0000000000,unknown,,undated,,no_direct_evidence,Unknown,Big East,73.5955056180,70.6460674157
dartmouth,Dartmouth,2025-26,2025,61.7977528090,2025-08-01,2024.0000000000,2023.0000000000,unknown,,undated,,no_direct_evidence,Unknown,Ivy League,62.6404494382,53.0898876404
davidson,Davidson,2025-26,2025,21.6292134831,2025-08-01,2024.0000000000,2023.0000000000,unknown,,undated,,no_direct_evidence,Unknown,Atlantic 10,17.1348314607,6.4606741573
dayton,Dayton,2025-26,2025,21.6292134831,2025-08-01,2024.0000000000,2023.0000000000,unknown,,undated,,no_direct_evidence,Unknown,Atlantic 10,62.9213483146,66.5730337079
delaware,Delaware,2025-26,2025,46.4887640449,2025-08-01,2024.0000000000,2023.0000000000,unknown,,undated,,no_direct_evidence,Unknown,CAA,31.1797752809,51.1235955056
delaware_state,Delaware State,2025-26,2025,32.4438202247,2025-08-01,2024.0000000000,2023.0000000000,unknown,,undated,,no_direct_evidence,Unknown,MEAC,22.6123595506,6.4606741573
denver,Denver,2025-26,2025,81.7415730337,2025-08-01,2024.0000000000,2023.0000000000,A,2025-06-03,date_in_source_url,https://denverpioneers.com/news/2025/6/3/athletics-denver-and-under-armour-begin-new-official-athletic-apparel-partnership,eligible_direct_preseason,Under Armour,Summit,82.8651685393,87.3595505618
depaul,DePaul,2025-26,2025,7.8651685393,2025-08-01,2024.0000000000,2023.0000000000,unknown,,undated,,no_direct_evidence,Unknown,Big East,17.5561797753,34.5505617978
detroit,Detroit,2025-26,2025,7.8651685393,2025-08-01,2024.0000000000,2023.0000000000,unknown,,undated,,no_direct_evidence,Unknown,Unknown,7.5842696629,6.4606741573
drake,Drake,2025-26,2025,21.6292134831,2025-08-01,2024.0000000000,2023.0000000000,unknown,,undated,,no_direct_evidence,Unknown,Missouri Valley,47.0505617978,48.0337078652
drexel,Drexel,2025-26,2025,39.0449438202,2025-08-01,2024.0000000000,2023.0000000000,unknown,,undated,,no_direct_evidence,Unknown,Unknown,7.5842696629,37.0786516854
duke,Duke,2025-26,2025,97.1910112360,2025-08-01,2024.0000000000,2023.0000000000,A,2015-10-15,date_in_source_url,https://goduke.com/news/2015/10/15/210424501,eligible_direct_preseason,Nike,ACC,97.4719101124,95.5056179775
duquesne,Duquesne,2025-26,2025,31.0393258427,2025-08-01,2024.0000000000,2023.0000000000,unknown,,undated,,no_direct_evidence,Unknown,Unknown,7.5842696629,64.6067415730
east_carolina,East Carolina,2025-26,2025,57.8651685393,2025-08-01,2024.0000000000,2023.0000000000,unknown,,undated,,no_direct_evidence,Unknown,American,64.1853932584,37.0786516854
east_tennessee_state,East Tennessee State,2025-26,2025,21.6292134831,2025-08-01,2024.0000000000,2023.0000000000,unknown,,undated,,no_direct_evidence,Unknown,SoCon,32.7247191011,62.9213483146
eastern_illinois,Eastern Illinois,2025-26,2025,34.9719101124,2025-08-01,2024.0000000000,2023.0000000000,unknown,,undated,,no_direct_evidence,Unknown,OVC,22.6123595506,21.4887640449
eastern_kentucky,Eastern Kentucky,2025-26,2025,67.1348314607,2025-08-01,2024.0000000000,2023.0000000000,unknown,,undated,,no_direct_evidence,Unknown,ASUN,44.2415730337,46.0674157303
eastern_michigan,Eastern Michigan,2025-26,2025,49.7191011236,2025-08-01,2024.0000000000,2023.0000000000,unknown,,undated,,no_direct_evidence,Unknown,Unknown,7.5842696629,21.4887640449
eastern_washington,Eastern Washington,2025-26,2025,7.8651685393,2025-08-01,2024.0000000000,2023.0000000000,unknown,,undated,,no_direct_evidence,Unknown,Unknown,7.5842696629,21.4887640449
elon,Elon,2025-26,2025,55.0561797753,2025-08-01,2024.0000000000,2023.0000000000,unknown,,undated,,no_direct_evidence,Unknown,CAA,39.1853932584,6.4606741573
evansville,Evansville,2025-26,2025,7.8651685393,2025-08-01,2024.0000000000,2023.0000000000,unknown,,undated,,no_direct_evidence,Unknown,Missouri Valley,22.6123595506,44.1011235955
fairfield,Fairfield,2025-26,2025,60.5337078652,2025-08-01,2024.0000000000,2023.0000000000,unknown,,undated,,no_direct_evidence,Unknown,MAAC,71.6292134831,56.3202247191
fairleigh_dickinson,Fairleigh Dickinson,2025-26,2025,40.4494382022,2025-08-01,2024.0000000000,2023.0000000000,unknown,,undated,,no_direct_evidence,Unknown,Northeast,67.1348314607,48.0337078652
florida,Florida,2025-26,2025,98.5955056180,2025-08-01,2024.0000000000,2023.0000000000,unknown,2025-08-06,explicit_source_date,https://floridagators.com/sports/2025/8/6/overview-name-image-likeness,published_after_cutoff,Unknown,SEC,98.3146067416,99.1573033708
florida_a_m,Florida A&M,2025-26,2025,34.9719101124,2025-08-01,2024.0000000000,2023.0000000000,unknown,,undated,,no_direct_evidence,Unknown,SWAC,39.1853932584,33.0056179775
florida_atlantic,Florida Atlantic,2025-26,2025,21.6292134831,2025-08-01,2024.0000000000,2023.0000000000,unknown,,undated,,no_direct_evidence,Unknown,American,58.9887640449,37.0786516854
florida_gulf_coast,Florida Gulf Coast,2025-26,2025,16.0112359551,2025-08-01,2024.0000000000,2023.0000000000,unknown,,undated,,no_direct_evidence,Unknown,ASUN,50.0000000000,59.1292134831
florida_international,Florida International,2025-26,2025,27.9494382022,2025-08-01,2024.0000000000,2023.0000000000,unknown,,undated,,no_direct_evidence,Unknown,Conference USA,40.1685393258,48.0337078652
florida_state,Florida State,2025-26,2025,88.7640449438,2025-08-01,2024.0000000000,2023.0000000000,A,2024-01-15,date_in_source_url,https://seminoles.com/documents/download/2024/1/15/Florida_State_University_Department_of_Intercollegiate_Athletics_FY23.pdf,eligible_direct_preseason,Nike,ACC,92.4157303371,96.9101123596
fordham,Fordham,2025-26,2025,48.7359550562,2025-08-01,2024.0000000000,2023.0000000000,unknown,,undated,,no_direct_evidence,Unknown,Atlantic 10,49.1573033708,21.4887640449
fresno_state,Fresno State,2025-26,2025,40.8707865169,2025-08-01,2024.0000000000,2023.0000000000,unknown,,undated,,no_direct_evidence,Unknown,Mountain West,61.5168539326,67.6966292135
furman,Furman,2025-26,2025,62.3595505618,2025-08-01,2024.0000000000,2023.0000000000,unknown,,undated,,no_direct_evidence,Unknown,SoCon,73.3146067416,61.0955056180
gardner_webb,Gardner-Webb,2025-26,2025,31.0393258427,2025-08-01,2024.0000000000,2023.0000000000,unknown,,undated,,no_direct_evidence,Unknown,Big South,47.0505617978,31.7415730337
george_mason,George Mason,2025-26,2025,29.4943820225,2025-08-01,2024.0000000000,2023.0000000000,unknown,,undated,,no_direct_evidence,Unknown,Atlantic 10,30.1966292135,26.9662921348
george_washington,George Washington,2025-26,2025,7.8651685393,2025-08-01,2024.0000000000,2023.0000000000,unknown,,undated,,no_direct_evidence,Unknown,Unknown,7.5842696629,29.7752808989
georgetown,Georgetown,2025-26,2025,80.0561797753,2025-08-01,2024.0000000000,2023.0000000000,unknown,,undated,,no_direct_evidence,Unknown,Big East,82.3033707865,85.3932584270
georgia,Georgia,2025-26,2025,98.0337078652,2025-08-01,2024.0000000000,2023.0000000000,unknown,,undated,,no_direct_evidence,Unknown,SEC,96.3483146067,95.7865168539
georgia_southern,Georgia Southern,2025-26,2025,43.1179775281,2025-08-01,2024.0000000000,2023.0000000000,unknown,,undated,,no_direct_evidence,Unknown,Sun Belt,63.2022471910,21.4887640449
georgia_state,Georgia State,2025-26,2025,21.6292134831,2025-08-01,2024.0000000000,2023.0000000000,unknown,,undated,,no_direct_evidence,Unknown,Sun Belt,22.6123595506,53.7921348315
georgia_tech,Georgia Tech,2025-26,2025,75.0000000000,2025-08-01,2024.0000000000,2023.0000000000,unknown,,undated,https://www.ajc.com/sports/2025/10/georgia-tech-switching-to-under-armour-for-uniforms-apparel/,undated_or_invalid,Unknown,ACC,80.3370786517,79.4943820225
gonzaga,Gonzaga,2025-26,2025,46.4887640449,2025-08-01,2024.0000000000,2023.0000000000,unknown,,undated,,no_direct_evidence,Unknown,WCC,59.6910112360,78.5112359551
grambling_state,Grambling State,2025-26,2025,21.6292134831,2025-08-01,2024.0000000000,2023.0000000000,unknown,,undated,,no_direct_evidence,Unknown,Unknown,7.5842696629,48.0337078652
grand_canyon,Grand Canyon,2025-26,2025,66.2921348315,2025-08-01,2024.0000000000,2023.0000000000,unknown,,undated,,no_direct_evidence,Unknown,WAC,61.7977528090,79.2134831461
harvard,Harvard,2025-26,2025,86.7977528090,2025-08-01,2024.0000000000,2023.0000000000,unknown,,undated,,no_direct_evidence,Unknown,Ivy League,90.1685393258,92.1348314607
hawaii,Hawaii,2025-26,2025,74.4382022472,2025-08-01,2024.0000000000,2023.0000000000,unknown,,undated,,no_direct_evidence,Unknown,Big West,72.4719101124,70.6460674157
high_point,High Point,2025-26,2025,75.4213483146,2025-08-01,2024.0000000000,2023.0000000000,unknown,,undated,,no_direct_evidence,Unknown,Big South,45.5056179775,66.0112359551
hofstra,Hofstra,2025-26,2025,52.1067415730,2025-08-01,2024.0000000000,2023.0000000000,unknown,,undated,,no_direct_evidence,Unknown,CAA,49.1573033708,44.1011235955
holy_cross,Holy Cross,2025-26,2025,34.9719101124,2025-08-01,2024.0000000000,2023.0000000000,unknown,,undated,,no_direct_evidence,Unknown,Patriot,22.6123595506,21.4887640449
houston,Houston,2025-26,2025,75.4213483146,2025-08-01,2024.0000000000,2023.0000000000,unknown,2025-10-01,explicit_source_date,https://web.archive.org/web/20251001185258/https://uhcougars.com/,published_after_cutoff,Unknown,Big 12,80.0561797753,83.9887640449
houston_christian,Houston Christian,2025-26,2025,21.6292134831,2025-08-01,2024.0000000000,2023.0000000000,unknown,,undated,,no_direct_evidence,Unknown,Southland,22.6123595506,6.4606741573
howard,Howard,2025-26,2025,62.0786516854,2025-08-01,2024.0000000000,2023.0000000000,unknown,,undated,,no_direct_evidence,Unknown,MEAC,53.9325842697,39.6067415730
idaho,Idaho,2025-26,2025,34.9719101124,2025-08-01,2024.0000000000,2023.0000000000,unknown,,undated,,no_direct_evidence,Unknown,Big Sky,42.6966292135,55.1966292135
idaho_state,Idaho State,2025-26,2025,21.6292134831,2025-08-01,2024.0000000000,2023.0000000000,unknown,,undated,,no_direct_evidence,Unknown,Unknown,7.5842696629,6.4606741573
illinois,Illinois,2025-26,2025,91.5730337079,2025-08-01,2024.0000000000,2023.0000000000,A,2016-01-15,date_in_source_url,https://fightingillini.com/news/2016/1/15/GEN_0115160058,eligible_direct_preseason,Nike,Big Ten,91.5730337079,89.8876404494
illinois_chicago,Illinois Chicago,2025-26,2025,34.9719101124,2025-08-01,2024.0000000000,2023.0000000000,unknown,,undated,,no_direct_evidence,Unknown,Missouri Valley,22.6123595506,6.4606741573
illinois_state,Illinois State,2025-26,2025,64.3258426966,2025-08-01,2024.0000000000,2023.0000000000,unknown,,undated,,no_direct_evidence,Unknown,Missouri Valley,54.2134831461,13.6235955056
incarnate_word,Incarnate Word,2025-26,2025,27.9494382022,2025-08-01,2024.0000000000,2023.0000000000,unknown,,undated,,no_direct_evidence,Unknown,Southland,66.0112359551,40.1685393258
indiana,Indiana,2025-26,2025,87.0786516854,2025-08-01,2024.0000000000,2023.0000000000,unknown,,undated,https://www.thedailyhoosier.com/iu-athletics-and-adidas-finalize-10-year-contract-extension/,undated_or_invalid,Unknown,Big Ten,85.9550561798,88.7640449438
indiana_state,Indiana State,2025-26,2025,26.2640449438,2025-08-01,2024.0000000000,2023.0000000000,unknown,,undated,,no_direct_evidence,Unknown,Unknown,7.5842696629,37.0786516854
iona,Iona,2025-26,2025,32.4438202247,2025-08-01,2024.0000000000,2023.0000000000,unknown,,undated,,no_direct_evidence,Unknown,MAAC,37.3595505618,45.5056179775
iowa,Iowa,2025-26,2025,89.8876404494,2025-08-01,2024.0000000000,2023.0000000000,unknown,2025-08-08,explicit_source_date,https://storage.googleapis.com/hawkeyesports-prod/2025/08/08/lHevgLs5g2dEn9QRHyw3s8aAr2N1LOMtmBm9UyIC.pdf,published_after_cutoff,Unknown,Big Ten,83.7078651685,82.3033707865
iowa_state,Iowa State,2025-26,2025,88.2022471910,2025-08-01,2024.0000000000,2023.0000000000,unknown,,undated,,no_direct_evidence,Unknown,Big 12,84.5505617978,90.4494382022
ipfw,IPFW,2025-26,2025,7.8651685393,2025-08-01,2024.0000000000,2023.0000000000,unknown,,undated,,no_direct_evidence,Unknown,Unknown,7.5842696629,6.4606741573
iupui,IUPUI,2025-26,2025,26.2640449438,2025-08-01,2024.0000000000,2023.0000000000,unknown,,undated,,no_direct_evidence,Unknown,Unknown,7.5842696629,6.4606741573
jackson_state,Jackson State,2025-26,2025,7.8651685393,2025-08-01,2024.0000000000,2023.0000000000,unknown,,undated,,no_direct_evidence,Unknown,SWAC,44.2415730337,48.0337078652
jacksonville,Jacksonville,2025-26,2025,62.7808988764,2025-08-01,2024.0000000000,2023.0000000000,unknown,,undated,,no_direct_evidence,Unknown,Unknown,7.5842696629,28.5112359551
jacksonville_state,Jacksonville State,2025-26,2025,73.5955056180,2025-08-01,2024.0000000000,2023.0000000000,unknown,,undated,,no_direct_evidence,Unknown,Conference USA,60.5337078652,65.5898876404
james_madison,James Madison,2025-26,2025,64.6067415730,2025-08-01,2024.0000000000,2023.0000000000,unknown,,undated,,no_direct_evidence,Unknown,Sun Belt,53.3707865169,78.5112359551
kansas,Kansas,2025-26,2025,86.5168539326,2025-08-01,2024.0000000000,2023.0000000000,unknown,,undated,https://news.adidas.com/sports-performance/adidas-and-university-of-kansas-announce-an-extension-in-their-long-term-partnership/s/75f006e9-ed57-4ba1-b3fe-ddc1372145ff,undated_or_invalid,Unknown,Big 12,82.0224719101,82.8651685393
kansas_state,Kansas State,2025-26,2025,80.6179775281,2025-08-01,2024.0000000000,2023.0000000000,unknown,,undated,https://www.kansas.com/sports/college/big-12/kansas-state/article285714486.html,undated_or_invalid,Unknown,Big 12,78.0898876404,73.3146067416
kennesaw_state,Kennesaw State,2025-26,2025,48.0337078652,2025-08-01,2024.0000000000,2023.0000000000,unknown,,undated,,no_direct_evidence,Unknown,Unknown,7.5842696629,14.7471910112
kent_state,Kent State,2025-26,2025,30.0561797753,2025-08-01,2024.0000000000,2023.0000000000,unknown,,undated,,no_direct_evidence,Unknown,MAC,45.5056179775,55.8988764045
kentucky,Kentucky,2025-26,2025,92.6966292135,2025-08-01,2024.0000000000,2023.0000000000,unknown,,undated,https://www.kentucky.com/sports/college/kentucky-sports/article311623013.html,undated_or_invalid,Unknown,SEC,91.8539325843,91.2921348315
la_salle,La Salle,2025-26,2025,7.8651685393,2025-08-01,2024.0000000000,2023.0000000000,unknown,,undated,,no_direct_evidence,Unknown,Unknown,7.5842696629,6.4606741573
lafayette,Lafayette,2025-26,2025,21.6292134831,2025-08-01,2024.0000000000,2023.0000000000,unknown,,undated,,no_direct_evidence,Unknown,Patriot,31.1797752809,21.4887640449
lamar,Lamar,2025-26,2025,34.9719101124,2025-08-01,2024.0000000000,2023.0000000000,unknown,,undated,,no_direct_evidence,Unknown,Unknown,7.5842696629,21.4887640449
lehigh,Lehigh,2025-26,2025,71.9101123596,2025-08-01,2024.0000000000,2023.0000000000,unknown,,undated,,no_direct_evidence,Unknown,Patriot,63.6235955056,57.3033707865
liberty,Liberty,2025-26,2025,75.8426966292,2025-08-01,2024.0000000000,2023.0000000000,unknown,,undated,,no_direct_evidence,Unknown,Conference USA,73.0337078652,67.1348314607
lindenwood,Lindenwood,2025-26,2025,44.8033707865,2025-08-01,2024.0000000000,2023.0000000000,unknown,,undated,,no_direct_evidence,Unknown,Unknown,7.5842696629,6.4606741573
lipscomb,Lipscomb,2025-26,2025,55.8988764045,2025-08-01,2024.0000000000,2023.0000000000,unknown,,undated,,no_direct_evidence,Unknown,ASUN,55.8988764045,62.3595505618
liu_brooklyn,LIU Brooklyn,2025-26,2025,66.7134831461,2025-08-01,2024.0000000000,2023.0000000000,unknown,,undated,,no_direct_evidence,Unknown,Northeast,58.7078651685,64.8876404494
long_beach_state,Long Beach State,2025-26,2025,70.5056179775,2025-08-01,2024.0000000000,2023.0000000000,unknown,,undated,,no_direct_evidence,Unknown,Big West,70.2247191011,75.8426966292
longwood,Longwood,2025-26,2025,7.8651685393,2025-08-01,2024.0000000000,2023.0000000000,unknown,,undated,,no_direct_evidence,Unknown,Unknown,7.5842696629,21.4887640449
louisiana,Louisiana,2025-26,2025,46.4887640449,2025-08-01,2024.0000000000,2023.0000000000,unknown,,undated,,no_direct_evidence,Unknown,Sun Belt,22.6123595506,61.7977528090
louisiana_monroe,Louisiana Monroe,2025-26,2025,26.6853932584,2025-08-01,2024.0000000000,2023.0000000000,unknown,,undated,,no_direct_evidence,Unknown,Sun Belt,15.8707865169,15.7303370787
louisiana_tech,Louisiana Tech,2025-26,2025,57.3033707865,2025-08-01,2024.0000000000,2023.0000000000,unknown,,undated,,no_direct_evidence,Unknown,Conference USA,44.2415730337,53.7921348315
louisville,Louisville,2025-26,2025,92.1348314607,2025-08-01,2024.0000000000,2023.0000000000,A,2017-08-25,date_in_source_url,https://gocards.com/news/2017/8/25/general-louisville-adidas-strike-landmark-10-year-partnership-through-2027-28,eligible_direct_preseason,adidas,ACC,89.8876404494,86.5168539326
loyola_chicago,Loyola Chicago,2025-26,2025,57.8651685393,2025-08-01,2024.0000000000,2023.0000000000,unknown,,undated,,no_direct_evidence,Unknown,Atlantic 10,64.1853932584,27.2471910112
loyola_maryland,Loyola Maryland,2025-26,2025,21.6292134831,2025-08-01,2024.0000000000,2023.0000000000,unknown,,undated,,no_direct_evidence,Unknown,Patriot,27.3876404494,41.0112359551
loyola_marymount,Loyola Marymount,2025-26,2025,60.5337078652,2025-08-01,2024.0000000000,2023.0000000000,unknown,,undated,,no_direct_evidence,Unknown,WCC,73.8764044944,67.9775280899
lsu,LSU,2025-26,2025,95.2247191011,2025-08-01,2024.0000000000,2023.0000000000,unknown,,undated,https://about.nike.com/en/newsroom/releases/nike-lsu-partnership-extension,undated_or_invalid,Unknown,SEC,95.5056179775,96.6292134831
maine,Maine,2025-26,2025,21.6292134831,2025-08-01,2024.0000000000,2023.0000000000,unknown,,undated,,no_direct_evidence,Unknown,America East,35.1123595506,48.0337078652
manhattan,Manhattan,2025-26,2025,7.8651685393,2025-08-01,2024.0000000000,2023.0000000000,unknown,,undated,,no_direct_evidence,Unknown,Unknown,7.5842696629,6.4606741573
marist,Marist,2025-26,2025,43.1179775281,2025-08-01,2024.0000000000,2023.0000000000,unknown,,undated,,no_direct_evidence,Unknown,MAAC,28.7921348315,6.4606741573
marquette,Marquette,2025-26,2025,34.9719101124,2025-08-01,2024.0000000000,2023.0000000000,unknown,,undated,,no_direct_evidence,Unknown,Big East,60.9550561798,64.0449438202
marshall,Marshall,2025-26,2025,51.1235955056,2025-08-01,2024.0000000000,2023.0000000000,unknown,,undated,,no_direct_evidence,Unknown,Sun Belt,51.8258426966,59.5505617978
maryland,Maryland,2025-26,2025,80.3370786517,2025-08-01,2024.0000000000,2023.0000000000,unknown,,undated,https://about.underarmour.com/en/stories/2024/06/university-of-maryland-and-under-armour-announce-12-year-extensi.html,undated_or_invalid,Unknown,Big Ten,84.2696629213,83.1460674157
maryland_eastern_shore,Maryland Eastern Shore,2025-26,2025,7.8651685393,2025-08-01,2024.0000000000,2023.0000000000,unknown,,undated,,no_direct_evidence,Unknown,Unknown,7.5842696629,33.0056179775
massachusetts,Massachusetts,2025-26,2025,38.7640449438,2025-08-01,2024.0000000000,2023.0000000000,unknown,,undated,,no_direct_evidence,Unknown,Atlantic 10,76.6853932584,37.0786516854
massachusetts_lowell,Massachusetts Lowell,2025-26,2025,7.8651685393,2025-08-01,2024.0000000000,2023.0000000000,unknown,,undated,,no_direct_evidence,Unknown,America East,15.8707865169,6.4606741573
mcneese_state,McNeese State,2025-26,2025,34.9719101124,2025-08-01,2024.0000000000,2023.0000000000,unknown,,undated,,no_direct_evidence,Unknown,Southland,35.1123595506,21.4887640449
memphis,Memphis,2025-26,2025,61.3764044944,2025-08-01,2024.0000000000,2023.0000000000,unknown,,undated,,no_direct_evidence,Unknown,American,55.8988764045,74.4382022472
mercer,Mercer,2025-26,2025,48.3146067416,2025-08-01,2024.0000000000,2023.0000000000,unknown,,undated,,no_direct_evidence,Unknown,SoCon,64.8876404494,56.8820224719
merrimack,Merrimack,2025-26,2025,21.6292134831,2025-08-01,2024.0000000000,2023.0000000000,unknown,,undated,,no_direct_evidence,Unknown,Unknown,7.5842696629,33.0056179775
miami_fl,Miami (FL),2025-26,2025,84.2696629213,2025-08-01,2024.0000000000,2023.0000000000,A,2021-02-15,date_in_source_url,https://miamihurricanes.com/news/2021/02/15/championship-colors,eligible_direct_preseason,adidas,ACC,84.8314606742,81.4606741573
miami_oh,Miami (OH),2025-26,2025,67.6966292135,2025-08-01,2024.0000000000,2023.0000000000,unknown,,undated,,no_direct_evidence,Unknown,MAC,68.6797752809,66.2921348315
michigan,Michigan,2025-26,2025,97.7528089888,2025-08-01,2024.0000000000,2023.0000000000,unknown,,undated,https://finance.umich.edu/reports/2016/category/athletics/,undated_or_invalid,Unknown,Big Ten,96.6292134831,98.0337078652
michigan_state,Michigan State,2025-26,2025,85.6741573034,2025-08-01,2024.0000000000,2023.0000000000,unknown,,undated,https://spartanavenue.com/posts/michigan-state-and-nike-strike-deal-to-extend-contract-01j364s62zn9,undated_or_invalid,Unknown,Big Ten,86.7977528090,88.4831460674
middle_tennessee_state,Middle Tennessee State,2025-26,2025,42.1348314607,2025-08-01,2024.0000000000,2023.0000000000,unknown,,undated,,no_direct_evidence,Unknown,Conference USA,22.6123595506,56.3202247191
minnesota,Minnesota,2025-26,2025,91.2921348315,2025-08-01,2024.0000000000,2023.0000000000,unknown,,undated,https://regents.umn.edu/sites/regents.umn.edu/files/2023-02/minutes-dec2022.pdf,undated_or_invalid,Unknown,Big Ten,89.3258426966,89.0449438202
mississippi_state,Mississippi State,2025-26,2025,83.1460674157,2025-08-01,2024.0000000000,2023.0000000000,unknown,2025-10-02,explicit_source_date,https://web.archive.org/web/20251002011106/https://hailstate.com/,published_after_cutoff,Unknown,SEC,87.3595505618,83.4269662921
missouri,Missouri,2025-26,2025,82.0224719101,2025-08-01,2024.0000000000,2023.0000000000,unknown,2025-09-16,explicit_source_date,https://mutigers.com/documents/download/2025/9/16/GameNotes_FULL_USC_G4.pdf,published_after_cutoff,Unknown,SEC,86.2359550562,84.8314606742
missouri_state,Missouri State,2025-26,2025,46.4887640449,2025-08-01,2024.0000000000,2023.0000000000,unknown,,undated,,no_direct_evidence,Unknown,Missouri Valley,47.0505617978,37.0786516854
monmouth,Monmouth,2025-26,2025,7.8651685393,2025-08-01,2024.0000000000,2023.0000000000,unknown,,undated,,no_direct_evidence,Unknown,Unknown,7.5842696629,6.4606741573
montana,Montana,2025-26,2025,57.0224719101,2025-08-01,2024.0000000000,2023.0000000000,unknown,,undated,,no_direct_evidence,Unknown,Big Sky,53.3707865169,53.7921348315
montana_state,Montana State,2025-26,2025,71.4887640449,2025-08-01,2024.0000000000,2023.0000000000,unknown,,undated,,no_direct_evidence,Unknown,Big Sky,71.9101123596,72.7528089888
morehead_state,Morehead State,2025-26,2025,7.8651685393,2025-08-01,2024.0000000000,2023.0000000000,unknown,,undated,,no_direct_evidence,Unknown,OVC,40.4494382022,37.0786516854
morgan_state,Morgan State,2025-26,2025,31.0393258427,2025-08-01,2024.0000000000,2023.0000000000,unknown,,undated,,no_direct_evidence,Unknown,Unknown,7.5842696629,21.4887640449
mount_st_mary_s,Mount St. Mary's,2025-26,2025,7.8651685393,2025-08-01,2024.0000000000,2023.0000000000,unknown,,undated,,no_direct_evidence,Unknown,MAAC,22.6123595506,6.4606741573
murray_state,Murray State,2025-26,2025,27.9494382022,2025-08-01,2024.0000000000,2023.0000000000,unknown,,undated,,no_direct_evidence,Unknown,Missouri Valley,57.5842696629,21.4887640449
navy,Navy,2025-26,2025,79.7752808989,2025-08-01,2024.0000000000,2023.0000000000,unknown,,undated,,no_direct_evidence,Unknown,Patriot,72.7528089888,71.6292134831
nebraska,Nebraska,2025-26,2025,95.5056179775,2025-08-01,2024.0000000000,2023.0000000000,A,2017-08-11,date_in_source_url,https://huskers.com/news/2017/08/11/adidas-and-nebraska-renew-partnership-to-2028,eligible_direct_preseason,adidas,Big Ten,94.3820224719,94.1011235955
nebraska_omaha,Nebraska Omaha,2025-26,2025,7.8651685393,2025-08-01,2024.0000000000,2023.0000000000,unknown,,undated,,no_direct_evidence,Unknown,Summit,41.0112359551,61.7977528090
nevada,Nevada,2025-26,2025,58.5674157303,2025-08-01,2024.0000000000,2023.0000000000,unknown,,undated,,no_direct_evidence,Unknown,Mountain West,31.1797752809,42.5561797753
new_hampshire,New Hampshire,2025-26,2025,65.0280898876,2025-08-01,2024.0000000000,2023.0000000000,unknown,,undated,,no_direct_evidence,Unknown,America East,59.2696629213,62.6404494382
new_mexico,New Mexico,2025-26,2025,83.9887640449,2025-08-01,2024.0000000000,2023.0000000000,A,2023-10-12,date_in_source_url,https://golobos.com/news/2023/10/12/lobos-nike-announce-extension-through-2027,eligible_direct_preseason,Nike,Mountain West,86.5168539326,75.5617977528
new_mexico_state,New Mexico State,2025-26,2025,7.8651685393,2025-08-01,2024.0000000000,2023.0000000000,unknown,,undated,,no_direct_evidence,Unknown,Conference USA,26.4044943820,21.4887640449
new_orleans,New Orleans,2025-26,2025,7.8651685393,2025-08-01,2024.0000000000,2023.0000000000,unknown,,undated,,no_direct_evidence,Unknown,Southland,22.6123595506,6.4606741573
niagara,Niagara,2025-26,2025,7.8651685393,2025-08-01,2024.0000000000,2023.0000000000,unknown,,undated,,no_direct_evidence,Unknown,Unknown,7.5842696629,37.0786516854
nicholls_state,Nicholls State,2025-26,2025,7.8651685393,2025-08-01,2024.0000000000,2023.0000000000,unknown,,undated,,no_direct_evidence,Unknown,Unknown,7.5842696629,37.0786516854
njit,NJIT,2025-26,2025,37.3595505618,2025-08-01,2024.0000000000,2023.0000000000,unknown,,undated,,no_direct_evidence,Unknown,America East,29.7752808989,21.4887640449
norfolk_state,Norfolk State,2025-26,2025,7.8651685393,2025-08-01,2024.0000000000,2023.0000000000,unknown,,undated,,no_direct_evidence,Unknown,MEAC,35.1123595506,21.4887640449
north_alabama,North Alabama,2025-26,2025,7.8651685393,2025-08-01,2024.0000000000,2023.0000000000,unknown,,undated,,no_direct_evidence,Unknown,ASUN,22.6123595506,6.4606741573
north_carolina,North Carolina,2025-26,2025,99.1573033708,2025-08-01,2024.0000000000,2023.0000000000,A,2018-12-18,date_in_source_url,https://goheels.com/news/2018/12/18/general-carolina-announces-contract-extension-for-williams,eligible_direct_preseason,Nike,ACC,99.1573033708,98.3146067416
north_carolina_a_t,North Carolina A&T,2025-26,2025,64.0449438202,2025-08-01,2024.0000000000,2023.0000000000,unknown,,undated,,no_direct_evidence,Unknown,CAA,42.6966292135,33.0056179775
north_carolina_asheville,North Carolina Asheville,2025-26,2025,7.8651685393,2025-08-01,2024.0000000000,2023.0000000000,unknown,,undated,,no_direct_evidence,Unknown,Unknown,7.5842696629,37.0786516854
north_carolina_central,North Carolina Central,2025-26,2025,7.8651685393,2025-08-01,2024.0000000000,2023.0000000000,unknown,,undated,,no_direct_evidence,Unknown,Unknown,7.5842696629,21.4887640449
north_carolina_greensboro,North Carolina Greensboro,2025-26,2025,55.6179775281,2025-08-01,2024.0000000000,2023.0000000000,unknown,,undated,,no_direct_evidence,Unknown,SoCon,22.6123595506,30.4775280899
north_carolina_state,North Carolina State,2025-26,2025,94.1011235955,2025-08-01,2024.0000000000,2023.0000000000,unknown,,undated,https://www.on3.com/teams/nc-state-wolfpack/news/exclusive-nc-state-extends-partnership-with-adidas-runs-through-2032/,undated_or_invalid,Unknown,ACC,94.6629213483,94.3820224719
north_carolina_wilmington,North Carolina Wilmington,2025-26,2025,17.1348314607,2025-08-01,2024.0000000000,2023.0000000000,unknown,,undated,,no_direct_evidence,Unknown,CAA,35.1123595506,52.5280898876
north_dakota,North Dakota,2025-26,2025,68.8202247191,2025-08-01,2024.0000000000,2023.0000000000,unknown,,undated,,no_direct_evidence,Unknown,Summit,17.9775280899,37.0786516854
north_dakota_state,North Dakota State,2025-26,2025,67.4157303371,2025-08-01,2024.0000000000,2023.0000000000,unknown,,undated,,no_direct_evidence,Unknown,Summit,70.6460674157,59.1292134831
north_florida,North Florida,2025-26,2025,50.2808988764,2025-08-01,2024.0000000000,2023.0000000000,unknown,,undated,,no_direct_evidence,Unknown,ASUN,68.2584269663,59.8314606742
north_texas,North Texas,2025-26,2025,38.4831460674,2025-08-01,2024.0000000000,2023.0000000000,unknown,,undated,,no_direct_evidence,Unknown,American,22.6123595506,30.4775280899
northeastern,Northeastern,2025-26,2025,69.6629213483,2025-08-01,2024.0000000000,2023.0000000000,unknown,,undated,,no_direct_evidence,Unknown,CAA,46.0674157303,42.9775280899
northern_arizona,Northern Arizona,2025-26,2025,79.2134831461,2025-08-01,2024.0000000000,2023.0000000000,unknown,,undated,,no_direct_evidence,Unknown,Big Sky,78.9325842697,80.6179775281
northern_colorado,Northern Colorado,2025-26,2025,29.7752808989,2025-08-01,2024.0000000000,2023.0000000000,unknown,,undated,,no_direct_evidence,Unknown,Big Sky,50.8426966292,41.7134831461
northern_illinois,Northern Illinois,2025-26,2025,41.7134831461,2025-08-01,2024.0000000000,2023.0000000000,unknown,,undated,,no_direct_evidence,Unknown,MAC,41.7134831461,33.0056179775
northern_iowa,Northern Iowa,2025-26,2025,70.7865168539,2025-08-01,2024.0000000000,2023.0000000000,unknown,,undated,,no_direct_evidence,Unknown,Missouri Valley,67.8370786517,52.2471910112
northern_kentucky,Northern Kentucky,2025-26,2025,21.6292134831,2025-08-01,2024.0000000000,2023.0000000000,unknown,,undated,,no_direct_evidence,Unknown,Unknown,7.5842696629,21.4887640449
northwestern,Northwestern,2025-26,2025,87.3595505618,2025-08-01,2024.0000000000,2023.0000000000,unknown,,undated,https://about.underarmour.com/en/stories/2025/03/under-armour-and-northwestern-university-announce-extension-of-p.html,undated_or_invalid,Unknown,Big Ten,85.1123595506,89.3258426966
northwestern_state,Northwestern State,2025-26,2025,7.8651685393,2025-08-01,2024.0000000000,2023.0000000000,unknown,,undated,,no_direct_evidence,Unknown,Unknown,7.5842696629,13.6235955056
notre_dame,Notre Dame,2025-26,2025,94.9438202247,2025-08-01,2024.0000000000,2023.0000000000,unknown,,undated,https://about.underarmour.com/en/stories/2023/08/under-armour-and-notre-dame-march-on-together-.html,undated_or_invalid,Unknown,ACC,90.4494382022,97.1910112360
oakland,Oakland,2025-26,2025,16.0112359551,2025-08-01,2024.0000000000,2023.0000000000,unknown,,undated,,no_direct_evidence,Unknown,Horizon League,15.8707865169,42.1348314607
ohio,Ohio,2025-26,2025,44.1011235955,2025-08-01,2024.0000000000,2023.0000000000,unknown,,undated,,no_direct_evidence,Unknown,MAC,54.4943820225,60.6741573034
ohio_state,Ohio State,2025-26,2025,97.4719101124,2025-08-01,2024.0000000000,2023.0000000000,A,2016-01-14,date_in_source_url,https://ohiostatebuckeyes.com/news/2016/1/14/ohio-state-and-nike-sign-groundbreaking-college-partnership,eligible_direct_preseason,Nike,Big Ten,98.0337078652,96.0674157303
oklahoma,Oklahoma,2025-26,2025,95.7865168539,2025-08-01,2024.0000000000,2023.0000000000,unknown,,undated,https://www.oudaily.com/sports/oklahoma-sports-ou-contract-with-nike-jordan-brand-worth-near-70-million/article_b59e45c0-911b-11e8-8d0b-43bb3d5f5abf.html,undated_or_invalid,Unknown,SEC,97.7528089888,93.5393258427
oklahoma_state,Oklahoma State,2025-26,2025,92.4157303371,2025-08-01,2024.0000000000,2023.0000000000,unknown,,undated,,no_direct_evidence,Unknown,Big 12,92.1348314607,94.9438202247
old_dominion,Old Dominion,2025-26,2025,60.5337078652,2025-08-01,2024.0000000000,2023.0000000000,unknown,,undated,,no_direct_evidence,Unknown,Sun Belt,35.1123595506,69.9438202247
ole_miss,Ole Miss,2025-26,2025,90.7303370787,2025-08-01,2024.0000000000,2023.0000000000,A,2015-08-31,date_in_source_url,https://olemisssports.com/news/2015/8/31/Ole_Miss_Makes_Major_Announcements,eligible_direct_preseason,Nike,SEC,92.6966292135,89.6067415730
oral_roberts,Oral Roberts,2025-26,2025,27.9494382022,2025-08-01,2024.0000000000,2023.0000000000,unknown,,undated,,no_direct_evidence,Unknown,Summit,18.2584269663,21.4887640449
oregon,Oregon,2025-26,2025,93.8202247191,2025-08-01,2024.0000000000,2023.0000000000,unknown,,undated,https://trustees.uoregon.edu/sites/default/files/minutes_-_full_bot_12.08.17.pdf,undated_or_invalid,Unknown,Big Ten,95.2247191011,92.4157303371
oregon_state,Oregon State,2025-26,2025,77.2471910112,2025-08-01,2024.0000000000,2023.0000000000,unknown,,undated,,no_direct_evidence,Unknown,Pac-12,79.2134831461,82.5842696629
pacific,Pacific,2025-26,2025,7.8651685393,2025-08-01,2024.0000000000,2023.0000000000,unknown,,undated,,no_direct_evidence,Unknown,WCC,16.8539325843,6.4606741573
penn_state,Penn State,2025-26,2025,94.3820224719,2025-08-01,2024.0000000000,2023.0000000000,unknown,,undated,https://www.centredaily.com/sports/college/penn-state-university/article316333759.html,undated_or_invalid,Unknown,Big Ten,95.7865168539,93.8202247191
pennsylvania,Pennsylvania,2025-26,2025,81.4606741573,2025-08-01,2024.0000000000,2023.0000000000,unknown,,undated,,no_direct_evidence,Unknown,Ivy League,81.1797752809,85.6741573034
pepperdine,Pepperdine,2025-26,2025,81.1797752809,2025-08-01,2024.0000000000,2023.0000000000,unknown,,undated,,no_direct_evidence,Unknown,WCC,78.6516853933,75.1404494382
pittsburgh,Pittsburgh,2025-26,2025,76.6853932584,2025-08-01,2024.0000000000,2023.0000000000,A,2023-07-06,date_in_source_url,https://pittsburghpanthers.com/news/2023/7/6/general-pitt-extends-partnership-with-nike-through-2026,eligible_direct_preseason,Nike,ACC,79.4943820225,77.8089887640
portland,Portland,2025-26,2025,55.0561797753,2025-08-01,2024.0000000000,2023.0000000000,unknown,,undated,,no_direct_evidence,Unknown,WCC,50.5617977528,65.1685393258
portland_state,Portland State,2025-26,2025,7.8651685393,2025-08-01,2024.0000000000,2023.0000000000,unknown,,undated,,no_direct_evidence,Unknown,Unknown,7.5842696629,6.4606741573
prairie_view_a_m,Prairie View A&M,2025-26,2025,40.0280898876,2025-08-01,2024.0000000000,2023.0000000000,unknown,,undated,,no_direct_evidence,Unknown,SWAC,22.6123595506,6.4606741573
presbyterian_college,Presbyterian College,2025-26,2025,48.7359550562,2025-08-01,2024.0000000000,2023.0000000000,unknown,,undated,,no_direct_evidence,Unknown,Unknown,7.5842696629,21.4887640449
princeton,Princeton,2025-26,2025,94.6629213483,2025-08-01,2024.0000000000,2023.0000000000,unknown,,undated,,no_direct_evidence,Unknown,Ivy League,91.0112359551,90.7303370787
providence,Providence,2025-26,2025,52.8089887640,2025-08-01,2024.0000000000,2023.0000000000,unknown,,undated,,no_direct_evidence,Unknown,Big East,75.8426966292,73.5955056180
purdue,Purdue,2025-26,2025,82.8651685393,2025-08-01,2024.0000000000,2023.0000000000,unknown,2025-11-15,explicit_source_date,https://web.archive.org/web/20251115235824/https://purduesports.com/,published_after_cutoff,Unknown,Big Ten,85.3932584270,82.0224719101
queens_n_c,Queens (N.C.),2025-26,2025,21.6292134831,2025-08-01,2024.0000000000,2023.0000000000,unknown,,undated,,no_direct_evidence,Unknown,Unknown,7.5842696629,6.4606741573
quinnipiac,Quinnipiac,2025-26,2025,69.3820224719,2025-08-01,2024.0000000000,2023.0000000000,unknown,,undated,,no_direct_evidence,Unknown,MAAC,49.1573033708,58.4269662921
radford,Radford,2025-26,2025,7.8651685393,2025-08-01,2024.0000000000,2023.0000000000,unknown,,undated,,no_direct_evidence,Unknown,Big South,15.8707865169,21.4887640449
rhode_island,Rhode Island,2025-26,2025,57.8651685393,2025-08-01,2024.0000000000,2023.0000000000,unknown,,undated,,no_direct_evidence,Unknown,Atlantic 10,56.4606741573,30.4775280899
rice,Rice,2025-26,2025,69.9438202247,2025-08-01,2024.0000000000,2023.0000000000,unknown,,undated,,no_direct_evidence,Unknown,American,42.1348314607,71.9101123596
richmond,Richmond,2025-26,2025,53.5112359551,2025-08-01,2024.0000000000,2023.0000000000,unknown,,undated,,no_direct_evidence,Unknown,Atlantic 10,67.4157303371,56.8820224719
rider,Rider,2025-26,2025,54.2134831461,2025-08-01,2024.0000000000,2023.0000000000,unknown,,undated,,no_direct_evidence,Unknown,MAAC,28.3707865169,45.0842696629
robert_morris,Robert Morris,2025-26,2025,21.6292134831,2025-08-01,2024.0000000000,2023.0000000000,unknown,,undated,,no_direct_evidence,Unknown,Horizon League,55.0561797753,21.4887640449
rutgers,Rutgers,2025-26,2025,74.0168539326,2025-08-01,2024.0000000000,2023.0000000000,A,2024-12-17,date_in_source_url,https://scarletknights.com/news/2024/12/17/general-athletics-signs-apparel-partnership-with-nike-and-bsn-sports,eligible_direct_preseason,Nike,Big Ten,77.8089887640,81.7415730337
sacramento_state,Sacramento State,2025-26,2025,27.9494382022,2025-08-01,2024.0000000000,2023.0000000000,unknown,,undated,,no_direct_evidence,Unknown,Big Sky,52.5280898876,60.1123595506
sacred_heart,Sacred Heart,2025-26,2025,59.5505617978,2025-08-01,2024.0000000000,2023.0000000000,unknown,,undated,,no_direct_evidence,Unknown,MAAC,45.5056179775,42.5561797753
saint_francis_pa,Saint Francis (PA),2025-26,2025,34.9719101124,2025-08-01,2024.0000000000,2023.0000000000,unknown,,undated,,no_direct_evidence,Unknown,Northeast,27.3876404494,31.4606741573
saint_joseph_s,Saint Joseph's,2025-26,2025,31.0393258427,2025-08-01,2024.0000000000,2023.0000000000,unknown,,undated,,no_direct_evidence,Unknown,Atlantic 10,51.8258426966,53.7921348315
saint_louis,Saint Louis,2025-26,2025,65.0280898876,2025-08-01,2024.0000000000,2023.0000000000,unknown,,undated,,no_direct_evidence,Unknown,Atlantic 10,55.0561797753,44.1011235955
saint_mary_s_ca,Saint Mary's (CA),2025-26,2025,67.9775280899,2025-08-01,2024.0000000000,2023.0000000000,unknown,,undated,,no_direct_evidence,Unknown,WCC,51.1235955056,37.0786516854
saint_peter_s,Saint Peter's,2025-26,2025,7.8651685393,2025-08-01,2024.0000000000,2023.0000000000,unknown,,undated,,no_direct_evidence,Unknown,Unknown,7.5842696629,21.4887640449
sam_houston_state,Sam Houston State,2025-26,2025,31.0393258427,2025-08-01,2024.0000000000,2023.0000000000,unknown,,undated,,no_direct_evidence,Unknown,Conference USA,57.0224719101,58.7078651685
samford,Samford,2025-26,2025,61.3764044944,2025-08-01,2024.0000000000,2023.0000000000,unknown,,undated,,no_direct_evidence,Unknown,SoCon,35.1123595506,21.4887640449
san_diego,San Diego,2025-26,2025,72.4719101124,2025-08-01,2024.0000000000,2023.0000000000,unknown,,undated,,no_direct_evidence,Unknown,WCC,69.3820224719,73.0337078652
san_diego_state,San Diego State,2025-26,2025,39.4662921348,2025-08-01,2024.0000000000,2023.0000000000,unknown,,undated,,no_direct_evidence,Unknown,Mountain West,55.8988764045,66.8539325843
san_francisco,San Francisco,2025-26,2025,7.8651685393,2025-08-01,2024.0000000000,2023.0000000000,unknown,,undated,,no_direct_evidence,Unknown,Unknown,7.5842696629,6.4606741573
san_jose_state,San Jose State,2025-26,2025,40.8707865169,2025-08-01,2024.0000000000,2023.0000000000,unknown,,undated,,no_direct_evidence,Unknown,Mountain West,59.6910112360,76.4044943820
santa_clara,Santa Clara,2025-26,2025,34.9719101124,2025-08-01,2024.0000000000,2023.0000000000,unknown,,undated,,no_direct_evidence,Unknown,WCC,49.1573033708,37.0786516854
seattle,Seattle,2025-26,2025,7.8651685393,2025-08-01,2024.0000000000,2023.0000000000,unknown,,undated,,no_direct_evidence,Unknown,WAC,27.3876404494,28.5112359551
seton_hall,Seton Hall,2025-26,2025,34.9719101124,2025-08-01,2024.0000000000,2023.0000000000,unknown,,undated,,no_direct_evidence,Unknown,Unknown,7.5842696629,13.6235955056
siena,Siena,2025-26,2025,34.9719101124,2025-08-01,2024.0000000000,2023.0000000000,unknown,,undated,,no_direct_evidence,Unknown,MAAC,22.6123595506,28.5112359551
siu_edwardsville,SIU Edwardsville,2025-26,2025,27.9494382022,2025-08-01,2024.0000000000,2023.0000000000,unknown,,undated,,no_direct_evidence,Unknown,OVC,35.1123595506,43.3988764045
smu,SMU,2025-26,2025,82.3033707865,2025-08-01,2024.0000000000,2023.0000000000,unknown,2025-10-01,explicit_source_date,https://web.archive.org/web/20251001093455/https://smumustangs.com/,published_after_cutoff,Unknown,ACC,80.6179775281,85.1123595506
south_alabama,South Alabama,2025-26,2025,21.6292134831,2025-08-01,2024.0000000000,2023.0000000000,unknown,,undated,,no_direct_evidence,Unknown,Sun Belt,48.0337078652,68.8202247191
south_carolina,South Carolina,2025-26,2025,87.9213483146,2025-08-01,2024.0000000000,2023.0000000000,unknown,,undated,https://www.sc.edu/uofsc/posts/2025/08/board-of-trustees-briefs-august-2025.php,undated_or_invalid,Unknown,SEC,93.8202247191,91.8539325843
south_carolina_state,South Carolina State,2025-26,2025,43.1179775281,2025-08-01,2024.0000000000,2023.0000000000,unknown,,undated,,no_direct_evidence,Unknown,MEAC,47.0505617978,37.0786516854
south_carolina_upstate,South Carolina Upstate,2025-26,2025,51.1235955056,2025-08-01,2024.0000000000,2023.0000000000,unknown,,undated,,no_direct_evidence,Unknown,Big South,49.1573033708,21.4887640449
south_dakota,South Dakota,2025-26,2025,72.7528089888,2025-08-01,2024.0000000000,2023.0000000000,unknown,,undated,,no_direct_evidence,Unknown,Summit,65.5898876404,54.7752808989
south_dakota_state,South Dakota State,2025-26,2025,72.1910112360,2025-08-01,2024.0000000000,2023.0000000000,unknown,,undated,,no_direct_evidence,Unknown,Summit,76.1235955056,76.6853932584
south_florida,South Florida,2025-26,2025,66.7134831461,2025-08-01,2024.0000000000,2023.0000000000,unknown,,undated,,no_direct_evidence,Unknown,American,78.3707865169,68.5393258427
southeast_missouri_state,Southeast Missouri State,2025-26,2025,7.8651685393,2025-08-01,2024.0000000000,2023.0000000000,unknown,,undated,,no_direct_evidence,Unknown,OVC,22.6123595506,58.0056179775
southeastern_louisiana,Southeastern Louisiana,2025-26,2025,38.0617977528,2025-08-01,2024.0000000000,2023.0000000000,unknown,,undated,,no_direct_evidence,Unknown,Southland,35.1123595506,48.0337078652
southern,Southern,2025-26,2025,27.9494382022,2025-08-01,2024.0000000000,2023.0000000000,unknown,,undated,,no_direct_evidence,Unknown,SWAC,35.1123595506,6.4606741573
southern_illinois,Southern Illinois,2025-26,2025,21.6292134831,2025-08-01,2024.0000000000,2023.0000000000,unknown,,undated,,no_direct_evidence,Unknown,Missouri Valley,30.1966292135,70.2247191011
southern_mississippi,Southern Mississippi,2025-26,2025,62.7808988764,2025-08-01,2024.0000000000,2023.0000000000,unknown,,undated,,no_direct_evidence,Unknown,Sun Belt,39.1853932584,50.5617977528
southern_utah,Southern Utah,2025-26,2025,32.0224719101,2025-08-01,2024.0000000000,2023.0000000000,unknown,,undated,,no_direct_evidence,Unknown,WAC,38.2022471910,34.1292134831
st_bonaventure,St. Bonaventure,2025-26,2025,7.8651685393,2025-08-01,2024.0000000000,2023.0000000000,unknown,,undated,,no_direct_evidence,Unknown,Unknown,7.5842696629,6.4606741573
st_john_s_ny,St. John's (NY),2025-26,2025,78.9325842697,2025-08-01,2024.0000000000,2023.0000000000,unknown,,undated,,no_direct_evidence,Unknown,Big East,67.8370786517,57.5842696629
st_thomas,St. Thomas,2025-26,2025,21.6292134831,2025-08-01,2024.0000000000,2023.0000000000,unknown,,undated,,no_direct_evidence,Unknown,Unknown,7.5842696629,6.4606741573
stanford,Stanford,2025-26,2025,99.7191011236,2025-08-01,2024.0000000000,2023.0000000000,unknown,,undated,,no_direct_evidence,Unknown,ACC,99.4382022472,99.7191011236
stephen_f_austin,Stephen F. Austin,2025-26,2025,69.1011235955,2025-08-01,2024.0000000000,2023.0000000000,unknown,,undated,,no_direct_evidence,Unknown,Southland,64.8876404494,21.4887640449
stetson,Stetson,2025-26,2025,51.1235955056,2025-08-01,2024.0000000000,2023.0000000000,unknown,,undated,,no_direct_evidence,Unknown,ASUN,41.0112359551,55.6179775281
stonehill,Stonehill,2025-26,2025,21.6292134831,2025-08-01,2024.0000000000,2023.0000000000,unknown,,undated,,no_direct_evidence,Unknown,Unknown,7.5842696629,21.4887640449
stony_brook,Stony Brook,2025-26,2025,53.5112359551,2025-08-01,2024.0000000000,2023.0000000000,unknown,,undated,,no_direct_evidence,Unknown,CAA,48.3146067416,39.8876404494
syracuse,Syracuse,2025-26,2025,83.7078651685,2025-08-01,2024.0000000000,2023.0000000000,unknown,2026-05-22,explicit_source_date,https://cuse.com/news/2026/5/22/mens-lacrosse-cuse-at-championship-weekend-live-blog,published_after_cutoff,Unknown,ACC,83.1460674157,87.9213483146
tarleton_state,Tarleton State,2025-26,2025,76.1235955056,2025-08-01,2024.0000000000,2023.0000000000,unknown,,undated,,no_direct_evidence,Unknown,WAC,62.0786516854,6.4606741573
tcu,TCU,2025-26,2025,91.0112359551,2025-08-01,2024.0000000000,2023.0000000000,unknown,2025-11-16,explicit_source_date,https://web.archive.org/web/20251116001121/https://gofrogs.com/,published_after_cutoff,Unknown,Big 12,89.6067415730,80.8988764045
temple,Temple,2025-26,2025,7.8651685393,2025-08-01,2024.0000000000,2023.0000000000,unknown,,undated,,no_direct_evidence,Unknown,American,32.3033707865,28.5112359551
tennessee,Tennessee,2025-26,2025,96.0674157303,2025-08-01,2024.0000000000,2023.0000000000,unknown,,undated,https://sports.yahoo.com/article/tennessee-athletics-switching-adidas-nike-181159677.html,undated_or_invalid,Unknown,SEC,98.5955056180,99.4382022472
tennessee_chattanooga,Tennessee Chattanooga,2025-26,2025,51.1235955056,2025-08-01,2024.0000000000,2023.0000000000,unknown,,undated,,no_direct_evidence,Unknown,SoCon,33.1460674157,69.2415730337
tennessee_martin,Tennessee Martin,2025-26,2025,7.8651685393,2025-08-01,2024.0000000000,2023.0000000000,unknown,,undated,,no_direct_evidence,Unknown,OVC,31.1797752809,13.6235955056
tennessee_state,Tennessee State,2025-26,2025,21.6292134831,2025-08-01,2024.0000000000,2023.0000000000,unknown,,undated,,no_direct_evidence,Unknown,OVC,22.6123595506,6.4606741573
tennessee_tech,Tennessee Tech,2025-26,2025,46.4887640449,2025-08-01,2024.0000000000,2023.0000000000,unknown,,undated,,no_direct_evidence,Unknown,OVC,22.6123595506,13.6235955056
texas,Texas,2025-26,2025,100.0000000000,2025-08-01,2024.0000000000,2023.0000000000,unknown,,undated,https://www.utsystem.edu/sites/default/files/offices/board-of-regents/board-meetings/board-minutes/10-30-2015meeting1141.pdf,undated_or_invalid,Unknown,SEC,100.0000000000,100.0000000000
texas_a_m,Texas A&M,2025-26,2025,96.9101123596,2025-08-01,2024.0000000000,2023.0000000000,A,2024-05-06,date_in_source_url,https://www.sportsbusinessjournal.com/Articles/2024/05/06/texas-am-aggies-renew-adidas-partnership/?issueId=VD7KES7GVMHBL2WFUIH7JMKCKU,eligible_direct_preseason,adidas,SEC,96.0674157303,98.5955056180
texas_a_m_corpus_christi,Texas A&M Corpus Christi,2025-26,2025,34.9719101124,2025-08-01,2024.0000000000,2023.0000000000,unknown,,undated,,no_direct_evidence,Unknown,Southland,27.3876404494,55.1966292135
texas_arlington,Texas Arlington,2025-26,2025,7.8651685393,2025-08-01,2024.0000000000,2023.0000000000,unknown,,undated,,no_direct_evidence,Unknown,WAC,22.6123595506,34.1292134831
texas_southern,Texas Southern,2025-26,2025,7.8651685393,2025-08-01,2024.0000000000,2023.0000000000,unknown,,undated,,no_direct_evidence,Unknown,Unknown,7.5842696629,6.4606741573
texas_state,Texas State,2025-26,2025,74.0168539326,2025-08-01,2024.0000000000,2023.0000000000,unknown,,undated,,no_direct_evidence,Unknown,Sun Belt,68.6797752809,71.3483146067
texas_tech,Texas Tech,2025-26,2025,90.4494382022,2025-08-01,2024.0000000000,2023.0000000000,A,2024-07-01,date_in_source_url,https://texastech.com/news/2024/7/1/general-texas-tech-adidas-launch-10-year-partnership,eligible_direct_preseason,adidas,Big 12,89.0449438202,87.6404494382
toledo,Toledo,2025-26,2025,56.1797752809,2025-08-01,2024.0000000000,2023.0000000000,unknown,,undated,,no_direct_evidence,Unknown,MAC,51.4044943820,48.0337078652
towson,Towson,2025-26,2025,7.8651685393,2025-08-01,2024.0000000000,2023.0000000000,unknown,,undated,,no_direct_evidence,Unknown,CAA,31.1797752809,69.6629213483
troy,Troy,2025-26,2025,63.7640449438,2025-08-01,2024.0000000000,2023.0000000000,unknown,,undated,,no_direct_evidence,Unknown,Sun Belt,44.2415730337,21.4887640449
tulane,Tulane,2025-26,2025,73.0337078652,2025-08-01,2024.0000000000,2023.0000000000,unknown,,undated,,no_direct_evidence,Unknown,American,55.0561797753,60.3932584270
tulsa,Tulsa,2025-26,2025,60.5337078652,2025-08-01,2024.0000000000,2023.0000000000,unknown,,undated,,no_direct_evidence,Unknown,American,58.1460674157,49.4382022472
uab,UAB,2025-26,2025,7.8651685393,2025-08-01,2024.0000000000,2023.0000000000,unknown,,undated,,no_direct_evidence,Unknown,Unknown,7.5842696629,21.4887640449
uc_davis,UC Davis,2025-26,2025,53.5112359551,2025-08-01,2024.0000000000,2023.0000000000,unknown,,undated,,no_direct_evidence,Unknown,Big West,69.9438202247,6.4606741573
uc_irvine,UC Irvine,2025-26,2025,59.1292134831,2025-08-01,2024.0000000000,2023.0000000000,unknown,,undated,,no_direct_evidence,Unknown,Big West,47.0505617978,76.9662921348
uc_riverside,UC Riverside,2025-26,2025,16.8539325843,2025-08-01,2024.0000000000,2023.0000000000,unknown,,undated,,no_direct_evidence,Unknown,Unknown,7.5842696629,6.4606741573
uc_san_diego,UC San Diego,2025-26,2025,59.8314606742,2025-08-01,2024.0000000000,2023.0000000000,unknown,,undated,,no_direct_evidence,Unknown,Big West,52.5280898876,31.1797752809
uc_santa_barbara,UC Santa Barbara,2025-26,2025,55.0561797753,2025-08-01,2024.0000000000,2023.0000000000,unknown,,undated,,no_direct_evidence,Unknown,Big West,76.4044943820,48.0337078652
ucf,UCF,2025-26,2025,83.4269662921,2025-08-01,2024.0000000000,2023.0000000000,A,2023-10-31,date_in_source_url,https://ucfknights.com/news/2023/10/31/ucf-athletics-and-nike-extend-agreement-through-2029,eligible_direct_preseason,Nike,Big 12,76.9662921348,77.2471910112
ucla,UCLA,2025-26,2025,99.4382022472,2025-08-01,2024.0000000000,2023.0000000000,A,2024-09-19,date_in_source_url,https://uclabruins.com/documents/download/2024/9/19/02-Release_Indiana_2024_FB.pdf,eligible_direct_preseason,Nike,Big Ten,98.8764044944,97.4719101124
uconn,UConn,2025-26,2025,84.5505617978,2025-08-01,2024.0000000000,2023.0000000000,unknown,,undated,,no_direct_evidence,Unknown,Big East,82.5842696629,77.5280898876
umbc,UMBC,2025-26,2025,27.9494382022,2025-08-01,2024.0000000000,2023.0000000000,unknown,,undated,,no_direct_evidence,Unknown,Unknown,7.5842696629,21.4887640449
umkc,UMKC,2025-26,2025,34.9719101124,2025-08-01,2024.0000000000,2023.0000000000,unknown,,undated,,no_direct_evidence,Unknown,Summit,41.7134831461,15.1685393258
unlv,UNLV,2025-26,2025,49.4382022472,2025-08-01,2024.0000000000,2023.0000000000,unknown,,undated,,no_direct_evidence,Unknown,Mountain West,66.2921348315,46.6292134831
usc,USC,2025-26,2025,98.3146067416,2025-08-01,2024.0000000000,2023.0000000000,unknown,2026-07-14,date_in_source_url,https://usctrojans.com/news/2026/7/14/usc-trojans-athletics-nike-jerseys-uniforms-gear-apparel-shoes-deal-extension-nil,published_after_cutoff,Unknown,Big Ten,99.7191011236,96.3483146067
utah,Utah,2025-26,2025,82.5842696629,2025-08-01,2024.0000000000,2023.0000000000,A,2016-10-12,date_in_source_url,https://utahutes.com/news/2016/10/12/general-utah-athletics-and-under-armour-sign-extension,eligible_direct_preseason,Under Armour,Big 12,83.4269662921,87.0786516854
utah_state,Utah State,2025-26,2025,76.4044943820,2025-08-01,2024.0000000000,2023.0000000000,unknown,,undated,,no_direct_evidence,Unknown,Mountain West,71.0674157303,61.7977528090
utah_valley,Utah Valley,2025-26,2025,52.1067415730,2025-08-01,2024.0000000000,2023.0000000000,unknown,,undated,,no_direct_evidence,Unknown,WAC,60.1123595506,45.7865168539
utep,UTEP,2025-26,2025,21.6292134831,2025-08-01,2024.0000000000,2023.0000000000,unknown,,undated,,no_direct_evidence,Unknown,Conference USA,37.0786516854,6.4606741573
utrgv,UTRGV,2025-26,2025,34.9719101124,2025-08-01,2024.0000000000,2023.0000000000,unknown,,undated,,no_direct_evidence,Unknown,Unknown,7.5842696629,6.4606741573
utsa,UTSA,2025-26,2025,65.5898876404,2025-08-01,2024.0000000000,2023.0000000000,unknown,,undated,,no_direct_evidence,Unknown,American,58.4269662921,52.8089887640
valparaiso,Valparaiso,2025-26,2025,7.8651685393,2025-08-01,2024.0000000000,2023.0000000000,unknown,,undated,,no_direct_evidence,Unknown,Unknown,7.5842696629,21.4887640449
vanderbilt,Vanderbilt,2025-26,2025,89.0449438202,2025-08-01,2024.0000000000,2023.0000000000,unknown,,undated,,no_direct_evidence,Unknown,SEC,83.9887640449,84.2696629213
vcu,VCU,2025-26,2025,58.5674157303,2025-08-01,2024.0000000000,2023.0000000000,unknown,,undated,,no_direct_evidence,Unknown,Atlantic 10,65.5898876404,71.0674157303
vermont,Vermont,2025-26,2025,68.5393258427,2025-08-01,2024.0000000000,2023.0000000000,unknown,,undated,,no_direct_evidence,Unknown,America East,75.4213483146,68.2584269663
villanova,Villanova,2025-26,2025,77.8089887640,2025-08-01,2024.0000000000,2023.0000000000,unknown,,undated,,no_direct_evidence,Unknown,Big East,74.5786516854,79.7752808989
virginia,Virginia,2025-26,2025,98.8764044944,2025-08-01,2024.0000000000,2023.0000000000,unknown,2026-01-24,explicit_source_date,https://static.virginiasports.com/pdfs/w-bball/2025-26/GameNotes/012426-NCSU-GameNotes.pdf,published_after_cutoff,Unknown,ACC,96.9101123596,98.8764044944
virginia_military_institute,Virginia Military Institute,2025-26,2025,7.8651685393,2025-08-01,2024.0000000000,2023.0000000000,unknown,,undated,,no_direct_evidence,Unknown,Unknown,7.5842696629,15.4494382022
virginia_tech,Virginia Tech,2025-26,2025,84.8314606742,2025-08-01,2024.0000000000,2023.0000000000,unknown,2025-10-01,explicit_source_date,https://web.archive.org/web/20251001074352/https://hokiesports.com/,published_after_cutoff,Unknown,ACC,87.6404494382,86.2359550562
wagner,Wagner,2025-26,2025,70.2247191011,2025-08-01,2024.0000000000,2023.0000000000,unknown,,undated,,no_direct_evidence,Unknown,Northeast,57.5842696629,58.0056179775
wake_forest,Wake Forest,2025-26,2025,85.1123595506,2025-08-01,2024.0000000000,2023.0000000000,unknown,,undated,,no_direct_evidence,Unknown,ACC,88.7640449438,84.5505617978
washington,Washington,2025-26,2025,91.8539325843,2025-08-01,2024.0000000000,2023.0000000000,A,2018-04-10,date_in_source_url,https://gohuskies.com/news/2018/4/10/general-university-of-washington-agrees-to-terms-on-10-year-partnership-with-adidas,eligible_direct_preseason,adidas,Big Ten,91.2921348315,92.9775280899
washington_state,Washington State,2025-26,2025,79.4943820225,2025-08-01,2024.0000000000,2023.0000000000,unknown,,undated,,no_direct_evidence,Unknown,Pac-12,61.2359550562,72.4719101124
weber_state,Weber State,2025-26,2025,7.8651685393,2025-08-01,2024.0000000000,2023.0000000000,unknown,,undated,,no_direct_evidence,Unknown,Big Sky,28.7921348315,21.4887640449
west_virginia,West Virginia,2025-26,2025,86.0955056180,2025-08-01,2024.0000000000,2023.0000000000,unknown,,undated,https://www2.kusports.com/weblogs/tale-tait/2017/sep/28/kus-deal-with-adidas-is-companys-second/,undated_or_invalid,Unknown,Big 12,88.4831460674,85.9550561798
western_carolina,Western Carolina,2025-26,2025,7.8651685393,2025-08-01,2024.0000000000,2023.0000000000,unknown,,undated,,no_direct_evidence,Unknown,Unknown,7.5842696629,21.4887640449
western_illinois,Western Illinois,2025-26,2025,21.6292134831,2025-08-01,2024.0000000000,2023.0000000000,unknown,,undated,,no_direct_evidence,Unknown,Unknown,7.5842696629,6.4606741573
western_kentucky,Western Kentucky,2025-26,2025,49.1573033708,2025-08-01,2024.0000000000,2023.0000000000,unknown,,undated,,no_direct_evidence,Unknown,Conference USA,52.5280898876,61.0955056180
western_michigan,Western Michigan,2025-26,2025,71.4887640449,2025-08-01,2024.0000000000,2023.0000000000,unknown,,undated,,no_direct_evidence,Unknown,MAC,75.4213483146,69.2415730337
wichita_state,Wichita State,2025-26,2025,59.1292134831,2025-08-01,2024.0000000000,2023.0000000000,unknown,,undated,,no_direct_evidence,Unknown,American,57.5842696629,30.4775280899
william_mary,William & Mary,2025-26,2025,7.8651685393,2025-08-01,2024.0000000000,2023.0000000000,unknown,,undated,,no_direct_evidence,Unknown,CAA,39.8876404494,46.3483146067
winthrop,Winthrop,2025-26,2025,7.8651685393,2025-08-01,2024.0000000000,2023.0000000000,unknown,,undated,,no_direct_evidence,Unknown,Unknown,7.5842696629,13.6235955056
wisconsin,Wisconsin,2025-26,2025,93.5393258427,2025-08-01,2024.0000000000,2023.0000000000,A,2015-10-09,date_in_source_url,https://uwbadgers.com/news/2015/10/9/GEN_1012155509,eligible_direct_preseason,Under Armour,Big Ten,92.9775280899,93.2584269663
wisconsin_green_bay,Wisconsin Green Bay,2025-26,2025,21.6292134831,2025-08-01,2024.0000000000,2023.0000000000,unknown,,undated,,no_direct_evidence,Unknown,Horizon League,22.6123595506,37.0786516854
wisconsin_milwaukee,Wisconsin Milwaukee,2025-26,2025,46.4887640449,2025-08-01,2024.0000000000,2023.0000000000,unknown,,undated,,no_direct_evidence,Unknown,Horizon League,22.6123595506,21.4887640449
wofford,Wofford,2025-26,2025,21.6292134831,2025-08-01,2024.0000000000,2023.0000000000,unknown,,undated,,no_direct_evidence,Unknown,SoCon,35.1123595506,43.3988764045
wright_state,Wright State,2025-26,2025,38.0617977528,2025-08-01,2024.0000000000,2023.0000000000,unknown,,undated,,no_direct_evidence,Unknown,Horizon League,39.1853932584,28.5112359551
wyoming,Wyoming,2025-26,2025,41.7134831461,2025-08-01,2024.0000000000,2023.0000000000,unknown,,undated,,no_direct_evidence,Unknown,Mountain West,66.8539325843,51.9662921348
xavier,Xavier,2025-26,2025,66.0112359551,2025-08-01,2024.0000000000,2023.0000000000,unknown,,undated,,no_direct_evidence,Unknown,Big East,43.2584269663,50.1404494382
yale,Yale,2025-26,2025,87.6404494382,2025-08-01,2024.0000000000,2023.0000000000,unknown,2026-09-03,date_in_source_url,https://yalebulldogs.com/news/2026/9/3/general-yale-athletics-and-under-armour-extend-partnership-through-2036.aspx,published_after_cutoff,Unknown,Ivy League,81.4606741573,80.0561797753
youngstown_state,Youngstown State,2025-26,2025,53.5112359551,2025-08-01,2024.0000000000,2023.0000000000,unknown,,undated,,no_direct_evidence,Unknown,Horizon League,62.3595505618,64.3258426966
