school_id,season,school,brand,brand_raw,source_url,verified,evidence_summary,verification_basis,evidence_tier,evidence_id,source_type,source_date,archive_url,snapshot_date,in_research_scope,left_anchor_season,right_anchor_season,left_anchor_url,right_anchor_url,inferred,covered,research_status
abilene_christian,2017-18,Abilene Christian,,,,N,,,unknown,,,,,,False,,,,,False,False,outside_priority_scope
abilene_christian,2018-19,Abilene Christian,,,,N,,,unknown,,,,,,False,,,,,False,False,outside_priority_scope
abilene_christian,2020-21,Abilene Christian,,,,N,,,unknown,,,,,,False,,,,,False,False,outside_priority_scope
abilene_christian,2021-22,Abilene Christian,,,,N,,,unknown,,,,,,False,,,,,False,False,outside_priority_scope
abilene_christian,2022-23,Abilene Christian,,,,N,,,unknown,,,,,,False,,,,,False,False,outside_priority_scope
abilene_christian,2023-24,Abilene Christian,,,,N,,,unknown,,,,,,False,,,,,False,False,outside_priority_scope
abilene_christian,2024-25,Abilene Christian,,,,N,,,unknown,,,,,,False,,,,,False,False,outside_priority_scope
abilene_christian,2025-26,Abilene Christian,,,,N,,,unknown,,,,,,False,,,,,False,False,outside_priority_scope
air_force,2017-18,Air Force,,,,N,,,unknown,,,,,,False,,,,,False,False,outside_priority_scope
air_force,2018-19,Air Force,,,,N,,,unknown,,,,,,False,,,,,False,False,outside_priority_scope
air_force,2020-21,Air Force,,,,N,,,unknown,,,,,,False,,,,,False,False,outside_priority_scope
air_force,2021-22,Air Force,,,,N,,,unknown,,,,,,False,,,,,False,False,outside_priority_scope
air_force,2022-23,Air Force,,,,N,,,unknown,,,,,,False,,,,,False,False,outside_priority_scope
air_force,2023-24,Air Force,,,,N,,,unknown,,,,,,False,,,,,False,False,outside_priority_scope
air_force,2024-25,Air Force,,,,N,,,unknown,,,,,,False,,,,,False,False,outside_priority_scope
air_force,2025-26,Air Force,,,,N,,,unknown,,,,,,False,,,,,False,False,outside_priority_scope
akron,2017-18,Akron,,,,N,,,unknown,,,,,,False,,,,,False,False,outside_priority_scope
akron,2018-19,Akron,,,,N,,,unknown,,,,,,False,,,,,False,False,outside_priority_scope
akron,2020-21,Akron,,,,N,,,unknown,,,,,,False,,,,,False,False,outside_priority_scope
akron,2021-22,Akron,,,,N,,,unknown,,,,,,False,,,,,False,False,outside_priority_scope
akron,2022-23,Akron,,,,N,,,unknown,,,,,,False,,,,,False,False,outside_priority_scope
akron,2023-24,Akron,,,,N,,,unknown,,,,,,False,,,,,False,False,outside_priority_scope
akron,2024-25,Akron,,,,N,,,unknown,,,,,,False,,,,,False,False,outside_priority_scope
akron,2025-26,Akron,,,,N,,,unknown,,,,,,False,,,,,False,False,outside_priority_scope
alabama,2017-18,Alabama,Nike,Nike,https://athleticdirectoru.com/articles/cash-is-king-in-intercollegiate-apparel-agreements/,Y,CRIA researchers table identifies provider in 2017-18 only. No forward-fill. Known erroneous Rutgers entry in compilation not used.,researchers contract compilation snapshot,A,legacy_069,secondary_contract_reporting,,,,True,,,,,False,True,direct_contract_evidence
alabama,2018-19,Alabama,Nike,Nike,https://www.sportsbusinessjournal.com/Articles/2025/08/28/alabama-quietly-extended-nike-deal-a-few-years-ago-terms-kept-private/?issueId=3MXGPV7JIFCSHHS6YCWC3BPPFM,Y,2013 contract through July 2025 and AD-confirmed renewal already in effect August 2025. Exact renewed expiration is undisclosed.,secondary reporting quoting athletic director,A,legacy_086,secondary_contract_reporting,,,,True,,,,,False,True,direct_contract_evidence
alabama,2020-21,Alabama,Nike,Nike,https://www.sportsbusinessjournal.com/Articles/2025/08/28/alabama-quietly-extended-nike-deal-a-few-years-ago-terms-kept-private/?issueId=3MXGPV7JIFCSHHS6YCWC3BPPFM,Y,2013 contract through July 2025 and AD-confirmed renewal already in effect August 2025. Exact renewed expiration is undisclosed.,secondary reporting quoting athletic director,A,legacy_086,secondary_contract_reporting,,,,True,,,,,False,True,direct_contract_evidence
alabama,2021-22,Alabama,Nike,Nike,https://www.sportsbusinessjournal.com/Articles/2025/08/28/alabama-quietly-extended-nike-deal-a-few-years-ago-terms-kept-private/?issueId=3MXGPV7JIFCSHHS6YCWC3BPPFM,Y,2013 contract through July 2025 and AD-confirmed renewal already in effect August 2025. Exact renewed expiration is undisclosed.,secondary reporting quoting athletic director,A,legacy_086,secondary_contract_reporting,,,,True,,,,,False,True,direct_contract_evidence
alabama,2022-23,Alabama,Nike,Nike,https://www.sportsbusinessjournal.com/Articles/2025/08/28/alabama-quietly-extended-nike-deal-a-few-years-ago-terms-kept-private/?issueId=3MXGPV7JIFCSHHS6YCWC3BPPFM,Y,2013 contract through July 2025 and AD-confirmed renewal already in effect August 2025. Exact renewed expiration is undisclosed.,secondary reporting quoting athletic director,A,legacy_086,secondary_contract_reporting,,,,True,,,,,False,True,direct_contract_evidence
alabama,2023-24,Alabama,Nike,Nike,https://www.sportsbusinessjournal.com/Articles/2025/08/28/alabama-quietly-extended-nike-deal-a-few-years-ago-terms-kept-private/?issueId=3MXGPV7JIFCSHHS6YCWC3BPPFM,Y,2013 contract through July 2025 and AD-confirmed renewal already in effect August 2025. Exact renewed expiration is undisclosed.,secondary reporting quoting athletic director,A,legacy_086,secondary_contract_reporting,,,,True,,,,,False,True,direct_contract_evidence
alabama,2024-25,Alabama,Nike,Nike,https://www.sportsbusinessjournal.com/Articles/2025/08/28/alabama-quietly-extended-nike-deal-a-few-years-ago-terms-kept-private/?issueId=3MXGPV7JIFCSHHS6YCWC3BPPFM,Y,2013 contract through July 2025 and AD-confirmed renewal already in effect August 2025. Exact renewed expiration is undisclosed.,secondary reporting quoting athletic director,A,legacy_086,secondary_contract_reporting,,,,True,,,,,False,True,direct_contract_evidence
alabama,2025-26,Alabama,Nike,Nike,https://www.sportsbusinessjournal.com/Articles/2025/08/28/alabama-quietly-extended-nike-deal-a-few-years-ago-terms-kept-private/?issueId=3MXGPV7JIFCSHHS6YCWC3BPPFM,Y,2013 contract through July 2025 and AD-confirmed renewal already in effect August 2025. Exact renewed expiration is undisclosed.,secondary reporting quoting athletic director,A,legacy_086,secondary_contract_reporting,,,,True,,,,,False,True,direct_contract_evidence
alabama_a_m,2017-18,Alabama A&M,,,,N,,,unknown,,,,,,False,,,,,False,False,outside_priority_scope
alabama_a_m,2018-19,Alabama A&M,,,,N,,,unknown,,,,,,False,,,,,False,False,outside_priority_scope
alabama_a_m,2020-21,Alabama A&M,,,,N,,,unknown,,,,,,False,,,,,False,False,outside_priority_scope
alabama_a_m,2021-22,Alabama A&M,,,,N,,,unknown,,,,,,False,,,,,False,False,outside_priority_scope
alabama_a_m,2022-23,Alabama A&M,,,,N,,,unknown,,,,,,False,,,,,False,False,outside_priority_scope
alabama_a_m,2023-24,Alabama A&M,,,,N,,,unknown,,,,,,False,,,,,False,False,outside_priority_scope
alabama_a_m,2024-25,Alabama A&M,,,,N,,,unknown,,,,,,False,,,,,False,False,outside_priority_scope
alabama_a_m,2025-26,Alabama A&M,,,,N,,,unknown,,,,,,False,,,,,False,False,outside_priority_scope
alabama_state,2017-18,Alabama State,,,,N,,,unknown,,,,,,False,,,,,False,False,outside_priority_scope
alabama_state,2018-19,Alabama State,,,,N,,,unknown,,,,,,False,,,,,False,False,outside_priority_scope
alabama_state,2020-21,Alabama State,,,,N,,,unknown,,,,,,False,,,,,False,False,outside_priority_scope
alabama_state,2021-22,Alabama State,,,,N,,,unknown,,,,,,False,,,,,False,False,outside_priority_scope
alabama_state,2022-23,Alabama State,,,,N,,,unknown,,,,,,False,,,,,False,False,outside_priority_scope
alabama_state,2023-24,Alabama State,,,,N,,,unknown,,,,,,False,,,,,False,False,outside_priority_scope
alabama_state,2024-25,Alabama State,,,,N,,,unknown,,,,,,False,,,,,False,False,outside_priority_scope
alabama_state,2025-26,Alabama State,,,,N,,,unknown,,,,,,False,,,,,False,False,outside_priority_scope
albany,2017-18,Albany,,,,N,,,unknown,,,,,,False,,,,,False,False,outside_priority_scope
albany,2018-19,Albany,,,,N,,,unknown,,,,,,False,,,,,False,False,outside_priority_scope
albany,2020-21,Albany,,,,N,,,unknown,,,,,,False,,,,,False,False,outside_priority_scope
albany,2021-22,Albany,,,,N,,,unknown,,,,,,False,,,,,False,False,outside_priority_scope
albany,2022-23,Albany,,,,N,,,unknown,,,,,,False,,,,,False,False,outside_priority_scope
albany,2023-24,Albany,,,,N,,,unknown,,,,,,False,,,,,False,False,outside_priority_scope
albany,2024-25,Albany,,,,N,,,unknown,,,,,,False,,,,,False,False,outside_priority_scope
albany,2025-26,Albany,,,,N,,,unknown,,,,,,False,,,,,False,False,outside_priority_scope
alcorn_state,2017-18,Alcorn State,,,,N,,,unknown,,,,,,False,,,,,False,False,outside_priority_scope
alcorn_state,2018-19,Alcorn State,,,,N,,,unknown,,,,,,False,,,,,False,False,outside_priority_scope
alcorn_state,2020-21,Alcorn State,,,,N,,,unknown,,,,,,False,,,,,False,False,outside_priority_scope
alcorn_state,2021-22,Alcorn State,,,,N,,,unknown,,,,,,False,,,,,False,False,outside_priority_scope
alcorn_state,2022-23,Alcorn State,,,,N,,,unknown,,,,,,False,,,,,False,False,outside_priority_scope
alcorn_state,2023-24,Alcorn State,,,,N,,,unknown,,,,,,False,,,,,False,False,outside_priority_scope
alcorn_state,2024-25,Alcorn State,,,,N,,,unknown,,,,,,False,,,,,False,False,outside_priority_scope
alcorn_state,2025-26,Alcorn State,,,,N,,,unknown,,,,,,False,,,,,False,False,outside_priority_scope
american,2017-18,American,,,,N,,,unknown,,,,,,False,,,,,False,False,outside_priority_scope
american,2018-19,American,,,,N,,,unknown,,,,,,False,,,,,False,False,outside_priority_scope
american,2020-21,American,,,,N,,,unknown,,,,,,False,,,,,False,False,outside_priority_scope
american,2021-22,American,,,,N,,,unknown,,,,,,False,,,,,False,False,outside_priority_scope
american,2022-23,American,,,,N,,,unknown,,,,,,False,,,,,False,False,outside_priority_scope
american,2023-24,American,,,,N,,,unknown,,,,,,False,,,,,False,False,outside_priority_scope
american,2024-25,American,,,,N,,,unknown,,,,,,False,,,,,False,False,outside_priority_scope
american,2025-26,American,,,,N,,,unknown,,,,,,False,,,,,False,False,outside_priority_scope
appalachian_state,2017-18,Appalachian State,,,,N,,,unknown,,,,,,False,,,,,False,False,outside_priority_scope
appalachian_state,2018-19,Appalachian State,,,,N,,,unknown,,,,,,False,,,,,False,False,outside_priority_scope
appalachian_state,2020-21,Appalachian State,,,,N,,,unknown,,,,,,False,,,,,False,False,outside_priority_scope
appalachian_state,2021-22,Appalachian State,,,,N,,,unknown,,,,,,False,,,,,False,False,outside_priority_scope
appalachian_state,2022-23,Appalachian State,,,,N,,,unknown,,,,,,False,,,,,False,False,outside_priority_scope
appalachian_state,2023-24,Appalachian State,,,,N,,,unknown,,,,,,False,,,,,False,False,outside_priority_scope
appalachian_state,2024-25,Appalachian State,,,,N,,,unknown,,,,,,False,,,,,False,False,outside_priority_scope
appalachian_state,2025-26,Appalachian State,,,,N,,,unknown,,,,,,False,,,,,False,False,outside_priority_scope
arizona,2017-18,Arizona,Nike,Nike,https://arizonawildcats.com/news/2015/8/13/210266319,Y,"Agreement July 2015 through June 30, 2025.",official dated announcement,A,legacy_025,official_announcement,,,,True,,,,,False,True,direct_contract_evidence
arizona,2018-19,Arizona,Nike,Nike,https://arizonawildcats.com/news/2015/8/13/210266319,Y,"Agreement July 2015 through June 30, 2025.",official dated announcement,A,legacy_025,official_announcement,,,,True,,,,,False,True,direct_contract_evidence
arizona,2020-21,Arizona,Nike,Nike,https://arizonawildcats.com/news/2015/8/13/210266319,Y,"Agreement July 2015 through June 30, 2025.",official dated announcement,A,legacy_025,official_announcement,,,,True,,,,,False,True,direct_contract_evidence
arizona,2021-22,Arizona,Nike,Nike,https://arizonawildcats.com/news/2015/8/13/210266319,Y,"Agreement July 2015 through June 30, 2025.",official dated announcement,A,legacy_025,official_announcement,,,,True,,,,,False,True,direct_contract_evidence
arizona,2022-23,Arizona,Nike,Nike,https://arizonawildcats.com/news/2015/8/13/210266319,Y,"Agreement July 2015 through June 30, 2025.",official dated announcement,A,legacy_025,official_announcement,,,,True,,,,,False,True,direct_contract_evidence
arizona,2023-24,Arizona,Nike,Nike,https://arizonawildcats.com/news/2015/8/13/210266319,Y,"Agreement July 2015 through June 30, 2025.",official dated announcement,A,legacy_025,official_announcement,,,,True,,,,,False,True,direct_contract_evidence
arizona,2024-25,Arizona,Nike,Nike,https://arizonawildcats.com/news/2015/8/13/210266319,Y,"Agreement July 2015 through June 30, 2025.",official dated announcement,A,legacy_025,official_announcement,,,,True,,,,,False,True,direct_contract_evidence
arizona,2025-26,Arizona,Nike,Nike,https://arizonawildcats.com/news/2025/3/3/general-wildcats-ink-landmark-contract-renewal-with-nike,Y,"Renewal July 1, 2025 through June 30, 2033.",official dated announcement,A,legacy_026,official_announcement,,,,True,,,,,False,True,direct_contract_evidence
arizona_state,2017-18,Arizona State,adidas,adidas,https://thesundevils.com/news/2014/12/16/sun-devil-athletics-adidas-announce-8-year-partnership,Y,Eight-year university partnership through June 2023. Renewal not yet verified.,official announcement; study-window coverage only,A,legacy_011,official_announcement,,,,True,,,,,False,True,direct_contract_evidence
arizona_state,2018-19,Arizona State,adidas,adidas,https://thesundevils.com/news/2014/12/16/sun-devil-athletics-adidas-announce-8-year-partnership,Y,Eight-year university partnership through June 2023. Renewal not yet verified.,official announcement; study-window coverage only,A,legacy_011,official_announcement,,,,True,,,,,False,True,direct_contract_evidence
arizona_state,2020-21,Arizona State,adidas,adidas,https://thesundevils.com/news/2014/12/16/sun-devil-athletics-adidas-announce-8-year-partnership,Y,Eight-year university partnership through June 2023. Renewal not yet verified.,official announcement; study-window coverage only,A,legacy_011,official_announcement,,,,True,,,,,False,True,direct_contract_evidence
arizona_state,2021-22,Arizona State,adidas,adidas,https://thesundevils.com/news/2014/12/16/sun-devil-athletics-adidas-announce-8-year-partnership,Y,Eight-year university partnership through June 2023. Renewal not yet verified.,official announcement; study-window coverage only,A,legacy_011,official_announcement,,,,True,,,,,False,True,direct_contract_evidence
arizona_state,2022-23,Arizona State,adidas,adidas,https://thesundevils.com/news/2014/12/16/sun-devil-athletics-adidas-announce-8-year-partnership,Y,Eight-year university partnership through June 2023. Renewal not yet verified.,official announcement; study-window coverage only,A,legacy_011,official_announcement,,,,True,,,,,False,True,direct_contract_evidence
arizona_state,2023-24,Arizona State,adidas,adidas,https://thesundevils.com/news/2014/12/16/sun-devil-athletics-adidas-announce-8-year-partnership,N,Inferred between 2022-23 (A) and 2025-26 (B); same provider and no known intervening transition in reviewed evidence.,"continuity inference; endpoints only, not direct seasonal observation",C,,inferred_from_two_sources,,,,True,2022-23,2025-26,https://thesundevils.com/news/2014/12/16/sun-devil-athletics-adidas-announce-8-year-partnership,https://web.archive.org/web/20251119100055/http://thesundevils.com/,True,True,inferred_continuity
arizona_state,2024-25,Arizona State,adidas,adidas,https://thesundevils.com/news/2014/12/16/sun-devil-athletics-adidas-announce-8-year-partnership,N,Inferred between 2022-23 (A) and 2025-26 (B); same provider and no known intervening transition in reviewed evidence.,"continuity inference; endpoints only, not direct seasonal observation",C,,inferred_from_two_sources,,,,True,2022-23,2025-26,https://thesundevils.com/news/2014/12/16/sun-devil-athletics-adidas-announce-8-year-partnership,https://web.archive.org/web/20251119100055/http://thesundevils.com/,True,True,inferred_continuity
arizona_state,2025-26,Arizona State,adidas,adidas,https://web.archive.org/web/20251119100055/http://thesundevils.com/,Y,Archived official athletics site displays brand in department footer or sponsor section. Archived Snapshot reviewed during research; follow the archive URL to inspect the original.,dated official evidence,B,tier_107,wayback_official_site,2025-11-19,https://web.archive.org/web/20251119100055/http://thesundevils.com/,2025-11-19,True,,,,,False,True,dated_official_use
arkansas,2017-18,Arkansas,Nike,Nike,https://web.archive.org/web/20171001190209/http://www.arkansasrazorbacks.com/,Y,Archived official athletics site displays brand in department footer or sponsor section. Archived Snapshot reviewed during research; follow the archive URL to inspect the original.,dated official evidence,B,tier_112,wayback_official_site,2017-10-01,https://web.archive.org/web/20171001190209/http://www.arkansasrazorbacks.com/,2017-10-01,True,,,,,False,True,dated_official_use
arkansas,2018-19,Arkansas,Nike,Nike,https://web.archive.org/web/20171001190209/http://www.arkansasrazorbacks.com/,N,Inferred between 2017-18 (B) and 2025-26 (B); same provider and no known intervening transition in reviewed evidence.,"continuity inference; endpoints only, not direct seasonal observation",C,,inferred_from_two_sources,,,,True,2017-18,2025-26,https://web.archive.org/web/20171001190209/http://www.arkansasrazorbacks.com/,https://arkansasrazorbacks.com/arkansas-to-celebrate-norm-debriyn-night-on-march-27-at-baum-walker-stadium/,True,True,inferred_continuity
arkansas,2020-21,Arkansas,Nike,Nike,https://web.archive.org/web/20171001190209/http://www.arkansasrazorbacks.com/,N,Inferred between 2017-18 (B) and 2025-26 (B); same provider and no known intervening transition in reviewed evidence.,"continuity inference; endpoints only, not direct seasonal observation",C,,inferred_from_two_sources,,,,True,2017-18,2025-26,https://web.archive.org/web/20171001190209/http://www.arkansasrazorbacks.com/,https://arkansasrazorbacks.com/arkansas-to-celebrate-norm-debriyn-night-on-march-27-at-baum-walker-stadium/,True,True,inferred_continuity
arkansas,2021-22,Arkansas,Nike,Nike,https://web.archive.org/web/20171001190209/http://www.arkansasrazorbacks.com/,N,Inferred between 2017-18 (B) and 2025-26 (B); same provider and no known intervening transition in reviewed evidence.,"continuity inference; endpoints only, not direct seasonal observation",C,,inferred_from_two_sources,,,,True,2017-18,2025-26,https://web.archive.org/web/20171001190209/http://www.arkansasrazorbacks.com/,https://arkansasrazorbacks.com/arkansas-to-celebrate-norm-debriyn-night-on-march-27-at-baum-walker-stadium/,True,True,inferred_continuity
arkansas,2022-23,Arkansas,Nike,Nike,https://web.archive.org/web/20171001190209/http://www.arkansasrazorbacks.com/,N,Inferred between 2017-18 (B) and 2025-26 (B); same provider and no known intervening transition in reviewed evidence.,"continuity inference; endpoints only, not direct seasonal observation",C,,inferred_from_two_sources,,,,True,2017-18,2025-26,https://web.archive.org/web/20171001190209/http://www.arkansasrazorbacks.com/,https://arkansasrazorbacks.com/arkansas-to-celebrate-norm-debriyn-night-on-march-27-at-baum-walker-stadium/,True,True,inferred_continuity
arkansas,2023-24,Arkansas,Nike,Nike,https://web.archive.org/web/20171001190209/http://www.arkansasrazorbacks.com/,N,Inferred between 2017-18 (B) and 2025-26 (B); same provider and no known intervening transition in reviewed evidence.,"continuity inference; endpoints only, not direct seasonal observation",C,,inferred_from_two_sources,,,,True,2017-18,2025-26,https://web.archive.org/web/20171001190209/http://www.arkansasrazorbacks.com/,https://arkansasrazorbacks.com/arkansas-to-celebrate-norm-debriyn-night-on-march-27-at-baum-walker-stadium/,True,True,inferred_continuity
arkansas,2024-25,Arkansas,Nike,Nike,https://web.archive.org/web/20171001190209/http://www.arkansasrazorbacks.com/,N,Inferred between 2017-18 (B) and 2025-26 (B); same provider and no known intervening transition in reviewed evidence.,"continuity inference; endpoints only, not direct seasonal observation",C,,inferred_from_two_sources,,,,True,2017-18,2025-26,https://web.archive.org/web/20171001190209/http://www.arkansasrazorbacks.com/,https://arkansasrazorbacks.com/arkansas-to-celebrate-norm-debriyn-night-on-march-27-at-baum-walker-stadium/,True,True,inferred_continuity
arkansas,2025-26,Arkansas,Nike,Nike,https://arkansasrazorbacks.com/arkansas-to-celebrate-norm-debriyn-night-on-march-27-at-baum-walker-stadium/,Y,Dated official release confirms on-field Nike uniforms for March 2026; supports known department provider.,dated official evidence,B,tier_115,official_dated_use,2026-02-03,,,True,,,,,False,True,dated_official_use
arkansas_little_rock,2017-18,Arkansas Little Rock,,,,N,,,unknown,,,,,,False,,,,,False,False,outside_priority_scope
arkansas_little_rock,2018-19,Arkansas Little Rock,,,,N,,,unknown,,,,,,False,,,,,False,False,outside_priority_scope
arkansas_little_rock,2020-21,Arkansas Little Rock,,,,N,,,unknown,,,,,,False,,,,,False,False,outside_priority_scope
arkansas_little_rock,2021-22,Arkansas Little Rock,,,,N,,,unknown,,,,,,False,,,,,False,False,outside_priority_scope
arkansas_little_rock,2022-23,Arkansas Little Rock,,,,N,,,unknown,,,,,,False,,,,,False,False,outside_priority_scope
arkansas_little_rock,2023-24,Arkansas Little Rock,,,,N,,,unknown,,,,,,False,,,,,False,False,outside_priority_scope
arkansas_little_rock,2024-25,Arkansas Little Rock,,,,N,,,unknown,,,,,,False,,,,,False,False,outside_priority_scope
arkansas_little_rock,2025-26,Arkansas Little Rock,,,,N,,,unknown,,,,,,False,,,,,False,False,outside_priority_scope
arkansas_pine_bluff,2017-18,Arkansas Pine Bluff,,,,N,,,unknown,,,,,,False,,,,,False,False,outside_priority_scope
arkansas_pine_bluff,2018-19,Arkansas Pine Bluff,,,,N,,,unknown,,,,,,False,,,,,False,False,outside_priority_scope
arkansas_pine_bluff,2020-21,Arkansas Pine Bluff,,,,N,,,unknown,,,,,,False,,,,,False,False,outside_priority_scope
arkansas_pine_bluff,2021-22,Arkansas Pine Bluff,,,,N,,,unknown,,,,,,False,,,,,False,False,outside_priority_scope
arkansas_pine_bluff,2022-23,Arkansas Pine Bluff,,,,N,,,unknown,,,,,,False,,,,,False,False,outside_priority_scope
arkansas_pine_bluff,2023-24,Arkansas Pine Bluff,,,,N,,,unknown,,,,,,False,,,,,False,False,outside_priority_scope
arkansas_pine_bluff,2024-25,Arkansas Pine Bluff,,,,N,,,unknown,,,,,,False,,,,,False,False,outside_priority_scope
arkansas_pine_bluff,2025-26,Arkansas Pine Bluff,,,,N,,,unknown,,,,,,False,,,,,False,False,outside_priority_scope
arkansas_state,2017-18,Arkansas State,,,,N,,,unknown,,,,,,False,,,,,False,False,outside_priority_scope
arkansas_state,2018-19,Arkansas State,,,,N,,,unknown,,,,,,False,,,,,False,False,outside_priority_scope
arkansas_state,2020-21,Arkansas State,,,,N,,,unknown,,,,,,False,,,,,False,False,outside_priority_scope
arkansas_state,2021-22,Arkansas State,,,,N,,,unknown,,,,,,False,,,,,False,False,outside_priority_scope
arkansas_state,2022-23,Arkansas State,,,,N,,,unknown,,,,,,False,,,,,False,False,outside_priority_scope
arkansas_state,2023-24,Arkansas State,,,,N,,,unknown,,,,,,False,,,,,False,False,outside_priority_scope
arkansas_state,2024-25,Arkansas State,,,,N,,,unknown,,,,,,False,,,,,False,False,outside_priority_scope
arkansas_state,2025-26,Arkansas State,,,,N,,,unknown,,,,,,False,,,,,False,False,outside_priority_scope
army_west_point,2017-18,Army West Point,,,,N,,,unknown,,,,,,False,,,,,False,False,outside_priority_scope
army_west_point,2018-19,Army West Point,,,,N,,,unknown,,,,,,False,,,,,False,False,outside_priority_scope
army_west_point,2020-21,Army West Point,,,,N,,,unknown,,,,,,False,,,,,False,False,outside_priority_scope
army_west_point,2021-22,Army West Point,,,,N,,,unknown,,,,,,False,,,,,False,False,outside_priority_scope
army_west_point,2022-23,Army West Point,,,,N,,,unknown,,,,,,False,,,,,False,False,outside_priority_scope
army_west_point,2023-24,Army West Point,,,,N,,,unknown,,,,,,False,,,,,False,False,outside_priority_scope
army_west_point,2024-25,Army West Point,,,,N,,,unknown,,,,,,False,,,,,False,False,outside_priority_scope
army_west_point,2025-26,Army West Point,,,,N,,,unknown,,,,,,False,,,,,False,False,outside_priority_scope
auburn,2017-18,Auburn,Under Armour,Under Armour,https://auburntigers.com/news/2025/07/24/such-an-iconic-mark-how-auburn-equipment-managed-the-switch-to-nike,Y,"Retrospective confirms 19 years with Under Armour before July 1, 2025 switch.",official announcement; study-window coverage only,A,legacy_000,official_announcement,,,,True,,,,,False,True,direct_contract_evidence
auburn,2018-19,Auburn,Under Armour,Under Armour,https://auburntigers.com/news/2025/07/24/such-an-iconic-mark-how-auburn-equipment-managed-the-switch-to-nike,Y,"Retrospective confirms 19 years with Under Armour before July 1, 2025 switch.",official announcement; study-window coverage only,A,legacy_000,official_announcement,,,,True,,,,,False,True,direct_contract_evidence
auburn,2020-21,Auburn,Under Armour,Under Armour,https://auburntigers.com/news/2025/07/24/such-an-iconic-mark-how-auburn-equipment-managed-the-switch-to-nike,Y,"Retrospective confirms 19 years with Under Armour before July 1, 2025 switch.",official announcement; study-window coverage only,A,legacy_000,official_announcement,,,,True,,,,,False,True,direct_contract_evidence
auburn,2021-22,Auburn,Under Armour,Under Armour,https://auburntigers.com/news/2025/07/24/such-an-iconic-mark-how-auburn-equipment-managed-the-switch-to-nike,Y,"Retrospective confirms 19 years with Under Armour before July 1, 2025 switch.",official announcement; study-window coverage only,A,legacy_000,official_announcement,,,,True,,,,,False,True,direct_contract_evidence
auburn,2022-23,Auburn,Under Armour,Under Armour,https://auburntigers.com/news/2025/07/24/such-an-iconic-mark-how-auburn-equipment-managed-the-switch-to-nike,Y,"Retrospective confirms 19 years with Under Armour before July 1, 2025 switch.",official announcement; study-window coverage only,A,legacy_000,official_announcement,,,,True,,,,,False,True,direct_contract_evidence
auburn,2023-24,Auburn,Under Armour,Under Armour,https://auburntigers.com/news/2025/07/24/such-an-iconic-mark-how-auburn-equipment-managed-the-switch-to-nike,Y,"Retrospective confirms 19 years with Under Armour before July 1, 2025 switch.",official announcement; study-window coverage only,A,legacy_000,official_announcement,,,,True,,,,,False,True,direct_contract_evidence
auburn,2024-25,Auburn,Under Armour,Under Armour,https://auburntigers.com/news/2025/07/24/such-an-iconic-mark-how-auburn-equipment-managed-the-switch-to-nike,Y,"Retrospective confirms 19 years with Under Armour before July 1, 2025 switch.",official announcement; study-window coverage only,A,legacy_000,official_announcement,,,,True,,,,,False,True,direct_contract_evidence
auburn,2025-26,Auburn,Nike,Nike,https://auburntigers.com/news/2025/07/1/auburn-athletics-begins-nike-era,Y,"Nike era begins July 1, 2025.",official announcement; study-window coverage only,A,legacy_001,official_announcement,,,,True,,,,,False,True,direct_contract_evidence
austin_peay_state,2017-18,Austin Peay State,,,,N,,,unknown,,,,,,False,,,,,False,False,outside_priority_scope
austin_peay_state,2018-19,Austin Peay State,,,,N,,,unknown,,,,,,False,,,,,False,False,outside_priority_scope
austin_peay_state,2020-21,Austin Peay State,,,,N,,,unknown,,,,,,False,,,,,False,False,outside_priority_scope
austin_peay_state,2021-22,Austin Peay State,,,,N,,,unknown,,,,,,False,,,,,False,False,outside_priority_scope
austin_peay_state,2022-23,Austin Peay State,,,,N,,,unknown,,,,,,False,,,,,False,False,outside_priority_scope
austin_peay_state,2023-24,Austin Peay State,,,,N,,,unknown,,,,,,False,,,,,False,False,outside_priority_scope
austin_peay_state,2024-25,Austin Peay State,,,,N,,,unknown,,,,,,False,,,,,False,False,outside_priority_scope
austin_peay_state,2025-26,Austin Peay State,,,,N,,,unknown,,,,,,False,,,,,False,False,outside_priority_scope
byu,2017-18,BYU,Nike,Nike,https://byucougars.com/news/2019/03/08/byu-announces-new-nike-partnership,Y,2019 renewal through 2025-26; official retrospective explicitly states all-Nike school since 2009.,official dated announcement,A,legacy_027,official_announcement,,,,True,,,,,False,True,direct_contract_evidence
byu,2018-19,BYU,Nike,Nike,https://byucougars.com/news/2019/03/08/byu-announces-new-nike-partnership,Y,2019 renewal through 2025-26; official retrospective explicitly states all-Nike school since 2009.,official dated announcement,A,legacy_027,official_announcement,,,,True,,,,,False,True,direct_contract_evidence
byu,2020-21,BYU,Nike,Nike,https://byucougars.com/news/2019/03/08/byu-announces-new-nike-partnership,Y,2019 renewal through 2025-26; official retrospective explicitly states all-Nike school since 2009.,official dated announcement,A,legacy_027,official_announcement,,,,True,,,,,False,True,direct_contract_evidence
byu,2021-22,BYU,Nike,Nike,https://byucougars.com/news/2019/03/08/byu-announces-new-nike-partnership,Y,2019 renewal through 2025-26; official retrospective explicitly states all-Nike school since 2009.,official dated announcement,A,legacy_027,official_announcement,,,,True,,,,,False,True,direct_contract_evidence
byu,2022-23,BYU,Nike,Nike,https://byucougars.com/news/2019/03/08/byu-announces-new-nike-partnership,Y,2019 renewal through 2025-26; official retrospective explicitly states all-Nike school since 2009.,official dated announcement,A,legacy_027,official_announcement,,,,True,,,,,False,True,direct_contract_evidence
byu,2023-24,BYU,Nike,Nike,https://byucougars.com/news/2019/03/08/byu-announces-new-nike-partnership,Y,2019 renewal through 2025-26; official retrospective explicitly states all-Nike school since 2009.,official dated announcement,A,legacy_027,official_announcement,,,,True,,,,,False,True,direct_contract_evidence
byu,2024-25,BYU,Nike,Nike,https://byucougars.com/news/2019/03/08/byu-announces-new-nike-partnership,Y,2019 renewal through 2025-26; official retrospective explicitly states all-Nike school since 2009.,official dated announcement,A,legacy_027,official_announcement,,,,True,,,,,False,True,direct_contract_evidence
byu,2025-26,BYU,Nike,Nike,https://byucougars.com/news/2019/03/08/byu-announces-new-nike-partnership,Y,2019 renewal through 2025-26; official retrospective explicitly states all-Nike school since 2009.,official dated announcement,A,legacy_027,official_announcement,,,,True,,,,,False,True,direct_contract_evidence
ball_state,2017-18,Ball State,,,,N,,,unknown,,,,,,False,,,,,False,False,outside_priority_scope
ball_state,2018-19,Ball State,,,,N,,,unknown,,,,,,False,,,,,False,False,outside_priority_scope
ball_state,2020-21,Ball State,,,,N,,,unknown,,,,,,False,,,,,False,False,outside_priority_scope
ball_state,2021-22,Ball State,,,,N,,,unknown,,,,,,False,,,,,False,False,outside_priority_scope
ball_state,2022-23,Ball State,,,,N,,,unknown,,,,,,False,,,,,False,False,outside_priority_scope
ball_state,2023-24,Ball State,,,,N,,,unknown,,,,,,False,,,,,False,False,outside_priority_scope
ball_state,2024-25,Ball State,,,,N,,,unknown,,,,,,False,,,,,False,False,outside_priority_scope
ball_state,2025-26,Ball State,,,,N,,,unknown,,,,,,False,,,,,False,False,outside_priority_scope
baylor,2017-18,Baylor,Nike,Nike,https://www2.kusports.com/weblogs/tale-tait/2017/sep/28/kus-deal-with-adidas-is-companys-second/,Y,2017 sponsor snapshot; source explicitly says contract years unavailable.,newspaper snapshot,A,legacy_090,secondary_contract_reporting,,,,True,,,,,False,True,direct_contract_evidence
baylor,2018-19,Baylor,Nike,Nike,https://baylorbears.com/news/2019/4/15/baylor-athletics-unveils-united-a-unified-visual-identity-in-partnership-with-nike,Y,Official department-wide Nike identity release.,dated official evidence,B,tier_116,official_dated_use,2019-04-14,,,True,,,,,False,True,dated_official_use
baylor,2020-21,Baylor,Nike,Nike,https://baylorbears.com/news/2019/4/15/baylor-athletics-unveils-united-a-unified-visual-identity-in-partnership-with-nike,N,Inferred between 2018-19 (B) and 2021-22 (B); same provider and no known intervening transition in reviewed evidence.,"continuity inference; endpoints only, not direct seasonal observation",C,,inferred_from_two_sources,,,,True,2018-19,2021-22,https://baylorbears.com/news/2019/4/15/baylor-athletics-unveils-united-a-unified-visual-identity-in-partnership-with-nike,https://baylorbears.com/documents/download/2022/5/2/BU_BSB_Game_Notes_2022_45_Tarleton.pdf,True,True,inferred_continuity
baylor,2021-22,Baylor,Nike,Nike,https://baylorbears.com/documents/download/2022/5/2/BU_BSB_Game_Notes_2022_45_Tarleton.pdf,Y,Official 2022 game notes identify current Nike uniforms after department-wide 2019 redesign.,dated official evidence,B,tier_117,official_game_notes,2022-05-02,,,True,,,,,False,True,dated_official_use
baylor,2022-23,Baylor,Nike,Nike,https://baylorbears.com/documents/download/2022/5/2/BU_BSB_Game_Notes_2022_45_Tarleton.pdf,N,Inferred between 2021-22 (B) and 2025-26 (B); same provider and no known intervening transition in reviewed evidence.,"continuity inference; endpoints only, not direct seasonal observation",C,,inferred_from_two_sources,,,,True,2021-22,2025-26,https://baylorbears.com/documents/download/2022/5/2/BU_BSB_Game_Notes_2022_45_Tarleton.pdf,https://baylorbears.com/documents/download/2025/12/12/BU_WBB_Notes_12_Texas.pdf,True,True,inferred_continuity
baylor,2023-24,Baylor,Nike,Nike,https://baylorbears.com/documents/download/2022/5/2/BU_BSB_Game_Notes_2022_45_Tarleton.pdf,N,Inferred between 2021-22 (B) and 2025-26 (B); same provider and no known intervening transition in reviewed evidence.,"continuity inference; endpoints only, not direct seasonal observation",C,,inferred_from_two_sources,,,,True,2021-22,2025-26,https://baylorbears.com/documents/download/2022/5/2/BU_BSB_Game_Notes_2022_45_Tarleton.pdf,https://baylorbears.com/documents/download/2025/12/12/BU_WBB_Notes_12_Texas.pdf,True,True,inferred_continuity
baylor,2024-25,Baylor,Nike,Nike,https://baylorbears.com/documents/download/2022/5/2/BU_BSB_Game_Notes_2022_45_Tarleton.pdf,N,Inferred between 2021-22 (B) and 2025-26 (B); same provider and no known intervening transition in reviewed evidence.,"continuity inference; endpoints only, not direct seasonal observation",C,,inferred_from_two_sources,,,,True,2021-22,2025-26,https://baylorbears.com/documents/download/2022/5/2/BU_BSB_Game_Notes_2022_45_Tarleton.pdf,https://baylorbears.com/documents/download/2025/12/12/BU_WBB_Notes_12_Texas.pdf,True,True,inferred_continuity
baylor,2025-26,Baylor,Nike,Nike,https://baylorbears.com/documents/download/2025/12/12/BU_WBB_Notes_12_Texas.pdf,Y,Official 2025-26 notes show current Nike uniforms and wear records; department Nike identity independently documented.,dated official evidence,B,tier_118,official_game_notes,2025-12-12,,,True,,,,,False,True,dated_official_use
bellarmine,2017-18,Bellarmine,,,,N,,,unknown,,,,,,False,,,,,False,False,outside_priority_scope
bellarmine,2018-19,Bellarmine,,,,N,,,unknown,,,,,,False,,,,,False,False,outside_priority_scope
bellarmine,2020-21,Bellarmine,,,,N,,,unknown,,,,,,False,,,,,False,False,outside_priority_scope
bellarmine,2021-22,Bellarmine,,,,N,,,unknown,,,,,,False,,,,,False,False,outside_priority_scope
bellarmine,2022-23,Bellarmine,,,,N,,,unknown,,,,,,False,,,,,False,False,outside_priority_scope
bellarmine,2023-24,Bellarmine,,,,N,,,unknown,,,,,,False,,,,,False,False,outside_priority_scope
bellarmine,2024-25,Bellarmine,,,,N,,,unknown,,,,,,False,,,,,False,False,outside_priority_scope
bellarmine,2025-26,Bellarmine,,,,N,,,unknown,,,,,,False,,,,,False,False,outside_priority_scope
belmont,2017-18,Belmont,,,,N,,,unknown,,,,,,False,,,,,False,False,outside_priority_scope
belmont,2018-19,Belmont,,,,N,,,unknown,,,,,,False,,,,,False,False,outside_priority_scope
belmont,2020-21,Belmont,,,,N,,,unknown,,,,,,False,,,,,False,False,outside_priority_scope
belmont,2021-22,Belmont,,,,N,,,unknown,,,,,,False,,,,,False,False,outside_priority_scope
belmont,2022-23,Belmont,,,,N,,,unknown,,,,,,False,,,,,False,False,outside_priority_scope
belmont,2023-24,Belmont,,,,N,,,unknown,,,,,,False,,,,,False,False,outside_priority_scope
belmont,2024-25,Belmont,,,,N,,,unknown,,,,,,False,,,,,False,False,outside_priority_scope
belmont,2025-26,Belmont,,,,N,,,unknown,,,,,,False,,,,,False,False,outside_priority_scope
bethune_cookman,2017-18,Bethune-Cookman,,,,N,,,unknown,,,,,,False,,,,,False,False,outside_priority_scope
bethune_cookman,2018-19,Bethune-Cookman,,,,N,,,unknown,,,,,,False,,,,,False,False,outside_priority_scope
bethune_cookman,2020-21,Bethune-Cookman,,,,N,,,unknown,,,,,,False,,,,,False,False,outside_priority_scope
bethune_cookman,2021-22,Bethune-Cookman,,,,N,,,unknown,,,,,,False,,,,,False,False,outside_priority_scope
bethune_cookman,2022-23,Bethune-Cookman,,,,N,,,unknown,,,,,,False,,,,,False,False,outside_priority_scope
bethune_cookman,2023-24,Bethune-Cookman,,,,N,,,unknown,,,,,,False,,,,,False,False,outside_priority_scope
bethune_cookman,2024-25,Bethune-Cookman,,,,N,,,unknown,,,,,,False,,,,,False,False,outside_priority_scope
bethune_cookman,2025-26,Bethune-Cookman,,,,N,,,unknown,,,,,,False,,,,,False,False,outside_priority_scope
binghamton,2017-18,Binghamton,,,,N,,,unknown,,,,,,False,,,,,False,False,outside_priority_scope
binghamton,2018-19,Binghamton,,,,N,,,unknown,,,,,,False,,,,,False,False,outside_priority_scope
binghamton,2020-21,Binghamton,,,,N,,,unknown,,,,,,False,,,,,False,False,outside_priority_scope
binghamton,2021-22,Binghamton,,,,N,,,unknown,,,,,,False,,,,,False,False,outside_priority_scope
binghamton,2022-23,Binghamton,,,,N,,,unknown,,,,,,False,,,,,False,False,outside_priority_scope
binghamton,2023-24,Binghamton,,,,N,,,unknown,,,,,,False,,,,,False,False,outside_priority_scope
binghamton,2024-25,Binghamton,,,,N,,,unknown,,,,,,False,,,,,False,False,outside_priority_scope
binghamton,2025-26,Binghamton,,,,N,,,unknown,,,,,,False,,,,,False,False,outside_priority_scope
boise_state,2017-18,Boise State,,,,N,,,unknown,,,,,,False,,,,,False,False,outside_priority_scope
boise_state,2018-19,Boise State,,,,N,,,unknown,,,,,,False,,,,,False,False,outside_priority_scope
boise_state,2020-21,Boise State,,,,N,,,unknown,,,,,,False,,,,,False,False,outside_priority_scope
boise_state,2021-22,Boise State,,,,N,,,unknown,,,,,,False,,,,,False,False,outside_priority_scope
boise_state,2022-23,Boise State,,,,N,,,unknown,,,,,,False,,,,,False,False,outside_priority_scope
boise_state,2023-24,Boise State,,,,N,,,unknown,,,,,,False,,,,,False,False,outside_priority_scope
boise_state,2024-25,Boise State,,,,N,,,unknown,,,,,,False,,,,,False,False,outside_priority_scope
boise_state,2025-26,Boise State,,,,N,,,unknown,,,,,,False,,,,,False,False,outside_priority_scope
boston_college,2017-18,Boston College,Under Armour,Under Armour,https://bceagles.com/news/2015/3/12/Under_Armour_BC_Extend_Long_Term_Partnership,Y,2015 ten-year extension subsequently ended early; New Balance begins June 2021. Transitional 2020-21 is not assigned a single brand.,official dated announcement,A,legacy_048,official_announcement,,,,True,,,,,False,True,direct_contract_evidence
boston_college,2018-19,Boston College,Under Armour,Under Armour,https://bceagles.com/news/2015/3/12/Under_Armour_BC_Extend_Long_Term_Partnership,Y,2015 ten-year extension subsequently ended early; New Balance begins June 2021. Transitional 2020-21 is not assigned a single brand.,official dated announcement,A,legacy_048,official_announcement,,,,True,,,,,False,True,direct_contract_evidence
boston_college,2020-21,Boston College,Under Armour,Under Armour,https://bceagles.com/news/2021/4/13/boston-college-athletics-announces-10-year-agreement-with-new-balance,Y,"Majority-of-competition assignment: Under Armour through May 31, 2021; New Balance begins June 1 after fall, winter and most spring competition. Football initially excepted.",official announcement,A,tier_119,official_transition_announcement,2021-04-13,,,True,,,,,False,True,direct_contract_evidence
boston_college,2021-22,Boston College,other,New Balance,https://bceagles.com/news/2021/4/13/boston-college-athletics-announces-10-year-agreement-with-new-balance,Y,"Ten-year agreement begins June 1, 2021 for 30 of 31 teams; football excluded. First full academic season coded 2021-22; transitional 2020-21 remains unknown. Mixed department: primary provider only.",official announcement; study-window coverage only,A,legacy_022,official_announcement,,,,True,,,,,False,True,direct_contract_evidence
boston_college,2022-23,Boston College,other,New Balance,https://bceagles.com/news/2021/4/13/boston-college-athletics-announces-10-year-agreement-with-new-balance,Y,"Ten-year agreement begins June 1, 2021 for 30 of 31 teams; football excluded. First full academic season coded 2021-22; transitional 2020-21 remains unknown. Mixed department: primary provider only.",official announcement; study-window coverage only,A,legacy_022,official_announcement,,,,True,,,,,False,True,direct_contract_evidence
boston_college,2023-24,Boston College,other,New Balance,https://bceagles.com/news/2021/4/13/boston-college-athletics-announces-10-year-agreement-with-new-balance,Y,"Ten-year agreement begins June 1, 2021 for 30 of 31 teams; football excluded. First full academic season coded 2021-22; transitional 2020-21 remains unknown. Mixed department: primary provider only.",official announcement; study-window coverage only,A,legacy_022,official_announcement,,,,True,,,,,False,True,direct_contract_evidence
boston_college,2024-25,Boston College,other,New Balance,https://bceagles.com/news/2021/4/13/boston-college-athletics-announces-10-year-agreement-with-new-balance,Y,"Ten-year agreement begins June 1, 2021 for 30 of 31 teams; football excluded. First full academic season coded 2021-22; transitional 2020-21 remains unknown. Mixed department: primary provider only.",official announcement; study-window coverage only,A,legacy_022,official_announcement,,,,True,,,,,False,True,direct_contract_evidence
boston_college,2025-26,Boston College,other,New Balance,https://bceagles.com/news/2025/6/2/football-new-balance-and-boston-college-expand-their-historic-sponsorship,Y,Football joins New Balance department arrangement beginning 2025 season.,official announcement; study-window coverage only,A,legacy_023,official_announcement,,,,True,,,,,False,True,direct_contract_evidence
boston_university,2017-18,Boston University,,,,N,,,unknown,,,,,,False,,,,,False,False,outside_priority_scope
boston_university,2018-19,Boston University,,,,N,,,unknown,,,,,,False,,,,,False,False,outside_priority_scope
boston_university,2020-21,Boston University,,,,N,,,unknown,,,,,,False,,,,,False,False,outside_priority_scope
boston_university,2021-22,Boston University,,,,N,,,unknown,,,,,,False,,,,,False,False,outside_priority_scope
boston_university,2022-23,Boston University,,,,N,,,unknown,,,,,,False,,,,,False,False,outside_priority_scope
boston_university,2023-24,Boston University,,,,N,,,unknown,,,,,,False,,,,,False,False,outside_priority_scope
boston_university,2024-25,Boston University,,,,N,,,unknown,,,,,,False,,,,,False,False,outside_priority_scope
boston_university,2025-26,Boston University,,,,N,,,unknown,,,,,,False,,,,,False,False,outside_priority_scope
bowling_green,2017-18,Bowling Green,,,,N,,,unknown,,,,,,False,,,,,False,False,outside_priority_scope
bowling_green,2018-19,Bowling Green,,,,N,,,unknown,,,,,,False,,,,,False,False,outside_priority_scope
bowling_green,2020-21,Bowling Green,,,,N,,,unknown,,,,,,False,,,,,False,False,outside_priority_scope
bowling_green,2021-22,Bowling Green,,,,N,,,unknown,,,,,,False,,,,,False,False,outside_priority_scope
bowling_green,2022-23,Bowling Green,,,,N,,,unknown,,,,,,False,,,,,False,False,outside_priority_scope
bowling_green,2023-24,Bowling Green,,,,N,,,unknown,,,,,,False,,,,,False,False,outside_priority_scope
bowling_green,2024-25,Bowling Green,,,,N,,,unknown,,,,,,False,,,,,False,False,outside_priority_scope
bowling_green,2025-26,Bowling Green,,,,N,,,unknown,,,,,,False,,,,,False,False,outside_priority_scope
bradley,2017-18,Bradley,,,,N,,,unknown,,,,,,False,,,,,False,False,outside_priority_scope
bradley,2018-19,Bradley,,,,N,,,unknown,,,,,,False,,,,,False,False,outside_priority_scope
bradley,2020-21,Bradley,,,,N,,,unknown,,,,,,False,,,,,False,False,outside_priority_scope
bradley,2021-22,Bradley,,,,N,,,unknown,,,,,,False,,,,,False,False,outside_priority_scope
bradley,2022-23,Bradley,,,,N,,,unknown,,,,,,False,,,,,False,False,outside_priority_scope
bradley,2023-24,Bradley,,,,N,,,unknown,,,,,,False,,,,,False,False,outside_priority_scope
bradley,2024-25,Bradley,,,,N,,,unknown,,,,,,False,,,,,False,False,outside_priority_scope
bradley,2025-26,Bradley,,,,N,,,unknown,,,,,,False,,,,,False,False,outside_priority_scope
brown,2017-18,Brown,,,,N,,,unknown,,,,,,False,,,,,False,False,outside_priority_scope
brown,2018-19,Brown,,,,N,,,unknown,,,,,,False,,,,,False,False,outside_priority_scope
brown,2020-21,Brown,,,,N,,,unknown,,,,,,False,,,,,False,False,outside_priority_scope
brown,2021-22,Brown,,,,N,,,unknown,,,,,,False,,,,,False,False,outside_priority_scope
brown,2022-23,Brown,,,,N,,,unknown,,,,,,False,,,,,False,False,outside_priority_scope
brown,2023-24,Brown,,,,N,,,unknown,,,,,,False,,,,,False,False,outside_priority_scope
brown,2024-25,Brown,,,,N,,,unknown,,,,,,False,,,,,False,False,outside_priority_scope
brown,2025-26,Brown,,,,N,,,unknown,,,,,,False,,,,,False,False,outside_priority_scope
bryant,2017-18,Bryant,,,,N,,,unknown,,,,,,False,,,,,False,False,outside_priority_scope
bryant,2018-19,Bryant,,,,N,,,unknown,,,,,,False,,,,,False,False,outside_priority_scope
bryant,2020-21,Bryant,,,,N,,,unknown,,,,,,False,,,,,False,False,outside_priority_scope
bryant,2021-22,Bryant,,,,N,,,unknown,,,,,,False,,,,,False,False,outside_priority_scope
bryant,2022-23,Bryant,,,,N,,,unknown,,,,,,False,,,,,False,False,outside_priority_scope
bryant,2023-24,Bryant,,,,N,,,unknown,,,,,,False,,,,,False,False,outside_priority_scope
bryant,2024-25,Bryant,,,,N,,,unknown,,,,,,False,,,,,False,False,outside_priority_scope
bryant,2025-26,Bryant,,,,N,,,unknown,,,,,,False,,,,,False,False,outside_priority_scope
bucknell,2017-18,Bucknell,,,,N,,,unknown,,,,,,False,,,,,False,False,outside_priority_scope
bucknell,2018-19,Bucknell,,,,N,,,unknown,,,,,,False,,,,,False,False,outside_priority_scope
bucknell,2020-21,Bucknell,,,,N,,,unknown,,,,,,False,,,,,False,False,outside_priority_scope
bucknell,2021-22,Bucknell,,,,N,,,unknown,,,,,,False,,,,,False,False,outside_priority_scope
bucknell,2022-23,Bucknell,,,,N,,,unknown,,,,,,False,,,,,False,False,outside_priority_scope
bucknell,2023-24,Bucknell,,,,N,,,unknown,,,,,,False,,,,,False,False,outside_priority_scope
bucknell,2024-25,Bucknell,,,,N,,,unknown,,,,,,False,,,,,False,False,outside_priority_scope
bucknell,2025-26,Bucknell,,,,N,,,unknown,,,,,,False,,,,,False,False,outside_priority_scope
buffalo,2017-18,Buffalo,,,,N,,,unknown,,,,,,False,,,,,False,False,outside_priority_scope
buffalo,2018-19,Buffalo,,,,N,,,unknown,,,,,,False,,,,,False,False,outside_priority_scope
buffalo,2020-21,Buffalo,,,,N,,,unknown,,,,,,False,,,,,False,False,outside_priority_scope
buffalo,2021-22,Buffalo,,,,N,,,unknown,,,,,,False,,,,,False,False,outside_priority_scope
buffalo,2022-23,Buffalo,,,,N,,,unknown,,,,,,False,,,,,False,False,outside_priority_scope
buffalo,2023-24,Buffalo,,,,N,,,unknown,,,,,,False,,,,,False,False,outside_priority_scope
buffalo,2024-25,Buffalo,,,,N,,,unknown,,,,,,False,,,,,False,False,outside_priority_scope
buffalo,2025-26,Buffalo,,,,N,,,unknown,,,,,,False,,,,,False,False,outside_priority_scope
butler,2017-18,Butler,,,,N,,,unknown,,,,,,False,,,,,False,False,outside_priority_scope
butler,2018-19,Butler,,,,N,,,unknown,,,,,,False,,,,,False,False,outside_priority_scope
butler,2020-21,Butler,,,,N,,,unknown,,,,,,False,,,,,False,False,outside_priority_scope
butler,2021-22,Butler,,,,N,,,unknown,,,,,,False,,,,,False,False,outside_priority_scope
butler,2022-23,Butler,,,,N,,,unknown,,,,,,False,,,,,False,False,outside_priority_scope
butler,2023-24,Butler,,,,N,,,unknown,,,,,,False,,,,,False,False,outside_priority_scope
butler,2024-25,Butler,,,,N,,,unknown,,,,,,False,,,,,False,False,outside_priority_scope
butler,2025-26,Butler,,,,N,,,unknown,,,,,,False,,,,,False,False,outside_priority_scope
cal_poly,2017-18,Cal Poly,,,,N,,,unknown,,,,,,False,,,,,False,False,outside_priority_scope
cal_poly,2018-19,Cal Poly,,,,N,,,unknown,,,,,,False,,,,,False,False,outside_priority_scope
cal_poly,2020-21,Cal Poly,,,,N,,,unknown,,,,,,False,,,,,False,False,outside_priority_scope
cal_poly,2021-22,Cal Poly,,,,N,,,unknown,,,,,,False,,,,,False,False,outside_priority_scope
cal_poly,2022-23,Cal Poly,,,,N,,,unknown,,,,,,False,,,,,False,False,outside_priority_scope
cal_poly,2023-24,Cal Poly,,,,N,,,unknown,,,,,,False,,,,,False,False,outside_priority_scope
cal_poly,2024-25,Cal Poly,,,,N,,,unknown,,,,,,False,,,,,False,False,outside_priority_scope
cal_poly,2025-26,Cal Poly,,,,N,,,unknown,,,,,,False,,,,,False,False,outside_priority_scope
cal_state_bakersfield,2017-18,Cal State Bakersfield,,,,N,,,unknown,,,,,,False,,,,,False,False,outside_priority_scope
cal_state_bakersfield,2018-19,Cal State Bakersfield,,,,N,,,unknown,,,,,,False,,,,,False,False,outside_priority_scope
cal_state_bakersfield,2020-21,Cal State Bakersfield,,,,N,,,unknown,,,,,,False,,,,,False,False,outside_priority_scope
cal_state_bakersfield,2021-22,Cal State Bakersfield,,,,N,,,unknown,,,,,,False,,,,,False,False,outside_priority_scope
cal_state_bakersfield,2022-23,Cal State Bakersfield,,,,N,,,unknown,,,,,,False,,,,,False,False,outside_priority_scope
cal_state_bakersfield,2023-24,Cal State Bakersfield,,,,N,,,unknown,,,,,,False,,,,,False,False,outside_priority_scope
cal_state_bakersfield,2024-25,Cal State Bakersfield,,,,N,,,unknown,,,,,,False,,,,,False,False,outside_priority_scope
cal_state_bakersfield,2025-26,Cal State Bakersfield,,,,N,,,unknown,,,,,,False,,,,,False,False,outside_priority_scope
cal_state_fullerton,2017-18,Cal State Fullerton,,,,N,,,unknown,,,,,,False,,,,,False,False,outside_priority_scope
cal_state_fullerton,2018-19,Cal State Fullerton,,,,N,,,unknown,,,,,,False,,,,,False,False,outside_priority_scope
cal_state_fullerton,2020-21,Cal State Fullerton,,,,N,,,unknown,,,,,,False,,,,,False,False,outside_priority_scope
cal_state_fullerton,2021-22,Cal State Fullerton,,,,N,,,unknown,,,,,,False,,,,,False,False,outside_priority_scope
cal_state_fullerton,2022-23,Cal State Fullerton,,,,N,,,unknown,,,,,,False,,,,,False,False,outside_priority_scope
cal_state_fullerton,2023-24,Cal State Fullerton,,,,N,,,unknown,,,,,,False,,,,,False,False,outside_priority_scope
cal_state_fullerton,2024-25,Cal State Fullerton,,,,N,,,unknown,,,,,,False,,,,,False,False,outside_priority_scope
cal_state_fullerton,2025-26,Cal State Fullerton,,,,N,,,unknown,,,,,,False,,,,,False,False,outside_priority_scope
cal_state_northridge,2017-18,Cal State Northridge,,,,N,,,unknown,,,,,,False,,,,,False,False,outside_priority_scope
cal_state_northridge,2018-19,Cal State Northridge,,,,N,,,unknown,,,,,,False,,,,,False,False,outside_priority_scope
cal_state_northridge,2020-21,Cal State Northridge,,,,N,,,unknown,,,,,,False,,,,,False,False,outside_priority_scope
cal_state_northridge,2021-22,Cal State Northridge,,,,N,,,unknown,,,,,,False,,,,,False,False,outside_priority_scope
cal_state_northridge,2022-23,Cal State Northridge,,,,N,,,unknown,,,,,,False,,,,,False,False,outside_priority_scope
cal_state_northridge,2023-24,Cal State Northridge,,,,N,,,unknown,,,,,,False,,,,,False,False,outside_priority_scope
cal_state_northridge,2024-25,Cal State Northridge,,,,N,,,unknown,,,,,,False,,,,,False,False,outside_priority_scope
cal_state_northridge,2025-26,Cal State Northridge,,,,N,,,unknown,,,,,,False,,,,,False,False,outside_priority_scope
california,2017-18,California,Under Armour,Under Armour,https://calbears.com/news/2017/5/31/athletics-news-cal-under-armour-launch-partnership.aspx,Y,Ten-year arrangement launches June 2017; later termination means original scheduled end cannot be used.,official dated announcement,A,legacy_049,official_announcement,,,,True,,,,,False,True,direct_contract_evidence
california,2018-19,California,Under Armour,Under Armour,https://calbears.com/news/2017/5/31/athletics-news-cal-under-armour-launch-partnership.aspx,Y,Ten-year arrangement launches June 2017; later termination means original scheduled end cannot be used.,official dated announcement,A,legacy_049,official_announcement,,,,True,,,,,False,True,direct_contract_evidence
california,2020-21,California,Under Armour,Under Armour,https://writeforcalifornia.com/p/cal-under-armour-nike-deal,Y,"July 1, 2023 actual transition from Under Armour to Nike. Legal/financial termination and physical outfitting transition are distinct.",specialist publication transition report,A,legacy_084,secondary_contract_reporting,,,,True,,,,,False,True,direct_contract_evidence
california,2021-22,California,Under Armour,Under Armour,https://writeforcalifornia.com/p/cal-under-armour-nike-deal,Y,"July 1, 2023 actual transition from Under Armour to Nike. Legal/financial termination and physical outfitting transition are distinct.",specialist publication transition report,A,legacy_084,secondary_contract_reporting,,,,True,,,,,False,True,direct_contract_evidence
california,2022-23,California,Under Armour,Under Armour,https://writeforcalifornia.com/p/cal-under-armour-nike-deal,Y,"July 1, 2023 actual transition from Under Armour to Nike. Legal/financial termination and physical outfitting transition are distinct.",specialist publication transition report,A,legacy_084,secondary_contract_reporting,,,,True,,,,,False,True,direct_contract_evidence
california,2023-24,California,Nike,Nike,https://calbears.com/news/2023/1/11/athletics-news-cal-athletics-enters-into-new-partnership-with-nike,Y,"Three-year BSN/Nike agreement for all 30 programs begins July 1, 2023.",official announcement; study-window coverage only,A,legacy_004,official_announcement,,,,True,,,,,False,True,direct_contract_evidence
california,2024-25,California,Nike,Nike,https://calbears.com/news/2023/1/11/athletics-news-cal-athletics-enters-into-new-partnership-with-nike,Y,"Three-year BSN/Nike agreement for all 30 programs begins July 1, 2023.",official announcement; study-window coverage only,A,legacy_004,official_announcement,,,,True,,,,,False,True,direct_contract_evidence
california,2025-26,California,Nike,Nike,https://calbears.com/news/2023/1/11/athletics-news-cal-athletics-enters-into-new-partnership-with-nike,Y,"Three-year BSN/Nike agreement for all 30 programs begins July 1, 2023.",official announcement; study-window coverage only,A,legacy_004,official_announcement,,,,True,,,,,False,True,direct_contract_evidence
california_baptist,2017-18,California Baptist,,,,N,,,unknown,,,,,,False,,,,,False,False,outside_priority_scope
california_baptist,2018-19,California Baptist,,,,N,,,unknown,,,,,,False,,,,,False,False,outside_priority_scope
california_baptist,2020-21,California Baptist,,,,N,,,unknown,,,,,,False,,,,,False,False,outside_priority_scope
california_baptist,2021-22,California Baptist,,,,N,,,unknown,,,,,,False,,,,,False,False,outside_priority_scope
california_baptist,2022-23,California Baptist,,,,N,,,unknown,,,,,,False,,,,,False,False,outside_priority_scope
california_baptist,2023-24,California Baptist,,,,N,,,unknown,,,,,,False,,,,,False,False,outside_priority_scope
california_baptist,2024-25,California Baptist,,,,N,,,unknown,,,,,,False,,,,,False,False,outside_priority_scope
california_baptist,2025-26,California Baptist,,,,N,,,unknown,,,,,,False,,,,,False,False,outside_priority_scope
campbell,2017-18,Campbell,,,,N,,,unknown,,,,,,False,,,,,False,False,outside_priority_scope
campbell,2018-19,Campbell,,,,N,,,unknown,,,,,,False,,,,,False,False,outside_priority_scope
campbell,2020-21,Campbell,,,,N,,,unknown,,,,,,False,,,,,False,False,outside_priority_scope
campbell,2021-22,Campbell,,,,N,,,unknown,,,,,,False,,,,,False,False,outside_priority_scope
campbell,2022-23,Campbell,,,,N,,,unknown,,,,,,False,,,,,False,False,outside_priority_scope
campbell,2023-24,Campbell,,,,N,,,unknown,,,,,,False,,,,,False,False,outside_priority_scope
campbell,2024-25,Campbell,,,,N,,,unknown,,,,,,False,,,,,False,False,outside_priority_scope
campbell,2025-26,Campbell,,,,N,,,unknown,,,,,,False,,,,,False,False,outside_priority_scope
canisius,2017-18,Canisius,,,,N,,,unknown,,,,,,False,,,,,False,False,outside_priority_scope
canisius,2018-19,Canisius,,,,N,,,unknown,,,,,,False,,,,,False,False,outside_priority_scope
canisius,2020-21,Canisius,,,,N,,,unknown,,,,,,False,,,,,False,False,outside_priority_scope
canisius,2021-22,Canisius,,,,N,,,unknown,,,,,,False,,,,,False,False,outside_priority_scope
canisius,2022-23,Canisius,,,,N,,,unknown,,,,,,False,,,,,False,False,outside_priority_scope
canisius,2023-24,Canisius,,,,N,,,unknown,,,,,,False,,,,,False,False,outside_priority_scope
canisius,2024-25,Canisius,,,,N,,,unknown,,,,,,False,,,,,False,False,outside_priority_scope
canisius,2025-26,Canisius,,,,N,,,unknown,,,,,,False,,,,,False,False,outside_priority_scope
central_arkansas,2017-18,Central Arkansas,,,,N,,,unknown,,,,,,False,,,,,False,False,outside_priority_scope
central_arkansas,2018-19,Central Arkansas,,,,N,,,unknown,,,,,,False,,,,,False,False,outside_priority_scope
central_arkansas,2020-21,Central Arkansas,,,,N,,,unknown,,,,,,False,,,,,False,False,outside_priority_scope
central_arkansas,2021-22,Central Arkansas,,,,N,,,unknown,,,,,,False,,,,,False,False,outside_priority_scope
central_arkansas,2022-23,Central Arkansas,,,,N,,,unknown,,,,,,False,,,,,False,False,outside_priority_scope
central_arkansas,2023-24,Central Arkansas,,,,N,,,unknown,,,,,,False,,,,,False,False,outside_priority_scope
central_arkansas,2024-25,Central Arkansas,,,,N,,,unknown,,,,,,False,,,,,False,False,outside_priority_scope
central_arkansas,2025-26,Central Arkansas,,,,N,,,unknown,,,,,,False,,,,,False,False,outside_priority_scope
central_connecticut_state,2017-18,Central Connecticut State,,,,N,,,unknown,,,,,,False,,,,,False,False,outside_priority_scope
central_connecticut_state,2018-19,Central Connecticut State,,,,N,,,unknown,,,,,,False,,,,,False,False,outside_priority_scope
central_connecticut_state,2020-21,Central Connecticut State,,,,N,,,unknown,,,,,,False,,,,,False,False,outside_priority_scope
central_connecticut_state,2021-22,Central Connecticut State,,,,N,,,unknown,,,,,,False,,,,,False,False,outside_priority_scope
central_connecticut_state,2022-23,Central Connecticut State,,,,N,,,unknown,,,,,,False,,,,,False,False,outside_priority_scope
central_connecticut_state,2023-24,Central Connecticut State,,,,N,,,unknown,,,,,,False,,,,,False,False,outside_priority_scope
central_connecticut_state,2024-25,Central Connecticut State,,,,N,,,unknown,,,,,,False,,,,,False,False,outside_priority_scope
central_connecticut_state,2025-26,Central Connecticut State,,,,N,,,unknown,,,,,,False,,,,,False,False,outside_priority_scope
central_michigan,2017-18,Central Michigan,,,,N,,,unknown,,,,,,False,,,,,False,False,outside_priority_scope
central_michigan,2018-19,Central Michigan,,,,N,,,unknown,,,,,,False,,,,,False,False,outside_priority_scope
central_michigan,2020-21,Central Michigan,,,,N,,,unknown,,,,,,False,,,,,False,False,outside_priority_scope
central_michigan,2021-22,Central Michigan,,,,N,,,unknown,,,,,,False,,,,,False,False,outside_priority_scope
central_michigan,2022-23,Central Michigan,,,,N,,,unknown,,,,,,False,,,,,False,False,outside_priority_scope
central_michigan,2023-24,Central Michigan,,,,N,,,unknown,,,,,,False,,,,,False,False,outside_priority_scope
central_michigan,2024-25,Central Michigan,,,,N,,,unknown,,,,,,False,,,,,False,False,outside_priority_scope
central_michigan,2025-26,Central Michigan,,,,N,,,unknown,,,,,,False,,,,,False,False,outside_priority_scope
charleston_southern,2017-18,Charleston Southern,,,,N,,,unknown,,,,,,False,,,,,False,False,outside_priority_scope
charleston_southern,2018-19,Charleston Southern,,,,N,,,unknown,,,,,,False,,,,,False,False,outside_priority_scope
charleston_southern,2020-21,Charleston Southern,,,,N,,,unknown,,,,,,False,,,,,False,False,outside_priority_scope
charleston_southern,2021-22,Charleston Southern,,,,N,,,unknown,,,,,,False,,,,,False,False,outside_priority_scope
charleston_southern,2022-23,Charleston Southern,,,,N,,,unknown,,,,,,False,,,,,False,False,outside_priority_scope
charleston_southern,2023-24,Charleston Southern,,,,N,,,unknown,,,,,,False,,,,,False,False,outside_priority_scope
charleston_southern,2024-25,Charleston Southern,,,,N,,,unknown,,,,,,False,,,,,False,False,outside_priority_scope
charleston_southern,2025-26,Charleston Southern,,,,N,,,unknown,,,,,,False,,,,,False,False,outside_priority_scope
charlotte,2017-18,Charlotte,,,,N,,,unknown,,,,,,False,,,,,False,False,outside_priority_scope
charlotte,2018-19,Charlotte,,,,N,,,unknown,,,,,,False,,,,,False,False,outside_priority_scope
charlotte,2020-21,Charlotte,,,,N,,,unknown,,,,,,False,,,,,False,False,outside_priority_scope
charlotte,2021-22,Charlotte,,,,N,,,unknown,,,,,,False,,,,,False,False,outside_priority_scope
charlotte,2022-23,Charlotte,,,,N,,,unknown,,,,,,False,,,,,False,False,outside_priority_scope
charlotte,2023-24,Charlotte,,,,N,,,unknown,,,,,,False,,,,,False,False,outside_priority_scope
charlotte,2024-25,Charlotte,,,,N,,,unknown,,,,,,False,,,,,False,False,outside_priority_scope
charlotte,2025-26,Charlotte,,,,N,,,unknown,,,,,,False,,,,,False,False,outside_priority_scope
chicago_state,2017-18,Chicago State,,,,N,,,unknown,,,,,,False,,,,,False,False,outside_priority_scope
chicago_state,2018-19,Chicago State,,,,N,,,unknown,,,,,,False,,,,,False,False,outside_priority_scope
chicago_state,2020-21,Chicago State,,,,N,,,unknown,,,,,,False,,,,,False,False,outside_priority_scope
chicago_state,2021-22,Chicago State,,,,N,,,unknown,,,,,,False,,,,,False,False,outside_priority_scope
chicago_state,2022-23,Chicago State,,,,N,,,unknown,,,,,,False,,,,,False,False,outside_priority_scope
chicago_state,2023-24,Chicago State,,,,N,,,unknown,,,,,,False,,,,,False,False,outside_priority_scope
chicago_state,2024-25,Chicago State,,,,N,,,unknown,,,,,,False,,,,,False,False,outside_priority_scope
chicago_state,2025-26,Chicago State,,,,N,,,unknown,,,,,,False,,,,,False,False,outside_priority_scope
cincinnati,2017-18,Cincinnati,Under Armour,Under Armour,https://www.si.com/college/cincinnati/news/uc-officially-announces-nike-jordan-brand-deal-with-bsn-sports,Y,"May 2023 report: apparel switches from Under Armour after nearly ten years. Financial agreement terminated early in 2020; this codes outfitter, not cash payments.",contemporary reporting and retrospective,A,legacy_083,secondary_contract_reporting,,,,True,,,,,False,True,direct_contract_evidence
cincinnati,2018-19,Cincinnati,Under Armour,Under Armour,https://www.si.com/college/cincinnati/news/uc-officially-announces-nike-jordan-brand-deal-with-bsn-sports,Y,"May 2023 report: apparel switches from Under Armour after nearly ten years. Financial agreement terminated early in 2020; this codes outfitter, not cash payments.",contemporary reporting and retrospective,A,legacy_083,secondary_contract_reporting,,,,True,,,,,False,True,direct_contract_evidence
cincinnati,2020-21,Cincinnati,Under Armour,Under Armour,https://www.si.com/college/cincinnati/news/uc-officially-announces-nike-jordan-brand-deal-with-bsn-sports,Y,"May 2023 report: apparel switches from Under Armour after nearly ten years. Financial agreement terminated early in 2020; this codes outfitter, not cash payments.",contemporary reporting and retrospective,A,legacy_083,secondary_contract_reporting,,,,True,,,,,False,True,direct_contract_evidence
cincinnati,2021-22,Cincinnati,Under Armour,Under Armour,https://www.si.com/college/cincinnati/news/uc-officially-announces-nike-jordan-brand-deal-with-bsn-sports,Y,"May 2023 report: apparel switches from Under Armour after nearly ten years. Financial agreement terminated early in 2020; this codes outfitter, not cash payments.",contemporary reporting and retrospective,A,legacy_083,secondary_contract_reporting,,,,True,,,,,False,True,direct_contract_evidence
cincinnati,2022-23,Cincinnati,Under Armour,Under Armour,https://www.si.com/college/cincinnati/news/uc-officially-announces-nike-jordan-brand-deal-with-bsn-sports,Y,"May 2023 report: apparel switches from Under Armour after nearly ten years. Financial agreement terminated early in 2020; this codes outfitter, not cash payments.",contemporary reporting and retrospective,A,legacy_083,secondary_contract_reporting,,,,True,,,,,False,True,direct_contract_evidence
cincinnati,2023-24,Cincinnati,Nike,Nike,https://gobearcats.com/news/2023/12/11/cincinnati-athletics-announces-agreement-with-nike-inc-through-2029,Y,Nike/Jordan via BSN from 2023; direct Nike agreement from 2025 through 2029. Mixed Nike/Jordan footprint; grouped Nike.,official announcement; study-window coverage only,A,legacy_003,official_announcement,,,,True,,,,,False,True,direct_contract_evidence
cincinnati,2024-25,Cincinnati,Nike,Nike,https://gobearcats.com/news/2023/12/11/cincinnati-athletics-announces-agreement-with-nike-inc-through-2029,Y,Nike/Jordan via BSN from 2023; direct Nike agreement from 2025 through 2029. Mixed Nike/Jordan footprint; grouped Nike.,official announcement; study-window coverage only,A,legacy_003,official_announcement,,,,True,,,,,False,True,direct_contract_evidence
cincinnati,2025-26,Cincinnati,Nike,Nike,https://gobearcats.com/news/2023/12/11/cincinnati-athletics-announces-agreement-with-nike-inc-through-2029,Y,Nike/Jordan via BSN from 2023; direct Nike agreement from 2025 through 2029. Mixed Nike/Jordan footprint; grouped Nike.,official announcement; study-window coverage only,A,legacy_003,official_announcement,,,,True,,,,,False,True,direct_contract_evidence
citadel,2017-18,Citadel,,,,N,,,unknown,,,,,,False,,,,,False,False,outside_priority_scope
citadel,2018-19,Citadel,,,,N,,,unknown,,,,,,False,,,,,False,False,outside_priority_scope
citadel,2020-21,Citadel,,,,N,,,unknown,,,,,,False,,,,,False,False,outside_priority_scope
citadel,2021-22,Citadel,,,,N,,,unknown,,,,,,False,,,,,False,False,outside_priority_scope
citadel,2022-23,Citadel,,,,N,,,unknown,,,,,,False,,,,,False,False,outside_priority_scope
citadel,2023-24,Citadel,,,,N,,,unknown,,,,,,False,,,,,False,False,outside_priority_scope
citadel,2024-25,Citadel,,,,N,,,unknown,,,,,,False,,,,,False,False,outside_priority_scope
citadel,2025-26,Citadel,,,,N,,,unknown,,,,,,False,,,,,False,False,outside_priority_scope
clemson,2017-18,Clemson,Nike,Nike,https://athleticdirectoru.com/articles/cash-is-king-in-intercollegiate-apparel-agreements/,Y,CRIA researchers table identifies provider in 2017-18 only. No forward-fill. Known erroneous Rutgers entry in compilation not used.,researchers contract compilation snapshot,A,legacy_070,secondary_contract_reporting,,,,True,,,,,False,True,direct_contract_evidence
clemson,2018-19,Clemson,Nike,Nike,https://clemsontigers.com/news/2018/08/03/clemson-nike-agree-to-10-year-partnership-extension,Y,Ten-year all-sport extension through 2027-28.,official dated announcement,A,legacy_028,official_announcement,,,,True,,,,,False,True,direct_contract_evidence
clemson,2020-21,Clemson,Nike,Nike,https://clemsontigers.com/news/2018/08/03/clemson-nike-agree-to-10-year-partnership-extension,Y,Ten-year all-sport extension through 2027-28.,official dated announcement,A,legacy_028,official_announcement,,,,True,,,,,False,True,direct_contract_evidence
clemson,2021-22,Clemson,Nike,Nike,https://clemsontigers.com/news/2018/08/03/clemson-nike-agree-to-10-year-partnership-extension,Y,Ten-year all-sport extension through 2027-28.,official dated announcement,A,legacy_028,official_announcement,,,,True,,,,,False,True,direct_contract_evidence
clemson,2022-23,Clemson,Nike,Nike,https://clemsontigers.com/news/2018/08/03/clemson-nike-agree-to-10-year-partnership-extension,Y,Ten-year all-sport extension through 2027-28.,official dated announcement,A,legacy_028,official_announcement,,,,True,,,,,False,True,direct_contract_evidence
clemson,2023-24,Clemson,Nike,Nike,https://clemsontigers.com/news/2018/08/03/clemson-nike-agree-to-10-year-partnership-extension,Y,Ten-year all-sport extension through 2027-28.,official dated announcement,A,legacy_028,official_announcement,,,,True,,,,,False,True,direct_contract_evidence
clemson,2024-25,Clemson,Nike,Nike,https://clemsontigers.com/news/2018/08/03/clemson-nike-agree-to-10-year-partnership-extension,Y,Ten-year all-sport extension through 2027-28.,official dated announcement,A,legacy_028,official_announcement,,,,True,,,,,False,True,direct_contract_evidence
clemson,2025-26,Clemson,Nike,Nike,https://clemsontigers.com/news/2018/08/03/clemson-nike-agree-to-10-year-partnership-extension,Y,Ten-year all-sport extension through 2027-28.,official dated announcement,A,legacy_028,official_announcement,,,,True,,,,,False,True,direct_contract_evidence
cleveland_state,2017-18,Cleveland State,,,,N,,,unknown,,,,,,False,,,,,False,False,outside_priority_scope
cleveland_state,2018-19,Cleveland State,,,,N,,,unknown,,,,,,False,,,,,False,False,outside_priority_scope
cleveland_state,2020-21,Cleveland State,,,,N,,,unknown,,,,,,False,,,,,False,False,outside_priority_scope
cleveland_state,2021-22,Cleveland State,,,,N,,,unknown,,,,,,False,,,,,False,False,outside_priority_scope
cleveland_state,2022-23,Cleveland State,,,,N,,,unknown,,,,,,False,,,,,False,False,outside_priority_scope
cleveland_state,2023-24,Cleveland State,,,,N,,,unknown,,,,,,False,,,,,False,False,outside_priority_scope
cleveland_state,2024-25,Cleveland State,,,,N,,,unknown,,,,,,False,,,,,False,False,outside_priority_scope
cleveland_state,2025-26,Cleveland State,,,,N,,,unknown,,,,,,False,,,,,False,False,outside_priority_scope
coastal_carolina,2017-18,Coastal Carolina,,,,N,,,unknown,,,,,,False,,,,,False,False,outside_priority_scope
coastal_carolina,2018-19,Coastal Carolina,,,,N,,,unknown,,,,,,False,,,,,False,False,outside_priority_scope
coastal_carolina,2020-21,Coastal Carolina,,,,N,,,unknown,,,,,,False,,,,,False,False,outside_priority_scope
coastal_carolina,2021-22,Coastal Carolina,,,,N,,,unknown,,,,,,False,,,,,False,False,outside_priority_scope
coastal_carolina,2022-23,Coastal Carolina,,,,N,,,unknown,,,,,,False,,,,,False,False,outside_priority_scope
coastal_carolina,2023-24,Coastal Carolina,,,,N,,,unknown,,,,,,False,,,,,False,False,outside_priority_scope
coastal_carolina,2024-25,Coastal Carolina,,,,N,,,unknown,,,,,,False,,,,,False,False,outside_priority_scope
coastal_carolina,2025-26,Coastal Carolina,,,,N,,,unknown,,,,,,False,,,,,False,False,outside_priority_scope
colgate,2017-18,Colgate,,,,N,,,unknown,,,,,,False,,,,,False,False,outside_priority_scope
colgate,2018-19,Colgate,,,,N,,,unknown,,,,,,False,,,,,False,False,outside_priority_scope
colgate,2020-21,Colgate,,,,N,,,unknown,,,,,,False,,,,,False,False,outside_priority_scope
colgate,2021-22,Colgate,,,,N,,,unknown,,,,,,False,,,,,False,False,outside_priority_scope
colgate,2022-23,Colgate,,,,N,,,unknown,,,,,,False,,,,,False,False,outside_priority_scope
colgate,2023-24,Colgate,,,,N,,,unknown,,,,,,False,,,,,False,False,outside_priority_scope
colgate,2024-25,Colgate,,,,N,,,unknown,,,,,,False,,,,,False,False,outside_priority_scope
colgate,2025-26,Colgate,,,,N,,,unknown,,,,,,False,,,,,False,False,outside_priority_scope
college_of_charleston,2017-18,College of Charleston,,,,N,,,unknown,,,,,,False,,,,,False,False,outside_priority_scope
college_of_charleston,2018-19,College of Charleston,,,,N,,,unknown,,,,,,False,,,,,False,False,outside_priority_scope
college_of_charleston,2020-21,College of Charleston,,,,N,,,unknown,,,,,,False,,,,,False,False,outside_priority_scope
college_of_charleston,2021-22,College of Charleston,,,,N,,,unknown,,,,,,False,,,,,False,False,outside_priority_scope
college_of_charleston,2022-23,College of Charleston,,,,N,,,unknown,,,,,,False,,,,,False,False,outside_priority_scope
college_of_charleston,2023-24,College of Charleston,,,,N,,,unknown,,,,,,False,,,,,False,False,outside_priority_scope
college_of_charleston,2024-25,College of Charleston,,,,N,,,unknown,,,,,,False,,,,,False,False,outside_priority_scope
college_of_charleston,2025-26,College of Charleston,,,,N,,,unknown,,,,,,False,,,,,False,False,outside_priority_scope
colorado,2017-18,Colorado,Nike,Nike,https://athleticdirectoru.com/articles/cash-is-king-in-intercollegiate-apparel-agreements/,Y,CRIA researchers table identifies provider in 2017-18 only. No forward-fill. Known erroneous Rutgers entry in compilation not used.,researchers contract compilation snapshot,A,legacy_071,secondary_contract_reporting,,,,True,,,,,False,True,direct_contract_evidence
colorado,2018-19,Colorado,Nike,Nike,https://football.hkm.com/wp-content/uploads/2020/08/2020_02-28_DORRELL_Karl_Employment_Agreement_FINAL_FOR_REGENT_APPROVAL-FULLY-EXECUTED.pdf,Y,"Executed employment contract identifies university Nike sponsorship term July 1, 2001 through June 30, 2025.",executed university contract cross-reference,A,legacy_087,contract,,,,True,,,,,False,True,direct_contract_evidence
colorado,2020-21,Colorado,Nike,Nike,https://football.hkm.com/wp-content/uploads/2020/08/2020_02-28_DORRELL_Karl_Employment_Agreement_FINAL_FOR_REGENT_APPROVAL-FULLY-EXECUTED.pdf,Y,"Executed employment contract identifies university Nike sponsorship term July 1, 2001 through June 30, 2025.",executed university contract cross-reference,A,legacy_087,contract,,,,True,,,,,False,True,direct_contract_evidence
colorado,2021-22,Colorado,Nike,Nike,https://football.hkm.com/wp-content/uploads/2020/08/2020_02-28_DORRELL_Karl_Employment_Agreement_FINAL_FOR_REGENT_APPROVAL-FULLY-EXECUTED.pdf,Y,"Executed employment contract identifies university Nike sponsorship term July 1, 2001 through June 30, 2025.",executed university contract cross-reference,A,legacy_087,contract,,,,True,,,,,False,True,direct_contract_evidence
colorado,2022-23,Colorado,Nike,Nike,https://football.hkm.com/wp-content/uploads/2020/08/2020_02-28_DORRELL_Karl_Employment_Agreement_FINAL_FOR_REGENT_APPROVAL-FULLY-EXECUTED.pdf,Y,"Executed employment contract identifies university Nike sponsorship term July 1, 2001 through June 30, 2025.",executed university contract cross-reference,A,legacy_087,contract,,,,True,,,,,False,True,direct_contract_evidence
colorado,2023-24,Colorado,Nike,Nike,https://football.hkm.com/wp-content/uploads/2020/08/2020_02-28_DORRELL_Karl_Employment_Agreement_FINAL_FOR_REGENT_APPROVAL-FULLY-EXECUTED.pdf,Y,"Executed employment contract identifies university Nike sponsorship term July 1, 2001 through June 30, 2025.",executed university contract cross-reference,A,legacy_087,contract,,,,True,,,,,False,True,direct_contract_evidence
colorado,2024-25,Colorado,Nike,Nike,https://football.hkm.com/wp-content/uploads/2020/08/2020_02-28_DORRELL_Karl_Employment_Agreement_FINAL_FOR_REGENT_APPROVAL-FULLY-EXECUTED.pdf,Y,"Executed employment contract identifies university Nike sponsorship term July 1, 2001 through June 30, 2025.",executed university contract cross-reference,A,legacy_087,contract,,,,True,,,,,False,True,direct_contract_evidence
colorado,2025-26,Colorado,,,,N,,,unknown,,,,,,True,,,,,False,False,unknown
colorado_state,2017-18,Colorado State,,,,N,,,unknown,,,,,,False,,,,,False,False,outside_priority_scope
colorado_state,2018-19,Colorado State,,,,N,,,unknown,,,,,,False,,,,,False,False,outside_priority_scope
colorado_state,2020-21,Colorado State,,,,N,,,unknown,,,,,,False,,,,,False,False,outside_priority_scope
colorado_state,2021-22,Colorado State,,,,N,,,unknown,,,,,,False,,,,,False,False,outside_priority_scope
colorado_state,2022-23,Colorado State,,,,N,,,unknown,,,,,,False,,,,,False,False,outside_priority_scope
colorado_state,2023-24,Colorado State,,,,N,,,unknown,,,,,,False,,,,,False,False,outside_priority_scope
colorado_state,2024-25,Colorado State,,,,N,,,unknown,,,,,,False,,,,,False,False,outside_priority_scope
colorado_state,2025-26,Colorado State,,,,N,,,unknown,,,,,,False,,,,,False,False,outside_priority_scope
columbia,2017-18,Columbia,,,,N,,,unknown,,,,,,False,,,,,False,False,outside_priority_scope
columbia,2018-19,Columbia,,,,N,,,unknown,,,,,,False,,,,,False,False,outside_priority_scope
columbia,2020-21,Columbia,,,,N,,,unknown,,,,,,False,,,,,False,False,outside_priority_scope
columbia,2021-22,Columbia,,,,N,,,unknown,,,,,,False,,,,,False,False,outside_priority_scope
columbia,2022-23,Columbia,,,,N,,,unknown,,,,,,False,,,,,False,False,outside_priority_scope
columbia,2023-24,Columbia,,,,N,,,unknown,,,,,,False,,,,,False,False,outside_priority_scope
columbia,2024-25,Columbia,,,,N,,,unknown,,,,,,False,,,,,False,False,outside_priority_scope
columbia,2025-26,Columbia,,,,N,,,unknown,,,,,,False,,,,,False,False,outside_priority_scope
coppin_state,2017-18,Coppin State,,,,N,,,unknown,,,,,,False,,,,,False,False,outside_priority_scope
coppin_state,2018-19,Coppin State,,,,N,,,unknown,,,,,,False,,,,,False,False,outside_priority_scope
coppin_state,2020-21,Coppin State,,,,N,,,unknown,,,,,,False,,,,,False,False,outside_priority_scope
coppin_state,2021-22,Coppin State,,,,N,,,unknown,,,,,,False,,,,,False,False,outside_priority_scope
coppin_state,2022-23,Coppin State,,,,N,,,unknown,,,,,,False,,,,,False,False,outside_priority_scope
coppin_state,2023-24,Coppin State,,,,N,,,unknown,,,,,,False,,,,,False,False,outside_priority_scope
coppin_state,2024-25,Coppin State,,,,N,,,unknown,,,,,,False,,,,,False,False,outside_priority_scope
coppin_state,2025-26,Coppin State,,,,N,,,unknown,,,,,,False,,,,,False,False,outside_priority_scope
cornell,2017-18,Cornell,,,,N,,,unknown,,,,,,True,,,,,False,False,unknown
cornell,2018-19,Cornell,,,,N,,,unknown,,,,,,True,,,,,False,False,unknown
cornell,2020-21,Cornell,,,,N,,,unknown,,,,,,True,,,,,False,False,unknown
cornell,2021-22,Cornell,,,,N,,,unknown,,,,,,True,,,,,False,False,unknown
cornell,2022-23,Cornell,,,,N,,,unknown,,,,,,True,,,,,False,False,unknown
cornell,2023-24,Cornell,,,,N,,,unknown,,,,,,True,,,,,False,False,unknown
cornell,2024-25,Cornell,,,,N,,,unknown,,,,,,True,,,,,False,False,unknown
cornell,2025-26,Cornell,Nike,Nike,https://web.archive.org/web/20251116000010/https://cornellbigred.com/,Y,Nike identified in archived official athletics footer partner/sponsor section; Snapshot reviewed during research; follow the archive URL to inspect the original.,dated official evidence,B,tier_120,wayback_official_site,2025-11-16,https://web.archive.org/web/20251116000010/https://cornellbigred.com/,2025-11-16,True,,,,,False,True,dated_official_use
creighton,2017-18,Creighton,,,,N,,,unknown,,,,,,False,,,,,False,False,outside_priority_scope
creighton,2018-19,Creighton,,,,N,,,unknown,,,,,,False,,,,,False,False,outside_priority_scope
creighton,2020-21,Creighton,,,,N,,,unknown,,,,,,False,,,,,False,False,outside_priority_scope
creighton,2021-22,Creighton,,,,N,,,unknown,,,,,,False,,,,,False,False,outside_priority_scope
creighton,2022-23,Creighton,,,,N,,,unknown,,,,,,False,,,,,False,False,outside_priority_scope
creighton,2023-24,Creighton,,,,N,,,unknown,,,,,,False,,,,,False,False,outside_priority_scope
creighton,2024-25,Creighton,,,,N,,,unknown,,,,,,False,,,,,False,False,outside_priority_scope
creighton,2025-26,Creighton,,,,N,,,unknown,,,,,,False,,,,,False,False,outside_priority_scope
dartmouth,2017-18,Dartmouth,,,,N,,,unknown,,,,,,False,,,,,False,False,outside_priority_scope
dartmouth,2018-19,Dartmouth,,,,N,,,unknown,,,,,,False,,,,,False,False,outside_priority_scope
dartmouth,2020-21,Dartmouth,,,,N,,,unknown,,,,,,False,,,,,False,False,outside_priority_scope
dartmouth,2021-22,Dartmouth,,,,N,,,unknown,,,,,,False,,,,,False,False,outside_priority_scope
dartmouth,2022-23,Dartmouth,,,,N,,,unknown,,,,,,False,,,,,False,False,outside_priority_scope
dartmouth,2023-24,Dartmouth,,,,N,,,unknown,,,,,,False,,,,,False,False,outside_priority_scope
dartmouth,2024-25,Dartmouth,,,,N,,,unknown,,,,,,False,,,,,False,False,outside_priority_scope
dartmouth,2025-26,Dartmouth,,,,N,,,unknown,,,,,,False,,,,,False,False,outside_priority_scope
davidson,2017-18,Davidson,,,,N,,,unknown,,,,,,False,,,,,False,False,outside_priority_scope
davidson,2018-19,Davidson,,,,N,,,unknown,,,,,,False,,,,,False,False,outside_priority_scope
davidson,2020-21,Davidson,,,,N,,,unknown,,,,,,False,,,,,False,False,outside_priority_scope
davidson,2021-22,Davidson,,,,N,,,unknown,,,,,,False,,,,,False,False,outside_priority_scope
davidson,2022-23,Davidson,,,,N,,,unknown,,,,,,False,,,,,False,False,outside_priority_scope
davidson,2023-24,Davidson,,,,N,,,unknown,,,,,,False,,,,,False,False,outside_priority_scope
davidson,2024-25,Davidson,,,,N,,,unknown,,,,,,False,,,,,False,False,outside_priority_scope
davidson,2025-26,Davidson,,,,N,,,unknown,,,,,,False,,,,,False,False,outside_priority_scope
dayton,2017-18,Dayton,,,,N,,,unknown,,,,,,False,,,,,False,False,outside_priority_scope
dayton,2018-19,Dayton,,,,N,,,unknown,,,,,,False,,,,,False,False,outside_priority_scope
dayton,2020-21,Dayton,,,,N,,,unknown,,,,,,False,,,,,False,False,outside_priority_scope
dayton,2021-22,Dayton,,,,N,,,unknown,,,,,,False,,,,,False,False,outside_priority_scope
dayton,2022-23,Dayton,,,,N,,,unknown,,,,,,False,,,,,False,False,outside_priority_scope
dayton,2023-24,Dayton,,,,N,,,unknown,,,,,,False,,,,,False,False,outside_priority_scope
dayton,2024-25,Dayton,,,,N,,,unknown,,,,,,False,,,,,False,False,outside_priority_scope
dayton,2025-26,Dayton,,,,N,,,unknown,,,,,,False,,,,,False,False,outside_priority_scope
depaul,2017-18,DePaul,,,,N,,,unknown,,,,,,False,,,,,False,False,outside_priority_scope
depaul,2018-19,DePaul,,,,N,,,unknown,,,,,,False,,,,,False,False,outside_priority_scope
depaul,2020-21,DePaul,,,,N,,,unknown,,,,,,False,,,,,False,False,outside_priority_scope
depaul,2021-22,DePaul,,,,N,,,unknown,,,,,,False,,,,,False,False,outside_priority_scope
depaul,2022-23,DePaul,,,,N,,,unknown,,,,,,False,,,,,False,False,outside_priority_scope
depaul,2023-24,DePaul,,,,N,,,unknown,,,,,,False,,,,,False,False,outside_priority_scope
depaul,2024-25,DePaul,,,,N,,,unknown,,,,,,False,,,,,False,False,outside_priority_scope
depaul,2025-26,DePaul,,,,N,,,unknown,,,,,,False,,,,,False,False,outside_priority_scope
delaware,2017-18,Delaware,,,,N,,,unknown,,,,,,False,,,,,False,False,outside_priority_scope
delaware,2018-19,Delaware,,,,N,,,unknown,,,,,,False,,,,,False,False,outside_priority_scope
delaware,2020-21,Delaware,,,,N,,,unknown,,,,,,False,,,,,False,False,outside_priority_scope
delaware,2021-22,Delaware,,,,N,,,unknown,,,,,,False,,,,,False,False,outside_priority_scope
delaware,2022-23,Delaware,,,,N,,,unknown,,,,,,False,,,,,False,False,outside_priority_scope
delaware,2023-24,Delaware,,,,N,,,unknown,,,,,,False,,,,,False,False,outside_priority_scope
delaware,2024-25,Delaware,,,,N,,,unknown,,,,,,False,,,,,False,False,outside_priority_scope
delaware,2025-26,Delaware,,,,N,,,unknown,,,,,,False,,,,,False,False,outside_priority_scope
delaware_state,2017-18,Delaware State,,,,N,,,unknown,,,,,,False,,,,,False,False,outside_priority_scope
delaware_state,2018-19,Delaware State,,,,N,,,unknown,,,,,,False,,,,,False,False,outside_priority_scope
delaware_state,2020-21,Delaware State,,,,N,,,unknown,,,,,,False,,,,,False,False,outside_priority_scope
delaware_state,2021-22,Delaware State,,,,N,,,unknown,,,,,,False,,,,,False,False,outside_priority_scope
delaware_state,2022-23,Delaware State,,,,N,,,unknown,,,,,,False,,,,,False,False,outside_priority_scope
delaware_state,2023-24,Delaware State,,,,N,,,unknown,,,,,,False,,,,,False,False,outside_priority_scope
delaware_state,2024-25,Delaware State,,,,N,,,unknown,,,,,,False,,,,,False,False,outside_priority_scope
delaware_state,2025-26,Delaware State,,,,N,,,unknown,,,,,,False,,,,,False,False,outside_priority_scope
denver,2017-18,Denver,,,,N,,,unknown,,,,,,True,,,,,False,False,unknown
denver,2018-19,Denver,,,,N,,,unknown,,,,,,True,,,,,False,False,unknown
denver,2020-21,Denver,other,New Balance,https://denverpioneers.com/news/2021/3/3/athletics-university-of-denver-joins-with-new-balance-and-bsn-sports,Y,"Announcement confirms agreement commenced July 1, 2020. Unspecified multi-year end not extrapolated.",official dated announcement,A,legacy_045,official_announcement,,,,True,,,,,False,True,direct_contract_evidence
denver,2021-22,Denver,,,,N,,,unknown,,,,,,True,,,,,False,False,unknown
denver,2022-23,Denver,,,,N,,,unknown,,,,,,True,,,,,False,False,unknown
denver,2023-24,Denver,,,,N,,,unknown,,,,,,True,,,,,False,False,unknown
denver,2024-25,Denver,,,,N,,,unknown,,,,,,True,,,,,False,False,unknown
denver,2025-26,Denver,Under Armour,Under Armour,https://denverpioneers.com/news/2025/6/3/athletics-denver-and-under-armour-begin-new-official-athletic-apparel-partnership,Y,June 2025 new multi-year department arrangement; first full academic season coded 2025-26. Transition season needs review.,official dated announcement,A,legacy_046,official_announcement,,,,True,,,,,False,True,direct_contract_evidence
detroit,2017-18,Detroit,,,,N,,,unknown,,,,,,False,,,,,False,False,outside_priority_scope
detroit,2018-19,Detroit,,,,N,,,unknown,,,,,,False,,,,,False,False,outside_priority_scope
detroit,2020-21,Detroit,,,,N,,,unknown,,,,,,False,,,,,False,False,outside_priority_scope
detroit,2021-22,Detroit,,,,N,,,unknown,,,,,,False,,,,,False,False,outside_priority_scope
detroit,2022-23,Detroit,,,,N,,,unknown,,,,,,False,,,,,False,False,outside_priority_scope
detroit,2023-24,Detroit,,,,N,,,unknown,,,,,,False,,,,,False,False,outside_priority_scope
detroit,2024-25,Detroit,,,,N,,,unknown,,,,,,False,,,,,False,False,outside_priority_scope
detroit,2025-26,Detroit,,,,N,,,unknown,,,,,,False,,,,,False,False,outside_priority_scope
drake,2017-18,Drake,,,,N,,,unknown,,,,,,False,,,,,False,False,outside_priority_scope
drake,2018-19,Drake,,,,N,,,unknown,,,,,,False,,,,,False,False,outside_priority_scope
drake,2020-21,Drake,,,,N,,,unknown,,,,,,False,,,,,False,False,outside_priority_scope
drake,2021-22,Drake,,,,N,,,unknown,,,,,,False,,,,,False,False,outside_priority_scope
drake,2022-23,Drake,,,,N,,,unknown,,,,,,False,,,,,False,False,outside_priority_scope
drake,2023-24,Drake,,,,N,,,unknown,,,,,,False,,,,,False,False,outside_priority_scope
drake,2024-25,Drake,,,,N,,,unknown,,,,,,False,,,,,False,False,outside_priority_scope
drake,2025-26,Drake,,,,N,,,unknown,,,,,,False,,,,,False,False,outside_priority_scope
drexel,2017-18,Drexel,,,,N,,,unknown,,,,,,False,,,,,False,False,outside_priority_scope
drexel,2018-19,Drexel,,,,N,,,unknown,,,,,,False,,,,,False,False,outside_priority_scope
drexel,2020-21,Drexel,,,,N,,,unknown,,,,,,False,,,,,False,False,outside_priority_scope
drexel,2021-22,Drexel,,,,N,,,unknown,,,,,,False,,,,,False,False,outside_priority_scope
drexel,2022-23,Drexel,,,,N,,,unknown,,,,,,False,,,,,False,False,outside_priority_scope
drexel,2023-24,Drexel,,,,N,,,unknown,,,,,,False,,,,,False,False,outside_priority_scope
drexel,2024-25,Drexel,,,,N,,,unknown,,,,,,False,,,,,False,False,outside_priority_scope
drexel,2025-26,Drexel,,,,N,,,unknown,,,,,,False,,,,,False,False,outside_priority_scope
duke,2017-18,Duke,Nike,Nike,https://goduke.com/news/2015/10/15/210424501,Y,2015 twelve-year renewal covers all 27 teams through 2027.,official dated announcement,A,legacy_029,official_announcement,,,,True,,,,,False,True,direct_contract_evidence
duke,2018-19,Duke,Nike,Nike,https://goduke.com/news/2015/10/15/210424501,Y,2015 twelve-year renewal covers all 27 teams through 2027.,official dated announcement,A,legacy_029,official_announcement,,,,True,,,,,False,True,direct_contract_evidence
duke,2020-21,Duke,Nike,Nike,https://goduke.com/news/2015/10/15/210424501,Y,2015 twelve-year renewal covers all 27 teams through 2027.,official dated announcement,A,legacy_029,official_announcement,,,,True,,,,,False,True,direct_contract_evidence
duke,2021-22,Duke,Nike,Nike,https://goduke.com/news/2015/10/15/210424501,Y,2015 twelve-year renewal covers all 27 teams through 2027.,official dated announcement,A,legacy_029,official_announcement,,,,True,,,,,False,True,direct_contract_evidence
duke,2022-23,Duke,Nike,Nike,https://goduke.com/news/2015/10/15/210424501,Y,2015 twelve-year renewal covers all 27 teams through 2027.,official dated announcement,A,legacy_029,official_announcement,,,,True,,,,,False,True,direct_contract_evidence
duke,2023-24,Duke,Nike,Nike,https://goduke.com/news/2015/10/15/210424501,Y,2015 twelve-year renewal covers all 27 teams through 2027.,official dated announcement,A,legacy_029,official_announcement,,,,True,,,,,False,True,direct_contract_evidence
duke,2024-25,Duke,Nike,Nike,https://goduke.com/news/2015/10/15/210424501,Y,2015 twelve-year renewal covers all 27 teams through 2027.,official dated announcement,A,legacy_029,official_announcement,,,,True,,,,,False,True,direct_contract_evidence
duke,2025-26,Duke,Nike,Nike,https://goduke.com/news/2015/10/15/210424501,Y,2015 twelve-year renewal covers all 27 teams through 2027.,official dated announcement,A,legacy_029,official_announcement,,,,True,,,,,False,True,direct_contract_evidence
duquesne,2017-18,Duquesne,,,,N,,,unknown,,,,,,False,,,,,False,False,outside_priority_scope
duquesne,2018-19,Duquesne,,,,N,,,unknown,,,,,,False,,,,,False,False,outside_priority_scope
duquesne,2020-21,Duquesne,,,,N,,,unknown,,,,,,False,,,,,False,False,outside_priority_scope
duquesne,2021-22,Duquesne,,,,N,,,unknown,,,,,,False,,,,,False,False,outside_priority_scope
duquesne,2022-23,Duquesne,,,,N,,,unknown,,,,,,False,,,,,False,False,outside_priority_scope
duquesne,2023-24,Duquesne,,,,N,,,unknown,,,,,,False,,,,,False,False,outside_priority_scope
duquesne,2024-25,Duquesne,,,,N,,,unknown,,,,,,False,,,,,False,False,outside_priority_scope
duquesne,2025-26,Duquesne,,,,N,,,unknown,,,,,,False,,,,,False,False,outside_priority_scope
east_carolina,2017-18,East Carolina,,,,N,,,unknown,,,,,,False,,,,,False,False,outside_priority_scope
east_carolina,2018-19,East Carolina,,,,N,,,unknown,,,,,,False,,,,,False,False,outside_priority_scope
east_carolina,2020-21,East Carolina,,,,N,,,unknown,,,,,,False,,,,,False,False,outside_priority_scope
east_carolina,2021-22,East Carolina,,,,N,,,unknown,,,,,,False,,,,,False,False,outside_priority_scope
east_carolina,2022-23,East Carolina,,,,N,,,unknown,,,,,,False,,,,,False,False,outside_priority_scope
east_carolina,2023-24,East Carolina,,,,N,,,unknown,,,,,,False,,,,,False,False,outside_priority_scope
east_carolina,2024-25,East Carolina,,,,N,,,unknown,,,,,,False,,,,,False,False,outside_priority_scope
east_carolina,2025-26,East Carolina,,,,N,,,unknown,,,,,,False,,,,,False,False,outside_priority_scope
east_tennessee_state,2017-18,East Tennessee State,,,,N,,,unknown,,,,,,False,,,,,False,False,outside_priority_scope
east_tennessee_state,2018-19,East Tennessee State,,,,N,,,unknown,,,,,,False,,,,,False,False,outside_priority_scope
east_tennessee_state,2020-21,East Tennessee State,,,,N,,,unknown,,,,,,False,,,,,False,False,outside_priority_scope
east_tennessee_state,2021-22,East Tennessee State,,,,N,,,unknown,,,,,,False,,,,,False,False,outside_priority_scope
east_tennessee_state,2022-23,East Tennessee State,,,,N,,,unknown,,,,,,False,,,,,False,False,outside_priority_scope
east_tennessee_state,2023-24,East Tennessee State,,,,N,,,unknown,,,,,,False,,,,,False,False,outside_priority_scope
east_tennessee_state,2024-25,East Tennessee State,,,,N,,,unknown,,,,,,False,,,,,False,False,outside_priority_scope
east_tennessee_state,2025-26,East Tennessee State,,,,N,,,unknown,,,,,,False,,,,,False,False,outside_priority_scope
eastern_illinois,2017-18,Eastern Illinois,,,,N,,,unknown,,,,,,False,,,,,False,False,outside_priority_scope
eastern_illinois,2018-19,Eastern Illinois,,,,N,,,unknown,,,,,,False,,,,,False,False,outside_priority_scope
eastern_illinois,2020-21,Eastern Illinois,,,,N,,,unknown,,,,,,False,,,,,False,False,outside_priority_scope
eastern_illinois,2021-22,Eastern Illinois,,,,N,,,unknown,,,,,,False,,,,,False,False,outside_priority_scope
eastern_illinois,2022-23,Eastern Illinois,,,,N,,,unknown,,,,,,False,,,,,False,False,outside_priority_scope
eastern_illinois,2023-24,Eastern Illinois,,,,N,,,unknown,,,,,,False,,,,,False,False,outside_priority_scope
eastern_illinois,2024-25,Eastern Illinois,,,,N,,,unknown,,,,,,False,,,,,False,False,outside_priority_scope
eastern_illinois,2025-26,Eastern Illinois,,,,N,,,unknown,,,,,,False,,,,,False,False,outside_priority_scope
eastern_kentucky,2017-18,Eastern Kentucky,,,,N,,,unknown,,,,,,False,,,,,False,False,outside_priority_scope
eastern_kentucky,2018-19,Eastern Kentucky,,,,N,,,unknown,,,,,,False,,,,,False,False,outside_priority_scope
eastern_kentucky,2020-21,Eastern Kentucky,,,,N,,,unknown,,,,,,False,,,,,False,False,outside_priority_scope
eastern_kentucky,2021-22,Eastern Kentucky,,,,N,,,unknown,,,,,,False,,,,,False,False,outside_priority_scope
eastern_kentucky,2022-23,Eastern Kentucky,,,,N,,,unknown,,,,,,False,,,,,False,False,outside_priority_scope
eastern_kentucky,2023-24,Eastern Kentucky,,,,N,,,unknown,,,,,,False,,,,,False,False,outside_priority_scope
eastern_kentucky,2024-25,Eastern Kentucky,,,,N,,,unknown,,,,,,False,,,,,False,False,outside_priority_scope
eastern_kentucky,2025-26,Eastern Kentucky,,,,N,,,unknown,,,,,,False,,,,,False,False,outside_priority_scope
eastern_michigan,2017-18,Eastern Michigan,,,,N,,,unknown,,,,,,False,,,,,False,False,outside_priority_scope
eastern_michigan,2018-19,Eastern Michigan,,,,N,,,unknown,,,,,,False,,,,,False,False,outside_priority_scope
eastern_michigan,2020-21,Eastern Michigan,,,,N,,,unknown,,,,,,False,,,,,False,False,outside_priority_scope
eastern_michigan,2021-22,Eastern Michigan,,,,N,,,unknown,,,,,,False,,,,,False,False,outside_priority_scope
eastern_michigan,2022-23,Eastern Michigan,,,,N,,,unknown,,,,,,False,,,,,False,False,outside_priority_scope
eastern_michigan,2023-24,Eastern Michigan,,,,N,,,unknown,,,,,,False,,,,,False,False,outside_priority_scope
eastern_michigan,2024-25,Eastern Michigan,,,,N,,,unknown,,,,,,False,,,,,False,False,outside_priority_scope
eastern_michigan,2025-26,Eastern Michigan,,,,N,,,unknown,,,,,,False,,,,,False,False,outside_priority_scope
eastern_washington,2017-18,Eastern Washington,,,,N,,,unknown,,,,,,False,,,,,False,False,outside_priority_scope
eastern_washington,2018-19,Eastern Washington,,,,N,,,unknown,,,,,,False,,,,,False,False,outside_priority_scope
eastern_washington,2020-21,Eastern Washington,,,,N,,,unknown,,,,,,False,,,,,False,False,outside_priority_scope
eastern_washington,2021-22,Eastern Washington,,,,N,,,unknown,,,,,,False,,,,,False,False,outside_priority_scope
eastern_washington,2022-23,Eastern Washington,,,,N,,,unknown,,,,,,False,,,,,False,False,outside_priority_scope
eastern_washington,2023-24,Eastern Washington,,,,N,,,unknown,,,,,,False,,,,,False,False,outside_priority_scope
eastern_washington,2024-25,Eastern Washington,,,,N,,,unknown,,,,,,False,,,,,False,False,outside_priority_scope
eastern_washington,2025-26,Eastern Washington,,,,N,,,unknown,,,,,,False,,,,,False,False,outside_priority_scope
elon,2017-18,Elon,,,,N,,,unknown,,,,,,False,,,,,False,False,outside_priority_scope
elon,2018-19,Elon,,,,N,,,unknown,,,,,,False,,,,,False,False,outside_priority_scope
elon,2020-21,Elon,,,,N,,,unknown,,,,,,False,,,,,False,False,outside_priority_scope
elon,2021-22,Elon,,,,N,,,unknown,,,,,,False,,,,,False,False,outside_priority_scope
elon,2022-23,Elon,,,,N,,,unknown,,,,,,False,,,,,False,False,outside_priority_scope
elon,2023-24,Elon,,,,N,,,unknown,,,,,,False,,,,,False,False,outside_priority_scope
elon,2024-25,Elon,,,,N,,,unknown,,,,,,False,,,,,False,False,outside_priority_scope
elon,2025-26,Elon,,,,N,,,unknown,,,,,,False,,,,,False,False,outside_priority_scope
evansville,2017-18,Evansville,,,,N,,,unknown,,,,,,False,,,,,False,False,outside_priority_scope
evansville,2018-19,Evansville,,,,N,,,unknown,,,,,,False,,,,,False,False,outside_priority_scope
evansville,2020-21,Evansville,,,,N,,,unknown,,,,,,False,,,,,False,False,outside_priority_scope
evansville,2021-22,Evansville,,,,N,,,unknown,,,,,,False,,,,,False,False,outside_priority_scope
evansville,2022-23,Evansville,,,,N,,,unknown,,,,,,False,,,,,False,False,outside_priority_scope
evansville,2023-24,Evansville,,,,N,,,unknown,,,,,,False,,,,,False,False,outside_priority_scope
evansville,2024-25,Evansville,,,,N,,,unknown,,,,,,False,,,,,False,False,outside_priority_scope
evansville,2025-26,Evansville,,,,N,,,unknown,,,,,,False,,,,,False,False,outside_priority_scope
florida_atlantic,2017-18,Florida Atlantic,,,,N,,,unknown,,,,,,False,,,,,False,False,outside_priority_scope
florida_atlantic,2018-19,Florida Atlantic,,,,N,,,unknown,,,,,,False,,,,,False,False,outside_priority_scope
florida_atlantic,2020-21,Florida Atlantic,,,,N,,,unknown,,,,,,False,,,,,False,False,outside_priority_scope
florida_atlantic,2021-22,Florida Atlantic,,,,N,,,unknown,,,,,,False,,,,,False,False,outside_priority_scope
florida_atlantic,2022-23,Florida Atlantic,,,,N,,,unknown,,,,,,False,,,,,False,False,outside_priority_scope
florida_atlantic,2023-24,Florida Atlantic,,,,N,,,unknown,,,,,,False,,,,,False,False,outside_priority_scope
florida_atlantic,2024-25,Florida Atlantic,,,,N,,,unknown,,,,,,False,,,,,False,False,outside_priority_scope
florida_atlantic,2025-26,Florida Atlantic,,,,N,,,unknown,,,,,,False,,,,,False,False,outside_priority_scope
florida_international,2017-18,Florida International,,,,N,,,unknown,,,,,,False,,,,,False,False,outside_priority_scope
florida_international,2018-19,Florida International,,,,N,,,unknown,,,,,,False,,,,,False,False,outside_priority_scope
florida_international,2020-21,Florida International,,,,N,,,unknown,,,,,,False,,,,,False,False,outside_priority_scope
florida_international,2021-22,Florida International,,,,N,,,unknown,,,,,,False,,,,,False,False,outside_priority_scope
florida_international,2022-23,Florida International,,,,N,,,unknown,,,,,,False,,,,,False,False,outside_priority_scope
florida_international,2023-24,Florida International,,,,N,,,unknown,,,,,,False,,,,,False,False,outside_priority_scope
florida_international,2024-25,Florida International,,,,N,,,unknown,,,,,,False,,,,,False,False,outside_priority_scope
florida_international,2025-26,Florida International,,,,N,,,unknown,,,,,,False,,,,,False,False,outside_priority_scope
fairfield,2017-18,Fairfield,,,,N,,,unknown,,,,,,False,,,,,False,False,outside_priority_scope
fairfield,2018-19,Fairfield,,,,N,,,unknown,,,,,,False,,,,,False,False,outside_priority_scope
fairfield,2020-21,Fairfield,,,,N,,,unknown,,,,,,False,,,,,False,False,outside_priority_scope
fairfield,2021-22,Fairfield,,,,N,,,unknown,,,,,,False,,,,,False,False,outside_priority_scope
fairfield,2022-23,Fairfield,,,,N,,,unknown,,,,,,False,,,,,False,False,outside_priority_scope
fairfield,2023-24,Fairfield,,,,N,,,unknown,,,,,,False,,,,,False,False,outside_priority_scope
fairfield,2024-25,Fairfield,,,,N,,,unknown,,,,,,False,,,,,False,False,outside_priority_scope
fairfield,2025-26,Fairfield,,,,N,,,unknown,,,,,,False,,,,,False,False,outside_priority_scope
fairleigh_dickinson,2017-18,Fairleigh Dickinson,,,,N,,,unknown,,,,,,False,,,,,False,False,outside_priority_scope
fairleigh_dickinson,2018-19,Fairleigh Dickinson,,,,N,,,unknown,,,,,,False,,,,,False,False,outside_priority_scope
fairleigh_dickinson,2020-21,Fairleigh Dickinson,,,,N,,,unknown,,,,,,False,,,,,False,False,outside_priority_scope
fairleigh_dickinson,2021-22,Fairleigh Dickinson,,,,N,,,unknown,,,,,,False,,,,,False,False,outside_priority_scope
fairleigh_dickinson,2022-23,Fairleigh Dickinson,,,,N,,,unknown,,,,,,False,,,,,False,False,outside_priority_scope
fairleigh_dickinson,2023-24,Fairleigh Dickinson,,,,N,,,unknown,,,,,,False,,,,,False,False,outside_priority_scope
fairleigh_dickinson,2024-25,Fairleigh Dickinson,,,,N,,,unknown,,,,,,False,,,,,False,False,outside_priority_scope
fairleigh_dickinson,2025-26,Fairleigh Dickinson,,,,N,,,unknown,,,,,,False,,,,,False,False,outside_priority_scope
florida,2017-18,Florida,Nike,Nike,https://athleticdirectoru.com/articles/cash-is-king-in-intercollegiate-apparel-agreements/,Y,CRIA researchers table identifies provider in 2017-18 only. No forward-fill. Known erroneous Rutgers entry in compilation not used.,researchers contract compilation snapshot,A,legacy_072,secondary_contract_reporting,,,,True,,,,,False,True,direct_contract_evidence
florida,2018-19,Florida,Nike,Nike,https://www.onlygators.com/02/25/2015/florida-gators-extend-apparel-contract-with-nike/,Y,"2015 report extends Nike contract through April 1, 2024. Only full seasons covered here; later expiry season not extrapolated. Majority-season rule: Nike covered fall, winter and start of spring through April 1, 2024; later continuation supported separately. Expiration is not evidence of a brand switch.",specialist publication contract reporting,A,legacy_097,secondary_contract_reporting,,,,True,,,,,False,True,direct_contract_evidence
florida,2020-21,Florida,Nike,Nike,https://www.onlygators.com/02/25/2015/florida-gators-extend-apparel-contract-with-nike/,Y,"2015 report extends Nike contract through April 1, 2024. Only full seasons covered here; later expiry season not extrapolated. Majority-season rule: Nike covered fall, winter and start of spring through April 1, 2024; later continuation supported separately. Expiration is not evidence of a brand switch.",specialist publication contract reporting,A,legacy_097,secondary_contract_reporting,,,,True,,,,,False,True,direct_contract_evidence
florida,2021-22,Florida,Nike,Nike,https://www.onlygators.com/02/25/2015/florida-gators-extend-apparel-contract-with-nike/,Y,"2015 report extends Nike contract through April 1, 2024. Only full seasons covered here; later expiry season not extrapolated. Majority-season rule: Nike covered fall, winter and start of spring through April 1, 2024; later continuation supported separately. Expiration is not evidence of a brand switch.",specialist publication contract reporting,A,legacy_097,secondary_contract_reporting,,,,True,,,,,False,True,direct_contract_evidence
florida,2022-23,Florida,Nike,Nike,https://www.onlygators.com/02/25/2015/florida-gators-extend-apparel-contract-with-nike/,Y,"2015 report extends Nike contract through April 1, 2024. Only full seasons covered here; later expiry season not extrapolated. Majority-season rule: Nike covered fall, winter and start of spring through April 1, 2024; later continuation supported separately. Expiration is not evidence of a brand switch.",specialist publication contract reporting,A,legacy_097,secondary_contract_reporting,,,,True,,,,,False,True,direct_contract_evidence
florida,2023-24,Florida,Nike,Nike,https://www.onlygators.com/02/25/2015/florida-gators-extend-apparel-contract-with-nike/,Y,"2015 report extends Nike contract through April 1, 2024. Only full seasons covered here; later expiry season not extrapolated. Majority-season rule: Nike covered fall, winter and start of spring through April 1, 2024; later continuation supported separately. Expiration is not evidence of a brand switch.",specialist publication contract reporting,A,legacy_097,secondary_contract_reporting,,,,True,,,,,False,True,direct_contract_evidence
florida,2024-25,Florida,Nike,Nike,https://www.onlygators.com/02/25/2015/florida-gators-extend-apparel-contract-with-nike/,N,Inferred between 2023-24 (A) and 2025-26 (B); same provider and no known intervening transition in reviewed evidence.,"continuity inference; endpoints only, not direct seasonal observation",C,,inferred_from_two_sources,,,,True,2023-24,2025-26,https://www.onlygators.com/02/25/2015/florida-gators-extend-apparel-contract-with-nike/,https://floridagators.com/sports/2025/8/6/overview-name-image-likeness,True,True,inferred_continuity
florida,2025-26,Florida,Nike,Nike,https://floridagators.com/sports/2025/8/6/overview-name-image-likeness,Y,August 2025 NIL overview names Nike/Jordan as team sponsors. Mixed footprint normalized Nike.,dated university policy snapshot,B,legacy_098,official_policy,2025-08-06,,,True,,,,,False,True,dated_official_use
florida_a_m,2017-18,Florida A&M,,,,N,,,unknown,,,,,,False,,,,,False,False,outside_priority_scope
florida_a_m,2018-19,Florida A&M,,,,N,,,unknown,,,,,,False,,,,,False,False,outside_priority_scope
florida_a_m,2020-21,Florida A&M,,,,N,,,unknown,,,,,,False,,,,,False,False,outside_priority_scope
florida_a_m,2021-22,Florida A&M,,,,N,,,unknown,,,,,,False,,,,,False,False,outside_priority_scope
florida_a_m,2022-23,Florida A&M,,,,N,,,unknown,,,,,,False,,,,,False,False,outside_priority_scope
florida_a_m,2023-24,Florida A&M,,,,N,,,unknown,,,,,,False,,,,,False,False,outside_priority_scope
florida_a_m,2024-25,Florida A&M,,,,N,,,unknown,,,,,,False,,,,,False,False,outside_priority_scope
florida_a_m,2025-26,Florida A&M,,,,N,,,unknown,,,,,,False,,,,,False,False,outside_priority_scope
florida_gulf_coast,2017-18,Florida Gulf Coast,,,,N,,,unknown,,,,,,False,,,,,False,False,outside_priority_scope
florida_gulf_coast,2018-19,Florida Gulf Coast,,,,N,,,unknown,,,,,,False,,,,,False,False,outside_priority_scope
florida_gulf_coast,2020-21,Florida Gulf Coast,,,,N,,,unknown,,,,,,False,,,,,False,False,outside_priority_scope
florida_gulf_coast,2021-22,Florida Gulf Coast,,,,N,,,unknown,,,,,,False,,,,,False,False,outside_priority_scope
florida_gulf_coast,2022-23,Florida Gulf Coast,,,,N,,,unknown,,,,,,False,,,,,False,False,outside_priority_scope
florida_gulf_coast,2023-24,Florida Gulf Coast,,,,N,,,unknown,,,,,,False,,,,,False,False,outside_priority_scope
florida_gulf_coast,2024-25,Florida Gulf Coast,,,,N,,,unknown,,,,,,False,,,,,False,False,outside_priority_scope
florida_gulf_coast,2025-26,Florida Gulf Coast,,,,N,,,unknown,,,,,,False,,,,,False,False,outside_priority_scope
florida_state,2017-18,Florida State,Nike,Nike,https://athleticdirectoru.com/articles/cash-is-king-in-intercollegiate-apparel-agreements/,Y,CRIA researchers table identifies provider in 2017-18 only. No forward-fill. Known erroneous Rutgers entry in compilation not used.,researchers contract compilation snapshot,A,legacy_073,secondary_contract_reporting,,,,True,,,,,False,True,direct_contract_evidence
florida_state,2018-19,Florida State,Nike,Nike,https://seminoles.com/documents/download/2024/1/15/Florida_State_University_Department_of_Intercollegiate_Athletics_FY23.pdf,Y,"Audited statement p.22 (PDF p.24): May 31, 2019 amendment extends existing Nike agreement through July 31, 2029.",university audited financial statements,A,legacy_060,audited_statement,,,,True,,,,,False,True,direct_contract_evidence
florida_state,2020-21,Florida State,Nike,Nike,https://seminoles.com/documents/download/2024/1/15/Florida_State_University_Department_of_Intercollegiate_Athletics_FY23.pdf,Y,"Audited statement p.22 (PDF p.24): May 31, 2019 amendment extends existing Nike agreement through July 31, 2029.",university audited financial statements,A,legacy_060,audited_statement,,,,True,,,,,False,True,direct_contract_evidence
florida_state,2021-22,Florida State,Nike,Nike,https://seminoles.com/documents/download/2024/1/15/Florida_State_University_Department_of_Intercollegiate_Athletics_FY23.pdf,Y,"Audited statement p.22 (PDF p.24): May 31, 2019 amendment extends existing Nike agreement through July 31, 2029.",university audited financial statements,A,legacy_060,audited_statement,,,,True,,,,,False,True,direct_contract_evidence
florida_state,2022-23,Florida State,Nike,Nike,https://seminoles.com/documents/download/2024/1/15/Florida_State_University_Department_of_Intercollegiate_Athletics_FY23.pdf,Y,"Audited statement p.22 (PDF p.24): May 31, 2019 amendment extends existing Nike agreement through July 31, 2029.",university audited financial statements,A,legacy_060,audited_statement,,,,True,,,,,False,True,direct_contract_evidence
florida_state,2023-24,Florida State,Nike,Nike,https://seminoles.com/documents/download/2024/1/15/Florida_State_University_Department_of_Intercollegiate_Athletics_FY23.pdf,Y,"Audited statement p.22 (PDF p.24): May 31, 2019 amendment extends existing Nike agreement through July 31, 2029.",university audited financial statements,A,legacy_060,audited_statement,,,,True,,,,,False,True,direct_contract_evidence
florida_state,2024-25,Florida State,Nike,Nike,https://seminoles.com/documents/download/2024/1/15/Florida_State_University_Department_of_Intercollegiate_Athletics_FY23.pdf,Y,"Audited statement p.22 (PDF p.24): May 31, 2019 amendment extends existing Nike agreement through July 31, 2029.",university audited financial statements,A,legacy_060,audited_statement,,,,True,,,,,False,True,direct_contract_evidence
florida_state,2025-26,Florida State,Nike,Nike,https://seminoles.com/documents/download/2024/1/15/Florida_State_University_Department_of_Intercollegiate_Athletics_FY23.pdf,Y,"Audited statement p.22 (PDF p.24): May 31, 2019 amendment extends existing Nike agreement through July 31, 2029.",university audited financial statements,A,legacy_060,audited_statement,,,,True,,,,,False,True,direct_contract_evidence
fordham,2017-18,Fordham,,,,N,,,unknown,,,,,,False,,,,,False,False,outside_priority_scope
fordham,2018-19,Fordham,,,,N,,,unknown,,,,,,False,,,,,False,False,outside_priority_scope
fordham,2020-21,Fordham,,,,N,,,unknown,,,,,,False,,,,,False,False,outside_priority_scope
fordham,2021-22,Fordham,,,,N,,,unknown,,,,,,False,,,,,False,False,outside_priority_scope
fordham,2022-23,Fordham,,,,N,,,unknown,,,,,,False,,,,,False,False,outside_priority_scope
fordham,2023-24,Fordham,,,,N,,,unknown,,,,,,False,,,,,False,False,outside_priority_scope
fordham,2024-25,Fordham,,,,N,,,unknown,,,,,,False,,,,,False,False,outside_priority_scope
fordham,2025-26,Fordham,,,,N,,,unknown,,,,,,False,,,,,False,False,outside_priority_scope
fresno_state,2017-18,Fresno State,,,,N,,,unknown,,,,,,False,,,,,False,False,outside_priority_scope
fresno_state,2018-19,Fresno State,,,,N,,,unknown,,,,,,False,,,,,False,False,outside_priority_scope
fresno_state,2020-21,Fresno State,,,,N,,,unknown,,,,,,False,,,,,False,False,outside_priority_scope
fresno_state,2021-22,Fresno State,,,,N,,,unknown,,,,,,False,,,,,False,False,outside_priority_scope
fresno_state,2022-23,Fresno State,,,,N,,,unknown,,,,,,False,,,,,False,False,outside_priority_scope
fresno_state,2023-24,Fresno State,,,,N,,,unknown,,,,,,False,,,,,False,False,outside_priority_scope
fresno_state,2024-25,Fresno State,,,,N,,,unknown,,,,,,False,,,,,False,False,outside_priority_scope
fresno_state,2025-26,Fresno State,,,,N,,,unknown,,,,,,False,,,,,False,False,outside_priority_scope
furman,2017-18,Furman,,,,N,,,unknown,,,,,,False,,,,,False,False,outside_priority_scope
furman,2018-19,Furman,,,,N,,,unknown,,,,,,False,,,,,False,False,outside_priority_scope
furman,2020-21,Furman,,,,N,,,unknown,,,,,,False,,,,,False,False,outside_priority_scope
furman,2021-22,Furman,,,,N,,,unknown,,,,,,False,,,,,False,False,outside_priority_scope
furman,2022-23,Furman,,,,N,,,unknown,,,,,,False,,,,,False,False,outside_priority_scope
furman,2023-24,Furman,,,,N,,,unknown,,,,,,False,,,,,False,False,outside_priority_scope
furman,2024-25,Furman,,,,N,,,unknown,,,,,,False,,,,,False,False,outside_priority_scope
furman,2025-26,Furman,,,,N,,,unknown,,,,,,False,,,,,False,False,outside_priority_scope
gardner_webb,2017-18,Gardner-Webb,,,,N,,,unknown,,,,,,False,,,,,False,False,outside_priority_scope
gardner_webb,2018-19,Gardner-Webb,,,,N,,,unknown,,,,,,False,,,,,False,False,outside_priority_scope
gardner_webb,2020-21,Gardner-Webb,,,,N,,,unknown,,,,,,False,,,,,False,False,outside_priority_scope
gardner_webb,2021-22,Gardner-Webb,,,,N,,,unknown,,,,,,False,,,,,False,False,outside_priority_scope
gardner_webb,2022-23,Gardner-Webb,,,,N,,,unknown,,,,,,False,,,,,False,False,outside_priority_scope
gardner_webb,2023-24,Gardner-Webb,,,,N,,,unknown,,,,,,False,,,,,False,False,outside_priority_scope
gardner_webb,2024-25,Gardner-Webb,,,,N,,,unknown,,,,,,False,,,,,False,False,outside_priority_scope
gardner_webb,2025-26,Gardner-Webb,,,,N,,,unknown,,,,,,False,,,,,False,False,outside_priority_scope
george_mason,2017-18,George Mason,,,,N,,,unknown,,,,,,False,,,,,False,False,outside_priority_scope
george_mason,2018-19,George Mason,,,,N,,,unknown,,,,,,False,,,,,False,False,outside_priority_scope
george_mason,2020-21,George Mason,,,,N,,,unknown,,,,,,False,,,,,False,False,outside_priority_scope
george_mason,2021-22,George Mason,,,,N,,,unknown,,,,,,False,,,,,False,False,outside_priority_scope
george_mason,2022-23,George Mason,,,,N,,,unknown,,,,,,False,,,,,False,False,outside_priority_scope
george_mason,2023-24,George Mason,,,,N,,,unknown,,,,,,False,,,,,False,False,outside_priority_scope
george_mason,2024-25,George Mason,,,,N,,,unknown,,,,,,False,,,,,False,False,outside_priority_scope
george_mason,2025-26,George Mason,,,,N,,,unknown,,,,,,False,,,,,False,False,outside_priority_scope
george_washington,2017-18,George Washington,,,,N,,,unknown,,,,,,False,,,,,False,False,outside_priority_scope
george_washington,2018-19,George Washington,,,,N,,,unknown,,,,,,False,,,,,False,False,outside_priority_scope
george_washington,2020-21,George Washington,,,,N,,,unknown,,,,,,False,,,,,False,False,outside_priority_scope
george_washington,2021-22,George Washington,,,,N,,,unknown,,,,,,False,,,,,False,False,outside_priority_scope
george_washington,2022-23,George Washington,,,,N,,,unknown,,,,,,False,,,,,False,False,outside_priority_scope
george_washington,2023-24,George Washington,,,,N,,,unknown,,,,,,False,,,,,False,False,outside_priority_scope
george_washington,2024-25,George Washington,,,,N,,,unknown,,,,,,False,,,,,False,False,outside_priority_scope
george_washington,2025-26,George Washington,,,,N,,,unknown,,,,,,False,,,,,False,False,outside_priority_scope
georgetown,2017-18,Georgetown,,,,N,,,unknown,,,,,,False,,,,,False,False,outside_priority_scope
georgetown,2018-19,Georgetown,,,,N,,,unknown,,,,,,False,,,,,False,False,outside_priority_scope
georgetown,2020-21,Georgetown,,,,N,,,unknown,,,,,,False,,,,,False,False,outside_priority_scope
georgetown,2021-22,Georgetown,,,,N,,,unknown,,,,,,False,,,,,False,False,outside_priority_scope
georgetown,2022-23,Georgetown,,,,N,,,unknown,,,,,,False,,,,,False,False,outside_priority_scope
georgetown,2023-24,Georgetown,,,,N,,,unknown,,,,,,False,,,,,False,False,outside_priority_scope
georgetown,2024-25,Georgetown,,,,N,,,unknown,,,,,,False,,,,,False,False,outside_priority_scope
georgetown,2025-26,Georgetown,,,,N,,,unknown,,,,,,False,,,,,False,False,outside_priority_scope
georgia,2017-18,Georgia,Nike,Nike,https://www.sportsbusinessjournal.com/Daily/Issues/2015/05/20/Marketing-and-Sponsorship/Georgia-Nike/,Y,"Documents reported to extend all-school Nike arrangement through June 30, 2024.",secondary contract reporting,A,legacy_059,secondary_contract_reporting,,,,True,,,,,False,True,direct_contract_evidence
georgia,2018-19,Georgia,Nike,Nike,https://www.sportsbusinessjournal.com/Daily/Issues/2015/05/20/Marketing-and-Sponsorship/Georgia-Nike/,Y,"Documents reported to extend all-school Nike arrangement through June 30, 2024.",secondary contract reporting,A,legacy_059,secondary_contract_reporting,,,,True,,,,,False,True,direct_contract_evidence
georgia,2020-21,Georgia,Nike,Nike,https://www.sportsbusinessjournal.com/Daily/Issues/2015/05/20/Marketing-and-Sponsorship/Georgia-Nike/,Y,"Documents reported to extend all-school Nike arrangement through June 30, 2024.",secondary contract reporting,A,legacy_059,secondary_contract_reporting,,,,True,,,,,False,True,direct_contract_evidence
georgia,2021-22,Georgia,Nike,Nike,https://www.sportsbusinessjournal.com/Daily/Issues/2015/05/20/Marketing-and-Sponsorship/Georgia-Nike/,Y,"Documents reported to extend all-school Nike arrangement through June 30, 2024.",secondary contract reporting,A,legacy_059,secondary_contract_reporting,,,,True,,,,,False,True,direct_contract_evidence
georgia,2022-23,Georgia,Nike,Nike,https://www.sportsbusinessjournal.com/Daily/Issues/2015/05/20/Marketing-and-Sponsorship/Georgia-Nike/,Y,"Documents reported to extend all-school Nike arrangement through June 30, 2024.",secondary contract reporting,A,legacy_059,secondary_contract_reporting,,,,True,,,,,False,True,direct_contract_evidence
georgia,2023-24,Georgia,Nike,Nike,https://www.sportsbusinessjournal.com/Daily/Issues/2015/05/20/Marketing-and-Sponsorship/Georgia-Nike/,Y,"Documents reported to extend all-school Nike arrangement through June 30, 2024.",secondary contract reporting,A,legacy_059,secondary_contract_reporting,,,,True,,,,,False,True,direct_contract_evidence
georgia,2024-25,Georgia,,,,N,,,unknown,,,,,,True,,,,,False,False,unknown
georgia,2025-26,Georgia,,,,N,,,unknown,,,,,,True,,,,,False,False,unknown
georgia_southern,2017-18,Georgia Southern,,,,N,,,unknown,,,,,,False,,,,,False,False,outside_priority_scope
georgia_southern,2018-19,Georgia Southern,,,,N,,,unknown,,,,,,False,,,,,False,False,outside_priority_scope
georgia_southern,2020-21,Georgia Southern,,,,N,,,unknown,,,,,,False,,,,,False,False,outside_priority_scope
georgia_southern,2021-22,Georgia Southern,,,,N,,,unknown,,,,,,False,,,,,False,False,outside_priority_scope
georgia_southern,2022-23,Georgia Southern,,,,N,,,unknown,,,,,,False,,,,,False,False,outside_priority_scope
georgia_southern,2023-24,Georgia Southern,,,,N,,,unknown,,,,,,False,,,,,False,False,outside_priority_scope
georgia_southern,2024-25,Georgia Southern,,,,N,,,unknown,,,,,,False,,,,,False,False,outside_priority_scope
georgia_southern,2025-26,Georgia Southern,,,,N,,,unknown,,,,,,False,,,,,False,False,outside_priority_scope
georgia_state,2017-18,Georgia State,,,,N,,,unknown,,,,,,False,,,,,False,False,outside_priority_scope
georgia_state,2018-19,Georgia State,,,,N,,,unknown,,,,,,False,,,,,False,False,outside_priority_scope
georgia_state,2020-21,Georgia State,,,,N,,,unknown,,,,,,False,,,,,False,False,outside_priority_scope
georgia_state,2021-22,Georgia State,,,,N,,,unknown,,,,,,False,,,,,False,False,outside_priority_scope
georgia_state,2022-23,Georgia State,,,,N,,,unknown,,,,,,False,,,,,False,False,outside_priority_scope
georgia_state,2023-24,Georgia State,,,,N,,,unknown,,,,,,False,,,,,False,False,outside_priority_scope
georgia_state,2024-25,Georgia State,,,,N,,,unknown,,,,,,False,,,,,False,False,outside_priority_scope
georgia_state,2025-26,Georgia State,,,,N,,,unknown,,,,,,False,,,,,False,False,outside_priority_scope
georgia_tech,2017-18,Georgia Tech,other,Russell Athletic,https://athleticdirectoru.com/articles/cash-is-king-in-intercollegiate-apparel-agreements/,Y,2017-18 snapshot; adidas starts following season.,researchers contract compilation snapshot,A,legacy_081,secondary_contract_reporting,,,,True,,,,,False,True,direct_contract_evidence
georgia_tech,2018-19,Georgia Tech,adidas,adidas,https://ramblinwreck.com/news/2017/08/22/georgia-tech-joins-adidas-roster-of-collegiate-partnerships,Y,"Six-year all-17-program agreement starts July 1, 2018 through 2024.",official announcement; study-window coverage only,A,legacy_019,official_announcement,,,,True,,,,,False,True,direct_contract_evidence
georgia_tech,2020-21,Georgia Tech,adidas,adidas,https://ramblinwreck.com/news/2017/08/22/georgia-tech-joins-adidas-roster-of-collegiate-partnerships,Y,"Six-year all-17-program agreement starts July 1, 2018 through 2024.",official announcement; study-window coverage only,A,legacy_019,official_announcement,,,,True,,,,,False,True,direct_contract_evidence
georgia_tech,2021-22,Georgia Tech,adidas,adidas,https://ramblinwreck.com/news/2017/08/22/georgia-tech-joins-adidas-roster-of-collegiate-partnerships,Y,"Six-year all-17-program agreement starts July 1, 2018 through 2024.",official announcement; study-window coverage only,A,legacy_019,official_announcement,,,,True,,,,,False,True,direct_contract_evidence
georgia_tech,2022-23,Georgia Tech,adidas,adidas,https://ramblinwreck.com/news/2017/08/22/georgia-tech-joins-adidas-roster-of-collegiate-partnerships,Y,"Six-year all-17-program agreement starts July 1, 2018 through 2024.",official announcement; study-window coverage only,A,legacy_019,official_announcement,,,,True,,,,,False,True,direct_contract_evidence
georgia_tech,2023-24,Georgia Tech,adidas,adidas,https://ramblinwreck.com/news/2017/08/22/georgia-tech-joins-adidas-roster-of-collegiate-partnerships,Y,"Six-year all-17-program agreement starts July 1, 2018 through 2024.",official announcement; study-window coverage only,A,legacy_019,official_announcement,,,,True,,,,,False,True,direct_contract_evidence
georgia_tech,2024-25,Georgia Tech,adidas,adidas,https://www.ajc.com/sports/2025/10/georgia-tech-switching-to-under-armour-for-uniforms-apparel/,Y,October 2025 reporting confirms adidas agreement was extended two years in 2024; replacement Under Armour begins in 2026.,dated newspaper report confirming executed extension,A,legacy_102,contract,,,,True,,,,,False,True,direct_contract_evidence
georgia_tech,2025-26,Georgia Tech,adidas,adidas,https://www.ajc.com/sports/2025/10/georgia-tech-switching-to-under-armour-for-uniforms-apparel/,Y,October 2025 reporting confirms adidas agreement was extended two years in 2024; replacement Under Armour begins in 2026.,dated newspaper report confirming executed extension,A,legacy_102,contract,,,,True,,,,,False,True,direct_contract_evidence
gonzaga,2017-18,Gonzaga,,,,N,,,unknown,,,,,,False,,,,,False,False,outside_priority_scope
gonzaga,2018-19,Gonzaga,,,,N,,,unknown,,,,,,False,,,,,False,False,outside_priority_scope
gonzaga,2020-21,Gonzaga,,,,N,,,unknown,,,,,,False,,,,,False,False,outside_priority_scope
gonzaga,2021-22,Gonzaga,,,,N,,,unknown,,,,,,False,,,,,False,False,outside_priority_scope
gonzaga,2022-23,Gonzaga,,,,N,,,unknown,,,,,,False,,,,,False,False,outside_priority_scope
gonzaga,2023-24,Gonzaga,,,,N,,,unknown,,,,,,False,,,,,False,False,outside_priority_scope
gonzaga,2024-25,Gonzaga,,,,N,,,unknown,,,,,,False,,,,,False,False,outside_priority_scope
gonzaga,2025-26,Gonzaga,,,,N,,,unknown,,,,,,False,,,,,False,False,outside_priority_scope
grambling_state,2017-18,Grambling State,,,,N,,,unknown,,,,,,False,,,,,False,False,outside_priority_scope
grambling_state,2018-19,Grambling State,,,,N,,,unknown,,,,,,False,,,,,False,False,outside_priority_scope
grambling_state,2020-21,Grambling State,,,,N,,,unknown,,,,,,False,,,,,False,False,outside_priority_scope
grambling_state,2021-22,Grambling State,,,,N,,,unknown,,,,,,False,,,,,False,False,outside_priority_scope
grambling_state,2022-23,Grambling State,,,,N,,,unknown,,,,,,False,,,,,False,False,outside_priority_scope
grambling_state,2023-24,Grambling State,,,,N,,,unknown,,,,,,False,,,,,False,False,outside_priority_scope
grambling_state,2024-25,Grambling State,,,,N,,,unknown,,,,,,False,,,,,False,False,outside_priority_scope
grambling_state,2025-26,Grambling State,,,,N,,,unknown,,,,,,False,,,,,False,False,outside_priority_scope
grand_canyon,2017-18,Grand Canyon,,,,N,,,unknown,,,,,,False,,,,,False,False,outside_priority_scope
grand_canyon,2018-19,Grand Canyon,,,,N,,,unknown,,,,,,False,,,,,False,False,outside_priority_scope
grand_canyon,2020-21,Grand Canyon,,,,N,,,unknown,,,,,,False,,,,,False,False,outside_priority_scope
grand_canyon,2021-22,Grand Canyon,,,,N,,,unknown,,,,,,False,,,,,False,False,outside_priority_scope
grand_canyon,2022-23,Grand Canyon,,,,N,,,unknown,,,,,,False,,,,,False,False,outside_priority_scope
grand_canyon,2023-24,Grand Canyon,,,,N,,,unknown,,,,,,False,,,,,False,False,outside_priority_scope
grand_canyon,2024-25,Grand Canyon,,,,N,,,unknown,,,,,,False,,,,,False,False,outside_priority_scope
grand_canyon,2025-26,Grand Canyon,,,,N,,,unknown,,,,,,False,,,,,False,False,outside_priority_scope
hartford,2017-18,Hartford,,,,N,,,unknown,,,,,,False,,,,,False,False,outside_priority_scope
hartford,2018-19,Hartford,,,,N,,,unknown,,,,,,False,,,,,False,False,outside_priority_scope
hartford,2020-21,Hartford,,,,N,,,unknown,,,,,,False,,,,,False,False,outside_priority_scope
hartford,2021-22,Hartford,,,,N,,,unknown,,,,,,False,,,,,False,False,outside_priority_scope
hartford,2022-23,Hartford,,,,N,,,unknown,,,,,,False,,,,,False,False,outside_priority_scope
hartford,2023-24,Hartford,,,,N,,,unknown,,,,,,False,,,,,False,False,outside_priority_scope
hartford,2024-25,Hartford,,,,N,,,unknown,,,,,,False,,,,,False,False,outside_priority_scope
hartford,2025-26,Hartford,,,,N,,,unknown,,,,,,False,,,,,False,False,outside_priority_scope
harvard,2017-18,Harvard,,,,N,,,unknown,,,,,,True,,,,,False,False,unknown
harvard,2018-19,Harvard,,,,N,,,unknown,,,,,,True,,,,,False,False,unknown
harvard,2020-21,Harvard,,,,N,,,unknown,,,,,,True,,,,,False,False,unknown
harvard,2021-22,Harvard,,,,N,,,unknown,,,,,,True,,,,,False,False,unknown
harvard,2022-23,Harvard,,,,N,,,unknown,,,,,,True,,,,,False,False,unknown
harvard,2023-24,Harvard,,,,N,,,unknown,,,,,,True,,,,,False,False,unknown
harvard,2024-25,Harvard,,,,N,,,unknown,,,,,,True,,,,,False,False,unknown
harvard,2025-26,Harvard,,,,N,,,unknown,,,,,,True,,,,,False,False,unknown
hawaii,2017-18,Hawaii,,,,N,,,unknown,,,,,,False,,,,,False,False,outside_priority_scope
hawaii,2018-19,Hawaii,,,,N,,,unknown,,,,,,False,,,,,False,False,outside_priority_scope
hawaii,2020-21,Hawaii,,,,N,,,unknown,,,,,,False,,,,,False,False,outside_priority_scope
hawaii,2021-22,Hawaii,,,,N,,,unknown,,,,,,False,,,,,False,False,outside_priority_scope
hawaii,2022-23,Hawaii,,,,N,,,unknown,,,,,,False,,,,,False,False,outside_priority_scope
hawaii,2023-24,Hawaii,,,,N,,,unknown,,,,,,False,,,,,False,False,outside_priority_scope
hawaii,2024-25,Hawaii,,,,N,,,unknown,,,,,,False,,,,,False,False,outside_priority_scope
hawaii,2025-26,Hawaii,,,,N,,,unknown,,,,,,False,,,,,False,False,outside_priority_scope
high_point,2017-18,High Point,,,,N,,,unknown,,,,,,False,,,,,False,False,outside_priority_scope
high_point,2018-19,High Point,,,,N,,,unknown,,,,,,False,,,,,False,False,outside_priority_scope
high_point,2020-21,High Point,,,,N,,,unknown,,,,,,False,,,,,False,False,outside_priority_scope
high_point,2021-22,High Point,,,,N,,,unknown,,,,,,False,,,,,False,False,outside_priority_scope
high_point,2022-23,High Point,,,,N,,,unknown,,,,,,False,,,,,False,False,outside_priority_scope
high_point,2023-24,High Point,,,,N,,,unknown,,,,,,False,,,,,False,False,outside_priority_scope
high_point,2024-25,High Point,,,,N,,,unknown,,,,,,False,,,,,False,False,outside_priority_scope
high_point,2025-26,High Point,,,,N,,,unknown,,,,,,False,,,,,False,False,outside_priority_scope
hofstra,2017-18,Hofstra,,,,N,,,unknown,,,,,,False,,,,,False,False,outside_priority_scope
hofstra,2018-19,Hofstra,,,,N,,,unknown,,,,,,False,,,,,False,False,outside_priority_scope
hofstra,2020-21,Hofstra,,,,N,,,unknown,,,,,,False,,,,,False,False,outside_priority_scope
hofstra,2021-22,Hofstra,,,,N,,,unknown,,,,,,False,,,,,False,False,outside_priority_scope
hofstra,2022-23,Hofstra,,,,N,,,unknown,,,,,,False,,,,,False,False,outside_priority_scope
hofstra,2023-24,Hofstra,,,,N,,,unknown,,,,,,False,,,,,False,False,outside_priority_scope
hofstra,2024-25,Hofstra,,,,N,,,unknown,,,,,,False,,,,,False,False,outside_priority_scope
hofstra,2025-26,Hofstra,,,,N,,,unknown,,,,,,False,,,,,False,False,outside_priority_scope
holy_cross,2017-18,Holy Cross,,,,N,,,unknown,,,,,,False,,,,,False,False,outside_priority_scope
holy_cross,2018-19,Holy Cross,,,,N,,,unknown,,,,,,False,,,,,False,False,outside_priority_scope
holy_cross,2020-21,Holy Cross,,,,N,,,unknown,,,,,,False,,,,,False,False,outside_priority_scope
holy_cross,2021-22,Holy Cross,,,,N,,,unknown,,,,,,False,,,,,False,False,outside_priority_scope
holy_cross,2022-23,Holy Cross,,,,N,,,unknown,,,,,,False,,,,,False,False,outside_priority_scope
holy_cross,2023-24,Holy Cross,,,,N,,,unknown,,,,,,False,,,,,False,False,outside_priority_scope
holy_cross,2024-25,Holy Cross,,,,N,,,unknown,,,,,,False,,,,,False,False,outside_priority_scope
holy_cross,2025-26,Holy Cross,,,,N,,,unknown,,,,,,False,,,,,False,False,outside_priority_scope
houston,2017-18,Houston,Nike,Nike,https://athleticdirectoru.com/articles/cash-is-king-in-intercollegiate-apparel-agreements/,Y,CRIA researchers table identifies provider in 2017-18 only. No forward-fill. Known erroneous Rutgers entry in compilation not used.,researchers contract compilation snapshot,A,legacy_074,secondary_contract_reporting,,,,True,,,,,False,True,direct_contract_evidence
houston,2018-19,Houston,Nike,Nike,https://athleticdirectoru.com/articles/cash-is-king-in-intercollegiate-apparel-agreements/,N,Inferred between 2017-18 (A) and 2022-23 (A); same provider and no known intervening transition in reviewed evidence.,"continuity inference; endpoints only, not direct seasonal observation",C,,inferred_from_two_sources,,,,True,2017-18,2022-23,https://athleticdirectoru.com/articles/cash-is-king-in-intercollegiate-apparel-agreements/,https://www.houstonchronicle.com/texas-sports-nation/college/article/houston-cougars-basketball-jordan-brand-impact-17851683.php,True,True,inferred_continuity
houston,2020-21,Houston,Nike,Nike,https://athleticdirectoru.com/articles/cash-is-king-in-intercollegiate-apparel-agreements/,N,Inferred between 2017-18 (A) and 2022-23 (A); same provider and no known intervening transition in reviewed evidence.,"continuity inference; endpoints only, not direct seasonal observation",C,,inferred_from_two_sources,,,,True,2017-18,2022-23,https://athleticdirectoru.com/articles/cash-is-king-in-intercollegiate-apparel-agreements/,https://www.houstonchronicle.com/texas-sports-nation/college/article/houston-cougars-basketball-jordan-brand-impact-17851683.php,True,True,inferred_continuity
houston,2021-22,Houston,Nike,Nike,https://athleticdirectoru.com/articles/cash-is-king-in-intercollegiate-apparel-agreements/,N,Inferred between 2017-18 (A) and 2022-23 (A); same provider and no known intervening transition in reviewed evidence.,"continuity inference; endpoints only, not direct seasonal observation",C,,inferred_from_two_sources,,,,True,2017-18,2022-23,https://athleticdirectoru.com/articles/cash-is-king-in-intercollegiate-apparel-agreements/,https://www.houstonchronicle.com/texas-sports-nation/college/article/houston-cougars-basketball-jordan-brand-impact-17851683.php,True,True,inferred_continuity
houston,2022-23,Houston,Nike,Nike,https://www.houstonchronicle.com/texas-sports-nation/college/article/houston-cougars-basketball-jordan-brand-impact-17851683.php,Y,March 2023 article identifies separate Nike contract for fifteen varsity programs and Jordan basketball. Primary department provider Nike.,local newspaper reporting,A,legacy_092,secondary_contract_reporting,,,,True,,,,,False,True,direct_contract_evidence
houston,2023-24,Houston,Nike,Nike,https://www.houstonchronicle.com/texas-sports-nation/college/article/houston-cougars-basketball-jordan-brand-impact-17851683.php,N,Inferred between 2022-23 (A) and 2025-26 (B); same provider and no known intervening transition in reviewed evidence.,"continuity inference; endpoints only, not direct seasonal observation",C,,inferred_from_two_sources,,,,True,2022-23,2025-26,https://www.houstonchronicle.com/texas-sports-nation/college/article/houston-cougars-basketball-jordan-brand-impact-17851683.php,https://web.archive.org/web/20251001185258/https://uhcougars.com/,True,True,inferred_continuity
houston,2024-25,Houston,Nike,Nike,https://www.houstonchronicle.com/texas-sports-nation/college/article/houston-cougars-basketball-jordan-brand-impact-17851683.php,N,Inferred between 2022-23 (A) and 2025-26 (B); same provider and no known intervening transition in reviewed evidence.,"continuity inference; endpoints only, not direct seasonal observation",C,,inferred_from_two_sources,,,,True,2022-23,2025-26,https://www.houstonchronicle.com/texas-sports-nation/college/article/houston-cougars-basketball-jordan-brand-impact-17851683.php,https://web.archive.org/web/20251001185258/https://uhcougars.com/,True,True,inferred_continuity
houston,2025-26,Houston,Nike,Nike,https://web.archive.org/web/20251001185258/https://uhcougars.com/,Y,Archived official athletics site displays brand in department footer or sponsor section. Archived Snapshot reviewed during research; follow the archive URL to inspect the original.,dated official evidence,B,tier_106,wayback_official_site,2025-10-01,https://web.archive.org/web/20251001185258/https://uhcougars.com/,2025-10-01,True,,,,,False,True,dated_official_use
houston_christian,2017-18,Houston Christian,,,,N,,,unknown,,,,,,False,,,,,False,False,outside_priority_scope
houston_christian,2018-19,Houston Christian,,,,N,,,unknown,,,,,,False,,,,,False,False,outside_priority_scope
houston_christian,2020-21,Houston Christian,,,,N,,,unknown,,,,,,False,,,,,False,False,outside_priority_scope
houston_christian,2021-22,Houston Christian,,,,N,,,unknown,,,,,,False,,,,,False,False,outside_priority_scope
houston_christian,2022-23,Houston Christian,,,,N,,,unknown,,,,,,False,,,,,False,False,outside_priority_scope
houston_christian,2023-24,Houston Christian,,,,N,,,unknown,,,,,,False,,,,,False,False,outside_priority_scope
houston_christian,2024-25,Houston Christian,,,,N,,,unknown,,,,,,False,,,,,False,False,outside_priority_scope
houston_christian,2025-26,Houston Christian,,,,N,,,unknown,,,,,,False,,,,,False,False,outside_priority_scope
howard,2017-18,Howard,,,,N,,,unknown,,,,,,False,,,,,False,False,outside_priority_scope
howard,2018-19,Howard,,,,N,,,unknown,,,,,,False,,,,,False,False,outside_priority_scope
howard,2020-21,Howard,,,,N,,,unknown,,,,,,False,,,,,False,False,outside_priority_scope
howard,2021-22,Howard,,,,N,,,unknown,,,,,,False,,,,,False,False,outside_priority_scope
howard,2022-23,Howard,,,,N,,,unknown,,,,,,False,,,,,False,False,outside_priority_scope
howard,2023-24,Howard,,,,N,,,unknown,,,,,,False,,,,,False,False,outside_priority_scope
howard,2024-25,Howard,,,,N,,,unknown,,,,,,False,,,,,False,False,outside_priority_scope
howard,2025-26,Howard,,,,N,,,unknown,,,,,,False,,,,,False,False,outside_priority_scope
ipfw,2017-18,IPFW,,,,N,,,unknown,,,,,,False,,,,,False,False,outside_priority_scope
ipfw,2018-19,IPFW,,,,N,,,unknown,,,,,,False,,,,,False,False,outside_priority_scope
ipfw,2020-21,IPFW,,,,N,,,unknown,,,,,,False,,,,,False,False,outside_priority_scope
ipfw,2021-22,IPFW,,,,N,,,unknown,,,,,,False,,,,,False,False,outside_priority_scope
ipfw,2022-23,IPFW,,,,N,,,unknown,,,,,,False,,,,,False,False,outside_priority_scope
ipfw,2023-24,IPFW,,,,N,,,unknown,,,,,,False,,,,,False,False,outside_priority_scope
ipfw,2024-25,IPFW,,,,N,,,unknown,,,,,,False,,,,,False,False,outside_priority_scope
ipfw,2025-26,IPFW,,,,N,,,unknown,,,,,,False,,,,,False,False,outside_priority_scope
iupui,2017-18,IUPUI,,,,N,,,unknown,,,,,,False,,,,,False,False,outside_priority_scope
iupui,2018-19,IUPUI,,,,N,,,unknown,,,,,,False,,,,,False,False,outside_priority_scope
iupui,2020-21,IUPUI,,,,N,,,unknown,,,,,,False,,,,,False,False,outside_priority_scope
iupui,2021-22,IUPUI,,,,N,,,unknown,,,,,,False,,,,,False,False,outside_priority_scope
iupui,2022-23,IUPUI,,,,N,,,unknown,,,,,,False,,,,,False,False,outside_priority_scope
iupui,2023-24,IUPUI,,,,N,,,unknown,,,,,,False,,,,,False,False,outside_priority_scope
iupui,2024-25,IUPUI,,,,N,,,unknown,,,,,,False,,,,,False,False,outside_priority_scope
iupui,2025-26,IUPUI,,,,N,,,unknown,,,,,,False,,,,,False,False,outside_priority_scope
idaho,2017-18,Idaho,,,,N,,,unknown,,,,,,False,,,,,False,False,outside_priority_scope
idaho,2018-19,Idaho,,,,N,,,unknown,,,,,,False,,,,,False,False,outside_priority_scope
idaho,2020-21,Idaho,,,,N,,,unknown,,,,,,False,,,,,False,False,outside_priority_scope
idaho,2021-22,Idaho,,,,N,,,unknown,,,,,,False,,,,,False,False,outside_priority_scope
idaho,2022-23,Idaho,,,,N,,,unknown,,,,,,False,,,,,False,False,outside_priority_scope
idaho,2023-24,Idaho,,,,N,,,unknown,,,,,,False,,,,,False,False,outside_priority_scope
idaho,2024-25,Idaho,,,,N,,,unknown,,,,,,False,,,,,False,False,outside_priority_scope
idaho,2025-26,Idaho,,,,N,,,unknown,,,,,,False,,,,,False,False,outside_priority_scope
idaho_state,2017-18,Idaho State,,,,N,,,unknown,,,,,,False,,,,,False,False,outside_priority_scope
idaho_state,2018-19,Idaho State,,,,N,,,unknown,,,,,,False,,,,,False,False,outside_priority_scope
idaho_state,2020-21,Idaho State,,,,N,,,unknown,,,,,,False,,,,,False,False,outside_priority_scope
idaho_state,2021-22,Idaho State,,,,N,,,unknown,,,,,,False,,,,,False,False,outside_priority_scope
idaho_state,2022-23,Idaho State,,,,N,,,unknown,,,,,,False,,,,,False,False,outside_priority_scope
idaho_state,2023-24,Idaho State,,,,N,,,unknown,,,,,,False,,,,,False,False,outside_priority_scope
idaho_state,2024-25,Idaho State,,,,N,,,unknown,,,,,,False,,,,,False,False,outside_priority_scope
idaho_state,2025-26,Idaho State,,,,N,,,unknown,,,,,,False,,,,,False,False,outside_priority_scope
illinois,2017-18,Illinois,Nike,Nike,https://fightingillini.com/news/2016/1/15/GEN_0115160058,Y,2016 ten-year agreement for 21 varsity sports through 2025-26.,official dated announcement,A,legacy_030,official_announcement,,,,True,,,,,False,True,direct_contract_evidence
illinois,2018-19,Illinois,Nike,Nike,https://fightingillini.com/news/2016/1/15/GEN_0115160058,Y,2016 ten-year agreement for 21 varsity sports through 2025-26.,official dated announcement,A,legacy_030,official_announcement,,,,True,,,,,False,True,direct_contract_evidence
illinois,2020-21,Illinois,Nike,Nike,https://fightingillini.com/news/2016/1/15/GEN_0115160058,Y,2016 ten-year agreement for 21 varsity sports through 2025-26.,official dated announcement,A,legacy_030,official_announcement,,,,True,,,,,False,True,direct_contract_evidence
illinois,2021-22,Illinois,Nike,Nike,https://fightingillini.com/news/2016/1/15/GEN_0115160058,Y,2016 ten-year agreement for 21 varsity sports through 2025-26.,official dated announcement,A,legacy_030,official_announcement,,,,True,,,,,False,True,direct_contract_evidence
illinois,2022-23,Illinois,Nike,Nike,https://fightingillini.com/news/2016/1/15/GEN_0115160058,Y,2016 ten-year agreement for 21 varsity sports through 2025-26.,official dated announcement,A,legacy_030,official_announcement,,,,True,,,,,False,True,direct_contract_evidence
illinois,2023-24,Illinois,Nike,Nike,https://fightingillini.com/news/2016/1/15/GEN_0115160058,Y,2016 ten-year agreement for 21 varsity sports through 2025-26.,official dated announcement,A,legacy_030,official_announcement,,,,True,,,,,False,True,direct_contract_evidence
illinois,2024-25,Illinois,Nike,Nike,https://fightingillini.com/news/2016/1/15/GEN_0115160058,Y,2016 ten-year agreement for 21 varsity sports through 2025-26.,official dated announcement,A,legacy_030,official_announcement,,,,True,,,,,False,True,direct_contract_evidence
illinois,2025-26,Illinois,Nike,Nike,https://fightingillini.com/news/2016/1/15/GEN_0115160058,Y,2016 ten-year agreement for 21 varsity sports through 2025-26.,official dated announcement,A,legacy_030,official_announcement,,,,True,,,,,False,True,direct_contract_evidence
illinois_chicago,2017-18,Illinois Chicago,,,,N,,,unknown,,,,,,False,,,,,False,False,outside_priority_scope
illinois_chicago,2018-19,Illinois Chicago,,,,N,,,unknown,,,,,,False,,,,,False,False,outside_priority_scope
illinois_chicago,2020-21,Illinois Chicago,,,,N,,,unknown,,,,,,False,,,,,False,False,outside_priority_scope
illinois_chicago,2021-22,Illinois Chicago,,,,N,,,unknown,,,,,,False,,,,,False,False,outside_priority_scope
illinois_chicago,2022-23,Illinois Chicago,,,,N,,,unknown,,,,,,False,,,,,False,False,outside_priority_scope
illinois_chicago,2023-24,Illinois Chicago,,,,N,,,unknown,,,,,,False,,,,,False,False,outside_priority_scope
illinois_chicago,2024-25,Illinois Chicago,,,,N,,,unknown,,,,,,False,,,,,False,False,outside_priority_scope
illinois_chicago,2025-26,Illinois Chicago,,,,N,,,unknown,,,,,,False,,,,,False,False,outside_priority_scope
illinois_state,2017-18,Illinois State,,,,N,,,unknown,,,,,,False,,,,,False,False,outside_priority_scope
illinois_state,2018-19,Illinois State,,,,N,,,unknown,,,,,,False,,,,,False,False,outside_priority_scope
illinois_state,2020-21,Illinois State,,,,N,,,unknown,,,,,,False,,,,,False,False,outside_priority_scope
illinois_state,2021-22,Illinois State,,,,N,,,unknown,,,,,,False,,,,,False,False,outside_priority_scope
illinois_state,2022-23,Illinois State,,,,N,,,unknown,,,,,,False,,,,,False,False,outside_priority_scope
illinois_state,2023-24,Illinois State,,,,N,,,unknown,,,,,,False,,,,,False,False,outside_priority_scope
illinois_state,2024-25,Illinois State,,,,N,,,unknown,,,,,,False,,,,,False,False,outside_priority_scope
illinois_state,2025-26,Illinois State,,,,N,,,unknown,,,,,,False,,,,,False,False,outside_priority_scope
incarnate_word,2017-18,Incarnate Word,,,,N,,,unknown,,,,,,False,,,,,False,False,outside_priority_scope
incarnate_word,2018-19,Incarnate Word,,,,N,,,unknown,,,,,,False,,,,,False,False,outside_priority_scope
incarnate_word,2020-21,Incarnate Word,,,,N,,,unknown,,,,,,False,,,,,False,False,outside_priority_scope
incarnate_word,2021-22,Incarnate Word,,,,N,,,unknown,,,,,,False,,,,,False,False,outside_priority_scope
incarnate_word,2022-23,Incarnate Word,,,,N,,,unknown,,,,,,False,,,,,False,False,outside_priority_scope
incarnate_word,2023-24,Incarnate Word,,,,N,,,unknown,,,,,,False,,,,,False,False,outside_priority_scope
incarnate_word,2024-25,Incarnate Word,,,,N,,,unknown,,,,,,False,,,,,False,False,outside_priority_scope
incarnate_word,2025-26,Incarnate Word,,,,N,,,unknown,,,,,,False,,,,,False,False,outside_priority_scope
indiana,2017-18,Indiana,adidas,adidas,https://iuhoosiers.com/news/2015/8/18/GEN_0818151235,Y,2015 eight-year extension through 2024. Later seasons remain unverified.,official announcement; study-window coverage only,A,legacy_010,official_announcement,,,,True,,,,,False,True,direct_contract_evidence
indiana,2018-19,Indiana,adidas,adidas,https://iuhoosiers.com/news/2015/8/18/GEN_0818151235,Y,2015 eight-year extension through 2024. Later seasons remain unverified.,official announcement; study-window coverage only,A,legacy_010,official_announcement,,,,True,,,,,False,True,direct_contract_evidence
indiana,2020-21,Indiana,adidas,adidas,https://iuhoosiers.com/news/2015/8/18/GEN_0818151235,Y,2015 eight-year extension through 2024. Later seasons remain unverified.,official announcement; study-window coverage only,A,legacy_010,official_announcement,,,,True,,,,,False,True,direct_contract_evidence
indiana,2021-22,Indiana,adidas,adidas,https://iuhoosiers.com/news/2015/8/18/GEN_0818151235,Y,2015 eight-year extension through 2024. Later seasons remain unverified.,official announcement; study-window coverage only,A,legacy_010,official_announcement,,,,True,,,,,False,True,direct_contract_evidence
indiana,2022-23,Indiana,adidas,adidas,https://iuhoosiers.com/news/2015/8/18/GEN_0818151235,Y,2015 eight-year extension through 2024. Later seasons remain unverified.,official announcement; study-window coverage only,A,legacy_010,official_announcement,,,,True,,,,,False,True,direct_contract_evidence
indiana,2023-24,Indiana,adidas,adidas,https://iuhoosiers.com/news/2015/8/18/GEN_0818151235,Y,2015 eight-year extension through 2024. Later seasons remain unverified.,official announcement; study-window coverage only,A,legacy_010,official_announcement,,,,True,,,,,False,True,direct_contract_evidence
indiana,2024-25,Indiana,adidas,adidas,https://www.thedailyhoosier.com/iu-athletics-and-adidas-finalize-10-year-contract-extension/,Y,Finalized 2024 ten-year renewal extends agreement through 2034.,secondary reporting of finalized agreement,A,legacy_052,secondary_contract_reporting,,,,True,,,,,False,True,direct_contract_evidence
indiana,2025-26,Indiana,adidas,adidas,https://www.thedailyhoosier.com/iu-athletics-and-adidas-finalize-10-year-contract-extension/,Y,Finalized 2024 ten-year renewal extends agreement through 2034.,secondary reporting of finalized agreement,A,legacy_052,secondary_contract_reporting,,,,True,,,,,False,True,direct_contract_evidence
indiana_state,2017-18,Indiana State,,,,N,,,unknown,,,,,,False,,,,,False,False,outside_priority_scope
indiana_state,2018-19,Indiana State,,,,N,,,unknown,,,,,,False,,,,,False,False,outside_priority_scope
indiana_state,2020-21,Indiana State,,,,N,,,unknown,,,,,,False,,,,,False,False,outside_priority_scope
indiana_state,2021-22,Indiana State,,,,N,,,unknown,,,,,,False,,,,,False,False,outside_priority_scope
indiana_state,2022-23,Indiana State,,,,N,,,unknown,,,,,,False,,,,,False,False,outside_priority_scope
indiana_state,2023-24,Indiana State,,,,N,,,unknown,,,,,,False,,,,,False,False,outside_priority_scope
indiana_state,2024-25,Indiana State,,,,N,,,unknown,,,,,,False,,,,,False,False,outside_priority_scope
indiana_state,2025-26,Indiana State,,,,N,,,unknown,,,,,,False,,,,,False,False,outside_priority_scope
iona,2017-18,Iona,,,,N,,,unknown,,,,,,False,,,,,False,False,outside_priority_scope
iona,2018-19,Iona,,,,N,,,unknown,,,,,,False,,,,,False,False,outside_priority_scope
iona,2020-21,Iona,,,,N,,,unknown,,,,,,False,,,,,False,False,outside_priority_scope
iona,2021-22,Iona,,,,N,,,unknown,,,,,,False,,,,,False,False,outside_priority_scope
iona,2022-23,Iona,,,,N,,,unknown,,,,,,False,,,,,False,False,outside_priority_scope
iona,2023-24,Iona,,,,N,,,unknown,,,,,,False,,,,,False,False,outside_priority_scope
iona,2024-25,Iona,,,,N,,,unknown,,,,,,False,,,,,False,False,outside_priority_scope
iona,2025-26,Iona,,,,N,,,unknown,,,,,,False,,,,,False,False,outside_priority_scope
iowa,2017-18,Iowa,Nike,Nike,https://athleticdirectoru.com/articles/cash-is-king-in-intercollegiate-apparel-agreements/,Y,CRIA researchers table identifies provider in 2017-18 only. No forward-fill. Known erroneous Rutgers entry in compilation not used.,researchers contract compilation snapshot,A,legacy_075,secondary_contract_reporting,,,,True,,,,,False,True,direct_contract_evidence
iowa,2018-19,Iowa,Nike,Nike,https://athleticdirectoru.com/articles/cash-is-king-in-intercollegiate-apparel-agreements/,N,Inferred between 2017-18 (A) and 2025-26 (B); same provider and no known intervening transition in reviewed evidence.,"continuity inference; endpoints only, not direct seasonal observation",C,,inferred_from_two_sources,,,,True,2017-18,2025-26,https://athleticdirectoru.com/articles/cash-is-king-in-intercollegiate-apparel-agreements/,https://storage.googleapis.com/hawkeyesports-prod/2025/08/08/lHevgLs5g2dEn9QRHyw3s8aAr2N1LOMtmBm9UyIC.pdf,True,True,inferred_continuity
iowa,2020-21,Iowa,Nike,Nike,https://athleticdirectoru.com/articles/cash-is-king-in-intercollegiate-apparel-agreements/,N,Inferred between 2017-18 (A) and 2025-26 (B); same provider and no known intervening transition in reviewed evidence.,"continuity inference; endpoints only, not direct seasonal observation",C,,inferred_from_two_sources,,,,True,2017-18,2025-26,https://athleticdirectoru.com/articles/cash-is-king-in-intercollegiate-apparel-agreements/,https://storage.googleapis.com/hawkeyesports-prod/2025/08/08/lHevgLs5g2dEn9QRHyw3s8aAr2N1LOMtmBm9UyIC.pdf,True,True,inferred_continuity
iowa,2021-22,Iowa,Nike,Nike,https://athleticdirectoru.com/articles/cash-is-king-in-intercollegiate-apparel-agreements/,N,Inferred between 2017-18 (A) and 2025-26 (B); same provider and no known intervening transition in reviewed evidence.,"continuity inference; endpoints only, not direct seasonal observation",C,,inferred_from_two_sources,,,,True,2017-18,2025-26,https://athleticdirectoru.com/articles/cash-is-king-in-intercollegiate-apparel-agreements/,https://storage.googleapis.com/hawkeyesports-prod/2025/08/08/lHevgLs5g2dEn9QRHyw3s8aAr2N1LOMtmBm9UyIC.pdf,True,True,inferred_continuity
iowa,2022-23,Iowa,Nike,Nike,https://athleticdirectoru.com/articles/cash-is-king-in-intercollegiate-apparel-agreements/,N,Inferred between 2017-18 (A) and 2025-26 (B); same provider and no known intervening transition in reviewed evidence.,"continuity inference; endpoints only, not direct seasonal observation",C,,inferred_from_two_sources,,,,True,2017-18,2025-26,https://athleticdirectoru.com/articles/cash-is-king-in-intercollegiate-apparel-agreements/,https://storage.googleapis.com/hawkeyesports-prod/2025/08/08/lHevgLs5g2dEn9QRHyw3s8aAr2N1LOMtmBm9UyIC.pdf,True,True,inferred_continuity
iowa,2023-24,Iowa,Nike,Nike,https://athleticdirectoru.com/articles/cash-is-king-in-intercollegiate-apparel-agreements/,N,Inferred between 2017-18 (A) and 2025-26 (B); same provider and no known intervening transition in reviewed evidence.,"continuity inference; endpoints only, not direct seasonal observation",C,,inferred_from_two_sources,,,,True,2017-18,2025-26,https://athleticdirectoru.com/articles/cash-is-king-in-intercollegiate-apparel-agreements/,https://storage.googleapis.com/hawkeyesports-prod/2025/08/08/lHevgLs5g2dEn9QRHyw3s8aAr2N1LOMtmBm9UyIC.pdf,True,True,inferred_continuity
iowa,2024-25,Iowa,Nike,Nike,https://athleticdirectoru.com/articles/cash-is-king-in-intercollegiate-apparel-agreements/,N,Inferred between 2017-18 (A) and 2025-26 (B); same provider and no known intervening transition in reviewed evidence.,"continuity inference; endpoints only, not direct seasonal observation",C,,inferred_from_two_sources,,,,True,2017-18,2025-26,https://athleticdirectoru.com/articles/cash-is-king-in-intercollegiate-apparel-agreements/,https://storage.googleapis.com/hawkeyesports-prod/2025/08/08/lHevgLs5g2dEn9QRHyw3s8aAr2N1LOMtmBm9UyIC.pdf,True,True,inferred_continuity
iowa,2025-26,Iowa,Nike,Nike,https://storage.googleapis.com/hawkeyesports-prod/2025/08/08/lHevgLs5g2dEn9QRHyw3s8aAr2N1LOMtmBm9UyIC.pdf,Y,"Official 2025 media guide, printed p.53, current player Brian Allen pictured in Nike uniform. Visual evidence corroborates historical department provider; team scope noted.",dated official evidence,B,tier_126,official_media_guide_visual,2025-08-08,,,True,,,,,False,True,dated_official_use
iowa_state,2017-18,Iowa State,Nike,Nike,https://www2.kusports.com/weblogs/tale-tait/2017/sep/28/kus-deal-with-adidas-is-companys-second/,Y,Nike identity supported for 2017-18; reported 2024 expiration conflicts with other compilations reporting 2018. Later seasons withheld pending contract.,newspaper contract compilation; underlying dates not independently inspected,A,legacy_061,secondary_contract_reporting,,,,True,,,,,False,True,direct_contract_evidence
iowa_state,2018-19,Iowa State,,,,N,,,unknown,,,,,,True,,,,,False,False,unknown
iowa_state,2020-21,Iowa State,,,,N,,,unknown,,,,,,True,,,,,False,False,unknown
iowa_state,2021-22,Iowa State,,,,N,,,unknown,,,,,,True,,,,,False,False,unknown
iowa_state,2022-23,Iowa State,,,,N,,,unknown,,,,,,True,,,,,False,False,unknown
iowa_state,2023-24,Iowa State,,,,N,,,unknown,,,,,,True,,,,,False,False,unknown
iowa_state,2024-25,Iowa State,,,,N,,,unknown,,,,,,True,,,,,False,False,unknown
iowa_state,2025-26,Iowa State,,,,N,,,unknown,,,,,,True,,,,,False,False,unknown
jackson_state,2017-18,Jackson State,,,,N,,,unknown,,,,,,False,,,,,False,False,outside_priority_scope
jackson_state,2018-19,Jackson State,,,,N,,,unknown,,,,,,False,,,,,False,False,outside_priority_scope
jackson_state,2020-21,Jackson State,,,,N,,,unknown,,,,,,False,,,,,False,False,outside_priority_scope
jackson_state,2021-22,Jackson State,,,,N,,,unknown,,,,,,False,,,,,False,False,outside_priority_scope
jackson_state,2022-23,Jackson State,,,,N,,,unknown,,,,,,False,,,,,False,False,outside_priority_scope
jackson_state,2023-24,Jackson State,,,,N,,,unknown,,,,,,False,,,,,False,False,outside_priority_scope
jackson_state,2024-25,Jackson State,,,,N,,,unknown,,,,,,False,,,,,False,False,outside_priority_scope
jackson_state,2025-26,Jackson State,,,,N,,,unknown,,,,,,False,,,,,False,False,outside_priority_scope
jacksonville,2017-18,Jacksonville,,,,N,,,unknown,,,,,,False,,,,,False,False,outside_priority_scope
jacksonville,2018-19,Jacksonville,,,,N,,,unknown,,,,,,False,,,,,False,False,outside_priority_scope
jacksonville,2020-21,Jacksonville,,,,N,,,unknown,,,,,,False,,,,,False,False,outside_priority_scope
jacksonville,2021-22,Jacksonville,,,,N,,,unknown,,,,,,False,,,,,False,False,outside_priority_scope
jacksonville,2022-23,Jacksonville,,,,N,,,unknown,,,,,,False,,,,,False,False,outside_priority_scope
jacksonville,2023-24,Jacksonville,,,,N,,,unknown,,,,,,False,,,,,False,False,outside_priority_scope
jacksonville,2024-25,Jacksonville,,,,N,,,unknown,,,,,,False,,,,,False,False,outside_priority_scope
jacksonville,2025-26,Jacksonville,,,,N,,,unknown,,,,,,False,,,,,False,False,outside_priority_scope
jacksonville_state,2017-18,Jacksonville State,,,,N,,,unknown,,,,,,False,,,,,False,False,outside_priority_scope
jacksonville_state,2018-19,Jacksonville State,,,,N,,,unknown,,,,,,False,,,,,False,False,outside_priority_scope
jacksonville_state,2020-21,Jacksonville State,,,,N,,,unknown,,,,,,False,,,,,False,False,outside_priority_scope
jacksonville_state,2021-22,Jacksonville State,,,,N,,,unknown,,,,,,False,,,,,False,False,outside_priority_scope
jacksonville_state,2022-23,Jacksonville State,,,,N,,,unknown,,,,,,False,,,,,False,False,outside_priority_scope
jacksonville_state,2023-24,Jacksonville State,,,,N,,,unknown,,,,,,False,,,,,False,False,outside_priority_scope
jacksonville_state,2024-25,Jacksonville State,,,,N,,,unknown,,,,,,False,,,,,False,False,outside_priority_scope
jacksonville_state,2025-26,Jacksonville State,,,,N,,,unknown,,,,,,False,,,,,False,False,outside_priority_scope
james_madison,2017-18,James Madison,,,,N,,,unknown,,,,,,False,,,,,False,False,outside_priority_scope
james_madison,2018-19,James Madison,,,,N,,,unknown,,,,,,False,,,,,False,False,outside_priority_scope
james_madison,2020-21,James Madison,,,,N,,,unknown,,,,,,False,,,,,False,False,outside_priority_scope
james_madison,2021-22,James Madison,,,,N,,,unknown,,,,,,False,,,,,False,False,outside_priority_scope
james_madison,2022-23,James Madison,,,,N,,,unknown,,,,,,False,,,,,False,False,outside_priority_scope
james_madison,2023-24,James Madison,,,,N,,,unknown,,,,,,False,,,,,False,False,outside_priority_scope
james_madison,2024-25,James Madison,,,,N,,,unknown,,,,,,False,,,,,False,False,outside_priority_scope
james_madison,2025-26,James Madison,,,,N,,,unknown,,,,,,False,,,,,False,False,outside_priority_scope
kansas,2017-18,Kansas,adidas,adidas,https://news.adidas.com/sports-performance/adidas-and-university-of-kansas-announce-an-extension-in-their-long-term-partnership/s/75f006e9-ed57-4ba1-b3fe-ddc1372145ff,Y,2017 announcement extends existing university partnership through 2031.,official announcement; study-window coverage only,A,legacy_008,official_announcement,,,,True,,,,,False,True,direct_contract_evidence
kansas,2018-19,Kansas,adidas,adidas,https://news.adidas.com/sports-performance/adidas-and-university-of-kansas-announce-an-extension-in-their-long-term-partnership/s/75f006e9-ed57-4ba1-b3fe-ddc1372145ff,Y,2017 announcement extends existing university partnership through 2031.,official announcement; study-window coverage only,A,legacy_008,official_announcement,,,,True,,,,,False,True,direct_contract_evidence
kansas,2020-21,Kansas,adidas,adidas,https://news.adidas.com/sports-performance/adidas-and-university-of-kansas-announce-an-extension-in-their-long-term-partnership/s/75f006e9-ed57-4ba1-b3fe-ddc1372145ff,Y,2017 announcement extends existing university partnership through 2031.,official announcement; study-window coverage only,A,legacy_008,official_announcement,,,,True,,,,,False,True,direct_contract_evidence
kansas,2021-22,Kansas,adidas,adidas,https://news.adidas.com/sports-performance/adidas-and-university-of-kansas-announce-an-extension-in-their-long-term-partnership/s/75f006e9-ed57-4ba1-b3fe-ddc1372145ff,Y,2017 announcement extends existing university partnership through 2031.,official announcement; study-window coverage only,A,legacy_008,official_announcement,,,,True,,,,,False,True,direct_contract_evidence
kansas,2022-23,Kansas,adidas,adidas,https://news.adidas.com/sports-performance/adidas-and-university-of-kansas-announce-an-extension-in-their-long-term-partnership/s/75f006e9-ed57-4ba1-b3fe-ddc1372145ff,Y,2017 announcement extends existing university partnership through 2031.,official announcement; study-window coverage only,A,legacy_008,official_announcement,,,,True,,,,,False,True,direct_contract_evidence
kansas,2023-24,Kansas,adidas,adidas,https://news.adidas.com/sports-performance/adidas-and-university-of-kansas-announce-an-extension-in-their-long-term-partnership/s/75f006e9-ed57-4ba1-b3fe-ddc1372145ff,Y,2017 announcement extends existing university partnership through 2031.,official announcement; study-window coverage only,A,legacy_008,official_announcement,,,,True,,,,,False,True,direct_contract_evidence
kansas,2024-25,Kansas,adidas,adidas,https://news.adidas.com/sports-performance/adidas-and-university-of-kansas-announce-an-extension-in-their-long-term-partnership/s/75f006e9-ed57-4ba1-b3fe-ddc1372145ff,Y,2017 announcement extends existing university partnership through 2031.,official announcement; study-window coverage only,A,legacy_008,official_announcement,,,,True,,,,,False,True,direct_contract_evidence
kansas,2025-26,Kansas,adidas,adidas,https://news.adidas.com/sports-performance/adidas-and-university-of-kansas-announce-an-extension-in-their-long-term-partnership/s/75f006e9-ed57-4ba1-b3fe-ddc1372145ff,Y,2017 announcement extends existing university partnership through 2031.,official announcement; study-window coverage only,A,legacy_008,official_announcement,,,,True,,,,,False,True,direct_contract_evidence
kansas_state,2017-18,Kansas State,Nike,Nike,https://www2.kusports.com/weblogs/tale-tait/2017/sep/28/kus-deal-with-adidas-is-companys-second/,Y,2017 contract roundup identifies Nike term through 2021.,newspaper contract compilation; underlying dates not independently inspected,A,legacy_062,secondary_contract_reporting,,,,True,,,,,False,True,direct_contract_evidence
kansas_state,2018-19,Kansas State,Nike,Nike,https://www2.kusports.com/weblogs/tale-tait/2017/sep/28/kus-deal-with-adidas-is-companys-second/,Y,2017 contract roundup identifies Nike term through 2021.,newspaper contract compilation; underlying dates not independently inspected,A,legacy_062,secondary_contract_reporting,,,,True,,,,,False,True,direct_contract_evidence
kansas_state,2020-21,Kansas State,Nike,Nike,https://www2.kusports.com/weblogs/tale-tait/2017/sep/28/kus-deal-with-adidas-is-companys-second/,Y,2017 contract roundup identifies Nike term through 2021.,newspaper contract compilation; underlying dates not independently inspected,A,legacy_062,secondary_contract_reporting,,,,True,,,,,False,True,direct_contract_evidence
kansas_state,2021-22,Kansas State,Nike,Nike,https://www.kansas.com/sports/college/big-12/kansas-state/article254569392.html,Y,September 2021 reporting quotes athletic director on three-year Nike extension through 2024.,dated newspaper report quoting athletic director; search-index evidence,A,legacy_099,secondary_contract_reporting,,,,True,,,,,False,True,direct_contract_evidence
kansas_state,2022-23,Kansas State,Nike,Nike,https://www.kansas.com/sports/college/big-12/kansas-state/article254569392.html,Y,September 2021 reporting quotes athletic director on three-year Nike extension through 2024.,dated newspaper report quoting athletic director; search-index evidence,A,legacy_099,secondary_contract_reporting,,,,True,,,,,False,True,direct_contract_evidence
kansas_state,2023-24,Kansas State,Nike,Nike,https://www.kansas.com/sports/college/big-12/kansas-state/article285714486.html,Y,February 2024 report confirms current Nike outfitting and signed renewal July 2024 through July 2027.,newspaper obtained contract,A,legacy_089,secondary_contract_reporting,,,,True,,,,,False,True,direct_contract_evidence
kansas_state,2024-25,Kansas State,Nike,Nike,https://www.kansas.com/sports/college/big-12/kansas-state/article285714486.html,Y,February 2024 report confirms current Nike outfitting and signed renewal July 2024 through July 2027.,newspaper obtained contract,A,legacy_089,secondary_contract_reporting,,,,True,,,,,False,True,direct_contract_evidence
kansas_state,2025-26,Kansas State,Nike,Nike,https://www.kansas.com/sports/college/big-12/kansas-state/article285714486.html,Y,February 2024 report confirms current Nike outfitting and signed renewal July 2024 through July 2027.,newspaper obtained contract,A,legacy_089,secondary_contract_reporting,,,,True,,,,,False,True,direct_contract_evidence
kennesaw_state,2017-18,Kennesaw State,,,,N,,,unknown,,,,,,False,,,,,False,False,outside_priority_scope
kennesaw_state,2018-19,Kennesaw State,,,,N,,,unknown,,,,,,False,,,,,False,False,outside_priority_scope
kennesaw_state,2020-21,Kennesaw State,,,,N,,,unknown,,,,,,False,,,,,False,False,outside_priority_scope
kennesaw_state,2021-22,Kennesaw State,,,,N,,,unknown,,,,,,False,,,,,False,False,outside_priority_scope
kennesaw_state,2022-23,Kennesaw State,,,,N,,,unknown,,,,,,False,,,,,False,False,outside_priority_scope
kennesaw_state,2023-24,Kennesaw State,,,,N,,,unknown,,,,,,False,,,,,False,False,outside_priority_scope
kennesaw_state,2024-25,Kennesaw State,,,,N,,,unknown,,,,,,False,,,,,False,False,outside_priority_scope
kennesaw_state,2025-26,Kennesaw State,,,,N,,,unknown,,,,,,False,,,,,False,False,outside_priority_scope
kent_state,2017-18,Kent State,,,,N,,,unknown,,,,,,False,,,,,False,False,outside_priority_scope
kent_state,2018-19,Kent State,,,,N,,,unknown,,,,,,False,,,,,False,False,outside_priority_scope
kent_state,2020-21,Kent State,,,,N,,,unknown,,,,,,False,,,,,False,False,outside_priority_scope
kent_state,2021-22,Kent State,,,,N,,,unknown,,,,,,False,,,,,False,False,outside_priority_scope
kent_state,2022-23,Kent State,,,,N,,,unknown,,,,,,False,,,,,False,False,outside_priority_scope
kent_state,2023-24,Kent State,,,,N,,,unknown,,,,,,False,,,,,False,False,outside_priority_scope
kent_state,2024-25,Kent State,,,,N,,,unknown,,,,,,False,,,,,False,False,outside_priority_scope
kent_state,2025-26,Kent State,,,,N,,,unknown,,,,,,False,,,,,False,False,outside_priority_scope
kentucky,2017-18,Kentucky,Nike,Nike,https://www.sportsbusinessjournal.com/Daily/Issues/2015/03/05/Marketing-and-Sponsorship/UK-Nike/,Y,"2015 reporting: eight-year extension through August 31, 2025.",secondary contract reporting,A,legacy_039,secondary_contract_reporting,,,,True,,,,,False,True,direct_contract_evidence
kentucky,2018-19,Kentucky,Nike,Nike,https://www.sportsbusinessjournal.com/Daily/Issues/2015/03/05/Marketing-and-Sponsorship/UK-Nike/,Y,"2015 reporting: eight-year extension through August 31, 2025.",secondary contract reporting,A,legacy_039,secondary_contract_reporting,,,,True,,,,,False,True,direct_contract_evidence
kentucky,2020-21,Kentucky,Nike,Nike,https://www.sportsbusinessjournal.com/Daily/Issues/2015/03/05/Marketing-and-Sponsorship/UK-Nike/,Y,"2015 reporting: eight-year extension through August 31, 2025.",secondary contract reporting,A,legacy_039,secondary_contract_reporting,,,,True,,,,,False,True,direct_contract_evidence
kentucky,2021-22,Kentucky,Nike,Nike,https://www.sportsbusinessjournal.com/Daily/Issues/2015/03/05/Marketing-and-Sponsorship/UK-Nike/,Y,"2015 reporting: eight-year extension through August 31, 2025.",secondary contract reporting,A,legacy_039,secondary_contract_reporting,,,,True,,,,,False,True,direct_contract_evidence
kentucky,2022-23,Kentucky,Nike,Nike,https://www.sportsbusinessjournal.com/Daily/Issues/2015/03/05/Marketing-and-Sponsorship/UK-Nike/,Y,"2015 reporting: eight-year extension through August 31, 2025.",secondary contract reporting,A,legacy_039,secondary_contract_reporting,,,,True,,,,,False,True,direct_contract_evidence
kentucky,2023-24,Kentucky,Nike,Nike,https://www.sportsbusinessjournal.com/Daily/Issues/2015/03/05/Marketing-and-Sponsorship/UK-Nike/,Y,"2015 reporting: eight-year extension through August 31, 2025.",secondary contract reporting,A,legacy_039,secondary_contract_reporting,,,,True,,,,,False,True,direct_contract_evidence
kentucky,2024-25,Kentucky,Nike,Nike,https://www.sportsbusinessjournal.com/Daily/Issues/2015/03/05/Marketing-and-Sponsorship/UK-Nike/,Y,"2015 reporting: eight-year extension through August 31, 2025.",secondary contract reporting,A,legacy_039,secondary_contract_reporting,,,,True,,,,,False,True,direct_contract_evidence
kentucky,2025-26,Kentucky,Nike,Nike,https://www.kentucky.com/sports/college/kentucky-sports/article311623013.html,Y,"Open-records reporting: new ten-year apparel deal effective July 1, 2025.",newspaper obtained contract,A,legacy_040,secondary_contract_reporting,,,,True,,,,,False,True,direct_contract_evidence
liu_brooklyn,2017-18,LIU Brooklyn,,,,N,,,unknown,,,,,,False,,,,,False,False,outside_priority_scope
liu_brooklyn,2018-19,LIU Brooklyn,,,,N,,,unknown,,,,,,False,,,,,False,False,outside_priority_scope
liu_brooklyn,2020-21,LIU Brooklyn,,,,N,,,unknown,,,,,,False,,,,,False,False,outside_priority_scope
liu_brooklyn,2021-22,LIU Brooklyn,,,,N,,,unknown,,,,,,False,,,,,False,False,outside_priority_scope
liu_brooklyn,2022-23,LIU Brooklyn,,,,N,,,unknown,,,,,,False,,,,,False,False,outside_priority_scope
liu_brooklyn,2023-24,LIU Brooklyn,,,,N,,,unknown,,,,,,False,,,,,False,False,outside_priority_scope
liu_brooklyn,2024-25,LIU Brooklyn,,,,N,,,unknown,,,,,,False,,,,,False,False,outside_priority_scope
liu_brooklyn,2025-26,LIU Brooklyn,,,,N,,,unknown,,,,,,False,,,,,False,False,outside_priority_scope
lsu,2017-18,LSU,Nike,Nike,https://about.nike.com/en/newsroom/releases/nike-lsu-partnership-extension,Y,December 2025 retrospective describes five decades of partnership and extension through 2036.,official retrospective; study-window coverage only,A,legacy_024,official_announcement,,,,True,,,,,False,True,direct_contract_evidence
lsu,2018-19,LSU,Nike,Nike,https://about.nike.com/en/newsroom/releases/nike-lsu-partnership-extension,Y,December 2025 retrospective describes five decades of partnership and extension through 2036.,official retrospective; study-window coverage only,A,legacy_024,official_announcement,,,,True,,,,,False,True,direct_contract_evidence
lsu,2020-21,LSU,Nike,Nike,https://about.nike.com/en/newsroom/releases/nike-lsu-partnership-extension,Y,December 2025 retrospective describes five decades of partnership and extension through 2036.,official retrospective; study-window coverage only,A,legacy_024,official_announcement,,,,True,,,,,False,True,direct_contract_evidence
lsu,2021-22,LSU,Nike,Nike,https://about.nike.com/en/newsroom/releases/nike-lsu-partnership-extension,Y,December 2025 retrospective describes five decades of partnership and extension through 2036.,official retrospective; study-window coverage only,A,legacy_024,official_announcement,,,,True,,,,,False,True,direct_contract_evidence
lsu,2022-23,LSU,Nike,Nike,https://about.nike.com/en/newsroom/releases/nike-lsu-partnership-extension,Y,December 2025 retrospective describes five decades of partnership and extension through 2036.,official retrospective; study-window coverage only,A,legacy_024,official_announcement,,,,True,,,,,False,True,direct_contract_evidence
lsu,2023-24,LSU,Nike,Nike,https://about.nike.com/en/newsroom/releases/nike-lsu-partnership-extension,Y,December 2025 retrospective describes five decades of partnership and extension through 2036.,official retrospective; study-window coverage only,A,legacy_024,official_announcement,,,,True,,,,,False,True,direct_contract_evidence
lsu,2024-25,LSU,Nike,Nike,https://about.nike.com/en/newsroom/releases/nike-lsu-partnership-extension,Y,December 2025 retrospective describes five decades of partnership and extension through 2036.,official retrospective; study-window coverage only,A,legacy_024,official_announcement,,,,True,,,,,False,True,direct_contract_evidence
lsu,2025-26,LSU,Nike,Nike,https://about.nike.com/en/newsroom/releases/nike-lsu-partnership-extension,Y,December 2025 retrospective describes five decades of partnership and extension through 2036.,official retrospective; study-window coverage only,A,legacy_024,official_announcement,,,,True,,,,,False,True,direct_contract_evidence
la_salle,2017-18,La Salle,,,,N,,,unknown,,,,,,False,,,,,False,False,outside_priority_scope
la_salle,2018-19,La Salle,,,,N,,,unknown,,,,,,False,,,,,False,False,outside_priority_scope
la_salle,2020-21,La Salle,,,,N,,,unknown,,,,,,False,,,,,False,False,outside_priority_scope
la_salle,2021-22,La Salle,,,,N,,,unknown,,,,,,False,,,,,False,False,outside_priority_scope
la_salle,2022-23,La Salle,,,,N,,,unknown,,,,,,False,,,,,False,False,outside_priority_scope
la_salle,2023-24,La Salle,,,,N,,,unknown,,,,,,False,,,,,False,False,outside_priority_scope
la_salle,2024-25,La Salle,,,,N,,,unknown,,,,,,False,,,,,False,False,outside_priority_scope
la_salle,2025-26,La Salle,,,,N,,,unknown,,,,,,False,,,,,False,False,outside_priority_scope
lafayette,2017-18,Lafayette,,,,N,,,unknown,,,,,,False,,,,,False,False,outside_priority_scope
lafayette,2018-19,Lafayette,,,,N,,,unknown,,,,,,False,,,,,False,False,outside_priority_scope
lafayette,2020-21,Lafayette,,,,N,,,unknown,,,,,,False,,,,,False,False,outside_priority_scope
lafayette,2021-22,Lafayette,,,,N,,,unknown,,,,,,False,,,,,False,False,outside_priority_scope
lafayette,2022-23,Lafayette,,,,N,,,unknown,,,,,,False,,,,,False,False,outside_priority_scope
lafayette,2023-24,Lafayette,,,,N,,,unknown,,,,,,False,,,,,False,False,outside_priority_scope
lafayette,2024-25,Lafayette,,,,N,,,unknown,,,,,,False,,,,,False,False,outside_priority_scope
lafayette,2025-26,Lafayette,,,,N,,,unknown,,,,,,False,,,,,False,False,outside_priority_scope
lamar,2017-18,Lamar,,,,N,,,unknown,,,,,,False,,,,,False,False,outside_priority_scope
lamar,2018-19,Lamar,,,,N,,,unknown,,,,,,False,,,,,False,False,outside_priority_scope
lamar,2020-21,Lamar,,,,N,,,unknown,,,,,,False,,,,,False,False,outside_priority_scope
lamar,2021-22,Lamar,,,,N,,,unknown,,,,,,False,,,,,False,False,outside_priority_scope
lamar,2022-23,Lamar,,,,N,,,unknown,,,,,,False,,,,,False,False,outside_priority_scope
lamar,2023-24,Lamar,,,,N,,,unknown,,,,,,False,,,,,False,False,outside_priority_scope
lamar,2024-25,Lamar,,,,N,,,unknown,,,,,,False,,,,,False,False,outside_priority_scope
lamar,2025-26,Lamar,,,,N,,,unknown,,,,,,False,,,,,False,False,outside_priority_scope
lehigh,2017-18,Lehigh,,,,N,,,unknown,,,,,,False,,,,,False,False,outside_priority_scope
lehigh,2018-19,Lehigh,,,,N,,,unknown,,,,,,False,,,,,False,False,outside_priority_scope
lehigh,2020-21,Lehigh,,,,N,,,unknown,,,,,,False,,,,,False,False,outside_priority_scope
lehigh,2021-22,Lehigh,,,,N,,,unknown,,,,,,False,,,,,False,False,outside_priority_scope
lehigh,2022-23,Lehigh,,,,N,,,unknown,,,,,,False,,,,,False,False,outside_priority_scope
lehigh,2023-24,Lehigh,,,,N,,,unknown,,,,,,False,,,,,False,False,outside_priority_scope
lehigh,2024-25,Lehigh,,,,N,,,unknown,,,,,,False,,,,,False,False,outside_priority_scope
lehigh,2025-26,Lehigh,,,,N,,,unknown,,,,,,False,,,,,False,False,outside_priority_scope
liberty,2017-18,Liberty,,,,N,,,unknown,,,,,,False,,,,,False,False,outside_priority_scope
liberty,2018-19,Liberty,,,,N,,,unknown,,,,,,False,,,,,False,False,outside_priority_scope
liberty,2020-21,Liberty,,,,N,,,unknown,,,,,,False,,,,,False,False,outside_priority_scope
liberty,2021-22,Liberty,,,,N,,,unknown,,,,,,False,,,,,False,False,outside_priority_scope
liberty,2022-23,Liberty,,,,N,,,unknown,,,,,,False,,,,,False,False,outside_priority_scope
liberty,2023-24,Liberty,,,,N,,,unknown,,,,,,False,,,,,False,False,outside_priority_scope
liberty,2024-25,Liberty,,,,N,,,unknown,,,,,,False,,,,,False,False,outside_priority_scope
liberty,2025-26,Liberty,,,,N,,,unknown,,,,,,False,,,,,False,False,outside_priority_scope
lindenwood,2017-18,Lindenwood,,,,N,,,unknown,,,,,,False,,,,,False,False,outside_priority_scope
lindenwood,2018-19,Lindenwood,,,,N,,,unknown,,,,,,False,,,,,False,False,outside_priority_scope
lindenwood,2020-21,Lindenwood,,,,N,,,unknown,,,,,,False,,,,,False,False,outside_priority_scope
lindenwood,2021-22,Lindenwood,,,,N,,,unknown,,,,,,False,,,,,False,False,outside_priority_scope
lindenwood,2022-23,Lindenwood,,,,N,,,unknown,,,,,,False,,,,,False,False,outside_priority_scope
lindenwood,2023-24,Lindenwood,,,,N,,,unknown,,,,,,False,,,,,False,False,outside_priority_scope
lindenwood,2024-25,Lindenwood,,,,N,,,unknown,,,,,,False,,,,,False,False,outside_priority_scope
lindenwood,2025-26,Lindenwood,,,,N,,,unknown,,,,,,False,,,,,False,False,outside_priority_scope
lipscomb,2017-18,Lipscomb,,,,N,,,unknown,,,,,,False,,,,,False,False,outside_priority_scope
lipscomb,2018-19,Lipscomb,,,,N,,,unknown,,,,,,False,,,,,False,False,outside_priority_scope
lipscomb,2020-21,Lipscomb,,,,N,,,unknown,,,,,,False,,,,,False,False,outside_priority_scope
lipscomb,2021-22,Lipscomb,,,,N,,,unknown,,,,,,False,,,,,False,False,outside_priority_scope
lipscomb,2022-23,Lipscomb,,,,N,,,unknown,,,,,,False,,,,,False,False,outside_priority_scope
lipscomb,2023-24,Lipscomb,,,,N,,,unknown,,,,,,False,,,,,False,False,outside_priority_scope
lipscomb,2024-25,Lipscomb,,,,N,,,unknown,,,,,,False,,,,,False,False,outside_priority_scope
lipscomb,2025-26,Lipscomb,,,,N,,,unknown,,,,,,False,,,,,False,False,outside_priority_scope
long_beach_state,2017-18,Long Beach State,,,,N,,,unknown,,,,,,False,,,,,False,False,outside_priority_scope
long_beach_state,2018-19,Long Beach State,,,,N,,,unknown,,,,,,False,,,,,False,False,outside_priority_scope
long_beach_state,2020-21,Long Beach State,,,,N,,,unknown,,,,,,False,,,,,False,False,outside_priority_scope
long_beach_state,2021-22,Long Beach State,,,,N,,,unknown,,,,,,False,,,,,False,False,outside_priority_scope
long_beach_state,2022-23,Long Beach State,,,,N,,,unknown,,,,,,False,,,,,False,False,outside_priority_scope
long_beach_state,2023-24,Long Beach State,,,,N,,,unknown,,,,,,False,,,,,False,False,outside_priority_scope
long_beach_state,2024-25,Long Beach State,,,,N,,,unknown,,,,,,False,,,,,False,False,outside_priority_scope
long_beach_state,2025-26,Long Beach State,,,,N,,,unknown,,,,,,False,,,,,False,False,outside_priority_scope
longwood,2017-18,Longwood,,,,N,,,unknown,,,,,,False,,,,,False,False,outside_priority_scope
longwood,2018-19,Longwood,,,,N,,,unknown,,,,,,False,,,,,False,False,outside_priority_scope
longwood,2020-21,Longwood,,,,N,,,unknown,,,,,,False,,,,,False,False,outside_priority_scope
longwood,2021-22,Longwood,,,,N,,,unknown,,,,,,False,,,,,False,False,outside_priority_scope
longwood,2022-23,Longwood,,,,N,,,unknown,,,,,,False,,,,,False,False,outside_priority_scope
longwood,2023-24,Longwood,,,,N,,,unknown,,,,,,False,,,,,False,False,outside_priority_scope
longwood,2024-25,Longwood,,,,N,,,unknown,,,,,,False,,,,,False,False,outside_priority_scope
longwood,2025-26,Longwood,,,,N,,,unknown,,,,,,False,,,,,False,False,outside_priority_scope
louisiana,2017-18,Louisiana,,,,N,,,unknown,,,,,,False,,,,,False,False,outside_priority_scope
louisiana,2018-19,Louisiana,,,,N,,,unknown,,,,,,False,,,,,False,False,outside_priority_scope
louisiana,2020-21,Louisiana,,,,N,,,unknown,,,,,,False,,,,,False,False,outside_priority_scope
louisiana,2021-22,Louisiana,,,,N,,,unknown,,,,,,False,,,,,False,False,outside_priority_scope
louisiana,2022-23,Louisiana,,,,N,,,unknown,,,,,,False,,,,,False,False,outside_priority_scope
louisiana,2023-24,Louisiana,,,,N,,,unknown,,,,,,False,,,,,False,False,outside_priority_scope
louisiana,2024-25,Louisiana,,,,N,,,unknown,,,,,,False,,,,,False,False,outside_priority_scope
louisiana,2025-26,Louisiana,,,,N,,,unknown,,,,,,False,,,,,False,False,outside_priority_scope
louisiana_monroe,2017-18,Louisiana Monroe,,,,N,,,unknown,,,,,,False,,,,,False,False,outside_priority_scope
louisiana_monroe,2018-19,Louisiana Monroe,,,,N,,,unknown,,,,,,False,,,,,False,False,outside_priority_scope
louisiana_monroe,2020-21,Louisiana Monroe,,,,N,,,unknown,,,,,,False,,,,,False,False,outside_priority_scope
louisiana_monroe,2021-22,Louisiana Monroe,,,,N,,,unknown,,,,,,False,,,,,False,False,outside_priority_scope
louisiana_monroe,2022-23,Louisiana Monroe,,,,N,,,unknown,,,,,,False,,,,,False,False,outside_priority_scope
louisiana_monroe,2023-24,Louisiana Monroe,,,,N,,,unknown,,,,,,False,,,,,False,False,outside_priority_scope
louisiana_monroe,2024-25,Louisiana Monroe,,,,N,,,unknown,,,,,,False,,,,,False,False,outside_priority_scope
louisiana_monroe,2025-26,Louisiana Monroe,,,,N,,,unknown,,,,,,False,,,,,False,False,outside_priority_scope
louisiana_tech,2017-18,Louisiana Tech,,,,N,,,unknown,,,,,,False,,,,,False,False,outside_priority_scope
louisiana_tech,2018-19,Louisiana Tech,,,,N,,,unknown,,,,,,False,,,,,False,False,outside_priority_scope
louisiana_tech,2020-21,Louisiana Tech,,,,N,,,unknown,,,,,,False,,,,,False,False,outside_priority_scope
louisiana_tech,2021-22,Louisiana Tech,,,,N,,,unknown,,,,,,False,,,,,False,False,outside_priority_scope
louisiana_tech,2022-23,Louisiana Tech,,,,N,,,unknown,,,,,,False,,,,,False,False,outside_priority_scope
louisiana_tech,2023-24,Louisiana Tech,,,,N,,,unknown,,,,,,False,,,,,False,False,outside_priority_scope
louisiana_tech,2024-25,Louisiana Tech,,,,N,,,unknown,,,,,,False,,,,,False,False,outside_priority_scope
louisiana_tech,2025-26,Louisiana Tech,,,,N,,,unknown,,,,,,False,,,,,False,False,outside_priority_scope
louisville,2017-18,Louisville,adidas,adidas,https://gocards.com/news/2017/8/25/general-louisville-adidas-strike-landmark-10-year-partnership-through-2027-28,Y,2017 extension through 2027-28 of existing partnership.,official announcement; study-window coverage only,A,legacy_007,official_announcement,,,,True,,,,,False,True,direct_contract_evidence
louisville,2018-19,Louisville,adidas,adidas,https://gocards.com/news/2017/8/25/general-louisville-adidas-strike-landmark-10-year-partnership-through-2027-28,Y,2017 extension through 2027-28 of existing partnership.,official announcement; study-window coverage only,A,legacy_007,official_announcement,,,,True,,,,,False,True,direct_contract_evidence
louisville,2020-21,Louisville,adidas,adidas,https://gocards.com/news/2017/8/25/general-louisville-adidas-strike-landmark-10-year-partnership-through-2027-28,Y,2017 extension through 2027-28 of existing partnership.,official announcement; study-window coverage only,A,legacy_007,official_announcement,,,,True,,,,,False,True,direct_contract_evidence
louisville,2021-22,Louisville,adidas,adidas,https://gocards.com/news/2017/8/25/general-louisville-adidas-strike-landmark-10-year-partnership-through-2027-28,Y,2017 extension through 2027-28 of existing partnership.,official announcement; study-window coverage only,A,legacy_007,official_announcement,,,,True,,,,,False,True,direct_contract_evidence
louisville,2022-23,Louisville,adidas,adidas,https://gocards.com/news/2017/8/25/general-louisville-adidas-strike-landmark-10-year-partnership-through-2027-28,Y,2017 extension through 2027-28 of existing partnership.,official announcement; study-window coverage only,A,legacy_007,official_announcement,,,,True,,,,,False,True,direct_contract_evidence
louisville,2023-24,Louisville,adidas,adidas,https://gocards.com/news/2017/8/25/general-louisville-adidas-strike-landmark-10-year-partnership-through-2027-28,Y,2017 extension through 2027-28 of existing partnership.,official announcement; study-window coverage only,A,legacy_007,official_announcement,,,,True,,,,,False,True,direct_contract_evidence
louisville,2024-25,Louisville,adidas,adidas,https://gocards.com/news/2017/8/25/general-louisville-adidas-strike-landmark-10-year-partnership-through-2027-28,Y,2017 extension through 2027-28 of existing partnership.,official announcement; study-window coverage only,A,legacy_007,official_announcement,,,,True,,,,,False,True,direct_contract_evidence
louisville,2025-26,Louisville,adidas,adidas,https://gocards.com/news/2017/8/25/general-louisville-adidas-strike-landmark-10-year-partnership-through-2027-28,Y,2017 extension through 2027-28 of existing partnership.,official announcement; study-window coverage only,A,legacy_007,official_announcement,,,,True,,,,,False,True,direct_contract_evidence
loyola_chicago,2017-18,Loyola Chicago,,,,N,,,unknown,,,,,,False,,,,,False,False,outside_priority_scope
loyola_chicago,2018-19,Loyola Chicago,,,,N,,,unknown,,,,,,False,,,,,False,False,outside_priority_scope
loyola_chicago,2020-21,Loyola Chicago,,,,N,,,unknown,,,,,,False,,,,,False,False,outside_priority_scope
loyola_chicago,2021-22,Loyola Chicago,,,,N,,,unknown,,,,,,False,,,,,False,False,outside_priority_scope
loyola_chicago,2022-23,Loyola Chicago,,,,N,,,unknown,,,,,,False,,,,,False,False,outside_priority_scope
loyola_chicago,2023-24,Loyola Chicago,,,,N,,,unknown,,,,,,False,,,,,False,False,outside_priority_scope
loyola_chicago,2024-25,Loyola Chicago,,,,N,,,unknown,,,,,,False,,,,,False,False,outside_priority_scope
loyola_chicago,2025-26,Loyola Chicago,,,,N,,,unknown,,,,,,False,,,,,False,False,outside_priority_scope
loyola_maryland,2017-18,Loyola Maryland,,,,N,,,unknown,,,,,,False,,,,,False,False,outside_priority_scope
loyola_maryland,2018-19,Loyola Maryland,,,,N,,,unknown,,,,,,False,,,,,False,False,outside_priority_scope
loyola_maryland,2020-21,Loyola Maryland,,,,N,,,unknown,,,,,,False,,,,,False,False,outside_priority_scope
loyola_maryland,2021-22,Loyola Maryland,,,,N,,,unknown,,,,,,False,,,,,False,False,outside_priority_scope
loyola_maryland,2022-23,Loyola Maryland,,,,N,,,unknown,,,,,,False,,,,,False,False,outside_priority_scope
loyola_maryland,2023-24,Loyola Maryland,,,,N,,,unknown,,,,,,False,,,,,False,False,outside_priority_scope
loyola_maryland,2024-25,Loyola Maryland,,,,N,,,unknown,,,,,,False,,,,,False,False,outside_priority_scope
loyola_maryland,2025-26,Loyola Maryland,,,,N,,,unknown,,,,,,False,,,,,False,False,outside_priority_scope
loyola_marymount,2017-18,Loyola Marymount,,,,N,,,unknown,,,,,,False,,,,,False,False,outside_priority_scope
loyola_marymount,2018-19,Loyola Marymount,,,,N,,,unknown,,,,,,False,,,,,False,False,outside_priority_scope
loyola_marymount,2020-21,Loyola Marymount,,,,N,,,unknown,,,,,,False,,,,,False,False,outside_priority_scope
loyola_marymount,2021-22,Loyola Marymount,,,,N,,,unknown,,,,,,False,,,,,False,False,outside_priority_scope
loyola_marymount,2022-23,Loyola Marymount,,,,N,,,unknown,,,,,,False,,,,,False,False,outside_priority_scope
loyola_marymount,2023-24,Loyola Marymount,,,,N,,,unknown,,,,,,False,,,,,False,False,outside_priority_scope
loyola_marymount,2024-25,Loyola Marymount,,,,N,,,unknown,,,,,,False,,,,,False,False,outside_priority_scope
loyola_marymount,2025-26,Loyola Marymount,,,,N,,,unknown,,,,,,False,,,,,False,False,outside_priority_scope
maine,2017-18,Maine,,,,N,,,unknown,,,,,,False,,,,,False,False,outside_priority_scope
maine,2018-19,Maine,,,,N,,,unknown,,,,,,False,,,,,False,False,outside_priority_scope
maine,2020-21,Maine,,,,N,,,unknown,,,,,,False,,,,,False,False,outside_priority_scope
maine,2021-22,Maine,,,,N,,,unknown,,,,,,False,,,,,False,False,outside_priority_scope
maine,2022-23,Maine,,,,N,,,unknown,,,,,,False,,,,,False,False,outside_priority_scope
maine,2023-24,Maine,,,,N,,,unknown,,,,,,False,,,,,False,False,outside_priority_scope
maine,2024-25,Maine,,,,N,,,unknown,,,,,,False,,,,,False,False,outside_priority_scope
maine,2025-26,Maine,,,,N,,,unknown,,,,,,False,,,,,False,False,outside_priority_scope
manhattan,2017-18,Manhattan,,,,N,,,unknown,,,,,,False,,,,,False,False,outside_priority_scope
manhattan,2018-19,Manhattan,,,,N,,,unknown,,,,,,False,,,,,False,False,outside_priority_scope
manhattan,2020-21,Manhattan,,,,N,,,unknown,,,,,,False,,,,,False,False,outside_priority_scope
manhattan,2021-22,Manhattan,,,,N,,,unknown,,,,,,False,,,,,False,False,outside_priority_scope
manhattan,2022-23,Manhattan,,,,N,,,unknown,,,,,,False,,,,,False,False,outside_priority_scope
manhattan,2023-24,Manhattan,,,,N,,,unknown,,,,,,False,,,,,False,False,outside_priority_scope
manhattan,2024-25,Manhattan,,,,N,,,unknown,,,,,,False,,,,,False,False,outside_priority_scope
manhattan,2025-26,Manhattan,,,,N,,,unknown,,,,,,False,,,,,False,False,outside_priority_scope
marist,2017-18,Marist,,,,N,,,unknown,,,,,,False,,,,,False,False,outside_priority_scope
marist,2018-19,Marist,,,,N,,,unknown,,,,,,False,,,,,False,False,outside_priority_scope
marist,2020-21,Marist,,,,N,,,unknown,,,,,,False,,,,,False,False,outside_priority_scope
marist,2021-22,Marist,,,,N,,,unknown,,,,,,False,,,,,False,False,outside_priority_scope
marist,2022-23,Marist,,,,N,,,unknown,,,,,,False,,,,,False,False,outside_priority_scope
marist,2023-24,Marist,,,,N,,,unknown,,,,,,False,,,,,False,False,outside_priority_scope
marist,2024-25,Marist,,,,N,,,unknown,,,,,,False,,,,,False,False,outside_priority_scope
marist,2025-26,Marist,,,,N,,,unknown,,,,,,False,,,,,False,False,outside_priority_scope
marquette,2017-18,Marquette,,,,N,,,unknown,,,,,,False,,,,,False,False,outside_priority_scope
marquette,2018-19,Marquette,,,,N,,,unknown,,,,,,False,,,,,False,False,outside_priority_scope
marquette,2020-21,Marquette,,,,N,,,unknown,,,,,,False,,,,,False,False,outside_priority_scope
marquette,2021-22,Marquette,,,,N,,,unknown,,,,,,False,,,,,False,False,outside_priority_scope
marquette,2022-23,Marquette,,,,N,,,unknown,,,,,,False,,,,,False,False,outside_priority_scope
marquette,2023-24,Marquette,,,,N,,,unknown,,,,,,False,,,,,False,False,outside_priority_scope
marquette,2024-25,Marquette,,,,N,,,unknown,,,,,,False,,,,,False,False,outside_priority_scope
marquette,2025-26,Marquette,,,,N,,,unknown,,,,,,False,,,,,False,False,outside_priority_scope
marshall,2017-18,Marshall,,,,N,,,unknown,,,,,,False,,,,,False,False,outside_priority_scope
marshall,2018-19,Marshall,,,,N,,,unknown,,,,,,False,,,,,False,False,outside_priority_scope
marshall,2020-21,Marshall,,,,N,,,unknown,,,,,,False,,,,,False,False,outside_priority_scope
marshall,2021-22,Marshall,,,,N,,,unknown,,,,,,False,,,,,False,False,outside_priority_scope
marshall,2022-23,Marshall,,,,N,,,unknown,,,,,,False,,,,,False,False,outside_priority_scope
marshall,2023-24,Marshall,,,,N,,,unknown,,,,,,False,,,,,False,False,outside_priority_scope
marshall,2024-25,Marshall,,,,N,,,unknown,,,,,,False,,,,,False,False,outside_priority_scope
marshall,2025-26,Marshall,,,,N,,,unknown,,,,,,False,,,,,False,False,outside_priority_scope
maryland,2017-18,Maryland,Under Armour,Under Armour,https://about.underarmour.com/en/stories/2024/06/university-of-maryland-and-under-armour-announce-12-year-extensi.html,Y,Department-wide outfitter since 2009; 2024 renewal through 2036.,official announcement; study-window coverage only,A,legacy_012,official_announcement,,,,True,,,,,False,True,direct_contract_evidence
maryland,2018-19,Maryland,Under Armour,Under Armour,https://about.underarmour.com/en/stories/2024/06/university-of-maryland-and-under-armour-announce-12-year-extensi.html,Y,Department-wide outfitter since 2009; 2024 renewal through 2036.,official announcement; study-window coverage only,A,legacy_012,official_announcement,,,,True,,,,,False,True,direct_contract_evidence
maryland,2020-21,Maryland,Under Armour,Under Armour,https://about.underarmour.com/en/stories/2024/06/university-of-maryland-and-under-armour-announce-12-year-extensi.html,Y,Department-wide outfitter since 2009; 2024 renewal through 2036.,official announcement; study-window coverage only,A,legacy_012,official_announcement,,,,True,,,,,False,True,direct_contract_evidence
maryland,2021-22,Maryland,Under Armour,Under Armour,https://about.underarmour.com/en/stories/2024/06/university-of-maryland-and-under-armour-announce-12-year-extensi.html,Y,Department-wide outfitter since 2009; 2024 renewal through 2036.,official announcement; study-window coverage only,A,legacy_012,official_announcement,,,,True,,,,,False,True,direct_contract_evidence
maryland,2022-23,Maryland,Under Armour,Under Armour,https://about.underarmour.com/en/stories/2024/06/university-of-maryland-and-under-armour-announce-12-year-extensi.html,Y,Department-wide outfitter since 2009; 2024 renewal through 2036.,official announcement; study-window coverage only,A,legacy_012,official_announcement,,,,True,,,,,False,True,direct_contract_evidence
maryland,2023-24,Maryland,Under Armour,Under Armour,https://about.underarmour.com/en/stories/2024/06/university-of-maryland-and-under-armour-announce-12-year-extensi.html,Y,Department-wide outfitter since 2009; 2024 renewal through 2036.,official announcement; study-window coverage only,A,legacy_012,official_announcement,,,,True,,,,,False,True,direct_contract_evidence
maryland,2024-25,Maryland,Under Armour,Under Armour,https://about.underarmour.com/en/stories/2024/06/university-of-maryland-and-under-armour-announce-12-year-extensi.html,Y,Department-wide outfitter since 2009; 2024 renewal through 2036.,official announcement; study-window coverage only,A,legacy_012,official_announcement,,,,True,,,,,False,True,direct_contract_evidence
maryland,2025-26,Maryland,Under Armour,Under Armour,https://about.underarmour.com/en/stories/2024/06/university-of-maryland-and-under-armour-announce-12-year-extensi.html,Y,Department-wide outfitter since 2009; 2024 renewal through 2036.,official announcement; study-window coverage only,A,legacy_012,official_announcement,,,,True,,,,,False,True,direct_contract_evidence
maryland_eastern_shore,2017-18,Maryland Eastern Shore,,,,N,,,unknown,,,,,,False,,,,,False,False,outside_priority_scope
maryland_eastern_shore,2018-19,Maryland Eastern Shore,,,,N,,,unknown,,,,,,False,,,,,False,False,outside_priority_scope
maryland_eastern_shore,2020-21,Maryland Eastern Shore,,,,N,,,unknown,,,,,,False,,,,,False,False,outside_priority_scope
maryland_eastern_shore,2021-22,Maryland Eastern Shore,,,,N,,,unknown,,,,,,False,,,,,False,False,outside_priority_scope
maryland_eastern_shore,2022-23,Maryland Eastern Shore,,,,N,,,unknown,,,,,,False,,,,,False,False,outside_priority_scope
maryland_eastern_shore,2023-24,Maryland Eastern Shore,,,,N,,,unknown,,,,,,False,,,,,False,False,outside_priority_scope
maryland_eastern_shore,2024-25,Maryland Eastern Shore,,,,N,,,unknown,,,,,,False,,,,,False,False,outside_priority_scope
maryland_eastern_shore,2025-26,Maryland Eastern Shore,,,,N,,,unknown,,,,,,False,,,,,False,False,outside_priority_scope
massachusetts,2017-18,Massachusetts,,,,N,,,unknown,,,,,,False,,,,,False,False,outside_priority_scope
massachusetts,2018-19,Massachusetts,,,,N,,,unknown,,,,,,False,,,,,False,False,outside_priority_scope
massachusetts,2020-21,Massachusetts,,,,N,,,unknown,,,,,,False,,,,,False,False,outside_priority_scope
massachusetts,2021-22,Massachusetts,,,,N,,,unknown,,,,,,False,,,,,False,False,outside_priority_scope
massachusetts,2022-23,Massachusetts,,,,N,,,unknown,,,,,,False,,,,,False,False,outside_priority_scope
massachusetts,2023-24,Massachusetts,,,,N,,,unknown,,,,,,False,,,,,False,False,outside_priority_scope
massachusetts,2024-25,Massachusetts,,,,N,,,unknown,,,,,,False,,,,,False,False,outside_priority_scope
massachusetts,2025-26,Massachusetts,,,,N,,,unknown,,,,,,False,,,,,False,False,outside_priority_scope
massachusetts_lowell,2017-18,Massachusetts Lowell,,,,N,,,unknown,,,,,,False,,,,,False,False,outside_priority_scope
massachusetts_lowell,2018-19,Massachusetts Lowell,,,,N,,,unknown,,,,,,False,,,,,False,False,outside_priority_scope
massachusetts_lowell,2020-21,Massachusetts Lowell,,,,N,,,unknown,,,,,,False,,,,,False,False,outside_priority_scope
massachusetts_lowell,2021-22,Massachusetts Lowell,,,,N,,,unknown,,,,,,False,,,,,False,False,outside_priority_scope
massachusetts_lowell,2022-23,Massachusetts Lowell,,,,N,,,unknown,,,,,,False,,,,,False,False,outside_priority_scope
massachusetts_lowell,2023-24,Massachusetts Lowell,,,,N,,,unknown,,,,,,False,,,,,False,False,outside_priority_scope
massachusetts_lowell,2024-25,Massachusetts Lowell,,,,N,,,unknown,,,,,,False,,,,,False,False,outside_priority_scope
massachusetts_lowell,2025-26,Massachusetts Lowell,,,,N,,,unknown,,,,,,False,,,,,False,False,outside_priority_scope
mcneese_state,2017-18,McNeese State,,,,N,,,unknown,,,,,,False,,,,,False,False,outside_priority_scope
mcneese_state,2018-19,McNeese State,,,,N,,,unknown,,,,,,False,,,,,False,False,outside_priority_scope
mcneese_state,2020-21,McNeese State,,,,N,,,unknown,,,,,,False,,,,,False,False,outside_priority_scope
mcneese_state,2021-22,McNeese State,,,,N,,,unknown,,,,,,False,,,,,False,False,outside_priority_scope
mcneese_state,2022-23,McNeese State,,,,N,,,unknown,,,,,,False,,,,,False,False,outside_priority_scope
mcneese_state,2023-24,McNeese State,,,,N,,,unknown,,,,,,False,,,,,False,False,outside_priority_scope
mcneese_state,2024-25,McNeese State,,,,N,,,unknown,,,,,,False,,,,,False,False,outside_priority_scope
mcneese_state,2025-26,McNeese State,,,,N,,,unknown,,,,,,False,,,,,False,False,outside_priority_scope
memphis,2017-18,Memphis,,,,N,,,unknown,,,,,,False,,,,,False,False,outside_priority_scope
memphis,2018-19,Memphis,,,,N,,,unknown,,,,,,False,,,,,False,False,outside_priority_scope
memphis,2020-21,Memphis,,,,N,,,unknown,,,,,,False,,,,,False,False,outside_priority_scope
memphis,2021-22,Memphis,,,,N,,,unknown,,,,,,False,,,,,False,False,outside_priority_scope
memphis,2022-23,Memphis,,,,N,,,unknown,,,,,,False,,,,,False,False,outside_priority_scope
memphis,2023-24,Memphis,,,,N,,,unknown,,,,,,False,,,,,False,False,outside_priority_scope
memphis,2024-25,Memphis,,,,N,,,unknown,,,,,,False,,,,,False,False,outside_priority_scope
memphis,2025-26,Memphis,,,,N,,,unknown,,,,,,False,,,,,False,False,outside_priority_scope
mercer,2017-18,Mercer,,,,N,,,unknown,,,,,,False,,,,,False,False,outside_priority_scope
mercer,2018-19,Mercer,,,,N,,,unknown,,,,,,False,,,,,False,False,outside_priority_scope
mercer,2020-21,Mercer,,,,N,,,unknown,,,,,,False,,,,,False,False,outside_priority_scope
mercer,2021-22,Mercer,,,,N,,,unknown,,,,,,False,,,,,False,False,outside_priority_scope
mercer,2022-23,Mercer,,,,N,,,unknown,,,,,,False,,,,,False,False,outside_priority_scope
mercer,2023-24,Mercer,,,,N,,,unknown,,,,,,False,,,,,False,False,outside_priority_scope
mercer,2024-25,Mercer,,,,N,,,unknown,,,,,,False,,,,,False,False,outside_priority_scope
mercer,2025-26,Mercer,,,,N,,,unknown,,,,,,False,,,,,False,False,outside_priority_scope
merrimack,2017-18,Merrimack,,,,N,,,unknown,,,,,,False,,,,,False,False,outside_priority_scope
merrimack,2018-19,Merrimack,,,,N,,,unknown,,,,,,False,,,,,False,False,outside_priority_scope
merrimack,2020-21,Merrimack,,,,N,,,unknown,,,,,,False,,,,,False,False,outside_priority_scope
merrimack,2021-22,Merrimack,,,,N,,,unknown,,,,,,False,,,,,False,False,outside_priority_scope
merrimack,2022-23,Merrimack,,,,N,,,unknown,,,,,,False,,,,,False,False,outside_priority_scope
merrimack,2023-24,Merrimack,,,,N,,,unknown,,,,,,False,,,,,False,False,outside_priority_scope
merrimack,2024-25,Merrimack,,,,N,,,unknown,,,,,,False,,,,,False,False,outside_priority_scope
merrimack,2025-26,Merrimack,,,,N,,,unknown,,,,,,False,,,,,False,False,outside_priority_scope
miami_fl,2017-18,Miami (FL),adidas,adidas,https://miamihurricanes.com/news/2021/02/15/championship-colors,Y,"University account states 2015 twelve-year sponsorship through June 30, 2027.",official announcement; study-window coverage only,A,legacy_009,official_announcement,,,,True,,,,,False,True,direct_contract_evidence
miami_fl,2018-19,Miami (FL),adidas,adidas,https://miamihurricanes.com/news/2021/02/15/championship-colors,Y,"University account states 2015 twelve-year sponsorship through June 30, 2027.",official announcement; study-window coverage only,A,legacy_009,official_announcement,,,,True,,,,,False,True,direct_contract_evidence
miami_fl,2020-21,Miami (FL),adidas,adidas,https://miamihurricanes.com/news/2021/02/15/championship-colors,Y,"University account states 2015 twelve-year sponsorship through June 30, 2027.",official announcement; study-window coverage only,A,legacy_009,official_announcement,,,,True,,,,,False,True,direct_contract_evidence
miami_fl,2021-22,Miami (FL),adidas,adidas,https://miamihurricanes.com/news/2021/02/15/championship-colors,Y,"University account states 2015 twelve-year sponsorship through June 30, 2027.",official announcement; study-window coverage only,A,legacy_009,official_announcement,,,,True,,,,,False,True,direct_contract_evidence
miami_fl,2022-23,Miami (FL),adidas,adidas,https://miamihurricanes.com/news/2021/02/15/championship-colors,Y,"University account states 2015 twelve-year sponsorship through June 30, 2027.",official announcement; study-window coverage only,A,legacy_009,official_announcement,,,,True,,,,,False,True,direct_contract_evidence
miami_fl,2023-24,Miami (FL),adidas,adidas,https://miamihurricanes.com/news/2021/02/15/championship-colors,Y,"University account states 2015 twelve-year sponsorship through June 30, 2027.",official announcement; study-window coverage only,A,legacy_009,official_announcement,,,,True,,,,,False,True,direct_contract_evidence
miami_fl,2024-25,Miami (FL),adidas,adidas,https://miamihurricanes.com/news/2021/02/15/championship-colors,Y,"University account states 2015 twelve-year sponsorship through June 30, 2027.",official announcement; study-window coverage only,A,legacy_009,official_announcement,,,,True,,,,,False,True,direct_contract_evidence
miami_fl,2025-26,Miami (FL),adidas,adidas,https://miamihurricanes.com/news/2021/02/15/championship-colors,Y,"University account states 2015 twelve-year sponsorship through June 30, 2027.",official announcement; study-window coverage only,A,legacy_009,official_announcement,,,,True,,,,,False,True,direct_contract_evidence
miami_oh,2017-18,Miami (OH),,,,N,,,unknown,,,,,,False,,,,,False,False,outside_priority_scope
miami_oh,2018-19,Miami (OH),,,,N,,,unknown,,,,,,False,,,,,False,False,outside_priority_scope
miami_oh,2020-21,Miami (OH),,,,N,,,unknown,,,,,,False,,,,,False,False,outside_priority_scope
miami_oh,2021-22,Miami (OH),,,,N,,,unknown,,,,,,False,,,,,False,False,outside_priority_scope
miami_oh,2022-23,Miami (OH),,,,N,,,unknown,,,,,,False,,,,,False,False,outside_priority_scope
miami_oh,2023-24,Miami (OH),,,,N,,,unknown,,,,,,False,,,,,False,False,outside_priority_scope
miami_oh,2024-25,Miami (OH),,,,N,,,unknown,,,,,,False,,,,,False,False,outside_priority_scope
miami_oh,2025-26,Miami (OH),,,,N,,,unknown,,,,,,False,,,,,False,False,outside_priority_scope
michigan,2017-18,Michigan,Nike,Nike,https://finance.umich.edu/reports/2016/category/athletics/,Y,"University annual report confirms August 1, 2016 to 2027 partnership. Nike/Jordan department footprint.",official announcement; study-window coverage only,A,legacy_015,official_announcement,,,,True,,,,,False,True,direct_contract_evidence
michigan,2018-19,Michigan,Nike,Nike,https://finance.umich.edu/reports/2016/category/athletics/,Y,"University annual report confirms August 1, 2016 to 2027 partnership. Nike/Jordan department footprint.",official announcement; study-window coverage only,A,legacy_015,official_announcement,,,,True,,,,,False,True,direct_contract_evidence
michigan,2020-21,Michigan,Nike,Nike,https://finance.umich.edu/reports/2016/category/athletics/,Y,"University annual report confirms August 1, 2016 to 2027 partnership. Nike/Jordan department footprint.",official announcement; study-window coverage only,A,legacy_015,official_announcement,,,,True,,,,,False,True,direct_contract_evidence
michigan,2021-22,Michigan,Nike,Nike,https://finance.umich.edu/reports/2016/category/athletics/,Y,"University annual report confirms August 1, 2016 to 2027 partnership. Nike/Jordan department footprint.",official announcement; study-window coverage only,A,legacy_015,official_announcement,,,,True,,,,,False,True,direct_contract_evidence
michigan,2022-23,Michigan,Nike,Nike,https://finance.umich.edu/reports/2016/category/athletics/,Y,"University annual report confirms August 1, 2016 to 2027 partnership. Nike/Jordan department footprint.",official announcement; study-window coverage only,A,legacy_015,official_announcement,,,,True,,,,,False,True,direct_contract_evidence
michigan,2023-24,Michigan,Nike,Nike,https://finance.umich.edu/reports/2016/category/athletics/,Y,"University annual report confirms August 1, 2016 to 2027 partnership. Nike/Jordan department footprint.",official announcement; study-window coverage only,A,legacy_015,official_announcement,,,,True,,,,,False,True,direct_contract_evidence
michigan,2024-25,Michigan,Nike,Nike,https://finance.umich.edu/reports/2016/category/athletics/,Y,"University annual report confirms August 1, 2016 to 2027 partnership. Nike/Jordan department footprint.",official announcement; study-window coverage only,A,legacy_015,official_announcement,,,,True,,,,,False,True,direct_contract_evidence
michigan,2025-26,Michigan,Nike,Nike,https://finance.umich.edu/reports/2016/category/athletics/,Y,"University annual report confirms August 1, 2016 to 2027 partnership. Nike/Jordan department footprint.",official announcement; study-window coverage only,A,legacy_015,official_announcement,,,,True,,,,,False,True,direct_contract_evidence
michigan_state,2017-18,Michigan State,Nike,Nike,https://www.sportsbusinessjournal.com/Daily/Issues/2015/07/20/Marketing-and-Sponsorship/MSU-Nike/,Y,"2015 report describes ten-year, $34 million extension.",secondary contract reporting,A,legacy_065,secondary_contract_reporting,,,,True,,,,,False,True,direct_contract_evidence
michigan_state,2018-19,Michigan State,Nike,Nike,https://www.sportsbusinessjournal.com/Daily/Issues/2015/07/20/Marketing-and-Sponsorship/MSU-Nike/,Y,"2015 report describes ten-year, $34 million extension.",secondary contract reporting,A,legacy_065,secondary_contract_reporting,,,,True,,,,,False,True,direct_contract_evidence
michigan_state,2020-21,Michigan State,Nike,Nike,https://www.sportsbusinessjournal.com/Daily/Issues/2015/07/20/Marketing-and-Sponsorship/MSU-Nike/,Y,"2015 report describes ten-year, $34 million extension.",secondary contract reporting,A,legacy_065,secondary_contract_reporting,,,,True,,,,,False,True,direct_contract_evidence
michigan_state,2021-22,Michigan State,Nike,Nike,https://www.sportsbusinessjournal.com/Daily/Issues/2015/07/20/Marketing-and-Sponsorship/MSU-Nike/,Y,"2015 report describes ten-year, $34 million extension.",secondary contract reporting,A,legacy_065,secondary_contract_reporting,,,,True,,,,,False,True,direct_contract_evidence
michigan_state,2022-23,Michigan State,Nike,Nike,https://www.sportsbusinessjournal.com/Daily/Issues/2015/07/20/Marketing-and-Sponsorship/MSU-Nike/,Y,"2015 report describes ten-year, $34 million extension.",secondary contract reporting,A,legacy_065,secondary_contract_reporting,,,,True,,,,,False,True,direct_contract_evidence
michigan_state,2023-24,Michigan State,Nike,Nike,https://www.sportsbusinessjournal.com/Daily/Issues/2015/07/20/Marketing-and-Sponsorship/MSU-Nike/,Y,"2015 report describes ten-year, $34 million extension.",secondary contract reporting,A,legacy_065,secondary_contract_reporting,,,,True,,,,,False,True,direct_contract_evidence
michigan_state,2024-25,Michigan State,Nike,Nike,https://spartanavenue.com/posts/michigan-state-and-nike-strike-deal-to-extend-contract-01j364s62zn9,Y,"2024 report of extension through 2027, citing 247Sports.",secondary reporting; original extension not inspected,A,legacy_066,secondary_contract_reporting,,,,True,,,,,False,True,direct_contract_evidence
michigan_state,2025-26,Michigan State,Nike,Nike,https://spartanavenue.com/posts/michigan-state-and-nike-strike-deal-to-extend-contract-01j364s62zn9,Y,"2024 report of extension through 2027, citing 247Sports.",secondary reporting; original extension not inspected,A,legacy_066,secondary_contract_reporting,,,,True,,,,,False,True,direct_contract_evidence
middle_tennessee_state,2017-18,Middle Tennessee State,,,,N,,,unknown,,,,,,False,,,,,False,False,outside_priority_scope
middle_tennessee_state,2018-19,Middle Tennessee State,,,,N,,,unknown,,,,,,False,,,,,False,False,outside_priority_scope
middle_tennessee_state,2020-21,Middle Tennessee State,,,,N,,,unknown,,,,,,False,,,,,False,False,outside_priority_scope
middle_tennessee_state,2021-22,Middle Tennessee State,,,,N,,,unknown,,,,,,False,,,,,False,False,outside_priority_scope
middle_tennessee_state,2022-23,Middle Tennessee State,,,,N,,,unknown,,,,,,False,,,,,False,False,outside_priority_scope
middle_tennessee_state,2023-24,Middle Tennessee State,,,,N,,,unknown,,,,,,False,,,,,False,False,outside_priority_scope
middle_tennessee_state,2024-25,Middle Tennessee State,,,,N,,,unknown,,,,,,False,,,,,False,False,outside_priority_scope
middle_tennessee_state,2025-26,Middle Tennessee State,,,,N,,,unknown,,,,,,False,,,,,False,False,outside_priority_scope
minnesota,2017-18,Minnesota,Nike,Nike,https://athleticdirectoru.com/articles/cash-is-king-in-intercollegiate-apparel-agreements/,Y,CRIA researchers table identifies provider in 2017-18 only. No forward-fill. Known erroneous Rutgers entry in compilation not used.,researchers contract compilation snapshot,A,legacy_076,secondary_contract_reporting,,,,True,,,,,False,True,direct_contract_evidence
minnesota,2018-19,Minnesota,Nike,Nike,https://athleticdirectoru.com/articles/cash-is-king-in-intercollegiate-apparel-agreements/,N,Inferred between 2017-18 (A) and 2020-21 (A); same provider and no known intervening transition in reviewed evidence.,"continuity inference; endpoints only, not direct seasonal observation",C,,inferred_from_two_sources,,,,True,2017-18,2020-21,https://athleticdirectoru.com/articles/cash-is-king-in-intercollegiate-apparel-agreements/,https://regents.umn.edu/sites/regents.umn.edu/files/2020-02/minutes-dec2019.pdf,True,True,inferred_continuity
minnesota,2020-21,Minnesota,Nike,Nike,https://regents.umn.edu/sites/regents.umn.edu/files/2020-02/minutes-dec2019.pdf,Y,"University board minutes identify Nike extension August 1, 2020 through July 31, 2023.","university board minutes; indexed text, download returned 403",A,legacy_088,board_record,,,,True,,,,,False,True,direct_contract_evidence
minnesota,2021-22,Minnesota,Nike,Nike,https://regents.umn.edu/sites/regents.umn.edu/files/2020-02/minutes-dec2019.pdf,Y,"University board minutes identify Nike extension August 1, 2020 through July 31, 2023.","university board minutes; indexed text, download returned 403",A,legacy_088,board_record,,,,True,,,,,False,True,direct_contract_evidence
minnesota,2022-23,Minnesota,Nike,Nike,https://regents.umn.edu/sites/regents.umn.edu/files/2020-02/minutes-dec2019.pdf,Y,"University board minutes identify Nike extension August 1, 2020 through July 31, 2023.","university board minutes; indexed text, download returned 403",A,legacy_088,board_record,,,,True,,,,,False,True,direct_contract_evidence
minnesota,2023-24,Minnesota,Nike,Nike,https://regents.umn.edu/sites/regents.umn.edu/files/2023-02/minutes-dec2022.pdf,Y,Minutes PDF p.12 specify department-exclusive Nike August 2023–July 2027; p.27 records full board approval of consent report.,approved university board minutes,A,legacy_104,board_record,,,,True,,,,,False,True,direct_contract_evidence
minnesota,2024-25,Minnesota,Nike,Nike,https://regents.umn.edu/sites/regents.umn.edu/files/2023-02/minutes-dec2022.pdf,Y,Minutes PDF p.12 specify department-exclusive Nike August 2023–July 2027; p.27 records full board approval of consent report.,approved university board minutes,A,legacy_104,board_record,,,,True,,,,,False,True,direct_contract_evidence
minnesota,2025-26,Minnesota,Nike,Nike,https://regents.umn.edu/sites/regents.umn.edu/files/2023-02/minutes-dec2022.pdf,Y,Minutes PDF p.12 specify department-exclusive Nike August 2023–July 2027; p.27 records full board approval of consent report.,approved university board minutes,A,legacy_104,board_record,,,,True,,,,,False,True,direct_contract_evidence
mississippi_state,2017-18,Mississippi State,adidas,adidas,https://hailstate.com/sports/2014/4/16/209467396,Y,Athletic director announces seven-year extension in April 2014 covering all 16 sports.,official dated announcement,A,legacy_101,official_announcement,,,,True,,,,,False,True,direct_contract_evidence
mississippi_state,2018-19,Mississippi State,adidas,adidas,https://hailstate.com/sports/2014/4/16/209467396,Y,Athletic director announces seven-year extension in April 2014 covering all 16 sports.,official dated announcement,A,legacy_101,official_announcement,,,,True,,,,,False,True,direct_contract_evidence
mississippi_state,2020-21,Mississippi State,adidas,adidas,https://hailstate.com/sports/2014/4/16/209467396,Y,Athletic director announces seven-year extension in April 2014 covering all 16 sports.,official dated announcement,A,legacy_101,official_announcement,,,,True,,,,,False,True,direct_contract_evidence
mississippi_state,2021-22,Mississippi State,adidas,adidas,https://hailstate.com/sports/2014/4/16/209467396,N,Inferred between 2020-21 (A) and 2025-26 (B); same provider and no known intervening transition in reviewed evidence.,"continuity inference; endpoints only, not direct seasonal observation",C,,inferred_from_two_sources,,,,True,2020-21,2025-26,https://hailstate.com/sports/2014/4/16/209467396,https://web.archive.org/web/20251002011106/https://hailstate.com/,True,True,inferred_continuity
mississippi_state,2022-23,Mississippi State,adidas,adidas,https://hailstate.com/sports/2014/4/16/209467396,N,Inferred between 2020-21 (A) and 2025-26 (B); same provider and no known intervening transition in reviewed evidence.,"continuity inference; endpoints only, not direct seasonal observation",C,,inferred_from_two_sources,,,,True,2020-21,2025-26,https://hailstate.com/sports/2014/4/16/209467396,https://web.archive.org/web/20251002011106/https://hailstate.com/,True,True,inferred_continuity
mississippi_state,2023-24,Mississippi State,adidas,adidas,https://hailstate.com/sports/2014/4/16/209467396,N,Inferred between 2020-21 (A) and 2025-26 (B); same provider and no known intervening transition in reviewed evidence.,"continuity inference; endpoints only, not direct seasonal observation",C,,inferred_from_two_sources,,,,True,2020-21,2025-26,https://hailstate.com/sports/2014/4/16/209467396,https://web.archive.org/web/20251002011106/https://hailstate.com/,True,True,inferred_continuity
mississippi_state,2024-25,Mississippi State,adidas,adidas,https://hailstate.com/sports/2014/4/16/209467396,N,Inferred between 2020-21 (A) and 2025-26 (B); same provider and no known intervening transition in reviewed evidence.,"continuity inference; endpoints only, not direct seasonal observation",C,,inferred_from_two_sources,,,,True,2020-21,2025-26,https://hailstate.com/sports/2014/4/16/209467396,https://web.archive.org/web/20251002011106/https://hailstate.com/,True,True,inferred_continuity
mississippi_state,2025-26,Mississippi State,adidas,adidas,https://web.archive.org/web/20251002011106/https://hailstate.com/,Y,Archived official athletics site displays brand in department footer or sponsor section. Archived Snapshot reviewed during research; follow the archive URL to inspect the original.,dated official evidence,B,tier_109,wayback_official_site,2025-10-02,https://web.archive.org/web/20251002011106/https://hailstate.com/,2025-10-02,True,,,,,False,True,dated_official_use
missouri,2017-18,Missouri,Nike,Nike,https://athleticdirectoru.com/articles/cash-is-king-in-intercollegiate-apparel-agreements/,Y,CRIA researchers table identifies provider in 2017-18 only. No forward-fill. Known erroneous Rutgers entry in compilation not used.,researchers contract compilation snapshot,A,legacy_077,secondary_contract_reporting,,,,True,,,,,False,True,direct_contract_evidence
missouri,2018-19,Missouri,Nike,Nike,https://athleticdirectoru.com/articles/cash-is-king-in-intercollegiate-apparel-agreements/,N,Inferred between 2017-18 (A) and 2025-26 (B); same provider and no known intervening transition in reviewed evidence.,"continuity inference; endpoints only, not direct seasonal observation",C,,inferred_from_two_sources,,,,True,2017-18,2025-26,https://athleticdirectoru.com/articles/cash-is-king-in-intercollegiate-apparel-agreements/,https://mutigers.com/documents/download/2025/9/16/GameNotes_FULL_USC_G4.pdf,True,True,inferred_continuity
missouri,2020-21,Missouri,Nike,Nike,https://athleticdirectoru.com/articles/cash-is-king-in-intercollegiate-apparel-agreements/,N,Inferred between 2017-18 (A) and 2025-26 (B); same provider and no known intervening transition in reviewed evidence.,"continuity inference; endpoints only, not direct seasonal observation",C,,inferred_from_two_sources,,,,True,2017-18,2025-26,https://athleticdirectoru.com/articles/cash-is-king-in-intercollegiate-apparel-agreements/,https://mutigers.com/documents/download/2025/9/16/GameNotes_FULL_USC_G4.pdf,True,True,inferred_continuity
missouri,2021-22,Missouri,Nike,Nike,https://athleticdirectoru.com/articles/cash-is-king-in-intercollegiate-apparel-agreements/,N,Inferred between 2017-18 (A) and 2025-26 (B); same provider and no known intervening transition in reviewed evidence.,"continuity inference; endpoints only, not direct seasonal observation",C,,inferred_from_two_sources,,,,True,2017-18,2025-26,https://athleticdirectoru.com/articles/cash-is-king-in-intercollegiate-apparel-agreements/,https://mutigers.com/documents/download/2025/9/16/GameNotes_FULL_USC_G4.pdf,True,True,inferred_continuity
missouri,2022-23,Missouri,Nike,Nike,https://athleticdirectoru.com/articles/cash-is-king-in-intercollegiate-apparel-agreements/,N,Inferred between 2017-18 (A) and 2025-26 (B); same provider and no known intervening transition in reviewed evidence.,"continuity inference; endpoints only, not direct seasonal observation",C,,inferred_from_two_sources,,,,True,2017-18,2025-26,https://athleticdirectoru.com/articles/cash-is-king-in-intercollegiate-apparel-agreements/,https://mutigers.com/documents/download/2025/9/16/GameNotes_FULL_USC_G4.pdf,True,True,inferred_continuity
missouri,2023-24,Missouri,Nike,Nike,https://athleticdirectoru.com/articles/cash-is-king-in-intercollegiate-apparel-agreements/,N,Inferred between 2017-18 (A) and 2025-26 (B); same provider and no known intervening transition in reviewed evidence.,"continuity inference; endpoints only, not direct seasonal observation",C,,inferred_from_two_sources,,,,True,2017-18,2025-26,https://athleticdirectoru.com/articles/cash-is-king-in-intercollegiate-apparel-agreements/,https://mutigers.com/documents/download/2025/9/16/GameNotes_FULL_USC_G4.pdf,True,True,inferred_continuity
missouri,2024-25,Missouri,Nike,Nike,https://athleticdirectoru.com/articles/cash-is-king-in-intercollegiate-apparel-agreements/,N,Inferred between 2017-18 (A) and 2025-26 (B); same provider and no known intervening transition in reviewed evidence.,"continuity inference; endpoints only, not direct seasonal observation",C,,inferred_from_two_sources,,,,True,2017-18,2025-26,https://athleticdirectoru.com/articles/cash-is-king-in-intercollegiate-apparel-agreements/,https://mutigers.com/documents/download/2025/9/16/GameNotes_FULL_USC_G4.pdf,True,True,inferred_continuity
missouri,2025-26,Missouri,Nike,Nike,https://mutigers.com/documents/download/2025/9/16/GameNotes_FULL_USC_G4.pdf,Y,Official 2025 football notes header includes Nike alongside Missouri and SEC. Search-index extraction inspected; original download currently returns 404.,dated official evidence,B,tier_124,official_game_notes_indexed,2025-09-16,,,True,,,,,False,True,dated_official_use
missouri_state,2017-18,Missouri State,,,,N,,,unknown,,,,,,False,,,,,False,False,outside_priority_scope
missouri_state,2018-19,Missouri State,,,,N,,,unknown,,,,,,False,,,,,False,False,outside_priority_scope
missouri_state,2020-21,Missouri State,,,,N,,,unknown,,,,,,False,,,,,False,False,outside_priority_scope
missouri_state,2021-22,Missouri State,,,,N,,,unknown,,,,,,False,,,,,False,False,outside_priority_scope
missouri_state,2022-23,Missouri State,,,,N,,,unknown,,,,,,False,,,,,False,False,outside_priority_scope
missouri_state,2023-24,Missouri State,,,,N,,,unknown,,,,,,False,,,,,False,False,outside_priority_scope
missouri_state,2024-25,Missouri State,,,,N,,,unknown,,,,,,False,,,,,False,False,outside_priority_scope
missouri_state,2025-26,Missouri State,,,,N,,,unknown,,,,,,False,,,,,False,False,outside_priority_scope
monmouth,2017-18,Monmouth,,,,N,,,unknown,,,,,,False,,,,,False,False,outside_priority_scope
monmouth,2018-19,Monmouth,,,,N,,,unknown,,,,,,False,,,,,False,False,outside_priority_scope
monmouth,2020-21,Monmouth,,,,N,,,unknown,,,,,,False,,,,,False,False,outside_priority_scope
monmouth,2021-22,Monmouth,,,,N,,,unknown,,,,,,False,,,,,False,False,outside_priority_scope
monmouth,2022-23,Monmouth,,,,N,,,unknown,,,,,,False,,,,,False,False,outside_priority_scope
monmouth,2023-24,Monmouth,,,,N,,,unknown,,,,,,False,,,,,False,False,outside_priority_scope
monmouth,2024-25,Monmouth,,,,N,,,unknown,,,,,,False,,,,,False,False,outside_priority_scope
monmouth,2025-26,Monmouth,,,,N,,,unknown,,,,,,False,,,,,False,False,outside_priority_scope
montana,2017-18,Montana,,,,N,,,unknown,,,,,,False,,,,,False,False,outside_priority_scope
montana,2018-19,Montana,,,,N,,,unknown,,,,,,False,,,,,False,False,outside_priority_scope
montana,2020-21,Montana,,,,N,,,unknown,,,,,,False,,,,,False,False,outside_priority_scope
montana,2021-22,Montana,,,,N,,,unknown,,,,,,False,,,,,False,False,outside_priority_scope
montana,2022-23,Montana,,,,N,,,unknown,,,,,,False,,,,,False,False,outside_priority_scope
montana,2023-24,Montana,,,,N,,,unknown,,,,,,False,,,,,False,False,outside_priority_scope
montana,2024-25,Montana,,,,N,,,unknown,,,,,,False,,,,,False,False,outside_priority_scope
montana,2025-26,Montana,,,,N,,,unknown,,,,,,False,,,,,False,False,outside_priority_scope
montana_state,2017-18,Montana State,,,,N,,,unknown,,,,,,False,,,,,False,False,outside_priority_scope
montana_state,2018-19,Montana State,,,,N,,,unknown,,,,,,False,,,,,False,False,outside_priority_scope
montana_state,2020-21,Montana State,,,,N,,,unknown,,,,,,False,,,,,False,False,outside_priority_scope
montana_state,2021-22,Montana State,,,,N,,,unknown,,,,,,False,,,,,False,False,outside_priority_scope
montana_state,2022-23,Montana State,,,,N,,,unknown,,,,,,False,,,,,False,False,outside_priority_scope
montana_state,2023-24,Montana State,,,,N,,,unknown,,,,,,False,,,,,False,False,outside_priority_scope
montana_state,2024-25,Montana State,,,,N,,,unknown,,,,,,False,,,,,False,False,outside_priority_scope
montana_state,2025-26,Montana State,,,,N,,,unknown,,,,,,False,,,,,False,False,outside_priority_scope
morehead_state,2017-18,Morehead State,,,,N,,,unknown,,,,,,False,,,,,False,False,outside_priority_scope
morehead_state,2018-19,Morehead State,,,,N,,,unknown,,,,,,False,,,,,False,False,outside_priority_scope
morehead_state,2020-21,Morehead State,,,,N,,,unknown,,,,,,False,,,,,False,False,outside_priority_scope
morehead_state,2021-22,Morehead State,,,,N,,,unknown,,,,,,False,,,,,False,False,outside_priority_scope
morehead_state,2022-23,Morehead State,,,,N,,,unknown,,,,,,False,,,,,False,False,outside_priority_scope
morehead_state,2023-24,Morehead State,,,,N,,,unknown,,,,,,False,,,,,False,False,outside_priority_scope
morehead_state,2024-25,Morehead State,,,,N,,,unknown,,,,,,False,,,,,False,False,outside_priority_scope
morehead_state,2025-26,Morehead State,,,,N,,,unknown,,,,,,False,,,,,False,False,outside_priority_scope
morgan_state,2017-18,Morgan State,,,,N,,,unknown,,,,,,False,,,,,False,False,outside_priority_scope
morgan_state,2018-19,Morgan State,,,,N,,,unknown,,,,,,False,,,,,False,False,outside_priority_scope
morgan_state,2020-21,Morgan State,,,,N,,,unknown,,,,,,False,,,,,False,False,outside_priority_scope
morgan_state,2021-22,Morgan State,,,,N,,,unknown,,,,,,False,,,,,False,False,outside_priority_scope
morgan_state,2022-23,Morgan State,,,,N,,,unknown,,,,,,False,,,,,False,False,outside_priority_scope
morgan_state,2023-24,Morgan State,,,,N,,,unknown,,,,,,False,,,,,False,False,outside_priority_scope
morgan_state,2024-25,Morgan State,,,,N,,,unknown,,,,,,False,,,,,False,False,outside_priority_scope
morgan_state,2025-26,Morgan State,,,,N,,,unknown,,,,,,False,,,,,False,False,outside_priority_scope
mount_st_mary_s,2017-18,Mount St. Mary's,,,,N,,,unknown,,,,,,False,,,,,False,False,outside_priority_scope
mount_st_mary_s,2018-19,Mount St. Mary's,,,,N,,,unknown,,,,,,False,,,,,False,False,outside_priority_scope
mount_st_mary_s,2020-21,Mount St. Mary's,,,,N,,,unknown,,,,,,False,,,,,False,False,outside_priority_scope
mount_st_mary_s,2021-22,Mount St. Mary's,,,,N,,,unknown,,,,,,False,,,,,False,False,outside_priority_scope
mount_st_mary_s,2022-23,Mount St. Mary's,,,,N,,,unknown,,,,,,False,,,,,False,False,outside_priority_scope
mount_st_mary_s,2023-24,Mount St. Mary's,,,,N,,,unknown,,,,,,False,,,,,False,False,outside_priority_scope
mount_st_mary_s,2024-25,Mount St. Mary's,,,,N,,,unknown,,,,,,False,,,,,False,False,outside_priority_scope
mount_st_mary_s,2025-26,Mount St. Mary's,,,,N,,,unknown,,,,,,False,,,,,False,False,outside_priority_scope
murray_state,2017-18,Murray State,,,,N,,,unknown,,,,,,False,,,,,False,False,outside_priority_scope
murray_state,2018-19,Murray State,,,,N,,,unknown,,,,,,False,,,,,False,False,outside_priority_scope
murray_state,2020-21,Murray State,,,,N,,,unknown,,,,,,False,,,,,False,False,outside_priority_scope
murray_state,2021-22,Murray State,,,,N,,,unknown,,,,,,False,,,,,False,False,outside_priority_scope
murray_state,2022-23,Murray State,,,,N,,,unknown,,,,,,False,,,,,False,False,outside_priority_scope
murray_state,2023-24,Murray State,,,,N,,,unknown,,,,,,False,,,,,False,False,outside_priority_scope
murray_state,2024-25,Murray State,,,,N,,,unknown,,,,,,False,,,,,False,False,outside_priority_scope
murray_state,2025-26,Murray State,,,,N,,,unknown,,,,,,False,,,,,False,False,outside_priority_scope
njit,2017-18,NJIT,,,,N,,,unknown,,,,,,False,,,,,False,False,outside_priority_scope
njit,2018-19,NJIT,,,,N,,,unknown,,,,,,False,,,,,False,False,outside_priority_scope
njit,2020-21,NJIT,,,,N,,,unknown,,,,,,False,,,,,False,False,outside_priority_scope
njit,2021-22,NJIT,,,,N,,,unknown,,,,,,False,,,,,False,False,outside_priority_scope
njit,2022-23,NJIT,,,,N,,,unknown,,,,,,False,,,,,False,False,outside_priority_scope
njit,2023-24,NJIT,,,,N,,,unknown,,,,,,False,,,,,False,False,outside_priority_scope
njit,2024-25,NJIT,,,,N,,,unknown,,,,,,False,,,,,False,False,outside_priority_scope
njit,2025-26,NJIT,,,,N,,,unknown,,,,,,False,,,,,False,False,outside_priority_scope
navy,2017-18,Navy,,,,N,,,unknown,,,,,,False,,,,,False,False,outside_priority_scope
navy,2018-19,Navy,,,,N,,,unknown,,,,,,False,,,,,False,False,outside_priority_scope
navy,2020-21,Navy,,,,N,,,unknown,,,,,,False,,,,,False,False,outside_priority_scope
navy,2021-22,Navy,,,,N,,,unknown,,,,,,False,,,,,False,False,outside_priority_scope
navy,2022-23,Navy,,,,N,,,unknown,,,,,,False,,,,,False,False,outside_priority_scope
navy,2023-24,Navy,,,,N,,,unknown,,,,,,False,,,,,False,False,outside_priority_scope
navy,2024-25,Navy,,,,N,,,unknown,,,,,,False,,,,,False,False,outside_priority_scope
navy,2025-26,Navy,,,,N,,,unknown,,,,,,False,,,,,False,False,outside_priority_scope
nebraska,2017-18,Nebraska,adidas,adidas,https://huskers.com/news/2017/08/11/adidas-and-nebraska-renew-partnership-to-2028,Y,2017 renewal through 2028 covers all 24 varsity sports.,official announcement; study-window coverage only,A,legacy_006,official_announcement,,,,True,,,,,False,True,direct_contract_evidence
nebraska,2018-19,Nebraska,adidas,adidas,https://huskers.com/news/2017/08/11/adidas-and-nebraska-renew-partnership-to-2028,Y,2017 renewal through 2028 covers all 24 varsity sports.,official announcement; study-window coverage only,A,legacy_006,official_announcement,,,,True,,,,,False,True,direct_contract_evidence
nebraska,2020-21,Nebraska,adidas,adidas,https://huskers.com/news/2017/08/11/adidas-and-nebraska-renew-partnership-to-2028,Y,2017 renewal through 2028 covers all 24 varsity sports.,official announcement; study-window coverage only,A,legacy_006,official_announcement,,,,True,,,,,False,True,direct_contract_evidence
nebraska,2021-22,Nebraska,adidas,adidas,https://huskers.com/news/2017/08/11/adidas-and-nebraska-renew-partnership-to-2028,Y,2017 renewal through 2028 covers all 24 varsity sports.,official announcement; study-window coverage only,A,legacy_006,official_announcement,,,,True,,,,,False,True,direct_contract_evidence
nebraska,2022-23,Nebraska,adidas,adidas,https://huskers.com/news/2017/08/11/adidas-and-nebraska-renew-partnership-to-2028,Y,2017 renewal through 2028 covers all 24 varsity sports.,official announcement; study-window coverage only,A,legacy_006,official_announcement,,,,True,,,,,False,True,direct_contract_evidence
nebraska,2023-24,Nebraska,adidas,adidas,https://huskers.com/news/2017/08/11/adidas-and-nebraska-renew-partnership-to-2028,Y,2017 renewal through 2028 covers all 24 varsity sports.,official announcement; study-window coverage only,A,legacy_006,official_announcement,,,,True,,,,,False,True,direct_contract_evidence
nebraska,2024-25,Nebraska,adidas,adidas,https://huskers.com/news/2017/08/11/adidas-and-nebraska-renew-partnership-to-2028,Y,2017 renewal through 2028 covers all 24 varsity sports.,official announcement; study-window coverage only,A,legacy_006,official_announcement,,,,True,,,,,False,True,direct_contract_evidence
nebraska,2025-26,Nebraska,adidas,adidas,https://huskers.com/news/2017/08/11/adidas-and-nebraska-renew-partnership-to-2028,Y,2017 renewal through 2028 covers all 24 varsity sports.,official announcement; study-window coverage only,A,legacy_006,official_announcement,,,,True,,,,,False,True,direct_contract_evidence
nebraska_omaha,2017-18,Nebraska Omaha,,,,N,,,unknown,,,,,,False,,,,,False,False,outside_priority_scope
nebraska_omaha,2018-19,Nebraska Omaha,,,,N,,,unknown,,,,,,False,,,,,False,False,outside_priority_scope
nebraska_omaha,2020-21,Nebraska Omaha,,,,N,,,unknown,,,,,,False,,,,,False,False,outside_priority_scope
nebraska_omaha,2021-22,Nebraska Omaha,,,,N,,,unknown,,,,,,False,,,,,False,False,outside_priority_scope
nebraska_omaha,2022-23,Nebraska Omaha,,,,N,,,unknown,,,,,,False,,,,,False,False,outside_priority_scope
nebraska_omaha,2023-24,Nebraska Omaha,,,,N,,,unknown,,,,,,False,,,,,False,False,outside_priority_scope
nebraska_omaha,2024-25,Nebraska Omaha,,,,N,,,unknown,,,,,,False,,,,,False,False,outside_priority_scope
nebraska_omaha,2025-26,Nebraska Omaha,,,,N,,,unknown,,,,,,False,,,,,False,False,outside_priority_scope
nevada,2017-18,Nevada,,,,N,,,unknown,,,,,,False,,,,,False,False,outside_priority_scope
nevada,2018-19,Nevada,,,,N,,,unknown,,,,,,False,,,,,False,False,outside_priority_scope
nevada,2020-21,Nevada,,,,N,,,unknown,,,,,,False,,,,,False,False,outside_priority_scope
nevada,2021-22,Nevada,,,,N,,,unknown,,,,,,False,,,,,False,False,outside_priority_scope
nevada,2022-23,Nevada,,,,N,,,unknown,,,,,,False,,,,,False,False,outside_priority_scope
nevada,2023-24,Nevada,,,,N,,,unknown,,,,,,False,,,,,False,False,outside_priority_scope
nevada,2024-25,Nevada,,,,N,,,unknown,,,,,,False,,,,,False,False,outside_priority_scope
nevada,2025-26,Nevada,,,,N,,,unknown,,,,,,False,,,,,False,False,outside_priority_scope
new_hampshire,2017-18,New Hampshire,,,,N,,,unknown,,,,,,False,,,,,False,False,outside_priority_scope
new_hampshire,2018-19,New Hampshire,,,,N,,,unknown,,,,,,False,,,,,False,False,outside_priority_scope
new_hampshire,2020-21,New Hampshire,,,,N,,,unknown,,,,,,False,,,,,False,False,outside_priority_scope
new_hampshire,2021-22,New Hampshire,,,,N,,,unknown,,,,,,False,,,,,False,False,outside_priority_scope
new_hampshire,2022-23,New Hampshire,,,,N,,,unknown,,,,,,False,,,,,False,False,outside_priority_scope
new_hampshire,2023-24,New Hampshire,,,,N,,,unknown,,,,,,False,,,,,False,False,outside_priority_scope
new_hampshire,2024-25,New Hampshire,,,,N,,,unknown,,,,,,False,,,,,False,False,outside_priority_scope
new_hampshire,2025-26,New Hampshire,,,,N,,,unknown,,,,,,False,,,,,False,False,outside_priority_scope
new_mexico,2017-18,New Mexico,Nike,Nike,https://golobos.com/news/2023/10/12/lobos-nike-announce-extension-through-2027,Y,All-department Nike arrangement since 2008; renewed through 2027.,official retrospective and renewal,A,legacy_032,official_announcement,,,,True,,,,,False,True,direct_contract_evidence
new_mexico,2018-19,New Mexico,Nike,Nike,https://golobos.com/news/2023/10/12/lobos-nike-announce-extension-through-2027,Y,All-department Nike arrangement since 2008; renewed through 2027.,official retrospective and renewal,A,legacy_032,official_announcement,,,,True,,,,,False,True,direct_contract_evidence
new_mexico,2020-21,New Mexico,Nike,Nike,https://golobos.com/news/2023/10/12/lobos-nike-announce-extension-through-2027,Y,All-department Nike arrangement since 2008; renewed through 2027.,official retrospective and renewal,A,legacy_032,official_announcement,,,,True,,,,,False,True,direct_contract_evidence
new_mexico,2021-22,New Mexico,Nike,Nike,https://golobos.com/news/2023/10/12/lobos-nike-announce-extension-through-2027,Y,All-department Nike arrangement since 2008; renewed through 2027.,official retrospective and renewal,A,legacy_032,official_announcement,,,,True,,,,,False,True,direct_contract_evidence
new_mexico,2022-23,New Mexico,Nike,Nike,https://golobos.com/news/2023/10/12/lobos-nike-announce-extension-through-2027,Y,All-department Nike arrangement since 2008; renewed through 2027.,official retrospective and renewal,A,legacy_032,official_announcement,,,,True,,,,,False,True,direct_contract_evidence
new_mexico,2023-24,New Mexico,Nike,Nike,https://golobos.com/news/2023/10/12/lobos-nike-announce-extension-through-2027,Y,All-department Nike arrangement since 2008; renewed through 2027.,official retrospective and renewal,A,legacy_032,official_announcement,,,,True,,,,,False,True,direct_contract_evidence
new_mexico,2024-25,New Mexico,Nike,Nike,https://golobos.com/news/2023/10/12/lobos-nike-announce-extension-through-2027,Y,All-department Nike arrangement since 2008; renewed through 2027.,official retrospective and renewal,A,legacy_032,official_announcement,,,,True,,,,,False,True,direct_contract_evidence
new_mexico,2025-26,New Mexico,Nike,Nike,https://golobos.com/news/2023/10/12/lobos-nike-announce-extension-through-2027,Y,All-department Nike arrangement since 2008; renewed through 2027.,official retrospective and renewal,A,legacy_032,official_announcement,,,,True,,,,,False,True,direct_contract_evidence
new_mexico_state,2017-18,New Mexico State,,,,N,,,unknown,,,,,,False,,,,,False,False,outside_priority_scope
new_mexico_state,2018-19,New Mexico State,,,,N,,,unknown,,,,,,False,,,,,False,False,outside_priority_scope
new_mexico_state,2020-21,New Mexico State,,,,N,,,unknown,,,,,,False,,,,,False,False,outside_priority_scope
new_mexico_state,2021-22,New Mexico State,,,,N,,,unknown,,,,,,False,,,,,False,False,outside_priority_scope
new_mexico_state,2022-23,New Mexico State,,,,N,,,unknown,,,,,,False,,,,,False,False,outside_priority_scope
new_mexico_state,2023-24,New Mexico State,,,,N,,,unknown,,,,,,False,,,,,False,False,outside_priority_scope
new_mexico_state,2024-25,New Mexico State,,,,N,,,unknown,,,,,,False,,,,,False,False,outside_priority_scope
new_mexico_state,2025-26,New Mexico State,,,,N,,,unknown,,,,,,False,,,,,False,False,outside_priority_scope
new_orleans,2017-18,New Orleans,,,,N,,,unknown,,,,,,False,,,,,False,False,outside_priority_scope
new_orleans,2018-19,New Orleans,,,,N,,,unknown,,,,,,False,,,,,False,False,outside_priority_scope
new_orleans,2020-21,New Orleans,,,,N,,,unknown,,,,,,False,,,,,False,False,outside_priority_scope
new_orleans,2021-22,New Orleans,,,,N,,,unknown,,,,,,False,,,,,False,False,outside_priority_scope
new_orleans,2022-23,New Orleans,,,,N,,,unknown,,,,,,False,,,,,False,False,outside_priority_scope
new_orleans,2023-24,New Orleans,,,,N,,,unknown,,,,,,False,,,,,False,False,outside_priority_scope
new_orleans,2024-25,New Orleans,,,,N,,,unknown,,,,,,False,,,,,False,False,outside_priority_scope
new_orleans,2025-26,New Orleans,,,,N,,,unknown,,,,,,False,,,,,False,False,outside_priority_scope
niagara,2017-18,Niagara,,,,N,,,unknown,,,,,,False,,,,,False,False,outside_priority_scope
niagara,2018-19,Niagara,,,,N,,,unknown,,,,,,False,,,,,False,False,outside_priority_scope
niagara,2020-21,Niagara,,,,N,,,unknown,,,,,,False,,,,,False,False,outside_priority_scope
niagara,2021-22,Niagara,,,,N,,,unknown,,,,,,False,,,,,False,False,outside_priority_scope
niagara,2022-23,Niagara,,,,N,,,unknown,,,,,,False,,,,,False,False,outside_priority_scope
niagara,2023-24,Niagara,,,,N,,,unknown,,,,,,False,,,,,False,False,outside_priority_scope
niagara,2024-25,Niagara,,,,N,,,unknown,,,,,,False,,,,,False,False,outside_priority_scope
niagara,2025-26,Niagara,,,,N,,,unknown,,,,,,False,,,,,False,False,outside_priority_scope
nicholls_state,2017-18,Nicholls State,,,,N,,,unknown,,,,,,False,,,,,False,False,outside_priority_scope
nicholls_state,2018-19,Nicholls State,,,,N,,,unknown,,,,,,False,,,,,False,False,outside_priority_scope
nicholls_state,2020-21,Nicholls State,,,,N,,,unknown,,,,,,False,,,,,False,False,outside_priority_scope
nicholls_state,2021-22,Nicholls State,,,,N,,,unknown,,,,,,False,,,,,False,False,outside_priority_scope
nicholls_state,2022-23,Nicholls State,,,,N,,,unknown,,,,,,False,,,,,False,False,outside_priority_scope
nicholls_state,2023-24,Nicholls State,,,,N,,,unknown,,,,,,False,,,,,False,False,outside_priority_scope
nicholls_state,2024-25,Nicholls State,,,,N,,,unknown,,,,,,False,,,,,False,False,outside_priority_scope
nicholls_state,2025-26,Nicholls State,,,,N,,,unknown,,,,,,False,,,,,False,False,outside_priority_scope
norfolk_state,2017-18,Norfolk State,,,,N,,,unknown,,,,,,False,,,,,False,False,outside_priority_scope
norfolk_state,2018-19,Norfolk State,,,,N,,,unknown,,,,,,False,,,,,False,False,outside_priority_scope
norfolk_state,2020-21,Norfolk State,,,,N,,,unknown,,,,,,False,,,,,False,False,outside_priority_scope
norfolk_state,2021-22,Norfolk State,,,,N,,,unknown,,,,,,False,,,,,False,False,outside_priority_scope
norfolk_state,2022-23,Norfolk State,,,,N,,,unknown,,,,,,False,,,,,False,False,outside_priority_scope
norfolk_state,2023-24,Norfolk State,,,,N,,,unknown,,,,,,False,,,,,False,False,outside_priority_scope
norfolk_state,2024-25,Norfolk State,,,,N,,,unknown,,,,,,False,,,,,False,False,outside_priority_scope
norfolk_state,2025-26,Norfolk State,,,,N,,,unknown,,,,,,False,,,,,False,False,outside_priority_scope
north_alabama,2017-18,North Alabama,,,,N,,,unknown,,,,,,False,,,,,False,False,outside_priority_scope
north_alabama,2018-19,North Alabama,,,,N,,,unknown,,,,,,False,,,,,False,False,outside_priority_scope
north_alabama,2020-21,North Alabama,,,,N,,,unknown,,,,,,False,,,,,False,False,outside_priority_scope
north_alabama,2021-22,North Alabama,,,,N,,,unknown,,,,,,False,,,,,False,False,outside_priority_scope
north_alabama,2022-23,North Alabama,,,,N,,,unknown,,,,,,False,,,,,False,False,outside_priority_scope
north_alabama,2023-24,North Alabama,,,,N,,,unknown,,,,,,False,,,,,False,False,outside_priority_scope
north_alabama,2024-25,North Alabama,,,,N,,,unknown,,,,,,False,,,,,False,False,outside_priority_scope
north_alabama,2025-26,North Alabama,,,,N,,,unknown,,,,,,False,,,,,False,False,outside_priority_scope
north_carolina,2017-18,North Carolina,Nike,Nike,https://athleticdirectoru.com/articles/cash-is-king-in-intercollegiate-apparel-agreements/,Y,CRIA researchers table identifies provider in 2017-18 only. No forward-fill. Known erroneous Rutgers entry in compilation not used.,researchers contract compilation snapshot,A,legacy_078,secondary_contract_reporting,,,,True,,,,,False,True,direct_contract_evidence
north_carolina,2018-19,North Carolina,Nike,Nike,https://goheels.com/news/2018/12/18/general-carolina-announces-contract-extension-for-williams,Y,Ten-year exclusive footwear/apparel extension through June 2028. Nike/Jordan footprint; earlier season not inferred from extension alone.,official announcement; study-window coverage only,A,legacy_017,official_announcement,,,,True,,,,,False,True,direct_contract_evidence
north_carolina,2020-21,North Carolina,Nike,Nike,https://goheels.com/news/2018/12/18/general-carolina-announces-contract-extension-for-williams,Y,Ten-year exclusive footwear/apparel extension through June 2028. Nike/Jordan footprint; earlier season not inferred from extension alone.,official announcement; study-window coverage only,A,legacy_017,official_announcement,,,,True,,,,,False,True,direct_contract_evidence
north_carolina,2021-22,North Carolina,Nike,Nike,https://goheels.com/news/2018/12/18/general-carolina-announces-contract-extension-for-williams,Y,Ten-year exclusive footwear/apparel extension through June 2028. Nike/Jordan footprint; earlier season not inferred from extension alone.,official announcement; study-window coverage only,A,legacy_017,official_announcement,,,,True,,,,,False,True,direct_contract_evidence
north_carolina,2022-23,North Carolina,Nike,Nike,https://goheels.com/news/2018/12/18/general-carolina-announces-contract-extension-for-williams,Y,Ten-year exclusive footwear/apparel extension through June 2028. Nike/Jordan footprint; earlier season not inferred from extension alone.,official announcement; study-window coverage only,A,legacy_017,official_announcement,,,,True,,,,,False,True,direct_contract_evidence
north_carolina,2023-24,North Carolina,Nike,Nike,https://goheels.com/news/2018/12/18/general-carolina-announces-contract-extension-for-williams,Y,Ten-year exclusive footwear/apparel extension through June 2028. Nike/Jordan footprint; earlier season not inferred from extension alone.,official announcement; study-window coverage only,A,legacy_017,official_announcement,,,,True,,,,,False,True,direct_contract_evidence
north_carolina,2024-25,North Carolina,Nike,Nike,https://goheels.com/news/2018/12/18/general-carolina-announces-contract-extension-for-williams,Y,Ten-year exclusive footwear/apparel extension through June 2028. Nike/Jordan footprint; earlier season not inferred from extension alone.,official announcement; study-window coverage only,A,legacy_017,official_announcement,,,,True,,,,,False,True,direct_contract_evidence
north_carolina,2025-26,North Carolina,Nike,Nike,https://goheels.com/news/2018/12/18/general-carolina-announces-contract-extension-for-williams,Y,Ten-year exclusive footwear/apparel extension through June 2028. Nike/Jordan footprint; earlier season not inferred from extension alone.,official announcement; study-window coverage only,A,legacy_017,official_announcement,,,,True,,,,,False,True,direct_contract_evidence
north_carolina_a_t,2017-18,North Carolina A&T,,,,N,,,unknown,,,,,,False,,,,,False,False,outside_priority_scope
north_carolina_a_t,2018-19,North Carolina A&T,,,,N,,,unknown,,,,,,False,,,,,False,False,outside_priority_scope
north_carolina_a_t,2020-21,North Carolina A&T,,,,N,,,unknown,,,,,,False,,,,,False,False,outside_priority_scope
north_carolina_a_t,2021-22,North Carolina A&T,,,,N,,,unknown,,,,,,False,,,,,False,False,outside_priority_scope
north_carolina_a_t,2022-23,North Carolina A&T,,,,N,,,unknown,,,,,,False,,,,,False,False,outside_priority_scope
north_carolina_a_t,2023-24,North Carolina A&T,,,,N,,,unknown,,,,,,False,,,,,False,False,outside_priority_scope
north_carolina_a_t,2024-25,North Carolina A&T,,,,N,,,unknown,,,,,,False,,,,,False,False,outside_priority_scope
north_carolina_a_t,2025-26,North Carolina A&T,,,,N,,,unknown,,,,,,False,,,,,False,False,outside_priority_scope
north_carolina_asheville,2017-18,North Carolina Asheville,,,,N,,,unknown,,,,,,False,,,,,False,False,outside_priority_scope
north_carolina_asheville,2018-19,North Carolina Asheville,,,,N,,,unknown,,,,,,False,,,,,False,False,outside_priority_scope
north_carolina_asheville,2020-21,North Carolina Asheville,,,,N,,,unknown,,,,,,False,,,,,False,False,outside_priority_scope
north_carolina_asheville,2021-22,North Carolina Asheville,,,,N,,,unknown,,,,,,False,,,,,False,False,outside_priority_scope
north_carolina_asheville,2022-23,North Carolina Asheville,,,,N,,,unknown,,,,,,False,,,,,False,False,outside_priority_scope
north_carolina_asheville,2023-24,North Carolina Asheville,,,,N,,,unknown,,,,,,False,,,,,False,False,outside_priority_scope
north_carolina_asheville,2024-25,North Carolina Asheville,,,,N,,,unknown,,,,,,False,,,,,False,False,outside_priority_scope
north_carolina_asheville,2025-26,North Carolina Asheville,,,,N,,,unknown,,,,,,False,,,,,False,False,outside_priority_scope
north_carolina_central,2017-18,North Carolina Central,,,,N,,,unknown,,,,,,False,,,,,False,False,outside_priority_scope
north_carolina_central,2018-19,North Carolina Central,,,,N,,,unknown,,,,,,False,,,,,False,False,outside_priority_scope
north_carolina_central,2020-21,North Carolina Central,,,,N,,,unknown,,,,,,False,,,,,False,False,outside_priority_scope
north_carolina_central,2021-22,North Carolina Central,,,,N,,,unknown,,,,,,False,,,,,False,False,outside_priority_scope
north_carolina_central,2022-23,North Carolina Central,,,,N,,,unknown,,,,,,False,,,,,False,False,outside_priority_scope
north_carolina_central,2023-24,North Carolina Central,,,,N,,,unknown,,,,,,False,,,,,False,False,outside_priority_scope
north_carolina_central,2024-25,North Carolina Central,,,,N,,,unknown,,,,,,False,,,,,False,False,outside_priority_scope
north_carolina_central,2025-26,North Carolina Central,,,,N,,,unknown,,,,,,False,,,,,False,False,outside_priority_scope
north_carolina_greensboro,2017-18,North Carolina Greensboro,,,,N,,,unknown,,,,,,False,,,,,False,False,outside_priority_scope
north_carolina_greensboro,2018-19,North Carolina Greensboro,,,,N,,,unknown,,,,,,False,,,,,False,False,outside_priority_scope
north_carolina_greensboro,2020-21,North Carolina Greensboro,,,,N,,,unknown,,,,,,False,,,,,False,False,outside_priority_scope
north_carolina_greensboro,2021-22,North Carolina Greensboro,,,,N,,,unknown,,,,,,False,,,,,False,False,outside_priority_scope
north_carolina_greensboro,2022-23,North Carolina Greensboro,,,,N,,,unknown,,,,,,False,,,,,False,False,outside_priority_scope
north_carolina_greensboro,2023-24,North Carolina Greensboro,,,,N,,,unknown,,,,,,False,,,,,False,False,outside_priority_scope
north_carolina_greensboro,2024-25,North Carolina Greensboro,,,,N,,,unknown,,,,,,False,,,,,False,False,outside_priority_scope
north_carolina_greensboro,2025-26,North Carolina Greensboro,,,,N,,,unknown,,,,,,False,,,,,False,False,outside_priority_scope
north_carolina_state,2017-18,North Carolina State,adidas,adidas,https://www.youtube.com/watch?v=KGYQAXrN5w4,Y,Official NC State Athletics video description states July 2016 through June 2022 for 23 programs.,official dated announcement,A,legacy_043,official_announcement,,,,True,,,,,False,True,direct_contract_evidence
north_carolina_state,2018-19,North Carolina State,adidas,adidas,https://www.youtube.com/watch?v=KGYQAXrN5w4,Y,Official NC State Athletics video description states July 2016 through June 2022 for 23 programs.,official dated announcement,A,legacy_043,official_announcement,,,,True,,,,,False,True,direct_contract_evidence
north_carolina_state,2020-21,North Carolina State,adidas,adidas,https://www.youtube.com/watch?v=KGYQAXrN5w4,Y,Official NC State Athletics video description states July 2016 through June 2022 for 23 programs.,official dated announcement,A,legacy_043,official_announcement,,,,True,,,,,False,True,direct_contract_evidence
north_carolina_state,2021-22,North Carolina State,adidas,adidas,https://www.youtube.com/watch?v=KGYQAXrN5w4,Y,Official NC State Athletics video description states July 2016 through June 2022 for 23 programs.,official dated announcement,A,legacy_043,official_announcement,,,,True,,,,,False,True,direct_contract_evidence
north_carolina_state,2022-23,North Carolina State,adidas,adidas,https://www.youtube.com/watch?v=KGYQAXrN5w4,N,Inferred between 2021-22 (A) and 2025-26 (A); same provider and no known intervening transition in reviewed evidence.,"continuity inference; endpoints only, not direct seasonal observation",C,,inferred_from_two_sources,,,,True,2021-22,2025-26,https://www.youtube.com/watch?v=KGYQAXrN5w4,https://www.on3.com/teams/nc-state-wolfpack/news/exclusive-nc-state-extends-partnership-with-adidas-runs-through-2032/,True,True,inferred_continuity
north_carolina_state,2023-24,North Carolina State,adidas,adidas,https://www.youtube.com/watch?v=KGYQAXrN5w4,N,Inferred between 2021-22 (A) and 2025-26 (A); same provider and no known intervening transition in reviewed evidence.,"continuity inference; endpoints only, not direct seasonal observation",C,,inferred_from_two_sources,,,,True,2021-22,2025-26,https://www.youtube.com/watch?v=KGYQAXrN5w4,https://www.on3.com/teams/nc-state-wolfpack/news/exclusive-nc-state-extends-partnership-with-adidas-runs-through-2032/,True,True,inferred_continuity
north_carolina_state,2024-25,North Carolina State,adidas,adidas,https://www.youtube.com/watch?v=KGYQAXrN5w4,N,Inferred between 2021-22 (A) and 2025-26 (A); same provider and no known intervening transition in reviewed evidence.,"continuity inference; endpoints only, not direct seasonal observation",C,,inferred_from_two_sources,,,,True,2021-22,2025-26,https://www.youtube.com/watch?v=KGYQAXrN5w4,https://www.on3.com/teams/nc-state-wolfpack/news/exclusive-nc-state-extends-partnership-with-adidas-runs-through-2032/,True,True,inferred_continuity
north_carolina_state,2025-26,North Carolina State,adidas,adidas,https://www.on3.com/teams/nc-state-wolfpack/news/exclusive-nc-state-extends-partnership-with-adidas-runs-through-2032/,Y,Reporter inspected signed seven-year renewal through 2032.,secondary contract reporting,A,legacy_044,secondary_contract_reporting,,,,True,,,,,False,True,direct_contract_evidence
north_carolina_wilmington,2017-18,North Carolina Wilmington,,,,N,,,unknown,,,,,,False,,,,,False,False,outside_priority_scope
north_carolina_wilmington,2018-19,North Carolina Wilmington,,,,N,,,unknown,,,,,,False,,,,,False,False,outside_priority_scope
north_carolina_wilmington,2020-21,North Carolina Wilmington,,,,N,,,unknown,,,,,,False,,,,,False,False,outside_priority_scope
north_carolina_wilmington,2021-22,North Carolina Wilmington,,,,N,,,unknown,,,,,,False,,,,,False,False,outside_priority_scope
north_carolina_wilmington,2022-23,North Carolina Wilmington,,,,N,,,unknown,,,,,,False,,,,,False,False,outside_priority_scope
north_carolina_wilmington,2023-24,North Carolina Wilmington,,,,N,,,unknown,,,,,,False,,,,,False,False,outside_priority_scope
north_carolina_wilmington,2024-25,North Carolina Wilmington,,,,N,,,unknown,,,,,,False,,,,,False,False,outside_priority_scope
north_carolina_wilmington,2025-26,North Carolina Wilmington,,,,N,,,unknown,,,,,,False,,,,,False,False,outside_priority_scope
north_dakota,2017-18,North Dakota,,,,N,,,unknown,,,,,,False,,,,,False,False,outside_priority_scope
north_dakota,2018-19,North Dakota,,,,N,,,unknown,,,,,,False,,,,,False,False,outside_priority_scope
north_dakota,2020-21,North Dakota,,,,N,,,unknown,,,,,,False,,,,,False,False,outside_priority_scope
north_dakota,2021-22,North Dakota,,,,N,,,unknown,,,,,,False,,,,,False,False,outside_priority_scope
north_dakota,2022-23,North Dakota,,,,N,,,unknown,,,,,,False,,,,,False,False,outside_priority_scope
north_dakota,2023-24,North Dakota,,,,N,,,unknown,,,,,,False,,,,,False,False,outside_priority_scope
north_dakota,2024-25,North Dakota,,,,N,,,unknown,,,,,,False,,,,,False,False,outside_priority_scope
north_dakota,2025-26,North Dakota,,,,N,,,unknown,,,,,,False,,,,,False,False,outside_priority_scope
north_dakota_state,2017-18,North Dakota State,,,,N,,,unknown,,,,,,False,,,,,False,False,outside_priority_scope
north_dakota_state,2018-19,North Dakota State,,,,N,,,unknown,,,,,,False,,,,,False,False,outside_priority_scope
north_dakota_state,2020-21,North Dakota State,,,,N,,,unknown,,,,,,False,,,,,False,False,outside_priority_scope
north_dakota_state,2021-22,North Dakota State,,,,N,,,unknown,,,,,,False,,,,,False,False,outside_priority_scope
north_dakota_state,2022-23,North Dakota State,,,,N,,,unknown,,,,,,False,,,,,False,False,outside_priority_scope
north_dakota_state,2023-24,North Dakota State,,,,N,,,unknown,,,,,,False,,,,,False,False,outside_priority_scope
north_dakota_state,2024-25,North Dakota State,,,,N,,,unknown,,,,,,False,,,,,False,False,outside_priority_scope
north_dakota_state,2025-26,North Dakota State,,,,N,,,unknown,,,,,,False,,,,,False,False,outside_priority_scope
north_florida,2017-18,North Florida,,,,N,,,unknown,,,,,,False,,,,,False,False,outside_priority_scope
north_florida,2018-19,North Florida,,,,N,,,unknown,,,,,,False,,,,,False,False,outside_priority_scope
north_florida,2020-21,North Florida,,,,N,,,unknown,,,,,,False,,,,,False,False,outside_priority_scope
north_florida,2021-22,North Florida,,,,N,,,unknown,,,,,,False,,,,,False,False,outside_priority_scope
north_florida,2022-23,North Florida,,,,N,,,unknown,,,,,,False,,,,,False,False,outside_priority_scope
north_florida,2023-24,North Florida,,,,N,,,unknown,,,,,,False,,,,,False,False,outside_priority_scope
north_florida,2024-25,North Florida,,,,N,,,unknown,,,,,,False,,,,,False,False,outside_priority_scope
north_florida,2025-26,North Florida,,,,N,,,unknown,,,,,,False,,,,,False,False,outside_priority_scope
north_texas,2017-18,North Texas,,,,N,,,unknown,,,,,,False,,,,,False,False,outside_priority_scope
north_texas,2018-19,North Texas,,,,N,,,unknown,,,,,,False,,,,,False,False,outside_priority_scope
north_texas,2020-21,North Texas,,,,N,,,unknown,,,,,,False,,,,,False,False,outside_priority_scope
north_texas,2021-22,North Texas,,,,N,,,unknown,,,,,,False,,,,,False,False,outside_priority_scope
north_texas,2022-23,North Texas,,,,N,,,unknown,,,,,,False,,,,,False,False,outside_priority_scope
north_texas,2023-24,North Texas,,,,N,,,unknown,,,,,,False,,,,,False,False,outside_priority_scope
north_texas,2024-25,North Texas,,,,N,,,unknown,,,,,,False,,,,,False,False,outside_priority_scope
north_texas,2025-26,North Texas,,,,N,,,unknown,,,,,,False,,,,,False,False,outside_priority_scope
northeastern,2017-18,Northeastern,,,,N,,,unknown,,,,,,False,,,,,False,False,outside_priority_scope
northeastern,2018-19,Northeastern,,,,N,,,unknown,,,,,,False,,,,,False,False,outside_priority_scope
northeastern,2020-21,Northeastern,,,,N,,,unknown,,,,,,False,,,,,False,False,outside_priority_scope
northeastern,2021-22,Northeastern,,,,N,,,unknown,,,,,,False,,,,,False,False,outside_priority_scope
northeastern,2022-23,Northeastern,,,,N,,,unknown,,,,,,False,,,,,False,False,outside_priority_scope
northeastern,2023-24,Northeastern,,,,N,,,unknown,,,,,,False,,,,,False,False,outside_priority_scope
northeastern,2024-25,Northeastern,,,,N,,,unknown,,,,,,False,,,,,False,False,outside_priority_scope
northeastern,2025-26,Northeastern,,,,N,,,unknown,,,,,,False,,,,,False,False,outside_priority_scope
northern_arizona,2017-18,Northern Arizona,,,,N,,,unknown,,,,,,False,,,,,False,False,outside_priority_scope
northern_arizona,2018-19,Northern Arizona,,,,N,,,unknown,,,,,,False,,,,,False,False,outside_priority_scope
northern_arizona,2020-21,Northern Arizona,,,,N,,,unknown,,,,,,False,,,,,False,False,outside_priority_scope
northern_arizona,2021-22,Northern Arizona,,,,N,,,unknown,,,,,,False,,,,,False,False,outside_priority_scope
northern_arizona,2022-23,Northern Arizona,,,,N,,,unknown,,,,,,False,,,,,False,False,outside_priority_scope
northern_arizona,2023-24,Northern Arizona,,,,N,,,unknown,,,,,,False,,,,,False,False,outside_priority_scope
northern_arizona,2024-25,Northern Arizona,,,,N,,,unknown,,,,,,False,,,,,False,False,outside_priority_scope
northern_arizona,2025-26,Northern Arizona,,,,N,,,unknown,,,,,,False,,,,,False,False,outside_priority_scope
northern_colorado,2017-18,Northern Colorado,,,,N,,,unknown,,,,,,False,,,,,False,False,outside_priority_scope
northern_colorado,2018-19,Northern Colorado,,,,N,,,unknown,,,,,,False,,,,,False,False,outside_priority_scope
northern_colorado,2020-21,Northern Colorado,,,,N,,,unknown,,,,,,False,,,,,False,False,outside_priority_scope
northern_colorado,2021-22,Northern Colorado,,,,N,,,unknown,,,,,,False,,,,,False,False,outside_priority_scope
northern_colorado,2022-23,Northern Colorado,,,,N,,,unknown,,,,,,False,,,,,False,False,outside_priority_scope
northern_colorado,2023-24,Northern Colorado,,,,N,,,unknown,,,,,,False,,,,,False,False,outside_priority_scope
northern_colorado,2024-25,Northern Colorado,,,,N,,,unknown,,,,,,False,,,,,False,False,outside_priority_scope
northern_colorado,2025-26,Northern Colorado,,,,N,,,unknown,,,,,,False,,,,,False,False,outside_priority_scope
northern_illinois,2017-18,Northern Illinois,,,,N,,,unknown,,,,,,False,,,,,False,False,outside_priority_scope
northern_illinois,2018-19,Northern Illinois,,,,N,,,unknown,,,,,,False,,,,,False,False,outside_priority_scope
northern_illinois,2020-21,Northern Illinois,,,,N,,,unknown,,,,,,False,,,,,False,False,outside_priority_scope
northern_illinois,2021-22,Northern Illinois,,,,N,,,unknown,,,,,,False,,,,,False,False,outside_priority_scope
northern_illinois,2022-23,Northern Illinois,,,,N,,,unknown,,,,,,False,,,,,False,False,outside_priority_scope
northern_illinois,2023-24,Northern Illinois,,,,N,,,unknown,,,,,,False,,,,,False,False,outside_priority_scope
northern_illinois,2024-25,Northern Illinois,,,,N,,,unknown,,,,,,False,,,,,False,False,outside_priority_scope
northern_illinois,2025-26,Northern Illinois,,,,N,,,unknown,,,,,,False,,,,,False,False,outside_priority_scope
northern_iowa,2017-18,Northern Iowa,,,,N,,,unknown,,,,,,False,,,,,False,False,outside_priority_scope
northern_iowa,2018-19,Northern Iowa,,,,N,,,unknown,,,,,,False,,,,,False,False,outside_priority_scope
northern_iowa,2020-21,Northern Iowa,,,,N,,,unknown,,,,,,False,,,,,False,False,outside_priority_scope
northern_iowa,2021-22,Northern Iowa,,,,N,,,unknown,,,,,,False,,,,,False,False,outside_priority_scope
northern_iowa,2022-23,Northern Iowa,,,,N,,,unknown,,,,,,False,,,,,False,False,outside_priority_scope
northern_iowa,2023-24,Northern Iowa,,,,N,,,unknown,,,,,,False,,,,,False,False,outside_priority_scope
northern_iowa,2024-25,Northern Iowa,,,,N,,,unknown,,,,,,False,,,,,False,False,outside_priority_scope
northern_iowa,2025-26,Northern Iowa,,,,N,,,unknown,,,,,,False,,,,,False,False,outside_priority_scope
northern_kentucky,2017-18,Northern Kentucky,,,,N,,,unknown,,,,,,False,,,,,False,False,outside_priority_scope
northern_kentucky,2018-19,Northern Kentucky,,,,N,,,unknown,,,,,,False,,,,,False,False,outside_priority_scope
northern_kentucky,2020-21,Northern Kentucky,,,,N,,,unknown,,,,,,False,,,,,False,False,outside_priority_scope
northern_kentucky,2021-22,Northern Kentucky,,,,N,,,unknown,,,,,,False,,,,,False,False,outside_priority_scope
northern_kentucky,2022-23,Northern Kentucky,,,,N,,,unknown,,,,,,False,,,,,False,False,outside_priority_scope
northern_kentucky,2023-24,Northern Kentucky,,,,N,,,unknown,,,,,,False,,,,,False,False,outside_priority_scope
northern_kentucky,2024-25,Northern Kentucky,,,,N,,,unknown,,,,,,False,,,,,False,False,outside_priority_scope
northern_kentucky,2025-26,Northern Kentucky,,,,N,,,unknown,,,,,,False,,,,,False,False,outside_priority_scope
northwestern,2017-18,Northwestern,Under Armour,Under Armour,https://about.underarmour.com/en/stories/2025/03/under-armour-and-northwestern-university-announce-extension-of-p.html,Y,March 2025 renewal for several years; official outfitter for all 19 varsity programs since 2012.,official retrospective and renewal,A,legacy_054,official_announcement,,,,True,,,,,False,True,direct_contract_evidence
northwestern,2018-19,Northwestern,Under Armour,Under Armour,https://about.underarmour.com/en/stories/2025/03/under-armour-and-northwestern-university-announce-extension-of-p.html,Y,March 2025 renewal for several years; official outfitter for all 19 varsity programs since 2012.,official retrospective and renewal,A,legacy_054,official_announcement,,,,True,,,,,False,True,direct_contract_evidence
northwestern,2020-21,Northwestern,Under Armour,Under Armour,https://about.underarmour.com/en/stories/2025/03/under-armour-and-northwestern-university-announce-extension-of-p.html,Y,March 2025 renewal for several years; official outfitter for all 19 varsity programs since 2012.,official retrospective and renewal,A,legacy_054,official_announcement,,,,True,,,,,False,True,direct_contract_evidence
northwestern,2021-22,Northwestern,Under Armour,Under Armour,https://about.underarmour.com/en/stories/2025/03/under-armour-and-northwestern-university-announce-extension-of-p.html,Y,March 2025 renewal for several years; official outfitter for all 19 varsity programs since 2012.,official retrospective and renewal,A,legacy_054,official_announcement,,,,True,,,,,False,True,direct_contract_evidence
northwestern,2022-23,Northwestern,Under Armour,Under Armour,https://about.underarmour.com/en/stories/2025/03/under-armour-and-northwestern-university-announce-extension-of-p.html,Y,March 2025 renewal for several years; official outfitter for all 19 varsity programs since 2012.,official retrospective and renewal,A,legacy_054,official_announcement,,,,True,,,,,False,True,direct_contract_evidence
northwestern,2023-24,Northwestern,Under Armour,Under Armour,https://about.underarmour.com/en/stories/2025/03/under-armour-and-northwestern-university-announce-extension-of-p.html,Y,March 2025 renewal for several years; official outfitter for all 19 varsity programs since 2012.,official retrospective and renewal,A,legacy_054,official_announcement,,,,True,,,,,False,True,direct_contract_evidence
northwestern,2024-25,Northwestern,Under Armour,Under Armour,https://about.underarmour.com/en/stories/2025/03/under-armour-and-northwestern-university-announce-extension-of-p.html,Y,March 2025 renewal for several years; official outfitter for all 19 varsity programs since 2012.,official retrospective and renewal,A,legacy_054,official_announcement,,,,True,,,,,False,True,direct_contract_evidence
northwestern,2025-26,Northwestern,Under Armour,Under Armour,https://about.underarmour.com/en/stories/2025/03/under-armour-and-northwestern-university-announce-extension-of-p.html,Y,March 2025 renewal for several years; official outfitter for all 19 varsity programs since 2012.,official retrospective and renewal,A,legacy_054,official_announcement,,,,True,,,,,False,True,direct_contract_evidence
northwestern_state,2017-18,Northwestern State,,,,N,,,unknown,,,,,,False,,,,,False,False,outside_priority_scope
northwestern_state,2018-19,Northwestern State,,,,N,,,unknown,,,,,,False,,,,,False,False,outside_priority_scope
northwestern_state,2020-21,Northwestern State,,,,N,,,unknown,,,,,,False,,,,,False,False,outside_priority_scope
northwestern_state,2021-22,Northwestern State,,,,N,,,unknown,,,,,,False,,,,,False,False,outside_priority_scope
northwestern_state,2022-23,Northwestern State,,,,N,,,unknown,,,,,,False,,,,,False,False,outside_priority_scope
northwestern_state,2023-24,Northwestern State,,,,N,,,unknown,,,,,,False,,,,,False,False,outside_priority_scope
northwestern_state,2024-25,Northwestern State,,,,N,,,unknown,,,,,,False,,,,,False,False,outside_priority_scope
northwestern_state,2025-26,Northwestern State,,,,N,,,unknown,,,,,,False,,,,,False,False,outside_priority_scope
notre_dame,2017-18,Notre Dame,Under Armour,Under Armour,https://about.underarmour.com/en/stories/2023/08/under-armour-and-notre-dame-march-on-together-.html,Y,2023 announcement describes nearly decade-long relationship and ten-year renewal for 26 varsity teams.,official announcement; study-window coverage only,A,legacy_013,official_announcement,,,,True,,,,,False,True,direct_contract_evidence
notre_dame,2018-19,Notre Dame,Under Armour,Under Armour,https://about.underarmour.com/en/stories/2023/08/under-armour-and-notre-dame-march-on-together-.html,Y,2023 announcement describes nearly decade-long relationship and ten-year renewal for 26 varsity teams.,official announcement; study-window coverage only,A,legacy_013,official_announcement,,,,True,,,,,False,True,direct_contract_evidence
notre_dame,2020-21,Notre Dame,Under Armour,Under Armour,https://about.underarmour.com/en/stories/2023/08/under-armour-and-notre-dame-march-on-together-.html,Y,2023 announcement describes nearly decade-long relationship and ten-year renewal for 26 varsity teams.,official announcement; study-window coverage only,A,legacy_013,official_announcement,,,,True,,,,,False,True,direct_contract_evidence
notre_dame,2021-22,Notre Dame,Under Armour,Under Armour,https://about.underarmour.com/en/stories/2023/08/under-armour-and-notre-dame-march-on-together-.html,Y,2023 announcement describes nearly decade-long relationship and ten-year renewal for 26 varsity teams.,official announcement; study-window coverage only,A,legacy_013,official_announcement,,,,True,,,,,False,True,direct_contract_evidence
notre_dame,2022-23,Notre Dame,Under Armour,Under Armour,https://about.underarmour.com/en/stories/2023/08/under-armour-and-notre-dame-march-on-together-.html,Y,2023 announcement describes nearly decade-long relationship and ten-year renewal for 26 varsity teams.,official announcement; study-window coverage only,A,legacy_013,official_announcement,,,,True,,,,,False,True,direct_contract_evidence
notre_dame,2023-24,Notre Dame,Under Armour,Under Armour,https://about.underarmour.com/en/stories/2023/08/under-armour-and-notre-dame-march-on-together-.html,Y,2023 announcement describes nearly decade-long relationship and ten-year renewal for 26 varsity teams.,official announcement; study-window coverage only,A,legacy_013,official_announcement,,,,True,,,,,False,True,direct_contract_evidence
notre_dame,2024-25,Notre Dame,Under Armour,Under Armour,https://about.underarmour.com/en/stories/2023/08/under-armour-and-notre-dame-march-on-together-.html,Y,2023 announcement describes nearly decade-long relationship and ten-year renewal for 26 varsity teams.,official announcement; study-window coverage only,A,legacy_013,official_announcement,,,,True,,,,,False,True,direct_contract_evidence
notre_dame,2025-26,Notre Dame,Under Armour,Under Armour,https://about.underarmour.com/en/stories/2023/08/under-armour-and-notre-dame-march-on-together-.html,Y,2023 announcement describes nearly decade-long relationship and ten-year renewal for 26 varsity teams.,official announcement; study-window coverage only,A,legacy_013,official_announcement,,,,True,,,,,False,True,direct_contract_evidence
oakland,2017-18,Oakland,,,,N,,,unknown,,,,,,False,,,,,False,False,outside_priority_scope
oakland,2018-19,Oakland,,,,N,,,unknown,,,,,,False,,,,,False,False,outside_priority_scope
oakland,2020-21,Oakland,,,,N,,,unknown,,,,,,False,,,,,False,False,outside_priority_scope
oakland,2021-22,Oakland,,,,N,,,unknown,,,,,,False,,,,,False,False,outside_priority_scope
oakland,2022-23,Oakland,,,,N,,,unknown,,,,,,False,,,,,False,False,outside_priority_scope
oakland,2023-24,Oakland,,,,N,,,unknown,,,,,,False,,,,,False,False,outside_priority_scope
oakland,2024-25,Oakland,,,,N,,,unknown,,,,,,False,,,,,False,False,outside_priority_scope
oakland,2025-26,Oakland,,,,N,,,unknown,,,,,,False,,,,,False,False,outside_priority_scope
ohio,2017-18,Ohio,,,,N,,,unknown,,,,,,False,,,,,False,False,outside_priority_scope
ohio,2018-19,Ohio,,,,N,,,unknown,,,,,,False,,,,,False,False,outside_priority_scope
ohio,2020-21,Ohio,,,,N,,,unknown,,,,,,False,,,,,False,False,outside_priority_scope
ohio,2021-22,Ohio,,,,N,,,unknown,,,,,,False,,,,,False,False,outside_priority_scope
ohio,2022-23,Ohio,,,,N,,,unknown,,,,,,False,,,,,False,False,outside_priority_scope
ohio,2023-24,Ohio,,,,N,,,unknown,,,,,,False,,,,,False,False,outside_priority_scope
ohio,2024-25,Ohio,,,,N,,,unknown,,,,,,False,,,,,False,False,outside_priority_scope
ohio,2025-26,Ohio,,,,N,,,unknown,,,,,,False,,,,,False,False,outside_priority_scope
ohio_state,2017-18,Ohio State,Nike,Nike,https://ohiostatebuckeyes.com/news/2016/1/14/ohio-state-and-nike-sign-groundbreaking-college-partnership,Y,Existing partnership extended through 2033 in January 2016.,official announcement; study-window coverage only,A,legacy_016,official_announcement,,,,True,,,,,False,True,direct_contract_evidence
ohio_state,2018-19,Ohio State,Nike,Nike,https://ohiostatebuckeyes.com/news/2016/1/14/ohio-state-and-nike-sign-groundbreaking-college-partnership,Y,Existing partnership extended through 2033 in January 2016.,official announcement; study-window coverage only,A,legacy_016,official_announcement,,,,True,,,,,False,True,direct_contract_evidence
ohio_state,2020-21,Ohio State,Nike,Nike,https://ohiostatebuckeyes.com/news/2016/1/14/ohio-state-and-nike-sign-groundbreaking-college-partnership,Y,Existing partnership extended through 2033 in January 2016.,official announcement; study-window coverage only,A,legacy_016,official_announcement,,,,True,,,,,False,True,direct_contract_evidence
ohio_state,2021-22,Ohio State,Nike,Nike,https://ohiostatebuckeyes.com/news/2016/1/14/ohio-state-and-nike-sign-groundbreaking-college-partnership,Y,Existing partnership extended through 2033 in January 2016.,official announcement; study-window coverage only,A,legacy_016,official_announcement,,,,True,,,,,False,True,direct_contract_evidence
ohio_state,2022-23,Ohio State,Nike,Nike,https://ohiostatebuckeyes.com/news/2016/1/14/ohio-state-and-nike-sign-groundbreaking-college-partnership,Y,Existing partnership extended through 2033 in January 2016.,official announcement; study-window coverage only,A,legacy_016,official_announcement,,,,True,,,,,False,True,direct_contract_evidence
ohio_state,2023-24,Ohio State,Nike,Nike,https://ohiostatebuckeyes.com/news/2016/1/14/ohio-state-and-nike-sign-groundbreaking-college-partnership,Y,Existing partnership extended through 2033 in January 2016.,official announcement; study-window coverage only,A,legacy_016,official_announcement,,,,True,,,,,False,True,direct_contract_evidence
ohio_state,2024-25,Ohio State,Nike,Nike,https://ohiostatebuckeyes.com/news/2016/1/14/ohio-state-and-nike-sign-groundbreaking-college-partnership,Y,Existing partnership extended through 2033 in January 2016.,official announcement; study-window coverage only,A,legacy_016,official_announcement,,,,True,,,,,False,True,direct_contract_evidence
ohio_state,2025-26,Ohio State,Nike,Nike,https://ohiostatebuckeyes.com/news/2016/1/14/ohio-state-and-nike-sign-groundbreaking-college-partnership,Y,Existing partnership extended through 2033 in January 2016.,official announcement; study-window coverage only,A,legacy_016,official_announcement,,,,True,,,,,False,True,direct_contract_evidence
oklahoma,2017-18,Oklahoma,Nike,Nike,https://www.oudaily.com/sports/oklahoma-sports-ou-contract-with-nike-jordan-brand-worth-near-70-million/article_b59e45c0-911b-11e8-8d0b-43bb3d5f5abf.html,Y,Contract reporting: 2014-24 term extended through June 2028; Jordan football and basketball stay in Nike parent group.,university newspaper contract reporting,A,legacy_033,secondary_contract_reporting,,,,True,,,,,False,True,direct_contract_evidence
oklahoma,2018-19,Oklahoma,Nike,Nike,https://www.oudaily.com/sports/oklahoma-sports-ou-contract-with-nike-jordan-brand-worth-near-70-million/article_b59e45c0-911b-11e8-8d0b-43bb3d5f5abf.html,Y,Contract reporting: 2014-24 term extended through June 2028; Jordan football and basketball stay in Nike parent group.,university newspaper contract reporting,A,legacy_033,secondary_contract_reporting,,,,True,,,,,False,True,direct_contract_evidence
oklahoma,2020-21,Oklahoma,Nike,Nike,https://www.oudaily.com/sports/oklahoma-sports-ou-contract-with-nike-jordan-brand-worth-near-70-million/article_b59e45c0-911b-11e8-8d0b-43bb3d5f5abf.html,Y,Contract reporting: 2014-24 term extended through June 2028; Jordan football and basketball stay in Nike parent group.,university newspaper contract reporting,A,legacy_033,secondary_contract_reporting,,,,True,,,,,False,True,direct_contract_evidence
oklahoma,2021-22,Oklahoma,Nike,Nike,https://www.oudaily.com/sports/oklahoma-sports-ou-contract-with-nike-jordan-brand-worth-near-70-million/article_b59e45c0-911b-11e8-8d0b-43bb3d5f5abf.html,Y,Contract reporting: 2014-24 term extended through June 2028; Jordan football and basketball stay in Nike parent group.,university newspaper contract reporting,A,legacy_033,secondary_contract_reporting,,,,True,,,,,False,True,direct_contract_evidence
oklahoma,2022-23,Oklahoma,Nike,Nike,https://www.oudaily.com/sports/oklahoma-sports-ou-contract-with-nike-jordan-brand-worth-near-70-million/article_b59e45c0-911b-11e8-8d0b-43bb3d5f5abf.html,Y,Contract reporting: 2014-24 term extended through June 2028; Jordan football and basketball stay in Nike parent group.,university newspaper contract reporting,A,legacy_033,secondary_contract_reporting,,,,True,,,,,False,True,direct_contract_evidence
oklahoma,2023-24,Oklahoma,Nike,Nike,https://www.oudaily.com/sports/oklahoma-sports-ou-contract-with-nike-jordan-brand-worth-near-70-million/article_b59e45c0-911b-11e8-8d0b-43bb3d5f5abf.html,Y,Contract reporting: 2014-24 term extended through June 2028; Jordan football and basketball stay in Nike parent group.,university newspaper contract reporting,A,legacy_033,secondary_contract_reporting,,,,True,,,,,False,True,direct_contract_evidence
oklahoma,2024-25,Oklahoma,Nike,Nike,https://www.oudaily.com/sports/oklahoma-sports-ou-contract-with-nike-jordan-brand-worth-near-70-million/article_b59e45c0-911b-11e8-8d0b-43bb3d5f5abf.html,Y,Contract reporting: 2014-24 term extended through June 2028; Jordan football and basketball stay in Nike parent group.,university newspaper contract reporting,A,legacy_033,secondary_contract_reporting,,,,True,,,,,False,True,direct_contract_evidence
oklahoma,2025-26,Oklahoma,Nike,Nike,https://www.oudaily.com/sports/oklahoma-sports-ou-contract-with-nike-jordan-brand-worth-near-70-million/article_b59e45c0-911b-11e8-8d0b-43bb3d5f5abf.html,Y,Contract reporting: 2014-24 term extended through June 2028; Jordan football and basketball stay in Nike parent group.,university newspaper contract reporting,A,legacy_033,secondary_contract_reporting,,,,True,,,,,False,True,direct_contract_evidence
oklahoma_state,2017-18,Oklahoma State,Nike,Nike,https://www2.kusports.com/weblogs/tale-tait/2017/sep/28/kus-deal-with-adidas-is-companys-second/,Y,2017 contract roundup identifies Nike term through 2025.,newspaper contract compilation; underlying dates not independently inspected,A,legacy_063,secondary_contract_reporting,,,,True,,,,,False,True,direct_contract_evidence
oklahoma_state,2018-19,Oklahoma State,Nike,Nike,https://www2.kusports.com/weblogs/tale-tait/2017/sep/28/kus-deal-with-adidas-is-companys-second/,Y,2017 contract roundup identifies Nike term through 2025.,newspaper contract compilation; underlying dates not independently inspected,A,legacy_063,secondary_contract_reporting,,,,True,,,,,False,True,direct_contract_evidence
oklahoma_state,2020-21,Oklahoma State,Nike,Nike,https://www2.kusports.com/weblogs/tale-tait/2017/sep/28/kus-deal-with-adidas-is-companys-second/,Y,2017 contract roundup identifies Nike term through 2025.,newspaper contract compilation; underlying dates not independently inspected,A,legacy_063,secondary_contract_reporting,,,,True,,,,,False,True,direct_contract_evidence
oklahoma_state,2021-22,Oklahoma State,Nike,Nike,https://www2.kusports.com/weblogs/tale-tait/2017/sep/28/kus-deal-with-adidas-is-companys-second/,Y,2017 contract roundup identifies Nike term through 2025.,newspaper contract compilation; underlying dates not independently inspected,A,legacy_063,secondary_contract_reporting,,,,True,,,,,False,True,direct_contract_evidence
oklahoma_state,2022-23,Oklahoma State,Nike,Nike,https://www2.kusports.com/weblogs/tale-tait/2017/sep/28/kus-deal-with-adidas-is-companys-second/,Y,2017 contract roundup identifies Nike term through 2025.,newspaper contract compilation; underlying dates not independently inspected,A,legacy_063,secondary_contract_reporting,,,,True,,,,,False,True,direct_contract_evidence
oklahoma_state,2023-24,Oklahoma State,Nike,Nike,https://www2.kusports.com/weblogs/tale-tait/2017/sep/28/kus-deal-with-adidas-is-companys-second/,Y,2017 contract roundup identifies Nike term through 2025.,newspaper contract compilation; underlying dates not independently inspected,A,legacy_063,secondary_contract_reporting,,,,True,,,,,False,True,direct_contract_evidence
oklahoma_state,2024-25,Oklahoma State,Nike,Nike,https://www2.kusports.com/weblogs/tale-tait/2017/sep/28/kus-deal-with-adidas-is-companys-second/,Y,2017 contract roundup identifies Nike term through 2025.,newspaper contract compilation; underlying dates not independently inspected,A,legacy_063,secondary_contract_reporting,,,,True,,,,,False,True,direct_contract_evidence
oklahoma_state,2025-26,Oklahoma State,,,,N,,,unknown,,,,,,True,,,,,False,False,unknown
old_dominion,2017-18,Old Dominion,,,,N,,,unknown,,,,,,False,,,,,False,False,outside_priority_scope
old_dominion,2018-19,Old Dominion,,,,N,,,unknown,,,,,,False,,,,,False,False,outside_priority_scope
old_dominion,2020-21,Old Dominion,,,,N,,,unknown,,,,,,False,,,,,False,False,outside_priority_scope
old_dominion,2021-22,Old Dominion,,,,N,,,unknown,,,,,,False,,,,,False,False,outside_priority_scope
old_dominion,2022-23,Old Dominion,,,,N,,,unknown,,,,,,False,,,,,False,False,outside_priority_scope
old_dominion,2023-24,Old Dominion,,,,N,,,unknown,,,,,,False,,,,,False,False,outside_priority_scope
old_dominion,2024-25,Old Dominion,,,,N,,,unknown,,,,,,False,,,,,False,False,outside_priority_scope
old_dominion,2025-26,Old Dominion,,,,N,,,unknown,,,,,,False,,,,,False,False,outside_priority_scope
ole_miss,2017-18,Ole Miss,Nike,Nike,https://olemisssports.com/news/2015/8/31/Ole_Miss_Makes_Major_Announcements,Y,2015 announcement extends Nike contract for twelve years.,official dated announcement,A,legacy_035,official_announcement,,,,True,,,,,False,True,direct_contract_evidence
ole_miss,2018-19,Ole Miss,Nike,Nike,https://olemisssports.com/news/2015/8/31/Ole_Miss_Makes_Major_Announcements,Y,2015 announcement extends Nike contract for twelve years.,official dated announcement,A,legacy_035,official_announcement,,,,True,,,,,False,True,direct_contract_evidence
ole_miss,2020-21,Ole Miss,Nike,Nike,https://olemisssports.com/news/2015/8/31/Ole_Miss_Makes_Major_Announcements,Y,2015 announcement extends Nike contract for twelve years.,official dated announcement,A,legacy_035,official_announcement,,,,True,,,,,False,True,direct_contract_evidence
ole_miss,2021-22,Ole Miss,Nike,Nike,https://olemisssports.com/news/2015/8/31/Ole_Miss_Makes_Major_Announcements,Y,2015 announcement extends Nike contract for twelve years.,official dated announcement,A,legacy_035,official_announcement,,,,True,,,,,False,True,direct_contract_evidence
ole_miss,2022-23,Ole Miss,Nike,Nike,https://olemisssports.com/news/2015/8/31/Ole_Miss_Makes_Major_Announcements,Y,2015 announcement extends Nike contract for twelve years.,official dated announcement,A,legacy_035,official_announcement,,,,True,,,,,False,True,direct_contract_evidence
ole_miss,2023-24,Ole Miss,Nike,Nike,https://olemisssports.com/news/2015/8/31/Ole_Miss_Makes_Major_Announcements,Y,2015 announcement extends Nike contract for twelve years.,official dated announcement,A,legacy_035,official_announcement,,,,True,,,,,False,True,direct_contract_evidence
ole_miss,2024-25,Ole Miss,Nike,Nike,https://olemisssports.com/news/2015/8/31/Ole_Miss_Makes_Major_Announcements,Y,2015 announcement extends Nike contract for twelve years.,official dated announcement,A,legacy_035,official_announcement,,,,True,,,,,False,True,direct_contract_evidence
ole_miss,2025-26,Ole Miss,Nike,Nike,https://olemisssports.com/news/2015/8/31/Ole_Miss_Makes_Major_Announcements,Y,2015 announcement extends Nike contract for twelve years.,official dated announcement,A,legacy_035,official_announcement,,,,True,,,,,False,True,direct_contract_evidence
oral_roberts,2017-18,Oral Roberts,,,,N,,,unknown,,,,,,False,,,,,False,False,outside_priority_scope
oral_roberts,2018-19,Oral Roberts,,,,N,,,unknown,,,,,,False,,,,,False,False,outside_priority_scope
oral_roberts,2020-21,Oral Roberts,,,,N,,,unknown,,,,,,False,,,,,False,False,outside_priority_scope
oral_roberts,2021-22,Oral Roberts,,,,N,,,unknown,,,,,,False,,,,,False,False,outside_priority_scope
oral_roberts,2022-23,Oral Roberts,,,,N,,,unknown,,,,,,False,,,,,False,False,outside_priority_scope
oral_roberts,2023-24,Oral Roberts,,,,N,,,unknown,,,,,,False,,,,,False,False,outside_priority_scope
oral_roberts,2024-25,Oral Roberts,,,,N,,,unknown,,,,,,False,,,,,False,False,outside_priority_scope
oral_roberts,2025-26,Oral Roberts,,,,N,,,unknown,,,,,,False,,,,,False,False,outside_priority_scope
oregon,2017-18,Oregon,Nike,Nike,https://trustees.uoregon.edu/sites/default/files/minutes_-_full_bot_12.08.17.pdf,Y,"Board minutes PDF p.2 approve multi-sport Nike agreement on December 8, 2017. Companion board packet sets July 1, 2017–May 31, 2028 term.",approved university board minutes plus agreement packet,A,legacy_103,board_record,,,,True,,,,,False,True,direct_contract_evidence
oregon,2018-19,Oregon,Nike,Nike,https://trustees.uoregon.edu/sites/default/files/minutes_-_full_bot_12.08.17.pdf,Y,"Board minutes PDF p.2 approve multi-sport Nike agreement on December 8, 2017. Companion board packet sets July 1, 2017–May 31, 2028 term.",approved university board minutes plus agreement packet,A,legacy_103,board_record,,,,True,,,,,False,True,direct_contract_evidence
oregon,2020-21,Oregon,Nike,Nike,https://trustees.uoregon.edu/sites/default/files/minutes_-_full_bot_12.08.17.pdf,Y,"Board minutes PDF p.2 approve multi-sport Nike agreement on December 8, 2017. Companion board packet sets July 1, 2017–May 31, 2028 term.",approved university board minutes plus agreement packet,A,legacy_103,board_record,,,,True,,,,,False,True,direct_contract_evidence
oregon,2021-22,Oregon,Nike,Nike,https://trustees.uoregon.edu/sites/default/files/minutes_-_full_bot_12.08.17.pdf,Y,"Board minutes PDF p.2 approve multi-sport Nike agreement on December 8, 2017. Companion board packet sets July 1, 2017–May 31, 2028 term.",approved university board minutes plus agreement packet,A,legacy_103,board_record,,,,True,,,,,False,True,direct_contract_evidence
oregon,2022-23,Oregon,Nike,Nike,https://trustees.uoregon.edu/sites/default/files/minutes_-_full_bot_12.08.17.pdf,Y,"Board minutes PDF p.2 approve multi-sport Nike agreement on December 8, 2017. Companion board packet sets July 1, 2017–May 31, 2028 term.",approved university board minutes plus agreement packet,A,legacy_103,board_record,,,,True,,,,,False,True,direct_contract_evidence
oregon,2023-24,Oregon,Nike,Nike,https://trustees.uoregon.edu/sites/default/files/minutes_-_full_bot_12.08.17.pdf,Y,"Board minutes PDF p.2 approve multi-sport Nike agreement on December 8, 2017. Companion board packet sets July 1, 2017–May 31, 2028 term.",approved university board minutes plus agreement packet,A,legacy_103,board_record,,,,True,,,,,False,True,direct_contract_evidence
oregon,2024-25,Oregon,Nike,Nike,https://trustees.uoregon.edu/sites/default/files/minutes_-_full_bot_12.08.17.pdf,Y,"Board minutes PDF p.2 approve multi-sport Nike agreement on December 8, 2017. Companion board packet sets July 1, 2017–May 31, 2028 term.",approved university board minutes plus agreement packet,A,legacy_103,board_record,,,,True,,,,,False,True,direct_contract_evidence
oregon,2025-26,Oregon,Nike,Nike,https://trustees.uoregon.edu/sites/default/files/minutes_-_full_bot_12.08.17.pdf,Y,"Board minutes PDF p.2 approve multi-sport Nike agreement on December 8, 2017. Companion board packet sets July 1, 2017–May 31, 2028 term.",approved university board minutes plus agreement packet,A,legacy_103,board_record,,,,True,,,,,False,True,direct_contract_evidence
oregon_state,2017-18,Oregon State,,,,N,,,unknown,,,,,,False,,,,,False,False,outside_priority_scope
oregon_state,2018-19,Oregon State,,,,N,,,unknown,,,,,,False,,,,,False,False,outside_priority_scope
oregon_state,2020-21,Oregon State,,,,N,,,unknown,,,,,,False,,,,,False,False,outside_priority_scope
oregon_state,2021-22,Oregon State,,,,N,,,unknown,,,,,,False,,,,,False,False,outside_priority_scope
oregon_state,2022-23,Oregon State,,,,N,,,unknown,,,,,,False,,,,,False,False,outside_priority_scope
oregon_state,2023-24,Oregon State,,,,N,,,unknown,,,,,,False,,,,,False,False,outside_priority_scope
oregon_state,2024-25,Oregon State,,,,N,,,unknown,,,,,,False,,,,,False,False,outside_priority_scope
oregon_state,2025-26,Oregon State,,,,N,,,unknown,,,,,,False,,,,,False,False,outside_priority_scope
pacific,2017-18,Pacific,,,,N,,,unknown,,,,,,False,,,,,False,False,outside_priority_scope
pacific,2018-19,Pacific,,,,N,,,unknown,,,,,,False,,,,,False,False,outside_priority_scope
pacific,2020-21,Pacific,,,,N,,,unknown,,,,,,False,,,,,False,False,outside_priority_scope
pacific,2021-22,Pacific,,,,N,,,unknown,,,,,,False,,,,,False,False,outside_priority_scope
pacific,2022-23,Pacific,,,,N,,,unknown,,,,,,False,,,,,False,False,outside_priority_scope
pacific,2023-24,Pacific,,,,N,,,unknown,,,,,,False,,,,,False,False,outside_priority_scope
pacific,2024-25,Pacific,,,,N,,,unknown,,,,,,False,,,,,False,False,outside_priority_scope
pacific,2025-26,Pacific,,,,N,,,unknown,,,,,,False,,,,,False,False,outside_priority_scope
penn_state,2017-18,Penn State,Nike,Nike,https://www.centredaily.com/sports/college/penn-state-university/article316333759.html,Y,"July 1, 2026 adidas launch ends thirty-three-year Nike relationship.",local newspaper retrospective,A,legacy_056,secondary_contract_reporting,,,,True,,,,,False,True,direct_contract_evidence
penn_state,2018-19,Penn State,Nike,Nike,https://www.centredaily.com/sports/college/penn-state-university/article316333759.html,Y,"July 1, 2026 adidas launch ends thirty-three-year Nike relationship.",local newspaper retrospective,A,legacy_056,secondary_contract_reporting,,,,True,,,,,False,True,direct_contract_evidence
penn_state,2020-21,Penn State,Nike,Nike,https://www.centredaily.com/sports/college/penn-state-university/article316333759.html,Y,"July 1, 2026 adidas launch ends thirty-three-year Nike relationship.",local newspaper retrospective,A,legacy_056,secondary_contract_reporting,,,,True,,,,,False,True,direct_contract_evidence
penn_state,2021-22,Penn State,Nike,Nike,https://www.centredaily.com/sports/college/penn-state-university/article316333759.html,Y,"July 1, 2026 adidas launch ends thirty-three-year Nike relationship.",local newspaper retrospective,A,legacy_056,secondary_contract_reporting,,,,True,,,,,False,True,direct_contract_evidence
penn_state,2022-23,Penn State,Nike,Nike,https://www.centredaily.com/sports/college/penn-state-university/article316333759.html,Y,"July 1, 2026 adidas launch ends thirty-three-year Nike relationship.",local newspaper retrospective,A,legacy_056,secondary_contract_reporting,,,,True,,,,,False,True,direct_contract_evidence
penn_state,2023-24,Penn State,Nike,Nike,https://www.centredaily.com/sports/college/penn-state-university/article316333759.html,Y,"July 1, 2026 adidas launch ends thirty-three-year Nike relationship.",local newspaper retrospective,A,legacy_056,secondary_contract_reporting,,,,True,,,,,False,True,direct_contract_evidence
penn_state,2024-25,Penn State,Nike,Nike,https://www.centredaily.com/sports/college/penn-state-university/article316333759.html,Y,"July 1, 2026 adidas launch ends thirty-three-year Nike relationship.",local newspaper retrospective,A,legacy_056,secondary_contract_reporting,,,,True,,,,,False,True,direct_contract_evidence
penn_state,2025-26,Penn State,Nike,Nike,https://www.centredaily.com/sports/college/penn-state-university/article316333759.html,Y,"July 1, 2026 adidas launch ends thirty-three-year Nike relationship.",local newspaper retrospective,A,legacy_056,secondary_contract_reporting,,,,True,,,,,False,True,direct_contract_evidence
pennsylvania,2017-18,Pennsylvania,,,,N,,,unknown,,,,,,False,,,,,False,False,outside_priority_scope
pennsylvania,2018-19,Pennsylvania,,,,N,,,unknown,,,,,,False,,,,,False,False,outside_priority_scope
pennsylvania,2020-21,Pennsylvania,,,,N,,,unknown,,,,,,False,,,,,False,False,outside_priority_scope
pennsylvania,2021-22,Pennsylvania,,,,N,,,unknown,,,,,,False,,,,,False,False,outside_priority_scope
pennsylvania,2022-23,Pennsylvania,,,,N,,,unknown,,,,,,False,,,,,False,False,outside_priority_scope
pennsylvania,2023-24,Pennsylvania,,,,N,,,unknown,,,,,,False,,,,,False,False,outside_priority_scope
pennsylvania,2024-25,Pennsylvania,,,,N,,,unknown,,,,,,False,,,,,False,False,outside_priority_scope
pennsylvania,2025-26,Pennsylvania,,,,N,,,unknown,,,,,,False,,,,,False,False,outside_priority_scope
pepperdine,2017-18,Pepperdine,,,,N,,,unknown,,,,,,False,,,,,False,False,outside_priority_scope
pepperdine,2018-19,Pepperdine,,,,N,,,unknown,,,,,,False,,,,,False,False,outside_priority_scope
pepperdine,2020-21,Pepperdine,,,,N,,,unknown,,,,,,False,,,,,False,False,outside_priority_scope
pepperdine,2021-22,Pepperdine,,,,N,,,unknown,,,,,,False,,,,,False,False,outside_priority_scope
pepperdine,2022-23,Pepperdine,,,,N,,,unknown,,,,,,False,,,,,False,False,outside_priority_scope
pepperdine,2023-24,Pepperdine,,,,N,,,unknown,,,,,,False,,,,,False,False,outside_priority_scope
pepperdine,2024-25,Pepperdine,,,,N,,,unknown,,,,,,False,,,,,False,False,outside_priority_scope
pepperdine,2025-26,Pepperdine,,,,N,,,unknown,,,,,,False,,,,,False,False,outside_priority_scope
pittsburgh,2017-18,Pittsburgh,Nike,Nike,https://pittsburghpanthers.com/news/2023/7/6/general-pitt-extends-partnership-with-nike-through-2026,Y,2023 renewal through 2026; retrospective identifies nearly fifteen years of department partnership.,official retrospective and renewal,A,legacy_034,official_announcement,,,,True,,,,,False,True,direct_contract_evidence
pittsburgh,2018-19,Pittsburgh,Nike,Nike,https://pittsburghpanthers.com/news/2023/7/6/general-pitt-extends-partnership-with-nike-through-2026,Y,2023 renewal through 2026; retrospective identifies nearly fifteen years of department partnership.,official retrospective and renewal,A,legacy_034,official_announcement,,,,True,,,,,False,True,direct_contract_evidence
pittsburgh,2020-21,Pittsburgh,Nike,Nike,https://pittsburghpanthers.com/news/2023/7/6/general-pitt-extends-partnership-with-nike-through-2026,Y,2023 renewal through 2026; retrospective identifies nearly fifteen years of department partnership.,official retrospective and renewal,A,legacy_034,official_announcement,,,,True,,,,,False,True,direct_contract_evidence
pittsburgh,2021-22,Pittsburgh,Nike,Nike,https://pittsburghpanthers.com/news/2023/7/6/general-pitt-extends-partnership-with-nike-through-2026,Y,2023 renewal through 2026; retrospective identifies nearly fifteen years of department partnership.,official retrospective and renewal,A,legacy_034,official_announcement,,,,True,,,,,False,True,direct_contract_evidence
pittsburgh,2022-23,Pittsburgh,Nike,Nike,https://pittsburghpanthers.com/news/2023/7/6/general-pitt-extends-partnership-with-nike-through-2026,Y,2023 renewal through 2026; retrospective identifies nearly fifteen years of department partnership.,official retrospective and renewal,A,legacy_034,official_announcement,,,,True,,,,,False,True,direct_contract_evidence
pittsburgh,2023-24,Pittsburgh,Nike,Nike,https://pittsburghpanthers.com/news/2023/7/6/general-pitt-extends-partnership-with-nike-through-2026,Y,2023 renewal through 2026; retrospective identifies nearly fifteen years of department partnership.,official retrospective and renewal,A,legacy_034,official_announcement,,,,True,,,,,False,True,direct_contract_evidence
pittsburgh,2024-25,Pittsburgh,Nike,Nike,https://pittsburghpanthers.com/news/2023/7/6/general-pitt-extends-partnership-with-nike-through-2026,Y,2023 renewal through 2026; retrospective identifies nearly fifteen years of department partnership.,official retrospective and renewal,A,legacy_034,official_announcement,,,,True,,,,,False,True,direct_contract_evidence
pittsburgh,2025-26,Pittsburgh,Nike,Nike,https://pittsburghpanthers.com/news/2023/7/6/general-pitt-extends-partnership-with-nike-through-2026,Y,2023 renewal through 2026; retrospective identifies nearly fifteen years of department partnership.,official retrospective and renewal,A,legacy_034,official_announcement,,,,True,,,,,False,True,direct_contract_evidence
portland,2017-18,Portland,,,,N,,,unknown,,,,,,False,,,,,False,False,outside_priority_scope
portland,2018-19,Portland,,,,N,,,unknown,,,,,,False,,,,,False,False,outside_priority_scope
portland,2020-21,Portland,,,,N,,,unknown,,,,,,False,,,,,False,False,outside_priority_scope
portland,2021-22,Portland,,,,N,,,unknown,,,,,,False,,,,,False,False,outside_priority_scope
portland,2022-23,Portland,,,,N,,,unknown,,,,,,False,,,,,False,False,outside_priority_scope
portland,2023-24,Portland,,,,N,,,unknown,,,,,,False,,,,,False,False,outside_priority_scope
portland,2024-25,Portland,,,,N,,,unknown,,,,,,False,,,,,False,False,outside_priority_scope
portland,2025-26,Portland,,,,N,,,unknown,,,,,,False,,,,,False,False,outside_priority_scope
portland_state,2017-18,Portland State,,,,N,,,unknown,,,,,,False,,,,,False,False,outside_priority_scope
portland_state,2018-19,Portland State,,,,N,,,unknown,,,,,,False,,,,,False,False,outside_priority_scope
portland_state,2020-21,Portland State,,,,N,,,unknown,,,,,,False,,,,,False,False,outside_priority_scope
portland_state,2021-22,Portland State,,,,N,,,unknown,,,,,,False,,,,,False,False,outside_priority_scope
portland_state,2022-23,Portland State,,,,N,,,unknown,,,,,,False,,,,,False,False,outside_priority_scope
portland_state,2023-24,Portland State,,,,N,,,unknown,,,,,,False,,,,,False,False,outside_priority_scope
portland_state,2024-25,Portland State,,,,N,,,unknown,,,,,,False,,,,,False,False,outside_priority_scope
portland_state,2025-26,Portland State,,,,N,,,unknown,,,,,,False,,,,,False,False,outside_priority_scope
prairie_view_a_m,2017-18,Prairie View A&M,,,,N,,,unknown,,,,,,False,,,,,False,False,outside_priority_scope
prairie_view_a_m,2018-19,Prairie View A&M,,,,N,,,unknown,,,,,,False,,,,,False,False,outside_priority_scope
prairie_view_a_m,2020-21,Prairie View A&M,,,,N,,,unknown,,,,,,False,,,,,False,False,outside_priority_scope
prairie_view_a_m,2021-22,Prairie View A&M,,,,N,,,unknown,,,,,,False,,,,,False,False,outside_priority_scope
prairie_view_a_m,2022-23,Prairie View A&M,,,,N,,,unknown,,,,,,False,,,,,False,False,outside_priority_scope
prairie_view_a_m,2023-24,Prairie View A&M,,,,N,,,unknown,,,,,,False,,,,,False,False,outside_priority_scope
prairie_view_a_m,2024-25,Prairie View A&M,,,,N,,,unknown,,,,,,False,,,,,False,False,outside_priority_scope
prairie_view_a_m,2025-26,Prairie View A&M,,,,N,,,unknown,,,,,,False,,,,,False,False,outside_priority_scope
presbyterian_college,2017-18,Presbyterian College,,,,N,,,unknown,,,,,,False,,,,,False,False,outside_priority_scope
presbyterian_college,2018-19,Presbyterian College,,,,N,,,unknown,,,,,,False,,,,,False,False,outside_priority_scope
presbyterian_college,2020-21,Presbyterian College,,,,N,,,unknown,,,,,,False,,,,,False,False,outside_priority_scope
presbyterian_college,2021-22,Presbyterian College,,,,N,,,unknown,,,,,,False,,,,,False,False,outside_priority_scope
presbyterian_college,2022-23,Presbyterian College,,,,N,,,unknown,,,,,,False,,,,,False,False,outside_priority_scope
presbyterian_college,2023-24,Presbyterian College,,,,N,,,unknown,,,,,,False,,,,,False,False,outside_priority_scope
presbyterian_college,2024-25,Presbyterian College,,,,N,,,unknown,,,,,,False,,,,,False,False,outside_priority_scope
presbyterian_college,2025-26,Presbyterian College,,,,N,,,unknown,,,,,,False,,,,,False,False,outside_priority_scope
princeton,2017-18,Princeton,,,,N,,,unknown,,,,,,True,,,,,False,False,unknown
princeton,2018-19,Princeton,,,,N,,,unknown,,,,,,True,,,,,False,False,unknown
princeton,2020-21,Princeton,,,,N,,,unknown,,,,,,True,,,,,False,False,unknown
princeton,2021-22,Princeton,Nike,Nike,https://s3.us-east-2.amazonaws.com/sidearm.nextgen.sites/princeton.sidearmsports.com/documents/2021/7/28/NIL_FAQ_for_Student_Athletes_7_28_21.pdf?timestamp=20210728052335,Y,"July 28, 2021 NIL FAQ identifies exclusive Nike contract.",dated university policy snapshot,B,legacy_095,official_policy,2021-07-28,,,True,,,,,False,True,dated_official_use
princeton,2022-23,Princeton,Nike,Nike,https://goprincetontigers.com/documents/download/2023/5/24/Princeton_NIL_Policy__May_2023__26_.pdf_timestamp_20230524015649.pdf,Y,May 2023 NIL policy identifies Nike among exclusive university contracts.,dated university policy snapshot,B,legacy_096,official_policy,2023-05-24,,,True,,,,,False,True,dated_official_use
princeton,2023-24,Princeton,,,,N,,,unknown,,,,,,True,,,,,False,False,unknown
princeton,2024-25,Princeton,,,,N,,,unknown,,,,,,True,,,,,False,False,unknown
princeton,2025-26,Princeton,,,,N,,,unknown,,,,,,True,,,,,False,False,unknown
providence,2017-18,Providence,,,,N,,,unknown,,,,,,False,,,,,False,False,outside_priority_scope
providence,2018-19,Providence,,,,N,,,unknown,,,,,,False,,,,,False,False,outside_priority_scope
providence,2020-21,Providence,,,,N,,,unknown,,,,,,False,,,,,False,False,outside_priority_scope
providence,2021-22,Providence,,,,N,,,unknown,,,,,,False,,,,,False,False,outside_priority_scope
providence,2022-23,Providence,,,,N,,,unknown,,,,,,False,,,,,False,False,outside_priority_scope
providence,2023-24,Providence,,,,N,,,unknown,,,,,,False,,,,,False,False,outside_priority_scope
providence,2024-25,Providence,,,,N,,,unknown,,,,,,False,,,,,False,False,outside_priority_scope
providence,2025-26,Providence,,,,N,,,unknown,,,,,,False,,,,,False,False,outside_priority_scope
purdue,2017-18,Purdue,Nike,Nike,https://athleticdirectoru.com/articles/cash-is-king-in-intercollegiate-apparel-agreements/,Y,CRIA researchers table identifies provider in 2017-18 only. No forward-fill. Known erroneous Rutgers entry in compilation not used.,researchers contract compilation snapshot,A,legacy_079,secondary_contract_reporting,,,,True,,,,,False,True,direct_contract_evidence
purdue,2018-19,Purdue,Nike,Nike,https://athleticdirectoru.com/articles/cash-is-king-in-intercollegiate-apparel-agreements/,N,Inferred between 2017-18 (A) and 2025-26 (B); same provider and no known intervening transition in reviewed evidence.,"continuity inference; endpoints only, not direct seasonal observation",C,,inferred_from_two_sources,,,,True,2017-18,2025-26,https://athleticdirectoru.com/articles/cash-is-king-in-intercollegiate-apparel-agreements/,https://web.archive.org/web/20251115235824/https://purduesports.com/,True,True,inferred_continuity
purdue,2020-21,Purdue,Nike,Nike,https://athleticdirectoru.com/articles/cash-is-king-in-intercollegiate-apparel-agreements/,N,Inferred between 2017-18 (A) and 2025-26 (B); same provider and no known intervening transition in reviewed evidence.,"continuity inference; endpoints only, not direct seasonal observation",C,,inferred_from_two_sources,,,,True,2017-18,2025-26,https://athleticdirectoru.com/articles/cash-is-king-in-intercollegiate-apparel-agreements/,https://web.archive.org/web/20251115235824/https://purduesports.com/,True,True,inferred_continuity
purdue,2021-22,Purdue,Nike,Nike,https://athleticdirectoru.com/articles/cash-is-king-in-intercollegiate-apparel-agreements/,N,Inferred between 2017-18 (A) and 2025-26 (B); same provider and no known intervening transition in reviewed evidence.,"continuity inference; endpoints only, not direct seasonal observation",C,,inferred_from_two_sources,,,,True,2017-18,2025-26,https://athleticdirectoru.com/articles/cash-is-king-in-intercollegiate-apparel-agreements/,https://web.archive.org/web/20251115235824/https://purduesports.com/,True,True,inferred_continuity
purdue,2022-23,Purdue,Nike,Nike,https://athleticdirectoru.com/articles/cash-is-king-in-intercollegiate-apparel-agreements/,N,Inferred between 2017-18 (A) and 2025-26 (B); same provider and no known intervening transition in reviewed evidence.,"continuity inference; endpoints only, not direct seasonal observation",C,,inferred_from_two_sources,,,,True,2017-18,2025-26,https://athleticdirectoru.com/articles/cash-is-king-in-intercollegiate-apparel-agreements/,https://web.archive.org/web/20251115235824/https://purduesports.com/,True,True,inferred_continuity
purdue,2023-24,Purdue,Nike,Nike,https://athleticdirectoru.com/articles/cash-is-king-in-intercollegiate-apparel-agreements/,N,Inferred between 2017-18 (A) and 2025-26 (B); same provider and no known intervening transition in reviewed evidence.,"continuity inference; endpoints only, not direct seasonal observation",C,,inferred_from_two_sources,,,,True,2017-18,2025-26,https://athleticdirectoru.com/articles/cash-is-king-in-intercollegiate-apparel-agreements/,https://web.archive.org/web/20251115235824/https://purduesports.com/,True,True,inferred_continuity
purdue,2024-25,Purdue,Nike,Nike,https://athleticdirectoru.com/articles/cash-is-king-in-intercollegiate-apparel-agreements/,N,Inferred between 2017-18 (A) and 2025-26 (B); same provider and no known intervening transition in reviewed evidence.,"continuity inference; endpoints only, not direct seasonal observation",C,,inferred_from_two_sources,,,,True,2017-18,2025-26,https://athleticdirectoru.com/articles/cash-is-king-in-intercollegiate-apparel-agreements/,https://web.archive.org/web/20251115235824/https://purduesports.com/,True,True,inferred_continuity
purdue,2025-26,Purdue,Nike,Nike,https://web.archive.org/web/20251115235824/https://purduesports.com/,Y,Nike identified in archived official athletics footer partner/sponsor section; Snapshot reviewed during research; follow the archive URL to inspect the original.,dated official evidence,B,tier_123,wayback_official_site,2025-11-15,https://web.archive.org/web/20251115235824/https://purduesports.com/,2025-11-15,True,,,,,False,True,dated_official_use
queens_n_c,2017-18,Queens (N.C.),,,,N,,,unknown,,,,,,False,,,,,False,False,outside_priority_scope
queens_n_c,2018-19,Queens (N.C.),,,,N,,,unknown,,,,,,False,,,,,False,False,outside_priority_scope
queens_n_c,2020-21,Queens (N.C.),,,,N,,,unknown,,,,,,False,,,,,False,False,outside_priority_scope
queens_n_c,2021-22,Queens (N.C.),,,,N,,,unknown,,,,,,False,,,,,False,False,outside_priority_scope
queens_n_c,2022-23,Queens (N.C.),,,,N,,,unknown,,,,,,False,,,,,False,False,outside_priority_scope
queens_n_c,2023-24,Queens (N.C.),,,,N,,,unknown,,,,,,False,,,,,False,False,outside_priority_scope
queens_n_c,2024-25,Queens (N.C.),,,,N,,,unknown,,,,,,False,,,,,False,False,outside_priority_scope
queens_n_c,2025-26,Queens (N.C.),,,,N,,,unknown,,,,,,False,,,,,False,False,outside_priority_scope
quinnipiac,2017-18,Quinnipiac,,,,N,,,unknown,,,,,,False,,,,,False,False,outside_priority_scope
quinnipiac,2018-19,Quinnipiac,,,,N,,,unknown,,,,,,False,,,,,False,False,outside_priority_scope
quinnipiac,2020-21,Quinnipiac,,,,N,,,unknown,,,,,,False,,,,,False,False,outside_priority_scope
quinnipiac,2021-22,Quinnipiac,,,,N,,,unknown,,,,,,False,,,,,False,False,outside_priority_scope
quinnipiac,2022-23,Quinnipiac,,,,N,,,unknown,,,,,,False,,,,,False,False,outside_priority_scope
quinnipiac,2023-24,Quinnipiac,,,,N,,,unknown,,,,,,False,,,,,False,False,outside_priority_scope
quinnipiac,2024-25,Quinnipiac,,,,N,,,unknown,,,,,,False,,,,,False,False,outside_priority_scope
quinnipiac,2025-26,Quinnipiac,,,,N,,,unknown,,,,,,False,,,,,False,False,outside_priority_scope
radford,2017-18,Radford,,,,N,,,unknown,,,,,,False,,,,,False,False,outside_priority_scope
radford,2018-19,Radford,,,,N,,,unknown,,,,,,False,,,,,False,False,outside_priority_scope
radford,2020-21,Radford,,,,N,,,unknown,,,,,,False,,,,,False,False,outside_priority_scope
radford,2021-22,Radford,,,,N,,,unknown,,,,,,False,,,,,False,False,outside_priority_scope
radford,2022-23,Radford,,,,N,,,unknown,,,,,,False,,,,,False,False,outside_priority_scope
radford,2023-24,Radford,,,,N,,,unknown,,,,,,False,,,,,False,False,outside_priority_scope
radford,2024-25,Radford,,,,N,,,unknown,,,,,,False,,,,,False,False,outside_priority_scope
radford,2025-26,Radford,,,,N,,,unknown,,,,,,False,,,,,False,False,outside_priority_scope
rhode_island,2017-18,Rhode Island,,,,N,,,unknown,,,,,,False,,,,,False,False,outside_priority_scope
rhode_island,2018-19,Rhode Island,,,,N,,,unknown,,,,,,False,,,,,False,False,outside_priority_scope
rhode_island,2020-21,Rhode Island,,,,N,,,unknown,,,,,,False,,,,,False,False,outside_priority_scope
rhode_island,2021-22,Rhode Island,,,,N,,,unknown,,,,,,False,,,,,False,False,outside_priority_scope
rhode_island,2022-23,Rhode Island,,,,N,,,unknown,,,,,,False,,,,,False,False,outside_priority_scope
rhode_island,2023-24,Rhode Island,,,,N,,,unknown,,,,,,False,,,,,False,False,outside_priority_scope
rhode_island,2024-25,Rhode Island,,,,N,,,unknown,,,,,,False,,,,,False,False,outside_priority_scope
rhode_island,2025-26,Rhode Island,,,,N,,,unknown,,,,,,False,,,,,False,False,outside_priority_scope
rice,2017-18,Rice,,,,N,,,unknown,,,,,,False,,,,,False,False,outside_priority_scope
rice,2018-19,Rice,,,,N,,,unknown,,,,,,False,,,,,False,False,outside_priority_scope
rice,2020-21,Rice,,,,N,,,unknown,,,,,,False,,,,,False,False,outside_priority_scope
rice,2021-22,Rice,,,,N,,,unknown,,,,,,False,,,,,False,False,outside_priority_scope
rice,2022-23,Rice,,,,N,,,unknown,,,,,,False,,,,,False,False,outside_priority_scope
rice,2023-24,Rice,,,,N,,,unknown,,,,,,False,,,,,False,False,outside_priority_scope
rice,2024-25,Rice,,,,N,,,unknown,,,,,,False,,,,,False,False,outside_priority_scope
rice,2025-26,Rice,,,,N,,,unknown,,,,,,False,,,,,False,False,outside_priority_scope
richmond,2017-18,Richmond,,,,N,,,unknown,,,,,,False,,,,,False,False,outside_priority_scope
richmond,2018-19,Richmond,,,,N,,,unknown,,,,,,False,,,,,False,False,outside_priority_scope
richmond,2020-21,Richmond,,,,N,,,unknown,,,,,,False,,,,,False,False,outside_priority_scope
richmond,2021-22,Richmond,,,,N,,,unknown,,,,,,False,,,,,False,False,outside_priority_scope
richmond,2022-23,Richmond,,,,N,,,unknown,,,,,,False,,,,,False,False,outside_priority_scope
richmond,2023-24,Richmond,,,,N,,,unknown,,,,,,False,,,,,False,False,outside_priority_scope
richmond,2024-25,Richmond,,,,N,,,unknown,,,,,,False,,,,,False,False,outside_priority_scope
richmond,2025-26,Richmond,,,,N,,,unknown,,,,,,False,,,,,False,False,outside_priority_scope
rider,2017-18,Rider,,,,N,,,unknown,,,,,,False,,,,,False,False,outside_priority_scope
rider,2018-19,Rider,,,,N,,,unknown,,,,,,False,,,,,False,False,outside_priority_scope
rider,2020-21,Rider,,,,N,,,unknown,,,,,,False,,,,,False,False,outside_priority_scope
rider,2021-22,Rider,,,,N,,,unknown,,,,,,False,,,,,False,False,outside_priority_scope
rider,2022-23,Rider,,,,N,,,unknown,,,,,,False,,,,,False,False,outside_priority_scope
rider,2023-24,Rider,,,,N,,,unknown,,,,,,False,,,,,False,False,outside_priority_scope
rider,2024-25,Rider,,,,N,,,unknown,,,,,,False,,,,,False,False,outside_priority_scope
rider,2025-26,Rider,,,,N,,,unknown,,,,,,False,,,,,False,False,outside_priority_scope
robert_morris,2017-18,Robert Morris,,,,N,,,unknown,,,,,,False,,,,,False,False,outside_priority_scope
robert_morris,2018-19,Robert Morris,,,,N,,,unknown,,,,,,False,,,,,False,False,outside_priority_scope
robert_morris,2020-21,Robert Morris,,,,N,,,unknown,,,,,,False,,,,,False,False,outside_priority_scope
robert_morris,2021-22,Robert Morris,,,,N,,,unknown,,,,,,False,,,,,False,False,outside_priority_scope
robert_morris,2022-23,Robert Morris,,,,N,,,unknown,,,,,,False,,,,,False,False,outside_priority_scope
robert_morris,2023-24,Robert Morris,,,,N,,,unknown,,,,,,False,,,,,False,False,outside_priority_scope
robert_morris,2024-25,Robert Morris,,,,N,,,unknown,,,,,,False,,,,,False,False,outside_priority_scope
robert_morris,2025-26,Robert Morris,,,,N,,,unknown,,,,,,False,,,,,False,False,outside_priority_scope
rutgers,2017-18,Rutgers,adidas,adidas,https://scarletknights.com/news/2017/2/13/Rutgers_Athletics_Announces_Partnership_with_adidas,Y,"All-school deal July 1, 2017 through 2023-24. Last extension year needs separate source.",official dated announcement,A,legacy_047,official_announcement,,,,True,,,,,False,True,direct_contract_evidence
rutgers,2018-19,Rutgers,adidas,adidas,https://scarletknights.com/news/2017/2/13/Rutgers_Athletics_Announces_Partnership_with_adidas,Y,"All-school deal July 1, 2017 through 2023-24. Last extension year needs separate source.",official dated announcement,A,legacy_047,official_announcement,,,,True,,,,,False,True,direct_contract_evidence
rutgers,2020-21,Rutgers,adidas,adidas,https://scarletknights.com/news/2017/2/13/Rutgers_Athletics_Announces_Partnership_with_adidas,Y,"All-school deal July 1, 2017 through 2023-24. Last extension year needs separate source.",official dated announcement,A,legacy_047,official_announcement,,,,True,,,,,False,True,direct_contract_evidence
rutgers,2021-22,Rutgers,adidas,adidas,https://scarletknights.com/news/2017/2/13/Rutgers_Athletics_Announces_Partnership_with_adidas,Y,"All-school deal July 1, 2017 through 2023-24. Last extension year needs separate source.",official dated announcement,A,legacy_047,official_announcement,,,,True,,,,,False,True,direct_contract_evidence
rutgers,2022-23,Rutgers,adidas,adidas,https://scarletknights.com/news/2017/2/13/Rutgers_Athletics_Announces_Partnership_with_adidas,Y,"All-school deal July 1, 2017 through 2023-24. Last extension year needs separate source.",official dated announcement,A,legacy_047,official_announcement,,,,True,,,,,False,True,direct_contract_evidence
rutgers,2023-24,Rutgers,adidas,adidas,https://scarletknights.com/news/2017/2/13/Rutgers_Athletics_Announces_Partnership_with_adidas,Y,"All-school deal July 1, 2017 through 2023-24. Last extension year needs separate source.",official dated announcement,A,legacy_047,official_announcement,,,,True,,,,,False,True,direct_contract_evidence
rutgers,2024-25,Rutgers,adidas,adidas,https://sports.yahoo.com/rutgers-approve-nike-athletics-apparel-200631396.html,Y,"December 2024 reporting confirms adidas tenure since July 2017, with Nike replacing it July 1, 2025.",syndicated newspaper reporting,A,legacy_082,secondary_contract_reporting,,,,True,,,,,False,True,direct_contract_evidence
rutgers,2025-26,Rutgers,Nike,Nike,https://scarletknights.com/news/2024/12/17/general-athletics-signs-apparel-partnership-with-nike-and-bsn-sports,Y,All 24 programs; agreement begins July 2025.,official announcement; study-window coverage only,A,legacy_002,official_announcement,,,,True,,,,,False,True,direct_contract_evidence
siu_edwardsville,2017-18,SIU Edwardsville,,,,N,,,unknown,,,,,,False,,,,,False,False,outside_priority_scope
siu_edwardsville,2018-19,SIU Edwardsville,,,,N,,,unknown,,,,,,False,,,,,False,False,outside_priority_scope
siu_edwardsville,2020-21,SIU Edwardsville,,,,N,,,unknown,,,,,,False,,,,,False,False,outside_priority_scope
siu_edwardsville,2021-22,SIU Edwardsville,,,,N,,,unknown,,,,,,False,,,,,False,False,outside_priority_scope
siu_edwardsville,2022-23,SIU Edwardsville,,,,N,,,unknown,,,,,,False,,,,,False,False,outside_priority_scope
siu_edwardsville,2023-24,SIU Edwardsville,,,,N,,,unknown,,,,,,False,,,,,False,False,outside_priority_scope
siu_edwardsville,2024-25,SIU Edwardsville,,,,N,,,unknown,,,,,,False,,,,,False,False,outside_priority_scope
siu_edwardsville,2025-26,SIU Edwardsville,,,,N,,,unknown,,,,,,False,,,,,False,False,outside_priority_scope
smu,2017-18,SMU,Nike,Nike,https://web.archive.org/web/20171001043446/http://smumustangs.com/,Y,Archived official athletics site displays brand in department footer or sponsor section. Archived Snapshot reviewed during research; follow the archive URL to inspect the original.,dated official evidence,B,tier_111,wayback_official_site,2017-10-01,https://web.archive.org/web/20171001043446/http://smumustangs.com/,2017-10-01,True,,,,,False,True,dated_official_use
smu,2018-19,SMU,Nike,Nike,https://web.archive.org/web/20171001043446/http://smumustangs.com/,N,Inferred between 2017-18 (B) and 2025-26 (B); same provider and no known intervening transition in reviewed evidence.,"continuity inference; endpoints only, not direct seasonal observation",C,,inferred_from_two_sources,,,,True,2017-18,2025-26,https://web.archive.org/web/20171001043446/http://smumustangs.com/,https://web.archive.org/web/20251001093455/https://smumustangs.com/,True,True,inferred_continuity
smu,2020-21,SMU,Nike,Nike,https://web.archive.org/web/20171001043446/http://smumustangs.com/,N,Inferred between 2017-18 (B) and 2025-26 (B); same provider and no known intervening transition in reviewed evidence.,"continuity inference; endpoints only, not direct seasonal observation",C,,inferred_from_two_sources,,,,True,2017-18,2025-26,https://web.archive.org/web/20171001043446/http://smumustangs.com/,https://web.archive.org/web/20251001093455/https://smumustangs.com/,True,True,inferred_continuity
smu,2021-22,SMU,Nike,Nike,https://web.archive.org/web/20171001043446/http://smumustangs.com/,N,Inferred between 2017-18 (B) and 2025-26 (B); same provider and no known intervening transition in reviewed evidence.,"continuity inference; endpoints only, not direct seasonal observation",C,,inferred_from_two_sources,,,,True,2017-18,2025-26,https://web.archive.org/web/20171001043446/http://smumustangs.com/,https://web.archive.org/web/20251001093455/https://smumustangs.com/,True,True,inferred_continuity
smu,2022-23,SMU,Nike,Nike,https://web.archive.org/web/20171001043446/http://smumustangs.com/,N,Inferred between 2017-18 (B) and 2025-26 (B); same provider and no known intervening transition in reviewed evidence.,"continuity inference; endpoints only, not direct seasonal observation",C,,inferred_from_two_sources,,,,True,2017-18,2025-26,https://web.archive.org/web/20171001043446/http://smumustangs.com/,https://web.archive.org/web/20251001093455/https://smumustangs.com/,True,True,inferred_continuity
smu,2023-24,SMU,Nike,Nike,https://web.archive.org/web/20171001043446/http://smumustangs.com/,N,Inferred between 2017-18 (B) and 2025-26 (B); same provider and no known intervening transition in reviewed evidence.,"continuity inference; endpoints only, not direct seasonal observation",C,,inferred_from_two_sources,,,,True,2017-18,2025-26,https://web.archive.org/web/20171001043446/http://smumustangs.com/,https://web.archive.org/web/20251001093455/https://smumustangs.com/,True,True,inferred_continuity
smu,2024-25,SMU,Nike,Nike,https://web.archive.org/web/20171001043446/http://smumustangs.com/,N,Inferred between 2017-18 (B) and 2025-26 (B); same provider and no known intervening transition in reviewed evidence.,"continuity inference; endpoints only, not direct seasonal observation",C,,inferred_from_two_sources,,,,True,2017-18,2025-26,https://web.archive.org/web/20171001043446/http://smumustangs.com/,https://web.archive.org/web/20251001093455/https://smumustangs.com/,True,True,inferred_continuity
smu,2025-26,SMU,Nike,Nike,https://web.archive.org/web/20251001093455/https://smumustangs.com/,Y,Archived official athletics site displays brand in department footer or sponsor section. Archived Snapshot reviewed during research; follow the archive URL to inspect the original.,dated official evidence,B,tier_105,wayback_official_site,2025-10-01,https://web.archive.org/web/20251001093455/https://smumustangs.com/,2025-10-01,True,,,,,False,True,dated_official_use
sacramento_state,2017-18,Sacramento State,,,,N,,,unknown,,,,,,False,,,,,False,False,outside_priority_scope
sacramento_state,2018-19,Sacramento State,,,,N,,,unknown,,,,,,False,,,,,False,False,outside_priority_scope
sacramento_state,2020-21,Sacramento State,,,,N,,,unknown,,,,,,False,,,,,False,False,outside_priority_scope
sacramento_state,2021-22,Sacramento State,,,,N,,,unknown,,,,,,False,,,,,False,False,outside_priority_scope
sacramento_state,2022-23,Sacramento State,,,,N,,,unknown,,,,,,False,,,,,False,False,outside_priority_scope
sacramento_state,2023-24,Sacramento State,,,,N,,,unknown,,,,,,False,,,,,False,False,outside_priority_scope
sacramento_state,2024-25,Sacramento State,,,,N,,,unknown,,,,,,False,,,,,False,False,outside_priority_scope
sacramento_state,2025-26,Sacramento State,,,,N,,,unknown,,,,,,False,,,,,False,False,outside_priority_scope
sacred_heart,2017-18,Sacred Heart,,,,N,,,unknown,,,,,,False,,,,,False,False,outside_priority_scope
sacred_heart,2018-19,Sacred Heart,,,,N,,,unknown,,,,,,False,,,,,False,False,outside_priority_scope
sacred_heart,2020-21,Sacred Heart,,,,N,,,unknown,,,,,,False,,,,,False,False,outside_priority_scope
sacred_heart,2021-22,Sacred Heart,,,,N,,,unknown,,,,,,False,,,,,False,False,outside_priority_scope
sacred_heart,2022-23,Sacred Heart,,,,N,,,unknown,,,,,,False,,,,,False,False,outside_priority_scope
sacred_heart,2023-24,Sacred Heart,,,,N,,,unknown,,,,,,False,,,,,False,False,outside_priority_scope
sacred_heart,2024-25,Sacred Heart,,,,N,,,unknown,,,,,,False,,,,,False,False,outside_priority_scope
sacred_heart,2025-26,Sacred Heart,,,,N,,,unknown,,,,,,False,,,,,False,False,outside_priority_scope
saint_francis_pa,2017-18,Saint Francis (PA),,,,N,,,unknown,,,,,,False,,,,,False,False,outside_priority_scope
saint_francis_pa,2018-19,Saint Francis (PA),,,,N,,,unknown,,,,,,False,,,,,False,False,outside_priority_scope
saint_francis_pa,2020-21,Saint Francis (PA),,,,N,,,unknown,,,,,,False,,,,,False,False,outside_priority_scope
saint_francis_pa,2021-22,Saint Francis (PA),,,,N,,,unknown,,,,,,False,,,,,False,False,outside_priority_scope
saint_francis_pa,2022-23,Saint Francis (PA),,,,N,,,unknown,,,,,,False,,,,,False,False,outside_priority_scope
saint_francis_pa,2023-24,Saint Francis (PA),,,,N,,,unknown,,,,,,False,,,,,False,False,outside_priority_scope
saint_francis_pa,2024-25,Saint Francis (PA),,,,N,,,unknown,,,,,,False,,,,,False,False,outside_priority_scope
saint_francis_pa,2025-26,Saint Francis (PA),,,,N,,,unknown,,,,,,False,,,,,False,False,outside_priority_scope
saint_joseph_s,2017-18,Saint Joseph's,,,,N,,,unknown,,,,,,False,,,,,False,False,outside_priority_scope
saint_joseph_s,2018-19,Saint Joseph's,,,,N,,,unknown,,,,,,False,,,,,False,False,outside_priority_scope
saint_joseph_s,2020-21,Saint Joseph's,,,,N,,,unknown,,,,,,False,,,,,False,False,outside_priority_scope
saint_joseph_s,2021-22,Saint Joseph's,,,,N,,,unknown,,,,,,False,,,,,False,False,outside_priority_scope
saint_joseph_s,2022-23,Saint Joseph's,,,,N,,,unknown,,,,,,False,,,,,False,False,outside_priority_scope
saint_joseph_s,2023-24,Saint Joseph's,,,,N,,,unknown,,,,,,False,,,,,False,False,outside_priority_scope
saint_joseph_s,2024-25,Saint Joseph's,,,,N,,,unknown,,,,,,False,,,,,False,False,outside_priority_scope
saint_joseph_s,2025-26,Saint Joseph's,,,,N,,,unknown,,,,,,False,,,,,False,False,outside_priority_scope
saint_louis,2017-18,Saint Louis,,,,N,,,unknown,,,,,,False,,,,,False,False,outside_priority_scope
saint_louis,2018-19,Saint Louis,,,,N,,,unknown,,,,,,False,,,,,False,False,outside_priority_scope
saint_louis,2020-21,Saint Louis,,,,N,,,unknown,,,,,,False,,,,,False,False,outside_priority_scope
saint_louis,2021-22,Saint Louis,,,,N,,,unknown,,,,,,False,,,,,False,False,outside_priority_scope
saint_louis,2022-23,Saint Louis,,,,N,,,unknown,,,,,,False,,,,,False,False,outside_priority_scope
saint_louis,2023-24,Saint Louis,,,,N,,,unknown,,,,,,False,,,,,False,False,outside_priority_scope
saint_louis,2024-25,Saint Louis,,,,N,,,unknown,,,,,,False,,,,,False,False,outside_priority_scope
saint_louis,2025-26,Saint Louis,,,,N,,,unknown,,,,,,False,,,,,False,False,outside_priority_scope
saint_mary_s_ca,2017-18,Saint Mary's (CA),,,,N,,,unknown,,,,,,False,,,,,False,False,outside_priority_scope
saint_mary_s_ca,2018-19,Saint Mary's (CA),,,,N,,,unknown,,,,,,False,,,,,False,False,outside_priority_scope
saint_mary_s_ca,2020-21,Saint Mary's (CA),,,,N,,,unknown,,,,,,False,,,,,False,False,outside_priority_scope
saint_mary_s_ca,2021-22,Saint Mary's (CA),,,,N,,,unknown,,,,,,False,,,,,False,False,outside_priority_scope
saint_mary_s_ca,2022-23,Saint Mary's (CA),,,,N,,,unknown,,,,,,False,,,,,False,False,outside_priority_scope
saint_mary_s_ca,2023-24,Saint Mary's (CA),,,,N,,,unknown,,,,,,False,,,,,False,False,outside_priority_scope
saint_mary_s_ca,2024-25,Saint Mary's (CA),,,,N,,,unknown,,,,,,False,,,,,False,False,outside_priority_scope
saint_mary_s_ca,2025-26,Saint Mary's (CA),,,,N,,,unknown,,,,,,False,,,,,False,False,outside_priority_scope
saint_peter_s,2017-18,Saint Peter's,,,,N,,,unknown,,,,,,False,,,,,False,False,outside_priority_scope
saint_peter_s,2018-19,Saint Peter's,,,,N,,,unknown,,,,,,False,,,,,False,False,outside_priority_scope
saint_peter_s,2020-21,Saint Peter's,,,,N,,,unknown,,,,,,False,,,,,False,False,outside_priority_scope
saint_peter_s,2021-22,Saint Peter's,,,,N,,,unknown,,,,,,False,,,,,False,False,outside_priority_scope
saint_peter_s,2022-23,Saint Peter's,,,,N,,,unknown,,,,,,False,,,,,False,False,outside_priority_scope
saint_peter_s,2023-24,Saint Peter's,,,,N,,,unknown,,,,,,False,,,,,False,False,outside_priority_scope
saint_peter_s,2024-25,Saint Peter's,,,,N,,,unknown,,,,,,False,,,,,False,False,outside_priority_scope
saint_peter_s,2025-26,Saint Peter's,,,,N,,,unknown,,,,,,False,,,,,False,False,outside_priority_scope
sam_houston_state,2017-18,Sam Houston State,,,,N,,,unknown,,,,,,False,,,,,False,False,outside_priority_scope
sam_houston_state,2018-19,Sam Houston State,,,,N,,,unknown,,,,,,False,,,,,False,False,outside_priority_scope
sam_houston_state,2020-21,Sam Houston State,,,,N,,,unknown,,,,,,False,,,,,False,False,outside_priority_scope
sam_houston_state,2021-22,Sam Houston State,,,,N,,,unknown,,,,,,False,,,,,False,False,outside_priority_scope
sam_houston_state,2022-23,Sam Houston State,,,,N,,,unknown,,,,,,False,,,,,False,False,outside_priority_scope
sam_houston_state,2023-24,Sam Houston State,,,,N,,,unknown,,,,,,False,,,,,False,False,outside_priority_scope
sam_houston_state,2024-25,Sam Houston State,,,,N,,,unknown,,,,,,False,,,,,False,False,outside_priority_scope
sam_houston_state,2025-26,Sam Houston State,,,,N,,,unknown,,,,,,False,,,,,False,False,outside_priority_scope
samford,2017-18,Samford,,,,N,,,unknown,,,,,,False,,,,,False,False,outside_priority_scope
samford,2018-19,Samford,,,,N,,,unknown,,,,,,False,,,,,False,False,outside_priority_scope
samford,2020-21,Samford,,,,N,,,unknown,,,,,,False,,,,,False,False,outside_priority_scope
samford,2021-22,Samford,,,,N,,,unknown,,,,,,False,,,,,False,False,outside_priority_scope
samford,2022-23,Samford,,,,N,,,unknown,,,,,,False,,,,,False,False,outside_priority_scope
samford,2023-24,Samford,,,,N,,,unknown,,,,,,False,,,,,False,False,outside_priority_scope
samford,2024-25,Samford,,,,N,,,unknown,,,,,,False,,,,,False,False,outside_priority_scope
samford,2025-26,Samford,,,,N,,,unknown,,,,,,False,,,,,False,False,outside_priority_scope
san_diego,2017-18,San Diego,,,,N,,,unknown,,,,,,False,,,,,False,False,outside_priority_scope
san_diego,2018-19,San Diego,,,,N,,,unknown,,,,,,False,,,,,False,False,outside_priority_scope
san_diego,2020-21,San Diego,,,,N,,,unknown,,,,,,False,,,,,False,False,outside_priority_scope
san_diego,2021-22,San Diego,,,,N,,,unknown,,,,,,False,,,,,False,False,outside_priority_scope
san_diego,2022-23,San Diego,,,,N,,,unknown,,,,,,False,,,,,False,False,outside_priority_scope
san_diego,2023-24,San Diego,,,,N,,,unknown,,,,,,False,,,,,False,False,outside_priority_scope
san_diego,2024-25,San Diego,,,,N,,,unknown,,,,,,False,,,,,False,False,outside_priority_scope
san_diego,2025-26,San Diego,,,,N,,,unknown,,,,,,False,,,,,False,False,outside_priority_scope
san_diego_state,2017-18,San Diego State,,,,N,,,unknown,,,,,,False,,,,,False,False,outside_priority_scope
san_diego_state,2018-19,San Diego State,,,,N,,,unknown,,,,,,False,,,,,False,False,outside_priority_scope
san_diego_state,2020-21,San Diego State,,,,N,,,unknown,,,,,,False,,,,,False,False,outside_priority_scope
san_diego_state,2021-22,San Diego State,,,,N,,,unknown,,,,,,False,,,,,False,False,outside_priority_scope
san_diego_state,2022-23,San Diego State,,,,N,,,unknown,,,,,,False,,,,,False,False,outside_priority_scope
san_diego_state,2023-24,San Diego State,,,,N,,,unknown,,,,,,False,,,,,False,False,outside_priority_scope
san_diego_state,2024-25,San Diego State,,,,N,,,unknown,,,,,,False,,,,,False,False,outside_priority_scope
san_diego_state,2025-26,San Diego State,,,,N,,,unknown,,,,,,False,,,,,False,False,outside_priority_scope
san_francisco,2017-18,San Francisco,,,,N,,,unknown,,,,,,False,,,,,False,False,outside_priority_scope
san_francisco,2018-19,San Francisco,,,,N,,,unknown,,,,,,False,,,,,False,False,outside_priority_scope
san_francisco,2020-21,San Francisco,,,,N,,,unknown,,,,,,False,,,,,False,False,outside_priority_scope
san_francisco,2021-22,San Francisco,,,,N,,,unknown,,,,,,False,,,,,False,False,outside_priority_scope
san_francisco,2022-23,San Francisco,,,,N,,,unknown,,,,,,False,,,,,False,False,outside_priority_scope
san_francisco,2023-24,San Francisco,,,,N,,,unknown,,,,,,False,,,,,False,False,outside_priority_scope
san_francisco,2024-25,San Francisco,,,,N,,,unknown,,,,,,False,,,,,False,False,outside_priority_scope
san_francisco,2025-26,San Francisco,,,,N,,,unknown,,,,,,False,,,,,False,False,outside_priority_scope
san_jose_state,2017-18,San Jose State,,,,N,,,unknown,,,,,,False,,,,,False,False,outside_priority_scope
san_jose_state,2018-19,San Jose State,,,,N,,,unknown,,,,,,False,,,,,False,False,outside_priority_scope
san_jose_state,2020-21,San Jose State,,,,N,,,unknown,,,,,,False,,,,,False,False,outside_priority_scope
san_jose_state,2021-22,San Jose State,,,,N,,,unknown,,,,,,False,,,,,False,False,outside_priority_scope
san_jose_state,2022-23,San Jose State,,,,N,,,unknown,,,,,,False,,,,,False,False,outside_priority_scope
san_jose_state,2023-24,San Jose State,,,,N,,,unknown,,,,,,False,,,,,False,False,outside_priority_scope
san_jose_state,2024-25,San Jose State,,,,N,,,unknown,,,,,,False,,,,,False,False,outside_priority_scope
san_jose_state,2025-26,San Jose State,,,,N,,,unknown,,,,,,False,,,,,False,False,outside_priority_scope
santa_clara,2017-18,Santa Clara,,,,N,,,unknown,,,,,,False,,,,,False,False,outside_priority_scope
santa_clara,2018-19,Santa Clara,,,,N,,,unknown,,,,,,False,,,,,False,False,outside_priority_scope
santa_clara,2020-21,Santa Clara,,,,N,,,unknown,,,,,,False,,,,,False,False,outside_priority_scope
santa_clara,2021-22,Santa Clara,,,,N,,,unknown,,,,,,False,,,,,False,False,outside_priority_scope
santa_clara,2022-23,Santa Clara,,,,N,,,unknown,,,,,,False,,,,,False,False,outside_priority_scope
santa_clara,2023-24,Santa Clara,,,,N,,,unknown,,,,,,False,,,,,False,False,outside_priority_scope
santa_clara,2024-25,Santa Clara,,,,N,,,unknown,,,,,,False,,,,,False,False,outside_priority_scope
santa_clara,2025-26,Santa Clara,,,,N,,,unknown,,,,,,False,,,,,False,False,outside_priority_scope
seattle,2017-18,Seattle,,,,N,,,unknown,,,,,,False,,,,,False,False,outside_priority_scope
seattle,2018-19,Seattle,,,,N,,,unknown,,,,,,False,,,,,False,False,outside_priority_scope
seattle,2020-21,Seattle,,,,N,,,unknown,,,,,,False,,,,,False,False,outside_priority_scope
seattle,2021-22,Seattle,,,,N,,,unknown,,,,,,False,,,,,False,False,outside_priority_scope
seattle,2022-23,Seattle,,,,N,,,unknown,,,,,,False,,,,,False,False,outside_priority_scope
seattle,2023-24,Seattle,,,,N,,,unknown,,,,,,False,,,,,False,False,outside_priority_scope
seattle,2024-25,Seattle,,,,N,,,unknown,,,,,,False,,,,,False,False,outside_priority_scope
seattle,2025-26,Seattle,,,,N,,,unknown,,,,,,False,,,,,False,False,outside_priority_scope
seton_hall,2017-18,Seton Hall,,,,N,,,unknown,,,,,,False,,,,,False,False,outside_priority_scope
seton_hall,2018-19,Seton Hall,,,,N,,,unknown,,,,,,False,,,,,False,False,outside_priority_scope
seton_hall,2020-21,Seton Hall,,,,N,,,unknown,,,,,,False,,,,,False,False,outside_priority_scope
seton_hall,2021-22,Seton Hall,,,,N,,,unknown,,,,,,False,,,,,False,False,outside_priority_scope
seton_hall,2022-23,Seton Hall,,,,N,,,unknown,,,,,,False,,,,,False,False,outside_priority_scope
seton_hall,2023-24,Seton Hall,,,,N,,,unknown,,,,,,False,,,,,False,False,outside_priority_scope
seton_hall,2024-25,Seton Hall,,,,N,,,unknown,,,,,,False,,,,,False,False,outside_priority_scope
seton_hall,2025-26,Seton Hall,,,,N,,,unknown,,,,,,False,,,,,False,False,outside_priority_scope
siena,2017-18,Siena,,,,N,,,unknown,,,,,,False,,,,,False,False,outside_priority_scope
siena,2018-19,Siena,,,,N,,,unknown,,,,,,False,,,,,False,False,outside_priority_scope
siena,2020-21,Siena,,,,N,,,unknown,,,,,,False,,,,,False,False,outside_priority_scope
siena,2021-22,Siena,,,,N,,,unknown,,,,,,False,,,,,False,False,outside_priority_scope
siena,2022-23,Siena,,,,N,,,unknown,,,,,,False,,,,,False,False,outside_priority_scope
siena,2023-24,Siena,,,,N,,,unknown,,,,,,False,,,,,False,False,outside_priority_scope
siena,2024-25,Siena,,,,N,,,unknown,,,,,,False,,,,,False,False,outside_priority_scope
siena,2025-26,Siena,,,,N,,,unknown,,,,,,False,,,,,False,False,outside_priority_scope
south_alabama,2017-18,South Alabama,,,,N,,,unknown,,,,,,False,,,,,False,False,outside_priority_scope
south_alabama,2018-19,South Alabama,,,,N,,,unknown,,,,,,False,,,,,False,False,outside_priority_scope
south_alabama,2020-21,South Alabama,,,,N,,,unknown,,,,,,False,,,,,False,False,outside_priority_scope
south_alabama,2021-22,South Alabama,,,,N,,,unknown,,,,,,False,,,,,False,False,outside_priority_scope
south_alabama,2022-23,South Alabama,,,,N,,,unknown,,,,,,False,,,,,False,False,outside_priority_scope
south_alabama,2023-24,South Alabama,,,,N,,,unknown,,,,,,False,,,,,False,False,outside_priority_scope
south_alabama,2024-25,South Alabama,,,,N,,,unknown,,,,,,False,,,,,False,False,outside_priority_scope
south_alabama,2025-26,South Alabama,,,,N,,,unknown,,,,,,False,,,,,False,False,outside_priority_scope
south_carolina,2017-18,South Carolina,Under Armour,Under Armour,https://www.sc.edu/uofsc/posts/2025/08/board-of-trustees-briefs-august-2025.php,Y,"University confirms department-wide UA history since 2011-12; replacement Nike contract starts July 1, 2026.",official retrospective and transition,A,legacy_055,official_announcement,,,,True,,,,,False,True,direct_contract_evidence
south_carolina,2018-19,South Carolina,Under Armour,Under Armour,https://www.sc.edu/uofsc/posts/2025/08/board-of-trustees-briefs-august-2025.php,Y,"University confirms department-wide UA history since 2011-12; replacement Nike contract starts July 1, 2026.",official retrospective and transition,A,legacy_055,official_announcement,,,,True,,,,,False,True,direct_contract_evidence
south_carolina,2020-21,South Carolina,Under Armour,Under Armour,https://www.sc.edu/uofsc/posts/2025/08/board-of-trustees-briefs-august-2025.php,Y,"University confirms department-wide UA history since 2011-12; replacement Nike contract starts July 1, 2026.",official retrospective and transition,A,legacy_055,official_announcement,,,,True,,,,,False,True,direct_contract_evidence
south_carolina,2021-22,South Carolina,Under Armour,Under Armour,https://www.sc.edu/uofsc/posts/2025/08/board-of-trustees-briefs-august-2025.php,Y,"University confirms department-wide UA history since 2011-12; replacement Nike contract starts July 1, 2026.",official retrospective and transition,A,legacy_055,official_announcement,,,,True,,,,,False,True,direct_contract_evidence
south_carolina,2022-23,South Carolina,Under Armour,Under Armour,https://www.sc.edu/uofsc/posts/2025/08/board-of-trustees-briefs-august-2025.php,Y,"University confirms department-wide UA history since 2011-12; replacement Nike contract starts July 1, 2026.",official retrospective and transition,A,legacy_055,official_announcement,,,,True,,,,,False,True,direct_contract_evidence
south_carolina,2023-24,South Carolina,Under Armour,Under Armour,https://www.sc.edu/uofsc/posts/2025/08/board-of-trustees-briefs-august-2025.php,Y,"University confirms department-wide UA history since 2011-12; replacement Nike contract starts July 1, 2026.",official retrospective and transition,A,legacy_055,official_announcement,,,,True,,,,,False,True,direct_contract_evidence
south_carolina,2024-25,South Carolina,Under Armour,Under Armour,https://www.sc.edu/uofsc/posts/2025/08/board-of-trustees-briefs-august-2025.php,Y,"University confirms department-wide UA history since 2011-12; replacement Nike contract starts July 1, 2026.",official retrospective and transition,A,legacy_055,official_announcement,,,,True,,,,,False,True,direct_contract_evidence
south_carolina,2025-26,South Carolina,Under Armour,Under Armour,https://www.sc.edu/uofsc/posts/2025/08/board-of-trustees-briefs-august-2025.php,Y,"University confirms department-wide UA history since 2011-12; replacement Nike contract starts July 1, 2026.",official retrospective and transition,A,legacy_055,official_announcement,,,,True,,,,,False,True,direct_contract_evidence
south_carolina_state,2017-18,South Carolina State,,,,N,,,unknown,,,,,,False,,,,,False,False,outside_priority_scope
south_carolina_state,2018-19,South Carolina State,,,,N,,,unknown,,,,,,False,,,,,False,False,outside_priority_scope
south_carolina_state,2020-21,South Carolina State,,,,N,,,unknown,,,,,,False,,,,,False,False,outside_priority_scope
south_carolina_state,2021-22,South Carolina State,,,,N,,,unknown,,,,,,False,,,,,False,False,outside_priority_scope
south_carolina_state,2022-23,South Carolina State,,,,N,,,unknown,,,,,,False,,,,,False,False,outside_priority_scope
south_carolina_state,2023-24,South Carolina State,,,,N,,,unknown,,,,,,False,,,,,False,False,outside_priority_scope
south_carolina_state,2024-25,South Carolina State,,,,N,,,unknown,,,,,,False,,,,,False,False,outside_priority_scope
south_carolina_state,2025-26,South Carolina State,,,,N,,,unknown,,,,,,False,,,,,False,False,outside_priority_scope
south_carolina_upstate,2017-18,South Carolina Upstate,,,,N,,,unknown,,,,,,False,,,,,False,False,outside_priority_scope
south_carolina_upstate,2018-19,South Carolina Upstate,,,,N,,,unknown,,,,,,False,,,,,False,False,outside_priority_scope
south_carolina_upstate,2020-21,South Carolina Upstate,,,,N,,,unknown,,,,,,False,,,,,False,False,outside_priority_scope
south_carolina_upstate,2021-22,South Carolina Upstate,,,,N,,,unknown,,,,,,False,,,,,False,False,outside_priority_scope
south_carolina_upstate,2022-23,South Carolina Upstate,,,,N,,,unknown,,,,,,False,,,,,False,False,outside_priority_scope
south_carolina_upstate,2023-24,South Carolina Upstate,,,,N,,,unknown,,,,,,False,,,,,False,False,outside_priority_scope
south_carolina_upstate,2024-25,South Carolina Upstate,,,,N,,,unknown,,,,,,False,,,,,False,False,outside_priority_scope
south_carolina_upstate,2025-26,South Carolina Upstate,,,,N,,,unknown,,,,,,False,,,,,False,False,outside_priority_scope
south_dakota,2017-18,South Dakota,,,,N,,,unknown,,,,,,False,,,,,False,False,outside_priority_scope
south_dakota,2018-19,South Dakota,,,,N,,,unknown,,,,,,False,,,,,False,False,outside_priority_scope
south_dakota,2020-21,South Dakota,,,,N,,,unknown,,,,,,False,,,,,False,False,outside_priority_scope
south_dakota,2021-22,South Dakota,,,,N,,,unknown,,,,,,False,,,,,False,False,outside_priority_scope
south_dakota,2022-23,South Dakota,,,,N,,,unknown,,,,,,False,,,,,False,False,outside_priority_scope
south_dakota,2023-24,South Dakota,,,,N,,,unknown,,,,,,False,,,,,False,False,outside_priority_scope
south_dakota,2024-25,South Dakota,,,,N,,,unknown,,,,,,False,,,,,False,False,outside_priority_scope
south_dakota,2025-26,South Dakota,,,,N,,,unknown,,,,,,False,,,,,False,False,outside_priority_scope
south_dakota_state,2017-18,South Dakota State,,,,N,,,unknown,,,,,,False,,,,,False,False,outside_priority_scope
south_dakota_state,2018-19,South Dakota State,,,,N,,,unknown,,,,,,False,,,,,False,False,outside_priority_scope
south_dakota_state,2020-21,South Dakota State,,,,N,,,unknown,,,,,,False,,,,,False,False,outside_priority_scope
south_dakota_state,2021-22,South Dakota State,,,,N,,,unknown,,,,,,False,,,,,False,False,outside_priority_scope
south_dakota_state,2022-23,South Dakota State,,,,N,,,unknown,,,,,,False,,,,,False,False,outside_priority_scope
south_dakota_state,2023-24,South Dakota State,,,,N,,,unknown,,,,,,False,,,,,False,False,outside_priority_scope
south_dakota_state,2024-25,South Dakota State,,,,N,,,unknown,,,,,,False,,,,,False,False,outside_priority_scope
south_dakota_state,2025-26,South Dakota State,,,,N,,,unknown,,,,,,False,,,,,False,False,outside_priority_scope
south_florida,2017-18,South Florida,,,,N,,,unknown,,,,,,False,,,,,False,False,outside_priority_scope
south_florida,2018-19,South Florida,,,,N,,,unknown,,,,,,False,,,,,False,False,outside_priority_scope
south_florida,2020-21,South Florida,,,,N,,,unknown,,,,,,False,,,,,False,False,outside_priority_scope
south_florida,2021-22,South Florida,,,,N,,,unknown,,,,,,False,,,,,False,False,outside_priority_scope
south_florida,2022-23,South Florida,,,,N,,,unknown,,,,,,False,,,,,False,False,outside_priority_scope
south_florida,2023-24,South Florida,,,,N,,,unknown,,,,,,False,,,,,False,False,outside_priority_scope
south_florida,2024-25,South Florida,,,,N,,,unknown,,,,,,False,,,,,False,False,outside_priority_scope
south_florida,2025-26,South Florida,,,,N,,,unknown,,,,,,False,,,,,False,False,outside_priority_scope
southeast_missouri_state,2017-18,Southeast Missouri State,,,,N,,,unknown,,,,,,False,,,,,False,False,outside_priority_scope
southeast_missouri_state,2018-19,Southeast Missouri State,,,,N,,,unknown,,,,,,False,,,,,False,False,outside_priority_scope
southeast_missouri_state,2020-21,Southeast Missouri State,,,,N,,,unknown,,,,,,False,,,,,False,False,outside_priority_scope
southeast_missouri_state,2021-22,Southeast Missouri State,,,,N,,,unknown,,,,,,False,,,,,False,False,outside_priority_scope
southeast_missouri_state,2022-23,Southeast Missouri State,,,,N,,,unknown,,,,,,False,,,,,False,False,outside_priority_scope
southeast_missouri_state,2023-24,Southeast Missouri State,,,,N,,,unknown,,,,,,False,,,,,False,False,outside_priority_scope
southeast_missouri_state,2024-25,Southeast Missouri State,,,,N,,,unknown,,,,,,False,,,,,False,False,outside_priority_scope
southeast_missouri_state,2025-26,Southeast Missouri State,,,,N,,,unknown,,,,,,False,,,,,False,False,outside_priority_scope
southeastern_louisiana,2017-18,Southeastern Louisiana,,,,N,,,unknown,,,,,,False,,,,,False,False,outside_priority_scope
southeastern_louisiana,2018-19,Southeastern Louisiana,,,,N,,,unknown,,,,,,False,,,,,False,False,outside_priority_scope
southeastern_louisiana,2020-21,Southeastern Louisiana,,,,N,,,unknown,,,,,,False,,,,,False,False,outside_priority_scope
southeastern_louisiana,2021-22,Southeastern Louisiana,,,,N,,,unknown,,,,,,False,,,,,False,False,outside_priority_scope
southeastern_louisiana,2022-23,Southeastern Louisiana,,,,N,,,unknown,,,,,,False,,,,,False,False,outside_priority_scope
southeastern_louisiana,2023-24,Southeastern Louisiana,,,,N,,,unknown,,,,,,False,,,,,False,False,outside_priority_scope
southeastern_louisiana,2024-25,Southeastern Louisiana,,,,N,,,unknown,,,,,,False,,,,,False,False,outside_priority_scope
southeastern_louisiana,2025-26,Southeastern Louisiana,,,,N,,,unknown,,,,,,False,,,,,False,False,outside_priority_scope
southern,2017-18,Southern,,,,N,,,unknown,,,,,,False,,,,,False,False,outside_priority_scope
southern,2018-19,Southern,,,,N,,,unknown,,,,,,False,,,,,False,False,outside_priority_scope
southern,2020-21,Southern,,,,N,,,unknown,,,,,,False,,,,,False,False,outside_priority_scope
southern,2021-22,Southern,,,,N,,,unknown,,,,,,False,,,,,False,False,outside_priority_scope
southern,2022-23,Southern,,,,N,,,unknown,,,,,,False,,,,,False,False,outside_priority_scope
southern,2023-24,Southern,,,,N,,,unknown,,,,,,False,,,,,False,False,outside_priority_scope
southern,2024-25,Southern,,,,N,,,unknown,,,,,,False,,,,,False,False,outside_priority_scope
southern,2025-26,Southern,,,,N,,,unknown,,,,,,False,,,,,False,False,outside_priority_scope
southern_illinois,2017-18,Southern Illinois,,,,N,,,unknown,,,,,,False,,,,,False,False,outside_priority_scope
southern_illinois,2018-19,Southern Illinois,,,,N,,,unknown,,,,,,False,,,,,False,False,outside_priority_scope
southern_illinois,2020-21,Southern Illinois,,,,N,,,unknown,,,,,,False,,,,,False,False,outside_priority_scope
southern_illinois,2021-22,Southern Illinois,,,,N,,,unknown,,,,,,False,,,,,False,False,outside_priority_scope
southern_illinois,2022-23,Southern Illinois,,,,N,,,unknown,,,,,,False,,,,,False,False,outside_priority_scope
southern_illinois,2023-24,Southern Illinois,,,,N,,,unknown,,,,,,False,,,,,False,False,outside_priority_scope
southern_illinois,2024-25,Southern Illinois,,,,N,,,unknown,,,,,,False,,,,,False,False,outside_priority_scope
southern_illinois,2025-26,Southern Illinois,,,,N,,,unknown,,,,,,False,,,,,False,False,outside_priority_scope
southern_mississippi,2017-18,Southern Mississippi,,,,N,,,unknown,,,,,,False,,,,,False,False,outside_priority_scope
southern_mississippi,2018-19,Southern Mississippi,,,,N,,,unknown,,,,,,False,,,,,False,False,outside_priority_scope
southern_mississippi,2020-21,Southern Mississippi,,,,N,,,unknown,,,,,,False,,,,,False,False,outside_priority_scope
southern_mississippi,2021-22,Southern Mississippi,,,,N,,,unknown,,,,,,False,,,,,False,False,outside_priority_scope
southern_mississippi,2022-23,Southern Mississippi,,,,N,,,unknown,,,,,,False,,,,,False,False,outside_priority_scope
southern_mississippi,2023-24,Southern Mississippi,,,,N,,,unknown,,,,,,False,,,,,False,False,outside_priority_scope
southern_mississippi,2024-25,Southern Mississippi,,,,N,,,unknown,,,,,,False,,,,,False,False,outside_priority_scope
southern_mississippi,2025-26,Southern Mississippi,,,,N,,,unknown,,,,,,False,,,,,False,False,outside_priority_scope
southern_utah,2017-18,Southern Utah,,,,N,,,unknown,,,,,,False,,,,,False,False,outside_priority_scope
southern_utah,2018-19,Southern Utah,,,,N,,,unknown,,,,,,False,,,,,False,False,outside_priority_scope
southern_utah,2020-21,Southern Utah,,,,N,,,unknown,,,,,,False,,,,,False,False,outside_priority_scope
southern_utah,2021-22,Southern Utah,,,,N,,,unknown,,,,,,False,,,,,False,False,outside_priority_scope
southern_utah,2022-23,Southern Utah,,,,N,,,unknown,,,,,,False,,,,,False,False,outside_priority_scope
southern_utah,2023-24,Southern Utah,,,,N,,,unknown,,,,,,False,,,,,False,False,outside_priority_scope
southern_utah,2024-25,Southern Utah,,,,N,,,unknown,,,,,,False,,,,,False,False,outside_priority_scope
southern_utah,2025-26,Southern Utah,,,,N,,,unknown,,,,,,False,,,,,False,False,outside_priority_scope
st_bonaventure,2017-18,St. Bonaventure,,,,N,,,unknown,,,,,,False,,,,,False,False,outside_priority_scope
st_bonaventure,2018-19,St. Bonaventure,,,,N,,,unknown,,,,,,False,,,,,False,False,outside_priority_scope
st_bonaventure,2020-21,St. Bonaventure,,,,N,,,unknown,,,,,,False,,,,,False,False,outside_priority_scope
st_bonaventure,2021-22,St. Bonaventure,,,,N,,,unknown,,,,,,False,,,,,False,False,outside_priority_scope
st_bonaventure,2022-23,St. Bonaventure,,,,N,,,unknown,,,,,,False,,,,,False,False,outside_priority_scope
st_bonaventure,2023-24,St. Bonaventure,,,,N,,,unknown,,,,,,False,,,,,False,False,outside_priority_scope
st_bonaventure,2024-25,St. Bonaventure,,,,N,,,unknown,,,,,,False,,,,,False,False,outside_priority_scope
st_bonaventure,2025-26,St. Bonaventure,,,,N,,,unknown,,,,,,False,,,,,False,False,outside_priority_scope
st_francis_ny,2017-18,St. Francis (NY),,,,N,,,unknown,,,,,,False,,,,,False,False,outside_priority_scope
st_francis_ny,2018-19,St. Francis (NY),,,,N,,,unknown,,,,,,False,,,,,False,False,outside_priority_scope
st_francis_ny,2020-21,St. Francis (NY),,,,N,,,unknown,,,,,,False,,,,,False,False,outside_priority_scope
st_francis_ny,2021-22,St. Francis (NY),,,,N,,,unknown,,,,,,False,,,,,False,False,outside_priority_scope
st_francis_ny,2022-23,St. Francis (NY),,,,N,,,unknown,,,,,,False,,,,,False,False,outside_priority_scope
st_francis_ny,2023-24,St. Francis (NY),,,,N,,,unknown,,,,,,False,,,,,False,False,outside_priority_scope
st_francis_ny,2024-25,St. Francis (NY),,,,N,,,unknown,,,,,,False,,,,,False,False,outside_priority_scope
st_francis_ny,2025-26,St. Francis (NY),,,,N,,,unknown,,,,,,False,,,,,False,False,outside_priority_scope
st_john_s_ny,2017-18,St. John's (NY),,,,N,,,unknown,,,,,,False,,,,,False,False,outside_priority_scope
st_john_s_ny,2018-19,St. John's (NY),,,,N,,,unknown,,,,,,False,,,,,False,False,outside_priority_scope
st_john_s_ny,2020-21,St. John's (NY),,,,N,,,unknown,,,,,,False,,,,,False,False,outside_priority_scope
st_john_s_ny,2021-22,St. John's (NY),,,,N,,,unknown,,,,,,False,,,,,False,False,outside_priority_scope
st_john_s_ny,2022-23,St. John's (NY),,,,N,,,unknown,,,,,,False,,,,,False,False,outside_priority_scope
st_john_s_ny,2023-24,St. John's (NY),,,,N,,,unknown,,,,,,False,,,,,False,False,outside_priority_scope
st_john_s_ny,2024-25,St. John's (NY),,,,N,,,unknown,,,,,,False,,,,,False,False,outside_priority_scope
st_john_s_ny,2025-26,St. John's (NY),,,,N,,,unknown,,,,,,False,,,,,False,False,outside_priority_scope
st_thomas,2017-18,St. Thomas,,,,N,,,unknown,,,,,,False,,,,,False,False,outside_priority_scope
st_thomas,2018-19,St. Thomas,,,,N,,,unknown,,,,,,False,,,,,False,False,outside_priority_scope
st_thomas,2020-21,St. Thomas,,,,N,,,unknown,,,,,,False,,,,,False,False,outside_priority_scope
st_thomas,2021-22,St. Thomas,,,,N,,,unknown,,,,,,False,,,,,False,False,outside_priority_scope
st_thomas,2022-23,St. Thomas,,,,N,,,unknown,,,,,,False,,,,,False,False,outside_priority_scope
st_thomas,2023-24,St. Thomas,,,,N,,,unknown,,,,,,False,,,,,False,False,outside_priority_scope
st_thomas,2024-25,St. Thomas,,,,N,,,unknown,,,,,,False,,,,,False,False,outside_priority_scope
st_thomas,2025-26,St. Thomas,,,,N,,,unknown,,,,,,False,,,,,False,False,outside_priority_scope
stanford,2017-18,Stanford,,,,N,,,unknown,,,,,,True,,,,,False,False,unknown
stanford,2018-19,Stanford,,,,N,,,unknown,,,,,,True,,,,,False,False,unknown
stanford,2020-21,Stanford,,,,N,,,unknown,,,,,,True,,,,,False,False,unknown
stanford,2021-22,Stanford,,,,N,,,unknown,,,,,,True,,,,,False,False,unknown
stanford,2022-23,Stanford,Nike,Nike,https://journals.indianapolis.iu.edu/index.php/jlas/article/download/27106/24837,Y,2023 paper p.61 identifies existing Nike deal supplying all athletics teams. No term extrapolation.,peer-reviewed research current-contract statement,A,legacy_094,secondary_contract_reporting,,,,True,,,,,False,True,direct_contract_evidence
stanford,2023-24,Stanford,,,,N,,,unknown,,,,,,True,,,,,False,False,unknown
stanford,2024-25,Stanford,,,,N,,,unknown,,,,,,True,,,,,False,False,unknown
stanford,2025-26,Stanford,,,,N,,,unknown,,,,,,True,,,,,False,False,unknown
stephen_f_austin,2017-18,Stephen F. Austin,,,,N,,,unknown,,,,,,False,,,,,False,False,outside_priority_scope
stephen_f_austin,2018-19,Stephen F. Austin,,,,N,,,unknown,,,,,,False,,,,,False,False,outside_priority_scope
stephen_f_austin,2020-21,Stephen F. Austin,,,,N,,,unknown,,,,,,False,,,,,False,False,outside_priority_scope
stephen_f_austin,2021-22,Stephen F. Austin,,,,N,,,unknown,,,,,,False,,,,,False,False,outside_priority_scope
stephen_f_austin,2022-23,Stephen F. Austin,,,,N,,,unknown,,,,,,False,,,,,False,False,outside_priority_scope
stephen_f_austin,2023-24,Stephen F. Austin,,,,N,,,unknown,,,,,,False,,,,,False,False,outside_priority_scope
stephen_f_austin,2024-25,Stephen F. Austin,,,,N,,,unknown,,,,,,False,,,,,False,False,outside_priority_scope
stephen_f_austin,2025-26,Stephen F. Austin,,,,N,,,unknown,,,,,,False,,,,,False,False,outside_priority_scope
stetson,2017-18,Stetson,,,,N,,,unknown,,,,,,False,,,,,False,False,outside_priority_scope
stetson,2018-19,Stetson,,,,N,,,unknown,,,,,,False,,,,,False,False,outside_priority_scope
stetson,2020-21,Stetson,,,,N,,,unknown,,,,,,False,,,,,False,False,outside_priority_scope
stetson,2021-22,Stetson,,,,N,,,unknown,,,,,,False,,,,,False,False,outside_priority_scope
stetson,2022-23,Stetson,,,,N,,,unknown,,,,,,False,,,,,False,False,outside_priority_scope
stetson,2023-24,Stetson,,,,N,,,unknown,,,,,,False,,,,,False,False,outside_priority_scope
stetson,2024-25,Stetson,,,,N,,,unknown,,,,,,False,,,,,False,False,outside_priority_scope
stetson,2025-26,Stetson,,,,N,,,unknown,,,,,,False,,,,,False,False,outside_priority_scope
stonehill,2017-18,Stonehill,,,,N,,,unknown,,,,,,False,,,,,False,False,outside_priority_scope
stonehill,2018-19,Stonehill,,,,N,,,unknown,,,,,,False,,,,,False,False,outside_priority_scope
stonehill,2020-21,Stonehill,,,,N,,,unknown,,,,,,False,,,,,False,False,outside_priority_scope
stonehill,2021-22,Stonehill,,,,N,,,unknown,,,,,,False,,,,,False,False,outside_priority_scope
stonehill,2022-23,Stonehill,,,,N,,,unknown,,,,,,False,,,,,False,False,outside_priority_scope
stonehill,2023-24,Stonehill,,,,N,,,unknown,,,,,,False,,,,,False,False,outside_priority_scope
stonehill,2024-25,Stonehill,,,,N,,,unknown,,,,,,False,,,,,False,False,outside_priority_scope
stonehill,2025-26,Stonehill,,,,N,,,unknown,,,,,,False,,,,,False,False,outside_priority_scope
stony_brook,2017-18,Stony Brook,,,,N,,,unknown,,,,,,False,,,,,False,False,outside_priority_scope
stony_brook,2018-19,Stony Brook,,,,N,,,unknown,,,,,,False,,,,,False,False,outside_priority_scope
stony_brook,2020-21,Stony Brook,,,,N,,,unknown,,,,,,False,,,,,False,False,outside_priority_scope
stony_brook,2021-22,Stony Brook,,,,N,,,unknown,,,,,,False,,,,,False,False,outside_priority_scope
stony_brook,2022-23,Stony Brook,,,,N,,,unknown,,,,,,False,,,,,False,False,outside_priority_scope
stony_brook,2023-24,Stony Brook,,,,N,,,unknown,,,,,,False,,,,,False,False,outside_priority_scope
stony_brook,2024-25,Stony Brook,,,,N,,,unknown,,,,,,False,,,,,False,False,outside_priority_scope
stony_brook,2025-26,Stony Brook,,,,N,,,unknown,,,,,,False,,,,,False,False,outside_priority_scope
syracuse,2017-18,Syracuse,Nike,Nike,https://cuse.com/news/2019/6/14/general-syracuse-and-nike-extend-partnership,Y,Official retrospective confirms every sport has worn Nike since 2002-03; June 2019 renewal covers all 20 teams.,official announcement,A,tier_113,official_announcement,2019-06-14,,,True,,,,,False,True,direct_contract_evidence
syracuse,2018-19,Syracuse,Nike,Nike,https://cuse.com/news/2019/6/14/general-syracuse-and-nike-extend-partnership,Y,Official retrospective confirms every sport has worn Nike since 2002-03; June 2019 renewal covers all 20 teams.,official announcement,A,tier_113,official_announcement,2019-06-14,,,True,,,,,False,True,direct_contract_evidence
syracuse,2020-21,Syracuse,Nike,Nike,https://cuse.com/news/2019/6/14/general-syracuse-and-nike-extend-partnership,N,Inferred between 2018-19 (A) and 2025-26 (B); same provider and no known intervening transition in reviewed evidence.,"continuity inference; endpoints only, not direct seasonal observation",C,,inferred_from_two_sources,,,,True,2018-19,2025-26,https://cuse.com/news/2019/6/14/general-syracuse-and-nike-extend-partnership,https://cuse.com/news/2026/5/22/mens-lacrosse-cuse-at-championship-weekend-live-blog,True,True,inferred_continuity
syracuse,2021-22,Syracuse,Nike,Nike,https://cuse.com/news/2019/6/14/general-syracuse-and-nike-extend-partnership,N,Inferred between 2018-19 (A) and 2025-26 (B); same provider and no known intervening transition in reviewed evidence.,"continuity inference; endpoints only, not direct seasonal observation",C,,inferred_from_two_sources,,,,True,2018-19,2025-26,https://cuse.com/news/2019/6/14/general-syracuse-and-nike-extend-partnership,https://cuse.com/news/2026/5/22/mens-lacrosse-cuse-at-championship-weekend-live-blog,True,True,inferred_continuity
syracuse,2022-23,Syracuse,Nike,Nike,https://cuse.com/news/2019/6/14/general-syracuse-and-nike-extend-partnership,N,Inferred between 2018-19 (A) and 2025-26 (B); same provider and no known intervening transition in reviewed evidence.,"continuity inference; endpoints only, not direct seasonal observation",C,,inferred_from_two_sources,,,,True,2018-19,2025-26,https://cuse.com/news/2019/6/14/general-syracuse-and-nike-extend-partnership,https://cuse.com/news/2026/5/22/mens-lacrosse-cuse-at-championship-weekend-live-blog,True,True,inferred_continuity
syracuse,2023-24,Syracuse,Nike,Nike,https://cuse.com/news/2019/6/14/general-syracuse-and-nike-extend-partnership,N,Inferred between 2018-19 (A) and 2025-26 (B); same provider and no known intervening transition in reviewed evidence.,"continuity inference; endpoints only, not direct seasonal observation",C,,inferred_from_two_sources,,,,True,2018-19,2025-26,https://cuse.com/news/2019/6/14/general-syracuse-and-nike-extend-partnership,https://cuse.com/news/2026/5/22/mens-lacrosse-cuse-at-championship-weekend-live-blog,True,True,inferred_continuity
syracuse,2024-25,Syracuse,Nike,Nike,https://cuse.com/news/2019/6/14/general-syracuse-and-nike-extend-partnership,N,Inferred between 2018-19 (A) and 2025-26 (B); same provider and no known intervening transition in reviewed evidence.,"continuity inference; endpoints only, not direct seasonal observation",C,,inferred_from_two_sources,,,,True,2018-19,2025-26,https://cuse.com/news/2019/6/14/general-syracuse-and-nike-extend-partnership,https://cuse.com/news/2026/5/22/mens-lacrosse-cuse-at-championship-weekend-live-blog,True,True,inferred_continuity
syracuse,2025-26,Syracuse,Nike,Nike,https://cuse.com/news/2026/5/22/mens-lacrosse-cuse-at-championship-weekend-live-blog,Y,Dated official championship report confirms team Nike gear. Use corroborates previously documented department provider; team exceptions retained as limitation.,dated official evidence,B,tier_114,official_dated_use,2026-05-22,,,True,,,,,False,True,dated_official_use
tcu,2017-18,TCU,Nike,Nike,https://www2.kusports.com/weblogs/tale-tait/2017/sep/28/kus-deal-with-adidas-is-companys-second/,Y,2017 sponsor snapshot; source explicitly says contract years unavailable.,newspaper snapshot,A,legacy_091,secondary_contract_reporting,,,,True,,,,,False,True,direct_contract_evidence
tcu,2018-19,TCU,Nike,Nike,https://www2.kusports.com/weblogs/tale-tait/2017/sep/28/kus-deal-with-adidas-is-companys-second/,N,Inferred between 2017-18 (A) and 2025-26 (B); same provider and no known intervening transition in reviewed evidence.,"continuity inference; endpoints only, not direct seasonal observation",C,,inferred_from_two_sources,,,,True,2017-18,2025-26,https://www2.kusports.com/weblogs/tale-tait/2017/sep/28/kus-deal-with-adidas-is-companys-second/,https://web.archive.org/web/20251116001121/https://gofrogs.com/,True,True,inferred_continuity
tcu,2020-21,TCU,Nike,Nike,https://www2.kusports.com/weblogs/tale-tait/2017/sep/28/kus-deal-with-adidas-is-companys-second/,N,Inferred between 2017-18 (A) and 2025-26 (B); same provider and no known intervening transition in reviewed evidence.,"continuity inference; endpoints only, not direct seasonal observation",C,,inferred_from_two_sources,,,,True,2017-18,2025-26,https://www2.kusports.com/weblogs/tale-tait/2017/sep/28/kus-deal-with-adidas-is-companys-second/,https://web.archive.org/web/20251116001121/https://gofrogs.com/,True,True,inferred_continuity
tcu,2021-22,TCU,Nike,Nike,https://www2.kusports.com/weblogs/tale-tait/2017/sep/28/kus-deal-with-adidas-is-companys-second/,N,Inferred between 2017-18 (A) and 2025-26 (B); same provider and no known intervening transition in reviewed evidence.,"continuity inference; endpoints only, not direct seasonal observation",C,,inferred_from_two_sources,,,,True,2017-18,2025-26,https://www2.kusports.com/weblogs/tale-tait/2017/sep/28/kus-deal-with-adidas-is-companys-second/,https://web.archive.org/web/20251116001121/https://gofrogs.com/,True,True,inferred_continuity
tcu,2022-23,TCU,Nike,Nike,https://www2.kusports.com/weblogs/tale-tait/2017/sep/28/kus-deal-with-adidas-is-companys-second/,N,Inferred between 2017-18 (A) and 2025-26 (B); same provider and no known intervening transition in reviewed evidence.,"continuity inference; endpoints only, not direct seasonal observation",C,,inferred_from_two_sources,,,,True,2017-18,2025-26,https://www2.kusports.com/weblogs/tale-tait/2017/sep/28/kus-deal-with-adidas-is-companys-second/,https://web.archive.org/web/20251116001121/https://gofrogs.com/,True,True,inferred_continuity
tcu,2023-24,TCU,Nike,Nike,https://www2.kusports.com/weblogs/tale-tait/2017/sep/28/kus-deal-with-adidas-is-companys-second/,N,Inferred between 2017-18 (A) and 2025-26 (B); same provider and no known intervening transition in reviewed evidence.,"continuity inference; endpoints only, not direct seasonal observation",C,,inferred_from_two_sources,,,,True,2017-18,2025-26,https://www2.kusports.com/weblogs/tale-tait/2017/sep/28/kus-deal-with-adidas-is-companys-second/,https://web.archive.org/web/20251116001121/https://gofrogs.com/,True,True,inferred_continuity
tcu,2024-25,TCU,Nike,Nike,https://www2.kusports.com/weblogs/tale-tait/2017/sep/28/kus-deal-with-adidas-is-companys-second/,N,Inferred between 2017-18 (A) and 2025-26 (B); same provider and no known intervening transition in reviewed evidence.,"continuity inference; endpoints only, not direct seasonal observation",C,,inferred_from_two_sources,,,,True,2017-18,2025-26,https://www2.kusports.com/weblogs/tale-tait/2017/sep/28/kus-deal-with-adidas-is-companys-second/,https://web.archive.org/web/20251116001121/https://gofrogs.com/,True,True,inferred_continuity
tcu,2025-26,TCU,Nike,Nike,https://web.archive.org/web/20251116001121/https://gofrogs.com/,Y,Nike identified in archived official athletics footer partner/sponsor section; Snapshot reviewed during research; follow the archive URL to inspect the original.,dated official evidence,B,tier_122,wayback_official_site,2025-11-16,https://web.archive.org/web/20251116001121/https://gofrogs.com/,2025-11-16,True,,,,,False,True,dated_official_use
tarleton_state,2017-18,Tarleton State,,,,N,,,unknown,,,,,,False,,,,,False,False,outside_priority_scope
tarleton_state,2018-19,Tarleton State,,,,N,,,unknown,,,,,,False,,,,,False,False,outside_priority_scope
tarleton_state,2020-21,Tarleton State,,,,N,,,unknown,,,,,,False,,,,,False,False,outside_priority_scope
tarleton_state,2021-22,Tarleton State,,,,N,,,unknown,,,,,,False,,,,,False,False,outside_priority_scope
tarleton_state,2022-23,Tarleton State,,,,N,,,unknown,,,,,,False,,,,,False,False,outside_priority_scope
tarleton_state,2023-24,Tarleton State,,,,N,,,unknown,,,,,,False,,,,,False,False,outside_priority_scope
tarleton_state,2024-25,Tarleton State,,,,N,,,unknown,,,,,,False,,,,,False,False,outside_priority_scope
tarleton_state,2025-26,Tarleton State,,,,N,,,unknown,,,,,,False,,,,,False,False,outside_priority_scope
temple,2017-18,Temple,,,,N,,,unknown,,,,,,False,,,,,False,False,outside_priority_scope
temple,2018-19,Temple,,,,N,,,unknown,,,,,,False,,,,,False,False,outside_priority_scope
temple,2020-21,Temple,,,,N,,,unknown,,,,,,False,,,,,False,False,outside_priority_scope
temple,2021-22,Temple,,,,N,,,unknown,,,,,,False,,,,,False,False,outside_priority_scope
temple,2022-23,Temple,,,,N,,,unknown,,,,,,False,,,,,False,False,outside_priority_scope
temple,2023-24,Temple,,,,N,,,unknown,,,,,,False,,,,,False,False,outside_priority_scope
temple,2024-25,Temple,,,,N,,,unknown,,,,,,False,,,,,False,False,outside_priority_scope
temple,2025-26,Temple,,,,N,,,unknown,,,,,,False,,,,,False,False,outside_priority_scope
tennessee,2017-18,Tennessee,Nike,Nike,https://utsports.com/news/2014/1/31/UT_Announces_Partnership_With_NIKE,Y,"All 20 programs from July 1, 2015 through June 30, 2023. Later renewal not yet verified.",official announcement; study-window coverage only,A,legacy_020,official_announcement,,,,True,,,,,False,True,direct_contract_evidence
tennessee,2018-19,Tennessee,Nike,Nike,https://utsports.com/news/2014/1/31/UT_Announces_Partnership_With_NIKE,Y,"All 20 programs from July 1, 2015 through June 30, 2023. Later renewal not yet verified.",official announcement; study-window coverage only,A,legacy_020,official_announcement,,,,True,,,,,False,True,direct_contract_evidence
tennessee,2020-21,Tennessee,Nike,Nike,https://utsports.com/news/2014/1/31/UT_Announces_Partnership_With_NIKE,Y,"All 20 programs from July 1, 2015 through June 30, 2023. Later renewal not yet verified.",official announcement; study-window coverage only,A,legacy_020,official_announcement,,,,True,,,,,False,True,direct_contract_evidence
tennessee,2021-22,Tennessee,Nike,Nike,https://utsports.com/news/2014/1/31/UT_Announces_Partnership_With_NIKE,Y,"All 20 programs from July 1, 2015 through June 30, 2023. Later renewal not yet verified.",official announcement; study-window coverage only,A,legacy_020,official_announcement,,,,True,,,,,False,True,direct_contract_evidence
tennessee,2022-23,Tennessee,Nike,Nike,https://utsports.com/news/2014/1/31/UT_Announces_Partnership_With_NIKE,Y,"All 20 programs from July 1, 2015 through June 30, 2023. Later renewal not yet verified.",official announcement; study-window coverage only,A,legacy_020,official_announcement,,,,True,,,,,False,True,direct_contract_evidence
tennessee,2023-24,Tennessee,Nike,Nike,https://sports.yahoo.com/article/tennessee-athletics-switching-adidas-nike-181159677.html,Y,Reports extension of 2023 expiry through 2025-26; adidas begins following season.,syndicated newspaper reporting,A,legacy_053,secondary_contract_reporting,,,,True,,,,,False,True,direct_contract_evidence
tennessee,2024-25,Tennessee,Nike,Nike,https://sports.yahoo.com/article/tennessee-athletics-switching-adidas-nike-181159677.html,Y,Reports extension of 2023 expiry through 2025-26; adidas begins following season.,syndicated newspaper reporting,A,legacy_053,secondary_contract_reporting,,,,True,,,,,False,True,direct_contract_evidence
tennessee,2025-26,Tennessee,Nike,Nike,https://sports.yahoo.com/article/tennessee-athletics-switching-adidas-nike-181159677.html,Y,Reports extension of 2023 expiry through 2025-26; adidas begins following season.,syndicated newspaper reporting,A,legacy_053,secondary_contract_reporting,,,,True,,,,,False,True,direct_contract_evidence
tennessee_chattanooga,2017-18,Tennessee Chattanooga,,,,N,,,unknown,,,,,,False,,,,,False,False,outside_priority_scope
tennessee_chattanooga,2018-19,Tennessee Chattanooga,,,,N,,,unknown,,,,,,False,,,,,False,False,outside_priority_scope
tennessee_chattanooga,2020-21,Tennessee Chattanooga,,,,N,,,unknown,,,,,,False,,,,,False,False,outside_priority_scope
tennessee_chattanooga,2021-22,Tennessee Chattanooga,,,,N,,,unknown,,,,,,False,,,,,False,False,outside_priority_scope
tennessee_chattanooga,2022-23,Tennessee Chattanooga,,,,N,,,unknown,,,,,,False,,,,,False,False,outside_priority_scope
tennessee_chattanooga,2023-24,Tennessee Chattanooga,,,,N,,,unknown,,,,,,False,,,,,False,False,outside_priority_scope
tennessee_chattanooga,2024-25,Tennessee Chattanooga,,,,N,,,unknown,,,,,,False,,,,,False,False,outside_priority_scope
tennessee_chattanooga,2025-26,Tennessee Chattanooga,,,,N,,,unknown,,,,,,False,,,,,False,False,outside_priority_scope
tennessee_martin,2017-18,Tennessee Martin,,,,N,,,unknown,,,,,,False,,,,,False,False,outside_priority_scope
tennessee_martin,2018-19,Tennessee Martin,,,,N,,,unknown,,,,,,False,,,,,False,False,outside_priority_scope
tennessee_martin,2020-21,Tennessee Martin,,,,N,,,unknown,,,,,,False,,,,,False,False,outside_priority_scope
tennessee_martin,2021-22,Tennessee Martin,,,,N,,,unknown,,,,,,False,,,,,False,False,outside_priority_scope
tennessee_martin,2022-23,Tennessee Martin,,,,N,,,unknown,,,,,,False,,,,,False,False,outside_priority_scope
tennessee_martin,2023-24,Tennessee Martin,,,,N,,,unknown,,,,,,False,,,,,False,False,outside_priority_scope
tennessee_martin,2024-25,Tennessee Martin,,,,N,,,unknown,,,,,,False,,,,,False,False,outside_priority_scope
tennessee_martin,2025-26,Tennessee Martin,,,,N,,,unknown,,,,,,False,,,,,False,False,outside_priority_scope
tennessee_state,2017-18,Tennessee State,,,,N,,,unknown,,,,,,False,,,,,False,False,outside_priority_scope
tennessee_state,2018-19,Tennessee State,,,,N,,,unknown,,,,,,False,,,,,False,False,outside_priority_scope
tennessee_state,2020-21,Tennessee State,,,,N,,,unknown,,,,,,False,,,,,False,False,outside_priority_scope
tennessee_state,2021-22,Tennessee State,,,,N,,,unknown,,,,,,False,,,,,False,False,outside_priority_scope
tennessee_state,2022-23,Tennessee State,,,,N,,,unknown,,,,,,False,,,,,False,False,outside_priority_scope
tennessee_state,2023-24,Tennessee State,,,,N,,,unknown,,,,,,False,,,,,False,False,outside_priority_scope
tennessee_state,2024-25,Tennessee State,,,,N,,,unknown,,,,,,False,,,,,False,False,outside_priority_scope
tennessee_state,2025-26,Tennessee State,,,,N,,,unknown,,,,,,False,,,,,False,False,outside_priority_scope
tennessee_tech,2017-18,Tennessee Tech,,,,N,,,unknown,,,,,,False,,,,,False,False,outside_priority_scope
tennessee_tech,2018-19,Tennessee Tech,,,,N,,,unknown,,,,,,False,,,,,False,False,outside_priority_scope
tennessee_tech,2020-21,Tennessee Tech,,,,N,,,unknown,,,,,,False,,,,,False,False,outside_priority_scope
tennessee_tech,2021-22,Tennessee Tech,,,,N,,,unknown,,,,,,False,,,,,False,False,outside_priority_scope
tennessee_tech,2022-23,Tennessee Tech,,,,N,,,unknown,,,,,,False,,,,,False,False,outside_priority_scope
tennessee_tech,2023-24,Tennessee Tech,,,,N,,,unknown,,,,,,False,,,,,False,False,outside_priority_scope
tennessee_tech,2024-25,Tennessee Tech,,,,N,,,unknown,,,,,,False,,,,,False,False,outside_priority_scope
tennessee_tech,2025-26,Tennessee Tech,,,,N,,,unknown,,,,,,False,,,,,False,False,outside_priority_scope
texas,2017-18,Texas,Nike,Nike,https://www.utsystem.edu/sites/default/files/offices/board-of-regents/board-meetings/board-minutes/10-30-2015meeting1141.pdf,Y,Board minutes pp.3-4 record carried motion; apparel term July 2016 through June 2031.,university board minutes,A,legacy_057,board_record,,,,True,,,,,False,True,direct_contract_evidence
texas,2018-19,Texas,Nike,Nike,https://www.utsystem.edu/sites/default/files/offices/board-of-regents/board-meetings/board-minutes/10-30-2015meeting1141.pdf,Y,Board minutes pp.3-4 record carried motion; apparel term July 2016 through June 2031.,university board minutes,A,legacy_057,board_record,,,,True,,,,,False,True,direct_contract_evidence
texas,2020-21,Texas,Nike,Nike,https://www.utsystem.edu/sites/default/files/offices/board-of-regents/board-meetings/board-minutes/10-30-2015meeting1141.pdf,Y,Board minutes pp.3-4 record carried motion; apparel term July 2016 through June 2031.,university board minutes,A,legacy_057,board_record,,,,True,,,,,False,True,direct_contract_evidence
texas,2021-22,Texas,Nike,Nike,https://www.utsystem.edu/sites/default/files/offices/board-of-regents/board-meetings/board-minutes/10-30-2015meeting1141.pdf,Y,Board minutes pp.3-4 record carried motion; apparel term July 2016 through June 2031.,university board minutes,A,legacy_057,board_record,,,,True,,,,,False,True,direct_contract_evidence
texas,2022-23,Texas,Nike,Nike,https://www.utsystem.edu/sites/default/files/offices/board-of-regents/board-meetings/board-minutes/10-30-2015meeting1141.pdf,Y,Board minutes pp.3-4 record carried motion; apparel term July 2016 through June 2031.,university board minutes,A,legacy_057,board_record,,,,True,,,,,False,True,direct_contract_evidence
texas,2023-24,Texas,Nike,Nike,https://www.utsystem.edu/sites/default/files/offices/board-of-regents/board-meetings/board-minutes/10-30-2015meeting1141.pdf,Y,Board minutes pp.3-4 record carried motion; apparel term July 2016 through June 2031.,university board minutes,A,legacy_057,board_record,,,,True,,,,,False,True,direct_contract_evidence
texas,2024-25,Texas,Nike,Nike,https://www.utsystem.edu/sites/default/files/offices/board-of-regents/board-meetings/board-minutes/10-30-2015meeting1141.pdf,Y,Board minutes pp.3-4 record carried motion; apparel term July 2016 through June 2031.,university board minutes,A,legacy_057,board_record,,,,True,,,,,False,True,direct_contract_evidence
texas,2025-26,Texas,Nike,Nike,https://www.utsystem.edu/sites/default/files/offices/board-of-regents/board-meetings/board-minutes/10-30-2015meeting1141.pdf,Y,Board minutes pp.3-4 record carried motion; apparel term July 2016 through June 2031.,university board minutes,A,legacy_057,board_record,,,,True,,,,,False,True,direct_contract_evidence
texas_a_m,2017-18,Texas A&M,adidas,adidas,https://cdn.vox-cdn.com/uploads/chorus_asset/file/3974634/Adidas_FINAL__1_.0.pdf,Y,"Contract schedule covers 2014-15 through 2021-22. Track and field explicitly excluded; primary department provider, not every sport.",public copy of contract,A,legacy_058,contract,,,,True,,,,,False,True,direct_contract_evidence
texas_a_m,2018-19,Texas A&M,adidas,adidas,https://cdn.vox-cdn.com/uploads/chorus_asset/file/3974634/Adidas_FINAL__1_.0.pdf,Y,"Contract schedule covers 2014-15 through 2021-22. Track and field explicitly excluded; primary department provider, not every sport.",public copy of contract,A,legacy_058,contract,,,,True,,,,,False,True,direct_contract_evidence
texas_a_m,2020-21,Texas A&M,adidas,adidas,https://cdn.vox-cdn.com/uploads/chorus_asset/file/3974634/Adidas_FINAL__1_.0.pdf,Y,"Contract schedule covers 2014-15 through 2021-22. Track and field explicitly excluded; primary department provider, not every sport.",public copy of contract,A,legacy_058,contract,,,,True,,,,,False,True,direct_contract_evidence
texas_a_m,2021-22,Texas A&M,adidas,adidas,https://cdn.vox-cdn.com/uploads/chorus_asset/file/3974634/Adidas_FINAL__1_.0.pdf,Y,"Contract schedule covers 2014-15 through 2021-22. Track and field explicitly excluded; primary department provider, not every sport.",public copy of contract,A,legacy_058,contract,,,,True,,,,,False,True,direct_contract_evidence
texas_a_m,2022-23,Texas A&M,adidas,adidas,https://www.sportsbusinessjournal.com/Articles/2024/05/06/texas-am-aggies-renew-adidas-partnership/?issueId=VD7KES7GVMHBL2WFUIH7JMKCKU,Y,"Five-year agreement begins July 2022, ends 2027.",secondary contract reporting,A,legacy_041,secondary_contract_reporting,,,,True,,,,,False,True,direct_contract_evidence
texas_a_m,2023-24,Texas A&M,adidas,adidas,https://www.sportsbusinessjournal.com/Articles/2024/05/06/texas-am-aggies-renew-adidas-partnership/?issueId=VD7KES7GVMHBL2WFUIH7JMKCKU,Y,"Five-year agreement begins July 2022, ends 2027.",secondary contract reporting,A,legacy_041,secondary_contract_reporting,,,,True,,,,,False,True,direct_contract_evidence
texas_a_m,2024-25,Texas A&M,adidas,adidas,https://www.sportsbusinessjournal.com/Articles/2024/05/06/texas-am-aggies-renew-adidas-partnership/?issueId=VD7KES7GVMHBL2WFUIH7JMKCKU,Y,"Five-year agreement begins July 2022, ends 2027.",secondary contract reporting,A,legacy_041,secondary_contract_reporting,,,,True,,,,,False,True,direct_contract_evidence
texas_a_m,2025-26,Texas A&M,adidas,adidas,https://www.sportsbusinessjournal.com/Articles/2024/05/06/texas-am-aggies-renew-adidas-partnership/?issueId=VD7KES7GVMHBL2WFUIH7JMKCKU,Y,"Five-year agreement begins July 2022, ends 2027.",secondary contract reporting,A,legacy_041,secondary_contract_reporting,,,,True,,,,,False,True,direct_contract_evidence
texas_a_m_corpus_christi,2017-18,Texas A&M Corpus Christi,,,,N,,,unknown,,,,,,False,,,,,False,False,outside_priority_scope
texas_a_m_corpus_christi,2018-19,Texas A&M Corpus Christi,,,,N,,,unknown,,,,,,False,,,,,False,False,outside_priority_scope
texas_a_m_corpus_christi,2020-21,Texas A&M Corpus Christi,,,,N,,,unknown,,,,,,False,,,,,False,False,outside_priority_scope
texas_a_m_corpus_christi,2021-22,Texas A&M Corpus Christi,,,,N,,,unknown,,,,,,False,,,,,False,False,outside_priority_scope
texas_a_m_corpus_christi,2022-23,Texas A&M Corpus Christi,,,,N,,,unknown,,,,,,False,,,,,False,False,outside_priority_scope
texas_a_m_corpus_christi,2023-24,Texas A&M Corpus Christi,,,,N,,,unknown,,,,,,False,,,,,False,False,outside_priority_scope
texas_a_m_corpus_christi,2024-25,Texas A&M Corpus Christi,,,,N,,,unknown,,,,,,False,,,,,False,False,outside_priority_scope
texas_a_m_corpus_christi,2025-26,Texas A&M Corpus Christi,,,,N,,,unknown,,,,,,False,,,,,False,False,outside_priority_scope
texas_arlington,2017-18,Texas Arlington,,,,N,,,unknown,,,,,,False,,,,,False,False,outside_priority_scope
texas_arlington,2018-19,Texas Arlington,,,,N,,,unknown,,,,,,False,,,,,False,False,outside_priority_scope
texas_arlington,2020-21,Texas Arlington,,,,N,,,unknown,,,,,,False,,,,,False,False,outside_priority_scope
texas_arlington,2021-22,Texas Arlington,,,,N,,,unknown,,,,,,False,,,,,False,False,outside_priority_scope
texas_arlington,2022-23,Texas Arlington,,,,N,,,unknown,,,,,,False,,,,,False,False,outside_priority_scope
texas_arlington,2023-24,Texas Arlington,,,,N,,,unknown,,,,,,False,,,,,False,False,outside_priority_scope
texas_arlington,2024-25,Texas Arlington,,,,N,,,unknown,,,,,,False,,,,,False,False,outside_priority_scope
texas_arlington,2025-26,Texas Arlington,,,,N,,,unknown,,,,,,False,,,,,False,False,outside_priority_scope
texas_southern,2017-18,Texas Southern,,,,N,,,unknown,,,,,,False,,,,,False,False,outside_priority_scope
texas_southern,2018-19,Texas Southern,,,,N,,,unknown,,,,,,False,,,,,False,False,outside_priority_scope
texas_southern,2020-21,Texas Southern,,,,N,,,unknown,,,,,,False,,,,,False,False,outside_priority_scope
texas_southern,2021-22,Texas Southern,,,,N,,,unknown,,,,,,False,,,,,False,False,outside_priority_scope
texas_southern,2022-23,Texas Southern,,,,N,,,unknown,,,,,,False,,,,,False,False,outside_priority_scope
texas_southern,2023-24,Texas Southern,,,,N,,,unknown,,,,,,False,,,,,False,False,outside_priority_scope
texas_southern,2024-25,Texas Southern,,,,N,,,unknown,,,,,,False,,,,,False,False,outside_priority_scope
texas_southern,2025-26,Texas Southern,,,,N,,,unknown,,,,,,False,,,,,False,False,outside_priority_scope
texas_state,2017-18,Texas State,,,,N,,,unknown,,,,,,False,,,,,False,False,outside_priority_scope
texas_state,2018-19,Texas State,,,,N,,,unknown,,,,,,False,,,,,False,False,outside_priority_scope
texas_state,2020-21,Texas State,,,,N,,,unknown,,,,,,False,,,,,False,False,outside_priority_scope
texas_state,2021-22,Texas State,,,,N,,,unknown,,,,,,False,,,,,False,False,outside_priority_scope
texas_state,2022-23,Texas State,,,,N,,,unknown,,,,,,False,,,,,False,False,outside_priority_scope
texas_state,2023-24,Texas State,,,,N,,,unknown,,,,,,False,,,,,False,False,outside_priority_scope
texas_state,2024-25,Texas State,,,,N,,,unknown,,,,,,False,,,,,False,False,outside_priority_scope
texas_state,2025-26,Texas State,,,,N,,,unknown,,,,,,False,,,,,False,False,outside_priority_scope
texas_tech,2017-18,Texas Tech,Under Armour,Under Armour,https://texastech.com/news/2015/2/17/Texas_Tech_Agrees_To_Six_Year_Extension_With_Under_Armour,Y,"2015 announcement confirms agreement through June 30, 2020.",official dated announcement,A,legacy_051,official_announcement,,,,True,,,,,False,True,direct_contract_evidence
texas_tech,2018-19,Texas Tech,Under Armour,Under Armour,https://texastech.com/news/2015/2/17/Texas_Tech_Agrees_To_Six_Year_Extension_With_Under_Armour,Y,"2015 announcement confirms agreement through June 30, 2020.",official dated announcement,A,legacy_051,official_announcement,,,,True,,,,,False,True,direct_contract_evidence
texas_tech,2020-21,Texas Tech,Under Armour,Under Armour,https://www.sportsbusinessjournal.com/Articles/2023/10/24/texas-tech-joining-adidas-leaving-under-armour-patrick-mahomes-instagram-post/,Y,2024 adidas transition ends eighteen-year run with Under Armour.,secondary retrospective,A,legacy_085,secondary_contract_reporting,,,,True,,,,,False,True,direct_contract_evidence
texas_tech,2021-22,Texas Tech,Under Armour,Under Armour,https://www.sportsbusinessjournal.com/Articles/2023/10/24/texas-tech-joining-adidas-leaving-under-armour-patrick-mahomes-instagram-post/,Y,2024 adidas transition ends eighteen-year run with Under Armour.,secondary retrospective,A,legacy_085,secondary_contract_reporting,,,,True,,,,,False,True,direct_contract_evidence
texas_tech,2022-23,Texas Tech,Under Armour,Under Armour,https://www.sportsbusinessjournal.com/Articles/2023/10/24/texas-tech-joining-adidas-leaving-under-armour-patrick-mahomes-instagram-post/,Y,2024 adidas transition ends eighteen-year run with Under Armour.,secondary retrospective,A,legacy_085,secondary_contract_reporting,,,,True,,,,,False,True,direct_contract_evidence
texas_tech,2023-24,Texas Tech,Under Armour,Under Armour,https://www.sportsbusinessjournal.com/Articles/2023/10/24/texas-tech-joining-adidas-leaving-under-armour-patrick-mahomes-instagram-post/,Y,2024 adidas transition ends eighteen-year run with Under Armour.,secondary retrospective,A,legacy_085,secondary_contract_reporting,,,,True,,,,,False,True,direct_contract_evidence
texas_tech,2024-25,Texas Tech,adidas,adidas,https://texastech.com/news/2024/7/1/general-texas-tech-adidas-launch-10-year-partnership,Y,"Ten-year all-department partnership effective July 1, 2024.",official announcement; study-window coverage only,A,legacy_014,official_announcement,,,,True,,,,,False,True,direct_contract_evidence
texas_tech,2025-26,Texas Tech,adidas,adidas,https://texastech.com/news/2024/7/1/general-texas-tech-adidas-launch-10-year-partnership,Y,"Ten-year all-department partnership effective July 1, 2024.",official announcement; study-window coverage only,A,legacy_014,official_announcement,,,,True,,,,,False,True,direct_contract_evidence
toledo,2017-18,Toledo,,,,N,,,unknown,,,,,,False,,,,,False,False,outside_priority_scope
toledo,2018-19,Toledo,,,,N,,,unknown,,,,,,False,,,,,False,False,outside_priority_scope
toledo,2020-21,Toledo,,,,N,,,unknown,,,,,,False,,,,,False,False,outside_priority_scope
toledo,2021-22,Toledo,,,,N,,,unknown,,,,,,False,,,,,False,False,outside_priority_scope
toledo,2022-23,Toledo,,,,N,,,unknown,,,,,,False,,,,,False,False,outside_priority_scope
toledo,2023-24,Toledo,,,,N,,,unknown,,,,,,False,,,,,False,False,outside_priority_scope
toledo,2024-25,Toledo,,,,N,,,unknown,,,,,,False,,,,,False,False,outside_priority_scope
toledo,2025-26,Toledo,,,,N,,,unknown,,,,,,False,,,,,False,False,outside_priority_scope
towson,2017-18,Towson,,,,N,,,unknown,,,,,,False,,,,,False,False,outside_priority_scope
towson,2018-19,Towson,,,,N,,,unknown,,,,,,False,,,,,False,False,outside_priority_scope
towson,2020-21,Towson,,,,N,,,unknown,,,,,,False,,,,,False,False,outside_priority_scope
towson,2021-22,Towson,,,,N,,,unknown,,,,,,False,,,,,False,False,outside_priority_scope
towson,2022-23,Towson,,,,N,,,unknown,,,,,,False,,,,,False,False,outside_priority_scope
towson,2023-24,Towson,,,,N,,,unknown,,,,,,False,,,,,False,False,outside_priority_scope
towson,2024-25,Towson,,,,N,,,unknown,,,,,,False,,,,,False,False,outside_priority_scope
towson,2025-26,Towson,,,,N,,,unknown,,,,,,False,,,,,False,False,outside_priority_scope
troy,2017-18,Troy,,,,N,,,unknown,,,,,,False,,,,,False,False,outside_priority_scope
troy,2018-19,Troy,,,,N,,,unknown,,,,,,False,,,,,False,False,outside_priority_scope
troy,2020-21,Troy,,,,N,,,unknown,,,,,,False,,,,,False,False,outside_priority_scope
troy,2021-22,Troy,,,,N,,,unknown,,,,,,False,,,,,False,False,outside_priority_scope
troy,2022-23,Troy,,,,N,,,unknown,,,,,,False,,,,,False,False,outside_priority_scope
troy,2023-24,Troy,,,,N,,,unknown,,,,,,False,,,,,False,False,outside_priority_scope
troy,2024-25,Troy,,,,N,,,unknown,,,,,,False,,,,,False,False,outside_priority_scope
troy,2025-26,Troy,,,,N,,,unknown,,,,,,False,,,,,False,False,outside_priority_scope
tulane,2017-18,Tulane,,,,N,,,unknown,,,,,,False,,,,,False,False,outside_priority_scope
tulane,2018-19,Tulane,,,,N,,,unknown,,,,,,False,,,,,False,False,outside_priority_scope
tulane,2020-21,Tulane,,,,N,,,unknown,,,,,,False,,,,,False,False,outside_priority_scope
tulane,2021-22,Tulane,,,,N,,,unknown,,,,,,False,,,,,False,False,outside_priority_scope
tulane,2022-23,Tulane,,,,N,,,unknown,,,,,,False,,,,,False,False,outside_priority_scope
tulane,2023-24,Tulane,,,,N,,,unknown,,,,,,False,,,,,False,False,outside_priority_scope
tulane,2024-25,Tulane,,,,N,,,unknown,,,,,,False,,,,,False,False,outside_priority_scope
tulane,2025-26,Tulane,,,,N,,,unknown,,,,,,False,,,,,False,False,outside_priority_scope
tulsa,2017-18,Tulsa,,,,N,,,unknown,,,,,,False,,,,,False,False,outside_priority_scope
tulsa,2018-19,Tulsa,,,,N,,,unknown,,,,,,False,,,,,False,False,outside_priority_scope
tulsa,2020-21,Tulsa,,,,N,,,unknown,,,,,,False,,,,,False,False,outside_priority_scope
tulsa,2021-22,Tulsa,,,,N,,,unknown,,,,,,False,,,,,False,False,outside_priority_scope
tulsa,2022-23,Tulsa,,,,N,,,unknown,,,,,,False,,,,,False,False,outside_priority_scope
tulsa,2023-24,Tulsa,,,,N,,,unknown,,,,,,False,,,,,False,False,outside_priority_scope
tulsa,2024-25,Tulsa,,,,N,,,unknown,,,,,,False,,,,,False,False,outside_priority_scope
tulsa,2025-26,Tulsa,,,,N,,,unknown,,,,,,False,,,,,False,False,outside_priority_scope
uab,2017-18,UAB,,,,N,,,unknown,,,,,,False,,,,,False,False,outside_priority_scope
uab,2018-19,UAB,,,,N,,,unknown,,,,,,False,,,,,False,False,outside_priority_scope
uab,2020-21,UAB,,,,N,,,unknown,,,,,,False,,,,,False,False,outside_priority_scope
uab,2021-22,UAB,,,,N,,,unknown,,,,,,False,,,,,False,False,outside_priority_scope
uab,2022-23,UAB,,,,N,,,unknown,,,,,,False,,,,,False,False,outside_priority_scope
uab,2023-24,UAB,,,,N,,,unknown,,,,,,False,,,,,False,False,outside_priority_scope
uab,2024-25,UAB,,,,N,,,unknown,,,,,,False,,,,,False,False,outside_priority_scope
uab,2025-26,UAB,,,,N,,,unknown,,,,,,False,,,,,False,False,outside_priority_scope
uc_davis,2017-18,UC Davis,,,,N,,,unknown,,,,,,False,,,,,False,False,outside_priority_scope
uc_davis,2018-19,UC Davis,,,,N,,,unknown,,,,,,False,,,,,False,False,outside_priority_scope
uc_davis,2020-21,UC Davis,,,,N,,,unknown,,,,,,False,,,,,False,False,outside_priority_scope
uc_davis,2021-22,UC Davis,,,,N,,,unknown,,,,,,False,,,,,False,False,outside_priority_scope
uc_davis,2022-23,UC Davis,,,,N,,,unknown,,,,,,False,,,,,False,False,outside_priority_scope
uc_davis,2023-24,UC Davis,,,,N,,,unknown,,,,,,False,,,,,False,False,outside_priority_scope
uc_davis,2024-25,UC Davis,,,,N,,,unknown,,,,,,False,,,,,False,False,outside_priority_scope
uc_davis,2025-26,UC Davis,,,,N,,,unknown,,,,,,False,,,,,False,False,outside_priority_scope
uc_irvine,2017-18,UC Irvine,,,,N,,,unknown,,,,,,False,,,,,False,False,outside_priority_scope
uc_irvine,2018-19,UC Irvine,,,,N,,,unknown,,,,,,False,,,,,False,False,outside_priority_scope
uc_irvine,2020-21,UC Irvine,,,,N,,,unknown,,,,,,False,,,,,False,False,outside_priority_scope
uc_irvine,2021-22,UC Irvine,,,,N,,,unknown,,,,,,False,,,,,False,False,outside_priority_scope
uc_irvine,2022-23,UC Irvine,,,,N,,,unknown,,,,,,False,,,,,False,False,outside_priority_scope
uc_irvine,2023-24,UC Irvine,,,,N,,,unknown,,,,,,False,,,,,False,False,outside_priority_scope
uc_irvine,2024-25,UC Irvine,,,,N,,,unknown,,,,,,False,,,,,False,False,outside_priority_scope
uc_irvine,2025-26,UC Irvine,,,,N,,,unknown,,,,,,False,,,,,False,False,outside_priority_scope
uc_riverside,2017-18,UC Riverside,,,,N,,,unknown,,,,,,False,,,,,False,False,outside_priority_scope
uc_riverside,2018-19,UC Riverside,,,,N,,,unknown,,,,,,False,,,,,False,False,outside_priority_scope
uc_riverside,2020-21,UC Riverside,,,,N,,,unknown,,,,,,False,,,,,False,False,outside_priority_scope
uc_riverside,2021-22,UC Riverside,,,,N,,,unknown,,,,,,False,,,,,False,False,outside_priority_scope
uc_riverside,2022-23,UC Riverside,,,,N,,,unknown,,,,,,False,,,,,False,False,outside_priority_scope
uc_riverside,2023-24,UC Riverside,,,,N,,,unknown,,,,,,False,,,,,False,False,outside_priority_scope
uc_riverside,2024-25,UC Riverside,,,,N,,,unknown,,,,,,False,,,,,False,False,outside_priority_scope
uc_riverside,2025-26,UC Riverside,,,,N,,,unknown,,,,,,False,,,,,False,False,outside_priority_scope
uc_san_diego,2017-18,UC San Diego,,,,N,,,unknown,,,,,,False,,,,,False,False,outside_priority_scope
uc_san_diego,2018-19,UC San Diego,,,,N,,,unknown,,,,,,False,,,,,False,False,outside_priority_scope
uc_san_diego,2020-21,UC San Diego,,,,N,,,unknown,,,,,,False,,,,,False,False,outside_priority_scope
uc_san_diego,2021-22,UC San Diego,,,,N,,,unknown,,,,,,False,,,,,False,False,outside_priority_scope
uc_san_diego,2022-23,UC San Diego,,,,N,,,unknown,,,,,,False,,,,,False,False,outside_priority_scope
uc_san_diego,2023-24,UC San Diego,,,,N,,,unknown,,,,,,False,,,,,False,False,outside_priority_scope
uc_san_diego,2024-25,UC San Diego,,,,N,,,unknown,,,,,,False,,,,,False,False,outside_priority_scope
uc_san_diego,2025-26,UC San Diego,,,,N,,,unknown,,,,,,False,,,,,False,False,outside_priority_scope
uc_santa_barbara,2017-18,UC Santa Barbara,,,,N,,,unknown,,,,,,False,,,,,False,False,outside_priority_scope
uc_santa_barbara,2018-19,UC Santa Barbara,,,,N,,,unknown,,,,,,False,,,,,False,False,outside_priority_scope
uc_santa_barbara,2020-21,UC Santa Barbara,,,,N,,,unknown,,,,,,False,,,,,False,False,outside_priority_scope
uc_santa_barbara,2021-22,UC Santa Barbara,,,,N,,,unknown,,,,,,False,,,,,False,False,outside_priority_scope
uc_santa_barbara,2022-23,UC Santa Barbara,,,,N,,,unknown,,,,,,False,,,,,False,False,outside_priority_scope
uc_santa_barbara,2023-24,UC Santa Barbara,,,,N,,,unknown,,,,,,False,,,,,False,False,outside_priority_scope
uc_santa_barbara,2024-25,UC Santa Barbara,,,,N,,,unknown,,,,,,False,,,,,False,False,outside_priority_scope
uc_santa_barbara,2025-26,UC Santa Barbara,,,,N,,,unknown,,,,,,False,,,,,False,False,outside_priority_scope
ucf,2017-18,UCF,Nike,Nike,https://ucfknights.com/news/2023/10/31/ucf-athletics-and-nike-extend-agreement-through-2029,Y,2023 announcement confirms Nike school since 2010; renewal through 2028-29.,official retrospective and renewal,A,legacy_036,official_announcement,,,,True,,,,,False,True,direct_contract_evidence
ucf,2018-19,UCF,Nike,Nike,https://ucfknights.com/news/2023/10/31/ucf-athletics-and-nike-extend-agreement-through-2029,Y,2023 announcement confirms Nike school since 2010; renewal through 2028-29.,official retrospective and renewal,A,legacy_036,official_announcement,,,,True,,,,,False,True,direct_contract_evidence
ucf,2020-21,UCF,Nike,Nike,https://ucfknights.com/news/2023/10/31/ucf-athletics-and-nike-extend-agreement-through-2029,Y,2023 announcement confirms Nike school since 2010; renewal through 2028-29.,official retrospective and renewal,A,legacy_036,official_announcement,,,,True,,,,,False,True,direct_contract_evidence
ucf,2021-22,UCF,Nike,Nike,https://ucfknights.com/news/2023/10/31/ucf-athletics-and-nike-extend-agreement-through-2029,Y,2023 announcement confirms Nike school since 2010; renewal through 2028-29.,official retrospective and renewal,A,legacy_036,official_announcement,,,,True,,,,,False,True,direct_contract_evidence
ucf,2022-23,UCF,Nike,Nike,https://ucfknights.com/news/2023/10/31/ucf-athletics-and-nike-extend-agreement-through-2029,Y,2023 announcement confirms Nike school since 2010; renewal through 2028-29.,official retrospective and renewal,A,legacy_036,official_announcement,,,,True,,,,,False,True,direct_contract_evidence
ucf,2023-24,UCF,Nike,Nike,https://ucfknights.com/news/2023/10/31/ucf-athletics-and-nike-extend-agreement-through-2029,Y,2023 announcement confirms Nike school since 2010; renewal through 2028-29.,official retrospective and renewal,A,legacy_036,official_announcement,,,,True,,,,,False,True,direct_contract_evidence
ucf,2024-25,UCF,Nike,Nike,https://ucfknights.com/news/2023/10/31/ucf-athletics-and-nike-extend-agreement-through-2029,Y,2023 announcement confirms Nike school since 2010; renewal through 2028-29.,official retrospective and renewal,A,legacy_036,official_announcement,,,,True,,,,,False,True,direct_contract_evidence
ucf,2025-26,UCF,Nike,Nike,https://ucfknights.com/news/2023/10/31/ucf-athletics-and-nike-extend-agreement-through-2029,Y,2023 announcement confirms Nike school since 2010; renewal through 2028-29.,official retrospective and renewal,A,legacy_036,official_announcement,,,,True,,,,,False,True,direct_contract_evidence
ucla,2017-18,UCLA,Under Armour,Under Armour,https://uclabruins.com/news/2017/07/1/ucla-under-armour-kick-off-partnership,Y,Arrangement launches July 2017; later termination means original scheduled end cannot be used.,official dated announcement,A,legacy_050,official_announcement,,,,True,,,,,False,True,direct_contract_evidence
ucla,2018-19,UCLA,Under Armour,Under Armour,https://uclabruins.com/news/2017/07/1/ucla-under-armour-kick-off-partnership,Y,Arrangement launches July 2017; later termination means original scheduled end cannot be used.,official dated announcement,A,legacy_050,official_announcement,,,,True,,,,,False,True,direct_contract_evidence
ucla,2020-21,UCLA,Under Armour,Under Armour,https://www.latimes.com/sports/story/2020-10-08/ucla-seeking-new-apparel-partner-will-wear-under-armour-this-year,Y,UCLA continued wearing Under Armour during 2020-21 despite its contract dispute.,dated newspaper report; outfit use does not establish sponsorship payments,A,legacy_100,secondary_contract_reporting,,,,True,,,,,False,True,direct_contract_evidence
ucla,2021-22,UCLA,Nike,Nike,https://uclabruins.com/documents/download/2024/9/19/02-Release_Indiana_2024_FB.pdf,Y,"Six-year deal begins July 1, 2021: Nike 22 teams; Jordan football and basketball. Department coded Nike with mixed footprint retained here.",official announcement; study-window coverage only,A,legacy_005,official_announcement,,,,True,,,,,False,True,direct_contract_evidence
ucla,2022-23,UCLA,Nike,Nike,https://uclabruins.com/documents/download/2024/9/19/02-Release_Indiana_2024_FB.pdf,Y,"Six-year deal begins July 1, 2021: Nike 22 teams; Jordan football and basketball. Department coded Nike with mixed footprint retained here.",official announcement; study-window coverage only,A,legacy_005,official_announcement,,,,True,,,,,False,True,direct_contract_evidence
ucla,2023-24,UCLA,Nike,Nike,https://uclabruins.com/documents/download/2024/9/19/02-Release_Indiana_2024_FB.pdf,Y,"Six-year deal begins July 1, 2021: Nike 22 teams; Jordan football and basketball. Department coded Nike with mixed footprint retained here.",official announcement; study-window coverage only,A,legacy_005,official_announcement,,,,True,,,,,False,True,direct_contract_evidence
ucla,2024-25,UCLA,Nike,Nike,https://uclabruins.com/documents/download/2024/9/19/02-Release_Indiana_2024_FB.pdf,Y,"Six-year deal begins July 1, 2021: Nike 22 teams; Jordan football and basketball. Department coded Nike with mixed footprint retained here.",official announcement; study-window coverage only,A,legacy_005,official_announcement,,,,True,,,,,False,True,direct_contract_evidence
ucla,2025-26,UCLA,Nike,Nike,https://uclabruins.com/documents/download/2024/9/19/02-Release_Indiana_2024_FB.pdf,Y,"Six-year deal begins July 1, 2021: Nike 22 teams; Jordan football and basketball. Department coded Nike with mixed footprint retained here.",official announcement; study-window coverage only,A,legacy_005,official_announcement,,,,True,,,,,False,True,direct_contract_evidence
uconn,2017-18,UConn,,,,N,,,unknown,,,,,,False,,,,,False,False,outside_priority_scope
uconn,2018-19,UConn,,,,N,,,unknown,,,,,,False,,,,,False,False,outside_priority_scope
uconn,2020-21,UConn,,,,N,,,unknown,,,,,,False,,,,,False,False,outside_priority_scope
uconn,2021-22,UConn,,,,N,,,unknown,,,,,,False,,,,,False,False,outside_priority_scope
uconn,2022-23,UConn,,,,N,,,unknown,,,,,,False,,,,,False,False,outside_priority_scope
uconn,2023-24,UConn,,,,N,,,unknown,,,,,,False,,,,,False,False,outside_priority_scope
uconn,2024-25,UConn,,,,N,,,unknown,,,,,,False,,,,,False,False,outside_priority_scope
uconn,2025-26,UConn,,,,N,,,unknown,,,,,,False,,,,,False,False,outside_priority_scope
umbc,2017-18,UMBC,,,,N,,,unknown,,,,,,False,,,,,False,False,outside_priority_scope
umbc,2018-19,UMBC,,,,N,,,unknown,,,,,,False,,,,,False,False,outside_priority_scope
umbc,2020-21,UMBC,,,,N,,,unknown,,,,,,False,,,,,False,False,outside_priority_scope
umbc,2021-22,UMBC,,,,N,,,unknown,,,,,,False,,,,,False,False,outside_priority_scope
umbc,2022-23,UMBC,,,,N,,,unknown,,,,,,False,,,,,False,False,outside_priority_scope
umbc,2023-24,UMBC,,,,N,,,unknown,,,,,,False,,,,,False,False,outside_priority_scope
umbc,2024-25,UMBC,,,,N,,,unknown,,,,,,False,,,,,False,False,outside_priority_scope
umbc,2025-26,UMBC,,,,N,,,unknown,,,,,,False,,,,,False,False,outside_priority_scope
umkc,2017-18,UMKC,,,,N,,,unknown,,,,,,False,,,,,False,False,outside_priority_scope
umkc,2018-19,UMKC,,,,N,,,unknown,,,,,,False,,,,,False,False,outside_priority_scope
umkc,2020-21,UMKC,,,,N,,,unknown,,,,,,False,,,,,False,False,outside_priority_scope
umkc,2021-22,UMKC,,,,N,,,unknown,,,,,,False,,,,,False,False,outside_priority_scope
umkc,2022-23,UMKC,,,,N,,,unknown,,,,,,False,,,,,False,False,outside_priority_scope
umkc,2023-24,UMKC,,,,N,,,unknown,,,,,,False,,,,,False,False,outside_priority_scope
umkc,2024-25,UMKC,,,,N,,,unknown,,,,,,False,,,,,False,False,outside_priority_scope
umkc,2025-26,UMKC,,,,N,,,unknown,,,,,,False,,,,,False,False,outside_priority_scope
unlv,2017-18,UNLV,,,,N,,,unknown,,,,,,False,,,,,False,False,outside_priority_scope
unlv,2018-19,UNLV,,,,N,,,unknown,,,,,,False,,,,,False,False,outside_priority_scope
unlv,2020-21,UNLV,,,,N,,,unknown,,,,,,False,,,,,False,False,outside_priority_scope
unlv,2021-22,UNLV,,,,N,,,unknown,,,,,,False,,,,,False,False,outside_priority_scope
unlv,2022-23,UNLV,,,,N,,,unknown,,,,,,False,,,,,False,False,outside_priority_scope
unlv,2023-24,UNLV,,,,N,,,unknown,,,,,,False,,,,,False,False,outside_priority_scope
unlv,2024-25,UNLV,,,,N,,,unknown,,,,,,False,,,,,False,False,outside_priority_scope
unlv,2025-26,UNLV,,,,N,,,unknown,,,,,,False,,,,,False,False,outside_priority_scope
usc,2017-18,USC,Nike,Nike,https://usctrojans.com/news/2026/7/14/usc-trojans-athletics-nike-jerseys-uniforms-gear-apparel-shoes-deal-extension-nil,Y,2026 retrospective explicitly describes continuous all-school partnership for more than thirty years.,official retrospective,A,legacy_031,official_announcement,,,,True,,,,,False,True,direct_contract_evidence
usc,2018-19,USC,Nike,Nike,https://usctrojans.com/news/2026/7/14/usc-trojans-athletics-nike-jerseys-uniforms-gear-apparel-shoes-deal-extension-nil,Y,2026 retrospective explicitly describes continuous all-school partnership for more than thirty years.,official retrospective,A,legacy_031,official_announcement,,,,True,,,,,False,True,direct_contract_evidence
usc,2020-21,USC,Nike,Nike,https://usctrojans.com/news/2026/7/14/usc-trojans-athletics-nike-jerseys-uniforms-gear-apparel-shoes-deal-extension-nil,Y,2026 retrospective explicitly describes continuous all-school partnership for more than thirty years.,official retrospective,A,legacy_031,official_announcement,,,,True,,,,,False,True,direct_contract_evidence
usc,2021-22,USC,Nike,Nike,https://usctrojans.com/news/2026/7/14/usc-trojans-athletics-nike-jerseys-uniforms-gear-apparel-shoes-deal-extension-nil,Y,2026 retrospective explicitly describes continuous all-school partnership for more than thirty years.,official retrospective,A,legacy_031,official_announcement,,,,True,,,,,False,True,direct_contract_evidence
usc,2022-23,USC,Nike,Nike,https://usctrojans.com/news/2026/7/14/usc-trojans-athletics-nike-jerseys-uniforms-gear-apparel-shoes-deal-extension-nil,Y,2026 retrospective explicitly describes continuous all-school partnership for more than thirty years.,official retrospective,A,legacy_031,official_announcement,,,,True,,,,,False,True,direct_contract_evidence
usc,2023-24,USC,Nike,Nike,https://usctrojans.com/news/2026/7/14/usc-trojans-athletics-nike-jerseys-uniforms-gear-apparel-shoes-deal-extension-nil,Y,2026 retrospective explicitly describes continuous all-school partnership for more than thirty years.,official retrospective,A,legacy_031,official_announcement,,,,True,,,,,False,True,direct_contract_evidence
usc,2024-25,USC,Nike,Nike,https://usctrojans.com/news/2026/7/14/usc-trojans-athletics-nike-jerseys-uniforms-gear-apparel-shoes-deal-extension-nil,Y,2026 retrospective explicitly describes continuous all-school partnership for more than thirty years.,official retrospective,A,legacy_031,official_announcement,,,,True,,,,,False,True,direct_contract_evidence
usc,2025-26,USC,Nike,Nike,https://usctrojans.com/news/2026/7/14/usc-trojans-athletics-nike-jerseys-uniforms-gear-apparel-shoes-deal-extension-nil,Y,2026 retrospective explicitly describes continuous all-school partnership for more than thirty years.,official retrospective,A,legacy_031,official_announcement,,,,True,,,,,False,True,direct_contract_evidence
utep,2017-18,UTEP,,,,N,,,unknown,,,,,,False,,,,,False,False,outside_priority_scope
utep,2018-19,UTEP,,,,N,,,unknown,,,,,,False,,,,,False,False,outside_priority_scope
utep,2020-21,UTEP,,,,N,,,unknown,,,,,,False,,,,,False,False,outside_priority_scope
utep,2021-22,UTEP,,,,N,,,unknown,,,,,,False,,,,,False,False,outside_priority_scope
utep,2022-23,UTEP,,,,N,,,unknown,,,,,,False,,,,,False,False,outside_priority_scope
utep,2023-24,UTEP,,,,N,,,unknown,,,,,,False,,,,,False,False,outside_priority_scope
utep,2024-25,UTEP,,,,N,,,unknown,,,,,,False,,,,,False,False,outside_priority_scope
utep,2025-26,UTEP,,,,N,,,unknown,,,,,,False,,,,,False,False,outside_priority_scope
utrgv,2017-18,UTRGV,,,,N,,,unknown,,,,,,False,,,,,False,False,outside_priority_scope
utrgv,2018-19,UTRGV,,,,N,,,unknown,,,,,,False,,,,,False,False,outside_priority_scope
utrgv,2020-21,UTRGV,,,,N,,,unknown,,,,,,False,,,,,False,False,outside_priority_scope
utrgv,2021-22,UTRGV,,,,N,,,unknown,,,,,,False,,,,,False,False,outside_priority_scope
utrgv,2022-23,UTRGV,,,,N,,,unknown,,,,,,False,,,,,False,False,outside_priority_scope
utrgv,2023-24,UTRGV,,,,N,,,unknown,,,,,,False,,,,,False,False,outside_priority_scope
utrgv,2024-25,UTRGV,,,,N,,,unknown,,,,,,False,,,,,False,False,outside_priority_scope
utrgv,2025-26,UTRGV,,,,N,,,unknown,,,,,,False,,,,,False,False,outside_priority_scope
utsa,2017-18,UTSA,,,,N,,,unknown,,,,,,False,,,,,False,False,outside_priority_scope
utsa,2018-19,UTSA,,,,N,,,unknown,,,,,,False,,,,,False,False,outside_priority_scope
utsa,2020-21,UTSA,,,,N,,,unknown,,,,,,False,,,,,False,False,outside_priority_scope
utsa,2021-22,UTSA,,,,N,,,unknown,,,,,,False,,,,,False,False,outside_priority_scope
utsa,2022-23,UTSA,,,,N,,,unknown,,,,,,False,,,,,False,False,outside_priority_scope
utsa,2023-24,UTSA,,,,N,,,unknown,,,,,,False,,,,,False,False,outside_priority_scope
utsa,2024-25,UTSA,,,,N,,,unknown,,,,,,False,,,,,False,False,outside_priority_scope
utsa,2025-26,UTSA,,,,N,,,unknown,,,,,,False,,,,,False,False,outside_priority_scope
utah,2017-18,Utah,Under Armour,Under Armour,https://utahutes.com/news/2016/10/12/general-utah-athletics-and-under-armour-sign-extension,Y,2016 ten-year extension covers varsity programs through June 2027.,official dated announcement,A,legacy_037,official_announcement,,,,True,,,,,False,True,direct_contract_evidence
utah,2018-19,Utah,Under Armour,Under Armour,https://utahutes.com/news/2016/10/12/general-utah-athletics-and-under-armour-sign-extension,Y,2016 ten-year extension covers varsity programs through June 2027.,official dated announcement,A,legacy_037,official_announcement,,,,True,,,,,False,True,direct_contract_evidence
utah,2020-21,Utah,Under Armour,Under Armour,https://utahutes.com/news/2016/10/12/general-utah-athletics-and-under-armour-sign-extension,Y,2016 ten-year extension covers varsity programs through June 2027.,official dated announcement,A,legacy_037,official_announcement,,,,True,,,,,False,True,direct_contract_evidence
utah,2021-22,Utah,Under Armour,Under Armour,https://utahutes.com/news/2016/10/12/general-utah-athletics-and-under-armour-sign-extension,Y,2016 ten-year extension covers varsity programs through June 2027.,official dated announcement,A,legacy_037,official_announcement,,,,True,,,,,False,True,direct_contract_evidence
utah,2022-23,Utah,Under Armour,Under Armour,https://utahutes.com/news/2016/10/12/general-utah-athletics-and-under-armour-sign-extension,Y,2016 ten-year extension covers varsity programs through June 2027.,official dated announcement,A,legacy_037,official_announcement,,,,True,,,,,False,True,direct_contract_evidence
utah,2023-24,Utah,Under Armour,Under Armour,https://utahutes.com/news/2016/10/12/general-utah-athletics-and-under-armour-sign-extension,Y,2016 ten-year extension covers varsity programs through June 2027.,official dated announcement,A,legacy_037,official_announcement,,,,True,,,,,False,True,direct_contract_evidence
utah,2024-25,Utah,Under Armour,Under Armour,https://utahutes.com/news/2016/10/12/general-utah-athletics-and-under-armour-sign-extension,Y,2016 ten-year extension covers varsity programs through June 2027.,official dated announcement,A,legacy_037,official_announcement,,,,True,,,,,False,True,direct_contract_evidence
utah,2025-26,Utah,Under Armour,Under Armour,https://utahutes.com/news/2016/10/12/general-utah-athletics-and-under-armour-sign-extension,Y,2016 ten-year extension covers varsity programs through June 2027.,official dated announcement,A,legacy_037,official_announcement,,,,True,,,,,False,True,direct_contract_evidence
utah_state,2017-18,Utah State,,,,N,,,unknown,,,,,,False,,,,,False,False,outside_priority_scope
utah_state,2018-19,Utah State,,,,N,,,unknown,,,,,,False,,,,,False,False,outside_priority_scope
utah_state,2020-21,Utah State,,,,N,,,unknown,,,,,,False,,,,,False,False,outside_priority_scope
utah_state,2021-22,Utah State,,,,N,,,unknown,,,,,,False,,,,,False,False,outside_priority_scope
utah_state,2022-23,Utah State,,,,N,,,unknown,,,,,,False,,,,,False,False,outside_priority_scope
utah_state,2023-24,Utah State,,,,N,,,unknown,,,,,,False,,,,,False,False,outside_priority_scope
utah_state,2024-25,Utah State,,,,N,,,unknown,,,,,,False,,,,,False,False,outside_priority_scope
utah_state,2025-26,Utah State,,,,N,,,unknown,,,,,,False,,,,,False,False,outside_priority_scope
utah_valley,2017-18,Utah Valley,,,,N,,,unknown,,,,,,False,,,,,False,False,outside_priority_scope
utah_valley,2018-19,Utah Valley,,,,N,,,unknown,,,,,,False,,,,,False,False,outside_priority_scope
utah_valley,2020-21,Utah Valley,,,,N,,,unknown,,,,,,False,,,,,False,False,outside_priority_scope
utah_valley,2021-22,Utah Valley,,,,N,,,unknown,,,,,,False,,,,,False,False,outside_priority_scope
utah_valley,2022-23,Utah Valley,,,,N,,,unknown,,,,,,False,,,,,False,False,outside_priority_scope
utah_valley,2023-24,Utah Valley,,,,N,,,unknown,,,,,,False,,,,,False,False,outside_priority_scope
utah_valley,2024-25,Utah Valley,,,,N,,,unknown,,,,,,False,,,,,False,False,outside_priority_scope
utah_valley,2025-26,Utah Valley,,,,N,,,unknown,,,,,,False,,,,,False,False,outside_priority_scope
vcu,2017-18,VCU,,,,N,,,unknown,,,,,,False,,,,,False,False,outside_priority_scope
vcu,2018-19,VCU,,,,N,,,unknown,,,,,,False,,,,,False,False,outside_priority_scope
vcu,2020-21,VCU,,,,N,,,unknown,,,,,,False,,,,,False,False,outside_priority_scope
vcu,2021-22,VCU,,,,N,,,unknown,,,,,,False,,,,,False,False,outside_priority_scope
vcu,2022-23,VCU,,,,N,,,unknown,,,,,,False,,,,,False,False,outside_priority_scope
vcu,2023-24,VCU,,,,N,,,unknown,,,,,,False,,,,,False,False,outside_priority_scope
vcu,2024-25,VCU,,,,N,,,unknown,,,,,,False,,,,,False,False,outside_priority_scope
vcu,2025-26,VCU,,,,N,,,unknown,,,,,,False,,,,,False,False,outside_priority_scope
valparaiso,2017-18,Valparaiso,,,,N,,,unknown,,,,,,False,,,,,False,False,outside_priority_scope
valparaiso,2018-19,Valparaiso,,,,N,,,unknown,,,,,,False,,,,,False,False,outside_priority_scope
valparaiso,2020-21,Valparaiso,,,,N,,,unknown,,,,,,False,,,,,False,False,outside_priority_scope
valparaiso,2021-22,Valparaiso,,,,N,,,unknown,,,,,,False,,,,,False,False,outside_priority_scope
valparaiso,2022-23,Valparaiso,,,,N,,,unknown,,,,,,False,,,,,False,False,outside_priority_scope
valparaiso,2023-24,Valparaiso,,,,N,,,unknown,,,,,,False,,,,,False,False,outside_priority_scope
valparaiso,2024-25,Valparaiso,,,,N,,,unknown,,,,,,False,,,,,False,False,outside_priority_scope
valparaiso,2025-26,Valparaiso,,,,N,,,unknown,,,,,,False,,,,,False,False,outside_priority_scope
vanderbilt,2017-18,Vanderbilt,Nike,Nike,https://vucommodores.com/news/2015/07/07/vanderbilt-nike-expand-agreement,Y,2015 announcement expands department-wide deal through 2023.,official dated announcement,A,legacy_038,official_announcement,,,,True,,,,,False,True,direct_contract_evidence
vanderbilt,2018-19,Vanderbilt,Nike,Nike,https://vucommodores.com/news/2015/07/07/vanderbilt-nike-expand-agreement,Y,2015 announcement expands department-wide deal through 2023.,official dated announcement,A,legacy_038,official_announcement,,,,True,,,,,False,True,direct_contract_evidence
vanderbilt,2020-21,Vanderbilt,Nike,Nike,https://vucommodores.com/news/2015/07/07/vanderbilt-nike-expand-agreement,Y,2015 announcement expands department-wide deal through 2023.,official dated announcement,A,legacy_038,official_announcement,,,,True,,,,,False,True,direct_contract_evidence
vanderbilt,2021-22,Vanderbilt,Nike,Nike,https://vucommodores.com/news/2015/07/07/vanderbilt-nike-expand-agreement,Y,2015 announcement expands department-wide deal through 2023.,official dated announcement,A,legacy_038,official_announcement,,,,True,,,,,False,True,direct_contract_evidence
vanderbilt,2022-23,Vanderbilt,Nike,Nike,https://vucommodores.com/news/2015/07/07/vanderbilt-nike-expand-agreement,Y,2015 announcement expands department-wide deal through 2023.,official dated announcement,A,legacy_038,official_announcement,,,,True,,,,,False,True,direct_contract_evidence
vanderbilt,2023-24,Vanderbilt,,,,N,,,unknown,,,,,,True,,,,,False,False,unknown
vanderbilt,2024-25,Vanderbilt,,,,N,,,unknown,,,,,,True,,,,,False,False,unknown
vanderbilt,2025-26,Vanderbilt,,,,N,,,unknown,,,,,,True,,,,,False,False,unknown
vermont,2017-18,Vermont,,,,N,,,unknown,,,,,,False,,,,,False,False,outside_priority_scope
vermont,2018-19,Vermont,,,,N,,,unknown,,,,,,False,,,,,False,False,outside_priority_scope
vermont,2020-21,Vermont,,,,N,,,unknown,,,,,,False,,,,,False,False,outside_priority_scope
vermont,2021-22,Vermont,,,,N,,,unknown,,,,,,False,,,,,False,False,outside_priority_scope
vermont,2022-23,Vermont,,,,N,,,unknown,,,,,,False,,,,,False,False,outside_priority_scope
vermont,2023-24,Vermont,,,,N,,,unknown,,,,,,False,,,,,False,False,outside_priority_scope
vermont,2024-25,Vermont,,,,N,,,unknown,,,,,,False,,,,,False,False,outside_priority_scope
vermont,2025-26,Vermont,,,,N,,,unknown,,,,,,False,,,,,False,False,outside_priority_scope
villanova,2017-18,Villanova,,,,N,,,unknown,,,,,,False,,,,,False,False,outside_priority_scope
villanova,2018-19,Villanova,,,,N,,,unknown,,,,,,False,,,,,False,False,outside_priority_scope
villanova,2020-21,Villanova,,,,N,,,unknown,,,,,,False,,,,,False,False,outside_priority_scope
villanova,2021-22,Villanova,,,,N,,,unknown,,,,,,False,,,,,False,False,outside_priority_scope
villanova,2022-23,Villanova,,,,N,,,unknown,,,,,,False,,,,,False,False,outside_priority_scope
villanova,2023-24,Villanova,,,,N,,,unknown,,,,,,False,,,,,False,False,outside_priority_scope
villanova,2024-25,Villanova,,,,N,,,unknown,,,,,,False,,,,,False,False,outside_priority_scope
villanova,2025-26,Villanova,,,,N,,,unknown,,,,,,False,,,,,False,False,outside_priority_scope
virginia,2017-18,Virginia,Nike,Nike,https://athleticdirectoru.com/articles/cash-is-king-in-intercollegiate-apparel-agreements/,Y,CRIA researchers table identifies provider in 2017-18 only. No forward-fill. Known erroneous Rutgers entry in compilation not used.,researchers contract compilation snapshot,A,legacy_080,secondary_contract_reporting,,,,True,,,,,False,True,direct_contract_evidence
virginia,2018-19,Virginia,Nike,Nike,https://athleticdirectoru.com/articles/cash-is-king-in-intercollegiate-apparel-agreements/,N,Inferred between 2017-18 (A) and 2025-26 (B); same provider and no known intervening transition in reviewed evidence.,"continuity inference; endpoints only, not direct seasonal observation",C,,inferred_from_two_sources,,,,True,2017-18,2025-26,https://athleticdirectoru.com/articles/cash-is-king-in-intercollegiate-apparel-agreements/,https://static.virginiasports.com/pdfs/w-bball/2025-26/GameNotes/012426-NCSU-GameNotes.pdf,True,True,inferred_continuity
virginia,2020-21,Virginia,Nike,Nike,https://athleticdirectoru.com/articles/cash-is-king-in-intercollegiate-apparel-agreements/,N,Inferred between 2017-18 (A) and 2025-26 (B); same provider and no known intervening transition in reviewed evidence.,"continuity inference; endpoints only, not direct seasonal observation",C,,inferred_from_two_sources,,,,True,2017-18,2025-26,https://athleticdirectoru.com/articles/cash-is-king-in-intercollegiate-apparel-agreements/,https://static.virginiasports.com/pdfs/w-bball/2025-26/GameNotes/012426-NCSU-GameNotes.pdf,True,True,inferred_continuity
virginia,2021-22,Virginia,Nike,Nike,https://athleticdirectoru.com/articles/cash-is-king-in-intercollegiate-apparel-agreements/,N,Inferred between 2017-18 (A) and 2025-26 (B); same provider and no known intervening transition in reviewed evidence.,"continuity inference; endpoints only, not direct seasonal observation",C,,inferred_from_two_sources,,,,True,2017-18,2025-26,https://athleticdirectoru.com/articles/cash-is-king-in-intercollegiate-apparel-agreements/,https://static.virginiasports.com/pdfs/w-bball/2025-26/GameNotes/012426-NCSU-GameNotes.pdf,True,True,inferred_continuity
virginia,2022-23,Virginia,Nike,Nike,https://athleticdirectoru.com/articles/cash-is-king-in-intercollegiate-apparel-agreements/,N,Inferred between 2017-18 (A) and 2025-26 (B); same provider and no known intervening transition in reviewed evidence.,"continuity inference; endpoints only, not direct seasonal observation",C,,inferred_from_two_sources,,,,True,2017-18,2025-26,https://athleticdirectoru.com/articles/cash-is-king-in-intercollegiate-apparel-agreements/,https://static.virginiasports.com/pdfs/w-bball/2025-26/GameNotes/012426-NCSU-GameNotes.pdf,True,True,inferred_continuity
virginia,2023-24,Virginia,Nike,Nike,https://athleticdirectoru.com/articles/cash-is-king-in-intercollegiate-apparel-agreements/,N,Inferred between 2017-18 (A) and 2025-26 (B); same provider and no known intervening transition in reviewed evidence.,"continuity inference; endpoints only, not direct seasonal observation",C,,inferred_from_two_sources,,,,True,2017-18,2025-26,https://athleticdirectoru.com/articles/cash-is-king-in-intercollegiate-apparel-agreements/,https://static.virginiasports.com/pdfs/w-bball/2025-26/GameNotes/012426-NCSU-GameNotes.pdf,True,True,inferred_continuity
virginia,2024-25,Virginia,Nike,Nike,https://athleticdirectoru.com/articles/cash-is-king-in-intercollegiate-apparel-agreements/,N,Inferred between 2017-18 (A) and 2025-26 (B); same provider and no known intervening transition in reviewed evidence.,"continuity inference; endpoints only, not direct seasonal observation",C,,inferred_from_two_sources,,,,True,2017-18,2025-26,https://athleticdirectoru.com/articles/cash-is-king-in-intercollegiate-apparel-agreements/,https://static.virginiasports.com/pdfs/w-bball/2025-26/GameNotes/012426-NCSU-GameNotes.pdf,True,True,inferred_continuity
virginia,2025-26,Virginia,Nike,Nike,https://static.virginiasports.com/pdfs/w-bball/2025-26/GameNotes/012426-NCSU-GameNotes.pdf,Y,"Official dated 2025-26 game notes p.42 broadcast sheet shows current team uniforms with Nike marks (e.g., Gabby White and Kymora Johnson). Visual evidence corroborates historical department provider; team scope noted.",dated official evidence,B,tier_125,official_game_notes_visual,2026-01-24,,,True,,,,,False,True,dated_official_use
virginia_military_institute,2017-18,Virginia Military Institute,,,,N,,,unknown,,,,,,False,,,,,False,False,outside_priority_scope
virginia_military_institute,2018-19,Virginia Military Institute,,,,N,,,unknown,,,,,,False,,,,,False,False,outside_priority_scope
virginia_military_institute,2020-21,Virginia Military Institute,,,,N,,,unknown,,,,,,False,,,,,False,False,outside_priority_scope
virginia_military_institute,2021-22,Virginia Military Institute,,,,N,,,unknown,,,,,,False,,,,,False,False,outside_priority_scope
virginia_military_institute,2022-23,Virginia Military Institute,,,,N,,,unknown,,,,,,False,,,,,False,False,outside_priority_scope
virginia_military_institute,2023-24,Virginia Military Institute,,,,N,,,unknown,,,,,,False,,,,,False,False,outside_priority_scope
virginia_military_institute,2024-25,Virginia Military Institute,,,,N,,,unknown,,,,,,False,,,,,False,False,outside_priority_scope
virginia_military_institute,2025-26,Virginia Military Institute,,,,N,,,unknown,,,,,,False,,,,,False,False,outside_priority_scope
virginia_tech,2017-18,Virginia Tech,Nike,Nike,https://techsideline.com/article/2016/05/25/virginia-techs-nike-deal,Y,"Contract reporting states July 1, 2014 through June 30, 2022.",specialist publication contract reporting,A,legacy_042,secondary_contract_reporting,,,,True,,,,,False,True,direct_contract_evidence
virginia_tech,2018-19,Virginia Tech,Nike,Nike,https://techsideline.com/article/2016/05/25/virginia-techs-nike-deal,Y,"Contract reporting states July 1, 2014 through June 30, 2022.",specialist publication contract reporting,A,legacy_042,secondary_contract_reporting,,,,True,,,,,False,True,direct_contract_evidence
virginia_tech,2020-21,Virginia Tech,Nike,Nike,https://techsideline.com/article/2016/05/25/virginia-techs-nike-deal,Y,"Contract reporting states July 1, 2014 through June 30, 2022.",specialist publication contract reporting,A,legacy_042,secondary_contract_reporting,,,,True,,,,,False,True,direct_contract_evidence
virginia_tech,2021-22,Virginia Tech,Nike,Nike,https://techsideline.com/article/2016/05/25/virginia-techs-nike-deal,Y,"Contract reporting states July 1, 2014 through June 30, 2022.",specialist publication contract reporting,A,legacy_042,secondary_contract_reporting,,,,True,,,,,False,True,direct_contract_evidence
virginia_tech,2022-23,Virginia Tech,Nike,Nike,https://techsideline.com/article/2016/05/25/virginia-techs-nike-deal,N,Inferred between 2021-22 (A) and 2025-26 (B); same provider and no known intervening transition in reviewed evidence.,"continuity inference; endpoints only, not direct seasonal observation",C,,inferred_from_two_sources,,,,True,2021-22,2025-26,https://techsideline.com/article/2016/05/25/virginia-techs-nike-deal,https://web.archive.org/web/20251001074352/https://hokiesports.com/,True,True,inferred_continuity
virginia_tech,2023-24,Virginia Tech,Nike,Nike,https://techsideline.com/article/2016/05/25/virginia-techs-nike-deal,N,Inferred between 2021-22 (A) and 2025-26 (B); same provider and no known intervening transition in reviewed evidence.,"continuity inference; endpoints only, not direct seasonal observation",C,,inferred_from_two_sources,,,,True,2021-22,2025-26,https://techsideline.com/article/2016/05/25/virginia-techs-nike-deal,https://web.archive.org/web/20251001074352/https://hokiesports.com/,True,True,inferred_continuity
virginia_tech,2024-25,Virginia Tech,Nike,Nike,https://techsideline.com/article/2016/05/25/virginia-techs-nike-deal,N,Inferred between 2021-22 (A) and 2025-26 (B); same provider and no known intervening transition in reviewed evidence.,"continuity inference; endpoints only, not direct seasonal observation",C,,inferred_from_two_sources,,,,True,2021-22,2025-26,https://techsideline.com/article/2016/05/25/virginia-techs-nike-deal,https://web.archive.org/web/20251001074352/https://hokiesports.com/,True,True,inferred_continuity
virginia_tech,2025-26,Virginia Tech,Nike,Nike,https://web.archive.org/web/20251001074352/https://hokiesports.com/,Y,Archived official athletics site displays brand in department footer or sponsor section. Archived Snapshot reviewed during research; follow the archive URL to inspect the original.,dated official evidence,B,tier_108,wayback_official_site,2025-10-01,https://web.archive.org/web/20251001074352/https://hokiesports.com/,2025-10-01,True,,,,,False,True,dated_official_use
wagner,2017-18,Wagner,,,,N,,,unknown,,,,,,False,,,,,False,False,outside_priority_scope
wagner,2018-19,Wagner,,,,N,,,unknown,,,,,,False,,,,,False,False,outside_priority_scope
wagner,2020-21,Wagner,,,,N,,,unknown,,,,,,False,,,,,False,False,outside_priority_scope
wagner,2021-22,Wagner,,,,N,,,unknown,,,,,,False,,,,,False,False,outside_priority_scope
wagner,2022-23,Wagner,,,,N,,,unknown,,,,,,False,,,,,False,False,outside_priority_scope
wagner,2023-24,Wagner,,,,N,,,unknown,,,,,,False,,,,,False,False,outside_priority_scope
wagner,2024-25,Wagner,,,,N,,,unknown,,,,,,False,,,,,False,False,outside_priority_scope
wagner,2025-26,Wagner,,,,N,,,unknown,,,,,,False,,,,,False,False,outside_priority_scope
wake_forest,2017-18,Wake Forest,,,,N,,,unknown,,,,,,True,,,,,False,False,unknown
wake_forest,2018-19,Wake Forest,,,,N,,,unknown,,,,,,True,,,,,False,False,unknown
wake_forest,2020-21,Wake Forest,,,,N,,,unknown,,,,,,True,,,,,False,False,unknown
wake_forest,2021-22,Wake Forest,Nike,Nike,https://godeacs.com/news/2021/12/16/general-wake-forest-teams-with-winston-salem-headquartered-globally-renowned-hanesbrands-inc-as-primary-licensed-apparel-partner,Y,December 2021 confirms Nike remains exclusive uniform supplier; Hanesbrands arrangement is retail licensing.,official dated announcement,B,legacy_093,official_announcement,2021-12-16,,,True,,,,,False,True,dated_official_use
wake_forest,2022-23,Wake Forest,,,,N,,,unknown,,,,,,True,,,,,False,False,unknown
wake_forest,2023-24,Wake Forest,,,,N,,,unknown,,,,,,True,,,,,False,False,unknown
wake_forest,2024-25,Wake Forest,,,,N,,,unknown,,,,,,True,,,,,False,False,unknown
wake_forest,2025-26,Wake Forest,,,,N,,,unknown,,,,,,True,,,,,False,False,unknown
washington,2017-18,Washington,Nike,Nike,https://www.seattlepi.com/sports/uw_huskies_wsu_cougars/article/The-Three-Stripe-era-UW-athletics-announces-14064340.php,Y,July 2019 adidas activation ends twenty-year Nike relationship.,newspaper retrospective,A,legacy_067,secondary_contract_reporting,,,,True,,,,,False,True,direct_contract_evidence
washington,2018-19,Washington,Nike,Nike,https://www.seattlepi.com/sports/uw_huskies_wsu_cougars/article/The-Three-Stripe-era-UW-athletics-announces-14064340.php,Y,July 2019 adidas activation ends twenty-year Nike relationship.,newspaper retrospective,A,legacy_067,secondary_contract_reporting,,,,True,,,,,False,True,direct_contract_evidence
washington,2020-21,Washington,adidas,adidas,https://gohuskies.com/news/2018/4/10/general-university-of-washington-agrees-to-terms-on-10-year-partnership-with-adidas,Y,"Ten-year agreement starts July 2019, ends June 2029. Transition occurs in excluded 2019-20 season; confirmed activated by SeattlePI July 2019 report.",official dated announcement,A,legacy_068,official_announcement,,,,True,,,,,False,True,direct_contract_evidence
washington,2021-22,Washington,adidas,adidas,https://gohuskies.com/news/2018/4/10/general-university-of-washington-agrees-to-terms-on-10-year-partnership-with-adidas,Y,"Ten-year agreement starts July 2019, ends June 2029. Transition occurs in excluded 2019-20 season; confirmed activated by SeattlePI July 2019 report.",official dated announcement,A,legacy_068,official_announcement,,,,True,,,,,False,True,direct_contract_evidence
washington,2022-23,Washington,adidas,adidas,https://gohuskies.com/news/2018/4/10/general-university-of-washington-agrees-to-terms-on-10-year-partnership-with-adidas,Y,"Ten-year agreement starts July 2019, ends June 2029. Transition occurs in excluded 2019-20 season; confirmed activated by SeattlePI July 2019 report.",official dated announcement,A,legacy_068,official_announcement,,,,True,,,,,False,True,direct_contract_evidence
washington,2023-24,Washington,adidas,adidas,https://gohuskies.com/news/2018/4/10/general-university-of-washington-agrees-to-terms-on-10-year-partnership-with-adidas,Y,"Ten-year agreement starts July 2019, ends June 2029. Transition occurs in excluded 2019-20 season; confirmed activated by SeattlePI July 2019 report.",official dated announcement,A,legacy_068,official_announcement,,,,True,,,,,False,True,direct_contract_evidence
washington,2024-25,Washington,adidas,adidas,https://gohuskies.com/news/2018/4/10/general-university-of-washington-agrees-to-terms-on-10-year-partnership-with-adidas,Y,"Ten-year agreement starts July 2019, ends June 2029. Transition occurs in excluded 2019-20 season; confirmed activated by SeattlePI July 2019 report.",official dated announcement,A,legacy_068,official_announcement,,,,True,,,,,False,True,direct_contract_evidence
washington,2025-26,Washington,adidas,adidas,https://gohuskies.com/news/2018/4/10/general-university-of-washington-agrees-to-terms-on-10-year-partnership-with-adidas,Y,"Ten-year agreement starts July 2019, ends June 2029. Transition occurs in excluded 2019-20 season; confirmed activated by SeattlePI July 2019 report.",official dated announcement,A,legacy_068,official_announcement,,,,True,,,,,False,True,direct_contract_evidence
washington_state,2017-18,Washington State,,,,N,,,unknown,,,,,,False,,,,,False,False,outside_priority_scope
washington_state,2018-19,Washington State,,,,N,,,unknown,,,,,,False,,,,,False,False,outside_priority_scope
washington_state,2020-21,Washington State,,,,N,,,unknown,,,,,,False,,,,,False,False,outside_priority_scope
washington_state,2021-22,Washington State,,,,N,,,unknown,,,,,,False,,,,,False,False,outside_priority_scope
washington_state,2022-23,Washington State,,,,N,,,unknown,,,,,,False,,,,,False,False,outside_priority_scope
washington_state,2023-24,Washington State,,,,N,,,unknown,,,,,,False,,,,,False,False,outside_priority_scope
washington_state,2024-25,Washington State,,,,N,,,unknown,,,,,,False,,,,,False,False,outside_priority_scope
washington_state,2025-26,Washington State,,,,N,,,unknown,,,,,,False,,,,,False,False,outside_priority_scope
weber_state,2017-18,Weber State,,,,N,,,unknown,,,,,,False,,,,,False,False,outside_priority_scope
weber_state,2018-19,Weber State,,,,N,,,unknown,,,,,,False,,,,,False,False,outside_priority_scope
weber_state,2020-21,Weber State,,,,N,,,unknown,,,,,,False,,,,,False,False,outside_priority_scope
weber_state,2021-22,Weber State,,,,N,,,unknown,,,,,,False,,,,,False,False,outside_priority_scope
weber_state,2022-23,Weber State,,,,N,,,unknown,,,,,,False,,,,,False,False,outside_priority_scope
weber_state,2023-24,Weber State,,,,N,,,unknown,,,,,,False,,,,,False,False,outside_priority_scope
weber_state,2024-25,Weber State,,,,N,,,unknown,,,,,,False,,,,,False,False,outside_priority_scope
weber_state,2025-26,Weber State,,,,N,,,unknown,,,,,,False,,,,,False,False,outside_priority_scope
west_virginia,2017-18,West Virginia,Nike,Nike,https://www2.kusports.com/weblogs/tale-tait/2017/sep/28/kus-deal-with-adidas-is-companys-second/,Y,2017 contract roundup identifies Nike term through 2026. CRIA table incorrectly labels school UA; that conflicting entry is rejected.,newspaper contract compilation; underlying dates not independently inspected,A,legacy_064,secondary_contract_reporting,,,,True,,,,,False,True,direct_contract_evidence
west_virginia,2018-19,West Virginia,Nike,Nike,https://www2.kusports.com/weblogs/tale-tait/2017/sep/28/kus-deal-with-adidas-is-companys-second/,Y,2017 contract roundup identifies Nike term through 2026. CRIA table incorrectly labels school UA; that conflicting entry is rejected.,newspaper contract compilation; underlying dates not independently inspected,A,legacy_064,secondary_contract_reporting,,,,True,,,,,False,True,direct_contract_evidence
west_virginia,2020-21,West Virginia,Nike,Nike,https://www2.kusports.com/weblogs/tale-tait/2017/sep/28/kus-deal-with-adidas-is-companys-second/,Y,2017 contract roundup identifies Nike term through 2026. CRIA table incorrectly labels school UA; that conflicting entry is rejected.,newspaper contract compilation; underlying dates not independently inspected,A,legacy_064,secondary_contract_reporting,,,,True,,,,,False,True,direct_contract_evidence
west_virginia,2021-22,West Virginia,Nike,Nike,https://www2.kusports.com/weblogs/tale-tait/2017/sep/28/kus-deal-with-adidas-is-companys-second/,Y,2017 contract roundup identifies Nike term through 2026. CRIA table incorrectly labels school UA; that conflicting entry is rejected.,newspaper contract compilation; underlying dates not independently inspected,A,legacy_064,secondary_contract_reporting,,,,True,,,,,False,True,direct_contract_evidence
west_virginia,2022-23,West Virginia,Nike,Nike,https://www2.kusports.com/weblogs/tale-tait/2017/sep/28/kus-deal-with-adidas-is-companys-second/,Y,2017 contract roundup identifies Nike term through 2026. CRIA table incorrectly labels school UA; that conflicting entry is rejected.,newspaper contract compilation; underlying dates not independently inspected,A,legacy_064,secondary_contract_reporting,,,,True,,,,,False,True,direct_contract_evidence
west_virginia,2023-24,West Virginia,Nike,Nike,https://www2.kusports.com/weblogs/tale-tait/2017/sep/28/kus-deal-with-adidas-is-companys-second/,Y,2017 contract roundup identifies Nike term through 2026. CRIA table incorrectly labels school UA; that conflicting entry is rejected.,newspaper contract compilation; underlying dates not independently inspected,A,legacy_064,secondary_contract_reporting,,,,True,,,,,False,True,direct_contract_evidence
west_virginia,2024-25,West Virginia,Nike,Nike,https://www2.kusports.com/weblogs/tale-tait/2017/sep/28/kus-deal-with-adidas-is-companys-second/,Y,2017 contract roundup identifies Nike term through 2026. CRIA table incorrectly labels school UA; that conflicting entry is rejected.,newspaper contract compilation; underlying dates not independently inspected,A,legacy_064,secondary_contract_reporting,,,,True,,,,,False,True,direct_contract_evidence
west_virginia,2025-26,West Virginia,Nike,Nike,https://www2.kusports.com/weblogs/tale-tait/2017/sep/28/kus-deal-with-adidas-is-companys-second/,Y,2017 contract roundup identifies Nike term through 2026. CRIA table incorrectly labels school UA; that conflicting entry is rejected.,newspaper contract compilation; underlying dates not independently inspected,A,legacy_064,secondary_contract_reporting,,,,True,,,,,False,True,direct_contract_evidence
western_carolina,2017-18,Western Carolina,,,,N,,,unknown,,,,,,False,,,,,False,False,outside_priority_scope
western_carolina,2018-19,Western Carolina,,,,N,,,unknown,,,,,,False,,,,,False,False,outside_priority_scope
western_carolina,2020-21,Western Carolina,,,,N,,,unknown,,,,,,False,,,,,False,False,outside_priority_scope
western_carolina,2021-22,Western Carolina,,,,N,,,unknown,,,,,,False,,,,,False,False,outside_priority_scope
western_carolina,2022-23,Western Carolina,,,,N,,,unknown,,,,,,False,,,,,False,False,outside_priority_scope
western_carolina,2023-24,Western Carolina,,,,N,,,unknown,,,,,,False,,,,,False,False,outside_priority_scope
western_carolina,2024-25,Western Carolina,,,,N,,,unknown,,,,,,False,,,,,False,False,outside_priority_scope
western_carolina,2025-26,Western Carolina,,,,N,,,unknown,,,,,,False,,,,,False,False,outside_priority_scope
western_illinois,2017-18,Western Illinois,,,,N,,,unknown,,,,,,False,,,,,False,False,outside_priority_scope
western_illinois,2018-19,Western Illinois,,,,N,,,unknown,,,,,,False,,,,,False,False,outside_priority_scope
western_illinois,2020-21,Western Illinois,,,,N,,,unknown,,,,,,False,,,,,False,False,outside_priority_scope
western_illinois,2021-22,Western Illinois,,,,N,,,unknown,,,,,,False,,,,,False,False,outside_priority_scope
western_illinois,2022-23,Western Illinois,,,,N,,,unknown,,,,,,False,,,,,False,False,outside_priority_scope
western_illinois,2023-24,Western Illinois,,,,N,,,unknown,,,,,,False,,,,,False,False,outside_priority_scope
western_illinois,2024-25,Western Illinois,,,,N,,,unknown,,,,,,False,,,,,False,False,outside_priority_scope
western_illinois,2025-26,Western Illinois,,,,N,,,unknown,,,,,,False,,,,,False,False,outside_priority_scope
western_kentucky,2017-18,Western Kentucky,,,,N,,,unknown,,,,,,False,,,,,False,False,outside_priority_scope
western_kentucky,2018-19,Western Kentucky,,,,N,,,unknown,,,,,,False,,,,,False,False,outside_priority_scope
western_kentucky,2020-21,Western Kentucky,,,,N,,,unknown,,,,,,False,,,,,False,False,outside_priority_scope
western_kentucky,2021-22,Western Kentucky,,,,N,,,unknown,,,,,,False,,,,,False,False,outside_priority_scope
western_kentucky,2022-23,Western Kentucky,,,,N,,,unknown,,,,,,False,,,,,False,False,outside_priority_scope
western_kentucky,2023-24,Western Kentucky,,,,N,,,unknown,,,,,,False,,,,,False,False,outside_priority_scope
western_kentucky,2024-25,Western Kentucky,,,,N,,,unknown,,,,,,False,,,,,False,False,outside_priority_scope
western_kentucky,2025-26,Western Kentucky,,,,N,,,unknown,,,,,,False,,,,,False,False,outside_priority_scope
western_michigan,2017-18,Western Michigan,,,,N,,,unknown,,,,,,False,,,,,False,False,outside_priority_scope
western_michigan,2018-19,Western Michigan,,,,N,,,unknown,,,,,,False,,,,,False,False,outside_priority_scope
western_michigan,2020-21,Western Michigan,,,,N,,,unknown,,,,,,False,,,,,False,False,outside_priority_scope
western_michigan,2021-22,Western Michigan,,,,N,,,unknown,,,,,,False,,,,,False,False,outside_priority_scope
western_michigan,2022-23,Western Michigan,,,,N,,,unknown,,,,,,False,,,,,False,False,outside_priority_scope
western_michigan,2023-24,Western Michigan,,,,N,,,unknown,,,,,,False,,,,,False,False,outside_priority_scope
western_michigan,2024-25,Western Michigan,,,,N,,,unknown,,,,,,False,,,,,False,False,outside_priority_scope
western_michigan,2025-26,Western Michigan,,,,N,,,unknown,,,,,,False,,,,,False,False,outside_priority_scope
wichita_state,2017-18,Wichita State,,,,N,,,unknown,,,,,,False,,,,,False,False,outside_priority_scope
wichita_state,2018-19,Wichita State,,,,N,,,unknown,,,,,,False,,,,,False,False,outside_priority_scope
wichita_state,2020-21,Wichita State,,,,N,,,unknown,,,,,,False,,,,,False,False,outside_priority_scope
wichita_state,2021-22,Wichita State,,,,N,,,unknown,,,,,,False,,,,,False,False,outside_priority_scope
wichita_state,2022-23,Wichita State,,,,N,,,unknown,,,,,,False,,,,,False,False,outside_priority_scope
wichita_state,2023-24,Wichita State,,,,N,,,unknown,,,,,,False,,,,,False,False,outside_priority_scope
wichita_state,2024-25,Wichita State,,,,N,,,unknown,,,,,,False,,,,,False,False,outside_priority_scope
wichita_state,2025-26,Wichita State,,,,N,,,unknown,,,,,,False,,,,,False,False,outside_priority_scope
william_mary,2017-18,William & Mary,,,,N,,,unknown,,,,,,False,,,,,False,False,outside_priority_scope
william_mary,2018-19,William & Mary,,,,N,,,unknown,,,,,,False,,,,,False,False,outside_priority_scope
william_mary,2020-21,William & Mary,,,,N,,,unknown,,,,,,False,,,,,False,False,outside_priority_scope
william_mary,2021-22,William & Mary,,,,N,,,unknown,,,,,,False,,,,,False,False,outside_priority_scope
william_mary,2022-23,William & Mary,,,,N,,,unknown,,,,,,False,,,,,False,False,outside_priority_scope
william_mary,2023-24,William & Mary,,,,N,,,unknown,,,,,,False,,,,,False,False,outside_priority_scope
william_mary,2024-25,William & Mary,,,,N,,,unknown,,,,,,False,,,,,False,False,outside_priority_scope
william_mary,2025-26,William & Mary,,,,N,,,unknown,,,,,,False,,,,,False,False,outside_priority_scope
winthrop,2017-18,Winthrop,,,,N,,,unknown,,,,,,False,,,,,False,False,outside_priority_scope
winthrop,2018-19,Winthrop,,,,N,,,unknown,,,,,,False,,,,,False,False,outside_priority_scope
winthrop,2020-21,Winthrop,,,,N,,,unknown,,,,,,False,,,,,False,False,outside_priority_scope
winthrop,2021-22,Winthrop,,,,N,,,unknown,,,,,,False,,,,,False,False,outside_priority_scope
winthrop,2022-23,Winthrop,,,,N,,,unknown,,,,,,False,,,,,False,False,outside_priority_scope
winthrop,2023-24,Winthrop,,,,N,,,unknown,,,,,,False,,,,,False,False,outside_priority_scope
winthrop,2024-25,Winthrop,,,,N,,,unknown,,,,,,False,,,,,False,False,outside_priority_scope
winthrop,2025-26,Winthrop,,,,N,,,unknown,,,,,,False,,,,,False,False,outside_priority_scope
wisconsin,2017-18,Wisconsin,Under Armour,Under Armour,https://uwbadgers.com/news/2015/10/9/GEN_1012155509,Y,"Ten-year official outfitter agreement starts July 1, 2016.",official announcement; study-window coverage only,A,legacy_018,official_announcement,,,,True,,,,,False,True,direct_contract_evidence
wisconsin,2018-19,Wisconsin,Under Armour,Under Armour,https://uwbadgers.com/news/2015/10/9/GEN_1012155509,Y,"Ten-year official outfitter agreement starts July 1, 2016.",official announcement; study-window coverage only,A,legacy_018,official_announcement,,,,True,,,,,False,True,direct_contract_evidence
wisconsin,2020-21,Wisconsin,Under Armour,Under Armour,https://uwbadgers.com/news/2015/10/9/GEN_1012155509,Y,"Ten-year official outfitter agreement starts July 1, 2016.",official announcement; study-window coverage only,A,legacy_018,official_announcement,,,,True,,,,,False,True,direct_contract_evidence
wisconsin,2021-22,Wisconsin,Under Armour,Under Armour,https://uwbadgers.com/news/2015/10/9/GEN_1012155509,Y,"Ten-year official outfitter agreement starts July 1, 2016.",official announcement; study-window coverage only,A,legacy_018,official_announcement,,,,True,,,,,False,True,direct_contract_evidence
wisconsin,2022-23,Wisconsin,Under Armour,Under Armour,https://uwbadgers.com/news/2015/10/9/GEN_1012155509,Y,"Ten-year official outfitter agreement starts July 1, 2016.",official announcement; study-window coverage only,A,legacy_018,official_announcement,,,,True,,,,,False,True,direct_contract_evidence
wisconsin,2023-24,Wisconsin,Under Armour,Under Armour,https://uwbadgers.com/news/2015/10/9/GEN_1012155509,Y,"Ten-year official outfitter agreement starts July 1, 2016.",official announcement; study-window coverage only,A,legacy_018,official_announcement,,,,True,,,,,False,True,direct_contract_evidence
wisconsin,2024-25,Wisconsin,Under Armour,Under Armour,https://uwbadgers.com/news/2015/10/9/GEN_1012155509,Y,"Ten-year official outfitter agreement starts July 1, 2016.",official announcement; study-window coverage only,A,legacy_018,official_announcement,,,,True,,,,,False,True,direct_contract_evidence
wisconsin,2025-26,Wisconsin,Under Armour,Under Armour,https://uwbadgers.com/news/2015/10/9/GEN_1012155509,Y,"Ten-year official outfitter agreement starts July 1, 2016.",official announcement; study-window coverage only,A,legacy_018,official_announcement,,,,True,,,,,False,True,direct_contract_evidence
wisconsin_green_bay,2017-18,Wisconsin Green Bay,,,,N,,,unknown,,,,,,False,,,,,False,False,outside_priority_scope
wisconsin_green_bay,2018-19,Wisconsin Green Bay,,,,N,,,unknown,,,,,,False,,,,,False,False,outside_priority_scope
wisconsin_green_bay,2020-21,Wisconsin Green Bay,,,,N,,,unknown,,,,,,False,,,,,False,False,outside_priority_scope
wisconsin_green_bay,2021-22,Wisconsin Green Bay,,,,N,,,unknown,,,,,,False,,,,,False,False,outside_priority_scope
wisconsin_green_bay,2022-23,Wisconsin Green Bay,,,,N,,,unknown,,,,,,False,,,,,False,False,outside_priority_scope
wisconsin_green_bay,2023-24,Wisconsin Green Bay,,,,N,,,unknown,,,,,,False,,,,,False,False,outside_priority_scope
wisconsin_green_bay,2024-25,Wisconsin Green Bay,,,,N,,,unknown,,,,,,False,,,,,False,False,outside_priority_scope
wisconsin_green_bay,2025-26,Wisconsin Green Bay,,,,N,,,unknown,,,,,,False,,,,,False,False,outside_priority_scope
wisconsin_milwaukee,2017-18,Wisconsin Milwaukee,,,,N,,,unknown,,,,,,False,,,,,False,False,outside_priority_scope
wisconsin_milwaukee,2018-19,Wisconsin Milwaukee,,,,N,,,unknown,,,,,,False,,,,,False,False,outside_priority_scope
wisconsin_milwaukee,2020-21,Wisconsin Milwaukee,,,,N,,,unknown,,,,,,False,,,,,False,False,outside_priority_scope
wisconsin_milwaukee,2021-22,Wisconsin Milwaukee,,,,N,,,unknown,,,,,,False,,,,,False,False,outside_priority_scope
wisconsin_milwaukee,2022-23,Wisconsin Milwaukee,,,,N,,,unknown,,,,,,False,,,,,False,False,outside_priority_scope
wisconsin_milwaukee,2023-24,Wisconsin Milwaukee,,,,N,,,unknown,,,,,,False,,,,,False,False,outside_priority_scope
wisconsin_milwaukee,2024-25,Wisconsin Milwaukee,,,,N,,,unknown,,,,,,False,,,,,False,False,outside_priority_scope
wisconsin_milwaukee,2025-26,Wisconsin Milwaukee,,,,N,,,unknown,,,,,,False,,,,,False,False,outside_priority_scope
wofford,2017-18,Wofford,,,,N,,,unknown,,,,,,False,,,,,False,False,outside_priority_scope
wofford,2018-19,Wofford,,,,N,,,unknown,,,,,,False,,,,,False,False,outside_priority_scope
wofford,2020-21,Wofford,,,,N,,,unknown,,,,,,False,,,,,False,False,outside_priority_scope
wofford,2021-22,Wofford,,,,N,,,unknown,,,,,,False,,,,,False,False,outside_priority_scope
wofford,2022-23,Wofford,,,,N,,,unknown,,,,,,False,,,,,False,False,outside_priority_scope
wofford,2023-24,Wofford,,,,N,,,unknown,,,,,,False,,,,,False,False,outside_priority_scope
wofford,2024-25,Wofford,,,,N,,,unknown,,,,,,False,,,,,False,False,outside_priority_scope
wofford,2025-26,Wofford,,,,N,,,unknown,,,,,,False,,,,,False,False,outside_priority_scope
wright_state,2017-18,Wright State,,,,N,,,unknown,,,,,,False,,,,,False,False,outside_priority_scope
wright_state,2018-19,Wright State,,,,N,,,unknown,,,,,,False,,,,,False,False,outside_priority_scope
wright_state,2020-21,Wright State,,,,N,,,unknown,,,,,,False,,,,,False,False,outside_priority_scope
wright_state,2021-22,Wright State,,,,N,,,unknown,,,,,,False,,,,,False,False,outside_priority_scope
wright_state,2022-23,Wright State,,,,N,,,unknown,,,,,,False,,,,,False,False,outside_priority_scope
wright_state,2023-24,Wright State,,,,N,,,unknown,,,,,,False,,,,,False,False,outside_priority_scope
wright_state,2024-25,Wright State,,,,N,,,unknown,,,,,,False,,,,,False,False,outside_priority_scope
wright_state,2025-26,Wright State,,,,N,,,unknown,,,,,,False,,,,,False,False,outside_priority_scope
wyoming,2017-18,Wyoming,,,,N,,,unknown,,,,,,False,,,,,False,False,outside_priority_scope
wyoming,2018-19,Wyoming,,,,N,,,unknown,,,,,,False,,,,,False,False,outside_priority_scope
wyoming,2020-21,Wyoming,,,,N,,,unknown,,,,,,False,,,,,False,False,outside_priority_scope
wyoming,2021-22,Wyoming,,,,N,,,unknown,,,,,,False,,,,,False,False,outside_priority_scope
wyoming,2022-23,Wyoming,,,,N,,,unknown,,,,,,False,,,,,False,False,outside_priority_scope
wyoming,2023-24,Wyoming,,,,N,,,unknown,,,,,,False,,,,,False,False,outside_priority_scope
wyoming,2024-25,Wyoming,,,,N,,,unknown,,,,,,False,,,,,False,False,outside_priority_scope
wyoming,2025-26,Wyoming,,,,N,,,unknown,,,,,,False,,,,,False,False,outside_priority_scope
xavier,2017-18,Xavier,,,,N,,,unknown,,,,,,False,,,,,False,False,outside_priority_scope
xavier,2018-19,Xavier,,,,N,,,unknown,,,,,,False,,,,,False,False,outside_priority_scope
xavier,2020-21,Xavier,,,,N,,,unknown,,,,,,False,,,,,False,False,outside_priority_scope
xavier,2021-22,Xavier,,,,N,,,unknown,,,,,,False,,,,,False,False,outside_priority_scope
xavier,2022-23,Xavier,,,,N,,,unknown,,,,,,False,,,,,False,False,outside_priority_scope
xavier,2023-24,Xavier,,,,N,,,unknown,,,,,,False,,,,,False,False,outside_priority_scope
xavier,2024-25,Xavier,,,,N,,,unknown,,,,,,False,,,,,False,False,outside_priority_scope
xavier,2025-26,Xavier,,,,N,,,unknown,,,,,,False,,,,,False,False,outside_priority_scope
yale,2017-18,Yale,Under Armour,Under Armour,https://yalebulldogs.com/news/2026/9/3/general-yale-athletics-and-under-armour-extend-partnership-through-2036.aspx,Y,2026 retrospective describes past decade of partnership and extension of exclusive provider arrangement for 35 programs.,official announcement; study-window coverage only,A,legacy_021,official_announcement,,,,True,,,,,False,True,direct_contract_evidence
yale,2018-19,Yale,Under Armour,Under Armour,https://yalebulldogs.com/news/2026/9/3/general-yale-athletics-and-under-armour-extend-partnership-through-2036.aspx,Y,2026 retrospective describes past decade of partnership and extension of exclusive provider arrangement for 35 programs.,official announcement; study-window coverage only,A,legacy_021,official_announcement,,,,True,,,,,False,True,direct_contract_evidence
yale,2020-21,Yale,Under Armour,Under Armour,https://yalebulldogs.com/news/2026/9/3/general-yale-athletics-and-under-armour-extend-partnership-through-2036.aspx,Y,2026 retrospective describes past decade of partnership and extension of exclusive provider arrangement for 35 programs.,official announcement; study-window coverage only,A,legacy_021,official_announcement,,,,True,,,,,False,True,direct_contract_evidence
yale,2021-22,Yale,Under Armour,Under Armour,https://yalebulldogs.com/news/2026/9/3/general-yale-athletics-and-under-armour-extend-partnership-through-2036.aspx,Y,2026 retrospective describes past decade of partnership and extension of exclusive provider arrangement for 35 programs.,official announcement; study-window coverage only,A,legacy_021,official_announcement,,,,True,,,,,False,True,direct_contract_evidence
yale,2022-23,Yale,Under Armour,Under Armour,https://yalebulldogs.com/news/2026/9/3/general-yale-athletics-and-under-armour-extend-partnership-through-2036.aspx,Y,2026 retrospective describes past decade of partnership and extension of exclusive provider arrangement for 35 programs.,official announcement; study-window coverage only,A,legacy_021,official_announcement,,,,True,,,,,False,True,direct_contract_evidence
yale,2023-24,Yale,Under Armour,Under Armour,https://yalebulldogs.com/news/2026/9/3/general-yale-athletics-and-under-armour-extend-partnership-through-2036.aspx,Y,2026 retrospective describes past decade of partnership and extension of exclusive provider arrangement for 35 programs.,official announcement; study-window coverage only,A,legacy_021,official_announcement,,,,True,,,,,False,True,direct_contract_evidence
yale,2024-25,Yale,Under Armour,Under Armour,https://yalebulldogs.com/news/2026/9/3/general-yale-athletics-and-under-armour-extend-partnership-through-2036.aspx,Y,2026 retrospective describes past decade of partnership and extension of exclusive provider arrangement for 35 programs.,official announcement; study-window coverage only,A,legacy_021,official_announcement,,,,True,,,,,False,True,direct_contract_evidence
yale,2025-26,Yale,Under Armour,Under Armour,https://yalebulldogs.com/news/2026/9/3/general-yale-athletics-and-under-armour-extend-partnership-through-2036.aspx,Y,2026 retrospective describes past decade of partnership and extension of exclusive provider arrangement for 35 programs.,official announcement; study-window coverage only,A,legacy_021,official_announcement,,,,True,,,,,False,True,direct_contract_evidence
youngstown_state,2017-18,Youngstown State,,,,N,,,unknown,,,,,,False,,,,,False,False,outside_priority_scope
youngstown_state,2018-19,Youngstown State,,,,N,,,unknown,,,,,,False,,,,,False,False,outside_priority_scope
youngstown_state,2020-21,Youngstown State,,,,N,,,unknown,,,,,,False,,,,,False,False,outside_priority_scope
youngstown_state,2021-22,Youngstown State,,,,N,,,unknown,,,,,,False,,,,,False,False,outside_priority_scope
youngstown_state,2022-23,Youngstown State,,,,N,,,unknown,,,,,,False,,,,,False,False,outside_priority_scope
youngstown_state,2023-24,Youngstown State,,,,N,,,unknown,,,,,,False,,,,,False,False,outside_priority_scope
youngstown_state,2024-25,Youngstown State,,,,N,,,unknown,,,,,,False,,,,,False,False,outside_priority_scope
youngstown_state,2025-26,Youngstown State,,,,N,,,unknown,,,,,,False,,,,,False,False,outside_priority_scope
