school_id,season,school_raw,conference,rank,total_points,division,fall_points,winter_points,spring_points,source_url_x,source_page,points_pctile,school,observed_in_final,zero_imputed,first_d1_season,last_d1_season,review_basis,source_url_y,observed_seasons,interval_note,reviewed_on,keep,disposition
abilene_christian,2022-23,,,,0.0,,,,,,,,Abilene Christian,False,True,2017-18,2025-26,Known established D1 program; appears in official D1 final standings elsewhere in window; reviewed for entry/exit and name continuity.,https://dxbhsrqyrr690.cloudfront.net/sidearm.nextgen.sites/nacda.com/documents/2018/7/18/June29overallDI.pdf,"2017-18, 2018-19, 2020-21, 2021-22, 2024-25, 2025-26",Bounds clipped to study window. Not an independent annual membership certification.,2026-09-30,True,kept_known_d1_program
abilene_christian,2023-24,,,,0.0,,,,,,,,Abilene Christian,False,True,2017-18,2025-26,Known established D1 program; appears in official D1 final standings elsewhere in window; reviewed for entry/exit and name continuity.,https://dxbhsrqyrr690.cloudfront.net/sidearm.nextgen.sites/nacda.com/documents/2018/7/18/June29overallDI.pdf,"2017-18, 2018-19, 2020-21, 2021-22, 2024-25, 2025-26",Bounds clipped to study window. Not an independent annual membership certification.,2026-09-30,True,kept_known_d1_program
alabama_a_m,2017-18,,,,0.0,,,,,,,,Alabama A&M,False,True,2017-18,2025-26,Known established D1 program; appears in official D1 final standings elsewhere in window; reviewed for entry/exit and name continuity.,https://dxbhsrqyrr690.cloudfront.net/sidearm.nextgen.sites/nacda.com/documents/2021/7/1/July2OverallDI.pdf,"2020-21, 2025-26",Bounds clipped to study window. Not an independent annual membership certification.,2026-09-30,True,kept_known_d1_program
alabama_a_m,2018-19,,,,0.0,,,,,,,,Alabama A&M,False,True,2017-18,2025-26,Known established D1 program; appears in official D1 final standings elsewhere in window; reviewed for entry/exit and name continuity.,https://dxbhsrqyrr690.cloudfront.net/sidearm.nextgen.sites/nacda.com/documents/2021/7/1/July2OverallDI.pdf,"2020-21, 2025-26",Bounds clipped to study window. Not an independent annual membership certification.,2026-09-30,True,kept_known_d1_program
alabama_a_m,2021-22,,,,0.0,,,,,,,,Alabama A&M,False,True,2017-18,2025-26,Known established D1 program; appears in official D1 final standings elsewhere in window; reviewed for entry/exit and name continuity.,https://dxbhsrqyrr690.cloudfront.net/sidearm.nextgen.sites/nacda.com/documents/2021/7/1/July2OverallDI.pdf,"2020-21, 2025-26",Bounds clipped to study window. Not an independent annual membership certification.,2026-09-30,True,kept_known_d1_program
alabama_a_m,2022-23,,,,0.0,,,,,,,,Alabama A&M,False,True,2017-18,2025-26,Known established D1 program; appears in official D1 final standings elsewhere in window; reviewed for entry/exit and name continuity.,https://dxbhsrqyrr690.cloudfront.net/sidearm.nextgen.sites/nacda.com/documents/2021/7/1/July2OverallDI.pdf,"2020-21, 2025-26",Bounds clipped to study window. Not an independent annual membership certification.,2026-09-30,True,kept_known_d1_program
alabama_a_m,2023-24,,,,0.0,,,,,,,,Alabama A&M,False,True,2017-18,2025-26,Known established D1 program; appears in official D1 final standings elsewhere in window; reviewed for entry/exit and name continuity.,https://dxbhsrqyrr690.cloudfront.net/sidearm.nextgen.sites/nacda.com/documents/2021/7/1/July2OverallDI.pdf,"2020-21, 2025-26",Bounds clipped to study window. Not an independent annual membership certification.,2026-09-30,True,kept_known_d1_program
alabama_a_m,2024-25,,,,0.0,,,,,,,,Alabama A&M,False,True,2017-18,2025-26,Known established D1 program; appears in official D1 final standings elsewhere in window; reviewed for entry/exit and name continuity.,https://dxbhsrqyrr690.cloudfront.net/sidearm.nextgen.sites/nacda.com/documents/2021/7/1/July2OverallDI.pdf,"2020-21, 2025-26",Bounds clipped to study window. Not an independent annual membership certification.,2026-09-30,True,kept_known_d1_program
albany,2020-21,,,,0.0,,,,,,,,Albany,False,True,2017-18,2025-26,Known established D1 program; appears in official D1 final standings elsewhere in window; reviewed for entry/exit and name continuity.,https://dxbhsrqyrr690.cloudfront.net/sidearm.nextgen.sites/nacda.com/documents/2018/7/18/June29overallDI.pdf,"2017-18, 2018-19, 2021-22, 2022-23, 2023-24, 2024-25, 2025-26",Bounds clipped to study window. Not an independent annual membership certification.,2026-09-30,True,kept_known_d1_program
alcorn_state,2017-18,,,,0.0,,,,,,,,Alcorn State,False,True,2017-18,2025-26,Known established D1 program; appears in official D1 final standings elsewhere in window; reviewed for entry/exit and name continuity.,https://dxbhsrqyrr690.cloudfront.net/sidearm.nextgen.sites/nacda.com/documents/2019/6/27/June28DIOverall.pdf,2018-19,Bounds clipped to study window. Not an independent annual membership certification.,2026-09-30,True,kept_known_d1_program
alcorn_state,2020-21,,,,0.0,,,,,,,,Alcorn State,False,True,2017-18,2025-26,Known established D1 program; appears in official D1 final standings elsewhere in window; reviewed for entry/exit and name continuity.,https://dxbhsrqyrr690.cloudfront.net/sidearm.nextgen.sites/nacda.com/documents/2019/6/27/June28DIOverall.pdf,2018-19,Bounds clipped to study window. Not an independent annual membership certification.,2026-09-30,True,kept_known_d1_program
alcorn_state,2021-22,,,,0.0,,,,,,,,Alcorn State,False,True,2017-18,2025-26,Known established D1 program; appears in official D1 final standings elsewhere in window; reviewed for entry/exit and name continuity.,https://dxbhsrqyrr690.cloudfront.net/sidearm.nextgen.sites/nacda.com/documents/2019/6/27/June28DIOverall.pdf,2018-19,Bounds clipped to study window. Not an independent annual membership certification.,2026-09-30,True,kept_known_d1_program
alcorn_state,2022-23,,,,0.0,,,,,,,,Alcorn State,False,True,2017-18,2025-26,Known established D1 program; appears in official D1 final standings elsewhere in window; reviewed for entry/exit and name continuity.,https://dxbhsrqyrr690.cloudfront.net/sidearm.nextgen.sites/nacda.com/documents/2019/6/27/June28DIOverall.pdf,2018-19,Bounds clipped to study window. Not an independent annual membership certification.,2026-09-30,True,kept_known_d1_program
alcorn_state,2023-24,,,,0.0,,,,,,,,Alcorn State,False,True,2017-18,2025-26,Known established D1 program; appears in official D1 final standings elsewhere in window; reviewed for entry/exit and name continuity.,https://dxbhsrqyrr690.cloudfront.net/sidearm.nextgen.sites/nacda.com/documents/2019/6/27/June28DIOverall.pdf,2018-19,Bounds clipped to study window. Not an independent annual membership certification.,2026-09-30,True,kept_known_d1_program
alcorn_state,2024-25,,,,0.0,,,,,,,,Alcorn State,False,True,2017-18,2025-26,Known established D1 program; appears in official D1 final standings elsewhere in window; reviewed for entry/exit and name continuity.,https://dxbhsrqyrr690.cloudfront.net/sidearm.nextgen.sites/nacda.com/documents/2019/6/27/June28DIOverall.pdf,2018-19,Bounds clipped to study window. Not an independent annual membership certification.,2026-09-30,True,kept_known_d1_program
alcorn_state,2025-26,,,,0.0,,,,,,,,Alcorn State,False,True,2017-18,2025-26,Known established D1 program; appears in official D1 final standings elsewhere in window; reviewed for entry/exit and name continuity.,https://dxbhsrqyrr690.cloudfront.net/sidearm.nextgen.sites/nacda.com/documents/2019/6/27/June28DIOverall.pdf,2018-19,Bounds clipped to study window. Not an independent annual membership certification.,2026-09-30,True,kept_known_d1_program
arkansas_pine_bluff,2017-18,,,,0.0,,,,,,,,Arkansas Pine Bluff,False,True,2017-18,2025-26,Known established D1 program; appears in official D1 final standings elsewhere in window; reviewed for entry/exit and name continuity.,https://dxbhsrqyrr690.cloudfront.net/sidearm.nextgen.sites/nacda.com/documents/2023/6/27/Final22.23Standings.pdf,"2022-23, 2023-24, 2024-25, 2025-26",Bounds clipped to study window. Not an independent annual membership certification.,2026-09-30,True,kept_known_d1_program
arkansas_pine_bluff,2018-19,,,,0.0,,,,,,,,Arkansas Pine Bluff,False,True,2017-18,2025-26,Known established D1 program; appears in official D1 final standings elsewhere in window; reviewed for entry/exit and name continuity.,https://dxbhsrqyrr690.cloudfront.net/sidearm.nextgen.sites/nacda.com/documents/2023/6/27/Final22.23Standings.pdf,"2022-23, 2023-24, 2024-25, 2025-26",Bounds clipped to study window. Not an independent annual membership certification.,2026-09-30,True,kept_known_d1_program
arkansas_pine_bluff,2020-21,,,,0.0,,,,,,,,Arkansas Pine Bluff,False,True,2017-18,2025-26,Known established D1 program; appears in official D1 final standings elsewhere in window; reviewed for entry/exit and name continuity.,https://dxbhsrqyrr690.cloudfront.net/sidearm.nextgen.sites/nacda.com/documents/2023/6/27/Final22.23Standings.pdf,"2022-23, 2023-24, 2024-25, 2025-26",Bounds clipped to study window. Not an independent annual membership certification.,2026-09-30,True,kept_known_d1_program
arkansas_pine_bluff,2021-22,,,,0.0,,,,,,,,Arkansas Pine Bluff,False,True,2017-18,2025-26,Known established D1 program; appears in official D1 final standings elsewhere in window; reviewed for entry/exit and name continuity.,https://dxbhsrqyrr690.cloudfront.net/sidearm.nextgen.sites/nacda.com/documents/2023/6/27/Final22.23Standings.pdf,"2022-23, 2023-24, 2024-25, 2025-26",Bounds clipped to study window. Not an independent annual membership certification.,2026-09-30,True,kept_known_d1_program
austin_peay_state,2022-23,,,,0.0,,,,,,,,Austin Peay State,False,True,2017-18,2025-26,Known established D1 program; appears in official D1 final standings elsewhere in window; reviewed for entry/exit and name continuity.,https://dxbhsrqyrr690.cloudfront.net/sidearm.nextgen.sites/nacda.com/documents/2018/7/18/June29overallDI.pdf,"2017-18, 2018-19, 2020-21, 2021-22, 2023-24",Bounds clipped to study window. Not an independent annual membership certification.,2026-09-30,True,kept_known_d1_program
austin_peay_state,2024-25,,,,0.0,,,,,,,,Austin Peay State,False,True,2017-18,2025-26,Known established D1 program; appears in official D1 final standings elsewhere in window; reviewed for entry/exit and name continuity.,https://dxbhsrqyrr690.cloudfront.net/sidearm.nextgen.sites/nacda.com/documents/2018/7/18/June29overallDI.pdf,"2017-18, 2018-19, 2020-21, 2021-22, 2023-24",Bounds clipped to study window. Not an independent annual membership certification.,2026-09-30,True,kept_known_d1_program
austin_peay_state,2025-26,,,,0.0,,,,,,,,Austin Peay State,False,True,2017-18,2025-26,Known established D1 program; appears in official D1 final standings elsewhere in window; reviewed for entry/exit and name continuity.,https://dxbhsrqyrr690.cloudfront.net/sidearm.nextgen.sites/nacda.com/documents/2018/7/18/June29overallDI.pdf,"2017-18, 2018-19, 2020-21, 2021-22, 2023-24",Bounds clipped to study window. Not an independent annual membership certification.,2026-09-30,True,kept_known_d1_program
ball_state,2017-18,,,,0.0,,,,,,,,Ball State,False,True,2017-18,2025-26,Known established D1 program; appears in official D1 final standings elsewhere in window; reviewed for entry/exit and name continuity.,https://dxbhsrqyrr690.cloudfront.net/sidearm.nextgen.sites/nacda.com/documents/2021/7/1/July2OverallDI.pdf,"2020-21, 2021-22, 2022-23, 2023-24, 2024-25, 2025-26",Bounds clipped to study window. Not an independent annual membership certification.,2026-09-30,True,kept_known_d1_program
ball_state,2018-19,,,,0.0,,,,,,,,Ball State,False,True,2017-18,2025-26,Known established D1 program; appears in official D1 final standings elsewhere in window; reviewed for entry/exit and name continuity.,https://dxbhsrqyrr690.cloudfront.net/sidearm.nextgen.sites/nacda.com/documents/2021/7/1/July2OverallDI.pdf,"2020-21, 2021-22, 2022-23, 2023-24, 2024-25, 2025-26",Bounds clipped to study window. Not an independent annual membership certification.,2026-09-30,True,kept_known_d1_program
bellarmine,2017-18,,,,0.0,,,,,,,,Bellarmine,False,True,2020-21,2025-26,Official D1 transition record,https://ncaaorg.s3.amazonaws.com/research/sportpart/2023-24RES_NCAAMembershipBreakdown.pdf,2025-26,2023-24 NCAA report lists year 4 of D1 transition.,2026-09-30,False,dropped_outside_d1_program_interval
bellarmine,2018-19,,,,0.0,,,,,,,,Bellarmine,False,True,2020-21,2025-26,Official D1 transition record,https://ncaaorg.s3.amazonaws.com/research/sportpart/2023-24RES_NCAAMembershipBreakdown.pdf,2025-26,2023-24 NCAA report lists year 4 of D1 transition.,2026-09-30,False,dropped_outside_d1_program_interval
bellarmine,2020-21,,,,0.0,,,,,,,,Bellarmine,False,True,2020-21,2025-26,Official D1 transition record,https://ncaaorg.s3.amazonaws.com/research/sportpart/2023-24RES_NCAAMembershipBreakdown.pdf,2025-26,2023-24 NCAA report lists year 4 of D1 transition.,2026-09-30,True,kept_known_d1_program
bellarmine,2021-22,,,,0.0,,,,,,,,Bellarmine,False,True,2020-21,2025-26,Official D1 transition record,https://ncaaorg.s3.amazonaws.com/research/sportpart/2023-24RES_NCAAMembershipBreakdown.pdf,2025-26,2023-24 NCAA report lists year 4 of D1 transition.,2026-09-30,True,kept_known_d1_program
bellarmine,2022-23,,,,0.0,,,,,,,,Bellarmine,False,True,2020-21,2025-26,Official D1 transition record,https://ncaaorg.s3.amazonaws.com/research/sportpart/2023-24RES_NCAAMembershipBreakdown.pdf,2025-26,2023-24 NCAA report lists year 4 of D1 transition.,2026-09-30,True,kept_known_d1_program
bellarmine,2023-24,,,,0.0,,,,,,,,Bellarmine,False,True,2020-21,2025-26,Official D1 transition record,https://ncaaorg.s3.amazonaws.com/research/sportpart/2023-24RES_NCAAMembershipBreakdown.pdf,2025-26,2023-24 NCAA report lists year 4 of D1 transition.,2026-09-30,True,kept_known_d1_program
bellarmine,2024-25,,,,0.0,,,,,,,,Bellarmine,False,True,2020-21,2025-26,Official D1 transition record,https://ncaaorg.s3.amazonaws.com/research/sportpart/2023-24RES_NCAAMembershipBreakdown.pdf,2025-26,2023-24 NCAA report lists year 4 of D1 transition.,2026-09-30,True,kept_known_d1_program
belmont,2023-24,,,,0.0,,,,,,,,Belmont,False,True,2017-18,2025-26,Known established D1 program; appears in official D1 final standings elsewhere in window; reviewed for entry/exit and name continuity.,https://dxbhsrqyrr690.cloudfront.net/sidearm.nextgen.sites/nacda.com/documents/2018/7/18/June29overallDI.pdf,"2017-18, 2018-19, 2020-21, 2021-22, 2022-23, 2024-25, 2025-26",Bounds clipped to study window. Not an independent annual membership certification.,2026-09-30,True,kept_known_d1_program
bethune_cookman,2020-21,,,,0.0,,,,,,,,Bethune-Cookman,False,True,2017-18,2025-26,Known established D1 program; appears in official D1 final standings elsewhere in window; reviewed for entry/exit and name continuity.,https://dxbhsrqyrr690.cloudfront.net/sidearm.nextgen.sites/nacda.com/documents/2018/7/18/June29overallDI.pdf,"2017-18, 2018-19, 2024-25",Bounds clipped to study window. Not an independent annual membership certification.,2026-09-30,True,kept_known_d1_program
bethune_cookman,2021-22,,,,0.0,,,,,,,,Bethune-Cookman,False,True,2017-18,2025-26,Known established D1 program; appears in official D1 final standings elsewhere in window; reviewed for entry/exit and name continuity.,https://dxbhsrqyrr690.cloudfront.net/sidearm.nextgen.sites/nacda.com/documents/2018/7/18/June29overallDI.pdf,"2017-18, 2018-19, 2024-25",Bounds clipped to study window. Not an independent annual membership certification.,2026-09-30,True,kept_known_d1_program
bethune_cookman,2022-23,,,,0.0,,,,,,,,Bethune-Cookman,False,True,2017-18,2025-26,Known established D1 program; appears in official D1 final standings elsewhere in window; reviewed for entry/exit and name continuity.,https://dxbhsrqyrr690.cloudfront.net/sidearm.nextgen.sites/nacda.com/documents/2018/7/18/June29overallDI.pdf,"2017-18, 2018-19, 2024-25",Bounds clipped to study window. Not an independent annual membership certification.,2026-09-30,True,kept_known_d1_program
bethune_cookman,2023-24,,,,0.0,,,,,,,,Bethune-Cookman,False,True,2017-18,2025-26,Known established D1 program; appears in official D1 final standings elsewhere in window; reviewed for entry/exit and name continuity.,https://dxbhsrqyrr690.cloudfront.net/sidearm.nextgen.sites/nacda.com/documents/2018/7/18/June29overallDI.pdf,"2017-18, 2018-19, 2024-25",Bounds clipped to study window. Not an independent annual membership certification.,2026-09-30,True,kept_known_d1_program
bethune_cookman,2025-26,,,,0.0,,,,,,,,Bethune-Cookman,False,True,2017-18,2025-26,Known established D1 program; appears in official D1 final standings elsewhere in window; reviewed for entry/exit and name continuity.,https://dxbhsrqyrr690.cloudfront.net/sidearm.nextgen.sites/nacda.com/documents/2018/7/18/June29overallDI.pdf,"2017-18, 2018-19, 2024-25",Bounds clipped to study window. Not an independent annual membership certification.,2026-09-30,True,kept_known_d1_program
bowling_green,2017-18,,,,0.0,,,,,,,,Bowling Green,False,True,2017-18,2025-26,Known established D1 program; appears in official D1 final standings elsewhere in window; reviewed for entry/exit and name continuity.,https://dxbhsrqyrr690.cloudfront.net/sidearm.nextgen.sites/nacda.com/documents/2019/6/27/June28DIOverall.pdf,"2018-19, 2020-21, 2021-22, 2022-23, 2023-24, 2024-25",Bounds clipped to study window. Not an independent annual membership certification.,2026-09-30,True,kept_known_d1_program
bowling_green,2025-26,,,,0.0,,,,,,,,Bowling Green,False,True,2017-18,2025-26,Known established D1 program; appears in official D1 final standings elsewhere in window; reviewed for entry/exit and name continuity.,https://dxbhsrqyrr690.cloudfront.net/sidearm.nextgen.sites/nacda.com/documents/2019/6/27/June28DIOverall.pdf,"2018-19, 2020-21, 2021-22, 2022-23, 2023-24, 2024-25",Bounds clipped to study window. Not an independent annual membership certification.,2026-09-30,True,kept_known_d1_program
bradley,2021-22,,,,0.0,,,,,,,,Bradley,False,True,2017-18,2025-26,Known established D1 program; appears in official D1 final standings elsewhere in window; reviewed for entry/exit and name continuity.,https://dxbhsrqyrr690.cloudfront.net/sidearm.nextgen.sites/nacda.com/documents/2018/7/18/June29overallDI.pdf,"2017-18, 2018-19, 2020-21, 2022-23, 2024-25",Bounds clipped to study window. Not an independent annual membership certification.,2026-09-30,True,kept_known_d1_program
bradley,2023-24,,,,0.0,,,,,,,,Bradley,False,True,2017-18,2025-26,Known established D1 program; appears in official D1 final standings elsewhere in window; reviewed for entry/exit and name continuity.,https://dxbhsrqyrr690.cloudfront.net/sidearm.nextgen.sites/nacda.com/documents/2018/7/18/June29overallDI.pdf,"2017-18, 2018-19, 2020-21, 2022-23, 2024-25",Bounds clipped to study window. Not an independent annual membership certification.,2026-09-30,True,kept_known_d1_program
bradley,2025-26,,,,0.0,,,,,,,,Bradley,False,True,2017-18,2025-26,Known established D1 program; appears in official D1 final standings elsewhere in window; reviewed for entry/exit and name continuity.,https://dxbhsrqyrr690.cloudfront.net/sidearm.nextgen.sites/nacda.com/documents/2018/7/18/June29overallDI.pdf,"2017-18, 2018-19, 2020-21, 2022-23, 2024-25",Bounds clipped to study window. Not an independent annual membership certification.,2026-09-30,True,kept_known_d1_program
butler,2018-19,,,,0.0,,,,,,,,Butler,False,True,2017-18,2025-26,Known established D1 program; appears in official D1 final standings elsewhere in window; reviewed for entry/exit and name continuity.,https://dxbhsrqyrr690.cloudfront.net/sidearm.nextgen.sites/nacda.com/documents/2018/7/18/June29overallDI.pdf,"2017-18, 2020-21, 2021-22, 2022-23, 2023-24, 2024-25, 2025-26",Bounds clipped to study window. Not an independent annual membership certification.,2026-09-30,True,kept_known_d1_program
cal_state_bakersfield,2023-24,,,,0.0,,,,,,,,Cal State Bakersfield,False,True,2017-18,2025-26,Known established D1 program; appears in official D1 final standings elsewhere in window; reviewed for entry/exit and name continuity.,https://dxbhsrqyrr690.cloudfront.net/sidearm.nextgen.sites/nacda.com/documents/2018/7/18/June29overallDI.pdf,"2017-18, 2018-19, 2020-21, 2021-22, 2022-23, 2024-25",Bounds clipped to study window. Not an independent annual membership certification.,2026-09-30,True,kept_known_d1_program
cal_state_bakersfield,2025-26,,,,0.0,,,,,,,,Cal State Bakersfield,False,True,2017-18,2025-26,Known established D1 program; appears in official D1 final standings elsewhere in window; reviewed for entry/exit and name continuity.,https://dxbhsrqyrr690.cloudfront.net/sidearm.nextgen.sites/nacda.com/documents/2018/7/18/June29overallDI.pdf,"2017-18, 2018-19, 2020-21, 2021-22, 2022-23, 2024-25",Bounds clipped to study window. Not an independent annual membership certification.,2026-09-30,True,kept_known_d1_program
cal_state_fullerton,2020-21,,,,0.0,,,,,,,,Cal State Fullerton,False,True,2017-18,2025-26,Known established D1 program; appears in official D1 final standings elsewhere in window; reviewed for entry/exit and name continuity.,https://dxbhsrqyrr690.cloudfront.net/sidearm.nextgen.sites/nacda.com/documents/2018/7/18/June29overallDI.pdf,"2017-18, 2018-19, 2021-22, 2022-23, 2023-24, 2024-25, 2025-26",Bounds clipped to study window. Not an independent annual membership certification.,2026-09-30,True,kept_known_d1_program
cal_state_northridge,2018-19,,,,0.0,,,,,,,,Cal State Northridge,False,True,2017-18,2025-26,Known established D1 program; appears in official D1 final standings elsewhere in window; reviewed for entry/exit and name continuity.,https://dxbhsrqyrr690.cloudfront.net/sidearm.nextgen.sites/nacda.com/documents/2018/7/18/June29overallDI.pdf,"2017-18, 2023-24, 2024-25",Bounds clipped to study window. Not an independent annual membership certification.,2026-09-30,True,kept_known_d1_program
cal_state_northridge,2020-21,,,,0.0,,,,,,,,Cal State Northridge,False,True,2017-18,2025-26,Known established D1 program; appears in official D1 final standings elsewhere in window; reviewed for entry/exit and name continuity.,https://dxbhsrqyrr690.cloudfront.net/sidearm.nextgen.sites/nacda.com/documents/2018/7/18/June29overallDI.pdf,"2017-18, 2023-24, 2024-25",Bounds clipped to study window. Not an independent annual membership certification.,2026-09-30,True,kept_known_d1_program
cal_state_northridge,2021-22,,,,0.0,,,,,,,,Cal State Northridge,False,True,2017-18,2025-26,Known established D1 program; appears in official D1 final standings elsewhere in window; reviewed for entry/exit and name continuity.,https://dxbhsrqyrr690.cloudfront.net/sidearm.nextgen.sites/nacda.com/documents/2018/7/18/June29overallDI.pdf,"2017-18, 2023-24, 2024-25",Bounds clipped to study window. Not an independent annual membership certification.,2026-09-30,True,kept_known_d1_program
cal_state_northridge,2022-23,,,,0.0,,,,,,,,Cal State Northridge,False,True,2017-18,2025-26,Known established D1 program; appears in official D1 final standings elsewhere in window; reviewed for entry/exit and name continuity.,https://dxbhsrqyrr690.cloudfront.net/sidearm.nextgen.sites/nacda.com/documents/2018/7/18/June29overallDI.pdf,"2017-18, 2023-24, 2024-25",Bounds clipped to study window. Not an independent annual membership certification.,2026-09-30,True,kept_known_d1_program
cal_state_northridge,2025-26,,,,0.0,,,,,,,,Cal State Northridge,False,True,2017-18,2025-26,Known established D1 program; appears in official D1 final standings elsewhere in window; reviewed for entry/exit and name continuity.,https://dxbhsrqyrr690.cloudfront.net/sidearm.nextgen.sites/nacda.com/documents/2018/7/18/June29overallDI.pdf,"2017-18, 2023-24, 2024-25",Bounds clipped to study window. Not an independent annual membership certification.,2026-09-30,True,kept_known_d1_program
california_baptist,2017-18,,,,0.0,,,,,,,,California Baptist,False,True,2018-19,2025-26,Official D1 transition record,https://cbulancers.com/news/2018/7/13/general-cbu-accepted-into-ncaa-division-i-reclassification,"2020-21, 2022-23, 2023-24, 2024-25, 2025-26",First of four D1 reclassification seasons in 2018-19.,2026-09-30,False,dropped_outside_d1_program_interval
california_baptist,2018-19,,,,0.0,,,,,,,,California Baptist,False,True,2018-19,2025-26,Official D1 transition record,https://cbulancers.com/news/2018/7/13/general-cbu-accepted-into-ncaa-division-i-reclassification,"2020-21, 2022-23, 2023-24, 2024-25, 2025-26",First of four D1 reclassification seasons in 2018-19.,2026-09-30,True,kept_known_d1_program
california_baptist,2021-22,,,,0.0,,,,,,,,California Baptist,False,True,2018-19,2025-26,Official D1 transition record,https://cbulancers.com/news/2018/7/13/general-cbu-accepted-into-ncaa-division-i-reclassification,"2020-21, 2022-23, 2023-24, 2024-25, 2025-26",First of four D1 reclassification seasons in 2018-19.,2026-09-30,True,kept_known_d1_program
canisius,2018-19,,,,0.0,,,,,,,,Canisius,False,True,2017-18,2025-26,Known established D1 program; appears in official D1 final standings elsewhere in window; reviewed for entry/exit and name continuity.,https://dxbhsrqyrr690.cloudfront.net/sidearm.nextgen.sites/nacda.com/documents/2018/7/18/June29overallDI.pdf,"2017-18, 2021-22, 2022-23",Bounds clipped to study window. Not an independent annual membership certification.,2026-09-30,True,kept_known_d1_program
canisius,2020-21,,,,0.0,,,,,,,,Canisius,False,True,2017-18,2025-26,Known established D1 program; appears in official D1 final standings elsewhere in window; reviewed for entry/exit and name continuity.,https://dxbhsrqyrr690.cloudfront.net/sidearm.nextgen.sites/nacda.com/documents/2018/7/18/June29overallDI.pdf,"2017-18, 2021-22, 2022-23",Bounds clipped to study window. Not an independent annual membership certification.,2026-09-30,True,kept_known_d1_program
canisius,2023-24,,,,0.0,,,,,,,,Canisius,False,True,2017-18,2025-26,Known established D1 program; appears in official D1 final standings elsewhere in window; reviewed for entry/exit and name continuity.,https://dxbhsrqyrr690.cloudfront.net/sidearm.nextgen.sites/nacda.com/documents/2018/7/18/June29overallDI.pdf,"2017-18, 2021-22, 2022-23",Bounds clipped to study window. Not an independent annual membership certification.,2026-09-30,True,kept_known_d1_program
canisius,2024-25,,,,0.0,,,,,,,,Canisius,False,True,2017-18,2025-26,Known established D1 program; appears in official D1 final standings elsewhere in window; reviewed for entry/exit and name continuity.,https://dxbhsrqyrr690.cloudfront.net/sidearm.nextgen.sites/nacda.com/documents/2018/7/18/June29overallDI.pdf,"2017-18, 2021-22, 2022-23",Bounds clipped to study window. Not an independent annual membership certification.,2026-09-30,True,kept_known_d1_program
canisius,2025-26,,,,0.0,,,,,,,,Canisius,False,True,2017-18,2025-26,Known established D1 program; appears in official D1 final standings elsewhere in window; reviewed for entry/exit and name continuity.,https://dxbhsrqyrr690.cloudfront.net/sidearm.nextgen.sites/nacda.com/documents/2018/7/18/June29overallDI.pdf,"2017-18, 2021-22, 2022-23",Bounds clipped to study window. Not an independent annual membership certification.,2026-09-30,True,kept_known_d1_program
central_arkansas,2020-21,,,,0.0,,,,,,,,Central Arkansas,False,True,2017-18,2025-26,Known established D1 program; appears in official D1 final standings elsewhere in window; reviewed for entry/exit and name continuity.,https://dxbhsrqyrr690.cloudfront.net/sidearm.nextgen.sites/nacda.com/documents/2018/7/18/June29overallDI.pdf,"2017-18, 2018-19, 2022-23, 2024-25, 2025-26",Bounds clipped to study window. Not an independent annual membership certification.,2026-09-30,True,kept_known_d1_program
central_arkansas,2021-22,,,,0.0,,,,,,,,Central Arkansas,False,True,2017-18,2025-26,Known established D1 program; appears in official D1 final standings elsewhere in window; reviewed for entry/exit and name continuity.,https://dxbhsrqyrr690.cloudfront.net/sidearm.nextgen.sites/nacda.com/documents/2018/7/18/June29overallDI.pdf,"2017-18, 2018-19, 2022-23, 2024-25, 2025-26",Bounds clipped to study window. Not an independent annual membership certification.,2026-09-30,True,kept_known_d1_program
central_arkansas,2023-24,,,,0.0,,,,,,,,Central Arkansas,False,True,2017-18,2025-26,Known established D1 program; appears in official D1 final standings elsewhere in window; reviewed for entry/exit and name continuity.,https://dxbhsrqyrr690.cloudfront.net/sidearm.nextgen.sites/nacda.com/documents/2018/7/18/June29overallDI.pdf,"2017-18, 2018-19, 2022-23, 2024-25, 2025-26",Bounds clipped to study window. Not an independent annual membership certification.,2026-09-30,True,kept_known_d1_program
charleston_southern,2017-18,,,,0.0,,,,,,,,Charleston Southern,False,True,2017-18,2025-26,Known established D1 program; appears in official D1 final standings elsewhere in window; reviewed for entry/exit and name continuity.,https://dxbhsrqyrr690.cloudfront.net/sidearm.nextgen.sites/nacda.com/documents/2021/7/1/July2OverallDI.pdf,"2020-21, 2021-22, 2022-23, 2023-24, 2024-25, 2025-26",Bounds clipped to study window. Not an independent annual membership certification.,2026-09-30,True,kept_known_d1_program
charleston_southern,2018-19,,,,0.0,,,,,,,,Charleston Southern,False,True,2017-18,2025-26,Known established D1 program; appears in official D1 final standings elsewhere in window; reviewed for entry/exit and name continuity.,https://dxbhsrqyrr690.cloudfront.net/sidearm.nextgen.sites/nacda.com/documents/2021/7/1/July2OverallDI.pdf,"2020-21, 2021-22, 2022-23, 2023-24, 2024-25, 2025-26",Bounds clipped to study window. Not an independent annual membership certification.,2026-09-30,True,kept_known_d1_program
charlotte,2017-18,,,,0.0,,,,,,,,Charlotte,False,True,2017-18,2025-26,Known established D1 program; appears in official D1 final standings elsewhere in window; reviewed for entry/exit and name continuity.,https://dxbhsrqyrr690.cloudfront.net/sidearm.nextgen.sites/nacda.com/documents/2019/6/27/June28DIOverall.pdf,"2018-19, 2020-21, 2021-22, 2022-23, 2023-24, 2024-25, 2025-26",Bounds clipped to study window. Not an independent annual membership certification.,2026-09-30,True,kept_known_d1_program
chicago_state,2017-18,,,,0.0,,,,,,,,Chicago State,False,True,2017-18,2025-26,Known established D1 program; appears in official D1 final standings elsewhere in window; reviewed for entry/exit and name continuity.,https://dxbhsrqyrr690.cloudfront.net/sidearm.nextgen.sites/nacda.com/documents/2024/6/26/23.24FinalDI.pdf,"2023-24, 2024-25",Bounds clipped to study window. Not an independent annual membership certification.,2026-09-30,True,kept_known_d1_program
chicago_state,2018-19,,,,0.0,,,,,,,,Chicago State,False,True,2017-18,2025-26,Known established D1 program; appears in official D1 final standings elsewhere in window; reviewed for entry/exit and name continuity.,https://dxbhsrqyrr690.cloudfront.net/sidearm.nextgen.sites/nacda.com/documents/2024/6/26/23.24FinalDI.pdf,"2023-24, 2024-25",Bounds clipped to study window. Not an independent annual membership certification.,2026-09-30,True,kept_known_d1_program
chicago_state,2020-21,,,,0.0,,,,,,,,Chicago State,False,True,2017-18,2025-26,Known established D1 program; appears in official D1 final standings elsewhere in window; reviewed for entry/exit and name continuity.,https://dxbhsrqyrr690.cloudfront.net/sidearm.nextgen.sites/nacda.com/documents/2024/6/26/23.24FinalDI.pdf,"2023-24, 2024-25",Bounds clipped to study window. Not an independent annual membership certification.,2026-09-30,True,kept_known_d1_program
chicago_state,2021-22,,,,0.0,,,,,,,,Chicago State,False,True,2017-18,2025-26,Known established D1 program; appears in official D1 final standings elsewhere in window; reviewed for entry/exit and name continuity.,https://dxbhsrqyrr690.cloudfront.net/sidearm.nextgen.sites/nacda.com/documents/2024/6/26/23.24FinalDI.pdf,"2023-24, 2024-25",Bounds clipped to study window. Not an independent annual membership certification.,2026-09-30,True,kept_known_d1_program
chicago_state,2022-23,,,,0.0,,,,,,,,Chicago State,False,True,2017-18,2025-26,Known established D1 program; appears in official D1 final standings elsewhere in window; reviewed for entry/exit and name continuity.,https://dxbhsrqyrr690.cloudfront.net/sidearm.nextgen.sites/nacda.com/documents/2024/6/26/23.24FinalDI.pdf,"2023-24, 2024-25",Bounds clipped to study window. Not an independent annual membership certification.,2026-09-30,True,kept_known_d1_program
chicago_state,2025-26,,,,0.0,,,,,,,,Chicago State,False,True,2017-18,2025-26,Known established D1 program; appears in official D1 final standings elsewhere in window; reviewed for entry/exit and name continuity.,https://dxbhsrqyrr690.cloudfront.net/sidearm.nextgen.sites/nacda.com/documents/2024/6/26/23.24FinalDI.pdf,"2023-24, 2024-25",Bounds clipped to study window. Not an independent annual membership certification.,2026-09-30,True,kept_known_d1_program
citadel,2017-18,,,,0.0,,,,,,,,Citadel,False,True,2017-18,2025-26,Known established D1 program; appears in official D1 final standings elsewhere in window; reviewed for entry/exit and name continuity.,https://dxbhsrqyrr690.cloudfront.net/sidearm.nextgen.sites/nacda.com/documents/2022/6/30/FinalDIstandings.pdf,"2021-22, 2024-25, 2025-26",Bounds clipped to study window. Not an independent annual membership certification.,2026-09-30,True,kept_known_d1_program
citadel,2018-19,,,,0.0,,,,,,,,Citadel,False,True,2017-18,2025-26,Known established D1 program; appears in official D1 final standings elsewhere in window; reviewed for entry/exit and name continuity.,https://dxbhsrqyrr690.cloudfront.net/sidearm.nextgen.sites/nacda.com/documents/2022/6/30/FinalDIstandings.pdf,"2021-22, 2024-25, 2025-26",Bounds clipped to study window. Not an independent annual membership certification.,2026-09-30,True,kept_known_d1_program
citadel,2020-21,,,,0.0,,,,,,,,Citadel,False,True,2017-18,2025-26,Known established D1 program; appears in official D1 final standings elsewhere in window; reviewed for entry/exit and name continuity.,https://dxbhsrqyrr690.cloudfront.net/sidearm.nextgen.sites/nacda.com/documents/2022/6/30/FinalDIstandings.pdf,"2021-22, 2024-25, 2025-26",Bounds clipped to study window. Not an independent annual membership certification.,2026-09-30,True,kept_known_d1_program
citadel,2022-23,,,,0.0,,,,,,,,Citadel,False,True,2017-18,2025-26,Known established D1 program; appears in official D1 final standings elsewhere in window; reviewed for entry/exit and name continuity.,https://dxbhsrqyrr690.cloudfront.net/sidearm.nextgen.sites/nacda.com/documents/2022/6/30/FinalDIstandings.pdf,"2021-22, 2024-25, 2025-26",Bounds clipped to study window. Not an independent annual membership certification.,2026-09-30,True,kept_known_d1_program
citadel,2023-24,,,,0.0,,,,,,,,Citadel,False,True,2017-18,2025-26,Known established D1 program; appears in official D1 final standings elsewhere in window; reviewed for entry/exit and name continuity.,https://dxbhsrqyrr690.cloudfront.net/sidearm.nextgen.sites/nacda.com/documents/2022/6/30/FinalDIstandings.pdf,"2021-22, 2024-25, 2025-26",Bounds clipped to study window. Not an independent annual membership certification.,2026-09-30,True,kept_known_d1_program
colgate,2025-26,,,,0.0,,,,,,,,Colgate,False,True,2017-18,2025-26,Known established D1 program; appears in official D1 final standings elsewhere in window; reviewed for entry/exit and name continuity.,https://dxbhsrqyrr690.cloudfront.net/sidearm.nextgen.sites/nacda.com/documents/2018/7/18/June29overallDI.pdf,"2017-18, 2018-19, 2020-21, 2021-22, 2022-23, 2023-24, 2024-25",Bounds clipped to study window. Not an independent annual membership certification.,2026-09-30,True,kept_known_d1_program
college_of_charleston,2018-19,,,,0.0,,,,,,,,College of Charleston,False,True,2017-18,2025-26,Known established D1 program; appears in official D1 final standings elsewhere in window; reviewed for entry/exit and name continuity.,https://dxbhsrqyrr690.cloudfront.net/sidearm.nextgen.sites/nacda.com/documents/2018/7/18/June29overallDI.pdf,"2017-18, 2020-21, 2021-22, 2022-23, 2023-24, 2024-25, 2025-26",Bounds clipped to study window. Not an independent annual membership certification.,2026-09-30,True,kept_known_d1_program
columbia,2020-21,,,,0.0,,,,,,,,Columbia,False,True,2017-18,2025-26,Known established D1 program; appears in official D1 final standings elsewhere in window; reviewed for entry/exit and name continuity.,https://dxbhsrqyrr690.cloudfront.net/sidearm.nextgen.sites/nacda.com/documents/2018/7/18/June29overallDI.pdf,"2017-18, 2018-19, 2021-22, 2022-23, 2023-24, 2024-25, 2025-26",Bounds clipped to study window. Not an independent annual membership certification.,2026-09-30,True,kept_known_d1_program
coppin_state,2017-18,,,,0.0,,,,,,,,Coppin State,False,True,2017-18,2025-26,Known established D1 program; appears in official D1 final standings elsewhere in window; reviewed for entry/exit and name continuity.,https://dxbhsrqyrr690.cloudfront.net/sidearm.nextgen.sites/nacda.com/documents/2019/6/27/June28DIOverall.pdf,"2018-19, 2021-22, 2023-24, 2025-26",Bounds clipped to study window. Not an independent annual membership certification.,2026-09-30,True,kept_known_d1_program
coppin_state,2020-21,,,,0.0,,,,,,,,Coppin State,False,True,2017-18,2025-26,Known established D1 program; appears in official D1 final standings elsewhere in window; reviewed for entry/exit and name continuity.,https://dxbhsrqyrr690.cloudfront.net/sidearm.nextgen.sites/nacda.com/documents/2019/6/27/June28DIOverall.pdf,"2018-19, 2021-22, 2023-24, 2025-26",Bounds clipped to study window. Not an independent annual membership certification.,2026-09-30,True,kept_known_d1_program
coppin_state,2022-23,,,,0.0,,,,,,,,Coppin State,False,True,2017-18,2025-26,Known established D1 program; appears in official D1 final standings elsewhere in window; reviewed for entry/exit and name continuity.,https://dxbhsrqyrr690.cloudfront.net/sidearm.nextgen.sites/nacda.com/documents/2019/6/27/June28DIOverall.pdf,"2018-19, 2021-22, 2023-24, 2025-26",Bounds clipped to study window. Not an independent annual membership certification.,2026-09-30,True,kept_known_d1_program
coppin_state,2024-25,,,,0.0,,,,,,,,Coppin State,False,True,2017-18,2025-26,Known established D1 program; appears in official D1 final standings elsewhere in window; reviewed for entry/exit and name continuity.,https://dxbhsrqyrr690.cloudfront.net/sidearm.nextgen.sites/nacda.com/documents/2019/6/27/June28DIOverall.pdf,"2018-19, 2021-22, 2023-24, 2025-26",Bounds clipped to study window. Not an independent annual membership certification.,2026-09-30,True,kept_known_d1_program
dartmouth,2020-21,,,,0.0,,,,,,,,Dartmouth,False,True,2017-18,2025-26,Known established D1 program; appears in official D1 final standings elsewhere in window; reviewed for entry/exit and name continuity.,https://dxbhsrqyrr690.cloudfront.net/sidearm.nextgen.sites/nacda.com/documents/2018/7/18/June29overallDI.pdf,"2017-18, 2018-19, 2021-22, 2022-23, 2023-24, 2024-25, 2025-26",Bounds clipped to study window. Not an independent annual membership certification.,2026-09-30,True,kept_known_d1_program
davidson,2018-19,,,,0.0,,,,,,,,Davidson,False,True,2017-18,2025-26,Known established D1 program; appears in official D1 final standings elsewhere in window; reviewed for entry/exit and name continuity.,https://dxbhsrqyrr690.cloudfront.net/sidearm.nextgen.sites/nacda.com/documents/2018/7/18/June29overallDI.pdf,"2017-18, 2020-21, 2021-22, 2022-23, 2024-25, 2025-26",Bounds clipped to study window. Not an independent annual membership certification.,2026-09-30,True,kept_known_d1_program
davidson,2023-24,,,,0.0,,,,,,,,Davidson,False,True,2017-18,2025-26,Known established D1 program; appears in official D1 final standings elsewhere in window; reviewed for entry/exit and name continuity.,https://dxbhsrqyrr690.cloudfront.net/sidearm.nextgen.sites/nacda.com/documents/2018/7/18/June29overallDI.pdf,"2017-18, 2020-21, 2021-22, 2022-23, 2024-25, 2025-26",Bounds clipped to study window. Not an independent annual membership certification.,2026-09-30,True,kept_known_d1_program
dayton,2022-23,,,,0.0,,,,,,,,Dayton,False,True,2017-18,2025-26,Known established D1 program; appears in official D1 final standings elsewhere in window; reviewed for entry/exit and name continuity.,https://dxbhsrqyrr690.cloudfront.net/sidearm.nextgen.sites/nacda.com/documents/2018/7/18/June29overallDI.pdf,"2017-18, 2018-19, 2020-21, 2021-22, 2023-24, 2024-25, 2025-26",Bounds clipped to study window. Not an independent annual membership certification.,2026-09-30,True,kept_known_d1_program
depaul,2022-23,,,,0.0,,,,,,,,DePaul,False,True,2017-18,2025-26,Known established D1 program; appears in official D1 final standings elsewhere in window; reviewed for entry/exit and name continuity.,https://dxbhsrqyrr690.cloudfront.net/sidearm.nextgen.sites/nacda.com/documents/2018/7/18/June29overallDI.pdf,"2017-18, 2018-19, 2020-21, 2021-22, 2023-24, 2024-25",Bounds clipped to study window. Not an independent annual membership certification.,2026-09-30,True,kept_known_d1_program
depaul,2025-26,,,,0.0,,,,,,,,DePaul,False,True,2017-18,2025-26,Known established D1 program; appears in official D1 final standings elsewhere in window; reviewed for entry/exit and name continuity.,https://dxbhsrqyrr690.cloudfront.net/sidearm.nextgen.sites/nacda.com/documents/2018/7/18/June29overallDI.pdf,"2017-18, 2018-19, 2020-21, 2021-22, 2023-24, 2024-25",Bounds clipped to study window. Not an independent annual membership certification.,2026-09-30,True,kept_known_d1_program
delaware_state,2017-18,,,,0.0,,,,,,,,Delaware State,False,True,2017-18,2025-26,Known established D1 program; appears in official D1 final standings elsewhere in window; reviewed for entry/exit and name continuity.,https://dxbhsrqyrr690.cloudfront.net/sidearm.nextgen.sites/nacda.com/documents/2021/7/1/July2OverallDI.pdf,"2020-21, 2022-23, 2024-25, 2025-26",Bounds clipped to study window. Not an independent annual membership certification.,2026-09-30,True,kept_known_d1_program
delaware_state,2018-19,,,,0.0,,,,,,,,Delaware State,False,True,2017-18,2025-26,Known established D1 program; appears in official D1 final standings elsewhere in window; reviewed for entry/exit and name continuity.,https://dxbhsrqyrr690.cloudfront.net/sidearm.nextgen.sites/nacda.com/documents/2021/7/1/July2OverallDI.pdf,"2020-21, 2022-23, 2024-25, 2025-26",Bounds clipped to study window. Not an independent annual membership certification.,2026-09-30,True,kept_known_d1_program
delaware_state,2021-22,,,,0.0,,,,,,,,Delaware State,False,True,2017-18,2025-26,Known established D1 program; appears in official D1 final standings elsewhere in window; reviewed for entry/exit and name continuity.,https://dxbhsrqyrr690.cloudfront.net/sidearm.nextgen.sites/nacda.com/documents/2021/7/1/July2OverallDI.pdf,"2020-21, 2022-23, 2024-25, 2025-26",Bounds clipped to study window. Not an independent annual membership certification.,2026-09-30,True,kept_known_d1_program
delaware_state,2023-24,,,,0.0,,,,,,,,Delaware State,False,True,2017-18,2025-26,Known established D1 program; appears in official D1 final standings elsewhere in window; reviewed for entry/exit and name continuity.,https://dxbhsrqyrr690.cloudfront.net/sidearm.nextgen.sites/nacda.com/documents/2021/7/1/July2OverallDI.pdf,"2020-21, 2022-23, 2024-25, 2025-26",Bounds clipped to study window. Not an independent annual membership certification.,2026-09-30,True,kept_known_d1_program
detroit,2017-18,,,,0.0,,,,,,,,Detroit,False,True,2017-18,2025-26,Known established D1 program; appears in official D1 final standings elsewhere in window; reviewed for entry/exit and name continuity.,https://dxbhsrqyrr690.cloudfront.net/sidearm.nextgen.sites/nacda.com/documents/2019/6/27/June28DIOverall.pdf,2018-19,Bounds clipped to study window. Not an independent annual membership certification.,2026-09-30,True,kept_known_d1_program
detroit,2020-21,,,,0.0,,,,,,,,Detroit,False,True,2017-18,2025-26,Known established D1 program; appears in official D1 final standings elsewhere in window; reviewed for entry/exit and name continuity.,https://dxbhsrqyrr690.cloudfront.net/sidearm.nextgen.sites/nacda.com/documents/2019/6/27/June28DIOverall.pdf,2018-19,Bounds clipped to study window. Not an independent annual membership certification.,2026-09-30,True,kept_known_d1_program
detroit,2021-22,,,,0.0,,,,,,,,Detroit,False,True,2017-18,2025-26,Known established D1 program; appears in official D1 final standings elsewhere in window; reviewed for entry/exit and name continuity.,https://dxbhsrqyrr690.cloudfront.net/sidearm.nextgen.sites/nacda.com/documents/2019/6/27/June28DIOverall.pdf,2018-19,Bounds clipped to study window. Not an independent annual membership certification.,2026-09-30,True,kept_known_d1_program
detroit,2022-23,,,,0.0,,,,,,,,Detroit,False,True,2017-18,2025-26,Known established D1 program; appears in official D1 final standings elsewhere in window; reviewed for entry/exit and name continuity.,https://dxbhsrqyrr690.cloudfront.net/sidearm.nextgen.sites/nacda.com/documents/2019/6/27/June28DIOverall.pdf,2018-19,Bounds clipped to study window. Not an independent annual membership certification.,2026-09-30,True,kept_known_d1_program
detroit,2023-24,,,,0.0,,,,,,,,Detroit,False,True,2017-18,2025-26,Known established D1 program; appears in official D1 final standings elsewhere in window; reviewed for entry/exit and name continuity.,https://dxbhsrqyrr690.cloudfront.net/sidearm.nextgen.sites/nacda.com/documents/2019/6/27/June28DIOverall.pdf,2018-19,Bounds clipped to study window. Not an independent annual membership certification.,2026-09-30,True,kept_known_d1_program
detroit,2024-25,,,,0.0,,,,,,,,Detroit,False,True,2017-18,2025-26,Known established D1 program; appears in official D1 final standings elsewhere in window; reviewed for entry/exit and name continuity.,https://dxbhsrqyrr690.cloudfront.net/sidearm.nextgen.sites/nacda.com/documents/2019/6/27/June28DIOverall.pdf,2018-19,Bounds clipped to study window. Not an independent annual membership certification.,2026-09-30,True,kept_known_d1_program
detroit,2025-26,,,,0.0,,,,,,,,Detroit,False,True,2017-18,2025-26,Known established D1 program; appears in official D1 final standings elsewhere in window; reviewed for entry/exit and name continuity.,https://dxbhsrqyrr690.cloudfront.net/sidearm.nextgen.sites/nacda.com/documents/2019/6/27/June28DIOverall.pdf,2018-19,Bounds clipped to study window. Not an independent annual membership certification.,2026-09-30,True,kept_known_d1_program
drexel,2024-25,,,,0.0,,,,,,,,Drexel,False,True,2017-18,2025-26,Known established D1 program; appears in official D1 final standings elsewhere in window; reviewed for entry/exit and name continuity.,https://dxbhsrqyrr690.cloudfront.net/sidearm.nextgen.sites/nacda.com/documents/2018/7/18/June29overallDI.pdf,"2017-18, 2018-19, 2020-21, 2021-22, 2022-23, 2023-24, 2025-26",Bounds clipped to study window. Not an independent annual membership certification.,2026-09-30,True,kept_known_d1_program
duquesne,2017-18,,,,0.0,,,,,,,,Duquesne,False,True,2017-18,2025-26,Known established D1 program; appears in official D1 final standings elsewhere in window; reviewed for entry/exit and name continuity.,https://dxbhsrqyrr690.cloudfront.net/sidearm.nextgen.sites/nacda.com/documents/2019/6/27/June28DIOverall.pdf,"2018-19, 2020-21, 2022-23, 2023-24, 2025-26",Bounds clipped to study window. Not an independent annual membership certification.,2026-09-30,True,kept_known_d1_program
duquesne,2021-22,,,,0.0,,,,,,,,Duquesne,False,True,2017-18,2025-26,Known established D1 program; appears in official D1 final standings elsewhere in window; reviewed for entry/exit and name continuity.,https://dxbhsrqyrr690.cloudfront.net/sidearm.nextgen.sites/nacda.com/documents/2019/6/27/June28DIOverall.pdf,"2018-19, 2020-21, 2022-23, 2023-24, 2025-26",Bounds clipped to study window. Not an independent annual membership certification.,2026-09-30,True,kept_known_d1_program
duquesne,2024-25,,,,0.0,,,,,,,,Duquesne,False,True,2017-18,2025-26,Known established D1 program; appears in official D1 final standings elsewhere in window; reviewed for entry/exit and name continuity.,https://dxbhsrqyrr690.cloudfront.net/sidearm.nextgen.sites/nacda.com/documents/2019/6/27/June28DIOverall.pdf,"2018-19, 2020-21, 2022-23, 2023-24, 2025-26",Bounds clipped to study window. Not an independent annual membership certification.,2026-09-30,True,kept_known_d1_program
eastern_illinois,2017-18,,,,0.0,,,,,,,,Eastern Illinois,False,True,2017-18,2025-26,Known established D1 program; appears in official D1 final standings elsewhere in window; reviewed for entry/exit and name continuity.,https://dxbhsrqyrr690.cloudfront.net/sidearm.nextgen.sites/nacda.com/documents/2023/6/27/Final22.23Standings.pdf,"2022-23, 2023-24, 2024-25, 2025-26",Bounds clipped to study window. Not an independent annual membership certification.,2026-09-30,True,kept_known_d1_program
eastern_illinois,2018-19,,,,0.0,,,,,,,,Eastern Illinois,False,True,2017-18,2025-26,Known established D1 program; appears in official D1 final standings elsewhere in window; reviewed for entry/exit and name continuity.,https://dxbhsrqyrr690.cloudfront.net/sidearm.nextgen.sites/nacda.com/documents/2023/6/27/Final22.23Standings.pdf,"2022-23, 2023-24, 2024-25, 2025-26",Bounds clipped to study window. Not an independent annual membership certification.,2026-09-30,True,kept_known_d1_program
eastern_illinois,2020-21,,,,0.0,,,,,,,,Eastern Illinois,False,True,2017-18,2025-26,Known established D1 program; appears in official D1 final standings elsewhere in window; reviewed for entry/exit and name continuity.,https://dxbhsrqyrr690.cloudfront.net/sidearm.nextgen.sites/nacda.com/documents/2023/6/27/Final22.23Standings.pdf,"2022-23, 2023-24, 2024-25, 2025-26",Bounds clipped to study window. Not an independent annual membership certification.,2026-09-30,True,kept_known_d1_program
eastern_illinois,2021-22,,,,0.0,,,,,,,,Eastern Illinois,False,True,2017-18,2025-26,Known established D1 program; appears in official D1 final standings elsewhere in window; reviewed for entry/exit and name continuity.,https://dxbhsrqyrr690.cloudfront.net/sidearm.nextgen.sites/nacda.com/documents/2023/6/27/Final22.23Standings.pdf,"2022-23, 2023-24, 2024-25, 2025-26",Bounds clipped to study window. Not an independent annual membership certification.,2026-09-30,True,kept_known_d1_program
eastern_michigan,2024-25,,,,0.0,,,,,,,,Eastern Michigan,False,True,2017-18,2025-26,Known established D1 program; appears in official D1 final standings elsewhere in window; reviewed for entry/exit and name continuity.,https://dxbhsrqyrr690.cloudfront.net/sidearm.nextgen.sites/nacda.com/documents/2018/7/18/June29overallDI.pdf,"2017-18, 2018-19, 2020-21, 2021-22, 2022-23, 2023-24, 2025-26",Bounds clipped to study window. Not an independent annual membership certification.,2026-09-30,True,kept_known_d1_program
eastern_washington,2022-23,,,,0.0,,,,,,,,Eastern Washington,False,True,2017-18,2025-26,Known established D1 program; appears in official D1 final standings elsewhere in window; reviewed for entry/exit and name continuity.,https://dxbhsrqyrr690.cloudfront.net/sidearm.nextgen.sites/nacda.com/documents/2018/7/18/June29overallDI.pdf,"2017-18, 2018-19, 2020-21, 2021-22, 2023-24",Bounds clipped to study window. Not an independent annual membership certification.,2026-09-30,True,kept_known_d1_program
eastern_washington,2024-25,,,,0.0,,,,,,,,Eastern Washington,False,True,2017-18,2025-26,Known established D1 program; appears in official D1 final standings elsewhere in window; reviewed for entry/exit and name continuity.,https://dxbhsrqyrr690.cloudfront.net/sidearm.nextgen.sites/nacda.com/documents/2018/7/18/June29overallDI.pdf,"2017-18, 2018-19, 2020-21, 2021-22, 2023-24",Bounds clipped to study window. Not an independent annual membership certification.,2026-09-30,True,kept_known_d1_program
eastern_washington,2025-26,,,,0.0,,,,,,,,Eastern Washington,False,True,2017-18,2025-26,Known established D1 program; appears in official D1 final standings elsewhere in window; reviewed for entry/exit and name continuity.,https://dxbhsrqyrr690.cloudfront.net/sidearm.nextgen.sites/nacda.com/documents/2018/7/18/June29overallDI.pdf,"2017-18, 2018-19, 2020-21, 2021-22, 2023-24",Bounds clipped to study window. Not an independent annual membership certification.,2026-09-30,True,kept_known_d1_program
elon,2021-22,,,,0.0,,,,,,,,Elon,False,True,2017-18,2025-26,Known established D1 program; appears in official D1 final standings elsewhere in window; reviewed for entry/exit and name continuity.,https://dxbhsrqyrr690.cloudfront.net/sidearm.nextgen.sites/nacda.com/documents/2018/7/18/June29overallDI.pdf,"2017-18, 2018-19, 2020-21, 2022-23, 2024-25, 2025-26",Bounds clipped to study window. Not an independent annual membership certification.,2026-09-30,True,kept_known_d1_program
elon,2023-24,,,,0.0,,,,,,,,Elon,False,True,2017-18,2025-26,Known established D1 program; appears in official D1 final standings elsewhere in window; reviewed for entry/exit and name continuity.,https://dxbhsrqyrr690.cloudfront.net/sidearm.nextgen.sites/nacda.com/documents/2018/7/18/June29overallDI.pdf,"2017-18, 2018-19, 2020-21, 2022-23, 2024-25, 2025-26",Bounds clipped to study window. Not an independent annual membership certification.,2026-09-30,True,kept_known_d1_program
evansville,2017-18,,,,0.0,,,,,,,,Evansville,False,True,2017-18,2025-26,Known established D1 program; appears in official D1 final standings elsewhere in window; reviewed for entry/exit and name continuity.,https://dxbhsrqyrr690.cloudfront.net/sidearm.nextgen.sites/nacda.com/documents/2021/7/1/July2OverallDI.pdf,"2020-21, 2023-24, 2024-25",Bounds clipped to study window. Not an independent annual membership certification.,2026-09-30,True,kept_known_d1_program
evansville,2018-19,,,,0.0,,,,,,,,Evansville,False,True,2017-18,2025-26,Known established D1 program; appears in official D1 final standings elsewhere in window; reviewed for entry/exit and name continuity.,https://dxbhsrqyrr690.cloudfront.net/sidearm.nextgen.sites/nacda.com/documents/2021/7/1/July2OverallDI.pdf,"2020-21, 2023-24, 2024-25",Bounds clipped to study window. Not an independent annual membership certification.,2026-09-30,True,kept_known_d1_program
evansville,2021-22,,,,0.0,,,,,,,,Evansville,False,True,2017-18,2025-26,Known established D1 program; appears in official D1 final standings elsewhere in window; reviewed for entry/exit and name continuity.,https://dxbhsrqyrr690.cloudfront.net/sidearm.nextgen.sites/nacda.com/documents/2021/7/1/July2OverallDI.pdf,"2020-21, 2023-24, 2024-25",Bounds clipped to study window. Not an independent annual membership certification.,2026-09-30,True,kept_known_d1_program
evansville,2022-23,,,,0.0,,,,,,,,Evansville,False,True,2017-18,2025-26,Known established D1 program; appears in official D1 final standings elsewhere in window; reviewed for entry/exit and name continuity.,https://dxbhsrqyrr690.cloudfront.net/sidearm.nextgen.sites/nacda.com/documents/2021/7/1/July2OverallDI.pdf,"2020-21, 2023-24, 2024-25",Bounds clipped to study window. Not an independent annual membership certification.,2026-09-30,True,kept_known_d1_program
evansville,2025-26,,,,0.0,,,,,,,,Evansville,False,True,2017-18,2025-26,Known established D1 program; appears in official D1 final standings elsewhere in window; reviewed for entry/exit and name continuity.,https://dxbhsrqyrr690.cloudfront.net/sidearm.nextgen.sites/nacda.com/documents/2021/7/1/July2OverallDI.pdf,"2020-21, 2023-24, 2024-25",Bounds clipped to study window. Not an independent annual membership certification.,2026-09-30,True,kept_known_d1_program
florida_a_m,2017-18,,,,0.0,,,,,,,,Florida A&M,False,True,2017-18,2025-26,Known established D1 program; appears in official D1 final standings elsewhere in window; reviewed for entry/exit and name continuity.,https://dxbhsrqyrr690.cloudfront.net/sidearm.nextgen.sites/nacda.com/documents/2019/6/27/June28DIOverall.pdf,"2018-19, 2020-21, 2021-22, 2022-23, 2023-24, 2024-25, 2025-26",Bounds clipped to study window. Not an independent annual membership certification.,2026-09-30,True,kept_known_d1_program
gardner_webb,2017-18,,,,0.0,,,,,,,,Gardner-Webb,False,True,2017-18,2025-26,Known established D1 program; appears in official D1 final standings elsewhere in window; reviewed for entry/exit and name continuity.,https://dxbhsrqyrr690.cloudfront.net/sidearm.nextgen.sites/nacda.com/documents/2019/6/27/June28DIOverall.pdf,"2018-19, 2020-21, 2022-23, 2023-24, 2024-25, 2025-26",Bounds clipped to study window. Not an independent annual membership certification.,2026-09-30,True,kept_known_d1_program
gardner_webb,2021-22,,,,0.0,,,,,,,,Gardner-Webb,False,True,2017-18,2025-26,Known established D1 program; appears in official D1 final standings elsewhere in window; reviewed for entry/exit and name continuity.,https://dxbhsrqyrr690.cloudfront.net/sidearm.nextgen.sites/nacda.com/documents/2019/6/27/June28DIOverall.pdf,"2018-19, 2020-21, 2022-23, 2023-24, 2024-25, 2025-26",Bounds clipped to study window. Not an independent annual membership certification.,2026-09-30,True,kept_known_d1_program
george_mason,2020-21,,,,0.0,,,,,,,,George Mason,False,True,2017-18,2025-26,Known established D1 program; appears in official D1 final standings elsewhere in window; reviewed for entry/exit and name continuity.,https://dxbhsrqyrr690.cloudfront.net/sidearm.nextgen.sites/nacda.com/documents/2018/7/18/June29overallDI.pdf,"2017-18, 2018-19, 2022-23, 2023-24, 2024-25, 2025-26",Bounds clipped to study window. Not an independent annual membership certification.,2026-09-30,True,kept_known_d1_program
george_mason,2021-22,,,,0.0,,,,,,,,George Mason,False,True,2017-18,2025-26,Known established D1 program; appears in official D1 final standings elsewhere in window; reviewed for entry/exit and name continuity.,https://dxbhsrqyrr690.cloudfront.net/sidearm.nextgen.sites/nacda.com/documents/2018/7/18/June29overallDI.pdf,"2017-18, 2018-19, 2022-23, 2023-24, 2024-25, 2025-26",Bounds clipped to study window. Not an independent annual membership certification.,2026-09-30,True,kept_known_d1_program
george_washington,2021-22,,,,0.0,,,,,,,,George Washington,False,True,2017-18,2025-26,Known established D1 program; appears in official D1 final standings elsewhere in window; reviewed for entry/exit and name continuity.,https://dxbhsrqyrr690.cloudfront.net/sidearm.nextgen.sites/nacda.com/documents/2018/7/18/June29overallDI.pdf,"2017-18, 2018-19, 2020-21, 2022-23, 2023-24",Bounds clipped to study window. Not an independent annual membership certification.,2026-09-30,True,kept_known_d1_program
george_washington,2024-25,,,,0.0,,,,,,,,George Washington,False,True,2017-18,2025-26,Known established D1 program; appears in official D1 final standings elsewhere in window; reviewed for entry/exit and name continuity.,https://dxbhsrqyrr690.cloudfront.net/sidearm.nextgen.sites/nacda.com/documents/2018/7/18/June29overallDI.pdf,"2017-18, 2018-19, 2020-21, 2022-23, 2023-24",Bounds clipped to study window. Not an independent annual membership certification.,2026-09-30,True,kept_known_d1_program
george_washington,2025-26,,,,0.0,,,,,,,,George Washington,False,True,2017-18,2025-26,Known established D1 program; appears in official D1 final standings elsewhere in window; reviewed for entry/exit and name continuity.,https://dxbhsrqyrr690.cloudfront.net/sidearm.nextgen.sites/nacda.com/documents/2018/7/18/June29overallDI.pdf,"2017-18, 2018-19, 2020-21, 2022-23, 2023-24",Bounds clipped to study window. Not an independent annual membership certification.,2026-09-30,True,kept_known_d1_program
georgia_southern,2017-18,,,,0.0,,,,,,,,Georgia Southern,False,True,2017-18,2025-26,Known established D1 program; appears in official D1 final standings elsewhere in window; reviewed for entry/exit and name continuity.,https://dxbhsrqyrr690.cloudfront.net/sidearm.nextgen.sites/nacda.com/documents/2019/6/27/June28DIOverall.pdf,"2018-19, 2020-21, 2021-22, 2022-23, 2023-24, 2024-25, 2025-26",Bounds clipped to study window. Not an independent annual membership certification.,2026-09-30,True,kept_known_d1_program
grambling_state,2018-19,,,,0.0,,,,,,,,Grambling State,False,True,2017-18,2025-26,Known established D1 program; appears in official D1 final standings elsewhere in window; reviewed for entry/exit and name continuity.,https://dxbhsrqyrr690.cloudfront.net/sidearm.nextgen.sites/nacda.com/documents/2018/7/18/June29overallDI.pdf,"2017-18, 2023-24, 2025-26",Bounds clipped to study window. Not an independent annual membership certification.,2026-09-30,True,kept_known_d1_program
grambling_state,2020-21,,,,0.0,,,,,,,,Grambling State,False,True,2017-18,2025-26,Known established D1 program; appears in official D1 final standings elsewhere in window; reviewed for entry/exit and name continuity.,https://dxbhsrqyrr690.cloudfront.net/sidearm.nextgen.sites/nacda.com/documents/2018/7/18/June29overallDI.pdf,"2017-18, 2023-24, 2025-26",Bounds clipped to study window. Not an independent annual membership certification.,2026-09-30,True,kept_known_d1_program
grambling_state,2021-22,,,,0.0,,,,,,,,Grambling State,False,True,2017-18,2025-26,Known established D1 program; appears in official D1 final standings elsewhere in window; reviewed for entry/exit and name continuity.,https://dxbhsrqyrr690.cloudfront.net/sidearm.nextgen.sites/nacda.com/documents/2018/7/18/June29overallDI.pdf,"2017-18, 2023-24, 2025-26",Bounds clipped to study window. Not an independent annual membership certification.,2026-09-30,True,kept_known_d1_program
grambling_state,2022-23,,,,0.0,,,,,,,,Grambling State,False,True,2017-18,2025-26,Known established D1 program; appears in official D1 final standings elsewhere in window; reviewed for entry/exit and name continuity.,https://dxbhsrqyrr690.cloudfront.net/sidearm.nextgen.sites/nacda.com/documents/2018/7/18/June29overallDI.pdf,"2017-18, 2023-24, 2025-26",Bounds clipped to study window. Not an independent annual membership certification.,2026-09-30,True,kept_known_d1_program
grambling_state,2024-25,,,,0.0,,,,,,,,Grambling State,False,True,2017-18,2025-26,Known established D1 program; appears in official D1 final standings elsewhere in window; reviewed for entry/exit and name continuity.,https://dxbhsrqyrr690.cloudfront.net/sidearm.nextgen.sites/nacda.com/documents/2018/7/18/June29overallDI.pdf,"2017-18, 2023-24, 2025-26",Bounds clipped to study window. Not an independent annual membership certification.,2026-09-30,True,kept_known_d1_program
hartford,2018-19,,,,0.0,,,,,,,,Hartford,False,True,2017-18,2022-23,Official D1 departure record,https://www-failover-01.hartford.edu/news/press-releases/2022/06/athletics-conference.aspx,"2017-18, 2020-21",D1 independent in 2022-23; DIII conference from 2023-24. Keep last D1 competition year during reclassification.,2026-09-30,True,kept_known_d1_program
hartford,2021-22,,,,0.0,,,,,,,,Hartford,False,True,2017-18,2022-23,Official D1 departure record,https://www-failover-01.hartford.edu/news/press-releases/2022/06/athletics-conference.aspx,"2017-18, 2020-21",D1 independent in 2022-23; DIII conference from 2023-24. Keep last D1 competition year during reclassification.,2026-09-30,True,kept_known_d1_program
hartford,2022-23,,,,0.0,,,,,,,,Hartford,False,True,2017-18,2022-23,Official D1 departure record,https://www-failover-01.hartford.edu/news/press-releases/2022/06/athletics-conference.aspx,"2017-18, 2020-21",D1 independent in 2022-23; DIII conference from 2023-24. Keep last D1 competition year during reclassification.,2026-09-30,True,kept_known_d1_program
hartford,2023-24,,,,0.0,,,,,,,,Hartford,False,True,2017-18,2022-23,Official D1 departure record,https://www-failover-01.hartford.edu/news/press-releases/2022/06/athletics-conference.aspx,"2017-18, 2020-21",D1 independent in 2022-23; DIII conference from 2023-24. Keep last D1 competition year during reclassification.,2026-09-30,False,dropped_outside_d1_program_interval
hartford,2024-25,,,,0.0,,,,,,,,Hartford,False,True,2017-18,2022-23,Official D1 departure record,https://www-failover-01.hartford.edu/news/press-releases/2022/06/athletics-conference.aspx,"2017-18, 2020-21",D1 independent in 2022-23; DIII conference from 2023-24. Keep last D1 competition year during reclassification.,2026-09-30,False,dropped_outside_d1_program_interval
hartford,2025-26,,,,0.0,,,,,,,,Hartford,False,True,2017-18,2022-23,Official D1 departure record,https://www-failover-01.hartford.edu/news/press-releases/2022/06/athletics-conference.aspx,"2017-18, 2020-21",D1 independent in 2022-23; DIII conference from 2023-24. Keep last D1 competition year during reclassification.,2026-09-30,False,dropped_outside_d1_program_interval
harvard,2020-21,,,,0.0,,,,,,,,Harvard,False,True,2017-18,2025-26,Known established D1 program; appears in official D1 final standings elsewhere in window; reviewed for entry/exit and name continuity.,https://dxbhsrqyrr690.cloudfront.net/sidearm.nextgen.sites/nacda.com/documents/2018/7/18/June29overallDI.pdf,"2017-18, 2018-19, 2021-22, 2022-23, 2023-24, 2024-25, 2025-26",Bounds clipped to study window. Not an independent annual membership certification.,2026-09-30,True,kept_known_d1_program
holy_cross,2017-18,,,,0.0,,,,,,,,Holy Cross,False,True,2017-18,2025-26,Known established D1 program; appears in official D1 final standings elsewhere in window; reviewed for entry/exit and name continuity.,https://dxbhsrqyrr690.cloudfront.net/sidearm.nextgen.sites/nacda.com/documents/2021/7/1/July2OverallDI.pdf,"2020-21, 2021-22, 2022-23, 2023-24, 2024-25, 2025-26",Bounds clipped to study window. Not an independent annual membership certification.,2026-09-30,True,kept_known_d1_program
holy_cross,2018-19,,,,0.0,,,,,,,,Holy Cross,False,True,2017-18,2025-26,Known established D1 program; appears in official D1 final standings elsewhere in window; reviewed for entry/exit and name continuity.,https://dxbhsrqyrr690.cloudfront.net/sidearm.nextgen.sites/nacda.com/documents/2021/7/1/July2OverallDI.pdf,"2020-21, 2021-22, 2022-23, 2023-24, 2024-25, 2025-26",Bounds clipped to study window. Not an independent annual membership certification.,2026-09-30,True,kept_known_d1_program
houston_christian,2021-22,,,,0.0,,,,,,,,Houston Christian,False,True,2017-18,2025-26,Known established D1 program; appears in official D1 final standings elsewhere in window; reviewed for entry/exit and name continuity.,https://dxbhsrqyrr690.cloudfront.net/sidearm.nextgen.sites/nacda.com/documents/2018/7/18/June29overallDI.pdf,"2017-18, 2018-19, 2020-21, 2024-25, 2025-26",Bounds clipped to study window. Not an independent annual membership certification.,2026-09-30,True,kept_known_d1_program
houston_christian,2022-23,,,,0.0,,,,,,,,Houston Christian,False,True,2017-18,2025-26,Known established D1 program; appears in official D1 final standings elsewhere in window; reviewed for entry/exit and name continuity.,https://dxbhsrqyrr690.cloudfront.net/sidearm.nextgen.sites/nacda.com/documents/2018/7/18/June29overallDI.pdf,"2017-18, 2018-19, 2020-21, 2024-25, 2025-26",Bounds clipped to study window. Not an independent annual membership certification.,2026-09-30,True,kept_known_d1_program
houston_christian,2023-24,,,,0.0,,,,,,,,Houston Christian,False,True,2017-18,2025-26,Known established D1 program; appears in official D1 final standings elsewhere in window; reviewed for entry/exit and name continuity.,https://dxbhsrqyrr690.cloudfront.net/sidearm.nextgen.sites/nacda.com/documents/2018/7/18/June29overallDI.pdf,"2017-18, 2018-19, 2020-21, 2024-25, 2025-26",Bounds clipped to study window. Not an independent annual membership certification.,2026-09-30,True,kept_known_d1_program
howard,2020-21,,,,0.0,,,,,,,,Howard,False,True,2017-18,2025-26,Known established D1 program; appears in official D1 final standings elsewhere in window; reviewed for entry/exit and name continuity.,https://dxbhsrqyrr690.cloudfront.net/sidearm.nextgen.sites/nacda.com/documents/2018/7/18/June29overallDI.pdf,"2017-18, 2018-19, 2021-22, 2022-23, 2023-24, 2024-25, 2025-26",Bounds clipped to study window. Not an independent annual membership certification.,2026-09-30,True,kept_known_d1_program
ipfw,2017-18,,,,0.0,,,,,,,,IPFW,False,True,2017-18,2025-26,Known established D1 program; appears in official D1 final standings elsewhere in window; reviewed for entry/exit and name continuity.,https://dxbhsrqyrr690.cloudfront.net/sidearm.nextgen.sites/nacda.com/documents/2023/6/27/Final22.23Standings.pdf,2022-23,Bounds clipped to study window. Not an independent annual membership certification.,2026-09-30,True,kept_known_d1_program
ipfw,2018-19,,,,0.0,,,,,,,,IPFW,False,True,2017-18,2025-26,Known established D1 program; appears in official D1 final standings elsewhere in window; reviewed for entry/exit and name continuity.,https://dxbhsrqyrr690.cloudfront.net/sidearm.nextgen.sites/nacda.com/documents/2023/6/27/Final22.23Standings.pdf,2022-23,Bounds clipped to study window. Not an independent annual membership certification.,2026-09-30,True,kept_known_d1_program
ipfw,2020-21,,,,0.0,,,,,,,,IPFW,False,True,2017-18,2025-26,Known established D1 program; appears in official D1 final standings elsewhere in window; reviewed for entry/exit and name continuity.,https://dxbhsrqyrr690.cloudfront.net/sidearm.nextgen.sites/nacda.com/documents/2023/6/27/Final22.23Standings.pdf,2022-23,Bounds clipped to study window. Not an independent annual membership certification.,2026-09-30,True,kept_known_d1_program
ipfw,2021-22,,,,0.0,,,,,,,,IPFW,False,True,2017-18,2025-26,Known established D1 program; appears in official D1 final standings elsewhere in window; reviewed for entry/exit and name continuity.,https://dxbhsrqyrr690.cloudfront.net/sidearm.nextgen.sites/nacda.com/documents/2023/6/27/Final22.23Standings.pdf,2022-23,Bounds clipped to study window. Not an independent annual membership certification.,2026-09-30,True,kept_known_d1_program
ipfw,2023-24,,,,0.0,,,,,,,,IPFW,False,True,2017-18,2025-26,Known established D1 program; appears in official D1 final standings elsewhere in window; reviewed for entry/exit and name continuity.,https://dxbhsrqyrr690.cloudfront.net/sidearm.nextgen.sites/nacda.com/documents/2023/6/27/Final22.23Standings.pdf,2022-23,Bounds clipped to study window. Not an independent annual membership certification.,2026-09-30,True,kept_known_d1_program
ipfw,2024-25,,,,0.0,,,,,,,,IPFW,False,True,2017-18,2025-26,Known established D1 program; appears in official D1 final standings elsewhere in window; reviewed for entry/exit and name continuity.,https://dxbhsrqyrr690.cloudfront.net/sidearm.nextgen.sites/nacda.com/documents/2023/6/27/Final22.23Standings.pdf,2022-23,Bounds clipped to study window. Not an independent annual membership certification.,2026-09-30,True,kept_known_d1_program
ipfw,2025-26,,,,0.0,,,,,,,,IPFW,False,True,2017-18,2025-26,Known established D1 program; appears in official D1 final standings elsewhere in window; reviewed for entry/exit and name continuity.,https://dxbhsrqyrr690.cloudfront.net/sidearm.nextgen.sites/nacda.com/documents/2023/6/27/Final22.23Standings.pdf,2022-23,Bounds clipped to study window. Not an independent annual membership certification.,2026-09-30,True,kept_known_d1_program
iupui,2020-21,,,,0.0,,,,,,,,IUPUI,False,True,2017-18,2025-26,Known established D1 program; appears in official D1 final standings elsewhere in window; reviewed for entry/exit and name continuity.,https://dxbhsrqyrr690.cloudfront.net/sidearm.nextgen.sites/nacda.com/documents/2018/7/18/June29overallDI.pdf,"2017-18, 2018-19, 2021-22, 2025-26",Bounds clipped to study window. Not an independent annual membership certification.,2026-09-30,True,kept_known_d1_program
iupui,2022-23,,,,0.0,,,,,,,,IUPUI,False,True,2017-18,2025-26,Known established D1 program; appears in official D1 final standings elsewhere in window; reviewed for entry/exit and name continuity.,https://dxbhsrqyrr690.cloudfront.net/sidearm.nextgen.sites/nacda.com/documents/2018/7/18/June29overallDI.pdf,"2017-18, 2018-19, 2021-22, 2025-26",Bounds clipped to study window. Not an independent annual membership certification.,2026-09-30,True,kept_known_d1_program
iupui,2023-24,,,,0.0,,,,,,,,IUPUI,False,True,2017-18,2025-26,Known established D1 program; appears in official D1 final standings elsewhere in window; reviewed for entry/exit and name continuity.,https://dxbhsrqyrr690.cloudfront.net/sidearm.nextgen.sites/nacda.com/documents/2018/7/18/June29overallDI.pdf,"2017-18, 2018-19, 2021-22, 2025-26",Bounds clipped to study window. Not an independent annual membership certification.,2026-09-30,True,kept_known_d1_program
iupui,2024-25,,,,0.0,,,,,,,,IUPUI,False,True,2017-18,2025-26,Known established D1 program; appears in official D1 final standings elsewhere in window; reviewed for entry/exit and name continuity.,https://dxbhsrqyrr690.cloudfront.net/sidearm.nextgen.sites/nacda.com/documents/2018/7/18/June29overallDI.pdf,"2017-18, 2018-19, 2021-22, 2025-26",Bounds clipped to study window. Not an independent annual membership certification.,2026-09-30,True,kept_known_d1_program
idaho,2018-19,,,,0.0,,,,,,,,Idaho,False,True,2017-18,2025-26,Known established D1 program; appears in official D1 final standings elsewhere in window; reviewed for entry/exit and name continuity.,https://dxbhsrqyrr690.cloudfront.net/sidearm.nextgen.sites/nacda.com/documents/2018/7/18/June29overallDI.pdf,"2017-18, 2020-21, 2021-22, 2022-23, 2023-24, 2024-25, 2025-26",Bounds clipped to study window. Not an independent annual membership certification.,2026-09-30,True,kept_known_d1_program
idaho_state,2017-18,,,,0.0,,,,,,,,Idaho State,False,True,2017-18,2025-26,Known established D1 program; appears in official D1 final standings elsewhere in window; reviewed for entry/exit and name continuity.,https://dxbhsrqyrr690.cloudfront.net/sidearm.nextgen.sites/nacda.com/documents/2021/7/1/July2OverallDI.pdf,"2020-21, 2025-26",Bounds clipped to study window. Not an independent annual membership certification.,2026-09-30,True,kept_known_d1_program
idaho_state,2018-19,,,,0.0,,,,,,,,Idaho State,False,True,2017-18,2025-26,Known established D1 program; appears in official D1 final standings elsewhere in window; reviewed for entry/exit and name continuity.,https://dxbhsrqyrr690.cloudfront.net/sidearm.nextgen.sites/nacda.com/documents/2021/7/1/July2OverallDI.pdf,"2020-21, 2025-26",Bounds clipped to study window. Not an independent annual membership certification.,2026-09-30,True,kept_known_d1_program
idaho_state,2021-22,,,,0.0,,,,,,,,Idaho State,False,True,2017-18,2025-26,Known established D1 program; appears in official D1 final standings elsewhere in window; reviewed for entry/exit and name continuity.,https://dxbhsrqyrr690.cloudfront.net/sidearm.nextgen.sites/nacda.com/documents/2021/7/1/July2OverallDI.pdf,"2020-21, 2025-26",Bounds clipped to study window. Not an independent annual membership certification.,2026-09-30,True,kept_known_d1_program
idaho_state,2022-23,,,,0.0,,,,,,,,Idaho State,False,True,2017-18,2025-26,Known established D1 program; appears in official D1 final standings elsewhere in window; reviewed for entry/exit and name continuity.,https://dxbhsrqyrr690.cloudfront.net/sidearm.nextgen.sites/nacda.com/documents/2021/7/1/July2OverallDI.pdf,"2020-21, 2025-26",Bounds clipped to study window. Not an independent annual membership certification.,2026-09-30,True,kept_known_d1_program
idaho_state,2023-24,,,,0.0,,,,,,,,Idaho State,False,True,2017-18,2025-26,Known established D1 program; appears in official D1 final standings elsewhere in window; reviewed for entry/exit and name continuity.,https://dxbhsrqyrr690.cloudfront.net/sidearm.nextgen.sites/nacda.com/documents/2021/7/1/July2OverallDI.pdf,"2020-21, 2025-26",Bounds clipped to study window. Not an independent annual membership certification.,2026-09-30,True,kept_known_d1_program
idaho_state,2024-25,,,,0.0,,,,,,,,Idaho State,False,True,2017-18,2025-26,Known established D1 program; appears in official D1 final standings elsewhere in window; reviewed for entry/exit and name continuity.,https://dxbhsrqyrr690.cloudfront.net/sidearm.nextgen.sites/nacda.com/documents/2021/7/1/July2OverallDI.pdf,"2020-21, 2025-26",Bounds clipped to study window. Not an independent annual membership certification.,2026-09-30,True,kept_known_d1_program
illinois_chicago,2022-23,,,,0.0,,,,,,,,Illinois Chicago,False,True,2017-18,2025-26,Known established D1 program; appears in official D1 final standings elsewhere in window; reviewed for entry/exit and name continuity.,https://dxbhsrqyrr690.cloudfront.net/sidearm.nextgen.sites/nacda.com/documents/2018/7/18/June29overallDI.pdf,"2017-18, 2018-19, 2020-21, 2021-22, 2024-25, 2025-26",Bounds clipped to study window. Not an independent annual membership certification.,2026-09-30,True,kept_known_d1_program
illinois_chicago,2023-24,,,,0.0,,,,,,,,Illinois Chicago,False,True,2017-18,2025-26,Known established D1 program; appears in official D1 final standings elsewhere in window; reviewed for entry/exit and name continuity.,https://dxbhsrqyrr690.cloudfront.net/sidearm.nextgen.sites/nacda.com/documents/2018/7/18/June29overallDI.pdf,"2017-18, 2018-19, 2020-21, 2021-22, 2024-25, 2025-26",Bounds clipped to study window. Not an independent annual membership certification.,2026-09-30,True,kept_known_d1_program
illinois_state,2017-18,,,,0.0,,,,,,,,Illinois State,False,True,2017-18,2025-26,Known established D1 program; appears in official D1 final standings elsewhere in window; reviewed for entry/exit and name continuity.,https://dxbhsrqyrr690.cloudfront.net/sidearm.nextgen.sites/nacda.com/documents/2019/6/27/June28DIOverall.pdf,"2018-19, 2020-21, 2021-22, 2022-23, 2023-24, 2024-25, 2025-26",Bounds clipped to study window. Not an independent annual membership certification.,2026-09-30,True,kept_known_d1_program
indiana_state,2017-18,,,,0.0,,,,,,,,Indiana State,False,True,2017-18,2025-26,Known established D1 program; appears in official D1 final standings elsewhere in window; reviewed for entry/exit and name continuity.,https://dxbhsrqyrr690.cloudfront.net/sidearm.nextgen.sites/nacda.com/documents/2019/6/27/June28DIOverall.pdf,"2018-19, 2020-21, 2022-23, 2023-24, 2025-26",Bounds clipped to study window. Not an independent annual membership certification.,2026-09-30,True,kept_known_d1_program
indiana_state,2021-22,,,,0.0,,,,,,,,Indiana State,False,True,2017-18,2025-26,Known established D1 program; appears in official D1 final standings elsewhere in window; reviewed for entry/exit and name continuity.,https://dxbhsrqyrr690.cloudfront.net/sidearm.nextgen.sites/nacda.com/documents/2019/6/27/June28DIOverall.pdf,"2018-19, 2020-21, 2022-23, 2023-24, 2025-26",Bounds clipped to study window. Not an independent annual membership certification.,2026-09-30,True,kept_known_d1_program
indiana_state,2024-25,,,,0.0,,,,,,,,Indiana State,False,True,2017-18,2025-26,Known established D1 program; appears in official D1 final standings elsewhere in window; reviewed for entry/exit and name continuity.,https://dxbhsrqyrr690.cloudfront.net/sidearm.nextgen.sites/nacda.com/documents/2019/6/27/June28DIOverall.pdf,"2018-19, 2020-21, 2022-23, 2023-24, 2025-26",Bounds clipped to study window. Not an independent annual membership certification.,2026-09-30,True,kept_known_d1_program
jackson_state,2017-18,,,,0.0,,,,,,,,Jackson State,False,True,2017-18,2025-26,Known established D1 program; appears in official D1 final standings elsewhere in window; reviewed for entry/exit and name continuity.,https://dxbhsrqyrr690.cloudfront.net/sidearm.nextgen.sites/nacda.com/documents/2021/7/1/July2OverallDI.pdf,"2020-21, 2021-22, 2022-23, 2023-24, 2024-25",Bounds clipped to study window. Not an independent annual membership certification.,2026-09-30,True,kept_known_d1_program
jackson_state,2018-19,,,,0.0,,,,,,,,Jackson State,False,True,2017-18,2025-26,Known established D1 program; appears in official D1 final standings elsewhere in window; reviewed for entry/exit and name continuity.,https://dxbhsrqyrr690.cloudfront.net/sidearm.nextgen.sites/nacda.com/documents/2021/7/1/July2OverallDI.pdf,"2020-21, 2021-22, 2022-23, 2023-24, 2024-25",Bounds clipped to study window. Not an independent annual membership certification.,2026-09-30,True,kept_known_d1_program
jackson_state,2025-26,,,,0.0,,,,,,,,Jackson State,False,True,2017-18,2025-26,Known established D1 program; appears in official D1 final standings elsewhere in window; reviewed for entry/exit and name continuity.,https://dxbhsrqyrr690.cloudfront.net/sidearm.nextgen.sites/nacda.com/documents/2021/7/1/July2OverallDI.pdf,"2020-21, 2021-22, 2022-23, 2023-24, 2024-25",Bounds clipped to study window. Not an independent annual membership certification.,2026-09-30,True,kept_known_d1_program
jacksonville,2024-25,,,,0.0,,,,,,,,Jacksonville,False,True,2017-18,2025-26,Known established D1 program; appears in official D1 final standings elsewhere in window; reviewed for entry/exit and name continuity.,https://dxbhsrqyrr690.cloudfront.net/sidearm.nextgen.sites/nacda.com/documents/2018/7/18/June29overallDI.pdf,"2017-18, 2018-19, 2020-21, 2021-22, 2022-23, 2023-24, 2025-26",Bounds clipped to study window. Not an independent annual membership certification.,2026-09-30,True,kept_known_d1_program
jacksonville_state,2022-23,,,,0.0,,,,,,,,Jacksonville State,False,True,2017-18,2025-26,Known established D1 program; appears in official D1 final standings elsewhere in window; reviewed for entry/exit and name continuity.,https://dxbhsrqyrr690.cloudfront.net/sidearm.nextgen.sites/nacda.com/documents/2018/7/18/June29overallDI.pdf,"2017-18, 2018-19, 2020-21, 2021-22, 2023-24, 2024-25, 2025-26",Bounds clipped to study window. Not an independent annual membership certification.,2026-09-30,True,kept_known_d1_program
kennesaw_state,2024-25,,,,0.0,,,,,,,,Kennesaw State,False,True,2017-18,2025-26,Known established D1 program; appears in official D1 final standings elsewhere in window; reviewed for entry/exit and name continuity.,https://dxbhsrqyrr690.cloudfront.net/sidearm.nextgen.sites/nacda.com/documents/2018/7/18/June29overallDI.pdf,"2017-18, 2018-19, 2020-21, 2021-22, 2022-23, 2023-24, 2025-26",Bounds clipped to study window. Not an independent annual membership certification.,2026-09-30,True,kept_known_d1_program
la_salle,2018-19,,,,0.0,,,,,,,,La Salle,False,True,2017-18,2025-26,Known established D1 program; appears in official D1 final standings elsewhere in window; reviewed for entry/exit and name continuity.,https://dxbhsrqyrr690.cloudfront.net/sidearm.nextgen.sites/nacda.com/documents/2018/7/18/June29overallDI.pdf,"2017-18, 2022-23",Bounds clipped to study window. Not an independent annual membership certification.,2026-09-30,True,kept_known_d1_program
la_salle,2020-21,,,,0.0,,,,,,,,La Salle,False,True,2017-18,2025-26,Known established D1 program; appears in official D1 final standings elsewhere in window; reviewed for entry/exit and name continuity.,https://dxbhsrqyrr690.cloudfront.net/sidearm.nextgen.sites/nacda.com/documents/2018/7/18/June29overallDI.pdf,"2017-18, 2022-23",Bounds clipped to study window. Not an independent annual membership certification.,2026-09-30,True,kept_known_d1_program
la_salle,2021-22,,,,0.0,,,,,,,,La Salle,False,True,2017-18,2025-26,Known established D1 program; appears in official D1 final standings elsewhere in window; reviewed for entry/exit and name continuity.,https://dxbhsrqyrr690.cloudfront.net/sidearm.nextgen.sites/nacda.com/documents/2018/7/18/June29overallDI.pdf,"2017-18, 2022-23",Bounds clipped to study window. Not an independent annual membership certification.,2026-09-30,True,kept_known_d1_program
la_salle,2023-24,,,,0.0,,,,,,,,La Salle,False,True,2017-18,2025-26,Known established D1 program; appears in official D1 final standings elsewhere in window; reviewed for entry/exit and name continuity.,https://dxbhsrqyrr690.cloudfront.net/sidearm.nextgen.sites/nacda.com/documents/2018/7/18/June29overallDI.pdf,"2017-18, 2022-23",Bounds clipped to study window. Not an independent annual membership certification.,2026-09-30,True,kept_known_d1_program
la_salle,2024-25,,,,0.0,,,,,,,,La Salle,False,True,2017-18,2025-26,Known established D1 program; appears in official D1 final standings elsewhere in window; reviewed for entry/exit and name continuity.,https://dxbhsrqyrr690.cloudfront.net/sidearm.nextgen.sites/nacda.com/documents/2018/7/18/June29overallDI.pdf,"2017-18, 2022-23",Bounds clipped to study window. Not an independent annual membership certification.,2026-09-30,True,kept_known_d1_program
la_salle,2025-26,,,,0.0,,,,,,,,La Salle,False,True,2017-18,2025-26,Known established D1 program; appears in official D1 final standings elsewhere in window; reviewed for entry/exit and name continuity.,https://dxbhsrqyrr690.cloudfront.net/sidearm.nextgen.sites/nacda.com/documents/2018/7/18/June29overallDI.pdf,"2017-18, 2022-23",Bounds clipped to study window. Not an independent annual membership certification.,2026-09-30,True,kept_known_d1_program
lafayette,2017-18,,,,0.0,,,,,,,,Lafayette,False,True,2017-18,2025-26,Known established D1 program; appears in official D1 final standings elsewhere in window; reviewed for entry/exit and name continuity.,https://dxbhsrqyrr690.cloudfront.net/sidearm.nextgen.sites/nacda.com/documents/2024/6/26/23.24FinalDI.pdf,"2023-24, 2024-25, 2025-26",Bounds clipped to study window. Not an independent annual membership certification.,2026-09-30,True,kept_known_d1_program
lafayette,2018-19,,,,0.0,,,,,,,,Lafayette,False,True,2017-18,2025-26,Known established D1 program; appears in official D1 final standings elsewhere in window; reviewed for entry/exit and name continuity.,https://dxbhsrqyrr690.cloudfront.net/sidearm.nextgen.sites/nacda.com/documents/2024/6/26/23.24FinalDI.pdf,"2023-24, 2024-25, 2025-26",Bounds clipped to study window. Not an independent annual membership certification.,2026-09-30,True,kept_known_d1_program
lafayette,2020-21,,,,0.0,,,,,,,,Lafayette,False,True,2017-18,2025-26,Known established D1 program; appears in official D1 final standings elsewhere in window; reviewed for entry/exit and name continuity.,https://dxbhsrqyrr690.cloudfront.net/sidearm.nextgen.sites/nacda.com/documents/2024/6/26/23.24FinalDI.pdf,"2023-24, 2024-25, 2025-26",Bounds clipped to study window. Not an independent annual membership certification.,2026-09-30,True,kept_known_d1_program
lafayette,2021-22,,,,0.0,,,,,,,,Lafayette,False,True,2017-18,2025-26,Known established D1 program; appears in official D1 final standings elsewhere in window; reviewed for entry/exit and name continuity.,https://dxbhsrqyrr690.cloudfront.net/sidearm.nextgen.sites/nacda.com/documents/2024/6/26/23.24FinalDI.pdf,"2023-24, 2024-25, 2025-26",Bounds clipped to study window. Not an independent annual membership certification.,2026-09-30,True,kept_known_d1_program
lafayette,2022-23,,,,0.0,,,,,,,,Lafayette,False,True,2017-18,2025-26,Known established D1 program; appears in official D1 final standings elsewhere in window; reviewed for entry/exit and name continuity.,https://dxbhsrqyrr690.cloudfront.net/sidearm.nextgen.sites/nacda.com/documents/2024/6/26/23.24FinalDI.pdf,"2023-24, 2024-25, 2025-26",Bounds clipped to study window. Not an independent annual membership certification.,2026-09-30,True,kept_known_d1_program
lamar,2020-21,,,,0.0,,,,,,,,Lamar,False,True,2017-18,2025-26,Known established D1 program; appears in official D1 final standings elsewhere in window; reviewed for entry/exit and name continuity.,https://dxbhsrqyrr690.cloudfront.net/sidearm.nextgen.sites/nacda.com/documents/2018/7/18/June29overallDI.pdf,"2017-18, 2018-19, 2021-22, 2022-23, 2023-24, 2025-26",Bounds clipped to study window. Not an independent annual membership certification.,2026-09-30,True,kept_known_d1_program
lamar,2024-25,,,,0.0,,,,,,,,Lamar,False,True,2017-18,2025-26,Known established D1 program; appears in official D1 final standings elsewhere in window; reviewed for entry/exit and name continuity.,https://dxbhsrqyrr690.cloudfront.net/sidearm.nextgen.sites/nacda.com/documents/2018/7/18/June29overallDI.pdf,"2017-18, 2018-19, 2021-22, 2022-23, 2023-24, 2025-26",Bounds clipped to study window. Not an independent annual membership certification.,2026-09-30,True,kept_known_d1_program
lindenwood,2017-18,,,,0.0,,,,,,,,Lindenwood,False,True,2022-23,2025-26,Official D1 transition record,https://ncaaorg.s3.amazonaws.com/research/sportpart/2023-24RES_NCAAMembershipBreakdown.pdf,2025-26,"2023-24 report lists year 2; full-member date is planned date in that report, not a current eligibility determination.",2026-09-30,False,dropped_outside_d1_program_interval
lindenwood,2018-19,,,,0.0,,,,,,,,Lindenwood,False,True,2022-23,2025-26,Official D1 transition record,https://ncaaorg.s3.amazonaws.com/research/sportpart/2023-24RES_NCAAMembershipBreakdown.pdf,2025-26,"2023-24 report lists year 2; full-member date is planned date in that report, not a current eligibility determination.",2026-09-30,False,dropped_outside_d1_program_interval
lindenwood,2020-21,,,,0.0,,,,,,,,Lindenwood,False,True,2022-23,2025-26,Official D1 transition record,https://ncaaorg.s3.amazonaws.com/research/sportpart/2023-24RES_NCAAMembershipBreakdown.pdf,2025-26,"2023-24 report lists year 2; full-member date is planned date in that report, not a current eligibility determination.",2026-09-30,False,dropped_outside_d1_program_interval
lindenwood,2021-22,,,,0.0,,,,,,,,Lindenwood,False,True,2022-23,2025-26,Official D1 transition record,https://ncaaorg.s3.amazonaws.com/research/sportpart/2023-24RES_NCAAMembershipBreakdown.pdf,2025-26,"2023-24 report lists year 2; full-member date is planned date in that report, not a current eligibility determination.",2026-09-30,False,dropped_outside_d1_program_interval
lindenwood,2022-23,,,,0.0,,,,,,,,Lindenwood,False,True,2022-23,2025-26,Official D1 transition record,https://ncaaorg.s3.amazonaws.com/research/sportpart/2023-24RES_NCAAMembershipBreakdown.pdf,2025-26,"2023-24 report lists year 2; full-member date is planned date in that report, not a current eligibility determination.",2026-09-30,True,kept_known_d1_program
lindenwood,2023-24,,,,0.0,,,,,,,,Lindenwood,False,True,2022-23,2025-26,Official D1 transition record,https://ncaaorg.s3.amazonaws.com/research/sportpart/2023-24RES_NCAAMembershipBreakdown.pdf,2025-26,"2023-24 report lists year 2; full-member date is planned date in that report, not a current eligibility determination.",2026-09-30,True,kept_known_d1_program
lindenwood,2024-25,,,,0.0,,,,,,,,Lindenwood,False,True,2022-23,2025-26,Official D1 transition record,https://ncaaorg.s3.amazonaws.com/research/sportpart/2023-24RES_NCAAMembershipBreakdown.pdf,2025-26,"2023-24 report lists year 2; full-member date is planned date in that report, not a current eligibility determination.",2026-09-30,True,kept_known_d1_program
longwood,2017-18,,,,0.0,,,,,,,,Longwood,False,True,2017-18,2025-26,Known established D1 program; appears in official D1 final standings elsewhere in window; reviewed for entry/exit and name continuity.,https://dxbhsrqyrr690.cloudfront.net/sidearm.nextgen.sites/nacda.com/documents/2019/6/27/June28DIOverall.pdf,"2018-19, 2021-22, 2022-23, 2023-24",Bounds clipped to study window. Not an independent annual membership certification.,2026-09-30,True,kept_known_d1_program
longwood,2020-21,,,,0.0,,,,,,,,Longwood,False,True,2017-18,2025-26,Known established D1 program; appears in official D1 final standings elsewhere in window; reviewed for entry/exit and name continuity.,https://dxbhsrqyrr690.cloudfront.net/sidearm.nextgen.sites/nacda.com/documents/2019/6/27/June28DIOverall.pdf,"2018-19, 2021-22, 2022-23, 2023-24",Bounds clipped to study window. Not an independent annual membership certification.,2026-09-30,True,kept_known_d1_program
longwood,2024-25,,,,0.0,,,,,,,,Longwood,False,True,2017-18,2025-26,Known established D1 program; appears in official D1 final standings elsewhere in window; reviewed for entry/exit and name continuity.,https://dxbhsrqyrr690.cloudfront.net/sidearm.nextgen.sites/nacda.com/documents/2019/6/27/June28DIOverall.pdf,"2018-19, 2021-22, 2022-23, 2023-24",Bounds clipped to study window. Not an independent annual membership certification.,2026-09-30,True,kept_known_d1_program
longwood,2025-26,,,,0.0,,,,,,,,Longwood,False,True,2017-18,2025-26,Known established D1 program; appears in official D1 final standings elsewhere in window; reviewed for entry/exit and name continuity.,https://dxbhsrqyrr690.cloudfront.net/sidearm.nextgen.sites/nacda.com/documents/2019/6/27/June28DIOverall.pdf,"2018-19, 2021-22, 2022-23, 2023-24",Bounds clipped to study window. Not an independent annual membership certification.,2026-09-30,True,kept_known_d1_program
louisiana_monroe,2018-19,,,,0.0,,,,,,,,Louisiana Monroe,False,True,2017-18,2025-26,Known established D1 program; appears in official D1 final standings elsewhere in window; reviewed for entry/exit and name continuity.,https://dxbhsrqyrr690.cloudfront.net/sidearm.nextgen.sites/nacda.com/documents/2018/7/18/June29overallDI.pdf,"2017-18, 2022-23, 2023-24, 2024-25, 2025-26",Bounds clipped to study window. Not an independent annual membership certification.,2026-09-30,True,kept_known_d1_program
louisiana_monroe,2020-21,,,,0.0,,,,,,,,Louisiana Monroe,False,True,2017-18,2025-26,Known established D1 program; appears in official D1 final standings elsewhere in window; reviewed for entry/exit and name continuity.,https://dxbhsrqyrr690.cloudfront.net/sidearm.nextgen.sites/nacda.com/documents/2018/7/18/June29overallDI.pdf,"2017-18, 2022-23, 2023-24, 2024-25, 2025-26",Bounds clipped to study window. Not an independent annual membership certification.,2026-09-30,True,kept_known_d1_program
louisiana_monroe,2021-22,,,,0.0,,,,,,,,Louisiana Monroe,False,True,2017-18,2025-26,Known established D1 program; appears in official D1 final standings elsewhere in window; reviewed for entry/exit and name continuity.,https://dxbhsrqyrr690.cloudfront.net/sidearm.nextgen.sites/nacda.com/documents/2018/7/18/June29overallDI.pdf,"2017-18, 2022-23, 2023-24, 2024-25, 2025-26",Bounds clipped to study window. Not an independent annual membership certification.,2026-09-30,True,kept_known_d1_program
loyola_marymount,2017-18,,,,0.0,,,,,,,,Loyola Marymount,False,True,2017-18,2025-26,Known established D1 program; appears in official D1 final standings elsewhere in window; reviewed for entry/exit and name continuity.,https://dxbhsrqyrr690.cloudfront.net/sidearm.nextgen.sites/nacda.com/documents/2019/6/27/June28DIOverall.pdf,"2018-19, 2020-21, 2021-22, 2022-23, 2023-24, 2024-25, 2025-26",Bounds clipped to study window. Not an independent annual membership certification.,2026-09-30,True,kept_known_d1_program
maine,2020-21,,,,0.0,,,,,,,,Maine,False,True,2017-18,2025-26,Known established D1 program; appears in official D1 final standings elsewhere in window; reviewed for entry/exit and name continuity.,https://dxbhsrqyrr690.cloudfront.net/sidearm.nextgen.sites/nacda.com/documents/2018/7/18/June29overallDI.pdf,"2017-18, 2018-19, 2021-22, 2022-23, 2023-24, 2024-25, 2025-26",Bounds clipped to study window. Not an independent annual membership certification.,2026-09-30,True,kept_known_d1_program
manhattan,2017-18,,,,0.0,,,,,,,,Manhattan,False,True,2017-18,2025-26,Known established D1 program; appears in official D1 final standings elsewhere in window; reviewed for entry/exit and name continuity.,https://dxbhsrqyrr690.cloudfront.net/sidearm.nextgen.sites/nacda.com/documents/2021/7/1/July2OverallDI.pdf,"2020-21, 2021-22",Bounds clipped to study window. Not an independent annual membership certification.,2026-09-30,True,kept_known_d1_program
manhattan,2018-19,,,,0.0,,,,,,,,Manhattan,False,True,2017-18,2025-26,Known established D1 program; appears in official D1 final standings elsewhere in window; reviewed for entry/exit and name continuity.,https://dxbhsrqyrr690.cloudfront.net/sidearm.nextgen.sites/nacda.com/documents/2021/7/1/July2OverallDI.pdf,"2020-21, 2021-22",Bounds clipped to study window. Not an independent annual membership certification.,2026-09-30,True,kept_known_d1_program
manhattan,2022-23,,,,0.0,,,,,,,,Manhattan,False,True,2017-18,2025-26,Known established D1 program; appears in official D1 final standings elsewhere in window; reviewed for entry/exit and name continuity.,https://dxbhsrqyrr690.cloudfront.net/sidearm.nextgen.sites/nacda.com/documents/2021/7/1/July2OverallDI.pdf,"2020-21, 2021-22",Bounds clipped to study window. Not an independent annual membership certification.,2026-09-30,True,kept_known_d1_program
manhattan,2023-24,,,,0.0,,,,,,,,Manhattan,False,True,2017-18,2025-26,Known established D1 program; appears in official D1 final standings elsewhere in window; reviewed for entry/exit and name continuity.,https://dxbhsrqyrr690.cloudfront.net/sidearm.nextgen.sites/nacda.com/documents/2021/7/1/July2OverallDI.pdf,"2020-21, 2021-22",Bounds clipped to study window. Not an independent annual membership certification.,2026-09-30,True,kept_known_d1_program
manhattan,2024-25,,,,0.0,,,,,,,,Manhattan,False,True,2017-18,2025-26,Known established D1 program; appears in official D1 final standings elsewhere in window; reviewed for entry/exit and name continuity.,https://dxbhsrqyrr690.cloudfront.net/sidearm.nextgen.sites/nacda.com/documents/2021/7/1/July2OverallDI.pdf,"2020-21, 2021-22",Bounds clipped to study window. Not an independent annual membership certification.,2026-09-30,True,kept_known_d1_program
manhattan,2025-26,,,,0.0,,,,,,,,Manhattan,False,True,2017-18,2025-26,Known established D1 program; appears in official D1 final standings elsewhere in window; reviewed for entry/exit and name continuity.,https://dxbhsrqyrr690.cloudfront.net/sidearm.nextgen.sites/nacda.com/documents/2021/7/1/July2OverallDI.pdf,"2020-21, 2021-22",Bounds clipped to study window. Not an independent annual membership certification.,2026-09-30,True,kept_known_d1_program
marist,2017-18,,,,0.0,,,,,,,,Marist,False,True,2017-18,2025-26,Known established D1 program; appears in official D1 final standings elsewhere in window; reviewed for entry/exit and name continuity.,https://dxbhsrqyrr690.cloudfront.net/sidearm.nextgen.sites/nacda.com/documents/2019/6/27/June28DIOverall.pdf,"2018-19, 2020-21, 2021-22, 2022-23, 2024-25, 2025-26",Bounds clipped to study window. Not an independent annual membership certification.,2026-09-30,True,kept_known_d1_program
marist,2023-24,,,,0.0,,,,,,,,Marist,False,True,2017-18,2025-26,Known established D1 program; appears in official D1 final standings elsewhere in window; reviewed for entry/exit and name continuity.,https://dxbhsrqyrr690.cloudfront.net/sidearm.nextgen.sites/nacda.com/documents/2019/6/27/June28DIOverall.pdf,"2018-19, 2020-21, 2021-22, 2022-23, 2024-25, 2025-26",Bounds clipped to study window. Not an independent annual membership certification.,2026-09-30,True,kept_known_d1_program
maryland_eastern_shore,2017-18,,,,0.0,,,,,,,,Maryland Eastern Shore,False,True,2017-18,2025-26,Known established D1 program; appears in official D1 final standings elsewhere in window; reviewed for entry/exit and name continuity.,https://dxbhsrqyrr690.cloudfront.net/sidearm.nextgen.sites/nacda.com/documents/2019/6/27/June28DIOverall.pdf,"2018-19, 2023-24",Bounds clipped to study window. Not an independent annual membership certification.,2026-09-30,True,kept_known_d1_program
maryland_eastern_shore,2020-21,,,,0.0,,,,,,,,Maryland Eastern Shore,False,True,2017-18,2025-26,Known established D1 program; appears in official D1 final standings elsewhere in window; reviewed for entry/exit and name continuity.,https://dxbhsrqyrr690.cloudfront.net/sidearm.nextgen.sites/nacda.com/documents/2019/6/27/June28DIOverall.pdf,"2018-19, 2023-24",Bounds clipped to study window. Not an independent annual membership certification.,2026-09-30,True,kept_known_d1_program
maryland_eastern_shore,2021-22,,,,0.0,,,,,,,,Maryland Eastern Shore,False,True,2017-18,2025-26,Known established D1 program; appears in official D1 final standings elsewhere in window; reviewed for entry/exit and name continuity.,https://dxbhsrqyrr690.cloudfront.net/sidearm.nextgen.sites/nacda.com/documents/2019/6/27/June28DIOverall.pdf,"2018-19, 2023-24",Bounds clipped to study window. Not an independent annual membership certification.,2026-09-30,True,kept_known_d1_program
maryland_eastern_shore,2022-23,,,,0.0,,,,,,,,Maryland Eastern Shore,False,True,2017-18,2025-26,Known established D1 program; appears in official D1 final standings elsewhere in window; reviewed for entry/exit and name continuity.,https://dxbhsrqyrr690.cloudfront.net/sidearm.nextgen.sites/nacda.com/documents/2019/6/27/June28DIOverall.pdf,"2018-19, 2023-24",Bounds clipped to study window. Not an independent annual membership certification.,2026-09-30,True,kept_known_d1_program
maryland_eastern_shore,2024-25,,,,0.0,,,,,,,,Maryland Eastern Shore,False,True,2017-18,2025-26,Known established D1 program; appears in official D1 final standings elsewhere in window; reviewed for entry/exit and name continuity.,https://dxbhsrqyrr690.cloudfront.net/sidearm.nextgen.sites/nacda.com/documents/2019/6/27/June28DIOverall.pdf,"2018-19, 2023-24",Bounds clipped to study window. Not an independent annual membership certification.,2026-09-30,True,kept_known_d1_program
maryland_eastern_shore,2025-26,,,,0.0,,,,,,,,Maryland Eastern Shore,False,True,2017-18,2025-26,Known established D1 program; appears in official D1 final standings elsewhere in window; reviewed for entry/exit and name continuity.,https://dxbhsrqyrr690.cloudfront.net/sidearm.nextgen.sites/nacda.com/documents/2019/6/27/June28DIOverall.pdf,"2018-19, 2023-24",Bounds clipped to study window. Not an independent annual membership certification.,2026-09-30,True,kept_known_d1_program
massachusetts_lowell,2017-18,,,,0.0,,,,,,,,Massachusetts Lowell,False,True,2017-18,2025-26,Known established D1 program; appears in official D1 final standings elsewhere in window; reviewed for entry/exit and name continuity.,https://dxbhsrqyrr690.cloudfront.net/sidearm.nextgen.sites/nacda.com/documents/2021/7/1/July2OverallDI.pdf,"2020-21, 2021-22, 2024-25",Bounds clipped to study window. Not an independent annual membership certification.,2026-09-30,True,kept_known_d1_program
massachusetts_lowell,2018-19,,,,0.0,,,,,,,,Massachusetts Lowell,False,True,2017-18,2025-26,Known established D1 program; appears in official D1 final standings elsewhere in window; reviewed for entry/exit and name continuity.,https://dxbhsrqyrr690.cloudfront.net/sidearm.nextgen.sites/nacda.com/documents/2021/7/1/July2OverallDI.pdf,"2020-21, 2021-22, 2024-25",Bounds clipped to study window. Not an independent annual membership certification.,2026-09-30,True,kept_known_d1_program
massachusetts_lowell,2022-23,,,,0.0,,,,,,,,Massachusetts Lowell,False,True,2017-18,2025-26,Known established D1 program; appears in official D1 final standings elsewhere in window; reviewed for entry/exit and name continuity.,https://dxbhsrqyrr690.cloudfront.net/sidearm.nextgen.sites/nacda.com/documents/2021/7/1/July2OverallDI.pdf,"2020-21, 2021-22, 2024-25",Bounds clipped to study window. Not an independent annual membership certification.,2026-09-30,True,kept_known_d1_program
massachusetts_lowell,2023-24,,,,0.0,,,,,,,,Massachusetts Lowell,False,True,2017-18,2025-26,Known established D1 program; appears in official D1 final standings elsewhere in window; reviewed for entry/exit and name continuity.,https://dxbhsrqyrr690.cloudfront.net/sidearm.nextgen.sites/nacda.com/documents/2021/7/1/July2OverallDI.pdf,"2020-21, 2021-22, 2024-25",Bounds clipped to study window. Not an independent annual membership certification.,2026-09-30,True,kept_known_d1_program
massachusetts_lowell,2025-26,,,,0.0,,,,,,,,Massachusetts Lowell,False,True,2017-18,2025-26,Known established D1 program; appears in official D1 final standings elsewhere in window; reviewed for entry/exit and name continuity.,https://dxbhsrqyrr690.cloudfront.net/sidearm.nextgen.sites/nacda.com/documents/2021/7/1/July2OverallDI.pdf,"2020-21, 2021-22, 2024-25",Bounds clipped to study window. Not an independent annual membership certification.,2026-09-30,True,kept_known_d1_program
merrimack,2017-18,,,,0.0,,,,,,,,Merrimack,False,True,2019-20,2025-26,Official D1 transition record,https://merrimackathletics.com/news/2019/7/3/mens-soccer-announces-schedule-for-first-division-i-campaign.aspx,"2022-23, 2023-24, 2025-26",First D1 season 2019-20; NCAA report confirms active membership in 2023-24.,2026-09-30,False,dropped_outside_d1_program_interval
merrimack,2018-19,,,,0.0,,,,,,,,Merrimack,False,True,2019-20,2025-26,Official D1 transition record,https://merrimackathletics.com/news/2019/7/3/mens-soccer-announces-schedule-for-first-division-i-campaign.aspx,"2022-23, 2023-24, 2025-26",First D1 season 2019-20; NCAA report confirms active membership in 2023-24.,2026-09-30,False,dropped_outside_d1_program_interval
merrimack,2020-21,,,,0.0,,,,,,,,Merrimack,False,True,2019-20,2025-26,Official D1 transition record,https://merrimackathletics.com/news/2019/7/3/mens-soccer-announces-schedule-for-first-division-i-campaign.aspx,"2022-23, 2023-24, 2025-26",First D1 season 2019-20; NCAA report confirms active membership in 2023-24.,2026-09-30,True,kept_known_d1_program
merrimack,2021-22,,,,0.0,,,,,,,,Merrimack,False,True,2019-20,2025-26,Official D1 transition record,https://merrimackathletics.com/news/2019/7/3/mens-soccer-announces-schedule-for-first-division-i-campaign.aspx,"2022-23, 2023-24, 2025-26",First D1 season 2019-20; NCAA report confirms active membership in 2023-24.,2026-09-30,True,kept_known_d1_program
merrimack,2024-25,,,,0.0,,,,,,,,Merrimack,False,True,2019-20,2025-26,Official D1 transition record,https://merrimackathletics.com/news/2019/7/3/mens-soccer-announces-schedule-for-first-division-i-campaign.aspx,"2022-23, 2023-24, 2025-26",First D1 season 2019-20; NCAA report confirms active membership in 2023-24.,2026-09-30,True,kept_known_d1_program
monmouth,2023-24,,,,0.0,,,,,,,,Monmouth,False,True,2017-18,2025-26,Known established D1 program; appears in official D1 final standings elsewhere in window; reviewed for entry/exit and name continuity.,https://dxbhsrqyrr690.cloudfront.net/sidearm.nextgen.sites/nacda.com/documents/2018/7/18/June29overallDI.pdf,"2017-18, 2018-19, 2020-21, 2021-22, 2022-23",Bounds clipped to study window. Not an independent annual membership certification.,2026-09-30,True,kept_known_d1_program
monmouth,2024-25,,,,0.0,,,,,,,,Monmouth,False,True,2017-18,2025-26,Known established D1 program; appears in official D1 final standings elsewhere in window; reviewed for entry/exit and name continuity.,https://dxbhsrqyrr690.cloudfront.net/sidearm.nextgen.sites/nacda.com/documents/2018/7/18/June29overallDI.pdf,"2017-18, 2018-19, 2020-21, 2021-22, 2022-23",Bounds clipped to study window. Not an independent annual membership certification.,2026-09-30,True,kept_known_d1_program
monmouth,2025-26,,,,0.0,,,,,,,,Monmouth,False,True,2017-18,2025-26,Known established D1 program; appears in official D1 final standings elsewhere in window; reviewed for entry/exit and name continuity.,https://dxbhsrqyrr690.cloudfront.net/sidearm.nextgen.sites/nacda.com/documents/2018/7/18/June29overallDI.pdf,"2017-18, 2018-19, 2020-21, 2021-22, 2022-23",Bounds clipped to study window. Not an independent annual membership certification.,2026-09-30,True,kept_known_d1_program
morehead_state,2018-19,,,,0.0,,,,,,,,Morehead State,False,True,2017-18,2025-26,Known established D1 program; appears in official D1 final standings elsewhere in window; reviewed for entry/exit and name continuity.,https://dxbhsrqyrr690.cloudfront.net/sidearm.nextgen.sites/nacda.com/documents/2018/7/18/June29overallDI.pdf,"2017-18, 2020-21, 2022-23, 2023-24, 2024-25",Bounds clipped to study window. Not an independent annual membership certification.,2026-09-30,True,kept_known_d1_program
morehead_state,2021-22,,,,0.0,,,,,,,,Morehead State,False,True,2017-18,2025-26,Known established D1 program; appears in official D1 final standings elsewhere in window; reviewed for entry/exit and name continuity.,https://dxbhsrqyrr690.cloudfront.net/sidearm.nextgen.sites/nacda.com/documents/2018/7/18/June29overallDI.pdf,"2017-18, 2020-21, 2022-23, 2023-24, 2024-25",Bounds clipped to study window. Not an independent annual membership certification.,2026-09-30,True,kept_known_d1_program
morehead_state,2025-26,,,,0.0,,,,,,,,Morehead State,False,True,2017-18,2025-26,Known established D1 program; appears in official D1 final standings elsewhere in window; reviewed for entry/exit and name continuity.,https://dxbhsrqyrr690.cloudfront.net/sidearm.nextgen.sites/nacda.com/documents/2018/7/18/June29overallDI.pdf,"2017-18, 2020-21, 2022-23, 2023-24, 2024-25",Bounds clipped to study window. Not an independent annual membership certification.,2026-09-30,True,kept_known_d1_program
morgan_state,2021-22,,,,0.0,,,,,,,,Morgan State,False,True,2017-18,2025-26,Known established D1 program; appears in official D1 final standings elsewhere in window; reviewed for entry/exit and name continuity.,https://dxbhsrqyrr690.cloudfront.net/sidearm.nextgen.sites/nacda.com/documents/2018/7/18/June29overallDI.pdf,"2017-18, 2018-19, 2020-21, 2023-24, 2025-26",Bounds clipped to study window. Not an independent annual membership certification.,2026-09-30,True,kept_known_d1_program
morgan_state,2022-23,,,,0.0,,,,,,,,Morgan State,False,True,2017-18,2025-26,Known established D1 program; appears in official D1 final standings elsewhere in window; reviewed for entry/exit and name continuity.,https://dxbhsrqyrr690.cloudfront.net/sidearm.nextgen.sites/nacda.com/documents/2018/7/18/June29overallDI.pdf,"2017-18, 2018-19, 2020-21, 2023-24, 2025-26",Bounds clipped to study window. Not an independent annual membership certification.,2026-09-30,True,kept_known_d1_program
morgan_state,2024-25,,,,0.0,,,,,,,,Morgan State,False,True,2017-18,2025-26,Known established D1 program; appears in official D1 final standings elsewhere in window; reviewed for entry/exit and name continuity.,https://dxbhsrqyrr690.cloudfront.net/sidearm.nextgen.sites/nacda.com/documents/2018/7/18/June29overallDI.pdf,"2017-18, 2018-19, 2020-21, 2023-24, 2025-26",Bounds clipped to study window. Not an independent annual membership certification.,2026-09-30,True,kept_known_d1_program
mount_st_mary_s,2017-18,,,,0.0,,,,,,,,Mount St. Mary's,False,True,2017-18,2025-26,Known established D1 program; appears in official D1 final standings elsewhere in window; reviewed for entry/exit and name continuity.,https://dxbhsrqyrr690.cloudfront.net/sidearm.nextgen.sites/nacda.com/documents/2021/7/1/July2OverallDI.pdf,"2020-21, 2021-22, 2024-25",Bounds clipped to study window. Not an independent annual membership certification.,2026-09-30,True,kept_known_d1_program
mount_st_mary_s,2018-19,,,,0.0,,,,,,,,Mount St. Mary's,False,True,2017-18,2025-26,Known established D1 program; appears in official D1 final standings elsewhere in window; reviewed for entry/exit and name continuity.,https://dxbhsrqyrr690.cloudfront.net/sidearm.nextgen.sites/nacda.com/documents/2021/7/1/July2OverallDI.pdf,"2020-21, 2021-22, 2024-25",Bounds clipped to study window. Not an independent annual membership certification.,2026-09-30,True,kept_known_d1_program
mount_st_mary_s,2022-23,,,,0.0,,,,,,,,Mount St. Mary's,False,True,2017-18,2025-26,Known established D1 program; appears in official D1 final standings elsewhere in window; reviewed for entry/exit and name continuity.,https://dxbhsrqyrr690.cloudfront.net/sidearm.nextgen.sites/nacda.com/documents/2021/7/1/July2OverallDI.pdf,"2020-21, 2021-22, 2024-25",Bounds clipped to study window. Not an independent annual membership certification.,2026-09-30,True,kept_known_d1_program
mount_st_mary_s,2023-24,,,,0.0,,,,,,,,Mount St. Mary's,False,True,2017-18,2025-26,Known established D1 program; appears in official D1 final standings elsewhere in window; reviewed for entry/exit and name continuity.,https://dxbhsrqyrr690.cloudfront.net/sidearm.nextgen.sites/nacda.com/documents/2021/7/1/July2OverallDI.pdf,"2020-21, 2021-22, 2024-25",Bounds clipped to study window. Not an independent annual membership certification.,2026-09-30,True,kept_known_d1_program
mount_st_mary_s,2025-26,,,,0.0,,,,,,,,Mount St. Mary's,False,True,2017-18,2025-26,Known established D1 program; appears in official D1 final standings elsewhere in window; reviewed for entry/exit and name continuity.,https://dxbhsrqyrr690.cloudfront.net/sidearm.nextgen.sites/nacda.com/documents/2021/7/1/July2OverallDI.pdf,"2020-21, 2021-22, 2024-25",Bounds clipped to study window. Not an independent annual membership certification.,2026-09-30,True,kept_known_d1_program
murray_state,2020-21,,,,0.0,,,,,,,,Murray State,False,True,2017-18,2025-26,Known established D1 program; appears in official D1 final standings elsewhere in window; reviewed for entry/exit and name continuity.,https://dxbhsrqyrr690.cloudfront.net/sidearm.nextgen.sites/nacda.com/documents/2018/7/18/June29overallDI.pdf,"2017-18, 2018-19, 2021-22, 2022-23, 2023-24, 2024-25, 2025-26",Bounds clipped to study window. Not an independent annual membership certification.,2026-09-30,True,kept_known_d1_program
nebraska_omaha,2021-22,,,,0.0,,,,,,,,Nebraska Omaha,False,True,2017-18,2025-26,Known established D1 program; appears in official D1 final standings elsewhere in window; reviewed for entry/exit and name continuity.,https://dxbhsrqyrr690.cloudfront.net/sidearm.nextgen.sites/nacda.com/documents/2018/7/18/June29overallDI.pdf,"2017-18, 2018-19, 2020-21, 2022-23, 2023-24, 2024-25",Bounds clipped to study window. Not an independent annual membership certification.,2026-09-30,True,kept_known_d1_program
nebraska_omaha,2025-26,,,,0.0,,,,,,,,Nebraska Omaha,False,True,2017-18,2025-26,Known established D1 program; appears in official D1 final standings elsewhere in window; reviewed for entry/exit and name continuity.,https://dxbhsrqyrr690.cloudfront.net/sidearm.nextgen.sites/nacda.com/documents/2018/7/18/June29overallDI.pdf,"2017-18, 2018-19, 2020-21, 2022-23, 2023-24, 2024-25",Bounds clipped to study window. Not an independent annual membership certification.,2026-09-30,True,kept_known_d1_program
new_mexico_state,2025-26,,,,0.0,,,,,,,,New Mexico State,False,True,2017-18,2025-26,Known established D1 program; appears in official D1 final standings elsewhere in window; reviewed for entry/exit and name continuity.,https://dxbhsrqyrr690.cloudfront.net/sidearm.nextgen.sites/nacda.com/documents/2018/7/18/June29overallDI.pdf,"2017-18, 2018-19, 2020-21, 2021-22, 2022-23, 2023-24, 2024-25",Bounds clipped to study window. Not an independent annual membership certification.,2026-09-30,True,kept_known_d1_program
new_orleans,2017-18,,,,0.0,,,,,,,,New Orleans,False,True,2017-18,2025-26,Known established D1 program; appears in official D1 final standings elsewhere in window; reviewed for entry/exit and name continuity.,https://dxbhsrqyrr690.cloudfront.net/sidearm.nextgen.sites/nacda.com/documents/2022/6/30/FinalDIstandings.pdf,"2021-22, 2024-25",Bounds clipped to study window. Not an independent annual membership certification.,2026-09-30,True,kept_known_d1_program
new_orleans,2018-19,,,,0.0,,,,,,,,New Orleans,False,True,2017-18,2025-26,Known established D1 program; appears in official D1 final standings elsewhere in window; reviewed for entry/exit and name continuity.,https://dxbhsrqyrr690.cloudfront.net/sidearm.nextgen.sites/nacda.com/documents/2022/6/30/FinalDIstandings.pdf,"2021-22, 2024-25",Bounds clipped to study window. Not an independent annual membership certification.,2026-09-30,True,kept_known_d1_program
new_orleans,2020-21,,,,0.0,,,,,,,,New Orleans,False,True,2017-18,2025-26,Known established D1 program; appears in official D1 final standings elsewhere in window; reviewed for entry/exit and name continuity.,https://dxbhsrqyrr690.cloudfront.net/sidearm.nextgen.sites/nacda.com/documents/2022/6/30/FinalDIstandings.pdf,"2021-22, 2024-25",Bounds clipped to study window. Not an independent annual membership certification.,2026-09-30,True,kept_known_d1_program
new_orleans,2022-23,,,,0.0,,,,,,,,New Orleans,False,True,2017-18,2025-26,Known established D1 program; appears in official D1 final standings elsewhere in window; reviewed for entry/exit and name continuity.,https://dxbhsrqyrr690.cloudfront.net/sidearm.nextgen.sites/nacda.com/documents/2022/6/30/FinalDIstandings.pdf,"2021-22, 2024-25",Bounds clipped to study window. Not an independent annual membership certification.,2026-09-30,True,kept_known_d1_program
new_orleans,2023-24,,,,0.0,,,,,,,,New Orleans,False,True,2017-18,2025-26,Known established D1 program; appears in official D1 final standings elsewhere in window; reviewed for entry/exit and name continuity.,https://dxbhsrqyrr690.cloudfront.net/sidearm.nextgen.sites/nacda.com/documents/2022/6/30/FinalDIstandings.pdf,"2021-22, 2024-25",Bounds clipped to study window. Not an independent annual membership certification.,2026-09-30,True,kept_known_d1_program
new_orleans,2025-26,,,,0.0,,,,,,,,New Orleans,False,True,2017-18,2025-26,Known established D1 program; appears in official D1 final standings elsewhere in window; reviewed for entry/exit and name continuity.,https://dxbhsrqyrr690.cloudfront.net/sidearm.nextgen.sites/nacda.com/documents/2022/6/30/FinalDIstandings.pdf,"2021-22, 2024-25",Bounds clipped to study window. Not an independent annual membership certification.,2026-09-30,True,kept_known_d1_program
niagara,2017-18,,,,0.0,,,,,,,,Niagara,False,True,2017-18,2025-26,Known established D1 program; appears in official D1 final standings elsewhere in window; reviewed for entry/exit and name continuity.,https://dxbhsrqyrr690.cloudfront.net/sidearm.nextgen.sites/nacda.com/documents/2024/6/26/23.24FinalDI.pdf,2023-24,Bounds clipped to study window. Not an independent annual membership certification.,2026-09-30,True,kept_known_d1_program
niagara,2018-19,,,,0.0,,,,,,,,Niagara,False,True,2017-18,2025-26,Known established D1 program; appears in official D1 final standings elsewhere in window; reviewed for entry/exit and name continuity.,https://dxbhsrqyrr690.cloudfront.net/sidearm.nextgen.sites/nacda.com/documents/2024/6/26/23.24FinalDI.pdf,2023-24,Bounds clipped to study window. Not an independent annual membership certification.,2026-09-30,True,kept_known_d1_program
niagara,2020-21,,,,0.0,,,,,,,,Niagara,False,True,2017-18,2025-26,Known established D1 program; appears in official D1 final standings elsewhere in window; reviewed for entry/exit and name continuity.,https://dxbhsrqyrr690.cloudfront.net/sidearm.nextgen.sites/nacda.com/documents/2024/6/26/23.24FinalDI.pdf,2023-24,Bounds clipped to study window. Not an independent annual membership certification.,2026-09-30,True,kept_known_d1_program
niagara,2021-22,,,,0.0,,,,,,,,Niagara,False,True,2017-18,2025-26,Known established D1 program; appears in official D1 final standings elsewhere in window; reviewed for entry/exit and name continuity.,https://dxbhsrqyrr690.cloudfront.net/sidearm.nextgen.sites/nacda.com/documents/2024/6/26/23.24FinalDI.pdf,2023-24,Bounds clipped to study window. Not an independent annual membership certification.,2026-09-30,True,kept_known_d1_program
niagara,2022-23,,,,0.0,,,,,,,,Niagara,False,True,2017-18,2025-26,Known established D1 program; appears in official D1 final standings elsewhere in window; reviewed for entry/exit and name continuity.,https://dxbhsrqyrr690.cloudfront.net/sidearm.nextgen.sites/nacda.com/documents/2024/6/26/23.24FinalDI.pdf,2023-24,Bounds clipped to study window. Not an independent annual membership certification.,2026-09-30,True,kept_known_d1_program
niagara,2024-25,,,,0.0,,,,,,,,Niagara,False,True,2017-18,2025-26,Known established D1 program; appears in official D1 final standings elsewhere in window; reviewed for entry/exit and name continuity.,https://dxbhsrqyrr690.cloudfront.net/sidearm.nextgen.sites/nacda.com/documents/2024/6/26/23.24FinalDI.pdf,2023-24,Bounds clipped to study window. Not an independent annual membership certification.,2026-09-30,True,kept_known_d1_program
niagara,2025-26,,,,0.0,,,,,,,,Niagara,False,True,2017-18,2025-26,Known established D1 program; appears in official D1 final standings elsewhere in window; reviewed for entry/exit and name continuity.,https://dxbhsrqyrr690.cloudfront.net/sidearm.nextgen.sites/nacda.com/documents/2024/6/26/23.24FinalDI.pdf,2023-24,Bounds clipped to study window. Not an independent annual membership certification.,2026-09-30,True,kept_known_d1_program
nicholls_state,2020-21,,,,0.0,,,,,,,,Nicholls State,False,True,2017-18,2025-26,Known established D1 program; appears in official D1 final standings elsewhere in window; reviewed for entry/exit and name continuity.,https://dxbhsrqyrr690.cloudfront.net/sidearm.nextgen.sites/nacda.com/documents/2018/7/18/June29overallDI.pdf,"2017-18, 2018-19, 2022-23, 2023-24",Bounds clipped to study window. Not an independent annual membership certification.,2026-09-30,True,kept_known_d1_program
nicholls_state,2021-22,,,,0.0,,,,,,,,Nicholls State,False,True,2017-18,2025-26,Known established D1 program; appears in official D1 final standings elsewhere in window; reviewed for entry/exit and name continuity.,https://dxbhsrqyrr690.cloudfront.net/sidearm.nextgen.sites/nacda.com/documents/2018/7/18/June29overallDI.pdf,"2017-18, 2018-19, 2022-23, 2023-24",Bounds clipped to study window. Not an independent annual membership certification.,2026-09-30,True,kept_known_d1_program
nicholls_state,2024-25,,,,0.0,,,,,,,,Nicholls State,False,True,2017-18,2025-26,Known established D1 program; appears in official D1 final standings elsewhere in window; reviewed for entry/exit and name continuity.,https://dxbhsrqyrr690.cloudfront.net/sidearm.nextgen.sites/nacda.com/documents/2018/7/18/June29overallDI.pdf,"2017-18, 2018-19, 2022-23, 2023-24",Bounds clipped to study window. Not an independent annual membership certification.,2026-09-30,True,kept_known_d1_program
nicholls_state,2025-26,,,,0.0,,,,,,,,Nicholls State,False,True,2017-18,2025-26,Known established D1 program; appears in official D1 final standings elsewhere in window; reviewed for entry/exit and name continuity.,https://dxbhsrqyrr690.cloudfront.net/sidearm.nextgen.sites/nacda.com/documents/2018/7/18/June29overallDI.pdf,"2017-18, 2018-19, 2022-23, 2023-24",Bounds clipped to study window. Not an independent annual membership certification.,2026-09-30,True,kept_known_d1_program
norfolk_state,2025-26,,,,0.0,,,,,,,,Norfolk State,False,True,2017-18,2025-26,Known established D1 program; appears in official D1 final standings elsewhere in window; reviewed for entry/exit and name continuity.,https://dxbhsrqyrr690.cloudfront.net/sidearm.nextgen.sites/nacda.com/documents/2018/7/18/June29overallDI.pdf,"2017-18, 2018-19, 2020-21, 2021-22, 2022-23, 2023-24, 2024-25",Bounds clipped to study window. Not an independent annual membership certification.,2026-09-30,True,kept_known_d1_program
north_alabama,2017-18,,,,0.0,,,,,,,,North Alabama,False,True,2018-19,2025-26,Official D1 transition record,https://s3.us-east-2.amazonaws.com/sidearm.nextgen.sites/una.sidearmsports.com/documents/2019/9/9/2019_FB_Notes_vs_A_M.pdf,2024-25,"Official notes date D1 move July 1, 2018.",2026-09-30,False,dropped_outside_d1_program_interval
north_alabama,2018-19,,,,0.0,,,,,,,,North Alabama,False,True,2018-19,2025-26,Official D1 transition record,https://s3.us-east-2.amazonaws.com/sidearm.nextgen.sites/una.sidearmsports.com/documents/2019/9/9/2019_FB_Notes_vs_A_M.pdf,2024-25,"Official notes date D1 move July 1, 2018.",2026-09-30,True,kept_known_d1_program
north_alabama,2020-21,,,,0.0,,,,,,,,North Alabama,False,True,2018-19,2025-26,Official D1 transition record,https://s3.us-east-2.amazonaws.com/sidearm.nextgen.sites/una.sidearmsports.com/documents/2019/9/9/2019_FB_Notes_vs_A_M.pdf,2024-25,"Official notes date D1 move July 1, 2018.",2026-09-30,True,kept_known_d1_program
north_alabama,2021-22,,,,0.0,,,,,,,,North Alabama,False,True,2018-19,2025-26,Official D1 transition record,https://s3.us-east-2.amazonaws.com/sidearm.nextgen.sites/una.sidearmsports.com/documents/2019/9/9/2019_FB_Notes_vs_A_M.pdf,2024-25,"Official notes date D1 move July 1, 2018.",2026-09-30,True,kept_known_d1_program
north_alabama,2022-23,,,,0.0,,,,,,,,North Alabama,False,True,2018-19,2025-26,Official D1 transition record,https://s3.us-east-2.amazonaws.com/sidearm.nextgen.sites/una.sidearmsports.com/documents/2019/9/9/2019_FB_Notes_vs_A_M.pdf,2024-25,"Official notes date D1 move July 1, 2018.",2026-09-30,True,kept_known_d1_program
north_alabama,2023-24,,,,0.0,,,,,,,,North Alabama,False,True,2018-19,2025-26,Official D1 transition record,https://s3.us-east-2.amazonaws.com/sidearm.nextgen.sites/una.sidearmsports.com/documents/2019/9/9/2019_FB_Notes_vs_A_M.pdf,2024-25,"Official notes date D1 move July 1, 2018.",2026-09-30,True,kept_known_d1_program
north_alabama,2025-26,,,,0.0,,,,,,,,North Alabama,False,True,2018-19,2025-26,Official D1 transition record,https://s3.us-east-2.amazonaws.com/sidearm.nextgen.sites/una.sidearmsports.com/documents/2019/9/9/2019_FB_Notes_vs_A_M.pdf,2024-25,"Official notes date D1 move July 1, 2018.",2026-09-30,True,kept_known_d1_program
north_carolina_asheville,2017-18,,,,0.0,,,,,,,,North Carolina Asheville,False,True,2017-18,2025-26,Known established D1 program; appears in official D1 final standings elsewhere in window; reviewed for entry/exit and name continuity.,https://dxbhsrqyrr690.cloudfront.net/sidearm.nextgen.sites/nacda.com/documents/2023/6/27/Final22.23Standings.pdf,"2022-23, 2023-24",Bounds clipped to study window. Not an independent annual membership certification.,2026-09-30,True,kept_known_d1_program
north_carolina_asheville,2018-19,,,,0.0,,,,,,,,North Carolina Asheville,False,True,2017-18,2025-26,Known established D1 program; appears in official D1 final standings elsewhere in window; reviewed for entry/exit and name continuity.,https://dxbhsrqyrr690.cloudfront.net/sidearm.nextgen.sites/nacda.com/documents/2023/6/27/Final22.23Standings.pdf,"2022-23, 2023-24",Bounds clipped to study window. Not an independent annual membership certification.,2026-09-30,True,kept_known_d1_program
north_carolina_asheville,2020-21,,,,0.0,,,,,,,,North Carolina Asheville,False,True,2017-18,2025-26,Known established D1 program; appears in official D1 final standings elsewhere in window; reviewed for entry/exit and name continuity.,https://dxbhsrqyrr690.cloudfront.net/sidearm.nextgen.sites/nacda.com/documents/2023/6/27/Final22.23Standings.pdf,"2022-23, 2023-24",Bounds clipped to study window. Not an independent annual membership certification.,2026-09-30,True,kept_known_d1_program
north_carolina_asheville,2021-22,,,,0.0,,,,,,,,North Carolina Asheville,False,True,2017-18,2025-26,Known established D1 program; appears in official D1 final standings elsewhere in window; reviewed for entry/exit and name continuity.,https://dxbhsrqyrr690.cloudfront.net/sidearm.nextgen.sites/nacda.com/documents/2023/6/27/Final22.23Standings.pdf,"2022-23, 2023-24",Bounds clipped to study window. Not an independent annual membership certification.,2026-09-30,True,kept_known_d1_program
north_carolina_asheville,2024-25,,,,0.0,,,,,,,,North Carolina Asheville,False,True,2017-18,2025-26,Known established D1 program; appears in official D1 final standings elsewhere in window; reviewed for entry/exit and name continuity.,https://dxbhsrqyrr690.cloudfront.net/sidearm.nextgen.sites/nacda.com/documents/2023/6/27/Final22.23Standings.pdf,"2022-23, 2023-24",Bounds clipped to study window. Not an independent annual membership certification.,2026-09-30,True,kept_known_d1_program
north_carolina_asheville,2025-26,,,,0.0,,,,,,,,North Carolina Asheville,False,True,2017-18,2025-26,Known established D1 program; appears in official D1 final standings elsewhere in window; reviewed for entry/exit and name continuity.,https://dxbhsrqyrr690.cloudfront.net/sidearm.nextgen.sites/nacda.com/documents/2023/6/27/Final22.23Standings.pdf,"2022-23, 2023-24",Bounds clipped to study window. Not an independent annual membership certification.,2026-09-30,True,kept_known_d1_program
north_carolina_central,2020-21,,,,0.0,,,,,,,,North Carolina Central,False,True,2017-18,2025-26,Known established D1 program; appears in official D1 final standings elsewhere in window; reviewed for entry/exit and name continuity.,https://dxbhsrqyrr690.cloudfront.net/sidearm.nextgen.sites/nacda.com/documents/2018/7/18/June29overallDI.pdf,"2017-18, 2018-19, 2022-23, 2023-24",Bounds clipped to study window. Not an independent annual membership certification.,2026-09-30,True,kept_known_d1_program
north_carolina_central,2021-22,,,,0.0,,,,,,,,North Carolina Central,False,True,2017-18,2025-26,Known established D1 program; appears in official D1 final standings elsewhere in window; reviewed for entry/exit and name continuity.,https://dxbhsrqyrr690.cloudfront.net/sidearm.nextgen.sites/nacda.com/documents/2018/7/18/June29overallDI.pdf,"2017-18, 2018-19, 2022-23, 2023-24",Bounds clipped to study window. Not an independent annual membership certification.,2026-09-30,True,kept_known_d1_program
north_carolina_central,2024-25,,,,0.0,,,,,,,,North Carolina Central,False,True,2017-18,2025-26,Known established D1 program; appears in official D1 final standings elsewhere in window; reviewed for entry/exit and name continuity.,https://dxbhsrqyrr690.cloudfront.net/sidearm.nextgen.sites/nacda.com/documents/2018/7/18/June29overallDI.pdf,"2017-18, 2018-19, 2022-23, 2023-24",Bounds clipped to study window. Not an independent annual membership certification.,2026-09-30,True,kept_known_d1_program
north_carolina_central,2025-26,,,,0.0,,,,,,,,North Carolina Central,False,True,2017-18,2025-26,Known established D1 program; appears in official D1 final standings elsewhere in window; reviewed for entry/exit and name continuity.,https://dxbhsrqyrr690.cloudfront.net/sidearm.nextgen.sites/nacda.com/documents/2018/7/18/June29overallDI.pdf,"2017-18, 2018-19, 2022-23, 2023-24",Bounds clipped to study window. Not an independent annual membership certification.,2026-09-30,True,kept_known_d1_program
northern_kentucky,2017-18,,,,0.0,,,,,,,,Northern Kentucky,False,True,2017-18,2025-26,Known established D1 program; appears in official D1 final standings elsewhere in window; reviewed for entry/exit and name continuity.,https://dxbhsrqyrr690.cloudfront.net/sidearm.nextgen.sites/nacda.com/documents/2019/6/27/June28DIOverall.pdf,"2018-19, 2022-23, 2023-24, 2025-26",Bounds clipped to study window. Not an independent annual membership certification.,2026-09-30,True,kept_known_d1_program
northern_kentucky,2020-21,,,,0.0,,,,,,,,Northern Kentucky,False,True,2017-18,2025-26,Known established D1 program; appears in official D1 final standings elsewhere in window; reviewed for entry/exit and name continuity.,https://dxbhsrqyrr690.cloudfront.net/sidearm.nextgen.sites/nacda.com/documents/2019/6/27/June28DIOverall.pdf,"2018-19, 2022-23, 2023-24, 2025-26",Bounds clipped to study window. Not an independent annual membership certification.,2026-09-30,True,kept_known_d1_program
northern_kentucky,2021-22,,,,0.0,,,,,,,,Northern Kentucky,False,True,2017-18,2025-26,Known established D1 program; appears in official D1 final standings elsewhere in window; reviewed for entry/exit and name continuity.,https://dxbhsrqyrr690.cloudfront.net/sidearm.nextgen.sites/nacda.com/documents/2019/6/27/June28DIOverall.pdf,"2018-19, 2022-23, 2023-24, 2025-26",Bounds clipped to study window. Not an independent annual membership certification.,2026-09-30,True,kept_known_d1_program
northern_kentucky,2024-25,,,,0.0,,,,,,,,Northern Kentucky,False,True,2017-18,2025-26,Known established D1 program; appears in official D1 final standings elsewhere in window; reviewed for entry/exit and name continuity.,https://dxbhsrqyrr690.cloudfront.net/sidearm.nextgen.sites/nacda.com/documents/2019/6/27/June28DIOverall.pdf,"2018-19, 2022-23, 2023-24, 2025-26",Bounds clipped to study window. Not an independent annual membership certification.,2026-09-30,True,kept_known_d1_program
northwestern_state,2020-21,,,,0.0,,,,,,,,Northwestern State,False,True,2017-18,2025-26,Known established D1 program; appears in official D1 final standings elsewhere in window; reviewed for entry/exit and name continuity.,https://dxbhsrqyrr690.cloudfront.net/sidearm.nextgen.sites/nacda.com/documents/2018/7/18/June29overallDI.pdf,"2017-18, 2018-19, 2021-22, 2023-24",Bounds clipped to study window. Not an independent annual membership certification.,2026-09-30,True,kept_known_d1_program
northwestern_state,2022-23,,,,0.0,,,,,,,,Northwestern State,False,True,2017-18,2025-26,Known established D1 program; appears in official D1 final standings elsewhere in window; reviewed for entry/exit and name continuity.,https://dxbhsrqyrr690.cloudfront.net/sidearm.nextgen.sites/nacda.com/documents/2018/7/18/June29overallDI.pdf,"2017-18, 2018-19, 2021-22, 2023-24",Bounds clipped to study window. Not an independent annual membership certification.,2026-09-30,True,kept_known_d1_program
northwestern_state,2024-25,,,,0.0,,,,,,,,Northwestern State,False,True,2017-18,2025-26,Known established D1 program; appears in official D1 final standings elsewhere in window; reviewed for entry/exit and name continuity.,https://dxbhsrqyrr690.cloudfront.net/sidearm.nextgen.sites/nacda.com/documents/2018/7/18/June29overallDI.pdf,"2017-18, 2018-19, 2021-22, 2023-24",Bounds clipped to study window. Not an independent annual membership certification.,2026-09-30,True,kept_known_d1_program
northwestern_state,2025-26,,,,0.0,,,,,,,,Northwestern State,False,True,2017-18,2025-26,Known established D1 program; appears in official D1 final standings elsewhere in window; reviewed for entry/exit and name continuity.,https://dxbhsrqyrr690.cloudfront.net/sidearm.nextgen.sites/nacda.com/documents/2018/7/18/June29overallDI.pdf,"2017-18, 2018-19, 2021-22, 2023-24",Bounds clipped to study window. Not an independent annual membership certification.,2026-09-30,True,kept_known_d1_program
oakland,2017-18,,,,0.0,,,,,,,,Oakland,False,True,2017-18,2025-26,Known established D1 program; appears in official D1 final standings elsewhere in window; reviewed for entry/exit and name continuity.,https://dxbhsrqyrr690.cloudfront.net/sidearm.nextgen.sites/nacda.com/documents/2021/7/1/July2OverallDI.pdf,"2020-21, 2021-22, 2023-24, 2024-25, 2025-26",Bounds clipped to study window. Not an independent annual membership certification.,2026-09-30,True,kept_known_d1_program
oakland,2018-19,,,,0.0,,,,,,,,Oakland,False,True,2017-18,2025-26,Known established D1 program; appears in official D1 final standings elsewhere in window; reviewed for entry/exit and name continuity.,https://dxbhsrqyrr690.cloudfront.net/sidearm.nextgen.sites/nacda.com/documents/2021/7/1/July2OverallDI.pdf,"2020-21, 2021-22, 2023-24, 2024-25, 2025-26",Bounds clipped to study window. Not an independent annual membership certification.,2026-09-30,True,kept_known_d1_program
oakland,2022-23,,,,0.0,,,,,,,,Oakland,False,True,2017-18,2025-26,Known established D1 program; appears in official D1 final standings elsewhere in window; reviewed for entry/exit and name continuity.,https://dxbhsrqyrr690.cloudfront.net/sidearm.nextgen.sites/nacda.com/documents/2021/7/1/July2OverallDI.pdf,"2020-21, 2021-22, 2023-24, 2024-25, 2025-26",Bounds clipped to study window. Not an independent annual membership certification.,2026-09-30,True,kept_known_d1_program
ohio,2021-22,,,,0.0,,,,,,,,Ohio,False,True,2017-18,2025-26,Known established D1 program; appears in official D1 final standings elsewhere in window; reviewed for entry/exit and name continuity.,https://dxbhsrqyrr690.cloudfront.net/sidearm.nextgen.sites/nacda.com/documents/2018/7/18/June29overallDI.pdf,"2017-18, 2018-19, 2020-21, 2022-23, 2023-24, 2024-25, 2025-26",Bounds clipped to study window. Not an independent annual membership certification.,2026-09-30,True,kept_known_d1_program
oral_roberts,2018-19,,,,0.0,,,,,,,,Oral Roberts,False,True,2017-18,2025-26,Known established D1 program; appears in official D1 final standings elsewhere in window; reviewed for entry/exit and name continuity.,https://dxbhsrqyrr690.cloudfront.net/sidearm.nextgen.sites/nacda.com/documents/2018/7/18/June29overallDI.pdf,"2017-18, 2020-21, 2021-22, 2022-23, 2023-24, 2024-25, 2025-26",Bounds clipped to study window. Not an independent annual membership certification.,2026-09-30,True,kept_known_d1_program
pacific,2020-21,,,,0.0,,,,,,,,Pacific,False,True,2017-18,2025-26,Known established D1 program; appears in official D1 final standings elsewhere in window; reviewed for entry/exit and name continuity.,https://dxbhsrqyrr690.cloudfront.net/sidearm.nextgen.sites/nacda.com/documents/2018/7/18/June29overallDI.pdf,"2017-18, 2018-19, 2022-23, 2024-25",Bounds clipped to study window. Not an independent annual membership certification.,2026-09-30,True,kept_known_d1_program
pacific,2021-22,,,,0.0,,,,,,,,Pacific,False,True,2017-18,2025-26,Known established D1 program; appears in official D1 final standings elsewhere in window; reviewed for entry/exit and name continuity.,https://dxbhsrqyrr690.cloudfront.net/sidearm.nextgen.sites/nacda.com/documents/2018/7/18/June29overallDI.pdf,"2017-18, 2018-19, 2022-23, 2024-25",Bounds clipped to study window. Not an independent annual membership certification.,2026-09-30,True,kept_known_d1_program
pacific,2023-24,,,,0.0,,,,,,,,Pacific,False,True,2017-18,2025-26,Known established D1 program; appears in official D1 final standings elsewhere in window; reviewed for entry/exit and name continuity.,https://dxbhsrqyrr690.cloudfront.net/sidearm.nextgen.sites/nacda.com/documents/2018/7/18/June29overallDI.pdf,"2017-18, 2018-19, 2022-23, 2024-25",Bounds clipped to study window. Not an independent annual membership certification.,2026-09-30,True,kept_known_d1_program
pacific,2025-26,,,,0.0,,,,,,,,Pacific,False,True,2017-18,2025-26,Known established D1 program; appears in official D1 final standings elsewhere in window; reviewed for entry/exit and name continuity.,https://dxbhsrqyrr690.cloudfront.net/sidearm.nextgen.sites/nacda.com/documents/2018/7/18/June29overallDI.pdf,"2017-18, 2018-19, 2022-23, 2024-25",Bounds clipped to study window. Not an independent annual membership certification.,2026-09-30,True,kept_known_d1_program
pennsylvania,2020-21,,,,0.0,,,,,,,,Pennsylvania,False,True,2017-18,2025-26,Known established D1 program; appears in official D1 final standings elsewhere in window; reviewed for entry/exit and name continuity.,https://dxbhsrqyrr690.cloudfront.net/sidearm.nextgen.sites/nacda.com/documents/2018/7/18/June29overallDI.pdf,"2017-18, 2018-19, 2021-22, 2022-23, 2023-24, 2024-25, 2025-26",Bounds clipped to study window. Not an independent annual membership certification.,2026-09-30,True,kept_known_d1_program
portland_state,2017-18,,,,0.0,,,,,,,,Portland State,False,True,2017-18,2025-26,Known established D1 program; appears in official D1 final standings elsewhere in window; reviewed for entry/exit and name continuity.,https://dxbhsrqyrr690.cloudfront.net/sidearm.nextgen.sites/nacda.com/documents/2019/6/27/June28DIOverall.pdf,2018-19,Bounds clipped to study window. Not an independent annual membership certification.,2026-09-30,True,kept_known_d1_program
portland_state,2020-21,,,,0.0,,,,,,,,Portland State,False,True,2017-18,2025-26,Known established D1 program; appears in official D1 final standings elsewhere in window; reviewed for entry/exit and name continuity.,https://dxbhsrqyrr690.cloudfront.net/sidearm.nextgen.sites/nacda.com/documents/2019/6/27/June28DIOverall.pdf,2018-19,Bounds clipped to study window. Not an independent annual membership certification.,2026-09-30,True,kept_known_d1_program
portland_state,2021-22,,,,0.0,,,,,,,,Portland State,False,True,2017-18,2025-26,Known established D1 program; appears in official D1 final standings elsewhere in window; reviewed for entry/exit and name continuity.,https://dxbhsrqyrr690.cloudfront.net/sidearm.nextgen.sites/nacda.com/documents/2019/6/27/June28DIOverall.pdf,2018-19,Bounds clipped to study window. Not an independent annual membership certification.,2026-09-30,True,kept_known_d1_program
portland_state,2022-23,,,,0.0,,,,,,,,Portland State,False,True,2017-18,2025-26,Known established D1 program; appears in official D1 final standings elsewhere in window; reviewed for entry/exit and name continuity.,https://dxbhsrqyrr690.cloudfront.net/sidearm.nextgen.sites/nacda.com/documents/2019/6/27/June28DIOverall.pdf,2018-19,Bounds clipped to study window. Not an independent annual membership certification.,2026-09-30,True,kept_known_d1_program
portland_state,2023-24,,,,0.0,,,,,,,,Portland State,False,True,2017-18,2025-26,Known established D1 program; appears in official D1 final standings elsewhere in window; reviewed for entry/exit and name continuity.,https://dxbhsrqyrr690.cloudfront.net/sidearm.nextgen.sites/nacda.com/documents/2019/6/27/June28DIOverall.pdf,2018-19,Bounds clipped to study window. Not an independent annual membership certification.,2026-09-30,True,kept_known_d1_program
portland_state,2024-25,,,,0.0,,,,,,,,Portland State,False,True,2017-18,2025-26,Known established D1 program; appears in official D1 final standings elsewhere in window; reviewed for entry/exit and name continuity.,https://dxbhsrqyrr690.cloudfront.net/sidearm.nextgen.sites/nacda.com/documents/2019/6/27/June28DIOverall.pdf,2018-19,Bounds clipped to study window. Not an independent annual membership certification.,2026-09-30,True,kept_known_d1_program
portland_state,2025-26,,,,0.0,,,,,,,,Portland State,False,True,2017-18,2025-26,Known established D1 program; appears in official D1 final standings elsewhere in window; reviewed for entry/exit and name continuity.,https://dxbhsrqyrr690.cloudfront.net/sidearm.nextgen.sites/nacda.com/documents/2019/6/27/June28DIOverall.pdf,2018-19,Bounds clipped to study window. Not an independent annual membership certification.,2026-09-30,True,kept_known_d1_program
prairie_view_a_m,2023-24,,,,0.0,,,,,,,,Prairie View A&M,False,True,2017-18,2025-26,Known established D1 program; appears in official D1 final standings elsewhere in window; reviewed for entry/exit and name continuity.,https://dxbhsrqyrr690.cloudfront.net/sidearm.nextgen.sites/nacda.com/documents/2018/7/18/June29overallDI.pdf,"2017-18, 2018-19, 2020-21, 2021-22, 2022-23, 2024-25, 2025-26",Bounds clipped to study window. Not an independent annual membership certification.,2026-09-30,True,kept_known_d1_program
presbyterian_college,2018-19,,,,0.0,,,,,,,,Presbyterian College,False,True,2017-18,2025-26,Known established D1 program; appears in official D1 final standings elsewhere in window; reviewed for entry/exit and name continuity.,https://dxbhsrqyrr690.cloudfront.net/sidearm.nextgen.sites/nacda.com/documents/2018/7/18/June29overallDI.pdf,"2017-18, 2020-21, 2022-23, 2023-24, 2025-26",Bounds clipped to study window. Not an independent annual membership certification.,2026-09-30,True,kept_known_d1_program
presbyterian_college,2021-22,,,,0.0,,,,,,,,Presbyterian College,False,True,2017-18,2025-26,Known established D1 program; appears in official D1 final standings elsewhere in window; reviewed for entry/exit and name continuity.,https://dxbhsrqyrr690.cloudfront.net/sidearm.nextgen.sites/nacda.com/documents/2018/7/18/June29overallDI.pdf,"2017-18, 2020-21, 2022-23, 2023-24, 2025-26",Bounds clipped to study window. Not an independent annual membership certification.,2026-09-30,True,kept_known_d1_program
presbyterian_college,2024-25,,,,0.0,,,,,,,,Presbyterian College,False,True,2017-18,2025-26,Known established D1 program; appears in official D1 final standings elsewhere in window; reviewed for entry/exit and name continuity.,https://dxbhsrqyrr690.cloudfront.net/sidearm.nextgen.sites/nacda.com/documents/2018/7/18/June29overallDI.pdf,"2017-18, 2020-21, 2022-23, 2023-24, 2025-26",Bounds clipped to study window. Not an independent annual membership certification.,2026-09-30,True,kept_known_d1_program
queens_n_c,2017-18,,,,0.0,,,,,,,,Queens (N.C.),False,True,2022-23,2025-26,Official D1 transition record,https://ncaaorg.s3.amazonaws.com/research/sportpart/2023-24RES_NCAAMembershipBreakdown.pdf,2025-26,"2023-24 report lists year 2; full-member date is planned date in that report, not a current eligibility determination.",2026-09-30,False,dropped_outside_d1_program_interval
queens_n_c,2018-19,,,,0.0,,,,,,,,Queens (N.C.),False,True,2022-23,2025-26,Official D1 transition record,https://ncaaorg.s3.amazonaws.com/research/sportpart/2023-24RES_NCAAMembershipBreakdown.pdf,2025-26,"2023-24 report lists year 2; full-member date is planned date in that report, not a current eligibility determination.",2026-09-30,False,dropped_outside_d1_program_interval
queens_n_c,2020-21,,,,0.0,,,,,,,,Queens (N.C.),False,True,2022-23,2025-26,Official D1 transition record,https://ncaaorg.s3.amazonaws.com/research/sportpart/2023-24RES_NCAAMembershipBreakdown.pdf,2025-26,"2023-24 report lists year 2; full-member date is planned date in that report, not a current eligibility determination.",2026-09-30,False,dropped_outside_d1_program_interval
queens_n_c,2021-22,,,,0.0,,,,,,,,Queens (N.C.),False,True,2022-23,2025-26,Official D1 transition record,https://ncaaorg.s3.amazonaws.com/research/sportpart/2023-24RES_NCAAMembershipBreakdown.pdf,2025-26,"2023-24 report lists year 2; full-member date is planned date in that report, not a current eligibility determination.",2026-09-30,False,dropped_outside_d1_program_interval
queens_n_c,2022-23,,,,0.0,,,,,,,,Queens (N.C.),False,True,2022-23,2025-26,Official D1 transition record,https://ncaaorg.s3.amazonaws.com/research/sportpart/2023-24RES_NCAAMembershipBreakdown.pdf,2025-26,"2023-24 report lists year 2; full-member date is planned date in that report, not a current eligibility determination.",2026-09-30,True,kept_known_d1_program
queens_n_c,2023-24,,,,0.0,,,,,,,,Queens (N.C.),False,True,2022-23,2025-26,Official D1 transition record,https://ncaaorg.s3.amazonaws.com/research/sportpart/2023-24RES_NCAAMembershipBreakdown.pdf,2025-26,"2023-24 report lists year 2; full-member date is planned date in that report, not a current eligibility determination.",2026-09-30,True,kept_known_d1_program
queens_n_c,2024-25,,,,0.0,,,,,,,,Queens (N.C.),False,True,2022-23,2025-26,Official D1 transition record,https://ncaaorg.s3.amazonaws.com/research/sportpart/2023-24RES_NCAAMembershipBreakdown.pdf,2025-26,"2023-24 report lists year 2; full-member date is planned date in that report, not a current eligibility determination.",2026-09-30,True,kept_known_d1_program
radford,2020-21,,,,0.0,,,,,,,,Radford,False,True,2017-18,2025-26,Known established D1 program; appears in official D1 final standings elsewhere in window; reviewed for entry/exit and name continuity.,https://dxbhsrqyrr690.cloudfront.net/sidearm.nextgen.sites/nacda.com/documents/2018/7/18/June29overallDI.pdf,"2017-18, 2018-19, 2021-22, 2022-23, 2023-24, 2024-25",Bounds clipped to study window. Not an independent annual membership certification.,2026-09-30,True,kept_known_d1_program
radford,2025-26,,,,0.0,,,,,,,,Radford,False,True,2017-18,2025-26,Known established D1 program; appears in official D1 final standings elsewhere in window; reviewed for entry/exit and name continuity.,https://dxbhsrqyrr690.cloudfront.net/sidearm.nextgen.sites/nacda.com/documents/2018/7/18/June29overallDI.pdf,"2017-18, 2018-19, 2021-22, 2022-23, 2023-24, 2024-25",Bounds clipped to study window. Not an independent annual membership certification.,2026-09-30,True,kept_known_d1_program
rhode_island,2022-23,,,,0.0,,,,,,,,Rhode Island,False,True,2017-18,2025-26,Known established D1 program; appears in official D1 final standings elsewhere in window; reviewed for entry/exit and name continuity.,https://dxbhsrqyrr690.cloudfront.net/sidearm.nextgen.sites/nacda.com/documents/2018/7/18/June29overallDI.pdf,"2017-18, 2018-19, 2020-21, 2021-22, 2023-24, 2024-25, 2025-26",Bounds clipped to study window. Not an independent annual membership certification.,2026-09-30,True,kept_known_d1_program
robert_morris,2022-23,,,,0.0,,,,,,,,Robert Morris,False,True,2017-18,2025-26,Known established D1 program; appears in official D1 final standings elsewhere in window; reviewed for entry/exit and name continuity.,https://dxbhsrqyrr690.cloudfront.net/sidearm.nextgen.sites/nacda.com/documents/2018/7/18/June29overallDI.pdf,"2017-18, 2018-19, 2020-21, 2021-22, 2023-24, 2024-25, 2025-26",Bounds clipped to study window. Not an independent annual membership certification.,2026-09-30,True,kept_known_d1_program
siu_edwardsville,2017-18,,,,0.0,,,,,,,,SIU Edwardsville,False,True,2017-18,2025-26,Known established D1 program; appears in official D1 final standings elsewhere in window; reviewed for entry/exit and name continuity.,https://dxbhsrqyrr690.cloudfront.net/sidearm.nextgen.sites/nacda.com/documents/2019/6/27/June28DIOverall.pdf,"2018-19, 2020-21, 2021-22, 2022-23, 2023-24, 2024-25, 2025-26",Bounds clipped to study window. Not an independent annual membership certification.,2026-09-30,True,kept_known_d1_program
saint_joseph_s,2020-21,,,,0.0,,,,,,,,Saint Joseph's,False,True,2017-18,2025-26,Known established D1 program; appears in official D1 final standings elsewhere in window; reviewed for entry/exit and name continuity.,https://dxbhsrqyrr690.cloudfront.net/sidearm.nextgen.sites/nacda.com/documents/2018/7/18/June29overallDI.pdf,"2017-18, 2018-19, 2021-22, 2022-23, 2023-24, 2024-25, 2025-26",Bounds clipped to study window. Not an independent annual membership certification.,2026-09-30,True,kept_known_d1_program
saint_mary_s_ca,2020-21,,,,0.0,,,,,,,,Saint Mary's (CA),False,True,2017-18,2025-26,Known established D1 program; appears in official D1 final standings elsewhere in window; reviewed for entry/exit and name continuity.,https://dxbhsrqyrr690.cloudfront.net/sidearm.nextgen.sites/nacda.com/documents/2018/7/18/June29overallDI.pdf,"2017-18, 2018-19, 2021-22, 2022-23, 2023-24, 2024-25, 2025-26",Bounds clipped to study window. Not an independent annual membership certification.,2026-09-30,True,kept_known_d1_program
saint_peter_s,2017-18,,,,0.0,,,,,,,,Saint Peter's,False,True,2017-18,2025-26,Known established D1 program; appears in official D1 final standings elsewhere in window; reviewed for entry/exit and name continuity.,https://dxbhsrqyrr690.cloudfront.net/sidearm.nextgen.sites/nacda.com/documents/2022/6/30/FinalDIstandings.pdf,"2021-22, 2023-24",Bounds clipped to study window. Not an independent annual membership certification.,2026-09-30,True,kept_known_d1_program
saint_peter_s,2018-19,,,,0.0,,,,,,,,Saint Peter's,False,True,2017-18,2025-26,Known established D1 program; appears in official D1 final standings elsewhere in window; reviewed for entry/exit and name continuity.,https://dxbhsrqyrr690.cloudfront.net/sidearm.nextgen.sites/nacda.com/documents/2022/6/30/FinalDIstandings.pdf,"2021-22, 2023-24",Bounds clipped to study window. Not an independent annual membership certification.,2026-09-30,True,kept_known_d1_program
saint_peter_s,2020-21,,,,0.0,,,,,,,,Saint Peter's,False,True,2017-18,2025-26,Known established D1 program; appears in official D1 final standings elsewhere in window; reviewed for entry/exit and name continuity.,https://dxbhsrqyrr690.cloudfront.net/sidearm.nextgen.sites/nacda.com/documents/2022/6/30/FinalDIstandings.pdf,"2021-22, 2023-24",Bounds clipped to study window. Not an independent annual membership certification.,2026-09-30,True,kept_known_d1_program
saint_peter_s,2022-23,,,,0.0,,,,,,,,Saint Peter's,False,True,2017-18,2025-26,Known established D1 program; appears in official D1 final standings elsewhere in window; reviewed for entry/exit and name continuity.,https://dxbhsrqyrr690.cloudfront.net/sidearm.nextgen.sites/nacda.com/documents/2022/6/30/FinalDIstandings.pdf,"2021-22, 2023-24",Bounds clipped to study window. Not an independent annual membership certification.,2026-09-30,True,kept_known_d1_program
saint_peter_s,2024-25,,,,0.0,,,,,,,,Saint Peter's,False,True,2017-18,2025-26,Known established D1 program; appears in official D1 final standings elsewhere in window; reviewed for entry/exit and name continuity.,https://dxbhsrqyrr690.cloudfront.net/sidearm.nextgen.sites/nacda.com/documents/2022/6/30/FinalDIstandings.pdf,"2021-22, 2023-24",Bounds clipped to study window. Not an independent annual membership certification.,2026-09-30,True,kept_known_d1_program
saint_peter_s,2025-26,,,,0.0,,,,,,,,Saint Peter's,False,True,2017-18,2025-26,Known established D1 program; appears in official D1 final standings elsewhere in window; reviewed for entry/exit and name continuity.,https://dxbhsrqyrr690.cloudfront.net/sidearm.nextgen.sites/nacda.com/documents/2022/6/30/FinalDIstandings.pdf,"2021-22, 2023-24",Bounds clipped to study window. Not an independent annual membership certification.,2026-09-30,True,kept_known_d1_program
san_francisco,2018-19,,,,0.0,,,,,,,,San Francisco,False,True,2017-18,2025-26,Known established D1 program; appears in official D1 final standings elsewhere in window; reviewed for entry/exit and name continuity.,https://dxbhsrqyrr690.cloudfront.net/sidearm.nextgen.sites/nacda.com/documents/2018/7/18/June29overallDI.pdf,"2017-18, 2020-21, 2021-22, 2022-23",Bounds clipped to study window. Not an independent annual membership certification.,2026-09-30,True,kept_known_d1_program
san_francisco,2023-24,,,,0.0,,,,,,,,San Francisco,False,True,2017-18,2025-26,Known established D1 program; appears in official D1 final standings elsewhere in window; reviewed for entry/exit and name continuity.,https://dxbhsrqyrr690.cloudfront.net/sidearm.nextgen.sites/nacda.com/documents/2018/7/18/June29overallDI.pdf,"2017-18, 2020-21, 2021-22, 2022-23",Bounds clipped to study window. Not an independent annual membership certification.,2026-09-30,True,kept_known_d1_program
san_francisco,2024-25,,,,0.0,,,,,,,,San Francisco,False,True,2017-18,2025-26,Known established D1 program; appears in official D1 final standings elsewhere in window; reviewed for entry/exit and name continuity.,https://dxbhsrqyrr690.cloudfront.net/sidearm.nextgen.sites/nacda.com/documents/2018/7/18/June29overallDI.pdf,"2017-18, 2020-21, 2021-22, 2022-23",Bounds clipped to study window. Not an independent annual membership certification.,2026-09-30,True,kept_known_d1_program
san_francisco,2025-26,,,,0.0,,,,,,,,San Francisco,False,True,2017-18,2025-26,Known established D1 program; appears in official D1 final standings elsewhere in window; reviewed for entry/exit and name continuity.,https://dxbhsrqyrr690.cloudfront.net/sidearm.nextgen.sites/nacda.com/documents/2018/7/18/June29overallDI.pdf,"2017-18, 2020-21, 2021-22, 2022-23",Bounds clipped to study window. Not an independent annual membership certification.,2026-09-30,True,kept_known_d1_program
san_jose_state,2017-18,,,,0.0,,,,,,,,San Jose State,False,True,2017-18,2025-26,Known established D1 program; appears in official D1 final standings elsewhere in window; reviewed for entry/exit and name continuity.,https://dxbhsrqyrr690.cloudfront.net/sidearm.nextgen.sites/nacda.com/documents/2019/6/27/June28DIOverall.pdf,"2018-19, 2020-21, 2021-22, 2022-23, 2023-24, 2024-25, 2025-26",Bounds clipped to study window. Not an independent annual membership certification.,2026-09-30,True,kept_known_d1_program
seattle,2022-23,,,,0.0,,,,,,,,Seattle,False,True,2017-18,2025-26,Known established D1 program; appears in official D1 final standings elsewhere in window; reviewed for entry/exit and name continuity.,https://dxbhsrqyrr690.cloudfront.net/sidearm.nextgen.sites/nacda.com/documents/2018/7/18/June29overallDI.pdf,"2017-18, 2018-19, 2020-21, 2021-22, 2023-24, 2024-25",Bounds clipped to study window. Not an independent annual membership certification.,2026-09-30,True,kept_known_d1_program
seattle,2025-26,,,,0.0,,,,,,,,Seattle,False,True,2017-18,2025-26,Known established D1 program; appears in official D1 final standings elsewhere in window; reviewed for entry/exit and name continuity.,https://dxbhsrqyrr690.cloudfront.net/sidearm.nextgen.sites/nacda.com/documents/2018/7/18/June29overallDI.pdf,"2017-18, 2018-19, 2020-21, 2021-22, 2023-24, 2024-25",Bounds clipped to study window. Not an independent annual membership certification.,2026-09-30,True,kept_known_d1_program
seton_hall,2024-25,,,,0.0,,,,,,,,Seton Hall,False,True,2017-18,2025-26,Known established D1 program; appears in official D1 final standings elsewhere in window; reviewed for entry/exit and name continuity.,https://dxbhsrqyrr690.cloudfront.net/sidearm.nextgen.sites/nacda.com/documents/2018/7/18/June29overallDI.pdf,"2017-18, 2018-19, 2020-21, 2021-22, 2022-23, 2023-24, 2025-26",Bounds clipped to study window. Not an independent annual membership certification.,2026-09-30,True,kept_known_d1_program
siena,2017-18,,,,0.0,,,,,,,,Siena,False,True,2017-18,2025-26,Known established D1 program; appears in official D1 final standings elsewhere in window; reviewed for entry/exit and name continuity.,https://dxbhsrqyrr690.cloudfront.net/sidearm.nextgen.sites/nacda.com/documents/2021/7/1/July2OverallDI.pdf,"2020-21, 2022-23, 2023-24, 2024-25, 2025-26",Bounds clipped to study window. Not an independent annual membership certification.,2026-09-30,True,kept_known_d1_program
siena,2018-19,,,,0.0,,,,,,,,Siena,False,True,2017-18,2025-26,Known established D1 program; appears in official D1 final standings elsewhere in window; reviewed for entry/exit and name continuity.,https://dxbhsrqyrr690.cloudfront.net/sidearm.nextgen.sites/nacda.com/documents/2021/7/1/July2OverallDI.pdf,"2020-21, 2022-23, 2023-24, 2024-25, 2025-26",Bounds clipped to study window. Not an independent annual membership certification.,2026-09-30,True,kept_known_d1_program
siena,2021-22,,,,0.0,,,,,,,,Siena,False,True,2017-18,2025-26,Known established D1 program; appears in official D1 final standings elsewhere in window; reviewed for entry/exit and name continuity.,https://dxbhsrqyrr690.cloudfront.net/sidearm.nextgen.sites/nacda.com/documents/2021/7/1/July2OverallDI.pdf,"2020-21, 2022-23, 2023-24, 2024-25, 2025-26",Bounds clipped to study window. Not an independent annual membership certification.,2026-09-30,True,kept_known_d1_program
south_carolina_upstate,2017-18,,,,0.0,,,,,,,,South Carolina Upstate,False,True,2017-18,2025-26,Known established D1 program; appears in official D1 final standings elsewhere in window; reviewed for entry/exit and name continuity.,https://dxbhsrqyrr690.cloudfront.net/sidearm.nextgen.sites/nacda.com/documents/2024/6/26/23.24FinalDI.pdf,"2023-24, 2024-25, 2025-26",Bounds clipped to study window. Not an independent annual membership certification.,2026-09-30,True,kept_known_d1_program
south_carolina_upstate,2018-19,,,,0.0,,,,,,,,South Carolina Upstate,False,True,2017-18,2025-26,Known established D1 program; appears in official D1 final standings elsewhere in window; reviewed for entry/exit and name continuity.,https://dxbhsrqyrr690.cloudfront.net/sidearm.nextgen.sites/nacda.com/documents/2024/6/26/23.24FinalDI.pdf,"2023-24, 2024-25, 2025-26",Bounds clipped to study window. Not an independent annual membership certification.,2026-09-30,True,kept_known_d1_program
south_carolina_upstate,2020-21,,,,0.0,,,,,,,,South Carolina Upstate,False,True,2017-18,2025-26,Known established D1 program; appears in official D1 final standings elsewhere in window; reviewed for entry/exit and name continuity.,https://dxbhsrqyrr690.cloudfront.net/sidearm.nextgen.sites/nacda.com/documents/2024/6/26/23.24FinalDI.pdf,"2023-24, 2024-25, 2025-26",Bounds clipped to study window. Not an independent annual membership certification.,2026-09-30,True,kept_known_d1_program
south_carolina_upstate,2021-22,,,,0.0,,,,,,,,South Carolina Upstate,False,True,2017-18,2025-26,Known established D1 program; appears in official D1 final standings elsewhere in window; reviewed for entry/exit and name continuity.,https://dxbhsrqyrr690.cloudfront.net/sidearm.nextgen.sites/nacda.com/documents/2024/6/26/23.24FinalDI.pdf,"2023-24, 2024-25, 2025-26",Bounds clipped to study window. Not an independent annual membership certification.,2026-09-30,True,kept_known_d1_program
south_carolina_upstate,2022-23,,,,0.0,,,,,,,,South Carolina Upstate,False,True,2017-18,2025-26,Known established D1 program; appears in official D1 final standings elsewhere in window; reviewed for entry/exit and name continuity.,https://dxbhsrqyrr690.cloudfront.net/sidearm.nextgen.sites/nacda.com/documents/2024/6/26/23.24FinalDI.pdf,"2023-24, 2024-25, 2025-26",Bounds clipped to study window. Not an independent annual membership certification.,2026-09-30,True,kept_known_d1_program
southeast_missouri_state,2017-18,,,,0.0,,,,,,,,Southeast Missouri State,False,True,2017-18,2025-26,Known established D1 program; appears in official D1 final standings elsewhere in window; reviewed for entry/exit and name continuity.,https://dxbhsrqyrr690.cloudfront.net/sidearm.nextgen.sites/nacda.com/documents/2019/6/27/June28DIOverall.pdf,"2018-19, 2020-21, 2021-22, 2022-23, 2023-24, 2024-25",Bounds clipped to study window. Not an independent annual membership certification.,2026-09-30,True,kept_known_d1_program
southeast_missouri_state,2025-26,,,,0.0,,,,,,,,Southeast Missouri State,False,True,2017-18,2025-26,Known established D1 program; appears in official D1 final standings elsewhere in window; reviewed for entry/exit and name continuity.,https://dxbhsrqyrr690.cloudfront.net/sidearm.nextgen.sites/nacda.com/documents/2019/6/27/June28DIOverall.pdf,"2018-19, 2020-21, 2021-22, 2022-23, 2023-24, 2024-25",Bounds clipped to study window. Not an independent annual membership certification.,2026-09-30,True,kept_known_d1_program
southeastern_louisiana,2017-18,,,,0.0,,,,,,,,Southeastern Louisiana,False,True,2017-18,2025-26,Known established D1 program; appears in official D1 final standings elsewhere in window; reviewed for entry/exit and name continuity.,https://dxbhsrqyrr690.cloudfront.net/sidearm.nextgen.sites/nacda.com/documents/2021/7/1/July2OverallDI.pdf,"2020-21, 2021-22, 2022-23, 2023-24, 2024-25, 2025-26",Bounds clipped to study window. Not an independent annual membership certification.,2026-09-30,True,kept_known_d1_program
southeastern_louisiana,2018-19,,,,0.0,,,,,,,,Southeastern Louisiana,False,True,2017-18,2025-26,Known established D1 program; appears in official D1 final standings elsewhere in window; reviewed for entry/exit and name continuity.,https://dxbhsrqyrr690.cloudfront.net/sidearm.nextgen.sites/nacda.com/documents/2021/7/1/July2OverallDI.pdf,"2020-21, 2021-22, 2022-23, 2023-24, 2024-25, 2025-26",Bounds clipped to study window. Not an independent annual membership certification.,2026-09-30,True,kept_known_d1_program
southern,2017-18,,,,0.0,,,,,,,,Southern,False,True,2017-18,2025-26,Known established D1 program; appears in official D1 final standings elsewhere in window; reviewed for entry/exit and name continuity.,https://dxbhsrqyrr690.cloudfront.net/sidearm.nextgen.sites/nacda.com/documents/2019/6/27/June28DIOverall.pdf,"2018-19, 2020-21, 2022-23, 2024-25, 2025-26",Bounds clipped to study window. Not an independent annual membership certification.,2026-09-30,True,kept_known_d1_program
southern,2021-22,,,,0.0,,,,,,,,Southern,False,True,2017-18,2025-26,Known established D1 program; appears in official D1 final standings elsewhere in window; reviewed for entry/exit and name continuity.,https://dxbhsrqyrr690.cloudfront.net/sidearm.nextgen.sites/nacda.com/documents/2019/6/27/June28DIOverall.pdf,"2018-19, 2020-21, 2022-23, 2024-25, 2025-26",Bounds clipped to study window. Not an independent annual membership certification.,2026-09-30,True,kept_known_d1_program
southern,2023-24,,,,0.0,,,,,,,,Southern,False,True,2017-18,2025-26,Known established D1 program; appears in official D1 final standings elsewhere in window; reviewed for entry/exit and name continuity.,https://dxbhsrqyrr690.cloudfront.net/sidearm.nextgen.sites/nacda.com/documents/2019/6/27/June28DIOverall.pdf,"2018-19, 2020-21, 2022-23, 2024-25, 2025-26",Bounds clipped to study window. Not an independent annual membership certification.,2026-09-30,True,kept_known_d1_program
southern_illinois,2017-18,,,,0.0,,,,,,,,Southern Illinois,False,True,2017-18,2025-26,Known established D1 program; appears in official D1 final standings elsewhere in window; reviewed for entry/exit and name continuity.,https://dxbhsrqyrr690.cloudfront.net/sidearm.nextgen.sites/nacda.com/documents/2019/6/27/June28DIOverall.pdf,"2018-19, 2020-21, 2021-22, 2022-23, 2023-24, 2024-25, 2025-26",Bounds clipped to study window. Not an independent annual membership certification.,2026-09-30,True,kept_known_d1_program
st_bonaventure,2018-19,,,,0.0,,,,,,,,St. Bonaventure,False,True,2017-18,2025-26,Known established D1 program; appears in official D1 final standings elsewhere in window; reviewed for entry/exit and name continuity.,https://dxbhsrqyrr690.cloudfront.net/sidearm.nextgen.sites/nacda.com/documents/2018/7/18/June29overallDI.pdf,"2017-18, 2020-21",Bounds clipped to study window. Not an independent annual membership certification.,2026-09-30,True,kept_known_d1_program
st_bonaventure,2021-22,,,,0.0,,,,,,,,St. Bonaventure,False,True,2017-18,2025-26,Known established D1 program; appears in official D1 final standings elsewhere in window; reviewed for entry/exit and name continuity.,https://dxbhsrqyrr690.cloudfront.net/sidearm.nextgen.sites/nacda.com/documents/2018/7/18/June29overallDI.pdf,"2017-18, 2020-21",Bounds clipped to study window. Not an independent annual membership certification.,2026-09-30,True,kept_known_d1_program
st_bonaventure,2022-23,,,,0.0,,,,,,,,St. Bonaventure,False,True,2017-18,2025-26,Known established D1 program; appears in official D1 final standings elsewhere in window; reviewed for entry/exit and name continuity.,https://dxbhsrqyrr690.cloudfront.net/sidearm.nextgen.sites/nacda.com/documents/2018/7/18/June29overallDI.pdf,"2017-18, 2020-21",Bounds clipped to study window. Not an independent annual membership certification.,2026-09-30,True,kept_known_d1_program
st_bonaventure,2023-24,,,,0.0,,,,,,,,St. Bonaventure,False,True,2017-18,2025-26,Known established D1 program; appears in official D1 final standings elsewhere in window; reviewed for entry/exit and name continuity.,https://dxbhsrqyrr690.cloudfront.net/sidearm.nextgen.sites/nacda.com/documents/2018/7/18/June29overallDI.pdf,"2017-18, 2020-21",Bounds clipped to study window. Not an independent annual membership certification.,2026-09-30,True,kept_known_d1_program
st_bonaventure,2024-25,,,,0.0,,,,,,,,St. Bonaventure,False,True,2017-18,2025-26,Known established D1 program; appears in official D1 final standings elsewhere in window; reviewed for entry/exit and name continuity.,https://dxbhsrqyrr690.cloudfront.net/sidearm.nextgen.sites/nacda.com/documents/2018/7/18/June29overallDI.pdf,"2017-18, 2020-21",Bounds clipped to study window. Not an independent annual membership certification.,2026-09-30,True,kept_known_d1_program
st_bonaventure,2025-26,,,,0.0,,,,,,,,St. Bonaventure,False,True,2017-18,2025-26,Known established D1 program; appears in official D1 final standings elsewhere in window; reviewed for entry/exit and name continuity.,https://dxbhsrqyrr690.cloudfront.net/sidearm.nextgen.sites/nacda.com/documents/2018/7/18/June29overallDI.pdf,"2017-18, 2020-21",Bounds clipped to study window. Not an independent annual membership certification.,2026-09-30,True,kept_known_d1_program
st_francis_ny,2018-19,,,,0.0,,,,,,,,St. Francis (NY),False,True,2017-18,2022-23,Official membership loss record,https://ncaaorg.s3.amazonaws.com/research/sportpart/2023-24RES_NCAAMembershipBreakdown.pdf,"2017-18, 2020-21, 2022-23",NCAA lists 2022-23 as last active year.,2026-09-30,True,kept_known_d1_program
st_francis_ny,2021-22,,,,0.0,,,,,,,,St. Francis (NY),False,True,2017-18,2022-23,Official membership loss record,https://ncaaorg.s3.amazonaws.com/research/sportpart/2023-24RES_NCAAMembershipBreakdown.pdf,"2017-18, 2020-21, 2022-23",NCAA lists 2022-23 as last active year.,2026-09-30,True,kept_known_d1_program
st_francis_ny,2023-24,,,,0.0,,,,,,,,St. Francis (NY),False,True,2017-18,2022-23,Official membership loss record,https://ncaaorg.s3.amazonaws.com/research/sportpart/2023-24RES_NCAAMembershipBreakdown.pdf,"2017-18, 2020-21, 2022-23",NCAA lists 2022-23 as last active year.,2026-09-30,False,dropped_outside_d1_program_interval
st_francis_ny,2024-25,,,,0.0,,,,,,,,St. Francis (NY),False,True,2017-18,2022-23,Official membership loss record,https://ncaaorg.s3.amazonaws.com/research/sportpart/2023-24RES_NCAAMembershipBreakdown.pdf,"2017-18, 2020-21, 2022-23",NCAA lists 2022-23 as last active year.,2026-09-30,False,dropped_outside_d1_program_interval
st_francis_ny,2025-26,,,,0.0,,,,,,,,St. Francis (NY),False,True,2017-18,2022-23,Official membership loss record,https://ncaaorg.s3.amazonaws.com/research/sportpart/2023-24RES_NCAAMembershipBreakdown.pdf,"2017-18, 2020-21, 2022-23",NCAA lists 2022-23 as last active year.,2026-09-30,False,dropped_outside_d1_program_interval
st_thomas,2017-18,,,,0.0,,,,,,,,St. Thomas,False,True,2021-22,2025-26,Official D1 transition record,https://ncaaorg.s3.amazonaws.com/research/sportpart/2023-24RES_NCAAMembershipBreakdown.pdf,2025-26,"2023-24 report lists year 3; full-member date is planned date in that report, not a current eligibility determination.",2026-09-30,False,dropped_outside_d1_program_interval
st_thomas,2018-19,,,,0.0,,,,,,,,St. Thomas,False,True,2021-22,2025-26,Official D1 transition record,https://ncaaorg.s3.amazonaws.com/research/sportpart/2023-24RES_NCAAMembershipBreakdown.pdf,2025-26,"2023-24 report lists year 3; full-member date is planned date in that report, not a current eligibility determination.",2026-09-30,False,dropped_outside_d1_program_interval
st_thomas,2020-21,,,,0.0,,,,,,,,St. Thomas,False,True,2021-22,2025-26,Official D1 transition record,https://ncaaorg.s3.amazonaws.com/research/sportpart/2023-24RES_NCAAMembershipBreakdown.pdf,2025-26,"2023-24 report lists year 3; full-member date is planned date in that report, not a current eligibility determination.",2026-09-30,False,dropped_outside_d1_program_interval
st_thomas,2021-22,,,,0.0,,,,,,,,St. Thomas,False,True,2021-22,2025-26,Official D1 transition record,https://ncaaorg.s3.amazonaws.com/research/sportpart/2023-24RES_NCAAMembershipBreakdown.pdf,2025-26,"2023-24 report lists year 3; full-member date is planned date in that report, not a current eligibility determination.",2026-09-30,True,kept_known_d1_program
st_thomas,2022-23,,,,0.0,,,,,,,,St. Thomas,False,True,2021-22,2025-26,Official D1 transition record,https://ncaaorg.s3.amazonaws.com/research/sportpart/2023-24RES_NCAAMembershipBreakdown.pdf,2025-26,"2023-24 report lists year 3; full-member date is planned date in that report, not a current eligibility determination.",2026-09-30,True,kept_known_d1_program
st_thomas,2023-24,,,,0.0,,,,,,,,St. Thomas,False,True,2021-22,2025-26,Official D1 transition record,https://ncaaorg.s3.amazonaws.com/research/sportpart/2023-24RES_NCAAMembershipBreakdown.pdf,2025-26,"2023-24 report lists year 3; full-member date is planned date in that report, not a current eligibility determination.",2026-09-30,True,kept_known_d1_program
st_thomas,2024-25,,,,0.0,,,,,,,,St. Thomas,False,True,2021-22,2025-26,Official D1 transition record,https://ncaaorg.s3.amazonaws.com/research/sportpart/2023-24RES_NCAAMembershipBreakdown.pdf,2025-26,"2023-24 report lists year 3; full-member date is planned date in that report, not a current eligibility determination.",2026-09-30,True,kept_known_d1_program
stetson,2020-21,,,,0.0,,,,,,,,Stetson,False,True,2017-18,2025-26,Known established D1 program; appears in official D1 final standings elsewhere in window; reviewed for entry/exit and name continuity.,https://dxbhsrqyrr690.cloudfront.net/sidearm.nextgen.sites/nacda.com/documents/2018/7/18/June29overallDI.pdf,"2017-18, 2018-19, 2021-22, 2022-23, 2023-24, 2024-25, 2025-26",Bounds clipped to study window. Not an independent annual membership certification.,2026-09-30,True,kept_known_d1_program
stonehill,2017-18,,,,0.0,,,,,,,,Stonehill,False,True,2022-23,2025-26,Official D1 transition record,https://ncaaorg.s3.amazonaws.com/research/sportpart/2023-24RES_NCAAMembershipBreakdown.pdf,"2023-24, 2025-26","2023-24 report lists year 2; full-member date is planned date in that report, not a current eligibility determination.",2026-09-30,False,dropped_outside_d1_program_interval
stonehill,2018-19,,,,0.0,,,,,,,,Stonehill,False,True,2022-23,2025-26,Official D1 transition record,https://ncaaorg.s3.amazonaws.com/research/sportpart/2023-24RES_NCAAMembershipBreakdown.pdf,"2023-24, 2025-26","2023-24 report lists year 2; full-member date is planned date in that report, not a current eligibility determination.",2026-09-30,False,dropped_outside_d1_program_interval
stonehill,2020-21,,,,0.0,,,,,,,,Stonehill,False,True,2022-23,2025-26,Official D1 transition record,https://ncaaorg.s3.amazonaws.com/research/sportpart/2023-24RES_NCAAMembershipBreakdown.pdf,"2023-24, 2025-26","2023-24 report lists year 2; full-member date is planned date in that report, not a current eligibility determination.",2026-09-30,False,dropped_outside_d1_program_interval
stonehill,2021-22,,,,0.0,,,,,,,,Stonehill,False,True,2022-23,2025-26,Official D1 transition record,https://ncaaorg.s3.amazonaws.com/research/sportpart/2023-24RES_NCAAMembershipBreakdown.pdf,"2023-24, 2025-26","2023-24 report lists year 2; full-member date is planned date in that report, not a current eligibility determination.",2026-09-30,False,dropped_outside_d1_program_interval
stonehill,2022-23,,,,0.0,,,,,,,,Stonehill,False,True,2022-23,2025-26,Official D1 transition record,https://ncaaorg.s3.amazonaws.com/research/sportpart/2023-24RES_NCAAMembershipBreakdown.pdf,"2023-24, 2025-26","2023-24 report lists year 2; full-member date is planned date in that report, not a current eligibility determination.",2026-09-30,True,kept_known_d1_program
stonehill,2024-25,,,,0.0,,,,,,,,Stonehill,False,True,2022-23,2025-26,Official D1 transition record,https://ncaaorg.s3.amazonaws.com/research/sportpart/2023-24RES_NCAAMembershipBreakdown.pdf,"2023-24, 2025-26","2023-24 report lists year 2; full-member date is planned date in that report, not a current eligibility determination.",2026-09-30,True,kept_known_d1_program
tarleton_state,2017-18,,,,0.0,,,,,,,,Tarleton State,False,True,2020-21,2025-26,Official D1 transition record,https://ncaaorg.s3.amazonaws.com/research/sportpart/2023-24RES_NCAAMembershipBreakdown.pdf,"2024-25, 2025-26",2023-24 NCAA report lists year 4 of D1 transition.,2026-09-30,False,dropped_outside_d1_program_interval
tarleton_state,2018-19,,,,0.0,,,,,,,,Tarleton State,False,True,2020-21,2025-26,Official D1 transition record,https://ncaaorg.s3.amazonaws.com/research/sportpart/2023-24RES_NCAAMembershipBreakdown.pdf,"2024-25, 2025-26",2023-24 NCAA report lists year 4 of D1 transition.,2026-09-30,False,dropped_outside_d1_program_interval
tarleton_state,2020-21,,,,0.0,,,,,,,,Tarleton State,False,True,2020-21,2025-26,Official D1 transition record,https://ncaaorg.s3.amazonaws.com/research/sportpart/2023-24RES_NCAAMembershipBreakdown.pdf,"2024-25, 2025-26",2023-24 NCAA report lists year 4 of D1 transition.,2026-09-30,True,kept_known_d1_program
tarleton_state,2021-22,,,,0.0,,,,,,,,Tarleton State,False,True,2020-21,2025-26,Official D1 transition record,https://ncaaorg.s3.amazonaws.com/research/sportpart/2023-24RES_NCAAMembershipBreakdown.pdf,"2024-25, 2025-26",2023-24 NCAA report lists year 4 of D1 transition.,2026-09-30,True,kept_known_d1_program
tarleton_state,2022-23,,,,0.0,,,,,,,,Tarleton State,False,True,2020-21,2025-26,Official D1 transition record,https://ncaaorg.s3.amazonaws.com/research/sportpart/2023-24RES_NCAAMembershipBreakdown.pdf,"2024-25, 2025-26",2023-24 NCAA report lists year 4 of D1 transition.,2026-09-30,True,kept_known_d1_program
tarleton_state,2023-24,,,,0.0,,,,,,,,Tarleton State,False,True,2020-21,2025-26,Official D1 transition record,https://ncaaorg.s3.amazonaws.com/research/sportpart/2023-24RES_NCAAMembershipBreakdown.pdf,"2024-25, 2025-26",2023-24 NCAA report lists year 4 of D1 transition.,2026-09-30,True,kept_known_d1_program
temple,2025-26,,,,0.0,,,,,,,,Temple,False,True,2017-18,2025-26,Known established D1 program; appears in official D1 final standings elsewhere in window; reviewed for entry/exit and name continuity.,https://dxbhsrqyrr690.cloudfront.net/sidearm.nextgen.sites/nacda.com/documents/2018/7/18/June29overallDI.pdf,"2017-18, 2018-19, 2020-21, 2021-22, 2022-23, 2023-24, 2024-25",Bounds clipped to study window. Not an independent annual membership certification.,2026-09-30,True,kept_known_d1_program
tennessee_martin,2017-18,,,,0.0,,,,,,,,Tennessee Martin,False,True,2017-18,2025-26,Known established D1 program; appears in official D1 final standings elsewhere in window; reviewed for entry/exit and name continuity.,https://dxbhsrqyrr690.cloudfront.net/sidearm.nextgen.sites/nacda.com/documents/2021/7/1/July2OverallDI.pdf,"2020-21, 2021-22, 2022-23, 2023-24, 2024-25",Bounds clipped to study window. Not an independent annual membership certification.,2026-09-30,True,kept_known_d1_program
tennessee_martin,2018-19,,,,0.0,,,,,,,,Tennessee Martin,False,True,2017-18,2025-26,Known established D1 program; appears in official D1 final standings elsewhere in window; reviewed for entry/exit and name continuity.,https://dxbhsrqyrr690.cloudfront.net/sidearm.nextgen.sites/nacda.com/documents/2021/7/1/July2OverallDI.pdf,"2020-21, 2021-22, 2022-23, 2023-24, 2024-25",Bounds clipped to study window. Not an independent annual membership certification.,2026-09-30,True,kept_known_d1_program
tennessee_martin,2025-26,,,,0.0,,,,,,,,Tennessee Martin,False,True,2017-18,2025-26,Known established D1 program; appears in official D1 final standings elsewhere in window; reviewed for entry/exit and name continuity.,https://dxbhsrqyrr690.cloudfront.net/sidearm.nextgen.sites/nacda.com/documents/2021/7/1/July2OverallDI.pdf,"2020-21, 2021-22, 2022-23, 2023-24, 2024-25",Bounds clipped to study window. Not an independent annual membership certification.,2026-09-30,True,kept_known_d1_program
tennessee_state,2017-18,,,,0.0,,,,,,,,Tennessee State,False,True,2017-18,2025-26,Known established D1 program; appears in official D1 final standings elsewhere in window; reviewed for entry/exit and name continuity.,https://dxbhsrqyrr690.cloudfront.net/sidearm.nextgen.sites/nacda.com/documents/2022/6/30/FinalDIstandings.pdf,"2021-22, 2022-23, 2024-25, 2025-26",Bounds clipped to study window. Not an independent annual membership certification.,2026-09-30,True,kept_known_d1_program
tennessee_state,2018-19,,,,0.0,,,,,,,,Tennessee State,False,True,2017-18,2025-26,Known established D1 program; appears in official D1 final standings elsewhere in window; reviewed for entry/exit and name continuity.,https://dxbhsrqyrr690.cloudfront.net/sidearm.nextgen.sites/nacda.com/documents/2022/6/30/FinalDIstandings.pdf,"2021-22, 2022-23, 2024-25, 2025-26",Bounds clipped to study window. Not an independent annual membership certification.,2026-09-30,True,kept_known_d1_program
tennessee_state,2020-21,,,,0.0,,,,,,,,Tennessee State,False,True,2017-18,2025-26,Known established D1 program; appears in official D1 final standings elsewhere in window; reviewed for entry/exit and name continuity.,https://dxbhsrqyrr690.cloudfront.net/sidearm.nextgen.sites/nacda.com/documents/2022/6/30/FinalDIstandings.pdf,"2021-22, 2022-23, 2024-25, 2025-26",Bounds clipped to study window. Not an independent annual membership certification.,2026-09-30,True,kept_known_d1_program
tennessee_state,2023-24,,,,0.0,,,,,,,,Tennessee State,False,True,2017-18,2025-26,Known established D1 program; appears in official D1 final standings elsewhere in window; reviewed for entry/exit and name continuity.,https://dxbhsrqyrr690.cloudfront.net/sidearm.nextgen.sites/nacda.com/documents/2022/6/30/FinalDIstandings.pdf,"2021-22, 2022-23, 2024-25, 2025-26",Bounds clipped to study window. Not an independent annual membership certification.,2026-09-30,True,kept_known_d1_program
tennessee_tech,2020-21,,,,0.0,,,,,,,,Tennessee Tech,False,True,2017-18,2025-26,Known established D1 program; appears in official D1 final standings elsewhere in window; reviewed for entry/exit and name continuity.,https://dxbhsrqyrr690.cloudfront.net/sidearm.nextgen.sites/nacda.com/documents/2018/7/18/June29overallDI.pdf,"2017-18, 2018-19, 2021-22, 2022-23, 2023-24, 2024-25, 2025-26",Bounds clipped to study window. Not an independent annual membership certification.,2026-09-30,True,kept_known_d1_program
texas_a_m_corpus_christi,2017-18,,,,0.0,,,,,,,,Texas A&M Corpus Christi,False,True,2017-18,2025-26,Known established D1 program; appears in official D1 final standings elsewhere in window; reviewed for entry/exit and name continuity.,https://dxbhsrqyrr690.cloudfront.net/sidearm.nextgen.sites/nacda.com/documents/2019/6/27/June28DIOverall.pdf,"2018-19, 2020-21, 2021-22, 2022-23, 2023-24, 2024-25, 2025-26",Bounds clipped to study window. Not an independent annual membership certification.,2026-09-30,True,kept_known_d1_program
texas_arlington,2018-19,,,,0.0,,,,,,,,Texas Arlington,False,True,2017-18,2025-26,Known established D1 program; appears in official D1 final standings elsewhere in window; reviewed for entry/exit and name continuity.,https://dxbhsrqyrr690.cloudfront.net/sidearm.nextgen.sites/nacda.com/documents/2018/7/18/June29overallDI.pdf,"2017-18, 2020-21, 2021-22, 2022-23, 2023-24, 2024-25",Bounds clipped to study window. Not an independent annual membership certification.,2026-09-30,True,kept_known_d1_program
texas_arlington,2025-26,,,,0.0,,,,,,,,Texas Arlington,False,True,2017-18,2025-26,Known established D1 program; appears in official D1 final standings elsewhere in window; reviewed for entry/exit and name continuity.,https://dxbhsrqyrr690.cloudfront.net/sidearm.nextgen.sites/nacda.com/documents/2018/7/18/June29overallDI.pdf,"2017-18, 2020-21, 2021-22, 2022-23, 2023-24, 2024-25",Bounds clipped to study window. Not an independent annual membership certification.,2026-09-30,True,kept_known_d1_program
texas_southern,2018-19,,,,0.0,,,,,,,,Texas Southern,False,True,2017-18,2025-26,Known established D1 program; appears in official D1 final standings elsewhere in window; reviewed for entry/exit and name continuity.,https://dxbhsrqyrr690.cloudfront.net/sidearm.nextgen.sites/nacda.com/documents/2018/7/18/June29overallDI.pdf,"2017-18, 2020-21, 2021-22, 2022-23",Bounds clipped to study window. Not an independent annual membership certification.,2026-09-30,True,kept_known_d1_program
texas_southern,2023-24,,,,0.0,,,,,,,,Texas Southern,False,True,2017-18,2025-26,Known established D1 program; appears in official D1 final standings elsewhere in window; reviewed for entry/exit and name continuity.,https://dxbhsrqyrr690.cloudfront.net/sidearm.nextgen.sites/nacda.com/documents/2018/7/18/June29overallDI.pdf,"2017-18, 2020-21, 2021-22, 2022-23",Bounds clipped to study window. Not an independent annual membership certification.,2026-09-30,True,kept_known_d1_program
texas_southern,2024-25,,,,0.0,,,,,,,,Texas Southern,False,True,2017-18,2025-26,Known established D1 program; appears in official D1 final standings elsewhere in window; reviewed for entry/exit and name continuity.,https://dxbhsrqyrr690.cloudfront.net/sidearm.nextgen.sites/nacda.com/documents/2018/7/18/June29overallDI.pdf,"2017-18, 2020-21, 2021-22, 2022-23",Bounds clipped to study window. Not an independent annual membership certification.,2026-09-30,True,kept_known_d1_program
texas_southern,2025-26,,,,0.0,,,,,,,,Texas Southern,False,True,2017-18,2025-26,Known established D1 program; appears in official D1 final standings elsewhere in window; reviewed for entry/exit and name continuity.,https://dxbhsrqyrr690.cloudfront.net/sidearm.nextgen.sites/nacda.com/documents/2018/7/18/June29overallDI.pdf,"2017-18, 2020-21, 2021-22, 2022-23",Bounds clipped to study window. Not an independent annual membership certification.,2026-09-30,True,kept_known_d1_program
toledo,2020-21,,,,0.0,,,,,,,,Toledo,False,True,2017-18,2025-26,Known established D1 program; appears in official D1 final standings elsewhere in window; reviewed for entry/exit and name continuity.,https://dxbhsrqyrr690.cloudfront.net/sidearm.nextgen.sites/nacda.com/documents/2018/7/18/June29overallDI.pdf,"2017-18, 2018-19, 2021-22, 2022-23, 2023-24, 2024-25, 2025-26",Bounds clipped to study window. Not an independent annual membership certification.,2026-09-30,True,kept_known_d1_program
towson,2025-26,,,,0.0,,,,,,,,Towson,False,True,2017-18,2025-26,Known established D1 program; appears in official D1 final standings elsewhere in window; reviewed for entry/exit and name continuity.,https://dxbhsrqyrr690.cloudfront.net/sidearm.nextgen.sites/nacda.com/documents/2018/7/18/June29overallDI.pdf,"2017-18, 2018-19, 2020-21, 2021-22, 2022-23, 2023-24, 2024-25",Bounds clipped to study window. Not an independent annual membership certification.,2026-09-30,True,kept_known_d1_program
troy,2021-22,,,,0.0,,,,,,,,Troy,False,True,2017-18,2025-26,Known established D1 program; appears in official D1 final standings elsewhere in window; reviewed for entry/exit and name continuity.,https://dxbhsrqyrr690.cloudfront.net/sidearm.nextgen.sites/nacda.com/documents/2018/7/18/June29overallDI.pdf,"2017-18, 2018-19, 2020-21, 2022-23, 2023-24, 2024-25, 2025-26",Bounds clipped to study window. Not an independent annual membership certification.,2026-09-30,True,kept_known_d1_program
uab,2024-25,,,,0.0,,,,,,,,UAB,False,True,2017-18,2025-26,Known established D1 program; appears in official D1 final standings elsewhere in window; reviewed for entry/exit and name continuity.,https://dxbhsrqyrr690.cloudfront.net/sidearm.nextgen.sites/nacda.com/documents/2018/7/18/June29overallDI.pdf,"2017-18, 2018-19, 2020-21, 2021-22, 2022-23, 2023-24",Bounds clipped to study window. Not an independent annual membership certification.,2026-09-30,True,kept_known_d1_program
uab,2025-26,,,,0.0,,,,,,,,UAB,False,True,2017-18,2025-26,Known established D1 program; appears in official D1 final standings elsewhere in window; reviewed for entry/exit and name continuity.,https://dxbhsrqyrr690.cloudfront.net/sidearm.nextgen.sites/nacda.com/documents/2018/7/18/June29overallDI.pdf,"2017-18, 2018-19, 2020-21, 2021-22, 2022-23, 2023-24",Bounds clipped to study window. Not an independent annual membership certification.,2026-09-30,True,kept_known_d1_program
uc_davis,2023-24,,,,0.0,,,,,,,,UC Davis,False,True,2017-18,2025-26,Known established D1 program; appears in official D1 final standings elsewhere in window; reviewed for entry/exit and name continuity.,https://dxbhsrqyrr690.cloudfront.net/sidearm.nextgen.sites/nacda.com/documents/2018/7/18/June29overallDI.pdf,"2017-18, 2018-19, 2020-21, 2021-22, 2022-23, 2024-25, 2025-26",Bounds clipped to study window. Not an independent annual membership certification.,2026-09-30,True,kept_known_d1_program
uc_riverside,2017-18,,,,0.0,,,,,,,,UC Riverside,False,True,2017-18,2025-26,Known established D1 program; appears in official D1 final standings elsewhere in window; reviewed for entry/exit and name continuity.,https://dxbhsrqyrr690.cloudfront.net/sidearm.nextgen.sites/nacda.com/documents/2019/6/27/June28DIOverall.pdf,"2018-19, 2022-23, 2025-26",Bounds clipped to study window. Not an independent annual membership certification.,2026-09-30,True,kept_known_d1_program
uc_riverside,2020-21,,,,0.0,,,,,,,,UC Riverside,False,True,2017-18,2025-26,Known established D1 program; appears in official D1 final standings elsewhere in window; reviewed for entry/exit and name continuity.,https://dxbhsrqyrr690.cloudfront.net/sidearm.nextgen.sites/nacda.com/documents/2019/6/27/June28DIOverall.pdf,"2018-19, 2022-23, 2025-26",Bounds clipped to study window. Not an independent annual membership certification.,2026-09-30,True,kept_known_d1_program
uc_riverside,2021-22,,,,0.0,,,,,,,,UC Riverside,False,True,2017-18,2025-26,Known established D1 program; appears in official D1 final standings elsewhere in window; reviewed for entry/exit and name continuity.,https://dxbhsrqyrr690.cloudfront.net/sidearm.nextgen.sites/nacda.com/documents/2019/6/27/June28DIOverall.pdf,"2018-19, 2022-23, 2025-26",Bounds clipped to study window. Not an independent annual membership certification.,2026-09-30,True,kept_known_d1_program
uc_riverside,2023-24,,,,0.0,,,,,,,,UC Riverside,False,True,2017-18,2025-26,Known established D1 program; appears in official D1 final standings elsewhere in window; reviewed for entry/exit and name continuity.,https://dxbhsrqyrr690.cloudfront.net/sidearm.nextgen.sites/nacda.com/documents/2019/6/27/June28DIOverall.pdf,"2018-19, 2022-23, 2025-26",Bounds clipped to study window. Not an independent annual membership certification.,2026-09-30,True,kept_known_d1_program
uc_riverside,2024-25,,,,0.0,,,,,,,,UC Riverside,False,True,2017-18,2025-26,Known established D1 program; appears in official D1 final standings elsewhere in window; reviewed for entry/exit and name continuity.,https://dxbhsrqyrr690.cloudfront.net/sidearm.nextgen.sites/nacda.com/documents/2019/6/27/June28DIOverall.pdf,"2018-19, 2022-23, 2025-26",Bounds clipped to study window. Not an independent annual membership certification.,2026-09-30,True,kept_known_d1_program
uc_san_diego,2017-18,,,,0.0,,,,,,,,UC San Diego,False,True,2020-21,2025-26,Official D1 transition record,https://ncaaorg.s3.amazonaws.com/research/sportpart/2023-24RES_NCAAMembershipBreakdown.pdf,"2020-21, 2021-22, 2022-23, 2023-24, 2024-25, 2025-26",2023-24 NCAA report lists year 4 of D1 transition.,2026-09-30,False,dropped_outside_d1_program_interval
uc_san_diego,2018-19,,,,0.0,,,,,,,,UC San Diego,False,True,2020-21,2025-26,Official D1 transition record,https://ncaaorg.s3.amazonaws.com/research/sportpart/2023-24RES_NCAAMembershipBreakdown.pdf,"2020-21, 2021-22, 2022-23, 2023-24, 2024-25, 2025-26",2023-24 NCAA report lists year 4 of D1 transition.,2026-09-30,False,dropped_outside_d1_program_interval
umbc,2024-25,,,,0.0,,,,,,,,UMBC,False,True,2017-18,2025-26,Known established D1 program; appears in official D1 final standings elsewhere in window; reviewed for entry/exit and name continuity.,https://dxbhsrqyrr690.cloudfront.net/sidearm.nextgen.sites/nacda.com/documents/2018/7/18/June29overallDI.pdf,"2017-18, 2018-19, 2020-21, 2021-22, 2022-23, 2023-24, 2025-26",Bounds clipped to study window. Not an independent annual membership certification.,2026-09-30,True,kept_known_d1_program
umkc,2020-21,,,,0.0,,,,,,,,UMKC,False,True,2017-18,2025-26,Known established D1 program; appears in official D1 final standings elsewhere in window; reviewed for entry/exit and name continuity.,https://dxbhsrqyrr690.cloudfront.net/sidearm.nextgen.sites/nacda.com/documents/2018/7/18/June29overallDI.pdf,"2017-18, 2018-19, 2022-23, 2023-24, 2024-25, 2025-26",Bounds clipped to study window. Not an independent annual membership certification.,2026-09-30,True,kept_known_d1_program
umkc,2021-22,,,,0.0,,,,,,,,UMKC,False,True,2017-18,2025-26,Known established D1 program; appears in official D1 final standings elsewhere in window; reviewed for entry/exit and name continuity.,https://dxbhsrqyrr690.cloudfront.net/sidearm.nextgen.sites/nacda.com/documents/2018/7/18/June29overallDI.pdf,"2017-18, 2018-19, 2022-23, 2023-24, 2024-25, 2025-26",Bounds clipped to study window. Not an independent annual membership certification.,2026-09-30,True,kept_known_d1_program
utep,2018-19,,,,0.0,,,,,,,,UTEP,False,True,2017-18,2025-26,Known established D1 program; appears in official D1 final standings elsewhere in window; reviewed for entry/exit and name continuity.,https://dxbhsrqyrr690.cloudfront.net/sidearm.nextgen.sites/nacda.com/documents/2018/7/18/June29overallDI.pdf,"2017-18, 2020-21, 2021-22, 2022-23, 2024-25, 2025-26",Bounds clipped to study window. Not an independent annual membership certification.,2026-09-30,True,kept_known_d1_program
utep,2023-24,,,,0.0,,,,,,,,UTEP,False,True,2017-18,2025-26,Known established D1 program; appears in official D1 final standings elsewhere in window; reviewed for entry/exit and name continuity.,https://dxbhsrqyrr690.cloudfront.net/sidearm.nextgen.sites/nacda.com/documents/2018/7/18/June29overallDI.pdf,"2017-18, 2020-21, 2021-22, 2022-23, 2024-25, 2025-26",Bounds clipped to study window. Not an independent annual membership certification.,2026-09-30,True,kept_known_d1_program
utrgv,2017-18,,,,0.0,,,,,,,,UTRGV,False,True,2017-18,2025-26,Known established D1 program; appears in official D1 final standings elsewhere in window; reviewed for entry/exit and name continuity.,https://dxbhsrqyrr690.cloudfront.net/sidearm.nextgen.sites/nacda.com/documents/2026/6/24/25.26DI_Final.pdf,2025-26,Bounds clipped to study window. Not an independent annual membership certification.,2026-09-30,True,kept_known_d1_program
utrgv,2018-19,,,,0.0,,,,,,,,UTRGV,False,True,2017-18,2025-26,Known established D1 program; appears in official D1 final standings elsewhere in window; reviewed for entry/exit and name continuity.,https://dxbhsrqyrr690.cloudfront.net/sidearm.nextgen.sites/nacda.com/documents/2026/6/24/25.26DI_Final.pdf,2025-26,Bounds clipped to study window. Not an independent annual membership certification.,2026-09-30,True,kept_known_d1_program
utrgv,2020-21,,,,0.0,,,,,,,,UTRGV,False,True,2017-18,2025-26,Known established D1 program; appears in official D1 final standings elsewhere in window; reviewed for entry/exit and name continuity.,https://dxbhsrqyrr690.cloudfront.net/sidearm.nextgen.sites/nacda.com/documents/2026/6/24/25.26DI_Final.pdf,2025-26,Bounds clipped to study window. Not an independent annual membership certification.,2026-09-30,True,kept_known_d1_program
utrgv,2021-22,,,,0.0,,,,,,,,UTRGV,False,True,2017-18,2025-26,Known established D1 program; appears in official D1 final standings elsewhere in window; reviewed for entry/exit and name continuity.,https://dxbhsrqyrr690.cloudfront.net/sidearm.nextgen.sites/nacda.com/documents/2026/6/24/25.26DI_Final.pdf,2025-26,Bounds clipped to study window. Not an independent annual membership certification.,2026-09-30,True,kept_known_d1_program
utrgv,2022-23,,,,0.0,,,,,,,,UTRGV,False,True,2017-18,2025-26,Known established D1 program; appears in official D1 final standings elsewhere in window; reviewed for entry/exit and name continuity.,https://dxbhsrqyrr690.cloudfront.net/sidearm.nextgen.sites/nacda.com/documents/2026/6/24/25.26DI_Final.pdf,2025-26,Bounds clipped to study window. Not an independent annual membership certification.,2026-09-30,True,kept_known_d1_program
utrgv,2023-24,,,,0.0,,,,,,,,UTRGV,False,True,2017-18,2025-26,Known established D1 program; appears in official D1 final standings elsewhere in window; reviewed for entry/exit and name continuity.,https://dxbhsrqyrr690.cloudfront.net/sidearm.nextgen.sites/nacda.com/documents/2026/6/24/25.26DI_Final.pdf,2025-26,Bounds clipped to study window. Not an independent annual membership certification.,2026-09-30,True,kept_known_d1_program
utrgv,2024-25,,,,0.0,,,,,,,,UTRGV,False,True,2017-18,2025-26,Known established D1 program; appears in official D1 final standings elsewhere in window; reviewed for entry/exit and name continuity.,https://dxbhsrqyrr690.cloudfront.net/sidearm.nextgen.sites/nacda.com/documents/2026/6/24/25.26DI_Final.pdf,2025-26,Bounds clipped to study window. Not an independent annual membership certification.,2026-09-30,True,kept_known_d1_program
valparaiso,2017-18,,,,0.0,,,,,,,,Valparaiso,False,True,2017-18,2025-26,Known established D1 program; appears in official D1 final standings elsewhere in window; reviewed for entry/exit and name continuity.,https://dxbhsrqyrr690.cloudfront.net/sidearm.nextgen.sites/nacda.com/documents/2024/6/26/23.24FinalDI.pdf,2023-24,Bounds clipped to study window. Not an independent annual membership certification.,2026-09-30,True,kept_known_d1_program
valparaiso,2018-19,,,,0.0,,,,,,,,Valparaiso,False,True,2017-18,2025-26,Known established D1 program; appears in official D1 final standings elsewhere in window; reviewed for entry/exit and name continuity.,https://dxbhsrqyrr690.cloudfront.net/sidearm.nextgen.sites/nacda.com/documents/2024/6/26/23.24FinalDI.pdf,2023-24,Bounds clipped to study window. Not an independent annual membership certification.,2026-09-30,True,kept_known_d1_program
valparaiso,2020-21,,,,0.0,,,,,,,,Valparaiso,False,True,2017-18,2025-26,Known established D1 program; appears in official D1 final standings elsewhere in window; reviewed for entry/exit and name continuity.,https://dxbhsrqyrr690.cloudfront.net/sidearm.nextgen.sites/nacda.com/documents/2024/6/26/23.24FinalDI.pdf,2023-24,Bounds clipped to study window. Not an independent annual membership certification.,2026-09-30,True,kept_known_d1_program
valparaiso,2021-22,,,,0.0,,,,,,,,Valparaiso,False,True,2017-18,2025-26,Known established D1 program; appears in official D1 final standings elsewhere in window; reviewed for entry/exit and name continuity.,https://dxbhsrqyrr690.cloudfront.net/sidearm.nextgen.sites/nacda.com/documents/2024/6/26/23.24FinalDI.pdf,2023-24,Bounds clipped to study window. Not an independent annual membership certification.,2026-09-30,True,kept_known_d1_program
valparaiso,2022-23,,,,0.0,,,,,,,,Valparaiso,False,True,2017-18,2025-26,Known established D1 program; appears in official D1 final standings elsewhere in window; reviewed for entry/exit and name continuity.,https://dxbhsrqyrr690.cloudfront.net/sidearm.nextgen.sites/nacda.com/documents/2024/6/26/23.24FinalDI.pdf,2023-24,Bounds clipped to study window. Not an independent annual membership certification.,2026-09-30,True,kept_known_d1_program
valparaiso,2024-25,,,,0.0,,,,,,,,Valparaiso,False,True,2017-18,2025-26,Known established D1 program; appears in official D1 final standings elsewhere in window; reviewed for entry/exit and name continuity.,https://dxbhsrqyrr690.cloudfront.net/sidearm.nextgen.sites/nacda.com/documents/2024/6/26/23.24FinalDI.pdf,2023-24,Bounds clipped to study window. Not an independent annual membership certification.,2026-09-30,True,kept_known_d1_program
valparaiso,2025-26,,,,0.0,,,,,,,,Valparaiso,False,True,2017-18,2025-26,Known established D1 program; appears in official D1 final standings elsewhere in window; reviewed for entry/exit and name continuity.,https://dxbhsrqyrr690.cloudfront.net/sidearm.nextgen.sites/nacda.com/documents/2024/6/26/23.24FinalDI.pdf,2023-24,Bounds clipped to study window. Not an independent annual membership certification.,2026-09-30,True,kept_known_d1_program
virginia_military_institute,2017-18,,,,0.0,,,,,,,,Virginia Military Institute,False,True,2017-18,2025-26,Known established D1 program; appears in official D1 final standings elsewhere in window; reviewed for entry/exit and name continuity.,https://dxbhsrqyrr690.cloudfront.net/sidearm.nextgen.sites/nacda.com/documents/2021/7/1/July2OverallDI.pdf,"2020-21, 2023-24",Bounds clipped to study window. Not an independent annual membership certification.,2026-09-30,True,kept_known_d1_program
virginia_military_institute,2018-19,,,,0.0,,,,,,,,Virginia Military Institute,False,True,2017-18,2025-26,Known established D1 program; appears in official D1 final standings elsewhere in window; reviewed for entry/exit and name continuity.,https://dxbhsrqyrr690.cloudfront.net/sidearm.nextgen.sites/nacda.com/documents/2021/7/1/July2OverallDI.pdf,"2020-21, 2023-24",Bounds clipped to study window. Not an independent annual membership certification.,2026-09-30,True,kept_known_d1_program
virginia_military_institute,2021-22,,,,0.0,,,,,,,,Virginia Military Institute,False,True,2017-18,2025-26,Known established D1 program; appears in official D1 final standings elsewhere in window; reviewed for entry/exit and name continuity.,https://dxbhsrqyrr690.cloudfront.net/sidearm.nextgen.sites/nacda.com/documents/2021/7/1/July2OverallDI.pdf,"2020-21, 2023-24",Bounds clipped to study window. Not an independent annual membership certification.,2026-09-30,True,kept_known_d1_program
virginia_military_institute,2022-23,,,,0.0,,,,,,,,Virginia Military Institute,False,True,2017-18,2025-26,Known established D1 program; appears in official D1 final standings elsewhere in window; reviewed for entry/exit and name continuity.,https://dxbhsrqyrr690.cloudfront.net/sidearm.nextgen.sites/nacda.com/documents/2021/7/1/July2OverallDI.pdf,"2020-21, 2023-24",Bounds clipped to study window. Not an independent annual membership certification.,2026-09-30,True,kept_known_d1_program
virginia_military_institute,2024-25,,,,0.0,,,,,,,,Virginia Military Institute,False,True,2017-18,2025-26,Known established D1 program; appears in official D1 final standings elsewhere in window; reviewed for entry/exit and name continuity.,https://dxbhsrqyrr690.cloudfront.net/sidearm.nextgen.sites/nacda.com/documents/2021/7/1/July2OverallDI.pdf,"2020-21, 2023-24",Bounds clipped to study window. Not an independent annual membership certification.,2026-09-30,True,kept_known_d1_program
virginia_military_institute,2025-26,,,,0.0,,,,,,,,Virginia Military Institute,False,True,2017-18,2025-26,Known established D1 program; appears in official D1 final standings elsewhere in window; reviewed for entry/exit and name continuity.,https://dxbhsrqyrr690.cloudfront.net/sidearm.nextgen.sites/nacda.com/documents/2021/7/1/July2OverallDI.pdf,"2020-21, 2023-24",Bounds clipped to study window. Not an independent annual membership certification.,2026-09-30,True,kept_known_d1_program
wagner,2020-21,,,,0.0,,,,,,,,Wagner,False,True,2017-18,2025-26,Known established D1 program; appears in official D1 final standings elsewhere in window; reviewed for entry/exit and name continuity.,https://dxbhsrqyrr690.cloudfront.net/sidearm.nextgen.sites/nacda.com/documents/2018/7/18/June29overallDI.pdf,"2017-18, 2018-19, 2021-22, 2023-24, 2024-25, 2025-26",Bounds clipped to study window. Not an independent annual membership certification.,2026-09-30,True,kept_known_d1_program
wagner,2022-23,,,,0.0,,,,,,,,Wagner,False,True,2017-18,2025-26,Known established D1 program; appears in official D1 final standings elsewhere in window; reviewed for entry/exit and name continuity.,https://dxbhsrqyrr690.cloudfront.net/sidearm.nextgen.sites/nacda.com/documents/2018/7/18/June29overallDI.pdf,"2017-18, 2018-19, 2021-22, 2023-24, 2024-25, 2025-26",Bounds clipped to study window. Not an independent annual membership certification.,2026-09-30,True,kept_known_d1_program
weber_state,2025-26,,,,0.0,,,,,,,,Weber State,False,True,2017-18,2025-26,Known established D1 program; appears in official D1 final standings elsewhere in window; reviewed for entry/exit and name continuity.,https://dxbhsrqyrr690.cloudfront.net/sidearm.nextgen.sites/nacda.com/documents/2018/7/18/June29overallDI.pdf,"2017-18, 2018-19, 2020-21, 2021-22, 2022-23, 2023-24, 2024-25",Bounds clipped to study window. Not an independent annual membership certification.,2026-09-30,True,kept_known_d1_program
western_carolina,2017-18,,,,0.0,,,,,,,,Western Carolina,False,True,2017-18,2025-26,Known established D1 program; appears in official D1 final standings elsewhere in window; reviewed for entry/exit and name continuity.,https://dxbhsrqyrr690.cloudfront.net/sidearm.nextgen.sites/nacda.com/documents/2024/6/26/23.24FinalDI.pdf,2023-24,Bounds clipped to study window. Not an independent annual membership certification.,2026-09-30,True,kept_known_d1_program
western_carolina,2018-19,,,,0.0,,,,,,,,Western Carolina,False,True,2017-18,2025-26,Known established D1 program; appears in official D1 final standings elsewhere in window; reviewed for entry/exit and name continuity.,https://dxbhsrqyrr690.cloudfront.net/sidearm.nextgen.sites/nacda.com/documents/2024/6/26/23.24FinalDI.pdf,2023-24,Bounds clipped to study window. Not an independent annual membership certification.,2026-09-30,True,kept_known_d1_program
western_carolina,2020-21,,,,0.0,,,,,,,,Western Carolina,False,True,2017-18,2025-26,Known established D1 program; appears in official D1 final standings elsewhere in window; reviewed for entry/exit and name continuity.,https://dxbhsrqyrr690.cloudfront.net/sidearm.nextgen.sites/nacda.com/documents/2024/6/26/23.24FinalDI.pdf,2023-24,Bounds clipped to study window. Not an independent annual membership certification.,2026-09-30,True,kept_known_d1_program
western_carolina,2021-22,,,,0.0,,,,,,,,Western Carolina,False,True,2017-18,2025-26,Known established D1 program; appears in official D1 final standings elsewhere in window; reviewed for entry/exit and name continuity.,https://dxbhsrqyrr690.cloudfront.net/sidearm.nextgen.sites/nacda.com/documents/2024/6/26/23.24FinalDI.pdf,2023-24,Bounds clipped to study window. Not an independent annual membership certification.,2026-09-30,True,kept_known_d1_program
western_carolina,2022-23,,,,0.0,,,,,,,,Western Carolina,False,True,2017-18,2025-26,Known established D1 program; appears in official D1 final standings elsewhere in window; reviewed for entry/exit and name continuity.,https://dxbhsrqyrr690.cloudfront.net/sidearm.nextgen.sites/nacda.com/documents/2024/6/26/23.24FinalDI.pdf,2023-24,Bounds clipped to study window. Not an independent annual membership certification.,2026-09-30,True,kept_known_d1_program
western_carolina,2024-25,,,,0.0,,,,,,,,Western Carolina,False,True,2017-18,2025-26,Known established D1 program; appears in official D1 final standings elsewhere in window; reviewed for entry/exit and name continuity.,https://dxbhsrqyrr690.cloudfront.net/sidearm.nextgen.sites/nacda.com/documents/2024/6/26/23.24FinalDI.pdf,2023-24,Bounds clipped to study window. Not an independent annual membership certification.,2026-09-30,True,kept_known_d1_program
western_carolina,2025-26,,,,0.0,,,,,,,,Western Carolina,False,True,2017-18,2025-26,Known established D1 program; appears in official D1 final standings elsewhere in window; reviewed for entry/exit and name continuity.,https://dxbhsrqyrr690.cloudfront.net/sidearm.nextgen.sites/nacda.com/documents/2024/6/26/23.24FinalDI.pdf,2023-24,Bounds clipped to study window. Not an independent annual membership certification.,2026-09-30,True,kept_known_d1_program
western_illinois,2018-19,,,,0.0,,,,,,,,Western Illinois,False,True,2017-18,2025-26,Known established D1 program; appears in official D1 final standings elsewhere in window; reviewed for entry/exit and name continuity.,https://dxbhsrqyrr690.cloudfront.net/sidearm.nextgen.sites/nacda.com/documents/2018/7/18/June29overallDI.pdf,"2017-18, 2020-21, 2025-26",Bounds clipped to study window. Not an independent annual membership certification.,2026-09-30,True,kept_known_d1_program
western_illinois,2021-22,,,,0.0,,,,,,,,Western Illinois,False,True,2017-18,2025-26,Known established D1 program; appears in official D1 final standings elsewhere in window; reviewed for entry/exit and name continuity.,https://dxbhsrqyrr690.cloudfront.net/sidearm.nextgen.sites/nacda.com/documents/2018/7/18/June29overallDI.pdf,"2017-18, 2020-21, 2025-26",Bounds clipped to study window. Not an independent annual membership certification.,2026-09-30,True,kept_known_d1_program
western_illinois,2022-23,,,,0.0,,,,,,,,Western Illinois,False,True,2017-18,2025-26,Known established D1 program; appears in official D1 final standings elsewhere in window; reviewed for entry/exit and name continuity.,https://dxbhsrqyrr690.cloudfront.net/sidearm.nextgen.sites/nacda.com/documents/2018/7/18/June29overallDI.pdf,"2017-18, 2020-21, 2025-26",Bounds clipped to study window. Not an independent annual membership certification.,2026-09-30,True,kept_known_d1_program
western_illinois,2023-24,,,,0.0,,,,,,,,Western Illinois,False,True,2017-18,2025-26,Known established D1 program; appears in official D1 final standings elsewhere in window; reviewed for entry/exit and name continuity.,https://dxbhsrqyrr690.cloudfront.net/sidearm.nextgen.sites/nacda.com/documents/2018/7/18/June29overallDI.pdf,"2017-18, 2020-21, 2025-26",Bounds clipped to study window. Not an independent annual membership certification.,2026-09-30,True,kept_known_d1_program
western_illinois,2024-25,,,,0.0,,,,,,,,Western Illinois,False,True,2017-18,2025-26,Known established D1 program; appears in official D1 final standings elsewhere in window; reviewed for entry/exit and name continuity.,https://dxbhsrqyrr690.cloudfront.net/sidearm.nextgen.sites/nacda.com/documents/2018/7/18/June29overallDI.pdf,"2017-18, 2020-21, 2025-26",Bounds clipped to study window. Not an independent annual membership certification.,2026-09-30,True,kept_known_d1_program
western_kentucky,2018-19,,,,0.0,,,,,,,,Western Kentucky,False,True,2017-18,2025-26,Known established D1 program; appears in official D1 final standings elsewhere in window; reviewed for entry/exit and name continuity.,https://dxbhsrqyrr690.cloudfront.net/sidearm.nextgen.sites/nacda.com/documents/2018/7/18/June29overallDI.pdf,"2017-18, 2020-21, 2021-22, 2022-23, 2023-24, 2024-25, 2025-26",Bounds clipped to study window. Not an independent annual membership certification.,2026-09-30,True,kept_known_d1_program
william_mary,2025-26,,,,0.0,,,,,,,,William & Mary,False,True,2017-18,2025-26,Known established D1 program; appears in official D1 final standings elsewhere in window; reviewed for entry/exit and name continuity.,https://dxbhsrqyrr690.cloudfront.net/sidearm.nextgen.sites/nacda.com/documents/2018/7/18/June29overallDI.pdf,"2017-18, 2018-19, 2020-21, 2021-22, 2022-23, 2023-24, 2024-25",Bounds clipped to study window. Not an independent annual membership certification.,2026-09-30,True,kept_known_d1_program
winthrop,2021-22,,,,0.0,,,,,,,,Winthrop,False,True,2017-18,2025-26,Known established D1 program; appears in official D1 final standings elsewhere in window; reviewed for entry/exit and name continuity.,https://dxbhsrqyrr690.cloudfront.net/sidearm.nextgen.sites/nacda.com/documents/2018/7/18/June29overallDI.pdf,"2017-18, 2018-19, 2020-21, 2023-24",Bounds clipped to study window. Not an independent annual membership certification.,2026-09-30,True,kept_known_d1_program
winthrop,2022-23,,,,0.0,,,,,,,,Winthrop,False,True,2017-18,2025-26,Known established D1 program; appears in official D1 final standings elsewhere in window; reviewed for entry/exit and name continuity.,https://dxbhsrqyrr690.cloudfront.net/sidearm.nextgen.sites/nacda.com/documents/2018/7/18/June29overallDI.pdf,"2017-18, 2018-19, 2020-21, 2023-24",Bounds clipped to study window. Not an independent annual membership certification.,2026-09-30,True,kept_known_d1_program
winthrop,2024-25,,,,0.0,,,,,,,,Winthrop,False,True,2017-18,2025-26,Known established D1 program; appears in official D1 final standings elsewhere in window; reviewed for entry/exit and name continuity.,https://dxbhsrqyrr690.cloudfront.net/sidearm.nextgen.sites/nacda.com/documents/2018/7/18/June29overallDI.pdf,"2017-18, 2018-19, 2020-21, 2023-24",Bounds clipped to study window. Not an independent annual membership certification.,2026-09-30,True,kept_known_d1_program
winthrop,2025-26,,,,0.0,,,,,,,,Winthrop,False,True,2017-18,2025-26,Known established D1 program; appears in official D1 final standings elsewhere in window; reviewed for entry/exit and name continuity.,https://dxbhsrqyrr690.cloudfront.net/sidearm.nextgen.sites/nacda.com/documents/2018/7/18/June29overallDI.pdf,"2017-18, 2018-19, 2020-21, 2023-24",Bounds clipped to study window. Not an independent annual membership certification.,2026-09-30,True,kept_known_d1_program
wisconsin_green_bay,2020-21,,,,0.0,,,,,,,,Wisconsin Green Bay,False,True,2017-18,2025-26,Known established D1 program; appears in official D1 final standings elsewhere in window; reviewed for entry/exit and name continuity.,https://dxbhsrqyrr690.cloudfront.net/sidearm.nextgen.sites/nacda.com/documents/2018/7/18/June29overallDI.pdf,"2017-18, 2018-19, 2021-22, 2022-23, 2023-24, 2024-25, 2025-26",Bounds clipped to study window. Not an independent annual membership certification.,2026-09-30,True,kept_known_d1_program
wisconsin_milwaukee,2017-18,,,,0.0,,,,,,,,Wisconsin Milwaukee,False,True,2017-18,2025-26,Known established D1 program; appears in official D1 final standings elsewhere in window; reviewed for entry/exit and name continuity.,https://dxbhsrqyrr690.cloudfront.net/sidearm.nextgen.sites/nacda.com/documents/2019/6/27/June28DIOverall.pdf,"2018-19, 2020-21, 2021-22, 2022-23, 2023-24, 2024-25, 2025-26",Bounds clipped to study window. Not an independent annual membership certification.,2026-09-30,True,kept_known_d1_program
wofford,2020-21,,,,0.0,,,,,,,,Wofford,False,True,2017-18,2025-26,Known established D1 program; appears in official D1 final standings elsewhere in window; reviewed for entry/exit and name continuity.,https://dxbhsrqyrr690.cloudfront.net/sidearm.nextgen.sites/nacda.com/documents/2018/7/18/June29overallDI.pdf,"2017-18, 2018-19, 2023-24, 2024-25, 2025-26",Bounds clipped to study window. Not an independent annual membership certification.,2026-09-30,True,kept_known_d1_program
wofford,2021-22,,,,0.0,,,,,,,,Wofford,False,True,2017-18,2025-26,Known established D1 program; appears in official D1 final standings elsewhere in window; reviewed for entry/exit and name continuity.,https://dxbhsrqyrr690.cloudfront.net/sidearm.nextgen.sites/nacda.com/documents/2018/7/18/June29overallDI.pdf,"2017-18, 2018-19, 2023-24, 2024-25, 2025-26",Bounds clipped to study window. Not an independent annual membership certification.,2026-09-30,True,kept_known_d1_program
wofford,2022-23,,,,0.0,,,,,,,,Wofford,False,True,2017-18,2025-26,Known established D1 program; appears in official D1 final standings elsewhere in window; reviewed for entry/exit and name continuity.,https://dxbhsrqyrr690.cloudfront.net/sidearm.nextgen.sites/nacda.com/documents/2018/7/18/June29overallDI.pdf,"2017-18, 2018-19, 2023-24, 2024-25, 2025-26",Bounds clipped to study window. Not an independent annual membership certification.,2026-09-30,True,kept_known_d1_program
yale,2020-21,,,,0.0,,,,,,,,Yale,False,True,2017-18,2025-26,Known established D1 program; appears in official D1 final standings elsewhere in window; reviewed for entry/exit and name continuity.,https://dxbhsrqyrr690.cloudfront.net/sidearm.nextgen.sites/nacda.com/documents/2018/7/18/June29overallDI.pdf,"2017-18, 2018-19, 2021-22, 2022-23, 2023-24, 2024-25, 2025-26",Bounds clipped to study window. Not an independent annual membership certification.,2026-09-30,True,kept_known_d1_program
youngstown_state,2018-19,,,,0.0,,,,,,,,Youngstown State,False,True,2017-18,2025-26,Known established D1 program; appears in official D1 final standings elsewhere in window; reviewed for entry/exit and name continuity.,https://dxbhsrqyrr690.cloudfront.net/sidearm.nextgen.sites/nacda.com/documents/2018/7/18/June29overallDI.pdf,"2017-18, 2020-21, 2021-22, 2022-23, 2023-24, 2024-25, 2025-26",Bounds clipped to study window. Not an independent annual membership certification.,2026-09-30,True,kept_known_d1_program
