school,season,conference,brand,evidence_tier,rank,total_points,points_pctile,in_research_scope,zero_imputed,conference_basis,sponsor_source_url,primary_included,sensitivity_included
Abilene Christian,2017-18,Southland,,unknown,254,28.0,27.155172413793103,False,False,official final standings; spelling normalized,,False,False
Abilene Christian,2018-19,Southland,,unknown,190,75.0,44.714285714285715,False,False,official final standings; spelling normalized,,False,False
Abilene Christian,2020-21,Southland,,unknown,215,50.0,37.28813559322034,False,False,official final standings; spelling normalized,,False,False
Abilene Christian,2021-22,WAC,,unknown,191,81.5,46.478873239436616,False,False,official final standings; spelling normalized,,False,False
Abilene Christian,2022-23,,,unknown,,0.0,7.5418994413407825,False,True,not available; imputed zero year,,False,False
Abilene Christian,2023-24,,,unknown,,0.0,6.460674157303371,False,True,not available; imputed zero year,,False,False
Abilene Christian,2024-25,WAC,,unknown,197,70.0,44.241573033707866,False,False,official final standings; spelling normalized,,False,False
Abilene Christian,2025-26,WAC,,unknown,223,53.0,37.640449438202246,False,False,official final standings; spelling normalized,,False,False
Air Force,2017-18,Mountain West,,unknown,68,345.5,80.74712643678161,False,False,official final standings; spelling normalized,,False,False
Air Force,2018-19,Mountain West,,unknown,67,339.5,81.14285714285714,False,False,official final standings; spelling normalized,,False,False
Air Force,2020-21,Mountain West,,unknown,65,325.25,81.92090395480226,False,False,official final standings; spelling normalized,,False,False
Air Force,2021-22,Mountain West,,unknown,67,354.5,81.40845070422536,False,False,official final standings; spelling normalized,,False,False
Air Force,2022-23,Mountain West,,unknown,66,350.0,81.84357541899442,False,False,official final standings; spelling normalized,,False,False
Air Force,2023-24,Mountain West,,unknown,76,304.0,78.93258426966293,False,False,official final standings; spelling normalized,,False,False
Air Force,2024-25,Mountain West,,unknown,105,174.5,70.64606741573034,False,False,official final standings; spelling normalized,,False,False
Air Force,2025-26,Mountain West,,unknown,77,306.5,78.65168539325843,False,False,official final standings; spelling normalized,,False,False
Akron,2017-18,MAC,,unknown,76,288.25,78.44827586206897,False,False,official final standings; spelling normalized,,False,False
Akron,2018-19,MAC,,unknown,97,189.0,72.57142857142857,False,False,official final standings; spelling normalized,,False,False
Akron,2020-21,MAC,,unknown,235,47.0,33.89830508474576,False,False,official final standings; spelling normalized,,False,False
Akron,2021-22,MAC,,unknown,229,50.0,33.52112676056338,False,False,official final standings; spelling normalized,,False,False
Akron,2022-23,MAC,,unknown,141,126.5,60.893854748603346,False,False,official final standings; spelling normalized,,False,False
Akron,2023-24,MAC,,unknown,210,58.0,41.01123595505618,False,False,official final standings; spelling normalized,,False,False
Akron,2024-25,MAC,,unknown,109,159.5,69.66292134831461,False,False,official final standings; spelling normalized,,False,False
Akron,2025-26,MAC,,unknown,104,173.5,71.06741573033707,False,False,official final standings; spelling normalized,,False,False
Alabama,2017-18,SEC,Nike,A,14,913.0,96.26436781609196,True,False,official final standings; spelling normalized,https://athleticdirectoru.com/articles/cash-is-king-in-intercollegiate-apparel-agreements/,True,True
Alabama,2018-19,SEC,Nike,A,31,721.85,91.42857142857144,True,False,official final standings; spelling normalized,https://www.sportsbusinessjournal.com/Articles/2025/08/28/alabama-quietly-extended-nike-deal-a-few-years-ago-terms-kept-private/?issueId=3MXGPV7JIFCSHHS6YCWC3BPPFM,True,True
Alabama,2020-21,SEC,Nike,A,7,1017.25,98.30508474576273,True,False,official final standings; spelling normalized,https://www.sportsbusinessjournal.com/Articles/2025/08/28/alabama-quietly-extended-nike-deal-a-few-years-ago-terms-kept-private/?issueId=3MXGPV7JIFCSHHS6YCWC3BPPFM,True,True
Alabama,2021-22,SEC,Nike,A,22,841.25,94.08450704225352,True,False,official final standings; spelling normalized,https://www.sportsbusinessjournal.com/Articles/2025/08/28/alabama-quietly-extended-nike-deal-a-few-years-ago-terms-kept-private/?issueId=3MXGPV7JIFCSHHS6YCWC3BPPFM,True,True
Alabama,2022-23,SEC,Nike,A,12,1037.75,96.92737430167595,True,False,official final standings; spelling normalized,https://www.sportsbusinessjournal.com/Articles/2025/08/28/alabama-quietly-extended-nike-deal-a-few-years-ago-terms-kept-private/?issueId=3MXGPV7JIFCSHHS6YCWC3BPPFM,True,True
Alabama,2023-24,SEC,Nike,A,9,1028.88,97.75280898876404,True,False,official final standings; spelling normalized,https://www.sportsbusinessjournal.com/Articles/2025/08/28/alabama-quietly-extended-nike-deal-a-few-years-ago-terms-kept-private/?issueId=3MXGPV7JIFCSHHS6YCWC3BPPFM,True,True
Alabama,2024-25,SEC,Nike,A,22,830.5,94.10112359550564,True,False,official final standings; spelling normalized,https://www.sportsbusinessjournal.com/Articles/2025/08/28/alabama-quietly-extended-nike-deal-a-few-years-ago-terms-kept-private/?issueId=3MXGPV7JIFCSHHS6YCWC3BPPFM,True,True
Alabama,2025-26,SEC,Nike,A,13,968.75,96.62921348314607,True,False,official final standings; spelling normalized,https://www.sportsbusinessjournal.com/Articles/2025/08/28/alabama-quietly-extended-nike-deal-a-few-years-ago-terms-kept-private/?issueId=3MXGPV7JIFCSHHS6YCWC3BPPFM,True,True
Alabama A&M,2017-18,,,unknown,,0.0,8.189655172413794,False,True,not available; imputed zero year,,False,False
Alabama A&M,2018-19,,,unknown,,0.0,8.0,False,True,not available; imputed zero year,,False,False
Alabama A&M,2020-21,SWAC,,unknown,255,25.0,24.43502824858757,False,False,official final standings; spelling normalized,,False,False
Alabama A&M,2021-22,,,unknown,,0.0,8.591549295774648,False,True,not available; imputed zero year,,False,False
Alabama A&M,2022-23,,,unknown,,0.0,7.5418994413407825,False,True,not available; imputed zero year,,False,False
Alabama A&M,2023-24,,,unknown,,0.0,6.460674157303371,False,True,not available; imputed zero year,,False,False
Alabama A&M,2024-25,,,unknown,,0.0,7.584269662921349,False,True,not available; imputed zero year,,False,False
Alabama A&M,2025-26,SWAC,,unknown,265,25.0,21.629213483146067,False,False,official final standings; spelling normalized,,False,False
Alabama State,2017-18,SWAC,,unknown,152,100.0,55.74712643678161,False,False,official final standings; spelling normalized,,False,False
Alabama State,2018-19,SWAC,,unknown,128,122.0,63.714285714285715,False,False,official final standings; spelling normalized,,False,False
Alabama State,2020-21,SWAC,,unknown,182,75.0,47.31638418079096,False,False,official final standings; spelling normalized,,False,False
Alabama State,2021-22,SWAC,,unknown,196,75.0,44.225352112676056,False,False,official final standings; spelling normalized,,False,False
Alabama State,2022-23,SWAC,,unknown,239,48.5,33.5195530726257,False,False,official final standings; spelling normalized,,False,False
Alabama State,2023-24,SWAC,,unknown,173,85.5,51.68539325842697,False,False,official final standings; spelling normalized,,False,False
Alabama State,2024-25,SWAC,,unknown,226,50.0,35.1123595505618,False,False,official final standings; spelling normalized,,False,False
Alabama State,2025-26,SWAC,,unknown,188,75.0,46.48876404494382,False,False,official final standings; spelling normalized,,False,False
Albany,2017-18,America East,,unknown,115,163.0,67.24137931034483,False,False,official final standings; spelling normalized,,False,False
Albany,2018-19,America East,,unknown,159,98.0,54.85714285714286,False,False,official final standings; spelling normalized,,False,False
Albany,2020-21,,,unknown,,0.0,8.757062146892656,False,True,not available; imputed zero year,,False,False
Albany,2021-22,America East,,unknown,266,25.0,21.830985915492956,False,False,official final standings; spelling normalized,,False,False
Albany,2022-23,America East,,unknown,144,123.0,59.91620111731844,False,False,official final standings; spelling normalized,,False,False
Albany,2023-24,America East,,unknown,117,158.0,67.41573033707866,False,False,official final standings; spelling normalized,,False,False
Albany,2024-25,America East,,unknown,197,70.0,44.241573033707866,False,False,official final standings; spelling normalized,,False,False
Albany,2025-26,America East,,unknown,202,70.0,43.11797752808989,False,False,official final standings; spelling normalized,,False,False
Alcorn State,2017-18,,,unknown,,0.0,8.189655172413794,False,True,not available; imputed zero year,,False,False
Alcorn State,2018-19,SWAC,,unknown,266,25.0,21.428571428571427,False,False,official final standings; spelling normalized,,False,False
Alcorn State,2020-21,,,unknown,,0.0,8.757062146892656,False,True,not available; imputed zero year,,False,False
Alcorn State,2021-22,,,unknown,,0.0,8.591549295774648,False,True,not available; imputed zero year,,False,False
Alcorn State,2022-23,,,unknown,,0.0,7.5418994413407825,False,True,not available; imputed zero year,,False,False
Alcorn State,2023-24,,,unknown,,0.0,6.460674157303371,False,True,not available; imputed zero year,,False,False
Alcorn State,2024-25,,,unknown,,0.0,7.584269662921349,False,True,not available; imputed zero year,,False,False
Alcorn State,2025-26,,,unknown,,0.0,7.865168539325842,False,True,not available; imputed zero year,,False,False
American,2017-18,Patriot,,unknown,206,65.5,41.09195402298851,False,False,official final standings; spelling normalized,,False,False
American,2018-19,Patriot,,unknown,178,83.5,49.42857142857143,False,False,official final standings; spelling normalized,,False,False
American,2020-21,Patriot,,unknown,182,75.0,47.31638418079096,False,False,official final standings; spelling normalized,,False,False
American,2021-22,Patriot,,unknown,194,78.0,45.63380281690141,False,False,official final standings; spelling normalized,,False,False
American,2022-23,Patriot,,unknown,260,25.5,27.6536312849162,False,False,official final standings; spelling normalized,,False,False
American,2023-24,Patriot,,unknown,237,45.0,33.00561797752809,False,False,official final standings; spelling normalized,,False,False
American,2024-25,Patriot,,unknown,298,5.0,15.870786516853933,False,False,official final standings; spelling normalized,,False,False
American,2025-26,Patriot,,unknown,187,75.5,47.752808988764045,False,False,official final standings; spelling normalized,,False,False
Appalachian State,2017-18,Sun Belt,,unknown,204,67.0,41.66666666666667,False,False,official final standings; spelling normalized,,False,False
Appalachian State,2018-19,Sun Belt,,unknown,200,72.0,43.142857142857146,False,False,official final standings; spelling normalized,,False,False
Appalachian State,2020-21,Sun Belt,,unknown,169,85.0,52.40112994350282,False,False,official final standings; spelling normalized,,False,False
Appalachian State,2021-22,Sun Belt,,unknown,208,71.0,41.690140845070424,False,False,official final standings; spelling normalized,,False,False
Appalachian State,2022-23,Sun Belt,,unknown,294,20.0,18.01675977653631,False,False,official final standings; spelling normalized,,False,False
Appalachian State,2023-24,Sun Belt,,unknown,178,80.0,50.14044943820225,False,False,official final standings; spelling normalized,,False,False
Appalachian State,2024-25,Sun Belt,,unknown,290,23.5,18.679775280898877,False,False,official final standings; spelling normalized,,False,False
Appalachian State,2025-26,Sun Belt,,unknown,201,70.5,43.82022471910113,False,False,official final standings; spelling normalized,,False,False
Arizona,2017-18,Pac-12,Nike,A,51,472.5,85.63218390804597,True,False,official final standings; spelling normalized,https://arizonawildcats.com/news/2015/8/13/210266319,True,True
Arizona,2018-19,Pac-12,Nike,A,41,572.5,88.57142857142857,True,False,official final standings; spelling normalized,https://arizonawildcats.com/news/2015/8/13/210266319,True,True
Arizona,2020-21,Pac-12,Nike,A,27,745.5,92.65536723163842,True,False,official final standings; spelling normalized,https://arizonawildcats.com/news/2015/8/13/210266319,True,True
Arizona,2021-22,Pac-12,Nike,A,35,639.5,90.4225352112676,True,False,official final standings; spelling normalized,https://arizonawildcats.com/news/2015/8/13/210266319,True,True
Arizona,2022-23,Pac-12,Nike,A,43,565.05,88.26815642458101,True,False,official final standings; spelling normalized,https://arizonawildcats.com/news/2015/8/13/210266319,True,True
Arizona,2023-24,Pac-12,Nike,A,48,525.0,86.79775280898876,True,False,official final standings; spelling normalized,https://arizonawildcats.com/news/2015/8/13/210266319,True,True
Arizona,2024-25,Big 12,Nike,A,43,571.75,88.20224719101124,True,False,official final standings; spelling normalized,https://arizonawildcats.com/news/2015/8/13/210266319,True,True
Arizona,2025-26,Big 12,Nike,A,36,668.0,90.1685393258427,True,False,official final standings; spelling normalized,https://arizonawildcats.com/news/2025/3/3/general-wildcats-ink-landmark-contract-renewal-with-nike,True,True
Arizona State,2017-18,Pac-12,adidas,A,31,686.0,91.3793103448276,True,False,official final standings; spelling normalized,https://thesundevils.com/news/2014/12/16/sun-devil-athletics-adidas-announce-8-year-partnership,True,True
Arizona State,2018-19,Pac-12,adidas,A,19,821.0,94.85714285714286,True,False,official final standings; spelling normalized,https://thesundevils.com/news/2014/12/16/sun-devil-athletics-adidas-announce-8-year-partnership,True,True
Arizona State,2020-21,Pac-12,adidas,A,20,840.0,94.63276836158192,True,False,official final standings; spelling normalized,https://thesundevils.com/news/2014/12/16/sun-devil-athletics-adidas-announce-8-year-partnership,True,True
Arizona State,2021-22,Pac-12,adidas,A,26,788.25,92.95774647887325,True,False,official final standings; spelling normalized,https://thesundevils.com/news/2014/12/16/sun-devil-athletics-adidas-announce-8-year-partnership,True,True
Arizona State,2022-23,Pac-12,adidas,A,35,659.0,90.5027932960894,True,False,official final standings; spelling normalized,https://thesundevils.com/news/2014/12/16/sun-devil-athletics-adidas-announce-8-year-partnership,True,True
Arizona State,2023-24,Pac-12,adidas,C,27,695.25,92.69662921348316,True,False,official final standings; spelling normalized,https://thesundevils.com/news/2014/12/16/sun-devil-athletics-adidas-announce-8-year-partnership,True,False
Arizona State,2024-25,Big 12,adidas,C,34,693.25,90.73033707865169,True,False,official final standings; spelling normalized,https://thesundevils.com/news/2014/12/16/sun-devil-athletics-adidas-announce-8-year-partnership,True,False
Arizona State,2025-26,Big 12,adidas,B,38,655.0,89.60674157303372,True,False,official final standings; spelling normalized,https://web.archive.org/web/20251119100055/http://thesundevils.com/,True,True
Arkansas,2017-18,SEC,Nike,B,16,870.5,95.6896551724138,True,False,official final standings; spelling normalized,https://web.archive.org/web/20171001190209/http://www.arkansasrazorbacks.com/,True,True
Arkansas,2018-19,SEC,Nike,C,23,803.0,93.71428571428572,True,False,official final standings; spelling normalized,https://web.archive.org/web/20171001190209/http://www.arkansasrazorbacks.com/,True,False
Arkansas,2020-21,SEC,Nike,C,8,988.75,98.0225988700565,True,False,official final standings; spelling normalized,https://web.archive.org/web/20171001190209/http://www.arkansasrazorbacks.com/,True,False
Arkansas,2021-22,SEC,Nike,C,7,1050.75,98.30985915492958,True,False,official final standings; spelling normalized,https://web.archive.org/web/20171001190209/http://www.arkansasrazorbacks.com/,True,False
Arkansas,2022-23,SEC,Nike,C,13,1031.5,96.64804469273744,True,False,official final standings; spelling normalized,https://web.archive.org/web/20171001190209/http://www.arkansasrazorbacks.com/,True,False
Arkansas,2023-24,SEC,Nike,C,18,921.75,95.2247191011236,True,False,official final standings; spelling normalized,https://web.archive.org/web/20171001190209/http://www.arkansasrazorbacks.com/,True,False
Arkansas,2024-25,SEC,Nike,C,11,966.7,97.19101123595506,True,False,official final standings; spelling normalized,https://web.archive.org/web/20171001190209/http://www.arkansasrazorbacks.com/,True,False
Arkansas,2025-26,SEC,Nike,B,14,965.75,96.34831460674155,True,False,official final standings; spelling normalized,https://arkansasrazorbacks.com/arkansas-to-celebrate-norm-debriyn-night-on-march-27-at-baum-walker-stadium/,True,True
Arkansas Little Rock,2017-18,Sun Belt,,unknown,258,25.0,22.270114942528735,False,False,official final standings; spelling normalized,,False,False
Arkansas Little Rock,2018-19,Sun Belt,,unknown,223,50.0,34.14285714285714,False,False,official final standings; spelling normalized,,False,False
Arkansas Little Rock,2020-21,Sun Belt,,unknown,207,59.5,41.80790960451977,False,False,official final standings; spelling normalized,,False,False
Arkansas Little Rock,2021-22,Sun Belt,,unknown,252,39.5,29.295774647887324,False,False,official final standings; spelling normalized,,False,False
Arkansas Little Rock,2022-23,OVC,,unknown,292,22.0,18.575418994413408,False,False,official final standings; spelling normalized,,False,False
Arkansas Little Rock,2023-24,OVC,,unknown,198,64.3,44.662921348314605,False,False,official final standings; spelling normalized,,False,False
Arkansas Little Rock,2024-25,OVC,,unknown,141,115.0,60.53370786516854,False,False,official final standings; spelling normalized,,False,False
Arkansas Little Rock,2025-26,OVC,,unknown,132,126.0,63.20224719101124,False,False,official final standings; spelling normalized,,False,False
Arkansas Pine Bluff,2017-18,,,unknown,,0.0,8.189655172413794,False,True,not available; imputed zero year,,False,False
Arkansas Pine Bluff,2018-19,,,unknown,,0.0,8.0,False,True,not available; imputed zero year,,False,False
Arkansas Pine Bluff,2020-21,,,unknown,,0.0,8.757062146892656,False,True,not available; imputed zero year,,False,False
Arkansas Pine Bluff,2021-22,,,unknown,,0.0,8.591549295774648,False,True,not available; imputed zero year,,False,False
Arkansas Pine Bluff,2022-23,SWAC,,unknown,298,5.0,16.061452513966483,False,False,official final standings; spelling normalized,,False,False
Arkansas Pine Bluff,2023-24,SWAC,,unknown,180,76.5,49.71910112359551,False,False,official final standings; spelling normalized,,False,False
Arkansas Pine Bluff,2024-25,SWAC,,unknown,223,52.5,37.640449438202246,False,False,official final standings; spelling normalized,,False,False
Arkansas Pine Bluff,2025-26,SWAC,,unknown,299,5.0,16.01123595505618,False,False,official final standings; spelling normalized,,False,False
Arkansas State,2017-18,Sun Belt,,unknown,159,99.5,54.59770114942529,False,False,official final standings; spelling normalized,,False,False
Arkansas State,2018-19,Sun Belt,,unknown,130,120.1,63.142857142857146,False,False,official final standings; spelling normalized,,False,False
Arkansas State,2020-21,Sun Belt,,unknown,119,123.0,66.52542372881356,False,False,official final standings; spelling normalized,,False,False
Arkansas State,2021-22,Sun Belt,,unknown,180,89.0,49.57746478873239,False,False,official final standings; spelling normalized,,False,False
Arkansas State,2022-23,Sun Belt,,unknown,132,132.0,63.40782122905028,False,False,official final standings; spelling normalized,,False,False
Arkansas State,2023-24,Sun Belt,,unknown,89,213.0,75.14044943820225,False,False,official final standings; spelling normalized,,False,False
Arkansas State,2024-25,Sun Belt,,unknown,120,146.5,66.57303370786516,False,False,official final standings; spelling normalized,,False,False
Arkansas State,2025-26,Sun Belt,,unknown,96,205.0,73.31460674157303,False,False,official final standings; spelling normalized,,False,False
Army West Point,2017-18,Patriot,,unknown,106,173.0,69.82758620689656,False,False,official final standings; spelling normalized,,False,False
Army West Point,2018-19,Patriot,,unknown,75,295.5,78.85714285714286,False,False,official final standings; spelling normalized,,False,False
Army West Point,2020-21,Patriot,,unknown,136,107.0,61.5819209039548,False,False,official final standings; spelling normalized,,False,False
Army West Point,2021-22,Patriot,,unknown,111,159.5,69.01408450704226,False,False,official final standings; spelling normalized,,False,False
Army West Point,2022-23,Patriot,,unknown,107,168.5,70.39106145251397,False,False,official final standings; spelling normalized,,False,False
Army West Point,2023-24,Patriot,,unknown,196,64.5,45.08426966292135,False,False,official final standings; spelling normalized,,False,False
Army West Point,2024-25,Patriot,,unknown,103,181.0,71.34831460674157,False,False,official final standings; spelling normalized,,False,False
Army West Point,2025-26,Patriot,,unknown,79,295.5,78.08988764044943,False,False,official final standings; spelling normalized,,False,False
Auburn,2017-18,SEC,Under Armour,A,18,856.25,95.11494252873564,True,False,official final standings; spelling normalized,https://auburntigers.com/news/2025/07/24/such-an-iconic-mark-how-auburn-equipment-managed-the-switch-to-nike,True,True
Auburn,2018-19,SEC,Under Armour,A,37,644.75,89.71428571428571,True,False,official final standings; spelling normalized,https://auburntigers.com/news/2025/07/24/such-an-iconic-mark-how-auburn-equipment-managed-the-switch-to-nike,True,True
Auburn,2020-21,SEC,Under Armour,A,50,412.75,86.15819209039547,True,False,official final standings; spelling normalized,https://auburntigers.com/news/2025/07/24/such-an-iconic-mark-how-auburn-equipment-managed-the-switch-to-nike,True,True
Auburn,2021-22,SEC,Under Armour,A,32,706.25,91.26760563380282,True,False,official final standings; spelling normalized,https://auburntigers.com/news/2025/07/24/such-an-iconic-mark-how-auburn-equipment-managed-the-switch-to-nike,True,True
Auburn,2022-23,SEC,Under Armour,A,36,657.5,90.22346368715084,True,False,official final standings; spelling normalized,https://auburntigers.com/news/2025/07/24/such-an-iconic-mark-how-auburn-equipment-managed-the-switch-to-nike,True,True
Auburn,2023-24,SEC,Under Armour,A,33,665.75,91.01123595505618,True,False,official final standings; spelling normalized,https://auburntigers.com/news/2025/07/24/such-an-iconic-mark-how-auburn-equipment-managed-the-switch-to-nike,True,True
Auburn,2024-25,SEC,Under Armour,A,19,867.5,94.9438202247191,True,False,official final standings; spelling normalized,https://auburntigers.com/news/2025/07/24/such-an-iconic-mark-how-auburn-equipment-managed-the-switch-to-nike,True,True
Auburn,2025-26,SEC,Nike,A,26,724.5,92.97752808988764,True,False,official final standings; spelling normalized,https://auburntigers.com/news/2025/07/1/auburn-athletics-begins-nike-era,True,True
Austin Peay State,2017-18,OVC,,unknown,258,25.0,22.270114942528735,False,False,official final standings; spelling normalized,,False,False
Austin Peay State,2018-19,OVC,,unknown,266,25.0,21.428571428571427,False,False,official final standings; spelling normalized,,False,False
Austin Peay State,2020-21,OVC,,unknown,255,25.0,24.43502824858757,False,False,official final standings; spelling normalized,,False,False
Austin Peay State,2021-22,OVC,,unknown,295,5.0,17.183098591549296,False,False,official final standings; spelling normalized,,False,False
Austin Peay State,2022-23,,,unknown,,0.0,7.5418994413407825,False,True,not available; imputed zero year,,False,False
Austin Peay State,2023-24,ASUN,,unknown,262,25.0,21.48876404494382,False,False,official final standings; spelling normalized,,False,False
Austin Peay State,2024-25,,,unknown,,0.0,7.584269662921349,False,True,not available; imputed zero year,,False,False
Austin Peay State,2025-26,,,unknown,,0.0,7.865168539325842,False,True,not available; imputed zero year,,False,False
BYU,2017-18,WCC,Nike,A,45,552.5,87.35632183908046,True,False,official final standings; spelling normalized,https://byucougars.com/news/2019/03/08/byu-announces-new-nike-partnership,True,True
BYU,2018-19,WCC,Nike,A,29,738.5,92.0,True,False,official final standings; spelling normalized,https://byucougars.com/news/2019/03/08/byu-announces-new-nike-partnership,True,True
BYU,2020-21,WCC,Nike,A,17,871.25,95.48022598870055,True,False,official final standings; spelling normalized,https://byucougars.com/news/2019/03/08/byu-announces-new-nike-partnership,True,True
BYU,2021-22,WCC,Nike,A,29,738.75,92.11267605633805,True,False,official final standings; spelling normalized,https://byucougars.com/news/2019/03/08/byu-announces-new-nike-partnership,True,True
BYU,2022-23,WCC,Nike,A,37,637.75,89.94413407821229,True,False,official final standings; spelling normalized,https://byucougars.com/news/2019/03/08/byu-announces-new-nike-partnership,True,True
BYU,2023-24,Big 12,Nike,A,36,637.5,90.1685393258427,True,False,official final standings; spelling normalized,https://byucougars.com/news/2019/03/08/byu-announces-new-nike-partnership,True,True
BYU,2024-25,Big 12,Nike,A,25,813.75,93.25842696629212,True,False,official final standings; spelling normalized,https://byucougars.com/news/2019/03/08/byu-announces-new-nike-partnership,True,True
BYU,2025-26,Big 12,Nike,A,25,730.0,93.25842696629212,True,False,official final standings; spelling normalized,https://byucougars.com/news/2019/03/08/byu-announces-new-nike-partnership,True,True
Ball State,2017-18,,,unknown,,0.0,8.189655172413794,False,True,not available; imputed zero year,,False,False
Ball State,2018-19,,,unknown,,0.0,8.0,False,True,not available; imputed zero year,,False,False
Ball State,2020-21,MAC,,unknown,179,76.0,49.57627118644068,False,False,official final standings; spelling normalized,,False,False
Ball State,2021-22,MAC,,unknown,101,182.5,71.83098591549296,False,False,official final standings; spelling normalized,,False,False
Ball State,2022-23,MAC,,unknown,89,206.5,75.41899441340783,False,False,official final standings; spelling normalized,,False,False
Ball State,2023-24,MAC,,unknown,132,131.5,63.20224719101124,False,False,official final standings; spelling normalized,,False,False
Ball State,2024-25,MAC,,unknown,240,47.5,32.7247191011236,False,False,official final standings; spelling normalized,,False,False
Ball State,2025-26,MAC,,unknown,179,83.0,50.0,False,False,official final standings; spelling normalized,,False,False
Baylor,2017-18,Big 12,Nike,A,43,555.75,87.93103448275862,True,False,official final standings; spelling normalized,https://www2.kusports.com/weblogs/tale-tait/2017/sep/28/kus-deal-with-adidas-is-companys-second/,True,True
Baylor,2018-19,Big 12,Nike,B,39,622.5,89.14285714285714,True,False,official final standings; spelling normalized,https://baylorbears.com/news/2019/4/15/baylor-athletics-unveils-united-a-unified-visual-identity-in-partnership-with-nike,True,True
Baylor,2020-21,Big 12,Nike,C,29,677.0,92.09039548022598,True,False,official final standings; spelling normalized,https://baylorbears.com/news/2019/4/15/baylor-athletics-unveils-united-a-unified-visual-identity-in-partnership-with-nike,True,False
Baylor,2021-22,Big 12,Nike,B,47,522.0,87.04225352112675,True,False,official final standings; spelling normalized,https://baylorbears.com/documents/download/2022/5/2/BU_BSB_Game_Notes_2022_45_Tarleton.pdf,True,True
Baylor,2022-23,Big 12,Nike,C,46,543.0,87.43016759776536,True,False,official final standings; spelling normalized,https://baylorbears.com/documents/download/2022/5/2/BU_BSB_Game_Notes_2022_45_Tarleton.pdf,True,False
Baylor,2023-24,Big 12,Nike,C,43,538.5,88.20224719101124,True,False,official final standings; spelling normalized,https://baylorbears.com/documents/download/2022/5/2/BU_BSB_Game_Notes_2022_45_Tarleton.pdf,True,False
Baylor,2024-25,Big 12,Nike,C,52,489.25,85.67415730337079,True,False,official final standings; spelling normalized,https://baylorbears.com/documents/download/2022/5/2/BU_BSB_Game_Notes_2022_45_Tarleton.pdf,True,False
Baylor,2025-26,Big 12,Nike,B,50,530.5,86.09550561797754,True,False,official final standings; spelling normalized,https://baylorbears.com/documents/download/2025/12/12/BU_WBB_Notes_12_Texas.pdf,True,True
Bellarmine,2020-21,,,unknown,,0.0,8.757062146892656,False,True,not available; imputed zero year,,False,False
Bellarmine,2021-22,,,unknown,,0.0,8.591549295774648,False,True,not available; imputed zero year,,False,False
Bellarmine,2022-23,,,unknown,,0.0,7.5418994413407825,False,True,not available; imputed zero year,,False,False
Bellarmine,2023-24,,,unknown,,0.0,6.460674157303371,False,True,not available; imputed zero year,,False,False
Bellarmine,2024-25,,,unknown,,0.0,7.584269662921349,False,True,not available; imputed zero year,,False,False
Bellarmine,2025-26,ASUN,,unknown,298,15.0,16.573033707865168,False,False,official final standings; spelling normalized,,False,False
Belmont,2017-18,OVC,,unknown,258,25.0,22.270114942528735,False,False,official final standings; spelling normalized,,False,False
Belmont,2018-19,OVC,,unknown,184,77.0,47.285714285714285,False,False,official final standings; spelling normalized,,False,False
Belmont,2020-21,OVC,,unknown,145,100.0,58.75706214689266,False,False,official final standings; spelling normalized,,False,False
Belmont,2021-22,OVC,,unknown,229,50.0,33.52112676056338,False,False,official final standings; spelling normalized,,False,False
Belmont,2022-23,Missouri Valley,,unknown,261,25.0,23.32402234636871,False,False,official final standings; spelling normalized,,False,False
Belmont,2023-24,,,unknown,,0.0,6.460674157303371,False,True,not available; imputed zero year,,False,False
Belmont,2024-25,Missouri Valley,,unknown,210,62.5,41.01123595505618,False,False,official final standings; spelling normalized,,False,False
Belmont,2025-26,Missouri Valley,,unknown,253,37.5,29.213483146067414,False,False,official final standings; spelling normalized,,False,False
Bethune-Cookman,2017-18,MEAC,,unknown,258,25.0,22.270114942528735,False,False,official final standings; spelling normalized,,False,False
Bethune-Cookman,2018-19,MEAC,,unknown,163,94.5,53.714285714285715,False,False,official final standings; spelling normalized,,False,False
Bethune-Cookman,2020-21,,,unknown,,0.0,8.757062146892656,False,True,not available; imputed zero year,,False,False
Bethune-Cookman,2021-22,,,unknown,,0.0,8.591549295774648,False,True,not available; imputed zero year,,False,False
Bethune-Cookman,2022-23,,,unknown,,0.0,7.5418994413407825,False,True,not available; imputed zero year,,False,False
Bethune-Cookman,2023-24,,,unknown,,0.0,6.460674157303371,False,True,not available; imputed zero year,,False,False
Bethune-Cookman,2024-25,SWAC,,unknown,264,25.0,22.6123595505618,False,False,official final standings; spelling normalized,,False,False
Bethune-Cookman,2025-26,,,unknown,,0.0,7.865168539325842,False,True,not available; imputed zero year,,False,False
Binghamton,2017-18,America East,,unknown,289,11.0,17.24137931034483,False,False,official final standings; spelling normalized,,False,False
Binghamton,2018-19,America East,,unknown,256,32.5,27.0,False,False,official final standings; spelling normalized,,False,False
Binghamton,2020-21,America East,,unknown,232,49.5,34.74576271186441,False,False,official final standings; spelling normalized,,False,False
Binghamton,2021-22,America East,,unknown,187,83.5,47.6056338028169,False,False,official final standings; spelling normalized,,False,False
Binghamton,2022-23,America East,,unknown,291,23.0,18.994413407821227,False,False,official final standings; spelling normalized,,False,False
Binghamton,2023-24,America East,,unknown,174,83.5,51.40449438202247,False,False,official final standings; spelling normalized,,False,False
Binghamton,2024-25,America East,,unknown,155,103.5,56.74157303370787,False,False,official final standings; spelling normalized,,False,False
Binghamton,2025-26,America East,,unknown,197,74.0,44.80337078651686,False,False,official final standings; spelling normalized,,False,False
Boise State,2017-18,Mountain West,,unknown,59,387.5,83.33333333333334,False,False,official final standings; spelling normalized,,False,False
Boise State,2018-19,Mountain West,,unknown,59,416.75,83.42857142857143,False,False,official final standings; spelling normalized,,False,False
Boise State,2020-21,Mountain West,,unknown,103,147.0,71.1864406779661,False,False,official final standings; spelling normalized,,False,False
Boise State,2021-22,Mountain West,,unknown,113,158.0,68.45070422535211,False,False,official final standings; spelling normalized,,False,False
Boise State,2022-23,Mountain West,,unknown,125,140.5,65.36312849162012,False,False,official final standings; spelling normalized,,False,False
Boise State,2023-24,Mountain West,,unknown,163,92.0,54.49438202247191,False,False,official final standings; spelling normalized,,False,False
Boise State,2024-25,Mountain West,,unknown,91,214.5,74.57865168539325,False,False,official final standings; spelling normalized,,False,False
Boise State,2025-26,Mountain West,,unknown,156,104.0,56.46067415730337,False,False,official final standings; spelling normalized,,False,False
Boston College,2017-18,ACC,Under Armour,A,95,198.0,72.98850574712644,True,False,official final standings; spelling normalized,https://bceagles.com/news/2015/3/12/Under_Armour_BC_Extend_Long_Term_Partnership,True,True
Boston College,2018-19,ACC,Under Armour,A,87,216.0,75.42857142857143,True,False,official final standings; spelling normalized,https://bceagles.com/news/2015/3/12/Under_Armour_BC_Extend_Long_Term_Partnership,True,True
Boston College,2020-21,ACC,Under Armour,A,74,277.0,79.37853107344633,True,False,official final standings; spelling normalized,https://bceagles.com/news/2021/4/13/boston-college-athletics-announces-10-year-agreement-with-new-balance,True,True
Boston College,2021-22,ACC,other,A,109,165.0,69.57746478873239,True,False,official final standings; spelling normalized,https://bceagles.com/news/2021/4/13/boston-college-athletics-announces-10-year-agreement-with-new-balance,True,True
Boston College,2022-23,ACC,other,A,105,170.0,70.94972067039106,True,False,official final standings; spelling normalized,https://bceagles.com/news/2021/4/13/boston-college-athletics-announces-10-year-agreement-with-new-balance,True,True
Boston College,2023-24,ACC,other,A,68,360.0,81.17977528089888,True,False,official final standings; spelling normalized,https://bceagles.com/news/2021/4/13/boston-college-athletics-announces-10-year-agreement-with-new-balance,True,True
Boston College,2024-25,ACC,other,A,66,377.5,81.74157303370787,True,False,official final standings; spelling normalized,https://bceagles.com/news/2021/4/13/boston-college-athletics-announces-10-year-agreement-with-new-balance,True,True
Boston College,2025-26,ACC,other,A,83,276.0,76.96629213483146,True,False,official final standings; spelling normalized,https://bceagles.com/news/2025/6/2/football-new-balance-and-boston-college-expand-their-historic-sponsorship,True,True
Boston University,2017-18,Patriot,,unknown,133,138.0,62.06896551724138,False,False,official final standings; spelling normalized,,False,False
Boston University,2018-19,Patriot,,unknown,181,80.0,48.57142857142857,False,False,official final standings; spelling normalized,,False,False
Boston University,2020-21,Patriot,,unknown,182,75.0,47.31638418079096,False,False,official final standings; spelling normalized,,False,False
Boston University,2021-22,Patriot,,unknown,166,99.5,53.52112676056338,False,False,official final standings; spelling normalized,,False,False
Boston University,2022-23,Patriot,,unknown,123,145.5,65.92178770949721,False,False,official final standings; spelling normalized,,False,False
Boston University,2023-24,Patriot,,unknown,93,206.5,74.15730337078652,False,False,official final standings; spelling normalized,,False,False
Boston University,2024-25,Patriot,,unknown,73,314.5,79.7752808988764,False,False,official final standings; spelling normalized,,False,False
Boston University,2025-26,Patriot,,unknown,163,98.5,54.49438202247191,False,False,official final standings; spelling normalized,,False,False
Bowling Green,2017-18,,,unknown,,0.0,8.189655172413794,False,True,not available; imputed zero year,,False,False
Bowling Green,2018-19,MAC,,unknown,205,63.0,41.714285714285715,False,False,official final standings; spelling normalized,,False,False
Bowling Green,2020-21,MAC,,unknown,182,75.0,47.31638418079096,False,False,official final standings; spelling normalized,,False,False
Bowling Green,2021-22,MAC,,unknown,196,75.0,44.225352112676056,False,False,official final standings; spelling normalized,,False,False
Bowling Green,2022-23,MAC,,unknown,223,50.0,35.89385474860335,False,False,official final standings; spelling normalized,,False,False
Bowling Green,2023-24,MAC,,unknown,262,25.0,21.48876404494382,False,False,official final standings; spelling normalized,,False,False
Bowling Green,2024-25,MAC,,unknown,264,25.0,22.6123595505618,False,False,official final standings; spelling normalized,,False,False
Bowling Green,2025-26,,,unknown,,0.0,7.865168539325842,False,True,not available; imputed zero year,,False,False
Bradley,2017-18,Missouri Valley,,unknown,291,5.0,16.522988505747126,False,False,official final standings; spelling normalized,,False,False
Bradley,2018-19,Missouri Valley,,unknown,190,75.0,44.714285714285715,False,False,official final standings; spelling normalized,,False,False
Bradley,2020-21,Missouri Valley,,unknown,255,25.0,24.43502824858757,False,False,official final standings; spelling normalized,,False,False
Bradley,2021-22,,,unknown,,0.0,8.591549295774648,False,True,not available; imputed zero year,,False,False
Bradley,2022-23,Missouri Valley,,unknown,214,53.8,40.502793296089386,False,False,official final standings; spelling normalized,,False,False
Bradley,2023-24,,,unknown,,0.0,6.460674157303371,False,True,not available; imputed zero year,,False,False
Bradley,2024-25,Missouri Valley,,unknown,294,13.5,17.5561797752809,False,False,official final standings; spelling normalized,,False,False
Bradley,2025-26,,,unknown,,0.0,7.865168539325842,False,True,not available; imputed zero year,,False,False
Brown,2017-18,Ivy League,,unknown,151,102.0,56.896551724137936,False,False,official final standings; spelling normalized,,False,False
Brown,2018-19,Ivy League,,unknown,118,144.0,66.57142857142857,False,False,official final standings; spelling normalized,,False,False
Brown,2020-21,Ivy League,,unknown,199,66.0,44.06779661016949,False,False,official final standings; spelling normalized,,False,False
Brown,2021-22,Ivy League,,unknown,95,198.0,73.52112676056338,False,False,official final standings; spelling normalized,,False,False
Brown,2022-23,Ivy League,,unknown,122,147.0,66.20111731843575,False,False,official final standings; spelling normalized,,False,False
Brown,2023-24,Ivy League,,unknown,100,188.0,72.19101123595506,False,False,official final standings; spelling normalized,,False,False
Brown,2024-25,Ivy League,,unknown,90,221.0,75.0,False,False,official final standings; spelling normalized,,False,False
Brown,2025-26,Ivy League,,unknown,131,127.0,63.48314606741573,False,False,official final standings; spelling normalized,,False,False
Bryant,2017-18,Northeast,,unknown,258,25.0,22.270114942528735,False,False,official final standings; spelling normalized,,False,False
Bryant,2018-19,Northeast,,unknown,223,50.0,34.14285714285714,False,False,official final standings; spelling normalized,,False,False
Bryant,2020-21,Northeast,,unknown,255,25.0,24.43502824858757,False,False,official final standings; spelling normalized,,False,False
Bryant,2021-22,Northeast,,unknown,258,30.0,26.901408450704224,False,False,official final standings; spelling normalized,,False,False
Bryant,2022-23,America East,,unknown,215,53.0,39.66480446927375,False,False,official final standings; spelling normalized,,False,False
Bryant,2023-24,America East,,unknown,217,50.0,37.07865168539326,False,False,official final standings; spelling normalized,,False,False
Bryant,2024-25,America East,,unknown,226,50.0,35.1123595505618,False,False,official final standings; spelling normalized,,False,False
Bryant,2025-26,America East,,unknown,123,134.0,65.58988764044943,False,False,official final standings; spelling normalized,,False,False
Bucknell,2017-18,Patriot,,unknown,199,72.0,42.95977011494253,False,False,official final standings; spelling normalized,,False,False
Bucknell,2018-19,Patriot,,unknown,242,48.5,31.142857142857142,False,False,official final standings; spelling normalized,,False,False
Bucknell,2020-21,Patriot,,unknown,97,157.5,72.88135593220339,False,False,official final standings; spelling normalized,,False,False
Bucknell,2021-22,Patriot,,unknown,246,49.5,30.985915492957744,False,False,official final standings; spelling normalized,,False,False
Bucknell,2022-23,Patriot,,unknown,261,25.0,23.32402234636871,False,False,official final standings; spelling normalized,,False,False
Bucknell,2023-24,Patriot,,unknown,208,58.5,41.71348314606742,False,False,official final standings; spelling normalized,,False,False
Bucknell,2024-25,Patriot,,unknown,178,83.5,50.28089887640449,False,False,official final standings; spelling normalized,,False,False
Bucknell,2025-26,Patriot,,unknown,188,75.0,46.48876404494382,False,False,official final standings; spelling normalized,,False,False
Buffalo,2017-18,MAC,,unknown,130,139.0,62.643678160919535,False,False,official final standings; spelling normalized,,False,False
Buffalo,2018-19,MAC,,unknown,116,145.0,67.0,False,False,official final standings; spelling normalized,,False,False
Buffalo,2020-21,MAC,,unknown,159,91.0,55.225988700564976,False,False,official final standings; spelling normalized,,False,False
Buffalo,2021-22,MAC,,unknown,266,25.0,21.830985915492956,False,False,official final standings; spelling normalized,,False,False
Buffalo,2022-23,MAC,,unknown,180,86.0,50.0,False,False,official final standings; spelling normalized,,False,False
Buffalo,2023-24,MAC,,unknown,300,20.0,16.01123595505618,False,False,official final standings; spelling normalized,,False,False
Buffalo,2024-25,MAC,,unknown,166,95.0,53.37078651685393,False,False,official final standings; spelling normalized,,False,False
Buffalo,2025-26,MAC,,unknown,244,45.0,31.03932584269663,False,False,official final standings; spelling normalized,,False,False
Butler,2017-18,Big East,,unknown,130,139.0,62.643678160919535,False,False,official final standings; spelling normalized,,False,False
Butler,2018-19,,,unknown,,0.0,8.0,False,True,not available; imputed zero year,,False,False
Butler,2020-21,Big East,,unknown,213,51.0,39.97175141242938,False,False,official final standings; spelling normalized,,False,False
Butler,2021-22,Big East,,unknown,145,116.0,59.436619718309856,False,False,official final standings; spelling normalized,,False,False
Butler,2022-23,Big East,,unknown,181,85.5,49.581005586592184,False,False,official final standings; spelling normalized,,False,False
Butler,2023-24,Big East,,unknown,210,58.0,41.01123595505618,False,False,official final standings; spelling normalized,,False,False
Butler,2024-25,Big East,,unknown,220,54.0,38.48314606741573,False,False,official final standings; spelling normalized,,False,False
Butler,2025-26,Big East,,unknown,170,92.5,52.52808988764045,False,False,official final standings; spelling normalized,,False,False
Cal Poly,2017-18,Big West,,unknown,210,61.0,39.94252873563218,False,False,official final standings; spelling normalized,,False,False
Cal Poly,2018-19,Big West,,unknown,189,76.0,46.285714285714285,False,False,official final standings; spelling normalized,,False,False
Cal Poly,2020-21,Big West,,unknown,136,107.0,61.5819209039548,False,False,official final standings; spelling normalized,,False,False
Cal Poly,2021-22,Big West,,unknown,173,93.5,51.40845070422535,False,False,official final standings; spelling normalized,,False,False
Cal Poly,2022-23,Big West,,unknown,196,71.5,45.53072625698323,False,False,official final standings; spelling normalized,,False,False
Cal Poly,2023-24,Big West,,unknown,130,134.0,63.76404494382022,False,False,official final standings; spelling normalized,,False,False
Cal Poly,2024-25,Big West,,unknown,82,248.5,77.24719101123596,False,False,official final standings; spelling normalized,,False,False
Cal Poly,2025-26,Big West,,unknown,81,290.0,77.52808988764045,False,False,official final standings; spelling normalized,,False,False
Cal State Bakersfield,2017-18,WAC,,unknown,205,66.0,41.37931034482759,False,False,official final standings; spelling normalized,,False,False
Cal State Bakersfield,2018-19,WAC,,unknown,256,32.5,27.0,False,False,official final standings; spelling normalized,,False,False
Cal State Bakersfield,2020-21,WAC,,unknown,249,32.0,29.80225988700565,False,False,official final standings; spelling normalized,,False,False
Cal State Bakersfield,2021-22,Big West,,unknown,293,16.0,17.6056338028169,False,False,official final standings; spelling normalized,,False,False
Cal State Bakersfield,2022-23,Big West,,unknown,294,20.0,18.01675977653631,False,False,official final standings; spelling normalized,,False,False
Cal State Bakersfield,2023-24,,,unknown,,0.0,6.460674157303371,False,True,not available; imputed zero year,,False,False
Cal State Bakersfield,2024-25,Big West,,unknown,253,40.0,29.213483146067414,False,False,official final standings; spelling normalized,,False,False
Cal State Bakersfield,2025-26,,,unknown,,0.0,7.865168539325842,False,True,not available; imputed zero year,,False,False
Cal State Fullerton,2017-18,Big West,,unknown,98,189.0,72.12643678160919,False,False,official final standings; spelling normalized,,False,False
Cal State Fullerton,2018-19,Big West,,unknown,260,30.0,25.857142857142858,False,False,official final standings; spelling normalized,,False,False
Cal State Fullerton,2020-21,,,unknown,,0.0,8.757062146892656,False,True,not available; imputed zero year,,False,False
Cal State Fullerton,2021-22,Big West,,unknown,213,62.5,40.28169014084507,False,False,official final standings; spelling normalized,,False,False
Cal State Fullerton,2022-23,Big West,,unknown,191,75.0,46.36871508379888,False,False,official final standings; spelling normalized,,False,False
Cal State Fullerton,2023-24,Big West,,unknown,217,50.0,37.07865168539326,False,False,official final standings; spelling normalized,,False,False
Cal State Fullerton,2024-25,Big West,,unknown,243,45.5,32.02247191011236,False,False,official final standings; spelling normalized,,False,False
Cal State Fullerton,2025-26,Big West,,unknown,206,68.5,42.41573033707865,False,False,official final standings; spelling normalized,,False,False
Cal State Northridge,2017-18,Big West,,unknown,258,25.0,22.270114942528735,False,False,official final standings; spelling normalized,,False,False
Cal State Northridge,2018-19,,,unknown,,0.0,8.0,False,True,not available; imputed zero year,,False,False
Cal State Northridge,2020-21,,,unknown,,0.0,8.757062146892656,False,True,not available; imputed zero year,,False,False
Cal State Northridge,2021-22,,,unknown,,0.0,8.591549295774648,False,True,not available; imputed zero year,,False,False
Cal State Northridge,2022-23,,,unknown,,0.0,7.5418994413407825,False,True,not available; imputed zero year,,False,False
Cal State Northridge,2023-24,Big West,,unknown,213,57.0,40.44943820224719,False,False,official final standings; spelling normalized,,False,False
Cal State Northridge,2024-25,Big West,,unknown,252,41.0,29.49438202247191,False,False,official final standings; spelling normalized,,False,False
Cal State Northridge,2025-26,,,unknown,,0.0,7.865168539325842,False,True,not available; imputed zero year,,False,False
California,2017-18,Pac-12,Under Armour,A,20,830.25,94.54022988505749,True,False,official final standings; spelling normalized,https://calbears.com/news/2017/5/31/athletics-news-cal-under-armour-launch-partnership.aspx,True,True
California,2018-19,Pac-12,Under Armour,A,18,835.75,95.14285714285714,True,False,official final standings; spelling normalized,https://calbears.com/news/2017/5/31/athletics-news-cal-under-armour-launch-partnership.aspx,True,True
California,2020-21,Pac-12,Under Armour,A,40,532.75,88.84180790960453,True,False,official final standings; spelling normalized,https://writeforcalifornia.com/p/cal-under-armour-nike-deal,True,True
California,2021-22,Pac-12,Under Armour,A,27,780.75,92.67605633802816,True,False,official final standings; spelling normalized,https://writeforcalifornia.com/p/cal-under-armour-nike-deal,True,True
California,2022-23,Pac-12,Under Armour,A,22,833.25,94.1340782122905,True,False,official final standings; spelling normalized,https://writeforcalifornia.com/p/cal-under-armour-nike-deal,True,True
California,2023-24,Pac-12,Nike,A,20,886.0,94.6629213483146,True,False,official final standings; spelling normalized,https://calbears.com/news/2023/1/11/athletics-news-cal-athletics-enters-into-new-partnership-with-nike,True,True
California,2024-25,ACC,Nike,A,24,819.75,93.53932584269664,True,False,official final standings; spelling normalized,https://calbears.com/news/2023/1/11/athletics-news-cal-athletics-enters-into-new-partnership-with-nike,True,True
California,2025-26,ACC,Nike,A,39,653.75,89.32584269662921,True,False,official final standings; spelling normalized,https://calbears.com/news/2023/1/11/athletics-news-cal-athletics-enters-into-new-partnership-with-nike,True,True
California Baptist,2018-19,,,unknown,,0.0,8.0,False,True,not available; imputed zero year,,False,False
California Baptist,2020-21,WAC,,unknown,255,25.0,24.43502824858757,False,False,official final standings; spelling normalized,,False,False
California Baptist,2021-22,,,unknown,,0.0,8.591549295774648,False,True,not available; imputed zero year,,False,False
California Baptist,2022-23,WAC,,unknown,128,135.5,64.52513966480447,False,False,official final standings; spelling normalized,,False,False
California Baptist,2023-24,WAC,,unknown,86,249.0,76.12359550561798,False,False,official final standings; spelling normalized,,False,False
California Baptist,2024-25,WAC,,unknown,100,188.5,72.19101123595506,False,False,official final standings; spelling normalized,,False,False
California Baptist,2025-26,WAC,,unknown,114,149.0,68.25842696629213,False,False,official final standings; spelling normalized,,False,False
Campbell,2017-18,Big South,,unknown,97,194.0,72.41379310344827,False,False,official final standings; spelling normalized,,False,False
Campbell,2018-19,Big South,,unknown,99,185.5,72.0,False,False,official final standings; spelling normalized,,False,False
Campbell,2020-21,Big South,,unknown,79,234.0,77.96610169491525,False,False,official final standings; spelling normalized,,False,False
Campbell,2021-22,Big South,,unknown,103,178.0,71.26760563380282,False,False,official final standings; spelling normalized,,False,False
Campbell,2022-23,Big South,,unknown,101,175.0,72.06703910614524,False,False,official final standings; spelling normalized,,False,False
Campbell,2023-24,CAA,,unknown,243,43.0,32.02247191011236,False,False,official final standings; spelling normalized,,False,False
Campbell,2024-25,CAA,,unknown,257,33.5,28.08988764044944,False,False,official final standings; spelling normalized,,False,False
Campbell,2025-26,CAA,,unknown,265,25.0,21.629213483146067,False,False,official final standings; spelling normalized,,False,False
Canisius,2017-18,MAAC,,unknown,217,50.0,35.3448275862069,False,False,official final standings; spelling normalized,,False,False
Canisius,2018-19,,,unknown,,0.0,8.0,False,True,not available; imputed zero year,,False,False
Canisius,2020-21,,,unknown,,0.0,8.757062146892656,False,True,not available; imputed zero year,,False,False
Canisius,2021-22,MAAC,,unknown,229,50.0,33.52112676056338,False,False,official final standings; spelling normalized,,False,False
Canisius,2022-23,MAAC,,unknown,261,25.0,23.32402234636871,False,False,official final standings; spelling normalized,,False,False
Canisius,2023-24,,,unknown,,0.0,6.460674157303371,False,True,not available; imputed zero year,,False,False
Canisius,2024-25,,,unknown,,0.0,7.584269662921349,False,True,not available; imputed zero year,,False,False
Canisius,2025-26,,,unknown,,0.0,7.865168539325842,False,True,not available; imputed zero year,,False,False
Central Arkansas,2017-18,Southland,,unknown,150,103.0,57.18390804597702,False,False,official final standings; spelling normalized,,False,False
Central Arkansas,2018-19,Southland,,unknown,223,50.0,34.14285714285714,False,False,official final standings; spelling normalized,,False,False
Central Arkansas,2020-21,,,unknown,,0.0,8.757062146892656,False,True,not available; imputed zero year,,False,False
Central Arkansas,2021-22,,,unknown,,0.0,8.591549295774648,False,True,not available; imputed zero year,,False,False
Central Arkansas,2022-23,ASUN,,unknown,252,37.5,29.88826815642458,False,False,official final standings; spelling normalized,,False,False
Central Arkansas,2023-24,,,unknown,,0.0,6.460674157303371,False,True,not available; imputed zero year,,False,False
Central Arkansas,2024-25,ASUN,,unknown,298,5.0,15.870786516853933,False,False,official final standings; spelling normalized,,False,False
Central Arkansas,2025-26,ASUN,,unknown,265,25.0,21.629213483146067,False,False,official final standings; spelling normalized,,False,False
Central Connecticut State,2017-18,Northeast,,unknown,249,30.0,28.160919540229884,False,False,official final standings; spelling normalized,,False,False
Central Connecticut State,2018-19,Northeast,,unknown,206,62.5,41.285714285714285,False,False,official final standings; spelling normalized,,False,False
Central Connecticut State,2020-21,Northeast,,unknown,215,50.0,37.28813559322034,False,False,official final standings; spelling normalized,,False,False
Central Connecticut State,2021-22,Northeast,,unknown,266,25.0,21.830985915492956,False,False,official final standings; spelling normalized,,False,False
Central Connecticut State,2022-23,Northeast,,unknown,261,25.0,23.32402234636871,False,False,official final standings; spelling normalized,,False,False
Central Connecticut State,2023-24,Northeast,,unknown,262,25.0,21.48876404494382,False,False,official final standings; spelling normalized,,False,False
Central Connecticut State,2024-25,Northeast,,unknown,226,50.0,35.1123595505618,False,False,official final standings; spelling normalized,,False,False
Central Connecticut State,2025-26,NEC,,unknown,265,25.0,21.629213483146067,False,False,official final standings; spelling normalized,,False,False
Central Michigan,2017-18,MAC,,unknown,114,163.5,67.52873563218391,False,False,official final standings; spelling normalized,,False,False
Central Michigan,2018-19,MAC,,unknown,107,164.0,69.57142857142857,False,False,official final standings; spelling normalized,,False,False
Central Michigan,2020-21,MAC,,unknown,93,172.5,74.01129943502825,False,False,official final standings; spelling normalized,,False,False
Central Michigan,2021-22,MAC,,unknown,119,142.0,66.61971830985915,False,False,official final standings; spelling normalized,,False,False
Central Michigan,2022-23,MAC,,unknown,243,45.0,32.122905027932966,False,False,official final standings; spelling normalized,,False,False
Central Michigan,2023-24,MAC,,unknown,252,31.5,29.49438202247191,False,False,official final standings; spelling normalized,,False,False
Central Michigan,2024-25,MAC,,unknown,262,28.5,26.685393258426966,False,False,official final standings; spelling normalized,,False,False
Central Michigan,2025-26,MAC,,unknown,199,72.5,44.38202247191011,False,False,official final standings; spelling normalized,,False,False
Charleston Southern,2017-18,,,unknown,,0.0,8.189655172413794,False,True,not available; imputed zero year,,False,False
Charleston Southern,2018-19,,,unknown,,0.0,8.0,False,True,not available; imputed zero year,,False,False
Charleston Southern,2020-21,Big South,,unknown,255,25.0,24.43502824858757,False,False,official final standings; spelling normalized,,False,False
Charleston Southern,2021-22,Big South,,unknown,258,30.0,26.901408450704224,False,False,official final standings; spelling normalized,,False,False
Charleston Southern,2022-23,Big South,,unknown,261,25.0,23.32402234636871,False,False,official final standings; spelling normalized,,False,False
Charleston Southern,2023-24,Big South,,unknown,304,9.3,14.747191011235955,False,False,official final standings; spelling normalized,,False,False
Charleston Southern,2024-25,Big South,,unknown,264,25.0,22.6123595505618,False,False,official final standings; spelling normalized,,False,False
Charleston Southern,2025-26,Big South,,unknown,210,63.0,41.29213483146067,False,False,official final standings; spelling normalized,,False,False
Charlotte,2017-18,,,unknown,,0.0,8.189655172413794,False,True,not available; imputed zero year,,False,False
Charlotte,2018-19,Conference USA,,unknown,223,50.0,34.14285714285714,False,False,official final standings; spelling normalized,,False,False
Charlotte,2020-21,Conference USA,,unknown,98,156.5,72.59887005649718,False,False,official final standings; spelling normalized,,False,False
Charlotte,2021-22,Conference USA,,unknown,159,103.5,55.35211267605634,False,False,official final standings; spelling normalized,,False,False
Charlotte,2022-23,Conference USA,,unknown,134,130.0,62.709497206703915,False,False,official final standings; spelling normalized,,False,False
Charlotte,2023-24,American,,unknown,94,199.0,73.87640449438202,False,False,official final standings; spelling normalized,,False,False
Charlotte,2024-25,American,,unknown,222,53.0,37.92134831460674,False,False,official final standings; spelling normalized,,False,False
Charlotte,2025-26,American,,unknown,216,59.5,39.46629213483146,False,False,official final standings; spelling normalized,,False,False
Chicago State,2017-18,,,unknown,,0.0,8.189655172413794,False,True,not available; imputed zero year,,False,False
Chicago State,2018-19,,,unknown,,0.0,8.0,False,True,not available; imputed zero year,,False,False
Chicago State,2020-21,,,unknown,,0.0,8.757062146892656,False,True,not available; imputed zero year,,False,False
Chicago State,2021-22,,,unknown,,0.0,8.591549295774648,False,True,not available; imputed zero year,,False,False
Chicago State,2022-23,,,unknown,,0.0,7.5418994413407825,False,True,not available; imputed zero year,,False,False
Chicago State,2023-24,Independent,,unknown,262,25.0,21.48876404494382,False,False,official final standings; spelling normalized,,False,False
Chicago State,2024-25,Northeast,,unknown,264,25.0,22.6123595505618,False,False,official final standings; spelling normalized,,False,False
Chicago State,2025-26,,,unknown,,0.0,7.865168539325842,False,True,not available; imputed zero year,,False,False
Cincinnati,2017-18,American,Under Armour,A,104,175.5,70.40229885057471,True,False,official final standings; spelling normalized,https://www.si.com/college/cincinnati/news/uc-officially-announces-nike-jordan-brand-deal-with-bsn-sports,True,True
Cincinnati,2018-19,American,Under Armour,A,92,200.0,74.0,True,False,official final standings; spelling normalized,https://www.si.com/college/cincinnati/news/uc-officially-announces-nike-jordan-brand-deal-with-bsn-sports,True,True
Cincinnati,2020-21,American,Under Armour,A,143,101.0,59.7457627118644,True,False,official final standings; spelling normalized,https://www.si.com/college/cincinnati/news/uc-officially-announces-nike-jordan-brand-deal-with-bsn-sports,True,True
Cincinnati,2021-22,American,Under Armour,A,139,124.0,60.985915492957744,True,False,official final standings; spelling normalized,https://www.si.com/college/cincinnati/news/uc-officially-announces-nike-jordan-brand-deal-with-bsn-sports,True,True
Cincinnati,2022-23,American,Under Armour,A,146,122.5,59.49720670391061,True,False,official final standings; spelling normalized,https://www.si.com/college/cincinnati/news/uc-officially-announces-nike-jordan-brand-deal-with-bsn-sports,True,True
Cincinnati,2023-24,Big 12,Nike,A,259,29.0,27.52808988764045,True,False,official final standings; spelling normalized,https://gobearcats.com/news/2023/12/11/cincinnati-athletics-announces-agreement-with-nike-inc-through-2029,True,True
Cincinnati,2024-25,Big 12,Nike,A,125,140.0,64.8876404494382,True,False,official final standings; spelling normalized,https://gobearcats.com/news/2023/12/11/cincinnati-athletics-announces-agreement-with-nike-inc-through-2029,True,True
Cincinnati,2025-26,Big 12,Nike,A,91,231.0,74.71910112359551,True,False,official final standings; spelling normalized,https://gobearcats.com/news/2023/12/11/cincinnati-athletics-announces-agreement-with-nike-inc-through-2029,True,True
Citadel,2017-18,,,unknown,,0.0,8.189655172413794,False,True,not available; imputed zero year,,False,False
Citadel,2018-19,,,unknown,,0.0,8.0,False,True,not available; imputed zero year,,False,False
Citadel,2020-21,,,unknown,,0.0,8.757062146892656,False,True,not available; imputed zero year,,False,False
Citadel,2021-22,SoCon,,unknown,218,57.0,38.732394366197184,False,False,official final standings; spelling normalized,,False,False
Citadel,2022-23,,,unknown,,0.0,7.5418994413407825,False,True,not available; imputed zero year,,False,False
Citadel,2023-24,,,unknown,,0.0,6.460674157303371,False,True,not available; imputed zero year,,False,False
Citadel,2024-25,SoCon,,unknown,290,23.5,18.679775280898877,False,False,official final standings; spelling normalized,,False,False
Citadel,2025-26,SoCon,,unknown,214,60.5,40.02808988764045,False,False,official final standings; spelling normalized,,False,False
Clemson,2017-18,ACC,Nike,A,52,471.75,85.34482758620689,True,False,official final standings; spelling normalized,https://athleticdirectoru.com/articles/cash-is-king-in-intercollegiate-apparel-agreements/,True,True
Clemson,2018-19,ACC,Nike,A,73,305.0,79.42857142857143,True,False,official final standings; spelling normalized,https://clemsontigers.com/news/2018/08/03/clemson-nike-agree-to-10-year-partnership-extension,True,True
Clemson,2020-21,ACC,Nike,A,36,554.75,90.11299435028248,True,False,official final standings; spelling normalized,https://clemsontigers.com/news/2018/08/03/clemson-nike-agree-to-10-year-partnership-extension,True,True
Clemson,2021-22,ACC,Nike,A,65,357.5,81.97183098591549,True,False,official final standings; spelling normalized,https://clemsontigers.com/news/2018/08/03/clemson-nike-agree-to-10-year-partnership-extension,True,True
Clemson,2022-23,ACC,Nike,A,51,475.5,86.03351955307262,True,False,official final standings; spelling normalized,https://clemsontigers.com/news/2018/08/03/clemson-nike-agree-to-10-year-partnership-extension,True,True
Clemson,2023-24,ACC,Nike,A,31,675.75,91.57303370786516,True,False,official final standings; spelling normalized,https://clemsontigers.com/news/2018/08/03/clemson-nike-agree-to-10-year-partnership-extension,True,True
Clemson,2024-25,ACC,Nike,A,47,524.25,87.07865168539325,True,False,official final standings; spelling normalized,https://clemsontigers.com/news/2018/08/03/clemson-nike-agree-to-10-year-partnership-extension,True,True
Clemson,2025-26,ACC,Nike,A,42,601.5,88.48314606741573,True,False,official final standings; spelling normalized,https://clemsontigers.com/news/2018/08/03/clemson-nike-agree-to-10-year-partnership-extension,True,True
Cleveland State,2017-18,Horizon League,,unknown,212,55.0,39.22413793103448,False,False,official final standings; spelling normalized,,False,False
Cleveland State,2018-19,Horizon League,,unknown,266,25.0,21.428571428571427,False,False,official final standings; spelling normalized,,False,False
Cleveland State,2020-21,Horizon League,,unknown,131,112.0,63.2768361581921,False,False,official final standings; spelling normalized,,False,False
Cleveland State,2021-22,Horizon League,,unknown,293,16.0,17.6056338028169,False,False,official final standings; spelling normalized,,False,False
Cleveland State,2022-23,Horizon League,,unknown,223,50.0,35.89385474860335,False,False,official final standings; spelling normalized,,False,False
Cleveland State,2023-24,Horizon League,,unknown,176,82.5,50.84269662921348,False,False,official final standings; spelling normalized,,False,False
Cleveland State,2024-25,Horizon League,,unknown,204,65.0,42.69662921348314,False,False,official final standings; spelling normalized,,False,False
Cleveland State,2025-26,Horizon League,,unknown,265,25.0,21.629213483146067,False,False,official final standings; spelling normalized,,False,False
Coastal Carolina,2017-18,Sun Belt,,unknown,117,157.0,66.52298850574712,False,False,official final standings; spelling normalized,,False,False
Coastal Carolina,2018-19,Sun Belt,,unknown,252,37.5,28.142857142857142,False,False,official final standings; spelling normalized,,False,False
Coastal Carolina,2020-21,Sun Belt,,unknown,105,138.5,70.62146892655367,False,False,official final standings; spelling normalized,,False,False
Coastal Carolina,2021-22,Sun Belt,,unknown,110,163.5,69.29577464788733,False,False,official final standings; spelling normalized,,False,False
Coastal Carolina,2022-23,Sun Belt,,unknown,170,95.5,52.79329608938548,False,False,official final standings; spelling normalized,,False,False
Coastal Carolina,2023-24,Sun Belt,,unknown,123,145.0,65.58988764044943,False,False,official final standings; spelling normalized,,False,False
Coastal Carolina,2024-25,Sun Belt,,unknown,111,157.5,69.10112359550563,False,False,official final standings; spelling normalized,,False,False
Coastal Carolina,2025-26,Sun Belt,,unknown,225,50.0,34.97191011235955,False,False,official final standings; spelling normalized,,False,False
Colgate,2017-18,Patriot,,unknown,119,154.0,66.0919540229885,False,False,official final standings; spelling normalized,,False,False
Colgate,2018-19,Patriot,,unknown,116,145.0,67.0,False,False,official final standings; spelling normalized,,False,False
Colgate,2020-21,Patriot,,unknown,215,50.0,37.28813559322034,False,False,official final standings; spelling normalized,,False,False
Colgate,2021-22,Patriot,,unknown,152,110.0,57.46478873239437,False,False,official final standings; spelling normalized,,False,False
Colgate,2022-23,Patriot,,unknown,129,135.0,64.24581005586593,False,False,official final standings; spelling normalized,,False,False
Colgate,2023-24,Patriot,,unknown,131,133.0,63.48314606741573,False,False,official final standings; spelling normalized,,False,False
Colgate,2024-25,Patriot,,unknown,130,130.0,63.62359550561798,False,False,official final standings; spelling normalized,,False,False
Colgate,2025-26,,,unknown,,0.0,7.865168539325842,False,True,not available; imputed zero year,,False,False
College of Charleston,2017-18,CAA,,unknown,207,64.5,40.804597701149426,False,False,official final standings; spelling normalized,,False,False
College of Charleston,2018-19,,,unknown,,0.0,8.0,False,True,not available; imputed zero year,,False,False
College of Charleston,2020-21,CAA,,unknown,251,31.0,29.37853107344633,False,False,official final standings; spelling normalized,,False,False
College of Charleston,2021-22,CAA,,unknown,214,60.5,39.859154929577464,False,False,official final standings; spelling normalized,,False,False
College of Charleston,2022-23,CAA,,unknown,241,47.5,32.960893854748605,False,False,official final standings; spelling normalized,,False,False
College of Charleston,2023-24,CAA,,unknown,253,30.0,28.51123595505618,False,False,official final standings; spelling normalized,,False,False
College of Charleston,2024-25,CAA,,unknown,187,75.0,47.05056179775281,False,False,official final standings; spelling normalized,,False,False
College of Charleston,2025-26,CAA,,unknown,155,107.0,56.74157303370787,False,False,official final standings; spelling normalized,,False,False
Colorado,2017-18,Pac-12,Nike,A,37,591.5,89.65517241379311,True,False,official final standings; spelling normalized,https://athleticdirectoru.com/articles/cash-is-king-in-intercollegiate-apparel-agreements/,True,True
Colorado,2018-19,Pac-12,Nike,A,50,511.0,86.0,True,False,official final standings; spelling normalized,https://football.hkm.com/wp-content/uploads/2020/08/2020_02-28_DORRELL_Karl_Employment_Agreement_FINAL_FOR_REGENT_APPROVAL-FULLY-EXECUTED.pdf,True,True
Colorado,2020-21,Pac-12,Nike,A,52,406.0,85.59322033898306,True,False,official final standings; spelling normalized,https://football.hkm.com/wp-content/uploads/2020/08/2020_02-28_DORRELL_Karl_Employment_Agreement_FINAL_FOR_REGENT_APPROVAL-FULLY-EXECUTED.pdf,True,True
Colorado,2021-22,Pac-12,Nike,A,58,418.75,83.94366197183099,True,False,official final standings; spelling normalized,https://football.hkm.com/wp-content/uploads/2020/08/2020_02-28_DORRELL_Karl_Employment_Agreement_FINAL_FOR_REGENT_APPROVAL-FULLY-EXECUTED.pdf,True,True
Colorado,2022-23,Pac-12,Nike,A,61,377.0,83.24022346368714,True,False,official final standings; spelling normalized,https://football.hkm.com/wp-content/uploads/2020/08/2020_02-28_DORRELL_Karl_Employment_Agreement_FINAL_FOR_REGENT_APPROVAL-FULLY-EXECUTED.pdf,True,True
Colorado,2023-24,Pac-12,Nike,A,59,407.5,83.70786516853933,True,False,official final standings; spelling normalized,https://football.hkm.com/wp-content/uploads/2020/08/2020_02-28_DORRELL_Karl_Employment_Agreement_FINAL_FOR_REGENT_APPROVAL-FULLY-EXECUTED.pdf,True,True
Colorado,2024-25,Big 12,Nike,A,69,325.5,80.89887640449437,True,False,official final standings; spelling normalized,https://football.hkm.com/wp-content/uploads/2020/08/2020_02-28_DORRELL_Karl_Employment_Agreement_FINAL_FOR_REGENT_APPROVAL-FULLY-EXECUTED.pdf,True,True
Colorado,2025-26,Big 12,,unknown,53,507.0,85.39325842696628,True,False,official final standings; spelling normalized,,False,False
Colorado State,2017-18,Mountain West,,unknown,77,267.0,78.16091954022988,False,False,official final standings; spelling normalized,,False,False
Colorado State,2018-19,Mountain West,,unknown,88,206.5,75.0,False,False,official final standings; spelling normalized,,False,False
Colorado State,2020-21,Mountain West,,unknown,142,101.5,60.16949152542372,False,False,official final standings; spelling normalized,,False,False
Colorado State,2021-22,Mountain West,,unknown,106,167.0,70.28169014084507,False,False,official final standings; spelling normalized,,False,False
Colorado State,2022-23,Mountain West,,unknown,117,156.0,67.59776536312849,False,False,official final standings; spelling normalized,,False,False
Colorado State,2023-24,Mountain West,,unknown,91,211.0,74.71910112359551,False,False,official final standings; spelling normalized,,False,False
Colorado State,2024-25,Mountain West,,unknown,93,204.0,74.15730337078652,False,False,official final standings; spelling normalized,,False,False
Colorado State,2025-26,Mountain West,,unknown,196,74.5,45.2247191011236,False,False,official final standings; spelling normalized,,False,False
Columbia,2017-18,Ivy League,,unknown,69,339.0,80.45977011494253,False,False,official final standings; spelling normalized,,False,False
Columbia,2018-19,Ivy League,,unknown,80,274.0,77.42857142857143,False,False,official final standings; spelling normalized,,False,False
Columbia,2020-21,,,unknown,,0.0,8.757062146892656,False,True,not available; imputed zero year,,False,False
Columbia,2021-22,Ivy League,,unknown,75,283.5,79.15492957746478,False,False,official final standings; spelling normalized,,False,False
Columbia,2022-23,Ivy League,,unknown,80,241.5,77.93296089385476,False,False,official final standings; spelling normalized,,False,False
Columbia,2023-24,Ivy League,,unknown,79,284.0,78.08988764044943,False,False,official final standings; spelling normalized,,False,False
Columbia,2024-25,Ivy League,,unknown,81,249.0,77.52808988764045,False,False,official final standings; spelling normalized,,False,False
Columbia,2025-26,Ivy League,,unknown,69,348.5,80.89887640449437,False,False,official final standings; spelling normalized,,False,False
Coppin State,2017-18,,,unknown,,0.0,8.189655172413794,False,True,not available; imputed zero year,,False,False
Coppin State,2018-19,MEAC,,unknown,264,26.5,24.857142857142858,False,False,official final standings; spelling normalized,,False,False
Coppin State,2020-21,,,unknown,,0.0,8.757062146892656,False,True,not available; imputed zero year,,False,False
Coppin State,2021-22,MEAC,,unknown,266,25.0,21.830985915492956,False,False,official final standings; spelling normalized,,False,False
Coppin State,2022-23,,,unknown,,0.0,7.5418994413407825,False,True,not available; imputed zero year,,False,False
Coppin State,2023-24,MEAC,,unknown,262,25.0,21.48876404494382,False,False,official final standings; spelling normalized,,False,False
Coppin State,2024-25,,,unknown,,0.0,7.584269662921349,False,True,not available; imputed zero year,,False,False
Coppin State,2025-26,MEAC,,unknown,265,25.0,21.629213483146067,False,False,official final standings; spelling normalized,,False,False
Cornell,2017-18,Ivy League,,unknown,82,242.5,76.72413793103449,True,False,official final standings; spelling normalized,,False,False
Cornell,2018-19,Ivy League,,unknown,81,263.0,77.14285714285715,True,False,official final standings; spelling normalized,,False,False
Cornell,2020-21,Ivy League,,unknown,291,7.75,17.937853107344633,True,False,official final standings; spelling normalized,,False,False
Cornell,2021-22,Ivy League,,unknown,83,237.5,76.90140845070422,True,False,official final standings; spelling normalized,,False,False
Cornell,2022-23,Ivy League,,unknown,64,363.0,82.40223463687151,True,False,official final standings; spelling normalized,,False,False
Cornell,2023-24,Ivy League,,unknown,71,339.0,80.33707865168539,True,False,official final standings; spelling normalized,,False,False
Cornell,2024-25,Ivy League,,unknown,44,537.5,87.92134831460675,True,False,official final standings; spelling normalized,,False,False
Cornell,2025-26,Ivy League,Nike,B,78,303.5,78.37078651685393,True,False,official final standings; spelling normalized,https://web.archive.org/web/20251116000010/https://cornellbigred.com/,True,True
Creighton,2017-18,Big East,,unknown,138,125.0,60.48850574712644,False,False,official final standings; spelling normalized,,False,False
Creighton,2018-19,Big East,,unknown,155,100.0,55.57142857142857,False,False,official final standings; spelling normalized,,False,False
Creighton,2020-21,Big East,,unknown,162,89.0,54.378531073446325,False,False,official final standings; spelling normalized,,False,False
Creighton,2021-22,Big East,,unknown,86,223.0,76.05633802816901,False,False,official final standings; spelling normalized,,False,False
Creighton,2022-23,Big East,,unknown,90,206.0,75.13966480446928,False,False,official final standings; spelling normalized,,False,False
Creighton,2023-24,Big East,,unknown,105,178.0,70.64606741573034,False,False,official final standings; spelling normalized,,False,False
Creighton,2024-25,Big East,,unknown,95,198.0,73.59550561797754,False,False,official final standings; spelling normalized,,False,False
Creighton,2025-26,Big East,,unknown,173,87.5,51.12359550561798,False,False,official final standings; spelling normalized,,False,False
Dartmouth,2017-18,Ivy League,,unknown,92,205.0,73.85057471264368,False,False,official final standings; spelling normalized,,False,False
Dartmouth,2018-19,Ivy League,,unknown,91,201.0,74.28571428571429,False,False,official final standings; spelling normalized,,False,False
Dartmouth,2020-21,,,unknown,,0.0,8.757062146892656,False,True,not available; imputed zero year,,False,False
Dartmouth,2021-22,Ivy League,,unknown,218,57.0,38.732394366197184,False,False,official final standings; spelling normalized,,False,False
Dartmouth,2022-23,Ivy League,,unknown,191,75.0,46.36871508379888,False,False,official final standings; spelling normalized,,False,False
Dartmouth,2023-24,Ivy League,,unknown,168,89.3,53.08988764044944,False,False,official final standings; spelling normalized,,False,False
Dartmouth,2024-25,Ivy League,,unknown,134,127.0,62.64044943820225,False,False,official final standings; spelling normalized,,False,False
Dartmouth,2025-26,Ivy League,,unknown,137,122.0,61.79775280898876,False,False,official final standings; spelling normalized,,False,False
Davidson,2017-18,Atlantic 10,,unknown,249,30.0,28.160919540229884,False,False,official final standings; spelling normalized,,False,False
Davidson,2018-19,,,unknown,,0.0,8.0,False,True,not available; imputed zero year,,False,False
Davidson,2020-21,Atlantic 10,,unknown,243,41.0,31.63841807909605,False,False,official final standings; spelling normalized,,False,False
Davidson,2021-22,Atlantic 10,,unknown,214,60.5,39.859154929577464,False,False,official final standings; spelling normalized,,False,False
Davidson,2022-23,Atlantic 10,,unknown,257,30.0,28.35195530726257,False,False,official final standings; spelling normalized,,False,False
Davidson,2023-24,,,unknown,,0.0,6.460674157303371,False,True,not available; imputed zero year,,False,False
Davidson,2024-25,Atlantic 10,,unknown,296,10.0,17.134831460674157,False,False,official final standings; spelling normalized,,False,False
Davidson,2025-26,Atlantic 10,,unknown,265,25.0,21.629213483146067,False,False,official final standings; spelling normalized,,False,False
Dayton,2017-18,Atlantic 10,,unknown,258,25.0,22.270114942528735,False,False,official final standings; spelling normalized,,False,False
Dayton,2018-19,Atlantic 10,,unknown,266,25.0,21.428571428571427,False,False,official final standings; spelling normalized,,False,False
Dayton,2020-21,Atlantic 10,,unknown,215,50.0,37.28813559322034,False,False,official final standings; spelling normalized,,False,False
Dayton,2021-22,Atlantic 10,,unknown,196,75.0,44.225352112676056,False,False,official final standings; spelling normalized,,False,False
Dayton,2022-23,,,unknown,,0.0,7.5418994413407825,False,True,not available; imputed zero year,,False,False
Dayton,2023-24,Atlantic 10,,unknown,120,150.0,66.57303370786516,False,False,official final standings; spelling normalized,,False,False
Dayton,2024-25,Atlantic 10,,unknown,133,128.0,62.92134831460674,False,False,official final standings; spelling normalized,,False,False
Dayton,2025-26,Atlantic 10,,unknown,265,25.0,21.629213483146067,False,False,official final standings; spelling normalized,,False,False
DePaul,2017-18,Big East,,unknown,189,75.0,44.9712643678161,False,False,official final standings; spelling normalized,,False,False
DePaul,2018-19,Big East,,unknown,174,87.5,50.42857142857143,False,False,official final standings; spelling normalized,,False,False
DePaul,2020-21,Big East,,unknown,255,25.0,24.43502824858757,False,False,official final standings; spelling normalized,,False,False
DePaul,2021-22,Big East,,unknown,258,30.0,26.901408450704224,False,False,official final standings; spelling normalized,,False,False
DePaul,2022-23,,,unknown,,0.0,7.5418994413407825,False,True,not available; imputed zero year,,False,False
DePaul,2023-24,Big East,,unknown,234,47.5,34.55056179775281,False,False,official final standings; spelling normalized,,False,False
DePaul,2024-25,Big East,,unknown,294,13.5,17.5561797752809,False,False,official final standings; spelling normalized,,False,False
DePaul,2025-26,,,unknown,,0.0,7.865168539325842,False,True,not available; imputed zero year,,False,False
Delaware,2017-18,CAA,,unknown,214,53.0,38.64942528735632,False,False,official final standings; spelling normalized,,False,False
Delaware,2018-19,CAA,,unknown,266,25.0,21.428571428571427,False,False,official final standings; spelling normalized,,False,False
Delaware,2020-21,CAA,,unknown,134,108.0,62.28813559322034,False,False,official final standings; spelling normalized,,False,False
Delaware,2021-22,CAA,,unknown,104,173.0,70.98591549295776,False,False,official final standings; spelling normalized,,False,False
Delaware,2022-23,CAA,,unknown,114,159.0,68.43575418994413,False,False,official final standings; spelling normalized,,False,False
Delaware,2023-24,CAA,,unknown,175,83.0,51.12359550561798,False,False,official final standings; spelling normalized,,False,False
Delaware,2024-25,CAA,,unknown,244,45.0,31.179775280898873,False,False,official final standings; spelling normalized,,False,False
Delaware,2025-26,Conference USA,,unknown,188,75.0,46.48876404494382,False,False,official final standings; spelling normalized,,False,False
Delaware State,2017-18,,,unknown,,0.0,8.189655172413794,False,True,not available; imputed zero year,,False,False
Delaware State,2018-19,,,unknown,,0.0,8.0,False,True,not available; imputed zero year,,False,False
Delaware State,2020-21,MEAC,,unknown,241,42.5,32.06214689265537,False,False,official final standings; spelling normalized,,False,False
Delaware State,2021-22,,,unknown,,0.0,8.591549295774648,False,True,not available; imputed zero year,,False,False
Delaware State,2022-23,MEAC,,unknown,261,25.0,23.32402234636871,False,False,official final standings; spelling normalized,,False,False
Delaware State,2023-24,,,unknown,,0.0,6.460674157303371,False,True,not available; imputed zero year,,False,False
Delaware State,2024-25,MEAC,,unknown,264,25.0,22.6123595505618,False,False,official final standings; spelling normalized,,False,False
Delaware State,2025-26,MEAC,,unknown,241,47.0,32.4438202247191,False,False,official final standings; spelling normalized,,False,False
Denver,2017-18,Summit,,unknown,47,529.25,86.7816091954023,True,False,official final standings; spelling normalized,,False,False
Denver,2018-19,Summit,,unknown,52,484.0,85.42857142857143,True,False,official final standings; spelling normalized,,False,False
Denver,2020-21,Summit,other,A,51,408.25,85.87570621468926,True,False,official final standings; spelling normalized,https://denverpioneers.com/news/2021/3/3/athletics-university-of-denver-joins-with-new-balance-and-bsn-sports,True,True
Denver,2021-22,Summit,,unknown,59,417.75,83.66197183098592,True,False,official final standings; spelling normalized,,False,False
Denver,2022-23,Summit,,unknown,63,373.25,82.68156424581005,True,False,official final standings; spelling normalized,,False,False
Denver,2023-24,Summit,,unknown,46,527.75,87.35955056179775,True,False,official final standings; spelling normalized,,False,False
Denver,2024-25,Summit,,unknown,62,404.25,82.86516853932584,True,False,official final standings; spelling normalized,,False,False
Denver,2025-26,Summit,Under Armour,A,66,383.5,81.74157303370787,True,False,official final standings; spelling normalized,https://denverpioneers.com/news/2025/6/3/athletics-denver-and-under-armour-begin-new-official-athletic-apparel-partnership,True,True
Detroit,2017-18,,,unknown,,0.0,8.189655172413794,False,True,not available; imputed zero year,,False,False
Detroit,2018-19,Horizon League,,unknown,243,47.0,30.857142857142858,False,False,official final standings; spelling normalized,,False,False
Detroit,2020-21,,,unknown,,0.0,8.757062146892656,False,True,not available; imputed zero year,,False,False
Detroit,2021-22,,,unknown,,0.0,8.591549295774648,False,True,not available; imputed zero year,,False,False
Detroit,2022-23,,,unknown,,0.0,7.5418994413407825,False,True,not available; imputed zero year,,False,False
Detroit,2023-24,,,unknown,,0.0,6.460674157303371,False,True,not available; imputed zero year,,False,False
Detroit,2024-25,,,unknown,,0.0,7.584269662921349,False,True,not available; imputed zero year,,False,False
Detroit,2025-26,,,unknown,,0.0,7.865168539325842,False,True,not available; imputed zero year,,False,False
Drake,2017-18,Missouri Valley,,unknown,152,100.0,55.74712643678161,False,False,official final standings; spelling normalized,,False,False
Drake,2018-19,Missouri Valley,,unknown,174,87.5,50.42857142857143,False,False,official final standings; spelling normalized,,False,False
Drake,2020-21,Missouri Valley,,unknown,169,85.0,52.40112994350282,False,False,official final standings; spelling normalized,,False,False
Drake,2021-22,Missouri Valley,,unknown,220,55.5,38.309859154929576,False,False,official final standings; spelling normalized,,False,False
Drake,2022-23,Missouri Valley,,unknown,109,167.5,69.83240223463687,False,False,official final standings; spelling normalized,,False,False
Drake,2023-24,Missouri Valley,,unknown,182,75.0,48.03370786516854,False,False,official final standings; spelling normalized,,False,False
Drake,2024-25,Missouri Valley,,unknown,187,75.0,47.05056179775281,False,False,official final standings; spelling normalized,,False,False
Drake,2025-26,Missouri Valley,,unknown,265,25.0,21.629213483146067,False,False,official final standings; spelling normalized,,False,False
Drexel,2017-18,CAA,,unknown,243,39.0,30.45977011494253,False,False,official final standings; spelling normalized,,False,False
Drexel,2018-19,CAA,,unknown,291,15.0,16.714285714285715,False,False,official final standings; spelling normalized,,False,False
Drexel,2020-21,CAA,,unknown,113,125.0,67.93785310734464,False,False,official final standings; spelling normalized,,False,False
Drexel,2021-22,CAA,,unknown,211,66.0,40.845070422535215,False,False,official final standings; spelling normalized,,False,False
Drexel,2022-23,CAA,,unknown,208,56.0,42.17877094972067,False,False,official final standings; spelling normalized,,False,False
Drexel,2023-24,CAA,,unknown,217,50.0,37.07865168539326,False,False,official final standings; spelling normalized,,False,False
Drexel,2024-25,,,unknown,,0.0,7.584269662921349,False,True,not available; imputed zero year,,False,False
Drexel,2025-26,CAA,,unknown,218,57.5,39.04494382022472,False,False,official final standings; spelling normalized,,False,False
Duke,2017-18,ACC,Nike,A,11,1004.25,97.1264367816092,True,False,official final standings; spelling normalized,https://goduke.com/news/2015/10/15/210424501,True,True
Duke,2018-19,ACC,Nike,A,9,1001.0,97.71428571428572,True,False,official final standings; spelling normalized,https://goduke.com/news/2015/10/15/210424501,True,True
Duke,2020-21,ACC,Nike,A,21,831.5,94.35028248587572,True,False,official final standings; spelling normalized,https://goduke.com/news/2015/10/15/210424501,True,True
Duke,2021-22,ACC,Nike,A,21,849.5,94.3661971830986,True,False,official final standings; spelling normalized,https://goduke.com/news/2015/10/15/210424501,True,True
Duke,2022-23,ACC,Nike,A,16,977.8,95.81005586592178,True,False,official final standings; spelling normalized,https://goduke.com/news/2015/10/15/210424501,True,True
Duke,2023-24,ACC,Nike,A,17,928.5,95.50561797752808,True,False,official final standings; spelling normalized,https://goduke.com/news/2015/10/15/210424501,True,True
Duke,2024-25,ACC,Nike,A,10,1010.0,97.47191011235957,True,False,official final standings; spelling normalized,https://goduke.com/news/2015/10/15/210424501,True,True
Duke,2025-26,ACC,Nike,A,11,1039.25,97.19101123595506,True,False,official final standings; spelling normalized,https://goduke.com/news/2015/10/15/210424501,True,True
Duquesne,2017-18,,,unknown,,0.0,8.189655172413794,False,True,not available; imputed zero year,,False,False
Duquesne,2018-19,Atlantic 10,,unknown,219,53.0,37.285714285714285,False,False,official final standings; spelling normalized,,False,False
Duquesne,2020-21,Atlantic 10,,unknown,241,42.5,32.06214689265537,False,False,official final standings; spelling normalized,,False,False
Duquesne,2021-22,,,unknown,,0.0,8.591549295774648,False,True,not available; imputed zero year,,False,False
Duquesne,2022-23,Atlantic 10,,unknown,246,42.5,31.424581005586592,False,False,official final standings; spelling normalized,,False,False
Duquesne,2023-24,Atlantic 10,,unknown,127,140.0,64.60674157303372,False,False,official final standings; spelling normalized,,False,False
Duquesne,2024-25,,,unknown,,0.0,7.584269662921349,False,True,not available; imputed zero year,,False,False
Duquesne,2025-26,Atlantic 10,,unknown,244,45.0,31.03932584269663,False,False,official final standings; spelling normalized,,False,False
East Carolina,2017-18,American,,unknown,240,42.5,31.321839080459768,False,False,official final standings; spelling normalized,,False,False
East Carolina,2018-19,American,,unknown,148,107.0,57.99999999999999,False,False,official final standings; spelling normalized,,False,False
East Carolina,2020-21,American,,unknown,156,93.5,56.07344632768362,False,False,official final standings; spelling normalized,,False,False
East Carolina,2021-22,American,,unknown,195,77.5,45.352112676056336,False,False,official final standings; spelling normalized,,False,False
East Carolina,2022-23,American,,unknown,147,120.0,58.659217877094974,False,False,official final standings; spelling normalized,,False,False
East Carolina,2023-24,American,,unknown,217,50.0,37.07865168539326,False,False,official final standings; spelling normalized,,False,False
East Carolina,2024-25,American,,unknown,128,137.0,64.18539325842697,False,False,official final standings; spelling normalized,,False,False
East Carolina,2025-26,American,,unknown,150,112.0,57.86516853932584,False,False,official final standings; spelling normalized,,False,False
East Tennessee State,2017-18,SoCon,,unknown,217,50.0,35.3448275862069,False,False,official final standings; spelling normalized,,False,False
East Tennessee State,2018-19,SoCon,,unknown,190,75.0,44.714285714285715,False,False,official final standings; spelling normalized,,False,False
East Tennessee State,2020-21,SoCon,,unknown,179,76.0,49.57627118644068,False,False,official final standings; spelling normalized,,False,False
East Tennessee State,2021-22,SoCon,,unknown,122,140.0,65.91549295774648,False,False,official final standings; spelling normalized,,False,False
East Tennessee State,2022-23,SoCon,,unknown,171,95.0,51.955307262569825,False,False,official final standings; spelling normalized,,False,False
East Tennessee State,2023-24,SoCon,,unknown,133,131.0,62.92134831460674,False,False,official final standings; spelling normalized,,False,False
East Tennessee State,2024-25,SoCon,,unknown,240,47.5,32.7247191011236,False,False,official final standings; spelling normalized,,False,False
East Tennessee State,2025-26,SoCon,,unknown,265,25.0,21.629213483146067,False,False,official final standings; spelling normalized,,False,False
Eastern Illinois,2017-18,,,unknown,,0.0,8.189655172413794,False,True,not available; imputed zero year,,False,False
Eastern Illinois,2018-19,,,unknown,,0.0,8.0,False,True,not available; imputed zero year,,False,False
Eastern Illinois,2020-21,,,unknown,,0.0,8.757062146892656,False,True,not available; imputed zero year,,False,False
Eastern Illinois,2021-22,,,unknown,,0.0,8.591549295774648,False,True,not available; imputed zero year,,False,False
Eastern Illinois,2022-23,OVC,,unknown,223,50.0,35.89385474860335,False,False,official final standings; spelling normalized,,False,False
Eastern Illinois,2023-24,OVC,,unknown,262,25.0,21.48876404494382,False,False,official final standings; spelling normalized,,False,False
Eastern Illinois,2024-25,OVC,,unknown,264,25.0,22.6123595505618,False,False,official final standings; spelling normalized,,False,False
Eastern Illinois,2025-26,OVC,,unknown,225,50.0,34.97191011235955,False,False,official final standings; spelling normalized,,False,False
Eastern Kentucky,2017-18,OVC,,unknown,130,139.0,62.643678160919535,False,False,official final standings; spelling normalized,,False,False
Eastern Kentucky,2018-19,OVC,,unknown,214,58.5,39.14285714285714,False,False,official final standings; spelling normalized,,False,False
Eastern Kentucky,2020-21,OVC,,unknown,215,50.0,37.28813559322034,False,False,official final standings; spelling normalized,,False,False
Eastern Kentucky,2021-22,ASUN,,unknown,251,41.5,29.577464788732392,False,False,official final standings; spelling normalized,,False,False
Eastern Kentucky,2022-23,ASUN,,unknown,248,42.0,30.8659217877095,False,False,official final standings; spelling normalized,,False,False
Eastern Kentucky,2023-24,ASUN,,unknown,193,67.5,46.06741573033708,False,False,official final standings; spelling normalized,,False,False
Eastern Kentucky,2024-25,ASUN,,unknown,197,70.0,44.241573033707866,False,False,official final standings; spelling normalized,,False,False
Eastern Kentucky,2025-26,ASUN,,unknown,118,142.5,67.13483146067416,False,False,official final standings; spelling normalized,,False,False
Eastern Michigan,2017-18,MAC,,unknown,102,178.0,70.97701149425288,False,False,official final standings; spelling normalized,,False,False
Eastern Michigan,2018-19,MAC,,unknown,167,92.0,52.42857142857142,False,False,official final standings; spelling normalized,,False,False
Eastern Michigan,2020-21,MAC,,unknown,209,58.5,41.24293785310734,False,False,official final standings; spelling normalized,,False,False
Eastern Michigan,2021-22,MAC,,unknown,247,47.5,30.704225352112672,False,False,official final standings; spelling normalized,,False,False
Eastern Michigan,2022-23,MAC,,unknown,201,69.0,44.134078212290504,False,False,official final standings; spelling normalized,,False,False
Eastern Michigan,2023-24,MAC,,unknown,262,25.0,21.48876404494382,False,False,official final standings; spelling normalized,,False,False
Eastern Michigan,2024-25,,,unknown,,0.0,7.584269662921349,False,True,not available; imputed zero year,,False,False
Eastern Michigan,2025-26,MAC,,unknown,180,82.5,49.71910112359551,False,False,official final standings; spelling normalized,,False,False
Eastern Washington,2017-18,Big Sky,,unknown,258,25.0,22.270114942528735,False,False,official final standings; spelling normalized,,False,False
Eastern Washington,2018-19,Big Sky,,unknown,171,90.0,51.142857142857146,False,False,official final standings; spelling normalized,,False,False
Eastern Washington,2020-21,Big Sky,,unknown,215,50.0,37.28813559322034,False,False,official final standings; spelling normalized,,False,False
Eastern Washington,2021-22,Big Sky,,unknown,225,53.0,36.61971830985916,False,False,official final standings; spelling normalized,,False,False
Eastern Washington,2022-23,,,unknown,,0.0,7.5418994413407825,False,True,not available; imputed zero year,,False,False
Eastern Washington,2023-24,Big Sky,,unknown,262,25.0,21.48876404494382,False,False,official final standings; spelling normalized,,False,False
Eastern Washington,2024-25,,,unknown,,0.0,7.584269662921349,False,True,not available; imputed zero year,,False,False
Eastern Washington,2025-26,,,unknown,,0.0,7.865168539325842,False,True,not available; imputed zero year,,False,False
Elon,2017-18,CAA,,unknown,217,50.0,35.3448275862069,False,False,official final standings; spelling normalized,,False,False
Elon,2018-19,CAA,,unknown,223,50.0,34.14285714285714,False,False,official final standings; spelling normalized,,False,False
Elon,2020-21,CAA,,unknown,255,25.0,24.43502824858757,False,False,official final standings; spelling normalized,,False,False
Elon,2021-22,,,unknown,,0.0,8.591549295774648,False,True,not available; imputed zero year,,False,False
Elon,2022-23,CAA,,unknown,223,50.0,35.89385474860335,False,False,official final standings; spelling normalized,,False,False
Elon,2023-24,,,unknown,,0.0,6.460674157303371,False,True,not available; imputed zero year,,False,False
Elon,2024-25,CAA,,unknown,216,55.0,39.18539325842696,False,False,official final standings; spelling normalized,,False,False
Elon,2025-26,CAA,,unknown,160,100.0,55.0561797752809,False,False,official final standings; spelling normalized,,False,False
Evansville,2017-18,,,unknown,,0.0,8.189655172413794,False,True,not available; imputed zero year,,False,False
Evansville,2018-19,,,unknown,,0.0,8.0,False,True,not available; imputed zero year,,False,False
Evansville,2020-21,Missouri Valley,,unknown,286,15.0,19.491525423728813,False,False,official final standings; spelling normalized,,False,False
Evansville,2021-22,,,unknown,,0.0,8.591549295774648,False,True,not available; imputed zero year,,False,False
Evansville,2022-23,,,unknown,,0.0,7.5418994413407825,False,True,not available; imputed zero year,,False,False
Evansville,2023-24,Missouri Valley,,unknown,199,64.0,44.10112359550562,False,False,official final standings; spelling normalized,,False,False
Evansville,2024-25,Missouri Valley,,unknown,264,25.0,22.6123595505618,False,False,official final standings; spelling normalized,,False,False
Evansville,2025-26,,,unknown,,0.0,7.865168539325842,False,True,not available; imputed zero year,,False,False
Fairfield,2017-18,MAAC,,unknown,152,100.0,55.74712643678161,False,False,official final standings; spelling normalized,,False,False
Fairfield,2018-19,MAAC,,unknown,223,50.0,34.14285714285714,False,False,official final standings; spelling normalized,,False,False
Fairfield,2020-21,MAAC,,unknown,182,75.0,47.31638418079096,False,False,official final standings; spelling normalized,,False,False
Fairfield,2021-22,MAAC,,unknown,163,100.0,54.08450704225351,False,False,official final standings; spelling normalized,,False,False
Fairfield,2022-23,MAAC,,unknown,261,25.0,23.32402234636871,False,False,official final standings; spelling normalized,,False,False
Fairfield,2023-24,MAAC,,unknown,156,100.0,56.32022471910112,False,False,official final standings; spelling normalized,,False,False
Fairfield,2024-25,MAAC,,unknown,102,185.0,71.62921348314607,False,False,official final standings; spelling normalized,,False,False
Fairfield,2025-26,MAAC,,unknown,140,120.0,60.53370786516854,False,False,official final standings; spelling normalized,,False,False
Fairleigh Dickinson,2017-18,Northeast,,unknown,244,35.0,30.17241379310345,False,False,official final standings; spelling normalized,,False,False
Fairleigh Dickinson,2018-19,Northeast,,unknown,209,62.0,40.57142857142857,False,False,official final standings; spelling normalized,,False,False
Fairleigh Dickinson,2020-21,Northeast,,unknown,172,82.5,51.69491525423729,False,False,official final standings; spelling normalized,,False,False
Fairleigh Dickinson,2021-22,Northeast,,unknown,139,124.0,60.985915492957744,False,False,official final standings; spelling normalized,,False,False
Fairleigh Dickinson,2022-23,Northeast,,unknown,94,192.5,74.02234636871509,False,False,official final standings; spelling normalized,,False,False
Fairleigh Dickinson,2023-24,Northeast,,unknown,182,75.0,48.03370786516854,False,False,official final standings; spelling normalized,,False,False
Fairleigh Dickinson,2024-25,Northeast,,unknown,118,149.0,67.13483146067416,False,False,official final standings; spelling normalized,,False,False
Fairleigh Dickinson,2025-26,NEC,,unknown,213,61.0,40.44943820224719,False,False,official final standings; spelling normalized,,False,False
Florida,2017-18,SEC,Nike,A,3,1216.0,99.42528735632185,True,False,official final standings; spelling normalized,https://athleticdirectoru.com/articles/cash-is-king-in-intercollegiate-apparel-agreements/,True,True
Florida,2018-19,SEC,Nike,A,3,1156.75,99.42857142857144,True,False,official final standings; spelling normalized,https://www.onlygators.com/02/25/2015/florida-gators-extend-apparel-contract-with-nike/,True,True
Florida,2020-21,SEC,Nike,A,5,1121.75,98.87005649717514,True,False,official final standings; spelling normalized,https://www.onlygators.com/02/25/2015/florida-gators-extend-apparel-contract-with-nike/,True,True
Florida,2021-22,SEC,Nike,A,5,1180.75,98.87323943661973,True,False,official final standings; spelling normalized,https://www.onlygators.com/02/25/2015/florida-gators-extend-apparel-contract-with-nike/,True,True
Florida,2022-23,SEC,Nike,A,5,1091.5,98.8826815642458,True,False,official final standings; spelling normalized,https://www.onlygators.com/02/25/2015/florida-gators-extend-apparel-contract-with-nike/,True,True
Florida,2023-24,SEC,Nike,A,4,1189.0,99.15730337078652,True,False,official final standings; spelling normalized,https://www.onlygators.com/02/25/2015/florida-gators-extend-apparel-contract-with-nike/,True,True
Florida,2024-25,SEC,Nike,C,7,1072.0,98.31460674157304,True,False,official final standings; spelling normalized,https://www.onlygators.com/02/25/2015/florida-gators-extend-apparel-contract-with-nike/,True,False
Florida,2025-26,SEC,Nike,B,6,1104.5,98.59550561797754,True,False,official final standings; spelling normalized,https://floridagators.com/sports/2025/8/6/overview-name-image-likeness,True,True
Florida A&M,2017-18,,,unknown,,0.0,8.189655172413794,False,True,not available; imputed zero year,,False,False
Florida A&M,2018-19,MEAC,,unknown,266,25.0,21.428571428571427,False,False,official final standings; spelling normalized,,False,False
Florida A&M,2020-21,MEAC,,unknown,293,5.0,17.51412429378531,False,False,official final standings; spelling normalized,,False,False
Florida A&M,2021-22,SWAC,,unknown,229,50.0,33.52112676056338,False,False,official final standings; spelling normalized,,False,False
Florida A&M,2022-23,SWAC,,unknown,191,75.0,46.36871508379888,False,False,official final standings; spelling normalized,,False,False
Florida A&M,2023-24,SWAC,,unknown,237,45.0,33.00561797752809,False,False,official final standings; spelling normalized,,False,False
Florida A&M,2024-25,SWAC,,unknown,216,55.0,39.18539325842696,False,False,official final standings; spelling normalized,,False,False
Florida A&M,2025-26,SWAC,,unknown,225,50.0,34.97191011235955,False,False,official final standings; spelling normalized,,False,False
Florida Atlantic,2017-18,Conference USA,,unknown,165,95.0,52.44252873563219,False,False,official final standings; spelling normalized,,False,False
Florida Atlantic,2018-19,Conference USA,,unknown,252,37.5,28.142857142857142,False,False,official final standings; spelling normalized,,False,False
Florida Atlantic,2020-21,Conference USA,,unknown,255,25.0,24.43502824858757,False,False,official final standings; spelling normalized,,False,False
Florida Atlantic,2021-22,Conference USA,,unknown,216,60.0,39.29577464788732,False,False,official final standings; spelling normalized,,False,False
Florida Atlantic,2022-23,Conference USA,,unknown,127,136.0,64.80446927374301,False,False,official final standings; spelling normalized,,False,False
Florida Atlantic,2023-24,American,,unknown,217,50.0,37.07865168539326,False,False,official final standings; spelling normalized,,False,False
Florida Atlantic,2024-25,American,,unknown,147,112.5,58.98876404494382,False,False,official final standings; spelling normalized,,False,False
Florida Atlantic,2025-26,American,,unknown,265,25.0,21.629213483146067,False,False,official final standings; spelling normalized,,False,False
Florida Gulf Coast,2017-18,Atlantic Sun,,unknown,189,75.0,44.9712643678161,False,False,official final standings; spelling normalized,,False,False
Florida Gulf Coast,2018-19,ASUN,,unknown,155,100.0,55.57142857142857,False,False,official final standings; spelling normalized,,False,False
Florida Gulf Coast,2020-21,ASUN,,unknown,159,91.0,55.225988700564976,False,False,official final standings; spelling normalized,,False,False
Florida Gulf Coast,2021-22,ASUN,,unknown,157,105.0,55.91549295774648,False,False,official final standings; spelling normalized,,False,False
Florida Gulf Coast,2022-23,ASUN,,unknown,142,125.0,60.614525139664806,False,False,official final standings; spelling normalized,,False,False
Florida Gulf Coast,2023-24,ASUN,,unknown,146,112.5,59.12921348314607,False,False,official final standings; spelling normalized,,False,False
Florida Gulf Coast,2024-25,ASUN,,unknown,179,80.5,50.0,False,False,official final standings; spelling normalized,,False,False
Florida Gulf Coast,2025-26,ASUN,,unknown,299,5.0,16.01123595505618,False,False,official final standings; spelling normalized,,False,False
Florida International,2017-18,Conference USA,,unknown,117,157.0,66.52298850574712,False,False,official final standings; spelling normalized,,False,False
Florida International,2018-19,Conference USA,,unknown,184,77.0,47.285714285714285,False,False,official final standings; spelling normalized,,False,False
Florida International,2020-21,Conference USA,,unknown,255,25.0,24.43502824858757,False,False,official final standings; spelling normalized,,False,False
Florida International,2021-22,Conference USA,,unknown,121,140.5,66.19718309859155,False,False,official final standings; spelling normalized,,False,False
Florida International,2022-23,Conference USA,,unknown,103,172.0,71.36871508379889,False,False,official final standings; spelling normalized,,False,False
Florida International,2023-24,Conference USA,,unknown,182,75.0,48.03370786516854,False,False,official final standings; spelling normalized,,False,False
Florida International,2024-25,Conference USA,,unknown,214,58.5,40.168539325842694,False,False,official final standings; spelling normalized,,False,False
Florida International,2025-26,Conference USA,,unknown,254,30.0,27.94943820224719,False,False,official final standings; spelling normalized,,False,False
Florida State,2017-18,ACC,Nike,A,9,1038.75,97.70114942528735,True,False,official final standings; spelling normalized,https://athleticdirectoru.com/articles/cash-is-king-in-intercollegiate-apparel-agreements/,True,True
Florida State,2018-19,ACC,Nike,A,7,1046.25,98.28571428571428,True,False,official final standings; spelling normalized,https://seminoles.com/documents/download/2024/1/15/Florida_State_University_Department_of_Intercollegiate_Athletics_FY23.pdf,True,True
Florida State,2020-21,ACC,Nike,A,16,893.0,95.76271186440678,True,False,official final standings; spelling normalized,https://seminoles.com/documents/download/2024/1/15/Florida_State_University_Department_of_Intercollegiate_Athletics_FY23.pdf,True,True
Florida State,2021-22,ACC,Nike,A,14,910.0,96.3380281690141,True,False,official final standings; spelling normalized,https://seminoles.com/documents/download/2024/1/15/Florida_State_University_Department_of_Intercollegiate_Athletics_FY23.pdf,True,True
Florida State,2022-23,ACC,Nike,A,17,909.25,95.53072625698324,True,False,official final standings; spelling normalized,https://seminoles.com/documents/download/2024/1/15/Florida_State_University_Department_of_Intercollegiate_Athletics_FY23.pdf,True,True
Florida State,2023-24,ACC,Nike,A,12,998.88,96.91011235955057,True,False,official final standings; spelling normalized,https://seminoles.com/documents/download/2024/1/15/Florida_State_University_Department_of_Intercollegiate_Athletics_FY23.pdf,True,True
Florida State,2024-25,ACC,Nike,A,28,776.0,92.41573033707866,True,False,official final standings; spelling normalized,https://seminoles.com/documents/download/2024/1/15/Florida_State_University_Department_of_Intercollegiate_Athletics_FY23.pdf,True,True
Florida State,2025-26,ACC,Nike,A,41,604.0,88.76404494382022,True,False,official final standings; spelling normalized,https://seminoles.com/documents/download/2024/1/15/Florida_State_University_Department_of_Intercollegiate_Athletics_FY23.pdf,True,True
Fordham,2017-18,Atlantic 10,,unknown,160,98.0,54.310344827586206,False,False,official final standings; spelling normalized,,False,False
Fordham,2018-19,Atlantic 10,,unknown,190,75.0,44.714285714285715,False,False,official final standings; spelling normalized,,False,False
Fordham,2020-21,Atlantic 10,,unknown,215,50.0,37.28813559322034,False,False,official final standings; spelling normalized,,False,False
Fordham,2021-22,Atlantic 10,,unknown,229,50.0,33.52112676056338,False,False,official final standings; spelling normalized,,False,False
Fordham,2022-23,Atlantic 10,,unknown,191,75.0,46.36871508379888,False,False,official final standings; spelling normalized,,False,False
Fordham,2023-24,Atlantic 10,,unknown,262,25.0,21.48876404494382,False,False,official final standings; spelling normalized,,False,False
Fordham,2024-25,Atlantic 10,,unknown,180,80.0,49.157303370786515,False,False,official final standings; spelling normalized,,False,False
Fordham,2025-26,Atlantic 10,,unknown,183,80.0,48.735955056179776,False,False,official final standings; spelling normalized,,False,False
Fresno State,2017-18,Mountain West,,unknown,186,81.0,46.83908045977011,False,False,official final standings; spelling normalized,,False,False
Fresno State,2018-19,Mountain West,,unknown,102,175.0,71.14285714285714,False,False,official final standings; spelling normalized,,False,False
Fresno State,2020-21,Mountain West,,unknown,95,162.5,73.30508474576271,False,False,official final standings; spelling normalized,,False,False
Fresno State,2021-22,Mountain West,,unknown,157,105.0,55.91549295774648,False,False,official final standings; spelling normalized,,False,False
Fresno State,2022-23,Mountain West,,unknown,156,110.0,56.70391061452514,False,False,official final standings; spelling normalized,,False,False
Fresno State,2023-24,Mountain West,,unknown,116,160.0,67.69662921348315,False,False,official final standings; spelling normalized,,False,False
Fresno State,2024-25,Mountain West,,unknown,138,119.5,61.51685393258427,False,False,official final standings; spelling normalized,,False,False
Fresno State,2025-26,Mountain West,,unknown,211,62.0,40.87078651685393,False,False,official final standings; spelling normalized,,False,False
Furman,2017-18,SoCon,,unknown,73,307.5,79.3103448275862,False,False,official final standings; spelling normalized,,False,False
Furman,2018-19,SoCon,,unknown,94,191.5,73.28571428571429,False,False,official final standings; spelling normalized,,False,False
Furman,2020-21,SoCon,,unknown,129,115.5,63.84180790960452,False,False,official final standings; spelling normalized,,False,False
Furman,2021-22,SoCon,,unknown,128,135.5,63.94366197183099,False,False,official final standings; spelling normalized,,False,False
Furman,2022-23,SoCon,,unknown,113,160.5,68.71508379888269,False,False,official final standings; spelling normalized,,False,False
Furman,2023-24,SoCon,,unknown,139,120.0,61.09550561797753,False,False,official final standings; spelling normalized,,False,False
Furman,2024-25,SoCon,,unknown,96,197.5,73.31460674157303,False,False,official final standings; spelling normalized,,False,False
Furman,2025-26,SoCon,,unknown,135,124.5,62.35955056179775,False,False,official final standings; spelling normalized,,False,False
Gardner-Webb,2017-18,,,unknown,,0.0,8.189655172413794,False,True,not available; imputed zero year,,False,False
Gardner-Webb,2018-19,Big South,,unknown,266,25.0,21.428571428571427,False,False,official final standings; spelling normalized,,False,False
Gardner-Webb,2020-21,Big South,,unknown,283,22.0,20.33898305084746,False,False,official final standings; spelling normalized,,False,False
Gardner-Webb,2021-22,,,unknown,,0.0,8.591549295774648,False,True,not available; imputed zero year,,False,False
Gardner-Webb,2022-23,Big South,,unknown,176,94.0,51.117318435754186,False,False,official final standings; spelling normalized,,False,False
Gardner-Webb,2023-24,Big South,,unknown,244,41.0,31.741573033707866,False,False,official final standings; spelling normalized,,False,False
Gardner-Webb,2024-25,Big South,,unknown,187,75.0,47.05056179775281,False,False,official final standings; spelling normalized,,False,False
Gardner-Webb,2025-26,Big South,,unknown,244,45.0,31.03932584269663,False,False,official final standings; spelling normalized,,False,False
George Mason,2017-18,Atlantic 10,,unknown,288,15.5,17.52873563218391,False,False,official final standings; spelling normalized,,False,False
George Mason,2018-19,Atlantic 10,,unknown,287,23.5,18.285714285714285,False,False,official final standings; spelling normalized,,False,False
George Mason,2020-21,,,unknown,,0.0,8.757062146892656,False,True,not available; imputed zero year,,False,False
George Mason,2021-22,,,unknown,,0.0,8.591549295774648,False,True,not available; imputed zero year,,False,False
George Mason,2022-23,Atlantic 10,,unknown,178,91.0,50.5586592178771,False,False,official final standings; spelling normalized,,False,False
George Mason,2023-24,Atlantic 10,,unknown,261,26.0,26.96629213483146,False,False,official final standings; spelling normalized,,False,False
George Mason,2024-25,Atlantic 10,,unknown,249,44.0,30.196629213483146,False,False,official final standings; spelling normalized,,False,False
George Mason,2025-26,Atlantic 10,,unknown,252,39.0,29.49438202247191,False,False,official final standings; spelling normalized,,False,False
George Washington,2017-18,Atlantic 10,,unknown,161,96.5,54.02298850574713,False,False,official final standings; spelling normalized,,False,False
George Washington,2018-19,Atlantic 10,,unknown,203,68.5,42.285714285714285,False,False,official final standings; spelling normalized,,False,False
George Washington,2020-21,Atlantic 10,,unknown,255,25.0,24.43502824858757,False,False,official final standings; spelling normalized,,False,False
George Washington,2021-22,,,unknown,,0.0,8.591549295774648,False,True,not available; imputed zero year,,False,False
George Washington,2022-23,Atlantic 10,,unknown,254,34.0,29.18994413407821,False,False,official final standings; spelling normalized,,False,False
George Washington,2023-24,Atlantic 10,,unknown,251,32.0,29.775280898876407,False,False,official final standings; spelling normalized,,False,False
George Washington,2024-25,,,unknown,,0.0,7.584269662921349,False,True,not available; imputed zero year,,False,False
George Washington,2025-26,,,unknown,,0.0,7.865168539325842,False,True,not available; imputed zero year,,False,False
Georgetown,2017-18,Big East,,unknown,93,202.5,73.5632183908046,False,False,official final standings; spelling normalized,,False,False
Georgetown,2018-19,Big East,,unknown,70,329.5,80.28571428571428,False,False,official final standings; spelling normalized,,False,False
Georgetown,2020-21,Big East,,unknown,63,339.0,82.48587570621469,False,False,official final standings; spelling normalized,,False,False
Georgetown,2021-22,Big East,,unknown,70,329.0,80.56338028169014,False,False,official final standings; spelling normalized,,False,False
Georgetown,2022-23,Big East,,unknown,67,327.5,81.56424581005587,False,False,official final standings; spelling normalized,,False,False
Georgetown,2023-24,Big East,,unknown,53,451.0,85.39325842696628,False,False,official final standings; spelling normalized,,False,False
Georgetown,2024-25,Big East,,unknown,64,389.2,82.30337078651685,False,False,official final standings; spelling normalized,,False,False
Georgetown,2025-26,Big East,,unknown,72,322.0,80.0561797752809,False,False,official final standings; spelling normalized,,False,False
Georgia,2017-18,SEC,Nike,A,8,1046.35,97.98850574712644,True,False,official final standings; spelling normalized,https://www.sportsbusinessjournal.com/Daily/Issues/2015/05/20/Marketing-and-Sponsorship/Georgia-Nike/,True,True
Georgia,2018-19,SEC,Nike,A,21,808.0,94.28571428571428,True,False,official final standings; spelling normalized,https://www.sportsbusinessjournal.com/Daily/Issues/2015/05/20/Marketing-and-Sponsorship/Georgia-Nike/,True,True
Georgia,2020-21,SEC,Nike,A,10,971.5,97.45762711864408,True,False,official final standings; spelling normalized,https://www.sportsbusinessjournal.com/Daily/Issues/2015/05/20/Marketing-and-Sponsorship/Georgia-Nike/,True,True
Georgia,2021-22,SEC,Nike,A,19,865.0,94.92957746478872,True,False,official final standings; spelling normalized,https://www.sportsbusinessjournal.com/Daily/Issues/2015/05/20/Marketing-and-Sponsorship/Georgia-Nike/,True,True
Georgia,2022-23,SEC,Nike,A,7,1072.5,98.32402234636872,True,False,official final standings; spelling normalized,https://www.sportsbusinessjournal.com/Daily/Issues/2015/05/20/Marketing-and-Sponsorship/Georgia-Nike/,True,True
Georgia,2023-24,SEC,Nike,A,16,951.38,95.78651685393258,True,False,official final standings; spelling normalized,https://www.sportsbusinessjournal.com/Daily/Issues/2015/05/20/Marketing-and-Sponsorship/Georgia-Nike/,True,True
Georgia,2024-25,SEC,,unknown,14,920.0,96.34831460674155,True,False,official final standings; spelling normalized,,False,False
Georgia,2025-26,SEC,,unknown,8,1081.25,98.03370786516854,True,False,official final standings; spelling normalized,,False,False
Georgia Southern,2017-18,,,unknown,,0.0,8.189655172413794,False,True,not available; imputed zero year,,False,False
Georgia Southern,2018-19,Sun Belt,,unknown,165,93.0,53.0,False,False,official final standings; spelling normalized,,False,False
Georgia Southern,2020-21,Sun Belt,,unknown,151,97.5,57.6271186440678,False,False,official final standings; spelling normalized,,False,False
Georgia Southern,2021-22,Sun Belt,,unknown,143,120.0,60.0,False,False,official final standings; spelling normalized,,False,False
Georgia Southern,2022-23,Sun Belt,,unknown,206,59.0,42.737430167597765,False,False,official final standings; spelling normalized,,False,False
Georgia Southern,2023-24,Sun Belt,,unknown,262,25.0,21.48876404494382,False,False,official final standings; spelling normalized,,False,False
Georgia Southern,2024-25,Sun Belt,,unknown,132,129.5,63.20224719101124,False,False,official final standings; spelling normalized,,False,False
Georgia Southern,2025-26,Sun Belt,,unknown,202,70.0,43.11797752808989,False,False,official final standings; spelling normalized,,False,False
Georgia State,2017-18,Sun Belt,,unknown,165,95.0,52.44252873563219,False,False,official final standings; spelling normalized,,False,False
Georgia State,2018-19,Sun Belt,,unknown,223,50.0,34.14285714285714,False,False,official final standings; spelling normalized,,False,False
Georgia State,2020-21,Sun Belt,,unknown,237,45.0,33.19209039548023,False,False,official final standings; spelling normalized,,False,False
Georgia State,2021-22,Sun Belt,,unknown,88,216.5,75.49295774647888,False,False,official final standings; spelling normalized,,False,False
Georgia State,2022-23,Sun Belt,,unknown,215,53.0,39.66480446927375,False,False,official final standings; spelling normalized,,False,False
Georgia State,2023-24,Sun Belt,,unknown,164,90.0,53.79213483146067,False,False,official final standings; spelling normalized,,False,False
Georgia State,2024-25,Sun Belt,,unknown,264,25.0,22.6123595505618,False,False,official final standings; spelling normalized,,False,False
Georgia State,2025-26,Sun Belt,,unknown,265,25.0,21.629213483146067,False,False,official final standings; spelling normalized,,False,False
Georgia Tech,2017-18,ACC,other,A,121,151.5,65.51724137931035,True,False,official final standings; spelling normalized,https://athleticdirectoru.com/articles/cash-is-king-in-intercollegiate-apparel-agreements/,True,True
Georgia Tech,2018-19,ACC,adidas,A,66,358.0,81.42857142857143,True,False,official final standings; spelling normalized,https://ramblinwreck.com/news/2017/08/22/georgia-tech-joins-adidas-roster-of-collegiate-partnerships,True,True
Georgia Tech,2020-21,ACC,adidas,A,44,487.0,87.85310734463276,True,False,official final standings; spelling normalized,https://ramblinwreck.com/news/2017/08/22/georgia-tech-joins-adidas-roster-of-collegiate-partnerships,True,True
Georgia Tech,2021-22,ACC,adidas,A,68,352.25,81.12676056338029,True,False,official final standings; spelling normalized,https://ramblinwreck.com/news/2017/08/22/georgia-tech-joins-adidas-roster-of-collegiate-partnerships,True,True
Georgia Tech,2022-23,ACC,adidas,A,78,253.0,78.49162011173185,True,False,official final standings; spelling normalized,https://ramblinwreck.com/news/2017/08/22/georgia-tech-joins-adidas-roster-of-collegiate-partnerships,True,True
Georgia Tech,2023-24,ACC,adidas,A,74,316.5,79.49438202247191,True,False,official final standings; spelling normalized,https://ramblinwreck.com/news/2017/08/22/georgia-tech-joins-adidas-roster-of-collegiate-partnerships,True,True
Georgia Tech,2024-25,ACC,adidas,A,71,320.0,80.33707865168539,True,False,official final standings; spelling normalized,https://www.ajc.com/sports/2025/10/georgia-tech-switching-to-under-armour-for-uniforms-apparel/,True,True
Georgia Tech,2025-26,ACC,adidas,A,90,233.0,75.0,True,False,official final standings; spelling normalized,https://www.ajc.com/sports/2025/10/georgia-tech-switching-to-under-armour-for-uniforms-apparel/,True,True
Gonzaga,2017-18,WCC,,unknown,113,164.5,67.81609195402298,False,False,official final standings; spelling normalized,,False,False
Gonzaga,2018-19,WCC,,unknown,109,157.0,69.14285714285714,False,False,official final standings; spelling normalized,,False,False
Gonzaga,2020-21,WCC,,unknown,83,206.5,76.8361581920904,False,False,official final standings; spelling normalized,,False,False
Gonzaga,2021-22,WCC,,unknown,78,264.5,78.30985915492957,False,False,official final standings; spelling normalized,,False,False
Gonzaga,2022-23,WCC,,unknown,81,226.0,77.6536312849162,False,False,official final standings; spelling normalized,,False,False
Gonzaga,2023-24,WCC,,unknown,77,292.0,78.51123595505618,False,False,official final standings; spelling normalized,,False,False
Gonzaga,2024-25,WCC,,unknown,144,113.5,59.69101123595506,False,False,official final standings; spelling normalized,,False,False
Gonzaga,2025-26,WCC,,unknown,188,75.0,46.48876404494382,False,False,official final standings; spelling normalized,,False,False
Grambling State,2017-18,SWAC,,unknown,217,50.0,35.3448275862069,False,False,official final standings; spelling normalized,,False,False
Grambling State,2018-19,,,unknown,,0.0,8.0,False,True,not available; imputed zero year,,False,False
Grambling State,2020-21,,,unknown,,0.0,8.757062146892656,False,True,not available; imputed zero year,,False,False
Grambling State,2021-22,,,unknown,,0.0,8.591549295774648,False,True,not available; imputed zero year,,False,False
Grambling State,2022-23,,,unknown,,0.0,7.5418994413407825,False,True,not available; imputed zero year,,False,False
Grambling State,2023-24,SWAC,,unknown,182,75.0,48.03370786516854,False,False,official final standings; spelling normalized,,False,False
Grambling State,2024-25,,,unknown,,0.0,7.584269662921349,False,True,not available; imputed zero year,,False,False
Grambling State,2025-26,SWAC,,unknown,265,25.0,21.629213483146067,False,False,official final standings; spelling normalized,,False,False
Grand Canyon,2017-18,WAC,,unknown,242,41.0,30.74712643678161,False,False,official final standings; spelling normalized,,False,False
Grand Canyon,2018-19,WAC,,unknown,167,92.0,52.42857142857142,False,False,official final standings; spelling normalized,,False,False
Grand Canyon,2020-21,WAC,,unknown,102,150.0,71.46892655367232,False,False,official final standings; spelling normalized,,False,False
Grand Canyon,2021-22,WAC,,unknown,137,125.0,61.54929577464788,False,False,official final standings; spelling normalized,,False,False
Grand Canyon,2022-23,WAC,,unknown,95,190.75,73.74301675977654,False,False,official final standings; spelling normalized,,False,False
Grand Canyon,2023-24,WAC,,unknown,75,309.5,79.21348314606742,False,False,official final standings; spelling normalized,,False,False
Grand Canyon,2024-25,WAC,,unknown,137,120.5,61.79775280898876,False,False,official final standings; spelling normalized,,False,False
Grand Canyon,2025-26,Mountain West,,unknown,121,139.0,66.29213483146067,False,False,official final standings; spelling normalized,,False,False
Hartford,2017-18,America East,,unknown,258,25.0,22.270114942528735,False,False,official final standings; spelling normalized,,False,False
Hartford,2018-19,,,unknown,,0.0,8.0,False,True,not available; imputed zero year,,False,False
Hartford,2020-21,America East,,unknown,255,25.0,24.43502824858757,False,False,official final standings; spelling normalized,,False,False
Hartford,2021-22,,,unknown,,0.0,8.591549295774648,False,True,not available; imputed zero year,,False,False
Hartford,2022-23,,,unknown,,0.0,7.5418994413407825,False,True,not available; imputed zero year,,False,False
Harvard,2017-18,Ivy League,,unknown,65,365.0,81.60919540229885,True,False,official final standings; spelling normalized,,False,False
Harvard,2018-19,Ivy League,,unknown,57,425.5,84.0,True,False,official final standings; spelling normalized,,False,False
Harvard,2020-21,Ivy League,,unknown,,0.0,8.757062146892656,True,True,zero year; identical official conference in nearest prior and next standings,,False,False
Harvard,2021-22,Ivy League,,unknown,39,615.0,89.29577464788733,True,False,official final standings; spelling normalized,,False,False
Harvard,2022-23,Ivy League,,unknown,41,578.75,88.8268156424581,True,False,official final standings; spelling normalized,,False,False
Harvard,2023-24,Ivy League,,unknown,29,686.75,92.13483146067416,True,False,official final standings; spelling normalized,,False,False
Harvard,2024-25,Ivy League,,unknown,36,674.25,90.1685393258427,True,False,official final standings; spelling normalized,,False,False
Harvard,2025-26,Ivy League,,unknown,48,547.5,86.79775280898876,True,False,official final standings; spelling normalized,,False,False
Hawaii,2017-18,Big West,,unknown,100,184.0,71.55172413793103,False,False,official final standings; spelling normalized,,False,False
Hawaii,2018-19,Big West,,unknown,68,335.0,80.85714285714286,False,False,official final standings; spelling normalized,,False,False
Hawaii,2020-21,Big West,,unknown,84,205.0,76.41242937853107,False,False,official final standings; spelling normalized,,False,False
Hawaii,2021-22,Big West,,unknown,92,205.0,74.36619718309859,False,False,official final standings; spelling normalized,,False,False
Hawaii,2022-23,Big West,,unknown,70,289.5,80.72625698324022,False,False,official final standings; spelling normalized,,False,False
Hawaii,2023-24,Big West,,unknown,105,178.0,70.64606741573034,False,False,official final standings; spelling normalized,,False,False
Hawaii,2024-25,Big West,,unknown,99,191.0,72.47191011235955,False,False,official final standings; spelling normalized,,False,False
Hawaii,2025-26,Big West,,unknown,92,230.0,74.43820224719101,False,False,official final standings; spelling normalized,,False,False
High Point,2017-18,Big South,,unknown,189,75.0,44.9712643678161,False,False,official final standings; spelling normalized,,False,False
High Point,2018-19,Big South,,unknown,190,75.0,44.714285714285715,False,False,official final standings; spelling normalized,,False,False
High Point,2020-21,Big South,,unknown,77,237.0,78.53107344632768,False,False,official final standings; spelling normalized,,False,False
High Point,2021-22,Big South,,unknown,171,96.0,52.112676056338024,False,False,official final standings; spelling normalized,,False,False
High Point,2022-23,Big South,,unknown,139,126.8,61.312849162011176,False,False,official final standings; spelling normalized,,False,False
High Point,2023-24,Big South,,unknown,122,145.5,66.01123595505618,False,False,official final standings; spelling normalized,,False,False
High Point,2024-25,Big South,,unknown,194,72.0,45.50561797752809,False,False,official final standings; spelling normalized,,False,False
High Point,2025-26,Big South,,unknown,88,236.5,75.42134831460675,False,False,official final standings; spelling normalized,,False,False
Hofstra,2017-18,CAA,,unknown,148,108.0,57.61494252873563,False,False,official final standings; spelling normalized,,False,False
Hofstra,2018-19,CAA,,unknown,190,75.0,44.714285714285715,False,False,official final standings; spelling normalized,,False,False
Hofstra,2020-21,CAA,,unknown,181,75.5,49.15254237288136,False,False,official final standings; spelling normalized,,False,False
Hofstra,2021-22,CAA,,unknown,123,139.0,65.63380281690141,False,False,official final standings; spelling normalized,,False,False
Hofstra,2022-23,CAA,,unknown,191,75.0,46.36871508379888,False,False,official final standings; spelling normalized,,False,False
Hofstra,2023-24,CAA,,unknown,199,64.0,44.10112359550562,False,False,official final standings; spelling normalized,,False,False
Hofstra,2024-25,CAA,,unknown,180,80.0,49.157303370786515,False,False,official final standings; spelling normalized,,False,False
Hofstra,2025-26,CAA,,unknown,171,89.0,52.10674157303371,False,False,official final standings; spelling normalized,,False,False
Holy Cross,2017-18,,,unknown,,0.0,8.189655172413794,False,True,not available; imputed zero year,,False,False
Holy Cross,2018-19,,,unknown,,0.0,8.0,False,True,not available; imputed zero year,,False,False
Holy Cross,2020-21,Patriot,,unknown,255,25.0,24.43502824858757,False,False,official final standings; spelling normalized,,False,False
Holy Cross,2021-22,Patriot,,unknown,225,53.0,36.61971830985916,False,False,official final standings; spelling normalized,,False,False
Holy Cross,2022-23,Patriot,,unknown,171,95.0,51.955307262569825,False,False,official final standings; spelling normalized,,False,False
Holy Cross,2023-24,Patriot,,unknown,262,25.0,21.48876404494382,False,False,official final standings; spelling normalized,,False,False
Holy Cross,2024-25,Patriot,,unknown,264,25.0,22.6123595505618,False,False,official final standings; spelling normalized,,False,False
Holy Cross,2025-26,Patriot,,unknown,225,50.0,34.97191011235955,False,False,official final standings; spelling normalized,,False,False
Houston,2017-18,American,Nike,A,67,351.0,81.03448275862068,True,False,official final standings; spelling normalized,https://athleticdirectoru.com/articles/cash-is-king-in-intercollegiate-apparel-agreements/,True,True
Houston,2018-19,American,Nike,C,60,402.83,83.14285714285714,True,False,official final standings; spelling normalized,https://athleticdirectoru.com/articles/cash-is-king-in-intercollegiate-apparel-agreements/,True,False
Houston,2020-21,American,Nike,C,76,249.0,78.8135593220339,True,False,official final standings; spelling normalized,https://athleticdirectoru.com/articles/cash-is-king-in-intercollegiate-apparel-agreements/,True,False
Houston,2021-22,American,Nike,C,99,189.0,72.3943661971831,True,False,official final standings; spelling normalized,https://athleticdirectoru.com/articles/cash-is-king-in-intercollegiate-apparel-agreements/,True,False
Houston,2022-23,American,Nike,A,68,304.75,81.28491620111731,True,False,official final standings; spelling normalized,https://www.houstonchronicle.com/texas-sports-nation/college/article/houston-cougars-basketball-jordan-brand-impact-17851683.php,True,True
Houston,2023-24,Big 12,Nike,C,58,409.5,83.98876404494382,True,False,official final standings; spelling normalized,https://www.houstonchronicle.com/texas-sports-nation/college/article/houston-cougars-basketball-jordan-brand-impact-17851683.php,True,False
Houston,2024-25,Big 12,Nike,C,72,319.5,80.0561797752809,True,False,official final standings; spelling normalized,https://www.houstonchronicle.com/texas-sports-nation/college/article/houston-cougars-basketball-jordan-brand-impact-17851683.php,True,False
Houston,2025-26,Big 12,Nike,B,88,236.5,75.42134831460675,True,False,official final standings; spelling normalized,https://web.archive.org/web/20251001185258/https://uhcougars.com/,True,True
Houston Christian,2017-18,Southland,,unknown,287,19.0,17.81609195402299,False,False,official final standings; spelling normalized,,False,False
Houston Christian,2018-19,Southland,,unknown,290,16.5,17.42857142857143,False,False,official final standings; spelling normalized,,False,False
Houston Christian,2020-21,Southland,,unknown,287,13.0,18.926553672316384,False,False,official final standings; spelling normalized,,False,False
Houston Christian,2021-22,,,unknown,,0.0,8.591549295774648,False,True,not available; imputed zero year,,False,False
Houston Christian,2022-23,,,unknown,,0.0,7.5418994413407825,False,True,not available; imputed zero year,,False,False
Houston Christian,2023-24,,,unknown,,0.0,6.460674157303371,False,True,not available; imputed zero year,,False,False
Houston Christian,2024-25,Southland,,unknown,264,25.0,22.6123595505618,False,False,official final standings; spelling normalized,,False,False
Houston Christian,2025-26,Southland,,unknown,265,25.0,21.629213483146067,False,False,official final standings; spelling normalized,,False,False
Howard,2017-18,MEAC,,unknown,258,25.0,22.270114942528735,False,False,official final standings; spelling normalized,,False,False
Howard,2018-19,MEAC,,unknown,223,50.0,34.14285714285714,False,False,official final standings; spelling normalized,,False,False
Howard,2020-21,,,unknown,,0.0,8.757062146892656,False,True,not available; imputed zero year,,False,False
Howard,2021-22,MEAC,,unknown,169,96.5,52.53521126760563,False,False,official final standings; spelling normalized,,False,False
Howard,2022-23,MEAC,,unknown,261,25.0,23.32402234636871,False,False,official final standings; spelling normalized,,False,False
Howard,2023-24,MEAC,,unknown,216,51.0,39.60674157303371,False,False,official final standings; spelling normalized,,False,False
Howard,2024-25,MEAC,,unknown,165,97.0,53.93258426966292,False,False,official final standings; spelling normalized,,False,False
Howard,2025-26,MEAC,,unknown,136,123.0,62.07865168539326,False,False,official final standings; spelling normalized,,False,False
IPFW,2017-18,,,unknown,,0.0,8.189655172413794,False,True,not available; imputed zero year,,False,False
IPFW,2018-19,,,unknown,,0.0,8.0,False,True,not available; imputed zero year,,False,False
IPFW,2020-21,,,unknown,,0.0,8.757062146892656,False,True,not available; imputed zero year,,False,False
IPFW,2021-22,,,unknown,,0.0,8.591549295774648,False,True,not available; imputed zero year,,False,False
IPFW,2022-23,Horizon League,,unknown,298,5.0,16.061452513966483,False,False,official final standings; spelling normalized,,False,False
IPFW,2023-24,,,unknown,,0.0,6.460674157303371,False,True,not available; imputed zero year,,False,False
IPFW,2024-25,,,unknown,,0.0,7.584269662921349,False,True,not available; imputed zero year,,False,False
IPFW,2025-26,,,unknown,,0.0,7.865168539325842,False,True,not available; imputed zero year,,False,False
IUPUI,2017-18,Horizon League,,unknown,249,30.0,28.160919540229884,False,False,official final standings; spelling normalized,,False,False
IUPUI,2018-19,Horizon League,,unknown,265,26.0,24.571428571428573,False,False,official final standings; spelling normalized,,False,False
IUPUI,2020-21,,,unknown,,0.0,8.757062146892656,False,True,not available; imputed zero year,,False,False
IUPUI,2021-22,Horizon League,,unknown,266,25.0,21.830985915492956,False,False,official final standings; spelling normalized,,False,False
IUPUI,2022-23,,,unknown,,0.0,7.5418994413407825,False,True,not available; imputed zero year,,False,False
IUPUI,2023-24,,,unknown,,0.0,6.460674157303371,False,True,not available; imputed zero year,,False,False
IUPUI,2024-25,,,unknown,,0.0,7.584269662921349,False,True,not available; imputed zero year,,False,False
IUPUI,2025-26,Horizon League,,unknown,263,26.0,26.264044943820224,False,False,official final standings; spelling normalized,,False,False
Idaho,2017-18,Big Sky,,unknown,203,69.0,41.95402298850575,False,False,official final standings; spelling normalized,,False,False
Idaho,2018-19,,,unknown,,0.0,8.0,False,True,not available; imputed zero year,,False,False
Idaho,2020-21,Big Sky,,unknown,284,21.0,20.05649717514125,False,False,official final standings; spelling normalized,,False,False
Idaho,2021-22,Big Sky,,unknown,266,25.0,21.830985915492956,False,False,official final standings; spelling normalized,,False,False
Idaho,2022-23,Big Sky,,unknown,223,50.0,35.89385474860335,False,False,official final standings; spelling normalized,,False,False
Idaho,2023-24,Big Sky,,unknown,160,95.0,55.19662921348315,False,False,official final standings; spelling normalized,,False,False
Idaho,2024-25,Big Sky,,unknown,204,65.0,42.69662921348314,False,False,official final standings; spelling normalized,,False,False
Idaho,2025-26,Big Sky,,unknown,225,50.0,34.97191011235955,False,False,official final standings; spelling normalized,,False,False
Idaho State,2017-18,,,unknown,,0.0,8.189655172413794,False,True,not available; imputed zero year,,False,False
Idaho State,2018-19,,,unknown,,0.0,8.0,False,True,not available; imputed zero year,,False,False
Idaho State,2020-21,Big Sky,,unknown,255,25.0,24.43502824858757,False,False,official final standings; spelling normalized,,False,False
Idaho State,2021-22,,,unknown,,0.0,8.591549295774648,False,True,not available; imputed zero year,,False,False
Idaho State,2022-23,,,unknown,,0.0,7.5418994413407825,False,True,not available; imputed zero year,,False,False
Idaho State,2023-24,,,unknown,,0.0,6.460674157303371,False,True,not available; imputed zero year,,False,False
Idaho State,2024-25,,,unknown,,0.0,7.584269662921349,False,True,not available; imputed zero year,,False,False
Idaho State,2025-26,Big Sky,,unknown,265,25.0,21.629213483146067,False,False,official final standings; spelling normalized,,False,False
Illinois,2017-18,Big Ten,Nike,A,36,592.0,89.9425287356322,True,False,official final standings; spelling normalized,https://fightingillini.com/news/2016/1/15/GEN_0115160058,True,True
Illinois,2018-19,Big Ten,Nike,A,43,556.25,88.0,True,False,official final standings; spelling normalized,https://fightingillini.com/news/2016/1/15/GEN_0115160058,True,True
Illinois,2020-21,Big Ten,Nike,A,47,462.25,87.00564971751412,True,False,official final standings; spelling normalized,https://fightingillini.com/news/2016/1/15/GEN_0115160058,True,True
Illinois,2021-22,Big Ten,Nike,A,52,500.0,85.63380281690141,True,False,official final standings; spelling normalized,https://fightingillini.com/news/2016/1/15/GEN_0115160058,True,True
Illinois,2022-23,Big Ten,Nike,A,54,443.35,85.19553072625699,True,False,official final standings; spelling normalized,https://fightingillini.com/news/2016/1/15/GEN_0115160058,True,True
Illinois,2023-24,Big Ten,Nike,A,37,599.75,89.8876404494382,True,False,official final standings; spelling normalized,https://fightingillini.com/news/2016/1/15/GEN_0115160058,True,True
Illinois,2024-25,Big Ten,Nike,A,31,731.5,91.57303370786516,True,False,official final standings; spelling normalized,https://fightingillini.com/news/2016/1/15/GEN_0115160058,True,True
Illinois,2025-26,Big Ten,Nike,A,31,687.75,91.57303370786516,True,False,official final standings; spelling normalized,https://fightingillini.com/news/2016/1/15/GEN_0115160058,True,True
Illinois Chicago,2017-18,Horizon League,,unknown,217,50.0,35.3448275862069,False,False,official final standings; spelling normalized,,False,False
Illinois Chicago,2018-19,Horizon League,,unknown,190,75.0,44.714285714285715,False,False,official final standings; spelling normalized,,False,False
Illinois Chicago,2020-21,Horizon League,,unknown,215,50.0,37.28813559322034,False,False,official final standings; spelling normalized,,False,False
Illinois Chicago,2021-22,Horizon League,,unknown,266,25.0,21.830985915492956,False,False,official final standings; spelling normalized,,False,False
Illinois Chicago,2022-23,,,unknown,,0.0,7.5418994413407825,False,True,not available; imputed zero year,,False,False
Illinois Chicago,2023-24,,,unknown,,0.0,6.460674157303371,False,True,not available; imputed zero year,,False,False
Illinois Chicago,2024-25,Missouri Valley,,unknown,264,25.0,22.6123595505618,False,False,official final standings; spelling normalized,,False,False
Illinois Chicago,2025-26,Missouri Valley,,unknown,225,50.0,34.97191011235955,False,False,official final standings; spelling normalized,,False,False
Illinois State,2017-18,,,unknown,,0.0,8.189655172413794,False,True,not available; imputed zero year,,False,False
Illinois State,2018-19,Missouri Valley,,unknown,133,116.5,62.28571428571429,False,False,official final standings; spelling normalized,,False,False
Illinois State,2020-21,Missouri Valley,,unknown,234,47.5,34.18079096045198,False,False,official final standings; spelling normalized,,False,False
Illinois State,2021-22,Missouri Valley,,unknown,175,93.0,50.985915492957744,False,False,official final standings; spelling normalized,,False,False
Illinois State,2022-23,Missouri Valley,,unknown,296,15.5,17.59776536312849,False,False,official final standings; spelling normalized,,False,False
Illinois State,2023-24,Missouri Valley,,unknown,306,5.0,13.623595505617978,False,False,official final standings; spelling normalized,,False,False
Illinois State,2024-25,Missouri Valley,,unknown,164,97.3,54.21348314606742,False,False,official final standings; spelling normalized,,False,False
Illinois State,2025-26,Missouri Valley,,unknown,128,131.0,64.32584269662921,False,False,official final standings; spelling normalized,,False,False
Incarnate Word,2017-18,Southland,,unknown,246,34.0,29.597701149425287,False,False,official final standings; spelling normalized,,False,False
Incarnate Word,2018-19,Southland,,unknown,161,95.0,54.142857142857146,False,False,official final standings; spelling normalized,,False,False
Incarnate Word,2020-21,Southland,,unknown,233,48.0,34.463276836158194,False,False,official final standings; spelling normalized,,False,False
Incarnate Word,2021-22,Southland,,unknown,183,86.0,48.59154929577465,False,False,official final standings; spelling normalized,,False,False
Incarnate Word,2022-23,Southland,,unknown,157,109.0,56.005586592178766,False,False,official final standings; spelling normalized,,False,False
Incarnate Word,2023-24,Southland,,unknown,214,56.0,40.168539325842694,False,False,official final standings; spelling normalized,,False,False
Incarnate Word,2024-25,Southland,,unknown,122,144.0,66.01123595505618,False,False,official final standings; spelling normalized,,False,False
Incarnate Word,2025-26,Southland,,unknown,254,30.0,27.94943820224719,False,False,official final standings; spelling normalized,,False,False
Indiana,2017-18,Big Ten,adidas,A,49,491.0,86.20689655172413,True,False,official final standings; spelling normalized,https://iuhoosiers.com/news/2015/8/18/GEN_0818151235,True,True
Indiana,2018-19,Big Ten,adidas,A,32,719.5,91.14285714285715,True,False,official final standings; spelling normalized,https://iuhoosiers.com/news/2015/8/18/GEN_0818151235,True,True
Indiana,2020-21,Big Ten,adidas,A,34,569.5,90.67796610169492,True,False,official final standings; spelling normalized,https://iuhoosiers.com/news/2015/8/18/GEN_0818151235,True,True
Indiana,2021-22,Big Ten,adidas,A,64,358.0,82.25352112676056,True,False,official final standings; spelling normalized,https://iuhoosiers.com/news/2015/8/18/GEN_0818151235,True,True
Indiana,2022-23,Big Ten,adidas,A,40,581.5,89.10614525139665,True,False,official final standings; spelling normalized,https://iuhoosiers.com/news/2015/8/18/GEN_0818151235,True,True
Indiana,2023-24,Big Ten,adidas,A,41,564.0,88.76404494382022,True,False,official final standings; spelling normalized,https://iuhoosiers.com/news/2015/8/18/GEN_0818151235,True,True
Indiana,2024-25,Big Ten,adidas,A,51,489.5,85.95505617977528,True,False,official final standings; spelling normalized,https://www.thedailyhoosier.com/iu-athletics-and-adidas-finalize-10-year-contract-extension/,True,True
Indiana,2025-26,Big Ten,adidas,A,47,564.5,87.07865168539325,True,False,official final standings; spelling normalized,https://www.thedailyhoosier.com/iu-athletics-and-adidas-finalize-10-year-contract-extension/,True,True
Indiana State,2017-18,,,unknown,,0.0,8.189655172413794,False,True,not available; imputed zero year,,False,False
Indiana State,2018-19,Missouri Valley,,unknown,129,120.5,63.42857142857142,False,False,official final standings; spelling normalized,,False,False
Indiana State,2020-21,Missouri Valley,,unknown,245,37.5,30.93220338983051,False,False,official final standings; spelling normalized,,False,False
Indiana State,2021-22,,,unknown,,0.0,8.591549295774648,False,True,not available; imputed zero year,,False,False
Indiana State,2022-23,Missouri Valley,,unknown,203,64.0,43.57541899441341,False,False,official final standings; spelling normalized,,False,False
Indiana State,2023-24,Missouri Valley,,unknown,217,50.0,37.07865168539326,False,False,official final standings; spelling normalized,,False,False
Indiana State,2024-25,,,unknown,,0.0,7.584269662921349,False,True,not available; imputed zero year,,False,False
Indiana State,2025-26,Missouri Valley,,unknown,263,26.0,26.264044943820224,False,False,official final standings; spelling normalized,,False,False
Iona,2017-18,MAAC,,unknown,169,94.5,51.72413793103448,False,False,official final standings; spelling normalized,,False,False
Iona,2018-19,MAAC,,unknown,123,129.0,65.14285714285715,False,False,official final standings; spelling normalized,,False,False
Iona,2020-21,MAAC,,unknown,161,90.0,54.80225988700565,False,False,official final standings; spelling normalized,,False,False
Iona,2021-22,MAAC,,unknown,264,29.0,25.774647887323944,False,False,official final standings; spelling normalized,,False,False
Iona,2022-23,MAAC,,unknown,189,77.0,47.486033519553075,False,False,official final standings; spelling normalized,,False,False
Iona,2023-24,MAAC,,unknown,195,65.5,45.50561797752809,False,False,official final standings; spelling normalized,,False,False
Iona,2024-25,MAAC,,unknown,224,52.0,37.359550561797754,False,False,official final standings; spelling normalized,,False,False
Iona,2025-26,MAAC,,unknown,241,47.0,32.4438202247191,False,False,official final standings; spelling normalized,,False,False
Iowa,2017-18,Big Ten,Nike,A,54,457.5,84.77011494252874,True,False,official final standings; spelling normalized,https://athleticdirectoru.com/articles/cash-is-king-in-intercollegiate-apparel-agreements/,True,True
Iowa,2018-19,Big Ten,Nike,C,38,629.5,89.42857142857143,True,False,official final standings; spelling normalized,https://athleticdirectoru.com/articles/cash-is-king-in-intercollegiate-apparel-agreements/,True,False
Iowa,2020-21,Big Ten,Nike,C,30,658.5,91.80790960451978,True,False,official final standings; spelling normalized,https://athleticdirectoru.com/articles/cash-is-king-in-intercollegiate-apparel-agreements/,True,False
Iowa,2021-22,Big Ten,Nike,C,55,450.25,84.78873239436619,True,False,official final standings; spelling normalized,https://athleticdirectoru.com/articles/cash-is-king-in-intercollegiate-apparel-agreements/,True,False
Iowa,2022-23,Big Ten,Nike,C,48,487.0,86.87150837988827,True,False,official final standings; spelling normalized,https://athleticdirectoru.com/articles/cash-is-king-in-intercollegiate-apparel-agreements/,True,False
Iowa,2023-24,Big Ten,Nike,C,64,391.5,82.30337078651685,True,False,official final standings; spelling normalized,https://athleticdirectoru.com/articles/cash-is-king-in-intercollegiate-apparel-agreements/,True,False
Iowa,2024-25,Big Ten,Nike,C,59,433.5,83.70786516853933,True,False,official final standings; spelling normalized,https://athleticdirectoru.com/articles/cash-is-king-in-intercollegiate-apparel-agreements/,True,False
Iowa,2025-26,Big Ten,Nike,B,37,662.0,89.8876404494382,True,False,official final standings; spelling normalized,https://storage.googleapis.com/hawkeyesports-prod/2025/08/08/lHevgLs5g2dEn9QRHyw3s8aAr2N1LOMtmBm9UyIC.pdf,True,True
Iowa State,2017-18,Big 12,Nike,A,56,436.0,84.19540229885058,True,False,official final standings; spelling normalized,https://www2.kusports.com/weblogs/tale-tait/2017/sep/28/kus-deal-with-adidas-is-companys-second/,True,True
Iowa State,2018-19,Big 12,,unknown,53,474.0,85.14285714285714,True,False,official final standings; spelling normalized,,False,False
Iowa State,2020-21,Big 12,,unknown,38,547.75,89.54802259887006,True,False,official final standings; spelling normalized,,False,False
Iowa State,2021-22,Big 12,,unknown,42,540.5,88.45070422535211,True,False,official final standings; spelling normalized,,False,False
Iowa State,2022-23,Big 12,,unknown,62,375.5,82.9608938547486,True,False,official final standings; spelling normalized,,False,False
Iowa State,2023-24,Big 12,,unknown,35,649.5,90.4494382022472,True,False,official final standings; spelling normalized,,False,False
Iowa State,2024-25,Big 12,,unknown,56,466.5,84.5505617977528,True,False,official final standings; spelling normalized,,False,False
Iowa State,2025-26,Big 12,,unknown,43,600.75,88.20224719101124,True,False,official final standings; spelling normalized,,False,False
Jackson State,2017-18,,,unknown,,0.0,8.189655172413794,False,True,not available; imputed zero year,,False,False
Jackson State,2018-19,,,unknown,,0.0,8.0,False,True,not available; imputed zero year,,False,False
Jackson State,2020-21,SWAC,,unknown,215,50.0,37.28813559322034,False,False,official final standings; spelling normalized,,False,False
Jackson State,2021-22,SWAC,,unknown,229,50.0,33.52112676056338,False,False,official final standings; spelling normalized,,False,False
Jackson State,2022-23,SWAC,,unknown,261,25.0,23.32402234636871,False,False,official final standings; spelling normalized,,False,False
Jackson State,2023-24,SWAC,,unknown,182,75.0,48.03370786516854,False,False,official final standings; spelling normalized,,False,False
Jackson State,2024-25,SWAC,,unknown,197,70.0,44.241573033707866,False,False,official final standings; spelling normalized,,False,False
Jackson State,2025-26,,,unknown,,0.0,7.865168539325842,False,True,not available; imputed zero year,,False,False
Jacksonville,2017-18,Atlantic Sun,,unknown,147,108.5,58.04597701149425,False,False,official final standings; spelling normalized,,False,False
Jacksonville,2018-19,ASUN,,unknown,266,25.0,21.428571428571427,False,False,official final standings; spelling normalized,,False,False
Jacksonville,2020-21,ASUN,,unknown,141,103.0,60.451977401129945,False,False,official final standings; spelling normalized,,False,False
Jacksonville,2021-22,ASUN,,unknown,188,83.0,47.04225352112676,False,False,official final standings; spelling normalized,,False,False
Jacksonville,2022-23,ASUN,,unknown,209,55.0,41.4804469273743,False,False,official final standings; spelling normalized,,False,False
Jacksonville,2023-24,ASUN,,unknown,253,30.0,28.51123595505618,False,False,official final standings; spelling normalized,,False,False
Jacksonville,2024-25,,,unknown,,0.0,7.584269662921349,False,True,not available; imputed zero year,,False,False
Jacksonville,2025-26,ASUN,,unknown,133,125.0,62.78089887640449,False,False,official final standings; spelling normalized,,False,False
Jacksonville State,2017-18,OVC,,unknown,148,108.0,57.61494252873563,False,False,official final standings; spelling normalized,,False,False
Jacksonville State,2018-19,OVC,,unknown,145,108.0,58.71428571428572,False,False,official final standings; spelling normalized,,False,False
Jacksonville State,2020-21,OVC,,unknown,200,65.0,43.64406779661017,False,False,official final standings; spelling normalized,,False,False
Jacksonville State,2021-22,ASUN,,unknown,266,25.0,21.830985915492956,False,False,official final standings; spelling normalized,,False,False
Jacksonville State,2022-23,,,unknown,,0.0,7.5418994413407825,False,True,not available; imputed zero year,,False,False
Jacksonville State,2023-24,Conference USA,,unknown,123,145.0,65.58988764044943,False,False,official final standings; spelling normalized,,False,False
Jacksonville State,2024-25,Conference USA,,unknown,141,115.0,60.53370786516854,False,False,official final standings; spelling normalized,,False,False
Jacksonville State,2025-26,Conference USA,,unknown,95,220.0,73.59550561797754,False,False,official final standings; spelling normalized,,False,False
James Madison,2017-18,CAA,,unknown,81,252.5,77.01149425287356,False,False,official final standings; spelling normalized,,False,False
James Madison,2018-19,CAA,,unknown,84,240.0,76.28571428571429,False,False,official final standings; spelling normalized,,False,False
James Madison,2020-21,CAA,,unknown,67,314.0,81.35593220338984,False,False,official final standings; spelling normalized,,False,False
James Madison,2021-22,CAA,,unknown,126,136.0,64.64788732394366,False,False,official final standings; spelling normalized,,False,False
James Madison,2022-23,Sun Belt,,unknown,147,120.0,58.659217877094974,False,False,official final standings; spelling normalized,,False,False
James Madison,2023-24,Sun Belt,,unknown,77,292.0,78.51123595505618,False,False,official final standings; spelling normalized,,False,False
James Madison,2024-25,Sun Belt,,unknown,166,95.0,53.37078651685393,False,False,official final standings; spelling normalized,,False,False
James Madison,2025-26,Sun Belt,,unknown,127,132.0,64.60674157303372,False,False,official final standings; spelling normalized,,False,False
Kansas,2017-18,Big 12,adidas,A,57,412.5,83.9080459770115,True,False,official final standings; spelling normalized,https://news.adidas.com/sports-performance/adidas-and-university-of-kansas-announce-an-extension-in-their-long-term-partnership/s/75f006e9-ed57-4ba1-b3fe-ddc1372145ff,True,True
Kansas,2018-19,Big 12,adidas,A,63,380.0,82.28571428571428,True,False,official final standings; spelling normalized,https://news.adidas.com/sports-performance/adidas-and-university-of-kansas-announce-an-extension-in-their-long-term-partnership/s/75f006e9-ed57-4ba1-b3fe-ddc1372145ff,True,True
Kansas,2020-21,Big 12,adidas,A,82,212.5,77.11864406779661,True,False,official final standings; spelling normalized,https://news.adidas.com/sports-performance/adidas-and-university-of-kansas-announce-an-extension-in-their-long-term-partnership/s/75f006e9-ed57-4ba1-b3fe-ddc1372145ff,True,True
Kansas,2021-22,Big 12,adidas,A,61,384.5,83.09859154929578,True,False,official final standings; spelling normalized,https://news.adidas.com/sports-performance/adidas-and-university-of-kansas-announce-an-extension-in-their-long-term-partnership/s/75f006e9-ed57-4ba1-b3fe-ddc1372145ff,True,True
Kansas,2022-23,Big 12,adidas,A,65,353.0,82.12290502793296,True,False,official final standings; spelling normalized,https://news.adidas.com/sports-performance/adidas-and-university-of-kansas-announce-an-extension-in-their-long-term-partnership/s/75f006e9-ed57-4ba1-b3fe-ddc1372145ff,True,True
Kansas,2023-24,Big 12,adidas,A,62,400.25,82.86516853932584,True,False,official final standings; spelling normalized,https://news.adidas.com/sports-performance/adidas-and-university-of-kansas-announce-an-extension-in-their-long-term-partnership/s/75f006e9-ed57-4ba1-b3fe-ddc1372145ff,True,True
Kansas,2024-25,Big 12,adidas,A,65,388.0,82.02247191011236,True,False,official final standings; spelling normalized,https://news.adidas.com/sports-performance/adidas-and-university-of-kansas-announce-an-extension-in-their-long-term-partnership/s/75f006e9-ed57-4ba1-b3fe-ddc1372145ff,True,True
Kansas,2025-26,Big 12,adidas,A,49,534.5,86.51685393258427,True,False,official final standings; spelling normalized,https://news.adidas.com/sports-performance/adidas-and-university-of-kansas-announce-an-extension-in-their-long-term-partnership/s/75f006e9-ed57-4ba1-b3fe-ddc1372145ff,True,True
Kansas State,2017-18,Big 12,Nike,A,72,315.0,79.59770114942529,True,False,official final standings; spelling normalized,https://www2.kusports.com/weblogs/tale-tait/2017/sep/28/kus-deal-with-adidas-is-companys-second/,True,True
Kansas State,2018-19,Big 12,Nike,A,94,191.5,73.28571428571429,True,False,official final standings; spelling normalized,https://www2.kusports.com/weblogs/tale-tait/2017/sep/28/kus-deal-with-adidas-is-companys-second/,True,True
Kansas State,2020-21,Big 12,Nike,A,139,106.0,61.016949152542374,True,False,official final standings; spelling normalized,https://www2.kusports.com/weblogs/tale-tait/2017/sep/28/kus-deal-with-adidas-is-companys-second/,True,True
Kansas State,2021-22,Big 12,Nike,A,79,253.5,78.0281690140845,True,False,official final standings; spelling normalized,https://www.kansas.com/sports/college/big-12/kansas-state/article254569392.html,True,True
Kansas State,2022-23,Big 12,Nike,A,92,202.5,74.58100558659217,True,False,official final standings; spelling normalized,https://www.kansas.com/sports/college/big-12/kansas-state/article254569392.html,True,True
Kansas State,2023-24,Big 12,Nike,A,96,197.0,73.31460674157303,True,False,official final standings; spelling normalized,https://www.kansas.com/sports/college/big-12/kansas-state/article285714486.html,True,True
Kansas State,2024-25,Big 12,Nike,A,79,290.0,78.08988764044943,True,False,official final standings; spelling normalized,https://www.kansas.com/sports/college/big-12/kansas-state/article285714486.html,True,True
Kansas State,2025-26,Big 12,Nike,A,70,347.0,80.6179775280899,True,False,official final standings; spelling normalized,https://www.kansas.com/sports/college/big-12/kansas-state/article285714486.html,True,True
Kennesaw State,2017-18,Atlantic Sun,,unknown,125,144.0,64.36781609195403,False,False,official final standings; spelling normalized,,False,False
Kennesaw State,2018-19,ASUN,,unknown,98,188.0,72.28571428571429,False,False,official final standings; spelling normalized,,False,False
Kennesaw State,2020-21,ASUN,,unknown,168,85.5,52.824858757062145,False,False,official final standings; spelling normalized,,False,False
Kennesaw State,2021-22,ASUN,,unknown,124,138.5,65.35211267605634,False,False,official final standings; spelling normalized,,False,False
Kennesaw State,2022-23,ASUN,,unknown,154,112.5,57.262569832402235,False,False,official final standings; spelling normalized,,False,False
Kennesaw State,2023-24,ASUN,,unknown,304,9.3,14.747191011235955,False,False,official final standings; spelling normalized,,False,False
Kennesaw State,2024-25,,,unknown,,0.0,7.584269662921349,False,True,not available; imputed zero year,,False,False
Kennesaw State,2025-26,Conference USA,,unknown,186,77.5,48.03370786516854,False,False,official final standings; spelling normalized,,False,False
Kent State,2017-18,MAC,,unknown,75,294.25,78.73563218390804,False,False,official final standings; spelling normalized,,False,False
Kent State,2018-19,MAC,,unknown,165,93.0,53.0,False,False,official final standings; spelling normalized,,False,False
Kent State,2020-21,MAC,,unknown,81,223.0,77.40112994350282,False,False,official final standings; spelling normalized,,False,False
Kent State,2021-22,MAC,,unknown,149,111.0,58.16901408450704,False,False,official final standings; spelling normalized,,False,False
Kent State,2022-23,MAC,,unknown,250,41.0,30.446927374301673,False,False,official final standings; spelling normalized,,False,False
Kent State,2023-24,MAC,,unknown,158,98.5,55.89887640449438,False,False,official final standings; spelling normalized,,False,False
Kent State,2024-25,MAC,,unknown,194,72.0,45.50561797752809,False,False,official final standings; spelling normalized,,False,False
Kent State,2025-26,MAC,,unknown,250,43.0,30.0561797752809,False,False,official final standings; spelling normalized,,False,False
Kentucky,2017-18,SEC,Nike,A,17,862.0,95.40229885057472,True,False,official final standings; spelling normalized,https://www.sportsbusinessjournal.com/Daily/Issues/2015/03/05/Marketing-and-Sponsorship/UK-Nike/,True,True
Kentucky,2018-19,SEC,Nike,A,14,947.75,96.28571428571428,True,False,official final standings; spelling normalized,https://www.sportsbusinessjournal.com/Daily/Issues/2015/03/05/Marketing-and-Sponsorship/UK-Nike/,True,True
Kentucky,2020-21,SEC,Nike,A,12,960.25,96.89265536723164,True,False,official final standings; spelling normalized,https://www.sportsbusinessjournal.com/Daily/Issues/2015/03/05/Marketing-and-Sponsorship/UK-Nike/,True,True
Kentucky,2021-22,SEC,Nike,A,9,979.75,97.74647887323944,True,False,official final standings; spelling normalized,https://www.sportsbusinessjournal.com/Daily/Issues/2015/03/05/Marketing-and-Sponsorship/UK-Nike/,True,True
Kentucky,2022-23,SEC,Nike,A,18,899.75,95.25139664804468,True,False,official final standings; spelling normalized,https://www.sportsbusinessjournal.com/Daily/Issues/2015/03/05/Marketing-and-Sponsorship/UK-Nike/,True,True
Kentucky,2023-24,SEC,Nike,A,32,667.25,91.29213483146069,True,False,official final standings; spelling normalized,https://www.sportsbusinessjournal.com/Daily/Issues/2015/03/05/Marketing-and-Sponsorship/UK-Nike/,True,True
Kentucky,2024-25,SEC,Nike,A,30,745.95,91.85393258426966,True,False,official final standings; spelling normalized,https://www.sportsbusinessjournal.com/Daily/Issues/2015/03/05/Marketing-and-Sponsorship/UK-Nike/,True,True
Kentucky,2025-26,SEC,Nike,A,27,716.5,92.69662921348316,True,False,official final standings; spelling normalized,https://www.kentucky.com/sports/college/kentucky-sports/article311623013.html,True,True
LIU Brooklyn,2017-18,Northeast,,unknown,187,80.0,46.55172413793103,False,False,official final standings; spelling normalized,,False,False
LIU Brooklyn,2018-19,Northeast,,unknown,223,50.0,34.14285714285714,False,False,official final standings; spelling normalized,,False,False
LIU Brooklyn,2020-21,Northeast,,unknown,145,100.0,58.75706214689266,False,False,official final standings; spelling normalized,,False,False
LIU Brooklyn,2021-22,Northeast,,unknown,149,111.0,58.16901408450704,False,False,official final standings; spelling normalized,,False,False
LIU Brooklyn,2022-23,Northeast,,unknown,119,150.0,67.0391061452514,False,False,official final standings; spelling normalized,,False,False
LIU Brooklyn,2023-24,Northeast,,unknown,126,141.0,64.8876404494382,False,False,official final standings; spelling normalized,,False,False
LIU Brooklyn,2024-25,Northeast,,unknown,148,110.0,58.70786516853933,False,False,official final standings; spelling normalized,,False,False
LIU Brooklyn,2025-26,NEC,,unknown,119,141.0,66.71348314606742,False,False,official final standings; spelling normalized,,False,False
LSU,2017-18,SEC,Nike,A,27,749.25,92.52873563218392,True,False,official final standings; spelling normalized,https://about.nike.com/en/newsroom/releases/nike-lsu-partnership-extension,True,True
LSU,2018-19,SEC,Nike,A,11,986.83,97.14285714285714,True,False,official final standings; spelling normalized,https://about.nike.com/en/newsroom/releases/nike-lsu-partnership-extension,True,True
LSU,2020-21,SEC,Nike,A,15,895.0,96.045197740113,True,False,official final standings; spelling normalized,https://about.nike.com/en/newsroom/releases/nike-lsu-partnership-extension,True,True
LSU,2021-22,SEC,Nike,A,16,883.75,95.77464788732394,True,False,official final standings; spelling normalized,https://about.nike.com/en/newsroom/releases/nike-lsu-partnership-extension,True,True
LSU,2022-23,SEC,Nike,A,9,1062.25,97.76536312849164,True,False,official final standings; spelling normalized,https://about.nike.com/en/newsroom/releases/nike-lsu-partnership-extension,True,True
LSU,2023-24,SEC,Nike,A,13,998.5,96.62921348314607,True,False,official final standings; spelling normalized,https://about.nike.com/en/newsroom/releases/nike-lsu-partnership-extension,True,True
LSU,2024-25,SEC,Nike,A,17,881.0,95.50561797752808,True,False,official final standings; spelling normalized,https://about.nike.com/en/newsroom/releases/nike-lsu-partnership-extension,True,True
LSU,2025-26,SEC,Nike,A,18,926.75,95.2247191011236,True,False,official final standings; spelling normalized,https://about.nike.com/en/newsroom/releases/nike-lsu-partnership-extension,True,True
La Salle,2017-18,Atlantic 10,,unknown,258,25.0,22.270114942528735,False,False,official final standings; spelling normalized,,False,False
La Salle,2018-19,,,unknown,,0.0,8.0,False,True,not available; imputed zero year,,False,False
La Salle,2020-21,,,unknown,,0.0,8.757062146892656,False,True,not available; imputed zero year,,False,False
La Salle,2021-22,,,unknown,,0.0,8.591549295774648,False,True,not available; imputed zero year,,False,False
La Salle,2022-23,Atlantic 10,,unknown,259,27.0,27.932960893854748,False,False,official final standings; spelling normalized,,False,False
La Salle,2023-24,,,unknown,,0.0,6.460674157303371,False,True,not available; imputed zero year,,False,False
La Salle,2024-25,,,unknown,,0.0,7.584269662921349,False,True,not available; imputed zero year,,False,False
La Salle,2025-26,,,unknown,,0.0,7.865168539325842,False,True,not available; imputed zero year,,False,False
Lafayette,2017-18,,,unknown,,0.0,8.189655172413794,False,True,not available; imputed zero year,,False,False
Lafayette,2018-19,,,unknown,,0.0,8.0,False,True,not available; imputed zero year,,False,False
Lafayette,2020-21,,,unknown,,0.0,8.757062146892656,False,True,not available; imputed zero year,,False,False
Lafayette,2021-22,,,unknown,,0.0,8.591549295774648,False,True,not available; imputed zero year,,False,False
Lafayette,2022-23,,,unknown,,0.0,7.5418994413407825,False,True,not available; imputed zero year,,False,False
Lafayette,2023-24,Patriot,,unknown,262,25.0,21.48876404494382,False,False,official final standings; spelling normalized,,False,False
Lafayette,2024-25,Patriot,,unknown,244,45.0,31.179775280898873,False,False,official final standings; spelling normalized,,False,False
Lafayette,2025-26,Patriot,,unknown,265,25.0,21.629213483146067,False,False,official final standings; spelling normalized,,False,False
Lamar,2017-18,Southland,,unknown,217,50.0,35.3448275862069,False,False,official final standings; spelling normalized,,False,False
Lamar,2018-19,Southland,,unknown,266,25.0,21.428571428571427,False,False,official final standings; spelling normalized,,False,False
Lamar,2020-21,,,unknown,,0.0,8.757062146892656,False,True,not available; imputed zero year,,False,False
Lamar,2021-22,WAC,,unknown,264,29.0,25.774647887323944,False,False,official final standings; spelling normalized,,False,False
Lamar,2022-23,Southland,,unknown,261,25.0,23.32402234636871,False,False,official final standings; spelling normalized,,False,False
Lamar,2023-24,Southland,,unknown,262,25.0,21.48876404494382,False,False,official final standings; spelling normalized,,False,False
Lamar,2024-25,,,unknown,,0.0,7.584269662921349,False,True,not available; imputed zero year,,False,False
Lamar,2025-26,Southland,,unknown,225,50.0,34.97191011235955,False,False,official final standings; spelling normalized,,False,False
Lehigh,2017-18,Patriot,,unknown,178,85.0,48.99425287356322,False,False,official final standings; spelling normalized,,False,False
Lehigh,2018-19,Patriot,,unknown,208,62.25,40.85714285714286,False,False,official final standings; spelling normalized,,False,False
Lehigh,2020-21,Patriot,,unknown,158,92.0,55.6497175141243,False,False,official final standings; spelling normalized,,False,False
Lehigh,2021-22,Patriot,,unknown,183,86.0,48.59154929577465,False,False,official final standings; spelling normalized,,False,False
Lehigh,2022-23,Patriot,,unknown,184,83.5,48.463687150837984,False,False,official final standings; spelling normalized,,False,False
Lehigh,2023-24,Patriot,,unknown,153,105.0,57.30337078651685,False,False,official final standings; spelling normalized,,False,False
Lehigh,2024-25,Patriot,,unknown,130,130.0,63.62359550561798,False,False,official final standings; spelling normalized,,False,False
Lehigh,2025-26,Patriot,,unknown,101,190.0,71.91011235955057,False,False,official final standings; spelling normalized,,False,False
Liberty,2017-18,Big South,,unknown,126,143.5,64.08045977011494,False,False,official final standings; spelling normalized,,False,False
Liberty,2018-19,ASUN,,unknown,93,197.0,73.71428571428571,False,False,official final standings; spelling normalized,,False,False
Liberty,2020-21,ASUN,,unknown,72,281.0,79.94350282485875,False,False,official final standings; spelling normalized,,False,False
Liberty,2021-22,ASUN,,unknown,74,297.5,79.43661971830987,False,False,official final standings; spelling normalized,,False,False
Liberty,2022-23,ASUN,,unknown,98,179.0,72.90502793296089,False,False,official final standings; spelling normalized,,False,False
Liberty,2023-24,Conference USA,,unknown,118,155.0,67.13483146067416,False,False,official final standings; spelling normalized,,False,False
Liberty,2024-25,Conference USA,,unknown,97,193.0,73.03370786516854,False,False,official final standings; spelling normalized,,False,False
Liberty,2025-26,Conference USA,,unknown,87,245.5,75.84269662921348,False,False,official final standings; spelling normalized,,False,False
Lindenwood,2022-23,,,unknown,,0.0,7.5418994413407825,False,True,not available; imputed zero year,,False,False
Lindenwood,2023-24,,,unknown,,0.0,6.460674157303371,False,True,not available; imputed zero year,,False,False
Lindenwood,2024-25,,,unknown,,0.0,7.584269662921349,False,True,not available; imputed zero year,,False,False
Lindenwood,2025-26,OVC,,unknown,197,74.0,44.80337078651686,False,False,official final standings; spelling normalized,,False,False
Lipscomb,2017-18,Atlantic Sun,,unknown,217,50.0,35.3448275862069,False,False,official final standings; spelling normalized,,False,False
Lipscomb,2018-19,ASUN,,unknown,111,151.5,68.57142857142857,False,False,official final standings; spelling normalized,,False,False
Lipscomb,2020-21,ASUN,,unknown,236,46.0,33.61581920903955,False,False,official final standings; spelling normalized,,False,False
Lipscomb,2021-22,ASUN,,unknown,186,84.0,47.88732394366197,False,False,official final standings; spelling normalized,,False,False
Lipscomb,2022-23,ASUN,,unknown,162,106.0,55.02793296089386,False,False,official final standings; spelling normalized,,False,False
Lipscomb,2023-24,ASUN,,unknown,135,129.0,62.35955056179775,False,False,official final standings; spelling normalized,,False,False
Lipscomb,2024-25,ASUN,,unknown,157,101.0,55.89887640449438,False,False,official final standings; spelling normalized,,False,False
Lipscomb,2025-26,ASUN,,unknown,158,102.0,55.89887640449438,False,False,official final standings; spelling normalized,,False,False
Long Beach State,2017-18,Big West,,unknown,122,148.5,65.22988505747126,False,False,official final standings; spelling normalized,,False,False
Long Beach State,2018-19,Big West,,unknown,90,203.0,74.57142857142857,False,False,official final standings; spelling normalized,,False,False
Long Beach State,2020-21,Big West,,unknown,213,51.0,39.97175141242938,False,False,official final standings; spelling normalized,,False,False
Long Beach State,2021-22,Big West,,unknown,146,115.0,59.154929577464785,False,False,official final standings; spelling normalized,,False,False
Long Beach State,2022-23,Big West,,unknown,120,148.5,66.75977653631286,False,False,official final standings; spelling normalized,,False,False
Long Beach State,2023-24,Big West,,unknown,87,222.0,75.84269662921348,False,False,official final standings; spelling normalized,,False,False
Long Beach State,2024-25,Big West,,unknown,107,172.5,70.2247191011236,False,False,official final standings; spelling normalized,,False,False
Long Beach State,2025-26,Big West,,unknown,106,172.5,70.50561797752809,False,False,official final standings; spelling normalized,,False,False
Longwood,2017-18,,,unknown,,0.0,8.189655172413794,False,True,not available; imputed zero year,,False,False
Longwood,2018-19,Big South,,unknown,266,25.0,21.428571428571427,False,False,official final standings; spelling normalized,,False,False
Longwood,2020-21,,,unknown,,0.0,8.757062146892656,False,True,not available; imputed zero year,,False,False
Longwood,2021-22,Big South,,unknown,229,50.0,33.52112676056338,False,False,official final standings; spelling normalized,,False,False
Longwood,2022-23,Big South,,unknown,298,5.0,16.061452513966483,False,False,official final standings; spelling normalized,,False,False
Longwood,2023-24,Big South,,unknown,262,25.0,21.48876404494382,False,False,official final standings; spelling normalized,,False,False
Longwood,2024-25,,,unknown,,0.0,7.584269662921349,False,True,not available; imputed zero year,,False,False
Longwood,2025-26,,,unknown,,0.0,7.865168539325842,False,True,not available; imputed zero year,,False,False
Louisiana,2017-18,Sun Belt,,unknown,217,50.0,35.3448275862069,False,False,official final standings; spelling normalized,,False,False
Louisiana,2018-19,Sun Belt,,unknown,190,75.0,44.714285714285715,False,False,official final standings; spelling normalized,,False,False
Louisiana,2020-21,Sun Belt,,unknown,133,108.5,62.71186440677966,False,False,official final standings; spelling normalized,,False,False
Louisiana,2021-22,Sun Belt,,unknown,118,143.5,67.04225352112675,False,False,official final standings; spelling normalized,,False,False
Louisiana,2022-23,Sun Belt,,unknown,116,156.5,67.87709497206704,False,False,official final standings; spelling normalized,,False,False
Louisiana,2023-24,Sun Belt,,unknown,136,125.0,61.79775280898876,False,False,official final standings; spelling normalized,,False,False
Louisiana,2024-25,Sun Belt,,unknown,264,25.0,22.6123595505618,False,False,official final standings; spelling normalized,,False,False
Louisiana,2025-26,Sun Belt,,unknown,188,75.0,46.48876404494382,False,False,official final standings; spelling normalized,,False,False
Louisiana Monroe,2017-18,Sun Belt,,unknown,239,43.5,31.60919540229885,False,False,official final standings; spelling normalized,,False,False
Louisiana Monroe,2018-19,,,unknown,,0.0,8.0,False,True,not available; imputed zero year,,False,False
Louisiana Monroe,2020-21,,,unknown,,0.0,8.757062146892656,False,True,not available; imputed zero year,,False,False
Louisiana Monroe,2021-22,,,unknown,,0.0,8.591549295774648,False,True,not available; imputed zero year,,False,False
Louisiana Monroe,2022-23,Sun Belt,,unknown,253,35.0,29.608938547486037,False,False,official final standings; spelling normalized,,False,False
Louisiana Monroe,2023-24,Sun Belt,,unknown,301,19.0,15.730337078651685,False,False,official final standings; spelling normalized,,False,False
Louisiana Monroe,2024-25,Sun Belt,,unknown,298,5.0,15.870786516853933,False,False,official final standings; spelling normalized,,False,False
Louisiana Monroe,2025-26,Sun Belt,,unknown,262,28.0,26.685393258426966,False,False,official final standings; spelling normalized,,False,False
Louisiana Tech,2017-18,Conference USA,,unknown,238,45.0,31.896551724137932,False,False,official final standings; spelling normalized,,False,False
Louisiana Tech,2018-19,Conference USA,,unknown,180,82.5,48.857142857142854,False,False,official final standings; spelling normalized,,False,False
Louisiana Tech,2020-21,Conference USA,,unknown,145,100.0,58.75706214689266,False,False,official final standings; spelling normalized,,False,False
Louisiana Tech,2021-22,Conference USA,,unknown,168,97.5,52.95774647887323,False,False,official final standings; spelling normalized,,False,False
Louisiana Tech,2022-23,Conference USA,,unknown,246,42.5,31.424581005586592,False,False,official final standings; spelling normalized,,False,False
Louisiana Tech,2023-24,Conference USA,,unknown,164,90.0,53.79213483146067,False,False,official final standings; spelling normalized,,False,False
Louisiana Tech,2024-25,Conference USA,,unknown,197,70.0,44.241573033707866,False,False,official final standings; spelling normalized,,False,False
Louisiana Tech,2025-26,Conference USA,,unknown,153,110.0,57.30337078651685,False,False,official final standings; spelling normalized,,False,False
Louisville,2017-18,ACC,adidas,A,30,690.5,91.66666666666666,True,False,official final standings; spelling normalized,https://gocards.com/news/2017/8/25/general-louisville-adidas-strike-landmark-10-year-partnership-through-2027-28,True,True
Louisville,2018-19,ACC,adidas,A,35,648.5,90.28571428571428,True,False,official final standings; spelling normalized,https://gocards.com/news/2017/8/25/general-louisville-adidas-strike-landmark-10-year-partnership-through-2027-28,True,True
Louisville,2020-21,ACC,adidas,A,40,532.75,88.84180790960453,True,False,official final standings; spelling normalized,https://gocards.com/news/2017/8/25/general-louisville-adidas-strike-landmark-10-year-partnership-through-2027-28,True,True
Louisville,2021-22,ACC,adidas,A,34,663.5,90.70422535211269,True,False,official final standings; spelling normalized,https://gocards.com/news/2017/8/25/general-louisville-adidas-strike-landmark-10-year-partnership-through-2027-28,True,True
Louisville,2022-23,ACC,adidas,A,32,672.8,91.34078212290504,True,False,official final standings; spelling normalized,https://gocards.com/news/2017/8/25/general-louisville-adidas-strike-landmark-10-year-partnership-through-2027-28,True,True
Louisville,2023-24,ACC,adidas,A,49,515.5,86.51685393258427,True,False,official final standings; spelling normalized,https://gocards.com/news/2017/8/25/general-louisville-adidas-strike-landmark-10-year-partnership-through-2027-28,True,True
Louisville,2024-25,ACC,adidas,A,37,648.5,89.8876404494382,True,False,official final standings; spelling normalized,https://gocards.com/news/2017/8/25/general-louisville-adidas-strike-landmark-10-year-partnership-through-2027-28,True,True
Louisville,2025-26,ACC,adidas,A,29,711.5,92.13483146067416,True,False,official final standings; spelling normalized,https://gocards.com/news/2017/8/25/general-louisville-adidas-strike-landmark-10-year-partnership-through-2027-28,True,True
Loyola Chicago,2017-18,Missouri Valley,,unknown,181,83.0,48.13218390804598,False,False,official final standings; spelling normalized,,False,False
Loyola Chicago,2018-19,Missouri Valley,,unknown,266,25.0,21.428571428571427,False,False,official final standings; spelling normalized,,False,False
Loyola Chicago,2020-21,Missouri Valley,,unknown,155,94.0,56.49717514124294,False,False,official final standings; spelling normalized,,False,False
Loyola Chicago,2021-22,Missouri Valley,,unknown,229,50.0,33.52112676056338,False,False,official final standings; spelling normalized,,False,False
Loyola Chicago,2022-23,Atlantic 10,,unknown,221,52.0,38.407821229050285,False,False,official final standings; spelling normalized,,False,False
Loyola Chicago,2023-24,Atlantic 10,,unknown,260,28.0,27.247191011235955,False,False,official final standings; spelling normalized,,False,False
Loyola Chicago,2024-25,Atlantic 10,,unknown,128,137.0,64.18539325842697,False,False,official final standings; spelling normalized,,False,False
Loyola Chicago,2025-26,Atlantic 10,,unknown,150,112.0,57.86516853932584,False,False,official final standings; spelling normalized,,False,False
Loyola Maryland,2017-18,Patriot,,unknown,146,113.0,58.333333333333336,False,False,official final standings; spelling normalized,,False,False
Loyola Maryland,2018-19,Patriot,,unknown,139,113.0,60.57142857142858,False,False,official final standings; spelling normalized,,False,False
Loyola Maryland,2020-21,Patriot,,unknown,122,121.0,65.81920903954803,False,False,official final standings; spelling normalized,,False,False
Loyola Maryland,2021-22,Patriot,,unknown,163,100.0,54.08450704225351,False,False,official final standings; spelling normalized,,False,False
Loyola Maryland,2022-23,Patriot,,unknown,197,70.0,44.832402234636874,False,False,official final standings; spelling normalized,,False,False
Loyola Maryland,2023-24,Patriot,,unknown,210,58.0,41.01123595505618,False,False,official final standings; spelling normalized,,False,False
Loyola Maryland,2024-25,Patriot,,unknown,258,30.0,27.3876404494382,False,False,official final standings; spelling normalized,,False,False
Loyola Maryland,2025-26,Patriot,,unknown,265,25.0,21.629213483146067,False,False,official final standings; spelling normalized,,False,False
Loyola Marymount,2017-18,,,unknown,,0.0,8.189655172413794,False,True,not available; imputed zero year,,False,False
Loyola Marymount,2018-19,WCC,,unknown,155,100.0,55.57142857142857,False,False,official final standings; spelling normalized,,False,False
Loyola Marymount,2020-21,WCC,,unknown,140,105.0,60.73446327683616,False,False,official final standings; spelling normalized,,False,False
Loyola Marymount,2021-22,WCC,,unknown,117,145.5,67.32394366197182,False,False,official final standings; spelling normalized,,False,False
Loyola Marymount,2022-23,WCC,,unknown,131,132.5,63.687150837988824,False,False,official final standings; spelling normalized,,False,False
Loyola Marymount,2023-24,WCC,,unknown,115,160.5,67.97752808988764,False,False,official final standings; spelling normalized,,False,False
Loyola Marymount,2024-25,WCC,,unknown,94,200.0,73.87640449438202,False,False,official final standings; spelling normalized,,False,False
Loyola Marymount,2025-26,WCC,,unknown,140,120.0,60.53370786516854,False,False,official final standings; spelling normalized,,False,False
Maine,2017-18,America East,,unknown,258,25.0,22.270114942528735,False,False,official final standings; spelling normalized,,False,False
Maine,2018-19,America East,,unknown,145,108.0,58.71428571428572,False,False,official final standings; spelling normalized,,False,False
Maine,2020-21,,,unknown,,0.0,8.757062146892656,False,True,not available; imputed zero year,,False,False
Maine,2021-22,America East,,unknown,266,25.0,21.830985915492956,False,False,official final standings; spelling normalized,,False,False
Maine,2022-23,America East,,unknown,261,25.0,23.32402234636871,False,False,official final standings; spelling normalized,,False,False
Maine,2023-24,America East,,unknown,182,75.0,48.03370786516854,False,False,official final standings; spelling normalized,,False,False
Maine,2024-25,America East,,unknown,226,50.0,35.1123595505618,False,False,official final standings; spelling normalized,,False,False
Maine,2025-26,America East,,unknown,265,25.0,21.629213483146067,False,False,official final standings; spelling normalized,,False,False
Manhattan,2017-18,,,unknown,,0.0,8.189655172413794,False,True,not available; imputed zero year,,False,False
Manhattan,2018-19,,,unknown,,0.0,8.0,False,True,not available; imputed zero year,,False,False
Manhattan,2020-21,MAAC,,unknown,255,25.0,24.43502824858757,False,False,official final standings; spelling normalized,,False,False
Manhattan,2021-22,MAAC,,unknown,266,25.0,21.830985915492956,False,False,official final standings; spelling normalized,,False,False
Manhattan,2022-23,,,unknown,,0.0,7.5418994413407825,False,True,not available; imputed zero year,,False,False
Manhattan,2023-24,,,unknown,,0.0,6.460674157303371,False,True,not available; imputed zero year,,False,False
Manhattan,2024-25,,,unknown,,0.0,7.584269662921349,False,True,not available; imputed zero year,,False,False
Manhattan,2025-26,,,unknown,,0.0,7.865168539325842,False,True,not available; imputed zero year,,False,False
Marist,2017-18,,,unknown,,0.0,8.189655172413794,False,True,not available; imputed zero year,,False,False
Marist,2018-19,MAAC,,unknown,217,55.0,38.142857142857146,False,False,official final standings; spelling normalized,,False,False
Marist,2020-21,MAAC,,unknown,130,115.0,63.559322033898304,False,False,official final standings; spelling normalized,,False,False
Marist,2021-22,MAAC,,unknown,266,25.0,21.830985915492956,False,False,official final standings; spelling normalized,,False,False
Marist,2022-23,MAAC,,unknown,223,50.0,35.89385474860335,False,False,official final standings; spelling normalized,,False,False
Marist,2023-24,,,unknown,,0.0,6.460674157303371,False,True,not available; imputed zero year,,False,False
Marist,2024-25,MAAC,,unknown,254,37.5,28.792134831460675,False,False,official final standings; spelling normalized,,False,False
Marist,2025-26,MAAC,,unknown,202,70.0,43.11797752808989,False,False,official final standings; spelling normalized,,False,False
Marquette,2017-18,Big East,,unknown,152,100.0,55.74712643678161,False,False,official final standings; spelling normalized,,False,False
Marquette,2018-19,Big East,,unknown,106,167.0,70.0,False,False,official final standings; spelling normalized,,False,False
Marquette,2020-21,Big East,,unknown,162,89.0,54.378531073446325,False,False,official final standings; spelling normalized,,False,False
Marquette,2021-22,Big East,,unknown,229,50.0,33.52112676056338,False,False,official final standings; spelling normalized,,False,False
Marquette,2022-23,Big East,,unknown,97,179.5,73.18435754189943,False,False,official final standings; spelling normalized,,False,False
Marquette,2023-24,Big East,,unknown,129,139.0,64.04494382022472,False,False,official final standings; spelling normalized,,False,False
Marquette,2024-25,Big East,,unknown,140,117.0,60.95505617977528,False,False,official final standings; spelling normalized,,False,False
Marquette,2025-26,Big East,,unknown,225,50.0,34.97191011235955,False,False,official final standings; spelling normalized,,False,False
Marshall,2017-18,Conference USA,,unknown,165,95.0,52.44252873563219,False,False,official final standings; spelling normalized,,False,False
Marshall,2018-19,Conference USA,,unknown,244,45.0,30.28571428571429,False,False,official final standings; spelling normalized,,False,False
Marshall,2020-21,Conference USA,,unknown,113,125.0,67.93785310734464,False,False,official final standings; spelling normalized,,False,False
Marshall,2021-22,Conference USA,,unknown,196,75.0,44.225352112676056,False,False,official final standings; spelling normalized,,False,False
Marshall,2022-23,Sun Belt,,unknown,157,109.0,56.005586592178766,False,False,official final standings; spelling normalized,,False,False
Marshall,2023-24,Sun Belt,,unknown,145,114.0,59.55056179775281,False,False,official final standings; spelling normalized,,False,False
Marshall,2024-25,Sun Belt,,unknown,172,90.0,51.82584269662921,False,False,official final standings; spelling normalized,,False,False
Marshall,2025-26,Sun Belt,,unknown,173,87.5,51.12359550561798,False,False,official final standings; spelling normalized,,False,False
Maryland,2017-18,Big Ten,Under Armour,A,53,467.5,85.0574712643678,True,False,official final standings; spelling normalized,https://about.underarmour.com/en/stories/2024/06/university-of-maryland-and-under-armour-announce-12-year-extensi.html,True,True
Maryland,2018-19,Big Ten,Under Armour,A,40,588.0,88.85714285714286,True,False,official final standings; spelling normalized,https://about.underarmour.com/en/stories/2024/06/university-of-maryland-and-under-armour-announce-12-year-extensi.html,True,True
Maryland,2020-21,Big Ten,Under Armour,A,46,462.5,87.28813559322035,True,False,official final standings; spelling normalized,https://about.underarmour.com/en/stories/2024/06/university-of-maryland-and-under-armour-announce-12-year-extensi.html,True,True
Maryland,2021-22,Big Ten,Under Armour,A,46,528.0,87.32394366197182,True,False,official final standings; spelling normalized,https://about.underarmour.com/en/stories/2024/06/university-of-maryland-and-under-armour-announce-12-year-extensi.html,True,True
Maryland,2022-23,Big Ten,Under Armour,A,44,561.5,87.98882681564247,True,False,official final standings; spelling normalized,https://about.underarmour.com/en/stories/2024/06/university-of-maryland-and-under-armour-announce-12-year-extensi.html,True,True
Maryland,2023-24,Big Ten,Under Armour,A,61,400.5,83.14606741573034,True,False,official final standings; spelling normalized,https://about.underarmour.com/en/stories/2024/06/university-of-maryland-and-under-armour-announce-12-year-extensi.html,True,True
Maryland,2024-25,Big Ten,Under Armour,A,57,460.5,84.26966292134831,True,False,official final standings; spelling normalized,https://about.underarmour.com/en/stories/2024/06/university-of-maryland-and-under-armour-announce-12-year-extensi.html,True,True
Maryland,2025-26,Big Ten,Under Armour,A,71,325.5,80.33707865168539,True,False,official final standings; spelling normalized,https://about.underarmour.com/en/stories/2024/06/university-of-maryland-and-under-armour-announce-12-year-extensi.html,True,True
Maryland Eastern Shore,2017-18,,,unknown,,0.0,8.189655172413794,False,True,not available; imputed zero year,,False,False
Maryland Eastern Shore,2018-19,MEAC,,unknown,179,83.0,49.142857142857146,False,False,official final standings; spelling normalized,,False,False
Maryland Eastern Shore,2020-21,,,unknown,,0.0,8.757062146892656,False,True,not available; imputed zero year,,False,False
Maryland Eastern Shore,2021-22,,,unknown,,0.0,8.591549295774648,False,True,not available; imputed zero year,,False,False
Maryland Eastern Shore,2022-23,,,unknown,,0.0,7.5418994413407825,False,True,not available; imputed zero year,,False,False
Maryland Eastern Shore,2023-24,MEAC,,unknown,237,45.0,33.00561797752809,False,False,official final standings; spelling normalized,,False,False
Maryland Eastern Shore,2024-25,,,unknown,,0.0,7.584269662921349,False,True,not available; imputed zero year,,False,False
Maryland Eastern Shore,2025-26,,,unknown,,0.0,7.865168539325842,False,True,not available; imputed zero year,,False,False
Massachusetts,2017-18,Atlantic 10,,unknown,217,50.0,35.3448275862069,False,False,official final standings; spelling normalized,,False,False
Massachusetts,2018-19,Atlantic 10,,unknown,171,90.0,51.142857142857146,False,False,official final standings; spelling normalized,,False,False
Massachusetts,2020-21,Atlantic 10,,unknown,91,175.0,74.43502824858757,False,False,official final standings; spelling normalized,,False,False
Massachusetts,2021-22,Atlantic 10,,unknown,196,75.0,44.225352112676056,False,False,official final standings; spelling normalized,,False,False
Massachusetts,2022-23,Atlantic 10,,unknown,261,25.0,23.32402234636871,False,False,official final standings; spelling normalized,,False,False
Massachusetts,2023-24,Atlantic 10,,unknown,217,50.0,37.07865168539326,False,False,official final standings; spelling normalized,,False,False
Massachusetts,2024-25,Atlantic 10,,unknown,84,241.0,76.68539325842697,False,False,official final standings; spelling normalized,,False,False
Massachusetts,2025-26,MAC,,unknown,219,57.0,38.764044943820224,False,False,official final standings; spelling normalized,,False,False
Massachusetts Lowell,2017-18,,,unknown,,0.0,8.189655172413794,False,True,not available; imputed zero year,,False,False
Massachusetts Lowell,2018-19,,,unknown,,0.0,8.0,False,True,not available; imputed zero year,,False,False
Massachusetts Lowell,2020-21,America East,,unknown,244,40.5,31.35593220338983,False,False,official final standings; spelling normalized,,False,False
Massachusetts Lowell,2021-22,America East,,unknown,266,25.0,21.830985915492956,False,False,official final standings; spelling normalized,,False,False
Massachusetts Lowell,2022-23,,,unknown,,0.0,7.5418994413407825,False,True,not available; imputed zero year,,False,False
Massachusetts Lowell,2023-24,,,unknown,,0.0,6.460674157303371,False,True,not available; imputed zero year,,False,False
Massachusetts Lowell,2024-25,America East,,unknown,298,5.0,15.870786516853933,False,False,official final standings; spelling normalized,,False,False
Massachusetts Lowell,2025-26,,,unknown,,0.0,7.865168539325842,False,True,not available; imputed zero year,,False,False
McNeese State,2017-18,Southland,,unknown,162,96.0,53.44827586206896,False,False,official final standings; spelling normalized,,False,False
McNeese State,2018-19,Southland,,unknown,259,31.0,26.285714285714285,False,False,official final standings; spelling normalized,,False,False
McNeese State,2020-21,Southland,,unknown,204,62.5,42.51412429378531,False,False,official final standings; spelling normalized,,False,False
McNeese State,2021-22,Southland,,unknown,229,50.0,33.52112676056338,False,False,official final standings; spelling normalized,,False,False
McNeese State,2022-23,Southland,,unknown,223,50.0,35.89385474860335,False,False,official final standings; spelling normalized,,False,False
McNeese State,2023-24,Southland,,unknown,262,25.0,21.48876404494382,False,False,official final standings; spelling normalized,,False,False
McNeese State,2024-25,Southland,,unknown,226,50.0,35.1123595505618,False,False,official final standings; spelling normalized,,False,False
McNeese State,2025-26,Southland,,unknown,225,50.0,34.97191011235955,False,False,official final standings; spelling normalized,,False,False
Memphis,2017-18,American,,unknown,127,142.5,63.793103448275865,False,False,official final standings; spelling normalized,,False,False
Memphis,2018-19,American,,unknown,153,102.0,56.57142857142857,False,False,official final standings; spelling normalized,,False,False
Memphis,2020-21,American,,unknown,91,175.0,74.43502824858757,False,False,official final standings; spelling normalized,,False,False
Memphis,2021-22,American,,unknown,97,192.0,72.95774647887325,False,False,official final standings; spelling normalized,,False,False
Memphis,2022-23,American,,unknown,88,208.0,75.69832402234637,False,False,official final standings; spelling normalized,,False,False
Memphis,2023-24,American,,unknown,92,209.0,74.43820224719101,False,False,official final standings; spelling normalized,,False,False
Memphis,2024-25,American,,unknown,157,101.0,55.89887640449438,False,False,official final standings; spelling normalized,,False,False
Memphis,2025-26,American,,unknown,138,121.0,61.37640449438202,False,False,official final standings; spelling normalized,,False,False
Mercer,2017-18,SoCon,,unknown,189,75.0,44.9712643678161,False,False,official final standings; spelling normalized,,False,False
Mercer,2018-19,SoCon,,unknown,190,75.0,44.714285714285715,False,False,official final standings; spelling normalized,,False,False
Mercer,2020-21,SoCon,,unknown,178,77.0,50.0,False,False,official final standings; spelling normalized,,False,False
Mercer,2021-22,SoCon,,unknown,196,75.0,44.225352112676056,False,False,official final standings; spelling normalized,,False,False
Mercer,2022-23,SoCon,,unknown,261,25.0,23.32402234636871,False,False,official final standings; spelling normalized,,False,False
Mercer,2023-24,SoCon,,unknown,154,103.0,56.88202247191011,False,False,official final standings; spelling normalized,,False,False
Mercer,2024-25,SoCon,,unknown,125,140.0,64.8876404494382,False,False,official final standings; spelling normalized,,False,False
Mercer,2025-26,SoCon,,unknown,185,78.0,48.31460674157304,False,False,official final standings; spelling normalized,,False,False
Merrimack,2020-21,,,unknown,,0.0,8.757062146892656,False,True,not available; imputed zero year,,False,False
Merrimack,2021-22,,,unknown,,0.0,8.591549295774648,False,True,not available; imputed zero year,,False,False
Merrimack,2022-23,Northeast (Fall 2023),,unknown,261,25.0,23.32402234636871,False,False,official final standings; spelling normalized,,False,False
Merrimack,2023-24,Northeast,,unknown,237,45.0,33.00561797752809,False,False,official final standings; spelling normalized,,False,False
Merrimack,2024-25,,,unknown,,0.0,7.584269662921349,False,True,not available; imputed zero year,,False,False
Merrimack,2025-26,MAAC,,unknown,265,25.0,21.629213483146067,False,False,official final standings; spelling normalized,,False,False
Miami (FL),2017-18,ACC,adidas,A,62,382.0,82.47126436781609,True,False,official final standings; spelling normalized,https://miamihurricanes.com/news/2021/02/15/championship-colors,True,True
Miami (FL),2018-19,ACC,adidas,A,58,420.83,83.71428571428572,True,False,official final standings; spelling normalized,https://miamihurricanes.com/news/2021/02/15/championship-colors,True,True
Miami (FL),2020-21,ACC,adidas,A,62,358.5,82.7683615819209,True,False,official final standings; spelling normalized,https://miamihurricanes.com/news/2021/02/15/championship-colors,True,True
Miami (FL),2021-22,ACC,adidas,A,50,516.0,86.19718309859155,True,False,official final standings; spelling normalized,https://miamihurricanes.com/news/2021/02/15/championship-colors,True,True
Miami (FL),2022-23,ACC,adidas,A,49,480.0,86.59217877094973,True,False,official final standings; spelling normalized,https://miamihurricanes.com/news/2021/02/15/championship-colors,True,True
Miami (FL),2023-24,ACC,adidas,A,67,368.25,81.46067415730337,True,False,official final standings; spelling normalized,https://miamihurricanes.com/news/2021/02/15/championship-colors,True,True
Miami (FL),2024-25,ACC,adidas,A,55,472.5,84.8314606741573,True,False,official final standings; spelling normalized,https://miamihurricanes.com/news/2021/02/15/championship-colors,True,True
Miami (FL),2025-26,ACC,adidas,A,57,452.0,84.26966292134831,True,False,official final standings; spelling normalized,https://miamihurricanes.com/news/2021/02/15/championship-colors,True,True
Miami (OH),2017-18,MAC,,unknown,143,117.0,59.195402298850574,False,False,official final standings; spelling normalized,,False,False
Miami (OH),2018-19,MAC,,unknown,182,78.0,48.142857142857146,False,False,official final standings; spelling normalized,,False,False
Miami (OH),2020-21,MAC,,unknown,110,131.5,69.2090395480226,False,False,official final standings; spelling normalized,,False,False
Miami (OH),2021-22,MAC,,unknown,128,135.5,63.94366197183099,False,False,official final standings; spelling normalized,,False,False
Miami (OH),2022-23,MAC,,unknown,108,168.0,70.11173184357543,False,False,official final standings; spelling normalized,,False,False
Miami (OH),2023-24,MAC,,unknown,121,146.5,66.29213483146067,False,False,official final standings; spelling normalized,,False,False
Miami (OH),2024-25,MAC,,unknown,112,152.5,68.67977528089888,False,False,official final standings; spelling normalized,,False,False
Miami (OH),2025-26,MAC,,unknown,116,145.0,67.69662921348315,False,False,official final standings; spelling normalized,,False,False
Michigan,2017-18,Big Ten,Nike,A,6,1131.0,98.5632183908046,True,False,official final standings; spelling normalized,https://finance.umich.edu/reports/2016/category/athletics/,True,True
Michigan,2018-19,Big Ten,Nike,A,2,1272.25,99.71428571428572,True,False,official final standings; spelling normalized,https://finance.umich.edu/reports/2016/category/athletics/,True,True
Michigan,2020-21,Big Ten,Nike,A,3,1126.5,99.43502824858756,True,False,official final standings; spelling normalized,https://finance.umich.edu/reports/2016/category/athletics/,True,True
Michigan,2021-22,Big Ten,Nike,A,3,1245.25,99.43661971830986,True,False,official final standings; spelling normalized,https://finance.umich.edu/reports/2016/category/athletics/,True,True
Michigan,2022-23,Big Ten,Nike,A,11,1045.75,97.20670391061452,True,False,official final standings; spelling normalized,https://finance.umich.edu/reports/2016/category/athletics/,True,True
Michigan,2023-24,Big Ten,Nike,A,8,1030.0,98.03370786516854,True,False,official final standings; spelling normalized,https://finance.umich.edu/reports/2016/category/athletics/,True,True
Michigan,2024-25,Big Ten,Nike,A,13,928.5,96.62921348314607,True,False,official final standings; spelling normalized,https://finance.umich.edu/reports/2016/category/athletics/,True,True
Michigan,2025-26,Big Ten,Nike,A,9,1076.75,97.75280898876404,True,False,official final standings; spelling normalized,https://finance.umich.edu/reports/2016/category/athletics/,True,True
Michigan State,2017-18,Big Ten,Nike,A,50,475.75,85.91954022988506,True,False,official final standings; spelling normalized,https://www.sportsbusinessjournal.com/Daily/Issues/2015/07/20/Marketing-and-Sponsorship/MSU-Nike/,True,True
Michigan State,2018-19,Big Ten,Nike,A,47,526.0,86.85714285714286,True,False,official final standings; spelling normalized,https://www.sportsbusinessjournal.com/Daily/Issues/2015/07/20/Marketing-and-Sponsorship/MSU-Nike/,True,True
Michigan State,2020-21,Big Ten,Nike,A,61,365.5,83.05084745762711,True,False,official final standings; spelling normalized,https://www.sportsbusinessjournal.com/Daily/Issues/2015/07/20/Marketing-and-Sponsorship/MSU-Nike/,True,True
Michigan State,2021-22,Big Ten,Nike,A,41,544.75,88.73239436619718,True,False,official final standings; spelling normalized,https://www.sportsbusinessjournal.com/Daily/Issues/2015/07/20/Marketing-and-Sponsorship/MSU-Nike/,True,True
Michigan State,2022-23,Big Ten,Nike,A,53,447.75,85.47486033519553,True,False,official final standings; spelling normalized,https://www.sportsbusinessjournal.com/Daily/Issues/2015/07/20/Marketing-and-Sponsorship/MSU-Nike/,True,True
Michigan State,2023-24,Big Ten,Nike,A,42,539.25,88.48314606741573,True,False,official final standings; spelling normalized,https://www.sportsbusinessjournal.com/Daily/Issues/2015/07/20/Marketing-and-Sponsorship/MSU-Nike/,True,True
Michigan State,2024-25,Big Ten,Nike,A,48,513.25,86.79775280898876,True,False,official final standings; spelling normalized,https://spartanavenue.com/posts/michigan-state-and-nike-strike-deal-to-extend-contract-01j364s62zn9,True,True
Michigan State,2025-26,Big Ten,Nike,A,52,509.25,85.67415730337079,True,False,official final standings; spelling normalized,https://spartanavenue.com/posts/michigan-state-and-nike-strike-deal-to-extend-contract-01j364s62zn9,True,True
Middle Tennessee State,2017-18,Conference USA,,unknown,94,199.0,73.27586206896551,False,False,official final standings; spelling normalized,,False,False
Middle Tennessee State,2018-19,Conference USA,,unknown,135,115.0,61.57142857142858,False,False,official final standings; spelling normalized,,False,False
Middle Tennessee State,2020-21,Conference USA,,unknown,150,98.0,57.909604519774014,False,False,official final standings; spelling normalized,,False,False
Middle Tennessee State,2021-22,Conference USA,,unknown,98,189.5,72.67605633802818,False,False,official final standings; spelling normalized,,False,False
Middle Tennessee State,2022-23,Conference USA,,unknown,96,180.25,73.46368715083798,False,False,official final standings; spelling normalized,,False,False
Middle Tennessee State,2023-24,Conference USA,,unknown,156,100.0,56.32022471910112,False,False,official final standings; spelling normalized,,False,False
Middle Tennessee State,2024-25,Conference USA,,unknown,264,25.0,22.6123595505618,False,False,official final standings; spelling normalized,,False,False
Middle Tennessee State,2025-26,Conference USA,,unknown,207,67.0,42.13483146067416,False,False,official final standings; spelling normalized,,False,False
Minnesota,2017-18,Big Ten,Nike,A,19,852.0,94.82758620689656,True,False,official final standings; spelling normalized,https://athleticdirectoru.com/articles/cash-is-king-in-intercollegiate-apparel-agreements/,True,True
Minnesota,2018-19,Big Ten,Nike,C,20,813.75,94.57142857142856,True,False,official final standings; spelling normalized,https://athleticdirectoru.com/articles/cash-is-king-in-intercollegiate-apparel-agreements/,True,False
Minnesota,2020-21,Big Ten,Nike,A,28,727.0,92.3728813559322,True,False,official final standings; spelling normalized,https://regents.umn.edu/sites/regents.umn.edu/files/2020-02/minutes-dec2019.pdf,True,True
Minnesota,2021-22,Big Ten,Nike,A,28,746.75,92.3943661971831,True,False,official final standings; spelling normalized,https://regents.umn.edu/sites/regents.umn.edu/files/2020-02/minutes-dec2019.pdf,True,True
Minnesota,2022-23,Big Ten,Nike,A,31,678.5,91.62011173184358,True,False,official final standings; spelling normalized,https://regents.umn.edu/sites/regents.umn.edu/files/2020-02/minutes-dec2019.pdf,True,True
Minnesota,2023-24,Big Ten,Nike,A,40,584.75,89.04494382022472,True,False,official final standings; spelling normalized,https://regents.umn.edu/sites/regents.umn.edu/files/2023-02/minutes-dec2022.pdf,True,True
Minnesota,2024-25,Big Ten,Nike,A,39,622.5,89.32584269662921,True,False,official final standings; spelling normalized,https://regents.umn.edu/sites/regents.umn.edu/files/2023-02/minutes-dec2022.pdf,True,True
Minnesota,2025-26,Big Ten,Nike,A,32,675.75,91.29213483146069,True,False,official final standings; spelling normalized,https://regents.umn.edu/sites/regents.umn.edu/files/2023-02/minutes-dec2022.pdf,True,True
Mississippi State,2017-18,SEC,adidas,A,42,568.5,88.2183908045977,True,False,official final standings; spelling normalized,https://hailstate.com/sports/2014/4/16/209467396,True,True
Mississippi State,2018-19,SEC,adidas,A,44,550.5,87.71428571428571,True,False,official final standings; spelling normalized,https://hailstate.com/sports/2014/4/16/209467396,True,True
Mississippi State,2020-21,SEC,adidas,A,59,371.75,83.61581920903954,True,False,official final standings; spelling normalized,https://hailstate.com/sports/2014/4/16/209467396,True,True
Mississippi State,2021-22,SEC,adidas,C,76,270.5,78.87323943661971,True,False,official final standings; spelling normalized,https://hailstate.com/sports/2014/4/16/209467396,True,False
Mississippi State,2022-23,SEC,adidas,C,57,430.0,84.35754189944134,True,False,official final standings; spelling normalized,https://hailstate.com/sports/2014/4/16/209467396,True,False
Mississippi State,2023-24,SEC,adidas,C,60,401.5,83.42696629213484,True,False,official final standings; spelling normalized,https://hailstate.com/sports/2014/4/16/209467396,True,False
Mississippi State,2024-25,SEC,adidas,C,46,535.25,87.35955056179775,True,False,official final standings; spelling normalized,https://hailstate.com/sports/2014/4/16/209467396,True,False
Mississippi State,2025-26,SEC,adidas,B,61,445.5,83.14606741573034,True,False,official final standings; spelling normalized,https://web.archive.org/web/20251002011106/https://hailstate.com/,True,True
Missouri,2017-18,SEC,Nike,A,33,660.75,90.80459770114942,True,False,official final standings; spelling normalized,https://athleticdirectoru.com/articles/cash-is-king-in-intercollegiate-apparel-agreements/,True,True
Missouri,2018-19,SEC,Nike,C,51,488.75,85.71428571428571,True,False,official final standings; spelling normalized,https://athleticdirectoru.com/articles/cash-is-king-in-intercollegiate-apparel-agreements/,True,False
Missouri,2020-21,SEC,Nike,C,48,435.0,86.7231638418079,True,False,official final standings; spelling normalized,https://athleticdirectoru.com/articles/cash-is-king-in-intercollegiate-apparel-agreements/,True,False
Missouri,2021-22,SEC,Nike,C,57,429.25,84.22535211267605,True,False,official final standings; spelling normalized,https://athleticdirectoru.com/articles/cash-is-king-in-intercollegiate-apparel-agreements/,True,False
Missouri,2022-23,SEC,Nike,C,50,477.5,86.31284916201118,True,False,official final standings; spelling normalized,https://athleticdirectoru.com/articles/cash-is-king-in-intercollegiate-apparel-agreements/,True,False
Missouri,2023-24,SEC,Nike,C,55,426.5,84.8314606741573,True,False,official final standings; spelling normalized,https://athleticdirectoru.com/articles/cash-is-king-in-intercollegiate-apparel-agreements/,True,False
Missouri,2024-25,SEC,Nike,C,50,492.5,86.23595505617978,True,False,official final standings; spelling normalized,https://athleticdirectoru.com/articles/cash-is-king-in-intercollegiate-apparel-agreements/,True,False
Missouri,2025-26,SEC,Nike,B,65,390.5,82.02247191011236,True,False,official final standings; spelling normalized,https://mutigers.com/documents/download/2025/9/16/GameNotes_FULL_USC_G4.pdf,True,True
Missouri State,2017-18,Missouri Valley,,unknown,142,117.5,59.48275862068966,False,False,official final standings; spelling normalized,,False,False
Missouri State,2018-19,Missouri Valley,,unknown,161,95.0,54.142857142857146,False,False,official final standings; spelling normalized,,False,False
Missouri State,2020-21,Missouri Valley,,unknown,99,153.0,72.17514124293785,False,False,official final standings; spelling normalized,,False,False
Missouri State,2021-22,Missouri Valley,,unknown,114,150.0,68.02816901408451,False,False,official final standings; spelling normalized,,False,False
Missouri State,2022-23,Missouri Valley,,unknown,209,55.0,41.4804469273743,False,False,official final standings; spelling normalized,,False,False
Missouri State,2023-24,Missouri Valley,,unknown,217,50.0,37.07865168539326,False,False,official final standings; spelling normalized,,False,False
Missouri State,2024-25,Missouri Valley,,unknown,187,75.0,47.05056179775281,False,False,official final standings; spelling normalized,,False,False
Missouri State,2025-26,Conference USA,,unknown,188,75.0,46.48876404494382,False,False,official final standings; spelling normalized,,False,False
Monmouth,2017-18,MAAC,,unknown,152,100.0,55.74712643678161,False,False,official final standings; spelling normalized,,False,False
Monmouth,2018-19,MAAC,,unknown,110,152.0,68.85714285714286,False,False,official final standings; spelling normalized,,False,False
Monmouth,2020-21,MAAC,,unknown,113,125.0,67.93785310734464,False,False,official final standings; spelling normalized,,False,False
Monmouth,2021-22,MAAC,,unknown,229,50.0,33.52112676056338,False,False,official final standings; spelling normalized,,False,False
Monmouth,2022-23,CAA,,unknown,298,5.0,16.061452513966483,False,False,official final standings; spelling normalized,,False,False
Monmouth,2023-24,,,unknown,,0.0,6.460674157303371,False,True,not available; imputed zero year,,False,False
Monmouth,2024-25,,,unknown,,0.0,7.584269662921349,False,True,not available; imputed zero year,,False,False
Monmouth,2025-26,,,unknown,,0.0,7.865168539325842,False,True,not available; imputed zero year,,False,False
Montana,2017-18,Big Sky,,unknown,258,25.0,22.270114942528735,False,False,official final standings; spelling normalized,,False,False
Montana,2018-19,Big Sky,,unknown,223,50.0,34.14285714285714,False,False,official final standings; spelling normalized,,False,False
Montana,2020-21,Big Sky,,unknown,255,25.0,24.43502824858757,False,False,official final standings; spelling normalized,,False,False
Montana,2021-22,Big Sky,,unknown,172,95.0,51.83098591549295,False,False,official final standings; spelling normalized,,False,False
Montana,2022-23,Big Sky,,unknown,215,53.0,39.66480446927375,False,False,official final standings; spelling normalized,,False,False
Montana,2023-24,Big Sky,,unknown,164,90.0,53.79213483146067,False,False,official final standings; spelling normalized,,False,False
Montana,2024-25,Big Sky,,unknown,166,95.0,53.37078651685393,False,False,official final standings; spelling normalized,,False,False
Montana,2025-26,Big Sky,,unknown,154,108.0,57.02247191011236,False,False,official final standings; spelling normalized,,False,False
Montana State,2017-18,Big Sky,,unknown,199,72.0,42.95977011494253,False,False,official final standings; spelling normalized,,False,False
Montana State,2018-19,Big Sky,,unknown,134,116.0,62.0,False,False,official final standings; spelling normalized,,False,False
Montana State,2020-21,Big Sky,,unknown,152,96.5,57.34463276836158,False,False,official final standings; spelling normalized,,False,False
Montana State,2021-22,Big Sky,,unknown,77,266.0,78.59154929577464,False,False,official final standings; spelling normalized,,False,False
Montana State,2022-23,Big Sky,,unknown,76,272.5,79.05027932960894,False,False,official final standings; spelling normalized,,False,False
Montana State,2023-24,Big Sky,,unknown,98,196.0,72.75280898876404,False,False,official final standings; spelling normalized,,False,False
Montana State,2024-25,Big Sky,,unknown,101,186.0,71.91011235955057,False,False,official final standings; spelling normalized,,False,False
Montana State,2025-26,Big Sky,,unknown,102,180.0,71.48876404494382,False,False,official final standings; spelling normalized,,False,False
Morehead State,2017-18,OVC,,unknown,258,25.0,22.270114942528735,False,False,official final standings; spelling normalized,,False,False
Morehead State,2018-19,,,unknown,,0.0,8.0,False,True,not available; imputed zero year,,False,False
Morehead State,2020-21,OVC,,unknown,182,75.0,47.31638418079096,False,False,official final standings; spelling normalized,,False,False
Morehead State,2021-22,,,unknown,,0.0,8.591549295774648,False,True,not available; imputed zero year,,False,False
Morehead State,2022-23,OVC,,unknown,297,8.6,17.318435754189945,False,False,official final standings; spelling normalized,,False,False
Morehead State,2023-24,OVC,,unknown,217,50.0,37.07865168539326,False,False,official final standings; spelling normalized,,False,False
Morehead State,2024-25,OVC,,unknown,213,59.3,40.44943820224719,False,False,official final standings; spelling normalized,,False,False
Morehead State,2025-26,,,unknown,,0.0,7.865168539325842,False,True,not available; imputed zero year,,False,False
Morgan State,2017-18,MEAC,,unknown,258,25.0,22.270114942528735,False,False,official final standings; spelling normalized,,False,False
Morgan State,2018-19,MEAC,,unknown,266,25.0,21.428571428571427,False,False,official final standings; spelling normalized,,False,False
Morgan State,2020-21,MEAC,,unknown,255,25.0,24.43502824858757,False,False,official final standings; spelling normalized,,False,False
Morgan State,2021-22,,,unknown,,0.0,8.591549295774648,False,True,not available; imputed zero year,,False,False
Morgan State,2022-23,,,unknown,,0.0,7.5418994413407825,False,True,not available; imputed zero year,,False,False
Morgan State,2023-24,MEAC,,unknown,262,25.0,21.48876404494382,False,False,official final standings; spelling normalized,,False,False
Morgan State,2024-25,,,unknown,,0.0,7.584269662921349,False,True,not available; imputed zero year,,False,False
Morgan State,2025-26,MEAC,,unknown,244,45.0,31.03932584269663,False,False,official final standings; spelling normalized,,False,False
Mount St. Mary's,2017-18,,,unknown,,0.0,8.189655172413794,False,True,not available; imputed zero year,,False,False
Mount St. Mary's,2018-19,,,unknown,,0.0,8.0,False,True,not available; imputed zero year,,False,False
Mount St. Mary's,2020-21,Northeast,,unknown,174,80.0,50.84745762711864,False,False,official final standings; spelling normalized,,False,False
Mount St. Mary's,2021-22,Northeast,,unknown,179,90.0,49.859154929577464,False,False,official final standings; spelling normalized,,False,False
Mount St. Mary's,2022-23,,,unknown,,0.0,7.5418994413407825,False,True,not available; imputed zero year,,False,False
Mount St. Mary's,2023-24,,,unknown,,0.0,6.460674157303371,False,True,not available; imputed zero year,,False,False
Mount St. Mary's,2024-25,MAAC,,unknown,264,25.0,22.6123595505618,False,False,official final standings; spelling normalized,,False,False
Mount St. Mary's,2025-26,,,unknown,,0.0,7.865168539325842,False,True,not available; imputed zero year,,False,False
Murray State,2017-18,OVC,,unknown,129,141.0,63.2183908045977,False,False,official final standings; spelling normalized,,False,False
Murray State,2018-19,OVC,,unknown,100,185.0,71.71428571428572,False,False,official final standings; spelling normalized,,False,False
Murray State,2020-21,,,unknown,,0.0,8.757062146892656,False,True,not available; imputed zero year,,False,False
Murray State,2021-22,OVC,,unknown,134,130.0,62.394366197183096,False,False,official final standings; spelling normalized,,False,False
Murray State,2022-23,Missouri Valley,,unknown,242,46.0,32.68156424581006,False,False,official final standings; spelling normalized,,False,False
Murray State,2023-24,Missouri Valley,,unknown,262,25.0,21.48876404494382,False,False,official final standings; spelling normalized,,False,False
Murray State,2024-25,Missouri Valley,,unknown,151,108.0,57.58426966292135,False,False,official final standings; spelling normalized,,False,False
Murray State,2025-26,Missouri Valley,,unknown,254,30.0,27.94943820224719,False,False,official final standings; spelling normalized,,False,False
NJIT,2017-18,Atlantic Sun,,unknown,241,42.0,31.03448275862069,False,False,official final standings; spelling normalized,,False,False
NJIT,2018-19,ASUN,,unknown,263,28.0,25.142857142857142,False,False,official final standings; spelling normalized,,False,False
NJIT,2020-21,America East,,unknown,126,117.5,64.68926553672316,False,False,official final standings; spelling normalized,,False,False
NJIT,2021-22,America East,,unknown,256,32.0,28.028169014084508,False,False,official final standings; spelling normalized,,False,False
NJIT,2022-23,America East,,unknown,251,38.0,30.16759776536313,False,False,official final standings; spelling normalized,,False,False
NJIT,2023-24,America East,,unknown,262,25.0,21.48876404494382,False,False,official final standings; spelling normalized,,False,False
NJIT,2024-25,America East,,unknown,251,43.0,29.775280898876407,False,False,official final standings; spelling normalized,,False,False
NJIT,2025-26,America East,,unknown,224,51.0,37.359550561797754,False,False,official final standings; spelling normalized,,False,False
Navy,2017-18,Patriot,,unknown,74,298.0,79.02298850574712,False,False,official final standings; spelling normalized,,False,False
Navy,2018-19,Patriot,,unknown,72,307.0,79.71428571428572,False,False,official final standings; spelling normalized,,False,False
Navy,2020-21,Patriot,,unknown,86,203.5,75.98870056497175,False,False,official final standings; spelling normalized,,False,False
Navy,2021-22,Patriot,,unknown,136,128.0,61.97183098591549,False,False,official final standings; spelling normalized,,False,False
Navy,2022-23,Patriot,,unknown,118,154.5,67.31843575418995,False,False,official final standings; spelling normalized,,False,False
Navy,2023-24,Patriot,,unknown,102,183.5,71.62921348314607,False,False,official final standings; spelling normalized,,False,False
Navy,2024-25,Patriot,,unknown,98,191.8,72.75280898876404,False,False,official final standings; spelling normalized,,False,False
Navy,2025-26,Patriot,,unknown,73,321.5,79.7752808988764,False,False,official final standings; spelling normalized,,False,False
Nebraska,2017-18,Big Ten,adidas,A,44,553.0,87.64367816091954,True,False,official final standings; spelling normalized,https://huskers.com/news/2017/08/11/adidas-and-nebraska-renew-partnership-to-2028,True,True
Nebraska,2018-19,Big Ten,adidas,A,48,523.25,86.57142857142858,True,False,official final standings; spelling normalized,https://huskers.com/news/2017/08/11/adidas-and-nebraska-renew-partnership-to-2028,True,True
Nebraska,2020-21,Big Ten,adidas,A,35,568.0,90.3954802259887,True,False,official final standings; spelling normalized,https://huskers.com/news/2017/08/11/adidas-and-nebraska-renew-partnership-to-2028,True,True
Nebraska,2021-22,Big Ten,adidas,A,49,516.5,86.47887323943661,True,False,official final standings; spelling normalized,https://huskers.com/news/2017/08/11/adidas-and-nebraska-renew-partnership-to-2028,True,True
Nebraska,2022-23,Big Ten,adidas,A,29,734.25,92.17877094972069,True,False,official final standings; spelling normalized,https://huskers.com/news/2017/08/11/adidas-and-nebraska-renew-partnership-to-2028,True,True
Nebraska,2023-24,Big Ten,adidas,A,22,841.0,94.10112359550564,True,False,official final standings; spelling normalized,https://huskers.com/news/2017/08/11/adidas-and-nebraska-renew-partnership-to-2028,True,True
Nebraska,2024-25,Big Ten,adidas,A,21,849.75,94.3820224719101,True,False,official final standings; spelling normalized,https://huskers.com/news/2017/08/11/adidas-and-nebraska-renew-partnership-to-2028,True,True
Nebraska,2025-26,Big Ten,adidas,A,17,929.0,95.50561797752808,True,False,official final standings; spelling normalized,https://huskers.com/news/2017/08/11/adidas-and-nebraska-renew-partnership-to-2028,True,True
Nebraska Omaha,2017-18,Summit,,unknown,249,30.0,28.160919540229884,False,False,official final standings; spelling normalized,,False,False
Nebraska Omaha,2018-19,Summit,,unknown,241,49.0,31.428571428571427,False,False,official final standings; spelling normalized,,False,False
Nebraska Omaha,2020-21,Summit,,unknown,182,75.0,47.31638418079096,False,False,official final standings; spelling normalized,,False,False
Nebraska Omaha,2021-22,,,unknown,,0.0,8.591549295774648,False,True,not available; imputed zero year,,False,False
Nebraska Omaha,2022-23,Summit,,unknown,204,62.5,43.296089385474865,False,False,official final standings; spelling normalized,,False,False
Nebraska Omaha,2023-24,Summit,,unknown,136,125.0,61.79775280898876,False,False,official final standings; spelling normalized,,False,False
Nebraska Omaha,2024-25,Summit,,unknown,210,62.5,41.01123595505618,False,False,official final standings; spelling normalized,,False,False
Nebraska Omaha,2025-26,,,unknown,,0.0,7.865168539325842,False,True,not available; imputed zero year,,False,False
Nevada,2017-18,Mountain West,,unknown,134,136.0,61.7816091954023,False,False,official final standings; spelling normalized,,False,False
Nevada,2018-19,Mountain West,,unknown,150,104.5,57.42857142857143,False,False,official final standings; spelling normalized,,False,False
Nevada,2020-21,Mountain West,,unknown,177,78.0,50.282485875706215,False,False,official final standings; spelling normalized,,False,False
Nevada,2021-22,Mountain West,,unknown,205,72.0,42.25352112676056,False,False,official final standings; spelling normalized,,False,False
Nevada,2022-23,Mountain West,,unknown,190,76.0,47.20670391061452,False,False,official final standings; spelling normalized,,False,False
Nevada,2023-24,Mountain West,,unknown,205,60.0,42.5561797752809,False,False,official final standings; spelling normalized,,False,False
Nevada,2024-25,Mountain West,,unknown,244,45.0,31.179775280898873,False,False,official final standings; spelling normalized,,False,False
Nevada,2025-26,Mountain West,,unknown,148,112.5,58.56741573033708,False,False,official final standings; spelling normalized,,False,False
New Hampshire,2017-18,America East,,unknown,71,325.0,79.88505747126436,False,False,official final standings; spelling normalized,,False,False
New Hampshire,2018-19,America East,,unknown,132,119.0,62.57142857142857,False,False,official final standings; spelling normalized,,False,False
New Hampshire,2020-21,America East,,unknown,164,88.0,53.813559322033896,False,False,official final standings; spelling normalized,,False,False
New Hampshire,2021-22,America East,,unknown,126,136.0,64.64788732394366,False,False,official final standings; spelling normalized,,False,False
New Hampshire,2022-23,America East,,unknown,93,194.0,74.30167597765363,False,False,official final standings; spelling normalized,,False,False
New Hampshire,2023-24,America East,,unknown,134,130.0,62.64044943820225,False,False,official final standings; spelling normalized,,False,False
New Hampshire,2024-25,America East,,unknown,146,113.0,59.269662921348306,False,False,official final standings; spelling normalized,,False,False
New Hampshire,2025-26,America East,,unknown,125,133.0,65.02808988764045,False,False,official final standings; spelling normalized,,False,False
New Mexico,2017-18,Mountain West,Nike,A,64,373.25,81.89655172413794,True,False,official final standings; spelling normalized,https://golobos.com/news/2023/10/12/lobos-nike-announce-extension-through-2027,True,True
New Mexico,2018-19,Mountain West,Nike,A,71,312.5,80.0,True,False,official final standings; spelling normalized,https://golobos.com/news/2023/10/12/lobos-nike-announce-extension-through-2027,True,True
New Mexico,2020-21,Mountain West,Nike,A,80,225.5,77.68361581920904,True,False,official final standings; spelling normalized,https://golobos.com/news/2023/10/12/lobos-nike-announce-extension-through-2027,True,True
New Mexico,2021-22,Mountain West,Nike,A,96,195.5,73.23943661971832,True,False,official final standings; spelling normalized,https://golobos.com/news/2023/10/12/lobos-nike-announce-extension-through-2027,True,True
New Mexico,2022-23,Mountain West,Nike,A,74,275.55,79.60893854748603,True,False,official final standings; spelling normalized,https://golobos.com/news/2023/10/12/lobos-nike-announce-extension-through-2027,True,True
New Mexico,2023-24,Mountain West,Nike,A,88,217.5,75.56179775280899,True,False,official final standings; spelling normalized,https://golobos.com/news/2023/10/12/lobos-nike-announce-extension-through-2027,True,True
New Mexico,2024-25,Mountain West,Nike,A,49,495.5,86.51685393258427,True,False,official final standings; spelling normalized,https://golobos.com/news/2023/10/12/lobos-nike-announce-extension-through-2027,True,True
New Mexico,2025-26,Mountain West,Nike,A,58,449.5,83.98876404494382,True,False,official final standings; spelling normalized,https://golobos.com/news/2023/10/12/lobos-nike-announce-extension-through-2027,True,True
New Mexico State,2017-18,WAC,,unknown,124,145.0,64.65517241379311,False,False,official final standings; spelling normalized,,False,False
New Mexico State,2018-19,WAC,,unknown,140,111.5,60.285714285714285,False,False,official final standings; spelling normalized,,False,False
New Mexico State,2020-21,WAC,,unknown,239,43.5,32.7683615819209,False,False,official final standings; spelling normalized,,False,False
New Mexico State,2021-22,WAC,,unknown,151,110.5,57.74647887323944,False,False,official final standings; spelling normalized,,False,False
New Mexico State,2022-23,WAC,,unknown,197,70.0,44.832402234636874,False,False,official final standings; spelling normalized,,False,False
New Mexico State,2023-24,Conference USA,,unknown,262,25.0,21.48876404494382,False,False,official final standings; spelling normalized,,False,False
New Mexico State,2024-25,Conference USA,,unknown,263,28.0,26.40449438202247,False,False,official final standings; spelling normalized,,False,False
New Mexico State,2025-26,,,unknown,,0.0,7.865168539325842,False,True,not available; imputed zero year,,False,False
New Orleans,2017-18,,,unknown,,0.0,8.189655172413794,False,True,not available; imputed zero year,,False,False
New Orleans,2018-19,,,unknown,,0.0,8.0,False,True,not available; imputed zero year,,False,False
New Orleans,2020-21,,,unknown,,0.0,8.757062146892656,False,True,not available; imputed zero year,,False,False
New Orleans,2021-22,Southland,,unknown,266,25.0,21.830985915492956,False,False,official final standings; spelling normalized,,False,False
New Orleans,2022-23,,,unknown,,0.0,7.5418994413407825,False,True,not available; imputed zero year,,False,False
New Orleans,2023-24,,,unknown,,0.0,6.460674157303371,False,True,not available; imputed zero year,,False,False
New Orleans,2024-25,Southland,,unknown,264,25.0,22.6123595505618,False,False,official final standings; spelling normalized,,False,False
New Orleans,2025-26,,,unknown,,0.0,7.865168539325842,False,True,not available; imputed zero year,,False,False
Niagara,2017-18,,,unknown,,0.0,8.189655172413794,False,True,not available; imputed zero year,,False,False
Niagara,2018-19,,,unknown,,0.0,8.0,False,True,not available; imputed zero year,,False,False
Niagara,2020-21,,,unknown,,0.0,8.757062146892656,False,True,not available; imputed zero year,,False,False
Niagara,2021-22,,,unknown,,0.0,8.591549295774648,False,True,not available; imputed zero year,,False,False
Niagara,2022-23,,,unknown,,0.0,7.5418994413407825,False,True,not available; imputed zero year,,False,False
Niagara,2023-24,MAAC,,unknown,217,50.0,37.07865168539326,False,False,official final standings; spelling normalized,,False,False
Niagara,2024-25,,,unknown,,0.0,7.584269662921349,False,True,not available; imputed zero year,,False,False
Niagara,2025-26,,,unknown,,0.0,7.865168539325842,False,True,not available; imputed zero year,,False,False
Nicholls State,2017-18,Southland,,unknown,217,50.0,35.3448275862069,False,False,official final standings; spelling normalized,,False,False
Nicholls State,2018-19,Southland,,unknown,219,53.0,37.285714285714285,False,False,official final standings; spelling normalized,,False,False
Nicholls State,2020-21,,,unknown,,0.0,8.757062146892656,False,True,not available; imputed zero year,,False,False
Nicholls State,2021-22,,,unknown,,0.0,8.591549295774648,False,True,not available; imputed zero year,,False,False
Nicholls State,2022-23,Southland,,unknown,261,25.0,23.32402234636871,False,False,official final standings; spelling normalized,,False,False
Nicholls State,2023-24,Southland,,unknown,217,50.0,37.07865168539326,False,False,official final standings; spelling normalized,,False,False
Nicholls State,2024-25,,,unknown,,0.0,7.584269662921349,False,True,not available; imputed zero year,,False,False
Nicholls State,2025-26,,,unknown,,0.0,7.865168539325842,False,True,not available; imputed zero year,,False,False
Norfolk State,2017-18,MEAC,,unknown,286,23.5,18.103448275862068,False,False,official final standings; spelling normalized,,False,False
Norfolk State,2018-19,MEAC,,unknown,251,39.0,28.57142857142857,False,False,official final standings; spelling normalized,,False,False
Norfolk State,2020-21,MEAC,,unknown,156,93.5,56.07344632768362,False,False,official final standings; spelling normalized,,False,False
Norfolk State,2021-22,MEAC,,unknown,266,25.0,21.830985915492956,False,False,official final standings; spelling normalized,,False,False
Norfolk State,2022-23,MEAC,,unknown,261,25.0,23.32402234636871,False,False,official final standings; spelling normalized,,False,False
Norfolk State,2023-24,MEAC,,unknown,262,25.0,21.48876404494382,False,False,official final standings; spelling normalized,,False,False
Norfolk State,2024-25,MEAC,,unknown,226,50.0,35.1123595505618,False,False,official final standings; spelling normalized,,False,False
Norfolk State,2025-26,,,unknown,,0.0,7.865168539325842,False,True,not available; imputed zero year,,False,False
North Alabama,2018-19,,,unknown,,0.0,8.0,False,True,not available; imputed zero year,,False,False
North Alabama,2020-21,,,unknown,,0.0,8.757062146892656,False,True,not available; imputed zero year,,False,False
North Alabama,2021-22,,,unknown,,0.0,8.591549295774648,False,True,not available; imputed zero year,,False,False
North Alabama,2022-23,,,unknown,,0.0,7.5418994413407825,False,True,not available; imputed zero year,,False,False
North Alabama,2023-24,,,unknown,,0.0,6.460674157303371,False,True,not available; imputed zero year,,False,False
North Alabama,2024-25,ASUN,,unknown,264,25.0,22.6123595505618,False,False,official final standings; spelling normalized,,False,False
North Alabama,2025-26,,,unknown,,0.0,7.865168539325842,False,True,not available; imputed zero year,,False,False
North Carolina,2017-18,ACC,Nike,A,13,917.5,96.55172413793105,True,False,official final standings; spelling normalized,https://athleticdirectoru.com/articles/cash-is-king-in-intercollegiate-apparel-agreements/,True,True
North Carolina,2018-19,ACC,Nike,A,10,987.0,97.42857142857144,True,False,official final standings; spelling normalized,https://goheels.com/news/2018/12/18/general-carolina-announces-contract-extension-for-williams,True,True
North Carolina,2020-21,ACC,Nike,A,4,1126.25,99.15254237288136,True,False,official final standings; spelling normalized,https://goheels.com/news/2018/12/18/general-carolina-announces-contract-extension-for-williams,True,True
North Carolina,2021-22,ACC,Nike,A,6,1087.25,98.59154929577466,True,False,official final standings; spelling normalized,https://goheels.com/news/2018/12/18/general-carolina-announces-contract-extension-for-williams,True,True
North Carolina,2022-23,ACC,Nike,A,8,1068.0,98.04469273743015,True,False,official final standings; spelling normalized,https://goheels.com/news/2018/12/18/general-carolina-announces-contract-extension-for-williams,True,True
North Carolina,2023-24,ACC,Nike,A,7,1035.75,98.31460674157304,True,False,official final standings; spelling normalized,https://goheels.com/news/2018/12/18/general-carolina-announces-contract-extension-for-williams,True,True
North Carolina,2024-25,ACC,Nike,A,4,1195.25,99.15730337078652,True,False,official final standings; spelling normalized,https://goheels.com/news/2018/12/18/general-carolina-announces-contract-extension-for-williams,True,True
North Carolina,2025-26,ACC,Nike,A,4,1166.75,99.15730337078652,True,False,official final standings; spelling normalized,https://goheels.com/news/2018/12/18/general-carolina-announces-contract-extension-for-williams,True,True
North Carolina A&T,2017-18,MEAC,,unknown,99,187.0,71.83908045977012,False,False,official final standings; spelling normalized,,False,False
North Carolina A&T,2018-19,MEAC,,unknown,85,234.75,76.0,False,False,official final standings; spelling normalized,,False,False
North Carolina A&T,2020-21,MEAC,,unknown,53,398.5,85.31073446327684,False,False,official final standings; spelling normalized,,False,False
North Carolina A&T,2021-22,Big South,,unknown,80,251.25,77.74647887323944,False,False,official final standings; spelling normalized,,False,False
North Carolina A&T,2022-23,CAA,,unknown,181,85.5,49.581005586592184,False,False,official final standings; spelling normalized,,False,False
North Carolina A&T,2023-24,CAA,,unknown,237,45.0,33.00561797752809,False,False,official final standings; spelling normalized,,False,False
North Carolina A&T,2024-25,CAA,,unknown,204,65.0,42.69662921348314,False,False,official final standings; spelling normalized,,False,False
North Carolina A&T,2025-26,CAA,,unknown,129,128.75,64.04494382022472,False,False,official final standings; spelling normalized,,False,False
North Carolina Asheville,2017-18,,,unknown,,0.0,8.189655172413794,False,True,not available; imputed zero year,,False,False
North Carolina Asheville,2018-19,,,unknown,,0.0,8.0,False,True,not available; imputed zero year,,False,False
North Carolina Asheville,2020-21,,,unknown,,0.0,8.757062146892656,False,True,not available; imputed zero year,,False,False
North Carolina Asheville,2021-22,,,unknown,,0.0,8.591549295774648,False,True,not available; imputed zero year,,False,False
North Carolina Asheville,2022-23,Big South,,unknown,261,25.0,23.32402234636871,False,False,official final standings; spelling normalized,,False,False
North Carolina Asheville,2023-24,Big South,,unknown,217,50.0,37.07865168539326,False,False,official final standings; spelling normalized,,False,False
North Carolina Asheville,2024-25,,,unknown,,0.0,7.584269662921349,False,True,not available; imputed zero year,,False,False
North Carolina Asheville,2025-26,,,unknown,,0.0,7.865168539325842,False,True,not available; imputed zero year,,False,False
North Carolina Central,2017-18,MEAC,,unknown,291,5.0,16.522988505747126,False,False,official final standings; spelling normalized,,False,False
North Carolina Central,2018-19,MEAC,,unknown,295,5.0,16.0,False,False,official final standings; spelling normalized,,False,False
North Carolina Central,2020-21,,,unknown,,0.0,8.757062146892656,False,True,not available; imputed zero year,,False,False
North Carolina Central,2021-22,,,unknown,,0.0,8.591549295774648,False,True,not available; imputed zero year,,False,False
North Carolina Central,2022-23,MEAC,,unknown,261,25.0,23.32402234636871,False,False,official final standings; spelling normalized,,False,False
North Carolina Central,2023-24,MEAC,,unknown,262,25.0,21.48876404494382,False,False,official final standings; spelling normalized,,False,False
North Carolina Central,2024-25,,,unknown,,0.0,7.584269662921349,False,True,not available; imputed zero year,,False,False
North Carolina Central,2025-26,,,unknown,,0.0,7.865168539325842,False,True,not available; imputed zero year,,False,False
North Carolina Greensboro,2017-18,SoCon,,unknown,173,91.0,50.57471264367817,False,False,official final standings; spelling normalized,,False,False
North Carolina Greensboro,2018-19,SoCon,,unknown,255,33.6,27.42857142857143,False,False,official final standings; spelling normalized,,False,False
North Carolina Greensboro,2020-21,SoCon,,unknown,182,75.0,47.31638418079096,False,False,official final standings; spelling normalized,,False,False
North Carolina Greensboro,2021-22,SoCon,,unknown,266,25.0,21.830985915492956,False,False,official final standings; spelling normalized,,False,False
North Carolina Greensboro,2022-23,SoCon,,unknown,147,120.0,58.659217877094974,False,False,official final standings; spelling normalized,,False,False
North Carolina Greensboro,2023-24,SoCon,,unknown,247,34.0,30.47752808988764,False,False,official final standings; spelling normalized,,False,False
North Carolina Greensboro,2024-25,SoCon,,unknown,264,25.0,22.6123595505618,False,False,official final standings; spelling normalized,,False,False
North Carolina Greensboro,2025-26,SoCon,,unknown,159,101.5,55.61797752808989,False,False,official final standings; spelling normalized,,False,False
North Carolina State,2017-18,ACC,adidas,A,15,894.75,95.97701149425288,True,False,official final standings; spelling normalized,https://www.youtube.com/watch?v=KGYQAXrN5w4,True,True
North Carolina State,2018-19,ACC,adidas,A,26,794.0,92.85714285714286,True,False,official final standings; spelling normalized,https://www.youtube.com/watch?v=KGYQAXrN5w4,True,True
North Carolina State,2020-21,ACC,adidas,A,23,783.25,93.78531073446328,True,False,official final standings; spelling normalized,https://www.youtube.com/watch?v=KGYQAXrN5w4,True,True
North Carolina State,2021-22,ACC,adidas,A,17,870.0,95.49295774647888,True,False,official final standings; spelling normalized,https://www.youtube.com/watch?v=KGYQAXrN5w4,True,True
North Carolina State,2022-23,ACC,adidas,C,19,893.0,94.97206703910616,True,False,official final standings; spelling normalized,https://www.youtube.com/watch?v=KGYQAXrN5w4,True,False
North Carolina State,2023-24,ACC,adidas,C,21,853.5,94.3820224719101,True,False,official final standings; spelling normalized,https://www.youtube.com/watch?v=KGYQAXrN5w4,True,False
North Carolina State,2024-25,ACC,adidas,C,20,854.75,94.6629213483146,True,False,official final standings; spelling normalized,https://www.youtube.com/watch?v=KGYQAXrN5w4,True,False
North Carolina State,2025-26,ACC,adidas,A,22,860.0,94.10112359550564,True,False,official final standings; spelling normalized,https://www.on3.com/teams/nc-state-wolfpack/news/exclusive-nc-state-extends-partnership-with-adidas-runs-through-2032/,True,True
North Carolina Wilmington,2017-18,CAA,,unknown,123,147.0,64.9425287356322,False,False,official final standings; spelling normalized,,False,False
North Carolina Wilmington,2018-19,CAA,,unknown,212,60.0,39.57142857142858,False,False,official final standings; spelling normalized,,False,False
North Carolina Wilmington,2020-21,CAA,,unknown,212,52.5,40.3954802259887,False,False,official final standings; spelling normalized,,False,False
North Carolina Wilmington,2021-22,CAA,,unknown,229,50.0,33.52112676056338,False,False,official final standings; spelling normalized,,False,False
North Carolina Wilmington,2022-23,CAA,,unknown,205,60.25,43.01675977653631,False,False,official final standings; spelling normalized,,False,False
North Carolina Wilmington,2023-24,CAA,,unknown,170,87.5,52.52808988764045,False,False,official final standings; spelling normalized,,False,False
North Carolina Wilmington,2024-25,CAA,,unknown,226,50.0,35.1123595505618,False,False,official final standings; spelling normalized,,False,False
North Carolina Wilmington,2025-26,CAA,,unknown,296,22.0,17.134831460674157,False,False,official final standings; spelling normalized,,False,False
North Dakota,2017-18,Big Sky,,unknown,258,25.0,22.270114942528735,False,False,official final standings; spelling normalized,,False,False
North Dakota,2018-19,Summit,,unknown,291,15.0,16.714285714285715,False,False,official final standings; spelling normalized,,False,False
North Dakota,2020-21,Summit,,unknown,123,120.0,65.3954802259887,False,False,official final standings; spelling normalized,,False,False
North Dakota,2021-22,Summit,,unknown,266,25.0,21.830985915492956,False,False,official final standings; spelling normalized,,False,False
North Dakota,2022-23,Summit,,unknown,261,25.0,23.32402234636871,False,False,official final standings; spelling normalized,,False,False
North Dakota,2023-24,Summit,,unknown,217,50.0,37.07865168539326,False,False,official final standings; spelling normalized,,False,False
North Dakota,2024-25,Summit,,unknown,293,14.5,17.97752808988764,False,False,official final standings; spelling normalized,,False,False
North Dakota,2025-26,Summit,,unknown,112,150.5,68.82022471910112,False,False,official final standings; spelling normalized,,False,False
North Dakota State,2017-18,Summit,,unknown,88,219.0,75.0,False,False,official final standings; spelling normalized,,False,False
North Dakota State,2018-19,Summit,,unknown,69,330.75,80.57142857142857,False,False,official final standings; spelling normalized,,False,False
North Dakota State,2020-21,Summit,,unknown,66,316.0,81.63841807909604,False,False,official final standings; spelling normalized,,False,False
North Dakota State,2021-22,Summit,,unknown,105,170.5,70.70422535211267,False,False,official final standings; spelling normalized,,False,False
North Dakota State,2022-23,Summit,,unknown,126,140.0,65.08379888268156,False,False,official final standings; spelling normalized,,False,False
North Dakota State,2023-24,Summit,,unknown,146,112.5,59.12921348314607,False,False,official final standings; spelling normalized,,False,False
North Dakota State,2024-25,Summit,,unknown,105,174.5,70.64606741573034,False,False,official final standings; spelling normalized,,False,False
North Dakota State,2025-26,Summit,,unknown,117,143.5,67.41573033707866,False,False,official final standings; spelling normalized,,False,False
North Florida,2017-18,Atlantic Sun,,unknown,162,96.0,53.44827586206896,False,False,official final standings; spelling normalized,,False,False
North Florida,2018-19,ASUN,,unknown,188,76.5,46.57142857142857,False,False,official final standings; spelling normalized,,False,False
North Florida,2020-21,ASUN,,unknown,119,123.0,66.52542372881356,False,False,official final standings; spelling normalized,,False,False
North Florida,2021-22,ASUN,,unknown,156,106.5,56.33802816901409,False,False,official final standings; spelling normalized,,False,False
North Florida,2022-23,ASUN,,unknown,202,64.5,43.85474860335196,False,False,official final standings; spelling normalized,,False,False
North Florida,2023-24,ASUN,,unknown,144,115.0,59.8314606741573,False,False,official final standings; spelling normalized,,False,False
North Florida,2024-25,ASUN,,unknown,114,150.5,68.25842696629213,False,False,official final standings; spelling normalized,,False,False
North Florida,2025-26,ASUN,,unknown,178,84.5,50.28089887640449,False,False,official final standings; spelling normalized,,False,False
North Texas,2017-18,Conference USA,,unknown,217,50.0,35.3448275862069,False,False,official final standings; spelling normalized,,False,False
North Texas,2018-19,Conference USA,,unknown,184,77.0,47.285714285714285,False,False,official final standings; spelling normalized,,False,False
North Texas,2020-21,Conference USA,,unknown,174,80.0,50.84745762711864,False,False,official final standings; spelling normalized,,False,False
North Texas,2021-22,Conference USA,,unknown,177,91.5,50.42253521126761,False,False,official final standings; spelling normalized,,False,False
North Texas,2022-23,Conference USA,,unknown,256,33.6,28.77094972067039,False,False,official final standings; spelling normalized,,False,False
North Texas,2023-24,American,,unknown,247,34.0,30.47752808988764,False,False,official final standings; spelling normalized,,False,False
North Texas,2024-25,American,,unknown,264,25.0,22.6123595505618,False,False,official final standings; spelling normalized,,False,False
North Texas,2025-26,American,,unknown,220,56.0,38.48314606741573,False,False,official final standings; spelling normalized,,False,False
Northeastern,2017-18,CAA,,unknown,137,127.0,60.91954022988506,False,False,official final standings; spelling normalized,,False,False
Northeastern,2018-19,CAA,,unknown,141,111.0,59.857142857142854,False,False,official final standings; spelling normalized,,False,False
Northeastern,2020-21,CAA,,unknown,101,151.0,71.75141242937853,False,False,official final standings; spelling normalized,,False,False
Northeastern,2021-22,CAA,,unknown,119,142.0,66.61971830985915,False,False,official final standings; spelling normalized,,False,False
Northeastern,2022-23,CAA,,unknown,103,172.0,71.36871508379889,False,False,official final standings; spelling normalized,,False,False
Northeastern,2023-24,CAA,,unknown,204,61.5,42.97752808988764,False,False,official final standings; spelling normalized,,False,False
Northeastern,2024-25,CAA,,unknown,193,73.5,46.06741573033708,False,False,official final standings; spelling normalized,,False,False
Northeastern,2025-26,CAA,,unknown,109,158.5,69.66292134831461,False,False,official final standings; spelling normalized,,False,False
Northern Arizona,2017-18,Big Sky,,unknown,70,327.0,80.17241379310344,False,False,official final standings; spelling normalized,,False,False
Northern Arizona,2018-19,Big Sky,,unknown,83,249.0,76.57142857142857,False,False,official final standings; spelling normalized,,False,False
Northern Arizona,2020-21,Big Sky,,unknown,75,260.0,79.09604519774011,False,False,official final standings; spelling normalized,,False,False
Northern Arizona,2021-22,Big Sky,,unknown,71,311.5,80.28169014084507,False,False,official final standings; spelling normalized,,False,False
Northern Arizona,2022-23,Big Sky,,unknown,69,302.75,81.00558659217877,False,False,official final standings; spelling normalized,,False,False
Northern Arizona,2023-24,Big Sky,,unknown,70,347.0,80.6179775280899,False,False,official final standings; spelling normalized,,False,False
Northern Arizona,2024-25,Big Sky,,unknown,76,302.5,78.93258426966293,False,False,official final standings; spelling normalized,,False,False
Northern Arizona,2025-26,Big Sky,,unknown,75,315.0,79.21348314606742,False,False,official final standings; spelling normalized,,False,False
Northern Colorado,2017-18,Big Sky,,unknown,188,76.5,46.264367816091955,False,False,official final standings; spelling normalized,,False,False
Northern Colorado,2018-19,Big Sky,,unknown,262,28.5,25.428571428571427,False,False,official final standings; spelling normalized,,False,False
Northern Colorado,2020-21,Big Sky,,unknown,255,25.0,24.43502824858757,False,False,official final standings; spelling normalized,,False,False
Northern Colorado,2021-22,Big Sky,,unknown,223,54.5,37.46478873239437,False,False,official final standings; spelling normalized,,False,False
Northern Colorado,2022-23,Big Sky,,unknown,134,130.0,62.709497206703915,False,False,official final standings; spelling normalized,,False,False
Northern Colorado,2023-24,Big Sky,,unknown,208,58.5,41.71348314606742,False,False,official final standings; spelling normalized,,False,False
Northern Colorado,2024-25,Big Sky,,unknown,176,85.0,50.84269662921348,False,False,official final standings; spelling normalized,,False,False
Northern Colorado,2025-26,Big Sky,,unknown,251,40.0,29.775280898876407,False,False,official final standings; spelling normalized,,False,False
Northern Illinois,2017-18,MAC,,unknown,184,82.0,47.270114942528735,False,False,official final standings; spelling normalized,,False,False
Northern Illinois,2018-19,MAC,,unknown,248,40.0,29.142857142857142,False,False,official final standings; spelling normalized,,False,False
Northern Illinois,2020-21,MAC,,unknown,237,45.0,33.19209039548023,False,False,official final standings; spelling normalized,,False,False
Northern Illinois,2021-22,MAC,,unknown,154,109.5,56.901408450704224,False,False,official final standings; spelling normalized,,False,False
Northern Illinois,2022-23,MAC,,unknown,207,57.0,42.45810055865922,False,False,official final standings; spelling normalized,,False,False
Northern Illinois,2023-24,MAC,,unknown,237,45.0,33.00561797752809,False,False,official final standings; spelling normalized,,False,False
Northern Illinois,2024-25,MAC,,unknown,208,64.0,41.71348314606742,False,False,official final standings; spelling normalized,,False,False
Northern Illinois,2025-26,MAC,,unknown,208,64.5,41.71348314606742,False,False,official final standings; spelling normalized,,False,False
Northern Iowa,2017-18,Missouri Valley,,unknown,110,168.5,68.67816091954023,False,False,official final standings; spelling normalized,,False,False
Northern Iowa,2018-19,Missouri Valley,,unknown,119,140.25,66.28571428571428,False,False,official final standings; spelling normalized,,False,False
Northern Iowa,2020-21,Missouri Valley,,unknown,134,108.0,62.28813559322034,False,False,official final standings; spelling normalized,,False,False
Northern Iowa,2021-22,Missouri Valley,,unknown,169,96.5,52.53521126760563,False,False,official final standings; spelling normalized,,False,False
Northern Iowa,2022-23,Missouri Valley,,unknown,161,107.75,55.3072625698324,False,False,official final standings; spelling normalized,,False,False
Northern Iowa,2023-24,Missouri Valley,,unknown,171,86.5,52.24719101123596,False,False,official final standings; spelling normalized,,False,False
Northern Iowa,2024-25,Missouri Valley,,unknown,115,150.0,67.83707865168539,False,False,official final standings; spelling normalized,,False,False
Northern Iowa,2025-26,Missouri Valley,,unknown,105,173.0,70.78651685393258,False,False,official final standings; spelling normalized,,False,False
Northern Kentucky,2017-18,,,unknown,,0.0,8.189655172413794,False,True,not available; imputed zero year,,False,False
Northern Kentucky,2018-19,Horizon League,,unknown,266,25.0,21.428571428571427,False,False,official final standings; spelling normalized,,False,False
Northern Kentucky,2020-21,,,unknown,,0.0,8.757062146892656,False,True,not available; imputed zero year,,False,False
Northern Kentucky,2021-22,,,unknown,,0.0,8.591549295774648,False,True,not available; imputed zero year,,False,False
Northern Kentucky,2022-23,Horizon League,,unknown,223,50.0,35.89385474860335,False,False,official final standings; spelling normalized,,False,False
Northern Kentucky,2023-24,Horizon League,,unknown,262,25.0,21.48876404494382,False,False,official final standings; spelling normalized,,False,False
Northern Kentucky,2024-25,,,unknown,,0.0,7.584269662921349,False,True,not available; imputed zero year,,False,False
Northern Kentucky,2025-26,Horizon League,,unknown,265,25.0,21.629213483146067,False,False,official final standings; spelling normalized,,False,False
Northwestern,2017-18,Big Ten,Under Armour,A,34,644.0,90.51724137931036,True,False,official final standings; spelling normalized,https://about.underarmour.com/en/stories/2025/03/under-armour-and-northwestern-university-announce-extension-of-p.html,True,True
Northwestern,2018-19,Big Ten,Under Armour,A,45,526.5,87.28571428571429,True,False,official final standings; spelling normalized,https://about.underarmour.com/en/stories/2025/03/under-armour-and-northwestern-university-announce-extension-of-p.html,True,True
Northwestern,2020-21,Big Ten,Under Armour,A,31,639.5,91.52542372881356,True,False,official final standings; spelling normalized,https://about.underarmour.com/en/stories/2025/03/under-armour-and-northwestern-university-announce-extension-of-p.html,True,True
Northwestern,2021-22,Big Ten,Under Armour,A,36,634.0,90.14084507042254,True,False,official final standings; spelling normalized,https://about.underarmour.com/en/stories/2025/03/under-armour-and-northwestern-university-announce-extension-of-p.html,True,True
Northwestern,2022-23,Big Ten,Under Armour,A,30,704.5,91.89944134078212,True,False,official final standings; spelling normalized,https://about.underarmour.com/en/stories/2025/03/under-armour-and-northwestern-university-announce-extension-of-p.html,True,True
Northwestern,2023-24,Big Ten,Under Armour,A,39,587.5,89.32584269662921,True,False,official final standings; spelling normalized,https://about.underarmour.com/en/stories/2025/03/under-armour-and-northwestern-university-announce-extension-of-p.html,True,True
Northwestern,2024-25,Big Ten,Under Armour,A,54,481.0,85.1123595505618,True,False,official final standings; spelling normalized,https://about.underarmour.com/en/stories/2025/03/under-armour-and-northwestern-university-announce-extension-of-p.html,True,True
Northwestern,2025-26,Big Ten,Under Armour,A,46,569.5,87.35955056179775,True,False,official final standings; spelling normalized,https://about.underarmour.com/en/stories/2025/03/under-armour-and-northwestern-university-announce-extension-of-p.html,True,True
Northwestern State,2017-18,Southland,,unknown,236,47.0,32.327586206896555,False,False,official final standings; spelling normalized,,False,False
Northwestern State,2018-19,Southland,,unknown,169,91.0,52.0,False,False,official final standings; spelling normalized,,False,False
Northwestern State,2020-21,,,unknown,,0.0,8.757062146892656,False,True,not available; imputed zero year,,False,False
Northwestern State,2021-22,Southland,,unknown,266,25.0,21.830985915492956,False,False,official final standings; spelling normalized,,False,False
Northwestern State,2022-23,,,unknown,,0.0,7.5418994413407825,False,True,not available; imputed zero year,,False,False
Northwestern State,2023-24,Southland,,unknown,306,5.0,13.623595505617978,False,False,official final standings; spelling normalized,,False,False
Northwestern State,2024-25,,,unknown,,0.0,7.584269662921349,False,True,not available; imputed zero year,,False,False
Northwestern State,2025-26,,,unknown,,0.0,7.865168539325842,False,True,not available; imputed zero year,,False,False
Notre Dame,2017-18,ACC,Under Armour,A,22,804.0,93.82183908045975,True,False,official final standings; spelling normalized,https://about.underarmour.com/en/stories/2023/08/under-armour-and-notre-dame-march-on-together-.html,True,True
Notre Dame,2018-19,ACC,Under Armour,A,17,885.0,95.42857142857144,True,False,official final standings; spelling normalized,https://about.underarmour.com/en/stories/2023/08/under-armour-and-notre-dame-march-on-together-.html,True,True
Notre Dame,2020-21,ACC,Under Armour,A,14,900.0,96.3276836158192,True,False,official final standings; spelling normalized,https://about.underarmour.com/en/stories/2023/08/under-armour-and-notre-dame-march-on-together-.html,True,True
Notre Dame,2021-22,ACC,Under Armour,A,8,1021.0,98.02816901408453,True,False,official final standings; spelling normalized,https://about.underarmour.com/en/stories/2023/08/under-armour-and-notre-dame-march-on-together-.html,True,True
Notre Dame,2022-23,ACC,Under Armour,A,20,884.0,94.6927374301676,True,False,official final standings; spelling normalized,https://about.underarmour.com/en/stories/2023/08/under-armour-and-notre-dame-march-on-together-.html,True,True
Notre Dame,2023-24,ACC,Under Armour,A,11,1008.5,97.19101123595506,True,False,official final standings; spelling normalized,https://about.underarmour.com/en/stories/2023/08/under-armour-and-notre-dame-march-on-together-.html,True,True
Notre Dame,2024-25,ACC,Under Armour,A,35,691.5,90.4494382022472,True,False,official final standings; spelling normalized,https://about.underarmour.com/en/stories/2023/08/under-armour-and-notre-dame-march-on-together-.html,True,True
Notre Dame,2025-26,ACC,Under Armour,A,19,898.5,94.9438202247191,True,False,official final standings; spelling normalized,https://about.underarmour.com/en/stories/2023/08/under-armour-and-notre-dame-march-on-together-.html,True,True
Oakland,2017-18,,,unknown,,0.0,8.189655172413794,False,True,not available; imputed zero year,,False,False
Oakland,2018-19,,,unknown,,0.0,8.0,False,True,not available; imputed zero year,,False,False
Oakland,2020-21,Horizon League,,unknown,247,36.0,30.508474576271187,False,False,official final standings; spelling normalized,,False,False
Oakland,2021-22,Horizon League,,unknown,221,55.0,37.88732394366197,False,False,official final standings; spelling normalized,,False,False
Oakland,2022-23,,,unknown,,0.0,7.5418994413407825,False,True,not available; imputed zero year,,False,False
Oakland,2023-24,Horizon League,,unknown,207,59.3,42.13483146067416,False,False,official final standings; spelling normalized,,False,False
Oakland,2024-25,Horizon League,,unknown,298,5.0,15.870786516853933,False,False,official final standings; spelling normalized,,False,False
Oakland,2025-26,Horizon League,,unknown,299,5.0,16.01123595505618,False,False,official final standings; spelling normalized,,False,False
Ohio,2017-18,MAC,,unknown,165,95.0,52.44252873563219,False,False,official final standings; spelling normalized,,False,False
Ohio,2018-19,MAC,,unknown,204,65.0,42.0,False,False,official final standings; spelling normalized,,False,False
Ohio,2020-21,MAC,,unknown,198,68.5,44.35028248587571,False,False,official final standings; spelling normalized,,False,False
Ohio,2021-22,,,unknown,,0.0,8.591549295774648,False,True,not available; imputed zero year,,False,False
Ohio,2022-23,MAC,,unknown,243,45.0,32.122905027932966,False,False,official final standings; spelling normalized,,False,False
Ohio,2023-24,MAC,,unknown,141,119.0,60.67415730337079,False,False,official final standings; spelling normalized,,False,False
Ohio,2024-25,MAC,,unknown,163,97.5,54.49438202247191,False,False,official final standings; spelling normalized,,False,False
Ohio,2025-26,MAC,,unknown,200,72.0,44.10112359550562,False,False,official final standings; spelling normalized,,False,False
Ohio State,2017-18,Big Ten,Nike,A,7,1118.0,98.27586206896552,True,False,official final standings; spelling normalized,https://ohiostatebuckeyes.com/news/2016/1/14/ohio-state-and-nike-sign-groundbreaking-college-partnership,True,True
Ohio State,2018-19,Big Ten,Nike,A,12,986.0,96.85714285714285,True,False,official final standings; spelling normalized,https://ohiostatebuckeyes.com/news/2016/1/14/ohio-state-and-nike-sign-groundbreaking-college-partnership,True,True
Ohio State,2020-21,Big Ten,Nike,A,9,972.5,97.74011299435028,True,False,official final standings; spelling normalized,https://ohiostatebuckeyes.com/news/2016/1/14/ohio-state-and-nike-sign-groundbreaking-college-partnership,True,True
Ohio State,2021-22,Big Ten,Nike,A,4,1184.5,99.15492957746478,True,False,official final standings; spelling normalized,https://ohiostatebuckeyes.com/news/2016/1/14/ohio-state-and-nike-sign-groundbreaking-college-partnership,True,True
Ohio State,2022-23,Big Ten,Nike,A,3,1170.75,99.4413407821229,True,False,official final standings; spelling normalized,https://ohiostatebuckeyes.com/news/2016/1/14/ohio-state-and-nike-sign-groundbreaking-college-partnership,True,True
Ohio State,2023-24,Big Ten,Nike,A,15,981.0,96.06741573033707,True,False,official final standings; spelling normalized,https://ohiostatebuckeyes.com/news/2016/1/14/ohio-state-and-nike-sign-groundbreaking-college-partnership,True,True
Ohio State,2024-25,Big Ten,Nike,A,8,1032.25,98.03370786516854,True,False,official final standings; spelling normalized,https://ohiostatebuckeyes.com/news/2016/1/14/ohio-state-and-nike-sign-groundbreaking-college-partnership,True,True
Ohio State,2025-26,Big Ten,Nike,A,10,1071.25,97.47191011235957,True,False,official final standings; spelling normalized,https://ohiostatebuckeyes.com/news/2016/1/14/ohio-state-and-nike-sign-groundbreaking-college-partnership,True,True
Oklahoma,2017-18,Big 12,Nike,A,25,785.75,93.10344827586206,True,False,official final standings; spelling normalized,https://www.oudaily.com/sports/oklahoma-sports-ou-contract-with-nike-jordan-brand-worth-near-70-million/article_b59e45c0-911b-11e8-8d0b-43bb3d5f5abf.html,True,True
Oklahoma,2018-19,Big 12,Nike,A,33,703.75,90.85714285714286,True,False,official final standings; spelling normalized,https://www.oudaily.com/sports/oklahoma-sports-ou-contract-with-nike-jordan-brand-worth-near-70-million/article_b59e45c0-911b-11e8-8d0b-43bb3d5f5abf.html,True,True
Oklahoma,2020-21,Big 12,Nike,A,24,774.5,93.50282485875708,True,False,official final standings; spelling normalized,https://www.oudaily.com/sports/oklahoma-sports-ou-contract-with-nike-jordan-brand-worth-near-70-million/article_b59e45c0-911b-11e8-8d0b-43bb3d5f5abf.html,True,True
Oklahoma,2021-22,Big 12,Nike,A,10,968.5,97.46478873239435,True,False,official final standings; spelling normalized,https://www.oudaily.com/sports/oklahoma-sports-ou-contract-with-nike-jordan-brand-worth-near-70-million/article_b59e45c0-911b-11e8-8d0b-43bb3d5f5abf.html,True,True
Oklahoma,2022-23,Big 12,Nike,A,23,813.75,93.85474860335196,True,False,official final standings; spelling normalized,https://www.oudaily.com/sports/oklahoma-sports-ou-contract-with-nike-jordan-brand-worth-near-70-million/article_b59e45c0-911b-11e8-8d0b-43bb3d5f5abf.html,True,True
Oklahoma,2023-24,Big 12,Nike,A,24,805.75,93.53932584269664,True,False,official final standings; spelling normalized,https://www.oudaily.com/sports/oklahoma-sports-ou-contract-with-nike-jordan-brand-worth-near-70-million/article_b59e45c0-911b-11e8-8d0b-43bb3d5f5abf.html,True,True
Oklahoma,2024-25,SEC,Nike,A,9,1017.2,97.75280898876404,True,False,official final standings; spelling normalized,https://www.oudaily.com/sports/oklahoma-sports-ou-contract-with-nike-jordan-brand-worth-near-70-million/article_b59e45c0-911b-11e8-8d0b-43bb3d5f5abf.html,True,True
Oklahoma,2025-26,SEC,Nike,A,16,930.75,95.78651685393258,True,False,official final standings; spelling normalized,https://www.oudaily.com/sports/oklahoma-sports-ou-contract-with-nike-jordan-brand-worth-near-70-million/article_b59e45c0-911b-11e8-8d0b-43bb3d5f5abf.html,True,True
Oklahoma State,2017-18,Big 12,Nike,A,32,683.75,91.0919540229885,True,False,official final standings; spelling normalized,https://www2.kusports.com/weblogs/tale-tait/2017/sep/28/kus-deal-with-adidas-is-companys-second/,True,True
Oklahoma State,2018-19,Big 12,Nike,A,28,760.5,92.28571428571428,True,False,official final standings; spelling normalized,https://www2.kusports.com/weblogs/tale-tait/2017/sep/28/kus-deal-with-adidas-is-companys-second/,True,True
Oklahoma State,2020-21,Big 12,Nike,A,18,860.5,95.19774011299435,True,False,official final standings; spelling normalized,https://www2.kusports.com/weblogs/tale-tait/2017/sep/28/kus-deal-with-adidas-is-companys-second/,True,True
Oklahoma State,2021-22,Big 12,Nike,A,23,802.75,93.80281690140843,True,False,official final standings; spelling normalized,https://www2.kusports.com/weblogs/tale-tait/2017/sep/28/kus-deal-with-adidas-is-companys-second/,True,True
Oklahoma State,2022-23,Big 12,Nike,A,25,800.0,93.29608938547486,True,False,official final standings; spelling normalized,https://www2.kusports.com/weblogs/tale-tait/2017/sep/28/kus-deal-with-adidas-is-companys-second/,True,True
Oklahoma State,2023-24,Big 12,Nike,A,19,896.0,94.9438202247191,True,False,official final standings; spelling normalized,https://www2.kusports.com/weblogs/tale-tait/2017/sep/28/kus-deal-with-adidas-is-companys-second/,True,True
Oklahoma State,2024-25,Big 12,Nike,A,29,752.5,92.13483146067416,True,False,official final standings; spelling normalized,https://www2.kusports.com/weblogs/tale-tait/2017/sep/28/kus-deal-with-adidas-is-companys-second/,True,True
Oklahoma State,2025-26,Big 12,,unknown,28,713.5,92.41573033707866,True,False,official final standings; spelling normalized,,False,False
Old Dominion,2017-18,Conference USA,,unknown,144,116.0,58.90804597701149,False,False,official final standings; spelling normalized,,False,False
Old Dominion,2018-19,Conference USA,,unknown,141,111.0,59.857142857142854,False,False,official final standings; spelling normalized,,False,False
Old Dominion,2020-21,Conference USA,,unknown,145,100.0,58.75706214689266,False,False,official final standings; spelling normalized,,False,False
Old Dominion,2021-22,Conference USA,,unknown,163,100.0,54.08450704225351,False,False,official final standings; spelling normalized,,False,False
Old Dominion,2022-23,Sun Belt,,unknown,166,100.0,53.63128491620112,False,False,official final standings; spelling normalized,,False,False
Old Dominion,2023-24,Sun Belt,,unknown,108,170.0,69.9438202247191,False,False,official final standings; spelling normalized,,False,False
Old Dominion,2024-25,Sun Belt,,unknown,226,50.0,35.1123595505618,False,False,official final standings; spelling normalized,,False,False
Old Dominion,2025-26,Sun Belt,,unknown,140,120.0,60.53370786516854,False,False,official final standings; spelling normalized,,False,False
Ole Miss,2017-18,SEC,Nike,A,38,588.5,89.36781609195403,True,False,official final standings; spelling normalized,https://olemisssports.com/news/2015/8/31/Ole_Miss_Makes_Major_Announcements,True,True
Ole Miss,2018-19,SEC,Nike,A,56,461.5,84.28571428571429,True,False,official final standings; spelling normalized,https://olemisssports.com/news/2015/8/31/Ole_Miss_Makes_Major_Announcements,True,True
Ole Miss,2020-21,SEC,Nike,A,22,824.5,94.0677966101695,True,False,official final standings; spelling normalized,https://olemisssports.com/news/2015/8/31/Ole_Miss_Makes_Major_Announcements,True,True
Ole Miss,2021-22,SEC,Nike,A,20,852.0,94.64788732394366,True,False,official final standings; spelling normalized,https://olemisssports.com/news/2015/8/31/Ole_Miss_Makes_Major_Announcements,True,True
Ole Miss,2022-23,SEC,Nike,A,39,593.75,89.3854748603352,True,False,official final standings; spelling normalized,https://olemisssports.com/news/2015/8/31/Ole_Miss_Makes_Major_Announcements,True,True
Ole Miss,2023-24,SEC,Nike,A,38,590.38,89.60674157303372,True,False,official final standings; spelling normalized,https://olemisssports.com/news/2015/8/31/Ole_Miss_Makes_Major_Announcements,True,True
Ole Miss,2024-25,SEC,Nike,A,27,783.25,92.69662921348316,True,False,official final standings; spelling normalized,https://olemisssports.com/news/2015/8/31/Ole_Miss_Makes_Major_Announcements,True,True
Ole Miss,2025-26,SEC,Nike,A,34,672.25,90.73033707865169,True,False,official final standings; spelling normalized,https://olemisssports.com/news/2015/8/31/Ole_Miss_Makes_Major_Announcements,True,True
Oral Roberts,2017-18,Summit,,unknown,258,25.0,22.270114942528735,False,False,official final standings; spelling normalized,,False,False
Oral Roberts,2018-19,,,unknown,,0.0,8.0,False,True,not available; imputed zero year,,False,False
Oral Roberts,2020-21,Summit,,unknown,203,64.0,42.93785310734463,False,False,official final standings; spelling normalized,,False,False
Oral Roberts,2021-22,Summit,,unknown,266,25.0,21.830985915492956,False,False,official final standings; spelling normalized,,False,False
Oral Roberts,2022-23,Summit,,unknown,165,103.0,54.18994413407822,False,False,official final standings; spelling normalized,,False,False
Oral Roberts,2023-24,Summit,,unknown,262,25.0,21.48876404494382,False,False,official final standings; spelling normalized,,False,False
Oral Roberts,2024-25,Summit,,unknown,292,16.0,18.258426966292134,False,False,official final standings; spelling normalized,,False,False
Oral Roberts,2025-26,Summit,,unknown,254,30.0,27.94943820224719,False,False,official final standings; spelling normalized,,False,False
Oregon,2017-18,Pac-12,Nike,A,24,786.75,93.39080459770116,True,False,official final standings; spelling normalized,https://trustees.uoregon.edu/sites/default/files/minutes_-_full_bot_12.08.17.pdf,True,True
Oregon,2018-19,Pac-12,Nike,A,27,762.25,92.57142857142856,True,False,official final standings; spelling normalized,https://trustees.uoregon.edu/sites/default/files/minutes_-_full_bot_12.08.17.pdf,True,True
Oregon,2020-21,Pac-12,Nike,A,25,763.5,93.22033898305084,True,False,official final standings; spelling normalized,https://trustees.uoregon.edu/sites/default/files/minutes_-_full_bot_12.08.17.pdf,True,True
Oregon,2021-22,Pac-12,Nike,A,31,707.0,91.54929577464787,True,False,official final standings; spelling normalized,https://trustees.uoregon.edu/sites/default/files/minutes_-_full_bot_12.08.17.pdf,True,True
Oregon,2022-23,Pac-12,Nike,A,38,620.25,89.66480446927375,True,False,official final standings; spelling normalized,https://trustees.uoregon.edu/sites/default/files/minutes_-_full_bot_12.08.17.pdf,True,True
Oregon,2023-24,Pac-12,Nike,A,28,687.0,92.41573033707866,True,False,official final standings; spelling normalized,https://trustees.uoregon.edu/sites/default/files/minutes_-_full_bot_12.08.17.pdf,True,True
Oregon,2024-25,Big Ten,Nike,A,18,879.75,95.2247191011236,True,False,official final standings; spelling normalized,https://trustees.uoregon.edu/sites/default/files/minutes_-_full_bot_12.08.17.pdf,True,True
Oregon,2025-26,Big Ten,Nike,A,23,783.0,93.82022471910112,True,False,official final standings; spelling normalized,https://trustees.uoregon.edu/sites/default/files/minutes_-_full_bot_12.08.17.pdf,True,True
Oregon State,2017-18,Pac-12,,unknown,60,383.0,83.04597701149426,False,False,official final standings; spelling normalized,,False,False
Oregon State,2018-19,Pac-12,,unknown,65,364.35,81.71428571428572,False,False,official final standings; spelling normalized,,False,False
Oregon State,2020-21,Pac-12,,unknown,55,394.0,84.7457627118644,False,False,official final standings; spelling normalized,,False,False
Oregon State,2021-22,Pac-12,,unknown,51,512.0,85.91549295774648,False,False,official final standings; spelling normalized,,False,False
Oregon State,2022-23,Pac-12,,unknown,58,414.25,84.07821229050279,False,False,official final standings; spelling normalized,,False,False
Oregon State,2023-24,Pac-12,,unknown,63,393.0,82.58426966292134,False,False,official final standings; spelling normalized,,False,False
Oregon State,2024-25,Pac-12,,unknown,75,310.25,79.21348314606742,False,False,official final standings; spelling normalized,,False,False
Oregon State,2025-26,Pac-12,,unknown,82,278.0,77.24719101123596,False,False,official final standings; spelling normalized,,False,False
Pacific,2017-18,WCC,,unknown,112,165.0,68.10344827586206,False,False,official final standings; spelling normalized,,False,False
Pacific,2018-19,WCC,,unknown,143,110.0,59.285714285714285,False,False,official final standings; spelling normalized,,False,False
Pacific,2020-21,,,unknown,,0.0,8.757062146892656,False,True,not available; imputed zero year,,False,False
Pacific,2021-22,,,unknown,,0.0,8.591549295774648,False,True,not available; imputed zero year,,False,False
Pacific,2022-23,WCC,,unknown,209,55.0,41.4804469273743,False,False,official final standings; spelling normalized,,False,False
Pacific,2023-24,,,unknown,,0.0,6.460674157303371,False,True,not available; imputed zero year,,False,False
Pacific,2024-25,WCC,,unknown,297,8.0,16.853932584269664,False,False,official final standings; spelling normalized,,False,False
Pacific,2025-26,,,unknown,,0.0,7.865168539325842,False,True,not available; imputed zero year,,False,False
Penn State,2017-18,Big Ten,Nike,A,12,978.25,96.83908045977012,True,False,official final standings; spelling normalized,https://www.centredaily.com/sports/college/penn-state-university/article316333759.html,True,True
Penn State,2018-19,Big Ten,Nike,A,13,963.5,96.57142857142856,True,False,official final standings; spelling normalized,https://www.centredaily.com/sports/college/penn-state-university/article316333759.html,True,True
Penn State,2020-21,Big Ten,Nike,A,39,534.5,89.26553672316385,True,False,official final standings; spelling normalized,https://www.centredaily.com/sports/college/penn-state-university/article316333759.html,True,True
Penn State,2021-22,Big Ten,Nike,A,43,535.0,88.16901408450704,True,False,official final standings; spelling normalized,https://www.centredaily.com/sports/college/penn-state-university/article316333759.html,True,True
Penn State,2022-23,Big Ten,Nike,A,15,986.0,96.08938547486034,True,False,official final standings; spelling normalized,https://www.centredaily.com/sports/college/penn-state-university/article316333759.html,True,True
Penn State,2023-24,Big Ten,Nike,A,23,827.75,93.82022471910112,True,False,official final standings; spelling normalized,https://www.centredaily.com/sports/college/penn-state-university/article316333759.html,True,True
Penn State,2024-25,Big Ten,Nike,A,16,893.0,95.78651685393258,True,False,official final standings; spelling normalized,https://www.centredaily.com/sports/college/penn-state-university/article316333759.html,True,True
Penn State,2025-26,Big Ten,Nike,A,21,864.5,94.3820224719101,True,False,official final standings; spelling normalized,https://www.centredaily.com/sports/college/penn-state-university/article316333759.html,True,True
Pennsylvania,2017-18,Ivy League,,unknown,103,177.5,70.6896551724138,False,False,official final standings; spelling normalized,,False,False
Pennsylvania,2018-19,Ivy League,,unknown,64,375.0,82.0,False,False,official final standings; spelling normalized,,False,False
Pennsylvania,2020-21,,,unknown,,0.0,8.757062146892656,False,True,not available; imputed zero year,,False,False
Pennsylvania,2021-22,Ivy League,,unknown,60,406.5,83.38028169014085,False,False,official final standings; spelling normalized,,False,False
Pennsylvania,2022-23,Ivy League,,unknown,60,409.6,83.5195530726257,False,False,official final standings; spelling normalized,,False,False
Pennsylvania,2023-24,Ivy League,,unknown,52,459.0,85.67415730337079,False,False,official final standings; spelling normalized,,False,False
Pennsylvania,2024-25,Ivy League,,unknown,68,341.0,81.17977528089888,False,False,official final standings; spelling normalized,,False,False
Pennsylvania,2025-26,Ivy League,,unknown,67,371.5,81.46067415730337,False,False,official final standings; spelling normalized,,False,False
Pepperdine,2017-18,WCC,,unknown,89,213.5,74.71264367816092,False,False,official final standings; spelling normalized,,False,False
Pepperdine,2018-19,WCC,,unknown,78,284.0,78.0,False,False,official final standings; spelling normalized,,False,False
Pepperdine,2020-21,WCC,,unknown,58,374.5,83.89830508474576,False,False,official final standings; spelling normalized,,False,False
Pepperdine,2021-22,WCC,,unknown,62,375.0,82.67605633802818,False,False,official final standings; spelling normalized,,False,False
Pepperdine,2022-23,WCC,,unknown,71,284.5,80.44692737430168,False,False,official final standings; spelling normalized,,False,False
Pepperdine,2023-24,WCC,,unknown,89,213.0,75.14044943820225,False,False,official final standings; spelling normalized,,False,False
Pepperdine,2024-25,WCC,,unknown,77,295.0,78.65168539325843,False,False,official final standings; spelling normalized,,False,False
Pepperdine,2025-26,WCC,,unknown,68,353.25,81.17977528089888,False,False,official final standings; spelling normalized,,False,False
Pittsburgh,2017-18,ACC,Nike,A,111,167.0,68.39080459770115,True,False,official final standings; spelling normalized,https://pittsburghpanthers.com/news/2023/7/6/general-pitt-extends-partnership-with-nike-through-2026,True,True
Pittsburgh,2018-19,ACC,Nike,A,137,114.5,61.142857142857146,True,False,official final standings; spelling normalized,https://pittsburghpanthers.com/news/2023/7/6/general-pitt-extends-partnership-with-nike-through-2026,True,True
Pittsburgh,2020-21,ACC,Nike,A,73,279.0,79.66101694915254,True,False,official final standings; spelling normalized,https://pittsburghpanthers.com/news/2023/7/6/general-pitt-extends-partnership-with-nike-through-2026,True,True
Pittsburgh,2021-22,ACC,Nike,A,73,298.0,79.71830985915493,True,False,official final standings; spelling normalized,https://pittsburghpanthers.com/news/2023/7/6/general-pitt-extends-partnership-with-nike-through-2026,True,True
Pittsburgh,2022-23,ACC,Nike,A,52,469.0,85.75418994413407,True,False,official final standings; spelling normalized,https://pittsburghpanthers.com/news/2023/7/6/general-pitt-extends-partnership-with-nike-through-2026,True,True
Pittsburgh,2023-24,ACC,Nike,A,80,277.0,77.80898876404494,True,False,official final standings; spelling normalized,https://pittsburghpanthers.com/news/2023/7/6/general-pitt-extends-partnership-with-nike-through-2026,True,True
Pittsburgh,2024-25,ACC,Nike,A,74,312.0,79.49438202247191,True,False,official final standings; spelling normalized,https://pittsburghpanthers.com/news/2023/7/6/general-pitt-extends-partnership-with-nike-through-2026,True,True
Pittsburgh,2025-26,ACC,Nike,A,84,267.75,76.68539325842697,True,False,official final standings; spelling normalized,https://pittsburghpanthers.com/news/2023/7/6/general-pitt-extends-partnership-with-nike-through-2026,True,True
Portland,2017-18,WCC,,unknown,141,118.5,59.77011494252874,False,False,official final standings; spelling normalized,,False,False
Portland,2018-19,WCC,,unknown,86,229.5,75.71428571428571,False,False,official final standings; spelling normalized,,False,False
Portland,2020-21,WCC,,unknown,167,87.0,53.10734463276836,False,False,official final standings; spelling normalized,,False,False
Portland,2021-22,WCC,,unknown,128,135.5,63.94366197183099,False,False,official final standings; spelling normalized,,False,False
Portland,2022-23,WCC,,unknown,121,148.0,66.4804469273743,False,False,official final standings; spelling normalized,,False,False
Portland,2023-24,WCC,,unknown,125,142.0,65.1685393258427,False,False,official final standings; spelling normalized,,False,False
Portland,2024-25,WCC,,unknown,177,84.0,50.56179775280899,False,False,official final standings; spelling normalized,,False,False
Portland,2025-26,WCC,,unknown,160,100.0,55.0561797752809,False,False,official final standings; spelling normalized,,False,False
Portland State,2017-18,,,unknown,,0.0,8.189655172413794,False,True,not available; imputed zero year,,False,False
Portland State,2018-19,Big Sky,,unknown,266,25.0,21.428571428571427,False,False,official final standings; spelling normalized,,False,False
Portland State,2020-21,,,unknown,,0.0,8.757062146892656,False,True,not available; imputed zero year,,False,False
Portland State,2021-22,,,unknown,,0.0,8.591549295774648,False,True,not available; imputed zero year,,False,False
Portland State,2022-23,,,unknown,,0.0,7.5418994413407825,False,True,not available; imputed zero year,,False,False
Portland State,2023-24,,,unknown,,0.0,6.460674157303371,False,True,not available; imputed zero year,,False,False
Portland State,2024-25,,,unknown,,0.0,7.584269662921349,False,True,not available; imputed zero year,,False,False
Portland State,2025-26,,,unknown,,0.0,7.865168539325842,False,True,not available; imputed zero year,,False,False
Prairie View A&M,2017-18,SWAC,,unknown,249,30.0,28.160919540229884,False,False,official final standings; spelling normalized,,False,False
Prairie View A&M,2018-19,SWAC,,unknown,254,35.0,27.714285714285715,False,False,official final standings; spelling normalized,,False,False
Prairie View A&M,2020-21,SWAC,,unknown,252,30.0,28.8135593220339,False,False,official final standings; spelling normalized,,False,False
Prairie View A&M,2021-22,SWAC,,unknown,221,55.0,37.88732394366197,False,False,official final standings; spelling normalized,,False,False
Prairie View A&M,2022-23,SWAC,,unknown,223,50.0,35.89385474860335,False,False,official final standings; spelling normalized,,False,False
Prairie View A&M,2023-24,,,unknown,,0.0,6.460674157303371,False,True,not available; imputed zero year,,False,False
Prairie View A&M,2024-25,SWAC,,unknown,264,25.0,22.6123595505618,False,False,official final standings; spelling normalized,,False,False
Prairie View A&M,2025-26,SWAC,,unknown,214,60.5,40.02808988764045,False,False,official final standings; spelling normalized,,False,False
Presbyterian College,2017-18,Big South,,unknown,258,25.0,22.270114942528735,False,False,official final standings; spelling normalized,,False,False
Presbyterian College,2018-19,,,unknown,,0.0,8.0,False,True,not available; imputed zero year,,False,False
Presbyterian College,2020-21,Big South,,unknown,215,50.0,37.28813559322034,False,False,official final standings; spelling normalized,,False,False
Presbyterian College,2021-22,,,unknown,,0.0,8.591549295774648,False,True,not available; imputed zero year,,False,False
Presbyterian College,2022-23,Big South,,unknown,261,25.0,23.32402234636871,False,False,official final standings; spelling normalized,,False,False
Presbyterian College,2023-24,Big South,,unknown,262,25.0,21.48876404494382,False,False,official final standings; spelling normalized,,False,False
Presbyterian College,2024-25,,,unknown,,0.0,7.584269662921349,False,True,not available; imputed zero year,,False,False
Presbyterian College,2025-26,Big South,,unknown,183,80.0,48.735955056179776,False,False,official final standings; spelling normalized,,False,False
Princeton,2017-18,Ivy League,,unknown,40,579.5,88.79310344827587,True,False,official final standings; spelling normalized,,False,False
Princeton,2018-19,Ivy League,,unknown,30,722.5,91.71428571428572,True,False,official final standings; spelling normalized,,False,False
Princeton,2020-21,Ivy League,,unknown,211,54.0,40.67796610169492,True,False,official final standings; spelling normalized,,False,False
Princeton,2021-22,Ivy League,Nike,B,18,868.25,95.2112676056338,True,False,official final standings; spelling normalized,https://s3.us-east-2.amazonaws.com/sidearm.nextgen.sites/princeton.sidearmsports.com/documents/2021/7/28/NIL_FAQ_for_Student_Athletes_7_28_21.pdf?timestamp=20210728052335,True,True
Princeton,2022-23,Ivy League,Nike,B,26,799.0,93.01675977653632,True,False,official final standings; spelling normalized,https://goprincetontigers.com/documents/download/2023/5/24/Princeton_NIL_Policy__May_2023__26_.pdf_timestamp_20230524015649.pdf,True,True
Princeton,2023-24,Ivy League,,unknown,34,654.5,90.73033707865169,True,False,official final standings; spelling normalized,,False,False
Princeton,2024-25,Ivy League,,unknown,33,698.5,91.01123595505618,True,False,official final standings; spelling normalized,,False,False
Princeton,2025-26,Ivy League,,unknown,20,878.5,94.6629213483146,True,False,official final standings; spelling normalized,,False,False
Providence,2017-18,Big East,,unknown,107,170.0,69.25287356321839,False,False,official final standings; spelling normalized,,False,False
Providence,2018-19,Big East,,unknown,131,119.5,62.857142857142854,False,False,official final standings; spelling normalized,,False,False
Providence,2020-21,Big East,,unknown,206,62.0,42.090395480225986,False,False,official final standings; spelling normalized,,False,False
Providence,2021-22,Big East,,unknown,81,245.0,77.46478873239437,False,False,official final standings; spelling normalized,,False,False
Providence,2022-23,Big East,,unknown,133,131.0,63.12849162011173,False,False,official final standings; spelling normalized,,False,False
Providence,2023-24,Big East,,unknown,95,198.5,73.59550561797754,False,False,official final standings; spelling normalized,,False,False
Providence,2024-25,Big East,,unknown,87,227.5,75.84269662921348,False,False,official final standings; spelling normalized,,False,False
Providence,2025-26,Big East,,unknown,169,94.0,52.80898876404494,False,False,official final standings; spelling normalized,,False,False
Purdue,2017-18,Big Ten,Nike,A,39,585.5,89.08045977011494,True,False,official final standings; spelling normalized,https://athleticdirectoru.com/articles/cash-is-king-in-intercollegiate-apparel-agreements/,True,True
Purdue,2018-19,Big Ten,Nike,C,55,463.25,84.57142857142857,True,False,official final standings; spelling normalized,https://athleticdirectoru.com/articles/cash-is-king-in-intercollegiate-apparel-agreements/,True,False
Purdue,2020-21,Big Ten,Nike,C,68,295.0,81.07344632768361,True,False,official final standings; spelling normalized,https://athleticdirectoru.com/articles/cash-is-king-in-intercollegiate-apparel-agreements/,True,False
Purdue,2021-22,Big Ten,Nike,C,53,476.75,85.35211267605634,True,False,official final standings; spelling normalized,https://athleticdirectoru.com/articles/cash-is-king-in-intercollegiate-apparel-agreements/,True,False
Purdue,2022-23,Big Ten,Nike,C,72,284.0,80.16759776536313,True,False,official final standings; spelling normalized,https://athleticdirectoru.com/articles/cash-is-king-in-intercollegiate-apparel-agreements/,True,False
Purdue,2023-24,Big Ten,Nike,C,65,389.0,82.02247191011236,True,False,official final standings; spelling normalized,https://athleticdirectoru.com/articles/cash-is-king-in-intercollegiate-apparel-agreements/,True,False
Purdue,2024-25,Big Ten,Nike,C,53,489.0,85.39325842696628,True,False,official final standings; spelling normalized,https://athleticdirectoru.com/articles/cash-is-king-in-intercollegiate-apparel-agreements/,True,False
Purdue,2025-26,Big Ten,Nike,B,62,435.5,82.86516853932584,True,False,official final standings; spelling normalized,https://web.archive.org/web/20251115235824/https://purduesports.com/,True,True
Queens (N.C.),2022-23,,,unknown,,0.0,7.5418994413407825,False,True,not available; imputed zero year,,False,False
Queens (N.C.),2023-24,,,unknown,,0.0,6.460674157303371,False,True,not available; imputed zero year,,False,False
Queens (N.C.),2024-25,,,unknown,,0.0,7.584269662921349,False,True,not available; imputed zero year,,False,False
Queens (N.C.),2025-26,ASUN,,unknown,265,25.0,21.629213483146067,False,False,official final standings; spelling normalized,,False,False
Quinnipiac,2017-18,MAAC,,unknown,189,75.0,44.9712643678161,False,False,official final standings; spelling normalized,,False,False
Quinnipiac,2018-19,MAAC,,unknown,127,122.5,64.0,False,False,official final standings; spelling normalized,,False,False
Quinnipiac,2020-21,MAAC,,unknown,252,30.0,28.8135593220339,False,False,official final standings; spelling normalized,,False,False
Quinnipiac,2021-22,MAAC,,unknown,114,150.0,68.02816901408451,False,False,official final standings; spelling normalized,,False,False
Quinnipiac,2022-23,MAAC,,unknown,77,265.0,78.77094972067039,False,False,official final standings; spelling normalized,,False,False
Quinnipiac,2023-24,MAAC,,unknown,149,110.0,58.42696629213483,False,False,official final standings; spelling normalized,,False,False
Quinnipiac,2024-25,MAAC,,unknown,180,80.0,49.157303370786515,False,False,official final standings; spelling normalized,,False,False
Quinnipiac,2025-26,MAAC,,unknown,110,155.5,69.3820224719101,False,False,official final standings; spelling normalized,,False,False
Radford,2017-18,Big South,,unknown,217,50.0,35.3448275862069,False,False,official final standings; spelling normalized,,False,False
Radford,2018-19,Big South,,unknown,190,75.0,44.714285714285715,False,False,official final standings; spelling normalized,,False,False
Radford,2020-21,,,unknown,,0.0,8.757062146892656,False,True,not available; imputed zero year,,False,False
Radford,2021-22,Big South,,unknown,266,25.0,21.830985915492956,False,False,official final standings; spelling normalized,,False,False
Radford,2022-23,Big South,,unknown,261,25.0,23.32402234636871,False,False,official final standings; spelling normalized,,False,False
Radford,2023-24,Big South,,unknown,262,25.0,21.48876404494382,False,False,official final standings; spelling normalized,,False,False
Radford,2024-25,Big South,,unknown,298,5.0,15.870786516853933,False,False,official final standings; spelling normalized,,False,False
Radford,2025-26,,,unknown,,0.0,7.865168539325842,False,True,not available; imputed zero year,,False,False
Rhode Island,2017-18,Atlantic 10,,unknown,184,82.0,47.270114942528735,False,False,official final standings; spelling normalized,,False,False
Rhode Island,2018-19,Atlantic 10,,unknown,176,87.0,50.0,False,False,official final standings; spelling normalized,,False,False
Rhode Island,2020-21,Atlantic 10,,unknown,249,32.0,29.80225988700565,False,False,official final standings; spelling normalized,,False,False
Rhode Island,2021-22,Atlantic 10,,unknown,256,32.0,28.028169014084508,False,False,official final standings; spelling normalized,,False,False
Rhode Island,2022-23,,,unknown,,0.0,7.5418994413407825,False,True,not available; imputed zero year,,False,False
Rhode Island,2023-24,Atlantic 10,,unknown,247,34.0,30.47752808988764,False,False,official final standings; spelling normalized,,False,False
Rhode Island,2024-25,Atlantic 10,,unknown,156,102.0,56.46067415730337,False,False,official final standings; spelling normalized,,False,False
Rhode Island,2025-26,Atlantic 10,,unknown,150,112.0,57.86516853932584,False,False,official final standings; spelling normalized,,False,False
Rice,2017-18,Conference USA,,unknown,197,73.0,43.67816091954023,False,False,official final standings; spelling normalized,,False,False
Rice,2018-19,Conference USA,,unknown,122,130.0,65.42857142857143,False,False,official final standings; spelling normalized,,False,False
Rice,2020-21,Conference USA,,unknown,88,198.0,75.42372881355932,False,False,official final standings; spelling normalized,,False,False
Rice,2021-22,Conference USA,,unknown,102,179.5,71.54929577464789,False,False,official final standings; spelling normalized,,False,False
Rice,2022-23,Conference USA,,unknown,139,126.8,61.312849162011176,False,False,official final standings; spelling normalized,,False,False
Rice,2023-24,American,,unknown,101,184.5,71.91011235955057,False,False,official final standings; spelling normalized,,False,False
Rice,2024-25,American,,unknown,207,64.5,42.13483146067416,False,False,official final standings; spelling normalized,,False,False
Rice,2025-26,American,,unknown,108,162.5,69.9438202247191,False,False,official final standings; spelling normalized,,False,False
Richmond,2017-18,Atlantic 10,,unknown,212,55.0,39.22413793103448,False,False,official final standings; spelling normalized,,False,False
Richmond,2018-19,Atlantic 10,,unknown,223,50.0,34.14285714285714,False,False,official final standings; spelling normalized,,False,False
Richmond,2020-21,Atlantic 10,,unknown,291,7.75,17.937853107344633,False,False,official final standings; spelling normalized,,False,False
Richmond,2021-22,Atlantic 10,,unknown,161,103.0,54.929577464788736,False,False,official final standings; spelling normalized,,False,False
Richmond,2022-23,Atlantic 10,,unknown,111,164.0,69.27374301675978,False,False,official final standings; spelling normalized,,False,False
Richmond,2023-24,Atlantic 10,,unknown,154,103.0,56.88202247191011,False,False,official final standings; spelling normalized,,False,False
Richmond,2024-25,Atlantic 10,,unknown,117,149.3,67.41573033707866,False,False,official final standings; spelling normalized,,False,False
Richmond,2025-26,Atlantic 10,,unknown,165,95.0,53.51123595505618,False,False,official final standings; spelling normalized,,False,False
Rider,2017-18,MAAC,,unknown,254,28.0,27.155172413793103,False,False,official final standings; spelling normalized,,False,False
Rider,2018-19,MAAC,,unknown,210,61.5,40.285714285714285,False,False,official final standings; spelling normalized,,False,False
Rider,2020-21,MAAC,,unknown,111,129.0,68.92655367231639,False,False,official final standings; spelling normalized,,False,False
Rider,2021-22,MAAC,,unknown,249,44.0,30.140845070422532,False,False,official final standings; spelling normalized,,False,False
Rider,2022-23,MAAC,,unknown,164,103.5,54.46927374301676,False,False,official final standings; spelling normalized,,False,False
Rider,2023-24,MAAC,,unknown,196,64.5,45.08426966292135,False,False,official final standings; spelling normalized,,False,False
Rider,2024-25,MAAC,,unknown,256,35.0,28.370786516853936,False,False,official final standings; spelling normalized,,False,False
Rider,2025-26,MAAC,,unknown,164,97.0,54.21348314606742,False,False,official final standings; spelling normalized,,False,False
Robert Morris,2017-18,Northeast,,unknown,258,25.0,22.270114942528735,False,False,official final standings; spelling normalized,,False,False
Robert Morris,2018-19,Northeast,,unknown,217,55.0,38.142857142857146,False,False,official final standings; spelling normalized,,False,False
Robert Morris,2020-21,Northeast,,unknown,215,50.0,37.28813559322034,False,False,official final standings; spelling normalized,,False,False
Robert Morris,2021-22,Horizon League,,unknown,266,25.0,21.830985915492956,False,False,official final standings; spelling normalized,,False,False
Robert Morris,2022-23,,,unknown,,0.0,7.5418994413407825,False,True,not available; imputed zero year,,False,False
Robert Morris,2023-24,Horizon League,,unknown,262,25.0,21.48876404494382,False,False,official final standings; spelling normalized,,False,False
Robert Morris,2024-25,Horizon League,,unknown,160,100.0,55.0561797752809,False,False,official final standings; spelling normalized,,False,False
Robert Morris,2025-26,Horizon League,,unknown,265,25.0,21.629213483146067,False,False,official final standings; spelling normalized,,False,False
Rutgers,2017-18,Big Ten,adidas,A,107,170.0,69.25287356321839,True,False,official final standings; spelling normalized,https://scarletknights.com/news/2017/2/13/Rutgers_Athletics_Announces_Partnership_with_adidas,True,True
Rutgers,2018-19,Big Ten,adidas,A,82,259.0,76.85714285714286,True,False,official final standings; spelling normalized,https://scarletknights.com/news/2017/2/13/Rutgers_Athletics_Announces_Partnership_with_adidas,True,True
Rutgers,2020-21,Big Ten,adidas,A,60,369.25,83.33333333333334,True,False,official final standings; spelling normalized,https://scarletknights.com/news/2017/2/13/Rutgers_Athletics_Announces_Partnership_with_adidas,True,True
Rutgers,2021-22,Big Ten,adidas,A,48,518.5,86.76056338028168,True,False,official final standings; spelling normalized,https://scarletknights.com/news/2017/2/13/Rutgers_Athletics_Announces_Partnership_with_adidas,True,True
Rutgers,2022-23,Big Ten,adidas,A,130,134.5,63.96648044692738,True,False,official final standings; spelling normalized,https://scarletknights.com/news/2017/2/13/Rutgers_Athletics_Announces_Partnership_with_adidas,True,True
Rutgers,2023-24,Big Ten,adidas,A,66,368.5,81.74157303370787,True,False,official final standings; spelling normalized,https://scarletknights.com/news/2017/2/13/Rutgers_Athletics_Announces_Partnership_with_adidas,True,True
Rutgers,2024-25,Big Ten,adidas,A,80,261.0,77.80898876404494,True,False,official final standings; spelling normalized,https://sports.yahoo.com/rutgers-approve-nike-athletics-apparel-200631396.html,True,True
Rutgers,2025-26,Big Ten,Nike,A,93,227.5,74.01685393258427,True,False,official final standings; spelling normalized,https://scarletknights.com/news/2024/12/17/general-athletics-signs-apparel-partnership-with-nike-and-bsn-sports,True,True
SIU Edwardsville,2017-18,,,unknown,,0.0,8.189655172413794,False,True,not available; imputed zero year,,False,False
SIU Edwardsville,2018-19,OVC,,unknown,291,15.0,16.714285714285715,False,False,official final standings; spelling normalized,,False,False
SIU Edwardsville,2020-21,OVC,,unknown,255,25.0,24.43502824858757,False,False,official final standings; spelling normalized,,False,False
SIU Edwardsville,2021-22,OVC,,unknown,266,25.0,21.830985915492956,False,False,official final standings; spelling normalized,,False,False
SIU Edwardsville,2022-23,OVC,,unknown,221,52.0,38.407821229050285,False,False,official final standings; spelling normalized,,False,False
SIU Edwardsville,2023-24,OVC,,unknown,202,62.5,43.39887640449438,False,False,official final standings; spelling normalized,,False,False
SIU Edwardsville,2024-25,OVC,,unknown,226,50.0,35.1123595505618,False,False,official final standings; spelling normalized,,False,False
SIU Edwardsville,2025-26,OVC,,unknown,254,30.0,27.94943820224719,False,False,official final standings; spelling normalized,,False,False
SMU,2017-18,American,Nike,B,128,142.0,63.50574712643679,True,False,official final standings; spelling normalized,https://web.archive.org/web/20171001043446/http://smumustangs.com/,True,True
SMU,2018-19,American,Nike,C,160,97.75,54.57142857142857,True,False,official final standings; spelling normalized,https://web.archive.org/web/20171001043446/http://smumustangs.com/,True,False
SMU,2020-21,American,Nike,C,125,118.0,64.97175141242938,True,False,official final standings; spelling normalized,https://web.archive.org/web/20171001043446/http://smumustangs.com/,True,False
SMU,2021-22,American,Nike,C,89,209.5,75.21126760563381,True,False,official final standings; spelling normalized,https://web.archive.org/web/20171001043446/http://smumustangs.com/,True,False
SMU,2022-23,American,Nike,C,73,279.25,79.88826815642457,True,False,official final standings; spelling normalized,https://web.archive.org/web/20171001043446/http://smumustangs.com/,True,False
SMU,2023-24,American,Nike,C,54,447.5,85.1123595505618,True,False,official final standings; spelling normalized,https://web.archive.org/web/20171001043446/http://smumustangs.com/,True,False
SMU,2024-25,ACC,Nike,C,70,321.75,80.6179775280899,True,False,official final standings; spelling normalized,https://web.archive.org/web/20171001043446/http://smumustangs.com/,True,False
SMU,2025-26,ACC,Nike,B,64,406.5,82.30337078651685,True,False,official final standings; spelling normalized,https://web.archive.org/web/20251001093455/https://smumustangs.com/,True,True
Sacramento State,2017-18,Big Sky,,unknown,245,34.5,29.88505747126437,False,False,official final standings; spelling normalized,,False,False
Sacramento State,2018-19,Big Sky,,unknown,211,61.0,40.0,False,False,official final standings; spelling normalized,,False,False
Sacramento State,2020-21,Big Sky,,unknown,252,30.0,28.8135593220339,False,False,official final standings; spelling normalized,,False,False
Sacramento State,2021-22,Big Sky,,unknown,225,53.0,36.61971830985916,False,False,official final standings; spelling normalized,,False,False
Sacramento State,2022-23,Big Sky,,unknown,136,129.0,62.290502793296085,False,False,official final standings; spelling normalized,,False,False
Sacramento State,2023-24,Big Sky,,unknown,143,117.3,60.1123595505618,False,False,official final standings; spelling normalized,,False,False
Sacramento State,2024-25,Big Sky,,unknown,169,91.5,52.52808988764045,False,False,official final standings; spelling normalized,,False,False
Sacramento State,2025-26,Big Sky,,unknown,254,30.0,27.94943820224719,False,False,official final standings; spelling normalized,,False,False
Sacred Heart,2017-18,Northeast,,unknown,248,32.0,29.02298850574713,False,False,official final standings; spelling normalized,,False,False
Sacred Heart,2018-19,Northeast,,unknown,212,60.0,39.57142857142858,False,False,official final standings; spelling normalized,,False,False
Sacred Heart,2020-21,Northeast,,unknown,107,136.0,69.91525423728814,False,False,official final standings; spelling normalized,,False,False
Sacred Heart,2021-22,Northeast,,unknown,185,85.0,48.16901408450705,False,False,official final standings; spelling normalized,,False,False
Sacred Heart,2022-23,Northeast,,unknown,169,97.5,53.072625698324025,False,False,official final standings; spelling normalized,,False,False
Sacred Heart,2023-24,Northeast,,unknown,205,60.0,42.5561797752809,False,False,official final standings; spelling normalized,,False,False
Sacred Heart,2024-25,MAAC,,unknown,194,72.0,45.50561797752809,False,False,official final standings; spelling normalized,,False,False
Sacred Heart,2025-26,MAAC,,unknown,145,117.0,59.55056179775281,False,False,official final standings; spelling normalized,,False,False
Saint Francis (PA),2017-18,Northeast,,unknown,152,100.0,55.74712643678161,False,False,official final standings; spelling normalized,,False,False
Saint Francis (PA),2018-19,Northeast,,unknown,216,57.0,38.57142857142858,False,False,official final standings; spelling normalized,,False,False
Saint Francis (PA),2020-21,Northeast,,unknown,255,25.0,24.43502824858757,False,False,official final standings; spelling normalized,,False,False
Saint Francis (PA),2021-22,Northeast,,unknown,266,25.0,21.830985915492956,False,False,official final standings; spelling normalized,,False,False
Saint Francis (PA),2022-23,Northeast,,unknown,261,25.0,23.32402234636871,False,False,official final standings; spelling normalized,,False,False
Saint Francis (PA),2023-24,Northeast,,unknown,245,37.5,31.46067415730337,False,False,official final standings; spelling normalized,,False,False
Saint Francis (PA),2024-25,Northeast,,unknown,258,30.0,27.3876404494382,False,False,official final standings; spelling normalized,,False,False
Saint Francis (PA),2025-26,NEC,,unknown,225,50.0,34.97191011235955,False,False,official final standings; spelling normalized,,False,False
Saint Joseph's,2017-18,Atlantic 10,,unknown,214,53.0,38.64942528735632,False,False,official final standings; spelling normalized,,False,False
Saint Joseph's,2018-19,Atlantic 10,,unknown,219,53.0,37.285714285714285,False,False,official final standings; spelling normalized,,False,False
Saint Joseph's,2020-21,,,unknown,,0.0,8.757062146892656,False,True,not available; imputed zero year,,False,False
Saint Joseph's,2021-22,Atlantic 10,,unknown,133,131.0,62.81690140845071,False,False,official final standings; spelling normalized,,False,False
Saint Joseph's,2022-23,Atlantic 10,,unknown,197,70.0,44.832402234636874,False,False,official final standings; spelling normalized,,False,False
Saint Joseph's,2023-24,Atlantic 10,,unknown,164,90.0,53.79213483146067,False,False,official final standings; spelling normalized,,False,False
Saint Joseph's,2024-25,Atlantic 10,,unknown,172,90.0,51.82584269662921,False,False,official final standings; spelling normalized,,False,False
Saint Joseph's,2025-26,Atlantic 10,,unknown,244,45.0,31.03932584269663,False,False,official final standings; spelling normalized,,False,False
Saint Louis,2017-18,Atlantic 10,,unknown,258,25.0,22.270114942528735,False,False,official final standings; spelling normalized,,False,False
Saint Louis,2018-19,Atlantic 10,,unknown,223,50.0,34.14285714285714,False,False,official final standings; spelling normalized,,False,False
Saint Louis,2020-21,Atlantic 10,,unknown,215,50.0,37.28813559322034,False,False,official final standings; spelling normalized,,False,False
Saint Louis,2021-22,Atlantic 10,,unknown,141,123.0,60.4225352112676,False,False,official final standings; spelling normalized,,False,False
Saint Louis,2022-23,Atlantic 10,,unknown,166,100.0,53.63128491620112,False,False,official final standings; spelling normalized,,False,False
Saint Louis,2023-24,Atlantic 10,,unknown,199,64.0,44.10112359550562,False,False,official final standings; spelling normalized,,False,False
Saint Louis,2024-25,Atlantic 10,,unknown,160,100.0,55.0561797752809,False,False,official final standings; spelling normalized,,False,False
Saint Louis,2025-26,Atlantic 10,,unknown,125,133.0,65.02808988764045,False,False,official final standings; spelling normalized,,False,False
Saint Mary's (CA),2017-18,WCC,,unknown,290,8.6,16.954022988505745,False,False,official final standings; spelling normalized,,False,False
Saint Mary's (CA),2018-19,WCC,,unknown,126,122.6,64.28571428571429,False,False,official final standings; spelling normalized,,False,False
Saint Mary's (CA),2020-21,,,unknown,,0.0,8.757062146892656,False,True,not available; imputed zero year,,False,False
Saint Mary's (CA),2021-22,WCC,,unknown,229,50.0,33.52112676056338,False,False,official final standings; spelling normalized,,False,False
Saint Mary's (CA),2022-23,WCC,,unknown,223,50.0,35.89385474860335,False,False,official final standings; spelling normalized,,False,False
Saint Mary's (CA),2023-24,WCC,,unknown,217,50.0,37.07865168539326,False,False,official final standings; spelling normalized,,False,False
Saint Mary's (CA),2024-25,WCC,,unknown,175,87.5,51.12359550561798,False,False,official final standings; spelling normalized,,False,False
Saint Mary's (CA),2025-26,WCC,,unknown,115,147.0,67.97752808988764,False,False,official final standings; spelling normalized,,False,False
Saint Peter's,2017-18,,,unknown,,0.0,8.189655172413794,False,True,not available; imputed zero year,,False,False
Saint Peter's,2018-19,,,unknown,,0.0,8.0,False,True,not available; imputed zero year,,False,False
Saint Peter's,2020-21,,,unknown,,0.0,8.757062146892656,False,True,not available; imputed zero year,,False,False
Saint Peter's,2021-22,MAAC,,unknown,204,73.0,42.816901408450704,False,False,official final standings; spelling normalized,,False,False
Saint Peter's,2022-23,,,unknown,,0.0,7.5418994413407825,False,True,not available; imputed zero year,,False,False
Saint Peter's,2023-24,MAAC,,unknown,262,25.0,21.48876404494382,False,False,official final standings; spelling normalized,,False,False
Saint Peter's,2024-25,,,unknown,,0.0,7.584269662921349,False,True,not available; imputed zero year,,False,False
Saint Peter's,2025-26,,,unknown,,0.0,7.865168539325842,False,True,not available; imputed zero year,,False,False
Sam Houston State,2017-18,Southland,,unknown,101,178.5,71.26436781609196,False,False,official final standings; spelling normalized,,False,False
Sam Houston State,2018-19,Southland,,unknown,103,169.5,70.85714285714285,False,False,official final standings; spelling normalized,,False,False
Sam Houston State,2020-21,Southland,,unknown,71,282.25,80.22598870056498,False,False,official final standings; spelling normalized,,False,False
Sam Houston State,2021-22,WAC,,unknown,84,236.5,76.61971830985915,False,False,official final standings; spelling normalized,,False,False
Sam Houston State,2022-23,WAC,,unknown,147,120.0,58.659217877094974,False,False,official final standings; spelling normalized,,False,False
Sam Houston State,2023-24,Conference USA,,unknown,148,111.0,58.70786516853933,False,False,official final standings; spelling normalized,,False,False
Sam Houston State,2024-25,Conference USA,,unknown,154,106.0,57.02247191011236,False,False,official final standings; spelling normalized,,False,False
Sam Houston State,2025-26,Conference USA,,unknown,244,45.0,31.03932584269663,False,False,official final standings; spelling normalized,,False,False
Samford,2017-18,SoCon,,unknown,140,122.5,60.05747126436781,False,False,official final standings; spelling normalized,,False,False
Samford,2018-19,SoCon,,unknown,202,69.5,42.57142857142857,False,False,official final standings; spelling normalized,,False,False
Samford,2020-21,SoCon,,unknown,182,75.0,47.31638418079096,False,False,official final standings; spelling normalized,,False,False
Samford,2021-22,SoCon,,unknown,182,87.0,49.014084507042256,False,False,official final standings; spelling normalized,,False,False
Samford,2022-23,SoCon,,unknown,115,157.5,68.15642458100558,False,False,official final standings; spelling normalized,,False,False
Samford,2023-24,SoCon,,unknown,262,25.0,21.48876404494382,False,False,official final standings; spelling normalized,,False,False
Samford,2024-25,SoCon,,unknown,226,50.0,35.1123595505618,False,False,official final standings; spelling normalized,,False,False
Samford,2025-26,SoCon,,unknown,138,121.0,61.37640449438202,False,False,official final standings; spelling normalized,,False,False
San Diego,2017-18,WCC,,unknown,120,153.0,65.80459770114942,False,False,official final standings; spelling normalized,,False,False
San Diego,2018-19,WCC,,unknown,107,164.0,69.57142857142857,False,False,official final standings; spelling normalized,,False,False
San Diego,2020-21,WCC,,unknown,121,122.0,66.10169491525424,False,False,official final standings; spelling normalized,,False,False
San Diego,2021-22,WCC,,unknown,108,166.0,69.85915492957746,False,False,official final standings; spelling normalized,,False,False
San Diego,2022-23,WCC,,unknown,83,223.5,77.09497206703911,False,False,official final standings; spelling normalized,,False,False
San Diego,2023-24,WCC,,unknown,97,196.5,73.03370786516854,False,False,official final standings; spelling normalized,,False,False
San Diego,2024-25,WCC,,unknown,110,158.0,69.3820224719101,False,False,official final standings; spelling normalized,,False,False
San Diego,2025-26,WCC,,unknown,99,199.0,72.47191011235955,False,False,official final standings; spelling normalized,,False,False
San Diego State,2017-18,Mountain West,,unknown,83,242.0,76.4367816091954,False,False,official final standings; spelling normalized,,False,False
San Diego State,2018-19,Mountain West,,unknown,105,167.5,70.28571428571428,False,False,official final standings; spelling normalized,,False,False
San Diego State,2020-21,Mountain West,,unknown,106,137.5,70.33898305084746,False,False,official final standings; spelling normalized,,False,False
San Diego State,2021-22,Mountain West,,unknown,91,205.5,74.64788732394366,False,False,official final standings; spelling normalized,,False,False
San Diego State,2022-23,Mountain West,,unknown,86,213.0,76.25698324022346,False,False,official final standings; spelling normalized,,False,False
San Diego State,2023-24,Mountain West,,unknown,119,154.5,66.85393258426966,False,False,official final standings; spelling normalized,,False,False
San Diego State,2024-25,Mountain West,,unknown,157,101.0,55.89887640449438,False,False,official final standings; spelling normalized,,False,False
San Diego State,2025-26,Mountain West,,unknown,216,59.5,39.46629213483146,False,False,official final standings; spelling normalized,,False,False
San Francisco,2017-18,WCC,,unknown,105,174.5,70.11494252873564,False,False,official final standings; spelling normalized,,False,False
San Francisco,2018-19,,,unknown,,0.0,8.0,False,True,not available; imputed zero year,,False,False
San Francisco,2020-21,WCC,,unknown,208,59.0,41.52542372881356,False,False,official final standings; spelling normalized,,False,False
San Francisco,2021-22,WCC,,unknown,212,64.5,40.563380281690144,False,False,official final standings; spelling normalized,,False,False
San Francisco,2022-23,WCC,,unknown,213,54.0,40.78212290502793,False,False,official final standings; spelling normalized,,False,False
San Francisco,2023-24,,,unknown,,0.0,6.460674157303371,False,True,not available; imputed zero year,,False,False
San Francisco,2024-25,,,unknown,,0.0,7.584269662921349,False,True,not available; imputed zero year,,False,False
San Francisco,2025-26,,,unknown,,0.0,7.865168539325842,False,True,not available; imputed zero year,,False,False
San Jose State,2017-18,,,unknown,,0.0,8.189655172413794,False,True,not available; imputed zero year,,False,False
San Jose State,2018-19,Mountain West,,unknown,154,101.0,56.285714285714285,False,False,official final standings; spelling normalized,,False,False
San Jose State,2020-21,Mountain West,,unknown,127,116.5,64.40677966101694,False,False,official final standings; spelling normalized,,False,False
San Jose State,2021-22,Mountain West,,unknown,153,109.75,57.183098591549296,False,False,official final standings; spelling normalized,,False,False
San Jose State,2022-23,Mountain West,,unknown,100,176.3,72.3463687150838,False,False,official final standings; spelling normalized,,False,False
San Jose State,2023-24,Mountain West,,unknown,85,256.0,76.40449438202246,False,False,official final standings; spelling normalized,,False,False
San Jose State,2024-25,Mountain West,,unknown,144,113.5,59.69101123595506,False,False,official final standings; spelling normalized,,False,False
San Jose State,2025-26,Mountain West,,unknown,211,62.0,40.87078651685393,False,False,official final standings; spelling normalized,,False,False
Santa Clara,2017-18,WCC,,unknown,198,72.6,43.39080459770115,False,False,official final standings; spelling normalized,,False,False
Santa Clara,2018-19,WCC,,unknown,223,50.0,34.14285714285714,False,False,official final standings; spelling normalized,,False,False
Santa Clara,2020-21,WCC,,unknown,145,100.0,58.75706214689266,False,False,official final standings; spelling normalized,,False,False
Santa Clara,2021-22,WCC,,unknown,132,133.0,63.098591549295776,False,False,official final standings; spelling normalized,,False,False
Santa Clara,2022-23,WCC,,unknown,179,87.5,50.27932960893855,False,False,official final standings; spelling normalized,,False,False
Santa Clara,2023-24,WCC,,unknown,217,50.0,37.07865168539326,False,False,official final standings; spelling normalized,,False,False
Santa Clara,2024-25,WCC,,unknown,180,80.0,49.157303370786515,False,False,official final standings; spelling normalized,,False,False
Santa Clara,2025-26,WCC,,unknown,225,50.0,34.97191011235955,False,False,official final standings; spelling normalized,,False,False
Seattle,2017-18,WAC,,unknown,189,75.0,44.9712643678161,False,False,official final standings; spelling normalized,,False,False
Seattle,2018-19,WAC,,unknown,206,62.5,41.285714285714285,False,False,official final standings; spelling normalized,,False,False
Seattle,2020-21,WAC,,unknown,245,37.5,30.93220338983051,False,False,official final standings; spelling normalized,,False,False
Seattle,2021-22,WAC,,unknown,266,25.0,21.830985915492956,False,False,official final standings; spelling normalized,,False,False
Seattle,2022-23,,,unknown,,0.0,7.5418994413407825,False,True,not available; imputed zero year,,False,False
Seattle,2023-24,WAC,,unknown,253,30.0,28.51123595505618,False,False,official final standings; spelling normalized,,False,False
Seattle,2024-25,WAC,,unknown,258,30.0,27.3876404494382,False,False,official final standings; spelling normalized,,False,False
Seattle,2025-26,,,unknown,,0.0,7.865168539325842,False,True,not available; imputed zero year,,False,False
Seton Hall,2017-18,Big East,,unknown,217,50.0,35.3448275862069,False,False,official final standings; spelling normalized,,False,False
Seton Hall,2018-19,Big East,,unknown,266,25.0,21.428571428571427,False,False,official final standings; spelling normalized,,False,False
Seton Hall,2020-21,Big East,,unknown,194,73.0,45.48022598870056,False,False,official final standings; spelling normalized,,False,False
Seton Hall,2021-22,Big East,,unknown,224,53.5,37.183098591549296,False,False,official final standings; spelling normalized,,False,False
Seton Hall,2022-23,Big East,,unknown,223,50.0,35.89385474860335,False,False,official final standings; spelling normalized,,False,False
Seton Hall,2023-24,Big East,,unknown,306,5.0,13.623595505617978,False,False,official final standings; spelling normalized,,False,False
Seton Hall,2024-25,,,unknown,,0.0,7.584269662921349,False,True,not available; imputed zero year,,False,False
Seton Hall,2025-26,Big East,,unknown,225,50.0,34.97191011235955,False,False,official final standings; spelling normalized,,False,False
Siena,2017-18,,,unknown,,0.0,8.189655172413794,False,True,not available; imputed zero year,,False,False
Siena,2018-19,,,unknown,,0.0,8.0,False,True,not available; imputed zero year,,False,False
Siena,2020-21,MAAC,,unknown,215,50.0,37.28813559322034,False,False,official final standings; spelling normalized,,False,False
Siena,2021-22,,,unknown,,0.0,8.591549295774648,False,True,not available; imputed zero year,,False,False
Siena,2022-23,MAAC,,unknown,257,30.0,28.35195530726257,False,False,official final standings; spelling normalized,,False,False
Siena,2023-24,MAAC,,unknown,253,30.0,28.51123595505618,False,False,official final standings; spelling normalized,,False,False
Siena,2024-25,MAAC,,unknown,264,25.0,22.6123595505618,False,False,official final standings; spelling normalized,,False,False
Siena,2025-26,MAAC,,unknown,225,50.0,34.97191011235955,False,False,official final standings; spelling normalized,,False,False
South Alabama,2017-18,Sun Belt,,unknown,189,75.0,44.9712643678161,False,False,official final standings; spelling normalized,,False,False
South Alabama,2018-19,Sun Belt,,unknown,177,86.5,49.714285714285715,False,False,official final standings; spelling normalized,,False,False
South Alabama,2020-21,Sun Belt,,unknown,95,162.5,73.30508474576271,False,False,official final standings; spelling normalized,,False,False
South Alabama,2021-22,Sun Belt,,unknown,162,102.5,54.647887323943664,False,False,official final standings; spelling normalized,,False,False
South Alabama,2022-23,Sun Belt,,unknown,157,109.0,56.005586592178766,False,False,official final standings; spelling normalized,,False,False
South Alabama,2023-24,Sun Belt,,unknown,112,163.0,68.82022471910112,False,False,official final standings; spelling normalized,,False,False
South Alabama,2024-25,Sun Belt,,unknown,186,76.0,48.03370786516854,False,False,official final standings; spelling normalized,,False,False
South Alabama,2025-26,Sun Belt,,unknown,265,25.0,21.629213483146067,False,False,official final standings; spelling normalized,,False,False
South Carolina,2017-18,SEC,Under Armour,A,26,768.0,92.81609195402298,True,False,official final standings; spelling normalized,https://www.sc.edu/uofsc/posts/2025/08/board-of-trustees-briefs-august-2025.php,True,True
South Carolina,2018-19,SEC,Under Armour,A,22,805.75,94.0,True,False,official final standings; spelling normalized,https://www.sc.edu/uofsc/posts/2025/08/board-of-trustees-briefs-august-2025.php,True,True
South Carolina,2020-21,SEC,Under Armour,A,42,514.0,88.4180790960452,True,False,official final standings; spelling normalized,https://www.sc.edu/uofsc/posts/2025/08/board-of-trustees-briefs-august-2025.php,True,True
South Carolina,2021-22,SEC,Under Armour,A,37,627.5,89.85915492957747,True,False,official final standings; spelling normalized,https://www.sc.edu/uofsc/posts/2025/08/board-of-trustees-briefs-august-2025.php,True,True
South Carolina,2022-23,SEC,Under Armour,A,33,671.05,91.06145251396649,True,False,official final standings; spelling normalized,https://www.sc.edu/uofsc/posts/2025/08/board-of-trustees-briefs-august-2025.php,True,True
South Carolina,2023-24,SEC,Under Armour,A,30,679.0,91.85393258426966,True,False,official final standings; spelling normalized,https://www.sc.edu/uofsc/posts/2025/08/board-of-trustees-briefs-august-2025.php,True,True
South Carolina,2024-25,SEC,Under Armour,A,23,826.75,93.82022471910112,True,False,official final standings; spelling normalized,https://www.sc.edu/uofsc/posts/2025/08/board-of-trustees-briefs-august-2025.php,True,True
South Carolina,2025-26,SEC,Under Armour,A,44,598.5,87.92134831460675,True,False,official final standings; spelling normalized,https://www.sc.edu/uofsc/posts/2025/08/board-of-trustees-briefs-august-2025.php,True,True
South Carolina State,2017-18,MEAC,,unknown,180,83.5,48.56321839080459,False,False,official final standings; spelling normalized,,False,False
South Carolina State,2018-19,MEAC,,unknown,184,77.0,47.285714285714285,False,False,official final standings; spelling normalized,,False,False
South Carolina State,2020-21,MEAC,,unknown,215,50.0,37.28813559322034,False,False,official final standings; spelling normalized,,False,False
South Carolina State,2021-22,MEAC,,unknown,229,50.0,33.52112676056338,False,False,official final standings; spelling normalized,,False,False
South Carolina State,2022-23,MEAC,,unknown,223,50.0,35.89385474860335,False,False,official final standings; spelling normalized,,False,False
South Carolina State,2023-24,MEAC,,unknown,217,50.0,37.07865168539326,False,False,official final standings; spelling normalized,,False,False
South Carolina State,2024-25,MEAC,,unknown,187,75.0,47.05056179775281,False,False,official final standings; spelling normalized,,False,False
South Carolina State,2025-26,MEAC,,unknown,202,70.0,43.11797752808989,False,False,official final standings; spelling normalized,,False,False
South Carolina Upstate,2017-18,,,unknown,,0.0,8.189655172413794,False,True,not available; imputed zero year,,False,False
South Carolina Upstate,2018-19,,,unknown,,0.0,8.0,False,True,not available; imputed zero year,,False,False
South Carolina Upstate,2020-21,,,unknown,,0.0,8.757062146892656,False,True,not available; imputed zero year,,False,False
South Carolina Upstate,2021-22,,,unknown,,0.0,8.591549295774648,False,True,not available; imputed zero year,,False,False
South Carolina Upstate,2022-23,,,unknown,,0.0,7.5418994413407825,False,True,not available; imputed zero year,,False,False
South Carolina Upstate,2023-24,Big South,,unknown,262,25.0,21.48876404494382,False,False,official final standings; spelling normalized,,False,False
South Carolina Upstate,2024-25,Big South,,unknown,180,80.0,49.157303370786515,False,False,official final standings; spelling normalized,,False,False
South Carolina Upstate,2025-26,Big South,,unknown,173,87.5,51.12359550561798,False,False,official final standings; spelling normalized,,False,False
South Dakota,2017-18,Summit,,unknown,107,170.0,69.25287356321839,False,False,official final standings; spelling normalized,,False,False
South Dakota,2018-19,Summit,,unknown,112,147.0,68.0,False,False,official final standings; spelling normalized,,False,False
South Dakota,2020-21,Summit,,unknown,107,136.0,69.91525423728814,False,False,official final standings; spelling normalized,,False,False
South Dakota,2021-22,Summit,,unknown,147,114.0,58.87323943661972,False,False,official final standings; spelling normalized,,False,False
South Dakota,2022-23,Summit,,unknown,155,110.5,56.98324022346368,False,False,official final standings; spelling normalized,,False,False
South Dakota,2023-24,Summit,,unknown,162,93.5,54.7752808988764,False,False,official final standings; spelling normalized,,False,False
South Dakota,2024-25,Summit,,unknown,123,140.5,65.58988764044943,False,False,official final standings; spelling normalized,,False,False
South Dakota,2025-26,Summit,,unknown,98,199.75,72.75280898876404,False,False,official final standings; spelling normalized,,False,False
South Dakota State,2017-18,Summit,,unknown,96,197.5,72.70114942528735,False,False,official final standings; spelling normalized,,False,False
South Dakota State,2018-19,Summit,,unknown,112,147.0,68.0,False,False,official final standings; spelling normalized,,False,False
South Dakota State,2020-21,Summit,,unknown,87,199.5,75.70621468926554,False,False,official final standings; spelling normalized,,False,False
South Dakota State,2021-22,Summit,,unknown,94,200.0,73.80281690140845,False,False,official final standings; spelling normalized,,False,False
South Dakota State,2022-23,Summit,,unknown,87,211.5,75.97765363128491,False,False,official final standings; spelling normalized,,False,False
South Dakota State,2023-24,Summit,,unknown,84,266.0,76.68539325842697,False,False,official final standings; spelling normalized,,False,False
South Dakota State,2024-25,Summit,,unknown,86,234.0,76.12359550561798,False,False,official final standings; spelling normalized,,False,False
South Dakota State,2025-26,Summit,,unknown,100,197.5,72.19101123595506,False,False,official final standings; spelling normalized,,False,False
South Florida,2017-18,American,,unknown,85,231.0,75.86206896551724,False,False,official final standings; spelling normalized,,False,False
South Florida,2018-19,American,,unknown,96,190.5,72.85714285714285,False,False,official final standings; spelling normalized,,False,False
South Florida,2020-21,American,,unknown,69,286.5,80.7909604519774,False,False,official final standings; spelling normalized,,False,False
South Florida,2021-22,American,,unknown,112,158.5,68.73239436619718,False,False,official final standings; spelling normalized,,False,False
South Florida,2022-23,American,,unknown,82,225.5,77.37430167597765,False,False,official final standings; spelling normalized,,False,False
South Florida,2023-24,American,,unknown,113,162.0,68.53932584269663,False,False,official final standings; spelling normalized,,False,False
South Florida,2024-25,American,,unknown,78,294.75,78.37078651685393,False,False,official final standings; spelling normalized,,False,False
South Florida,2025-26,American,,unknown,119,141.0,66.71348314606742,False,False,official final standings; spelling normalized,,False,False
Southeast Missouri State,2017-18,,,unknown,,0.0,8.189655172413794,False,True,not available; imputed zero year,,False,False
Southeast Missouri State,2018-19,OVC,,unknown,170,90.5,51.714285714285715,False,False,official final standings; spelling normalized,,False,False
Southeast Missouri State,2020-21,OVC,,unknown,255,25.0,24.43502824858757,False,False,official final standings; spelling normalized,,False,False
Southeast Missouri State,2021-22,OVC,,unknown,144,116.5,59.71830985915493,False,False,official final standings; spelling normalized,,False,False
Southeast Missouri State,2022-23,OVC,,unknown,209,55.0,41.4804469273743,False,False,official final standings; spelling normalized,,False,False
Southeast Missouri State,2023-24,OVC,,unknown,150,107.0,58.00561797752809,False,False,official final standings; spelling normalized,,False,False
Southeast Missouri State,2024-25,OVC,,unknown,264,25.0,22.6123595505618,False,False,official final standings; spelling normalized,,False,False
Southeast Missouri State,2025-26,,,unknown,,0.0,7.865168539325842,False,True,not available; imputed zero year,,False,False
Southeastern Louisiana,2017-18,,,unknown,,0.0,8.189655172413794,False,True,not available; imputed zero year,,False,False
Southeastern Louisiana,2018-19,,,unknown,,0.0,8.0,False,True,not available; imputed zero year,,False,False
Southeastern Louisiana,2020-21,Southland,,unknown,195,71.0,45.05649717514124,False,False,official final standings; spelling normalized,,False,False
Southeastern Louisiana,2021-22,Southland,,unknown,188,83.0,47.04225352112676,False,False,official final standings; spelling normalized,,False,False
Southeastern Louisiana,2022-23,Southland,,unknown,147,120.0,58.659217877094974,False,False,official final standings; spelling normalized,,False,False
Southeastern Louisiana,2023-24,Southland,,unknown,182,75.0,48.03370786516854,False,False,official final standings; spelling normalized,,False,False
Southeastern Louisiana,2024-25,Southland,,unknown,226,50.0,35.1123595505618,False,False,official final standings; spelling normalized,,False,False
Southeastern Louisiana,2025-26,Southland,,unknown,221,55.0,38.06179775280899,False,False,official final standings; spelling normalized,,False,False
Southern,2017-18,,,unknown,,0.0,8.189655172413794,False,True,not available; imputed zero year,,False,False
Southern,2018-19,SWAC,,unknown,223,50.0,34.14285714285714,False,False,official final standings; spelling normalized,,False,False
Southern,2020-21,SWAC,,unknown,255,25.0,24.43502824858757,False,False,official final standings; spelling normalized,,False,False
Southern,2021-22,,,unknown,,0.0,8.591549295774648,False,True,not available; imputed zero year,,False,False
Southern,2022-23,SWAC,,unknown,298,5.0,16.061452513966483,False,False,official final standings; spelling normalized,,False,False
Southern,2023-24,,,unknown,,0.0,6.460674157303371,False,True,not available; imputed zero year,,False,False
Southern,2024-25,SWAC,,unknown,226,50.0,35.1123595505618,False,False,official final standings; spelling normalized,,False,False
Southern,2025-26,SWAC,,unknown,254,30.0,27.94943820224719,False,False,official final standings; spelling normalized,,False,False
Southern Illinois,2017-18,,,unknown,,0.0,8.189655172413794,False,True,not available; imputed zero year,,False,False
Southern Illinois,2018-19,Missouri Valley,,unknown,215,57.5,38.857142857142854,False,False,official final standings; spelling normalized,,False,False
Southern Illinois,2020-21,Missouri Valley,,unknown,132,111.0,62.994350282485875,False,False,official final standings; spelling normalized,,False,False
Southern Illinois,2021-22,Missouri Valley,,unknown,173,93.5,51.40845070422535,False,False,official final standings; spelling normalized,,False,False
Southern Illinois,2022-23,Missouri Valley,,unknown,197,70.0,44.832402234636874,False,False,official final standings; spelling normalized,,False,False
Southern Illinois,2023-24,Missouri Valley,,unknown,107,171.5,70.2247191011236,False,False,official final standings; spelling normalized,,False,False
Southern Illinois,2024-25,Missouri Valley,,unknown,249,44.0,30.196629213483146,False,False,official final standings; spelling normalized,,False,False
Southern Illinois,2025-26,Missouri Valley,,unknown,265,25.0,21.629213483146067,False,False,official final standings; spelling normalized,,False,False
Southern Mississippi,2017-18,Conference USA,,unknown,145,115.5,58.620689655172406,False,False,official final standings; spelling normalized,,False,False
Southern Mississippi,2018-19,Conference USA,,unknown,121,137.0,65.71428571428571,False,False,official final standings; spelling normalized,,False,False
Southern Mississippi,2020-21,Conference USA,,unknown,173,80.5,51.41242937853108,False,False,official final standings; spelling normalized,,False,False
Southern Mississippi,2021-22,Conference USA,,unknown,155,107.0,56.61971830985916,False,False,official final standings; spelling normalized,,False,False
Southern Mississippi,2022-23,Sun Belt,,unknown,157,109.0,56.005586592178766,False,False,official final standings; spelling normalized,,False,False
Southern Mississippi,2023-24,Sun Belt,,unknown,177,81.0,50.56179775280899,False,False,official final standings; spelling normalized,,False,False
Southern Mississippi,2024-25,Sun Belt,,unknown,216,55.0,39.18539325842696,False,False,official final standings; spelling normalized,,False,False
Southern Mississippi,2025-26,Sun Belt,,unknown,133,125.0,62.78089887640449,False,False,official final standings; spelling normalized,,False,False
Southern Utah,2017-18,Big Sky,,unknown,91,205.5,74.13793103448276,False,False,official final standings; spelling normalized,,False,False
Southern Utah,2018-19,Big Sky,,unknown,101,178.5,71.42857142857143,False,False,official final standings; spelling normalized,,False,False
Southern Utah,2020-21,Big Sky,,unknown,128,116.0,64.12429378531074,False,False,official final standings; spelling normalized,,False,False
Southern Utah,2021-22,Big Sky,,unknown,159,103.5,55.35211267605634,False,False,official final standings; spelling normalized,,False,False
Southern Utah,2022-23,WAC,,unknown,184,83.5,48.463687150837984,False,False,official final standings; spelling normalized,,False,False
Southern Utah,2023-24,WAC,,unknown,235,45.5,34.12921348314607,False,False,official final standings; spelling normalized,,False,False
Southern Utah,2024-25,WAC,,unknown,221,53.5,38.20224719101123,False,False,official final standings; spelling normalized,,False,False
Southern Utah,2025-26,WAC,,unknown,243,45.5,32.02247191011236,False,False,official final standings; spelling normalized,,False,False
St. Bonaventure,2017-18,Atlantic 10,,unknown,258,25.0,22.270114942528735,False,False,official final standings; spelling normalized,,False,False
St. Bonaventure,2018-19,,,unknown,,0.0,8.0,False,True,not available; imputed zero year,,False,False
St. Bonaventure,2020-21,Atlantic 10,,unknown,255,25.0,24.43502824858757,False,False,official final standings; spelling normalized,,False,False
St. Bonaventure,2021-22,,,unknown,,0.0,8.591549295774648,False,True,not available; imputed zero year,,False,False
St. Bonaventure,2022-23,,,unknown,,0.0,7.5418994413407825,False,True,not available; imputed zero year,,False,False
St. Bonaventure,2023-24,,,unknown,,0.0,6.460674157303371,False,True,not available; imputed zero year,,False,False
St. Bonaventure,2024-25,,,unknown,,0.0,7.584269662921349,False,True,not available; imputed zero year,,False,False
St. Bonaventure,2025-26,,,unknown,,0.0,7.865168539325842,False,True,not available; imputed zero year,,False,False
St. Francis (NY),2017-18,Northeast,,unknown,258,25.0,22.270114942528735,False,False,official final standings; spelling normalized,,False,False
St. Francis (NY),2018-19,,,unknown,,0.0,8.0,False,True,not available; imputed zero year,,False,False
St. Francis (NY),2020-21,Northeast,,unknown,215,50.0,37.28813559322034,False,False,official final standings; spelling normalized,,False,False
St. Francis (NY),2021-22,,,unknown,,0.0,8.591549295774648,False,True,not available; imputed zero year,,False,False
St. Francis (NY),2022-23,Northeast,,unknown,261,25.0,23.32402234636871,False,False,official final standings; spelling normalized,,False,False
St. John's (NY),2017-18,Big East,,unknown,136,134.5,61.206896551724135,False,False,official final standings; spelling normalized,,False,False
St. John's (NY),2018-19,Big East,,unknown,149,105.0,57.714285714285715,False,False,official final standings; spelling normalized,,False,False
St. John's (NY),2020-21,Big East,,unknown,182,75.0,47.31638418079096,False,False,official final standings; spelling normalized,,False,False
St. John's (NY),2021-22,Big East,,unknown,100,183.0,72.11267605633803,False,False,official final standings; spelling normalized,,False,False
St. John's (NY),2022-23,Big East,,unknown,152,119.0,57.821229050279335,False,False,official final standings; spelling normalized,,False,False
St. John's (NY),2023-24,Big East,,unknown,152,106.5,57.58426966292135,False,False,official final standings; spelling normalized,,False,False
St. John's (NY),2024-25,Big East,,unknown,115,150.0,67.83707865168539,False,False,official final standings; spelling normalized,,False,False
St. John's (NY),2025-26,Big East,,unknown,76,311.0,78.93258426966293,False,False,official final standings; spelling normalized,,False,False
St. Thomas,2021-22,,,unknown,,0.0,8.591549295774648,False,True,not available; imputed zero year,,False,False
St. Thomas,2022-23,,,unknown,,0.0,7.5418994413407825,False,True,not available; imputed zero year,,False,False
St. Thomas,2023-24,,,unknown,,0.0,6.460674157303371,False,True,not available; imputed zero year,,False,False
St. Thomas,2024-25,,,unknown,,0.0,7.584269662921349,False,True,not available; imputed zero year,,False,False
St. Thomas,2025-26,Summit,,unknown,265,25.0,21.629213483146067,False,False,official final standings; spelling normalized,,False,False
Stanford,2017-18,Pac-12,,unknown,1,1442.0,100.0,True,False,official final standings; spelling normalized,,False,False
Stanford,2018-19,Pac-12,,unknown,1,1503.75,100.0,True,False,official final standings; spelling normalized,,False,False
Stanford,2020-21,Pac-12,,unknown,2,1195.75,99.7175141242938,True,False,official final standings; spelling normalized,,False,False
Stanford,2021-22,Pac-12,,unknown,2,1352.25,99.71830985915491,True,False,official final standings; spelling normalized,,False,False
Stanford,2022-23,Pac-12,Nike,A,1,1412.0,100.0,True,False,official final standings; spelling normalized,https://journals.indianapolis.iu.edu/index.php/jlas/article/download/27106/24837,True,True
Stanford,2023-24,Pac-12,,unknown,2,1312.75,99.71910112359552,True,False,official final standings; spelling normalized,,False,False
Stanford,2024-25,ACC,,unknown,3,1251.0,99.438202247191,True,False,official final standings; spelling normalized,,False,False
Stanford,2025-26,ACC,,unknown,2,1263.5,99.71910112359552,True,False,official final standings; spelling normalized,,False,False
Stephen F. Austin,2017-18,Southland,,unknown,258,25.0,22.270114942528735,False,False,official final standings; spelling normalized,,False,False
Stephen F. Austin,2018-19,Southland,,unknown,120,138.0,66.0,False,False,official final standings; spelling normalized,,False,False
Stephen F. Austin,2020-21,Southland,,unknown,117,124.25,67.2316384180791,False,False,official final standings; spelling normalized,,False,False
Stephen F. Austin,2021-22,WAC,,unknown,93,204.0,74.08450704225352,False,False,official final standings; spelling normalized,,False,False
Stephen F. Austin,2022-23,WAC,,unknown,153,112.8,57.54189944134078,False,False,official final standings; spelling normalized,,False,False
Stephen F. Austin,2023-24,WAC,,unknown,262,25.0,21.48876404494382,False,False,official final standings; spelling normalized,,False,False
Stephen F. Austin,2024-25,Southland,,unknown,125,140.0,64.8876404494382,False,False,official final standings; spelling normalized,,False,False
Stephen F. Austin,2025-26,Southland,,unknown,111,152.0,69.10112359550563,False,False,official final standings; spelling normalized,,False,False
Stetson,2017-18,Atlantic Sun,,unknown,208,64.0,40.37356321839081,False,False,official final standings; spelling normalized,,False,False
Stetson,2018-19,ASUN,,unknown,248,40.0,29.142857142857142,False,False,official final standings; spelling normalized,,False,False
Stetson,2020-21,,,unknown,,0.0,8.757062146892656,False,True,not available; imputed zero year,,False,False
Stetson,2021-22,ASUN,,unknown,229,50.0,33.52112676056338,False,False,official final standings; spelling normalized,,False,False
Stetson,2022-23,ASUN,,unknown,215,53.0,39.66480446927375,False,False,official final standings; spelling normalized,,False,False
Stetson,2023-24,ASUN,,unknown,159,97.5,55.61797752808989,False,False,official final standings; spelling normalized,,False,False
Stetson,2024-25,ASUN,,unknown,210,62.5,41.01123595505618,False,False,official final standings; spelling normalized,,False,False
Stetson,2025-26,ASUN,,unknown,173,87.5,51.12359550561798,False,False,official final standings; spelling normalized,,False,False
Stonehill,2022-23,,,unknown,,0.0,7.5418994413407825,False,True,not available; imputed zero year,,False,False
Stonehill,2023-24,Northeast,,unknown,262,25.0,21.48876404494382,False,False,official final standings; spelling normalized,,False,False
Stonehill,2024-25,,,unknown,,0.0,7.584269662921349,False,True,not available; imputed zero year,,False,False
Stonehill,2025-26,NEC,,unknown,265,25.0,21.629213483146067,False,False,official final standings; spelling normalized,,False,False
Stony Brook,2017-18,America East,,unknown,90,206.5,74.42528735632183,False,False,official final standings; spelling normalized,,False,False
Stony Brook,2018-19,America East,,unknown,124,128.0,64.85714285714286,False,False,official final standings; spelling normalized,,False,False
Stony Brook,2020-21,America East,,unknown,123,120.0,65.3954802259887,False,False,official final standings; spelling normalized,,False,False
Stony Brook,2021-22,America East,,unknown,209,70.0,41.40845070422535,False,False,official final standings; spelling normalized,,False,False
Stony Brook,2022-23,CAA,,unknown,215,53.0,39.66480446927375,False,False,official final standings; spelling normalized,,False,False
Stony Brook,2023-24,CAA,,unknown,215,53.0,39.8876404494382,False,False,official final standings; spelling normalized,,False,False
Stony Brook,2024-25,CAA,,unknown,185,78.0,48.31460674157304,False,False,official final standings; spelling normalized,,False,False
Stony Brook,2025-26,CAA,,unknown,165,95.0,53.51123595505618,False,False,official final standings; spelling normalized,,False,False
Syracuse,2017-18,ACC,Nike,A,46,539.75,87.06896551724138,True,False,official final standings; spelling normalized,https://cuse.com/news/2019/6/14/general-syracuse-and-nike-extend-partnership,True,True
Syracuse,2018-19,ACC,Nike,A,54,463.5,84.85714285714285,True,False,official final standings; spelling normalized,https://cuse.com/news/2019/6/14/general-syracuse-and-nike-extend-partnership,True,True
Syracuse,2020-21,ACC,Nike,C,64,328.0,82.20338983050848,True,False,official final standings; spelling normalized,https://cuse.com/news/2019/6/14/general-syracuse-and-nike-extend-partnership,True,False
Syracuse,2021-22,ACC,Nike,C,72,304.0,80.0,True,False,official final standings; spelling normalized,https://cuse.com/news/2019/6/14/general-syracuse-and-nike-extend-partnership,True,False
Syracuse,2022-23,ACC,Nike,C,45,559.5,87.70949720670392,True,False,official final standings; spelling normalized,https://cuse.com/news/2019/6/14/general-syracuse-and-nike-extend-partnership,True,False
Syracuse,2023-24,ACC,Nike,C,44,538.0,87.92134831460675,True,False,official final standings; spelling normalized,https://cuse.com/news/2019/6/14/general-syracuse-and-nike-extend-partnership,True,False
Syracuse,2024-25,ACC,Nike,C,61,407.0,83.14606741573034,True,False,official final standings; spelling normalized,https://cuse.com/news/2019/6/14/general-syracuse-and-nike-extend-partnership,True,False
Syracuse,2025-26,ACC,Nike,B,59,447.0,83.70786516853933,True,False,official final standings; spelling normalized,https://cuse.com/news/2026/5/22/mens-lacrosse-cuse-at-championship-weekend-live-blog,True,True
TCU,2017-18,Big 12,Nike,A,58,394.0,83.62068965517241,True,False,official final standings; spelling normalized,https://www2.kusports.com/weblogs/tale-tait/2017/sep/28/kus-deal-with-adidas-is-companys-second/,True,True
TCU,2018-19,Big 12,Nike,C,42,557.0,88.28571428571429,True,False,official final standings; spelling normalized,https://www2.kusports.com/weblogs/tale-tait/2017/sep/28/kus-deal-with-adidas-is-companys-second/,True,False
TCU,2020-21,Big 12,Nike,C,45,470.0,87.57062146892656,True,False,official final standings; spelling normalized,https://www2.kusports.com/weblogs/tale-tait/2017/sep/28/kus-deal-with-adidas-is-companys-second/,True,False
TCU,2021-22,Big 12,Nike,C,40,564.5,89.01408450704226,True,False,official final standings; spelling normalized,https://www2.kusports.com/weblogs/tale-tait/2017/sep/28/kus-deal-with-adidas-is-companys-second/,True,False
TCU,2022-23,Big 12,Nike,C,34,669.0,90.78212290502792,True,False,official final standings; spelling normalized,https://www2.kusports.com/weblogs/tale-tait/2017/sep/28/kus-deal-with-adidas-is-companys-second/,True,False
TCU,2023-24,Big 12,Nike,C,69,352.5,80.89887640449437,True,False,official final standings; spelling normalized,https://www2.kusports.com/weblogs/tale-tait/2017/sep/28/kus-deal-with-adidas-is-companys-second/,True,False
TCU,2024-25,Big 12,Nike,C,38,639.5,89.60674157303372,True,False,official final standings; spelling normalized,https://www2.kusports.com/weblogs/tale-tait/2017/sep/28/kus-deal-with-adidas-is-companys-second/,True,False
TCU,2025-26,Big 12,Nike,B,33,675.0,91.01123595505618,True,False,official final standings; spelling normalized,https://web.archive.org/web/20251116001121/https://gofrogs.com/,True,True
Tarleton State,2020-21,,,unknown,,0.0,8.757062146892656,False,True,not available; imputed zero year,,False,False
Tarleton State,2021-22,,,unknown,,0.0,8.591549295774648,False,True,not available; imputed zero year,,False,False
Tarleton State,2022-23,,,unknown,,0.0,7.5418994413407825,False,True,not available; imputed zero year,,False,False
Tarleton State,2023-24,,,unknown,,0.0,6.460674157303371,False,True,not available; imputed zero year,,False,False
Tarleton State,2024-25,WAC,,unknown,136,124.8,62.07865168539326,False,False,official final standings; spelling normalized,,False,False
Tarleton State,2025-26,WAC,,unknown,86,257.5,76.12359550561798,False,False,official final standings; spelling normalized,,False,False
Temple,2017-18,American,,unknown,174,90.0,50.28735632183909,False,False,official final standings; spelling normalized,,False,False
Temple,2018-19,American,,unknown,152,103.0,56.85714285714286,False,False,official final standings; spelling normalized,,False,False
Temple,2020-21,American,,unknown,136,107.0,61.5819209039548,False,False,official final standings; spelling normalized,,False,False
Temple,2021-22,American,,unknown,254,34.0,28.732394366197184,False,False,official final standings; spelling normalized,,False,False
Temple,2022-23,American,,unknown,292,22.0,18.575418994413408,False,False,official final standings; spelling normalized,,False,False
Temple,2023-24,American,,unknown,253,30.0,28.51123595505618,False,False,official final standings; spelling normalized,,False,False
Temple,2024-25,American,,unknown,242,46.0,32.30337078651686,False,False,official final standings; spelling normalized,,False,False
Temple,2025-26,,,unknown,,0.0,7.865168539325842,False,True,not available; imputed zero year,,False,False
Tennessee,2017-18,SEC,Nike,A,35,624.5,90.22988505747126,True,False,official final standings; spelling normalized,https://utsports.com/news/2014/1/31/UT_Announces_Partnership_With_NIKE,True,True
Tennessee,2018-19,SEC,Nike,A,25,797.75,93.14285714285714,True,False,official final standings; spelling normalized,https://utsports.com/news/2014/1/31/UT_Announces_Partnership_With_NIKE,True,True
Tennessee,2020-21,SEC,Nike,A,26,748.0,92.93785310734464,True,False,official final standings; spelling normalized,https://utsports.com/news/2014/1/31/UT_Announces_Partnership_With_NIKE,True,True
Tennessee,2021-22,SEC,Nike,A,13,921.0,96.61971830985917,True,False,official final standings; spelling normalized,https://utsports.com/news/2014/1/31/UT_Announces_Partnership_With_NIKE,True,True
Tennessee,2022-23,SEC,Nike,A,6,1078.75,98.60335195530726,True,False,official final standings; spelling normalized,https://utsports.com/news/2014/1/31/UT_Announces_Partnership_With_NIKE,True,True
Tennessee,2023-24,SEC,Nike,A,3,1217.0,99.438202247191,True,False,official final standings; spelling normalized,https://sports.yahoo.com/article/tennessee-athletics-switching-adidas-nike-181159677.html,True,True
Tennessee,2024-25,SEC,Nike,A,6,1078.0,98.59550561797754,True,False,official final standings; spelling normalized,https://sports.yahoo.com/article/tennessee-athletics-switching-adidas-nike-181159677.html,True,True
Tennessee,2025-26,SEC,Nike,A,15,964.75,96.06741573033707,True,False,official final standings; spelling normalized,https://sports.yahoo.com/article/tennessee-athletics-switching-adidas-nike-181159677.html,True,True
Tennessee Chattanooga,2017-18,SoCon,,unknown,257,25.5,26.436781609195403,False,False,official final standings; spelling normalized,,False,False
Tennessee Chattanooga,2018-19,SoCon,,unknown,248,40.0,29.142857142857142,False,False,official final standings; spelling normalized,,False,False
Tennessee Chattanooga,2020-21,SoCon,,unknown,285,18.5,19.774011299435028,False,False,official final standings; spelling normalized,,False,False
Tennessee Chattanooga,2021-22,SoCon,,unknown,193,78.5,45.91549295774648,False,False,official final standings; spelling normalized,,False,False
Tennessee Chattanooga,2022-23,SoCon,,unknown,163,104.5,54.7486033519553,False,False,official final standings; spelling normalized,,False,False
Tennessee Chattanooga,2023-24,SoCon,,unknown,110,164.0,69.24157303370787,False,False,official final standings; spelling normalized,,False,False
Tennessee Chattanooga,2024-25,SoCon,,unknown,239,48.5,33.146067415730336,False,False,official final standings; spelling normalized,,False,False
Tennessee Chattanooga,2025-26,SoCon,,unknown,173,87.5,51.12359550561798,False,False,official final standings; spelling normalized,,False,False
Tennessee Martin,2017-18,,,unknown,,0.0,8.189655172413794,False,True,not available; imputed zero year,,False,False
Tennessee Martin,2018-19,,,unknown,,0.0,8.0,False,True,not available; imputed zero year,,False,False
Tennessee Martin,2020-21,OVC,,unknown,290,8.0,18.361581920903955,False,False,official final standings; spelling normalized,,False,False
Tennessee Martin,2021-22,OVC,,unknown,188,83.0,47.04225352112676,False,False,official final standings; spelling normalized,,False,False
Tennessee Martin,2022-23,OVC,,unknown,261,25.0,23.32402234636871,False,False,official final standings; spelling normalized,,False,False
Tennessee Martin,2023-24,OVC,,unknown,306,5.0,13.623595505617978,False,False,official final standings; spelling normalized,,False,False
Tennessee Martin,2024-25,OVC,,unknown,244,45.0,31.179775280898873,False,False,official final standings; spelling normalized,,False,False
Tennessee Martin,2025-26,,,unknown,,0.0,7.865168539325842,False,True,not available; imputed zero year,,False,False
Tennessee State,2017-18,,,unknown,,0.0,8.189655172413794,False,True,not available; imputed zero year,,False,False
Tennessee State,2018-19,,,unknown,,0.0,8.0,False,True,not available; imputed zero year,,False,False
Tennessee State,2020-21,,,unknown,,0.0,8.757062146892656,False,True,not available; imputed zero year,,False,False
Tennessee State,2021-22,OVC,,unknown,250,43.0,29.859154929577464,False,False,official final standings; spelling normalized,,False,False
Tennessee State,2022-23,OVC,,unknown,261,25.0,23.32402234636871,False,False,official final standings; spelling normalized,,False,False
Tennessee State,2023-24,,,unknown,,0.0,6.460674157303371,False,True,not available; imputed zero year,,False,False
Tennessee State,2024-25,OVC,,unknown,264,25.0,22.6123595505618,False,False,official final standings; spelling normalized,,False,False
Tennessee State,2025-26,OVC,,unknown,265,25.0,21.629213483146067,False,False,official final standings; spelling normalized,,False,False
Tennessee Tech,2017-18,OVC,,unknown,175,89.0,49.85632183908046,False,False,official final standings; spelling normalized,,False,False
Tennessee Tech,2018-19,OVC,,unknown,266,25.0,21.428571428571427,False,False,official final standings; spelling normalized,,False,False
Tennessee Tech,2020-21,,,unknown,,0.0,8.757062146892656,False,True,not available; imputed zero year,,False,False
Tennessee Tech,2021-22,OVC,,unknown,266,25.0,21.830985915492956,False,False,official final standings; spelling normalized,,False,False
Tennessee Tech,2022-23,OVC,,unknown,261,25.0,23.32402234636871,False,False,official final standings; spelling normalized,,False,False
Tennessee Tech,2023-24,OVC,,unknown,306,5.0,13.623595505617978,False,False,official final standings; spelling normalized,,False,False
Tennessee Tech,2024-25,OVC,,unknown,264,25.0,22.6123595505618,False,False,official final standings; spelling normalized,,False,False
Tennessee Tech,2025-26,OVC,,unknown,188,75.0,46.48876404494382,False,False,official final standings; spelling normalized,,False,False
Texas,2017-18,Big 12,Nike,A,5,1143.25,98.85057471264368,True,False,official final standings; spelling normalized,https://www.utsystem.edu/sites/default/files/offices/board-of-regents/board-meetings/board-minutes/10-30-2015meeting1141.pdf,True,True
Texas,2018-19,Big 12,Nike,A,4,1148.5,99.14285714285714,True,False,official final standings; spelling normalized,https://www.utsystem.edu/sites/default/files/offices/board-of-regents/board-meetings/board-minutes/10-30-2015meeting1141.pdf,True,True
Texas,2020-21,Big 12,Nike,A,1,1252.0,100.0,True,False,official final standings; spelling normalized,https://www.utsystem.edu/sites/default/files/offices/board-of-regents/board-meetings/board-minutes/10-30-2015meeting1141.pdf,True,True
Texas,2021-22,Big 12,Nike,A,1,1449.5,100.0,True,False,official final standings; spelling normalized,https://www.utsystem.edu/sites/default/files/offices/board-of-regents/board-meetings/board-minutes/10-30-2015meeting1141.pdf,True,True
Texas,2022-23,Big 12,Nike,A,2,1370.5,99.72067039106145,True,False,official final standings; spelling normalized,https://www.utsystem.edu/sites/default/files/offices/board-of-regents/board-meetings/board-minutes/10-30-2015meeting1141.pdf,True,True
Texas,2023-24,Big 12,Nike,A,1,1377.0,100.0,True,False,official final standings; spelling normalized,https://www.utsystem.edu/sites/default/files/offices/board-of-regents/board-meetings/board-minutes/10-30-2015meeting1141.pdf,True,True
Texas,2024-25,SEC,Nike,A,1,1255.25,100.0,True,False,official final standings; spelling normalized,https://www.utsystem.edu/sites/default/files/offices/board-of-regents/board-meetings/board-minutes/10-30-2015meeting1141.pdf,True,True
Texas,2025-26,SEC,Nike,A,1,1322.0,100.0,True,False,official final standings; spelling normalized,https://www.utsystem.edu/sites/default/files/offices/board-of-regents/board-meetings/board-minutes/10-30-2015meeting1141.pdf,True,True
Texas A&M,2017-18,SEC,adidas,A,10,1005.5,97.41379310344828,True,False,official final standings; spelling normalized,https://cdn.vox-cdn.com/uploads/chorus_asset/file/3974634/Adidas_FINAL__1_.0.pdf,True,True
Texas A&M,2018-19,SEC,adidas,A,15,933.75,96.0,True,False,official final standings; spelling normalized,https://cdn.vox-cdn.com/uploads/chorus_asset/file/3974634/Adidas_FINAL__1_.0.pdf,True,True
Texas A&M,2020-21,SEC,adidas,A,19,846.25,94.91525423728814,True,False,official final standings; spelling normalized,https://cdn.vox-cdn.com/uploads/chorus_asset/file/3974634/Adidas_FINAL__1_.0.pdf,True,True
Texas A&M,2021-22,SEC,adidas,A,25,794.75,93.2394366197183,True,False,official final standings; spelling normalized,https://cdn.vox-cdn.com/uploads/chorus_asset/file/3974634/Adidas_FINAL__1_.0.pdf,True,True
Texas A&M,2022-23,SEC,adidas,A,24,808.75,93.5754189944134,True,False,official final standings; spelling normalized,https://www.sportsbusinessjournal.com/Articles/2024/05/06/texas-am-aggies-renew-adidas-partnership/?issueId=VD7KES7GVMHBL2WFUIH7JMKCKU,True,True
Texas A&M,2023-24,SEC,adidas,A,6,1059.25,98.59550561797754,True,False,official final standings; spelling normalized,https://www.sportsbusinessjournal.com/Articles/2024/05/06/texas-am-aggies-renew-adidas-partnership/?issueId=VD7KES7GVMHBL2WFUIH7JMKCKU,True,True
Texas A&M,2024-25,SEC,adidas,A,15,907.75,96.06741573033707,True,False,official final standings; spelling normalized,https://www.sportsbusinessjournal.com/Articles/2024/05/06/texas-am-aggies-renew-adidas-partnership/?issueId=VD7KES7GVMHBL2WFUIH7JMKCKU,True,True
Texas A&M,2025-26,SEC,adidas,A,12,980.0,96.91011235955057,True,False,official final standings; spelling normalized,https://www.sportsbusinessjournal.com/Articles/2024/05/06/texas-am-aggies-renew-adidas-partnership/?issueId=VD7KES7GVMHBL2WFUIH7JMKCKU,True,True
Texas A&M Corpus Christi,2017-18,,,unknown,,0.0,8.189655172413794,False,True,not available; imputed zero year,,False,False
Texas A&M Corpus Christi,2018-19,Southland,,unknown,266,25.0,21.428571428571427,False,False,official final standings; spelling normalized,,False,False
Texas A&M Corpus Christi,2020-21,Southland,,unknown,153,96.0,57.06214689265536,False,False,official final standings; spelling normalized,,False,False
Texas A&M Corpus Christi,2021-22,Southland,,unknown,192,80.0,46.19718309859155,False,False,official final standings; spelling normalized,,False,False
Texas A&M Corpus Christi,2022-23,Southland,,unknown,137,128.0,62.01117318435754,False,False,official final standings; spelling normalized,,False,False
Texas A&M Corpus Christi,2023-24,Southland,,unknown,160,95.0,55.19662921348315,False,False,official final standings; spelling normalized,,False,False
Texas A&M Corpus Christi,2024-25,Southland,,unknown,258,30.0,27.3876404494382,False,False,official final standings; spelling normalized,,False,False
Texas A&M Corpus Christi,2025-26,Southland,,unknown,225,50.0,34.97191011235955,False,False,official final standings; spelling normalized,,False,False
Texas Arlington,2017-18,Sun Belt,,unknown,236,47.0,32.327586206896555,False,False,official final standings; spelling normalized,,False,False
Texas Arlington,2018-19,,,unknown,,0.0,8.0,False,True,not available; imputed zero year,,False,False
Texas Arlington,2020-21,Sun Belt,,unknown,287,13.0,18.926553672316384,False,False,official final standings; spelling normalized,,False,False
Texas Arlington,2021-22,Sun Belt,,unknown,205,72.0,42.25352112676056,False,False,official final standings; spelling normalized,,False,False
Texas Arlington,2022-23,WAC,,unknown,261,25.0,23.32402234636871,False,False,official final standings; spelling normalized,,False,False
Texas Arlington,2023-24,WAC,,unknown,235,45.5,34.12921348314607,False,False,official final standings; spelling normalized,,False,False
Texas Arlington,2024-25,WAC,,unknown,264,25.0,22.6123595505618,False,False,official final standings; spelling normalized,,False,False
Texas Arlington,2025-26,,,unknown,,0.0,7.865168539325842,False,True,not available; imputed zero year,,False,False
Texas Southern,2017-18,SWAC,,unknown,217,50.0,35.3448275862069,False,False,official final standings; spelling normalized,,False,False
Texas Southern,2018-19,,,unknown,,0.0,8.0,False,True,not available; imputed zero year,,False,False
Texas Southern,2020-21,SWAC,,unknown,255,25.0,24.43502824858757,False,False,official final standings; spelling normalized,,False,False
Texas Southern,2021-22,SWAC,,unknown,258,30.0,26.901408450704224,False,False,official final standings; spelling normalized,,False,False
Texas Southern,2022-23,SWAC,,unknown,298,5.0,16.061452513966483,False,False,official final standings; spelling normalized,,False,False
Texas Southern,2023-24,,,unknown,,0.0,6.460674157303371,False,True,not available; imputed zero year,,False,False
Texas Southern,2024-25,,,unknown,,0.0,7.584269662921349,False,True,not available; imputed zero year,,False,False
Texas Southern,2025-26,,,unknown,,0.0,7.865168539325842,False,True,not available; imputed zero year,,False,False
Texas State,2017-18,Sun Belt,,unknown,177,87.5,49.42528735632184,False,False,official final standings; spelling normalized,,False,False
Texas State,2018-19,Sun Belt,,unknown,182,78.0,48.142857142857146,False,False,official final standings; spelling normalized,,False,False
Texas State,2020-21,Sun Belt,,unknown,166,87.5,53.38983050847458,False,False,official final standings; spelling normalized,,False,False
Texas State,2021-22,Sun Belt,,unknown,141,123.0,60.4225352112676,False,False,official final standings; spelling normalized,,False,False
Texas State,2022-23,Sun Belt,,unknown,220,52.5,38.8268156424581,False,False,official final standings; spelling normalized,,False,False
Texas State,2023-24,Sun Belt,,unknown,103,182.5,71.34831460674157,False,False,official final standings; spelling normalized,,False,False
Texas State,2024-25,Sun Belt,,unknown,112,152.5,68.67977528089888,False,False,official final standings; spelling normalized,,False,False
Texas State,2025-26,Sun Belt,,unknown,93,227.5,74.01685393258427,False,False,official final standings; spelling normalized,,False,False
Texas Tech,2017-18,Big 12,Under Armour,A,41,577.0,88.50574712643679,True,False,official final standings; spelling normalized,https://texastech.com/news/2015/2/17/Texas_Tech_Agrees_To_Six_Year_Extension_With_Under_Armour,True,True
Texas Tech,2018-19,Big 12,Under Armour,A,34,668.58,90.57142857142856,True,False,official final standings; spelling normalized,https://texastech.com/news/2015/2/17/Texas_Tech_Agrees_To_Six_Year_Extension_With_Under_Armour,True,True
Texas Tech,2020-21,Big 12,Under Armour,A,43,497.5,88.13559322033898,True,False,official final standings; spelling normalized,https://www.sportsbusinessjournal.com/Articles/2023/10/24/texas-tech-joining-adidas-leaving-under-armour-patrick-mahomes-instagram-post/,True,True
Texas Tech,2021-22,Big 12,Under Armour,A,38,627.0,89.5774647887324,True,False,official final standings; spelling normalized,https://www.sportsbusinessjournal.com/Articles/2023/10/24/texas-tech-joining-adidas-leaving-under-armour-patrick-mahomes-instagram-post/,True,True
Texas Tech,2022-23,Big 12,Under Armour,A,47,501.0,87.15083798882681,True,False,official final standings; spelling normalized,https://www.sportsbusinessjournal.com/Articles/2023/10/24/texas-tech-joining-adidas-leaving-under-armour-patrick-mahomes-instagram-post/,True,True
Texas Tech,2023-24,Big 12,Under Armour,A,45,533.75,87.64044943820225,True,False,official final standings; spelling normalized,https://www.sportsbusinessjournal.com/Articles/2023/10/24/texas-tech-joining-adidas-leaving-under-armour-patrick-mahomes-instagram-post/,True,True
Texas Tech,2024-25,Big 12,adidas,A,40,613.75,89.04494382022472,True,False,official final standings; spelling normalized,https://texastech.com/news/2024/7/1/general-texas-tech-adidas-launch-10-year-partnership,True,True
Texas Tech,2025-26,Big 12,adidas,A,35,669.0,90.4494382022472,True,False,official final standings; spelling normalized,https://texastech.com/news/2024/7/1/general-texas-tech-adidas-launch-10-year-partnership,True,True
Toledo,2017-18,MAC,,unknown,217,50.0,35.3448275862069,False,False,official final standings; spelling normalized,,False,False
Toledo,2018-19,MAC,,unknown,223,50.0,34.14285714285714,False,False,official final standings; spelling normalized,,False,False
Toledo,2020-21,,,unknown,,0.0,8.757062146892656,False,True,not available; imputed zero year,,False,False
Toledo,2021-22,MAC,,unknown,266,25.0,21.830985915492956,False,False,official final standings; spelling normalized,,False,False
Toledo,2022-23,MAC,,unknown,110,166.0,69.55307262569832,False,False,official final standings; spelling normalized,,False,False
Toledo,2023-24,MAC,,unknown,182,75.0,48.03370786516854,False,False,official final standings; spelling normalized,,False,False
Toledo,2024-25,MAC,,unknown,174,89.0,51.40449438202247,False,False,official final standings; spelling normalized,,False,False
Toledo,2025-26,MAC,,unknown,157,103.0,56.17977528089888,False,False,official final standings; spelling normalized,,False,False
Towson,2017-18,CAA,,unknown,162,96.0,53.44827586206896,False,False,official final standings; spelling normalized,,False,False
Towson,2018-19,CAA,,unknown,138,114.0,60.857142857142854,False,False,official final standings; spelling normalized,,False,False
Towson,2020-21,CAA,,unknown,154,95.5,56.77966101694915,False,False,official final standings; spelling normalized,,False,False
Towson,2021-22,CAA,,unknown,167,98.0,53.239436619718305,False,False,official final standings; spelling normalized,,False,False
Towson,2022-23,CAA,,unknown,171,95.0,51.955307262569825,False,False,official final standings; spelling normalized,,False,False
Towson,2023-24,CAA,,unknown,109,168.5,69.66292134831461,False,False,official final standings; spelling normalized,,False,False
Towson,2024-25,CAA,,unknown,244,45.0,31.179775280898873,False,False,official final standings; spelling normalized,,False,False
Towson,2025-26,,,unknown,,0.0,7.865168539325842,False,True,not available; imputed zero year,,False,False
Troy,2017-18,Sun Belt,,unknown,183,82.5,47.701149425287355,False,False,official final standings; spelling normalized,,False,False
Troy,2018-19,Sun Belt,,unknown,244,45.0,30.28571428571429,False,False,official final standings; spelling normalized,,False,False
Troy,2020-21,Sun Belt,,unknown,204,62.5,42.51412429378531,False,False,official final standings; spelling normalized,,False,False
Troy,2021-22,,,unknown,,0.0,8.591549295774648,False,True,not available; imputed zero year,,False,False
Troy,2022-23,Sun Belt,,unknown,177,91.5,50.83798882681564,False,False,official final standings; spelling normalized,,False,False
Troy,2023-24,Sun Belt,,unknown,262,25.0,21.48876404494382,False,False,official final standings; spelling normalized,,False,False
Troy,2024-25,Sun Belt,,unknown,197,70.0,44.241573033707866,False,False,official final standings; spelling normalized,,False,False
Troy,2025-26,Sun Belt,,unknown,130,128.0,63.76404494382022,False,False,official final standings; spelling normalized,,False,False
Tulane,2017-18,American,,unknown,258,25.0,22.270114942528735,False,False,official final standings; spelling normalized,,False,False
Tulane,2018-19,American,,unknown,201,70.0,42.857142857142854,False,False,official final standings; spelling normalized,,False,False
Tulane,2020-21,American,,unknown,182,75.0,47.31638418079096,False,False,official final standings; spelling normalized,,False,False
Tulane,2021-22,American,,unknown,292,22.5,18.028169014084508,False,False,official final standings; spelling normalized,,False,False
Tulane,2022-23,American,,unknown,102,173.8,71.7877094972067,False,False,official final standings; spelling normalized,,False,False
Tulane,2023-24,American,,unknown,142,118.5,60.39325842696629,False,False,official final standings; spelling normalized,,False,False
Tulane,2024-25,American,,unknown,160,100.0,55.0561797752809,False,False,official final standings; spelling normalized,,False,False
Tulane,2025-26,American,,unknown,97,204.0,73.03370786516854,False,False,official final standings; spelling normalized,,False,False
Tulsa,2017-18,American,,unknown,135,135.0,61.49425287356321,False,False,official final standings; spelling normalized,,False,False
Tulsa,2018-19,American,,unknown,164,94.0,53.42857142857142,False,False,official final standings; spelling normalized,,False,False
Tulsa,2020-21,American,,unknown,94,169.0,73.72881355932203,False,False,official final standings; spelling normalized,,False,False
Tulsa,2021-22,American,,unknown,87,220.5,75.77464788732394,False,False,official final standings; spelling normalized,,False,False
Tulsa,2022-23,American,,unknown,99,178.0,72.62569832402235,False,False,official final standings; spelling normalized,,False,False
Tulsa,2023-24,American,,unknown,181,75.5,49.43820224719101,False,False,official final standings; spelling normalized,,False,False
Tulsa,2024-25,American,,unknown,150,108.5,58.14606741573034,False,False,official final standings; spelling normalized,,False,False
Tulsa,2025-26,American,,unknown,140,120.0,60.53370786516854,False,False,official final standings; spelling normalized,,False,False
UAB,2017-18,Conference USA,,unknown,258,25.0,22.270114942528735,False,False,official final standings; spelling normalized,,False,False
UAB,2018-19,Conference USA,,unknown,244,45.0,30.28571428571429,False,False,official final standings; spelling normalized,,False,False
UAB,2020-21,Conference USA,,unknown,210,55.0,40.96045197740113,False,False,official final standings; spelling normalized,,False,False
UAB,2021-22,Conference USA,,unknown,196,75.0,44.225352112676056,False,False,official final standings; spelling normalized,,False,False
UAB,2022-23,Conference USA,,unknown,243,45.0,32.122905027932966,False,False,official final standings; spelling normalized,,False,False
UAB,2023-24,American,,unknown,262,25.0,21.48876404494382,False,False,official final standings; spelling normalized,,False,False
UAB,2024-25,,,unknown,,0.0,7.584269662921349,False,True,not available; imputed zero year,,False,False
UAB,2025-26,,,unknown,,0.0,7.865168539325842,False,True,not available; imputed zero year,,False,False
UC Davis,2017-18,Big West,,unknown,208,64.0,40.37356321839081,False,False,official final standings; spelling normalized,,False,False
UC Davis,2018-19,Big West,,unknown,112,147.0,68.0,False,False,official final standings; spelling normalized,,False,False
UC Davis,2020-21,Big West,,unknown,255,25.0,24.43502824858757,False,False,official final standings; spelling normalized,,False,False
UC Davis,2021-22,Big West,,unknown,178,90.5,50.140845070422536,False,False,official final standings; spelling normalized,,False,False
UC Davis,2022-23,Big West,,unknown,261,25.0,23.32402234636871,False,False,official final standings; spelling normalized,,False,False
UC Davis,2023-24,,,unknown,,0.0,6.460674157303371,False,True,not available; imputed zero year,,False,False
UC Davis,2024-25,Big West,,unknown,108,161.5,69.9438202247191,False,False,official final standings; spelling normalized,,False,False
UC Davis,2025-26,Big West,,unknown,165,95.0,53.51123595505618,False,False,official final standings; spelling normalized,,False,False
UC Irvine,2017-18,Big West,,unknown,171,93.6,51.14942528735632,False,False,official final standings; spelling normalized,,False,False
UC Irvine,2018-19,Big West,,unknown,155,100.0,55.57142857142857,False,False,official final standings; spelling normalized,,False,False
UC Irvine,2020-21,Big West,,unknown,215,50.0,37.28813559322034,False,False,official final standings; spelling normalized,,False,False
UC Irvine,2021-22,Big West,,unknown,131,135.0,63.38028169014085,False,False,official final standings; spelling normalized,,False,False
UC Irvine,2022-23,Big West,,unknown,143,124.0,60.33519553072626,False,False,official final standings; spelling normalized,,False,False
UC Irvine,2023-24,Big West,,unknown,83,269.0,76.96629213483146,False,False,official final standings; spelling normalized,,False,False
UC Irvine,2024-25,Big West,,unknown,187,75.0,47.05056179775281,False,False,official final standings; spelling normalized,,False,False
UC Irvine,2025-26,Big West,,unknown,146,115.0,59.12921348314607,False,False,official final standings; spelling normalized,,False,False
UC Riverside,2017-18,,,unknown,,0.0,8.189655172413794,False,True,not available; imputed zero year,,False,False
UC Riverside,2018-19,Big West,,unknown,266,25.0,21.428571428571427,False,False,official final standings; spelling normalized,,False,False
UC Riverside,2020-21,,,unknown,,0.0,8.757062146892656,False,True,not available; imputed zero year,,False,False
UC Riverside,2021-22,,,unknown,,0.0,8.591549295774648,False,True,not available; imputed zero year,,False,False
UC Riverside,2022-23,Big West,,unknown,261,25.0,23.32402234636871,False,False,official final standings; spelling normalized,,False,False
UC Riverside,2023-24,,,unknown,,0.0,6.460674157303371,False,True,not available; imputed zero year,,False,False
UC Riverside,2024-25,,,unknown,,0.0,7.584269662921349,False,True,not available; imputed zero year,,False,False
UC Riverside,2025-26,Big West,,unknown,297,20.5,16.853932584269664,False,False,official final standings; spelling normalized,,False,False
UC San Diego,2020-21,Big West,,unknown,197,69.0,44.63276836158192,False,False,official final standings; spelling normalized,,False,False
UC San Diego,2021-22,Big West,,unknown,228,51.0,36.056338028169016,False,False,official final standings; spelling normalized,,False,False
UC San Diego,2022-23,Big West,,unknown,248,42.0,30.8659217877095,False,False,official final standings; spelling normalized,,False,False
UC San Diego,2023-24,Big West,,unknown,246,36.0,31.179775280898873,False,False,official final standings; spelling normalized,,False,False
UC San Diego,2024-25,Big West,,unknown,169,91.5,52.52808988764045,False,False,official final standings; spelling normalized,,False,False
UC San Diego,2025-26,Big West,,unknown,144,118.0,59.8314606741573,False,False,official final standings; spelling normalized,,False,False
UC Santa Barbara,2017-18,Big West,,unknown,258,25.0,22.270114942528735,False,False,official final standings; spelling normalized,,False,False
UC Santa Barbara,2018-19,Big West,,unknown,125,123.5,64.57142857142857,False,False,official final standings; spelling normalized,,False,False
UC Santa Barbara,2020-21,Big West,,unknown,89,180.0,75.14124293785311,False,False,official final standings; spelling normalized,,False,False
UC Santa Barbara,2021-22,Big West,,unknown,148,112.5,58.59154929577465,False,False,official final standings; spelling normalized,,False,False
UC Santa Barbara,2022-23,Big West,,unknown,223,50.0,35.89385474860335,False,False,official final standings; spelling normalized,,False,False
UC Santa Barbara,2023-24,Big West,,unknown,182,75.0,48.03370786516854,False,False,official final standings; spelling normalized,,False,False
UC Santa Barbara,2024-25,Big West,,unknown,85,235.0,76.40449438202246,False,False,official final standings; spelling normalized,,False,False
UC Santa Barbara,2025-26,Big West,,unknown,160,100.0,55.0561797752809,False,False,official final standings; spelling normalized,,False,False
UCF,2017-18,American,Nike,A,86,230.0,75.57471264367817,True,False,official final standings; spelling normalized,https://ucfknights.com/news/2023/10/31/ucf-athletics-and-nike-extend-agreement-through-2029,True,True
UCF,2018-19,American,Nike,A,62,393.5,82.57142857142857,True,False,official final standings; spelling normalized,https://ucfknights.com/news/2023/10/31/ucf-athletics-and-nike-extend-agreement-through-2029,True,True
UCF,2020-21,American,Nike,A,57,385.5,84.18079096045197,True,False,official final standings; spelling normalized,https://ucfknights.com/news/2023/10/31/ucf-athletics-and-nike-extend-agreement-through-2029,True,True
UCF,2021-22,American,Nike,A,69,350.5,80.84507042253522,True,False,official final standings; spelling normalized,https://ucfknights.com/news/2023/10/31/ucf-athletics-and-nike-extend-agreement-through-2029,True,True
UCF,2022-23,American,Nike,A,85,221.5,76.53631284916202,True,False,official final standings; spelling normalized,https://ucfknights.com/news/2023/10/31/ucf-athletics-and-nike-extend-agreement-through-2029,True,True
UCF,2023-24,Big 12,Nike,A,82,271.5,77.24719101123596,True,False,official final standings; spelling normalized,https://ucfknights.com/news/2023/10/31/ucf-athletics-and-nike-extend-agreement-through-2029,True,True
UCF,2024-25,Big 12,Nike,A,83,243.5,76.96629213483146,True,False,official final standings; spelling normalized,https://ucfknights.com/news/2023/10/31/ucf-athletics-and-nike-extend-agreement-through-2029,True,True
UCF,2025-26,Big 12,Nike,A,60,446.0,83.42696629213484,True,False,official final standings; spelling normalized,https://ucfknights.com/news/2023/10/31/ucf-athletics-and-nike-extend-agreement-through-2029,True,True
UCLA,2017-18,Pac-12,Under Armour,A,2,1326.0,99.71264367816092,True,False,official final standings; spelling normalized,https://uclabruins.com/news/2017/07/1/ucla-under-armour-kick-off-partnership,True,True
UCLA,2018-19,Pac-12,Under Armour,A,6,1056.5,98.57142857142858,True,False,official final standings; spelling normalized,https://uclabruins.com/news/2017/07/1/ucla-under-armour-kick-off-partnership,True,True
UCLA,2020-21,Pac-12,Under Armour,A,13,933.25,96.61016949152544,True,False,official final standings; spelling normalized,https://www.latimes.com/sports/story/2020-10-08/ucla-seeking-new-apparel-partner-will-wear-under-armour-this-year,True,True
UCLA,2021-22,Pac-12,Nike,A,15,906.5,96.05633802816902,True,False,official final standings; spelling normalized,https://uclabruins.com/documents/download/2024/9/19/02-Release_Indiana_2024_FB.pdf,True,True
UCLA,2022-23,Pac-12,Nike,A,14,1000.25,96.36871508379888,True,False,official final standings; spelling normalized,https://uclabruins.com/documents/download/2024/9/19/02-Release_Indiana_2024_FB.pdf,True,True
UCLA,2023-24,Pac-12,Nike,A,10,1017.5,97.47191011235957,True,False,official final standings; spelling normalized,https://uclabruins.com/documents/download/2024/9/19/02-Release_Indiana_2024_FB.pdf,True,True
UCLA,2024-25,Big Ten,Nike,A,5,1149.0,98.87640449438202,True,False,official final standings; spelling normalized,https://uclabruins.com/documents/download/2024/9/19/02-Release_Indiana_2024_FB.pdf,True,True
UCLA,2025-26,Big Ten,Nike,A,3,1199.25,99.438202247191,True,False,official final standings; spelling normalized,https://uclabruins.com/documents/download/2024/9/19/02-Release_Indiana_2024_FB.pdf,True,True
UConn,2017-18,American,,unknown,84,233.0,76.14942528735632,False,False,official final standings; spelling normalized,,False,False
UConn,2018-19,American,,unknown,77,290.5,78.28571428571428,False,False,official final standings; spelling normalized,,False,False
UConn,2020-21,American,,unknown,78,235.5,78.24858757062147,False,False,official final standings; spelling normalized,,False,False
UConn,2021-22,Big East,,unknown,85,231.0,76.33802816901408,False,False,official final standings; spelling normalized,,False,False
UConn,2022-23,Big East,,unknown,79,251.5,78.2122905027933,False,False,official final standings; spelling normalized,,False,False
UConn,2023-24,Big East,,unknown,81,272.0,77.52808988764045,False,False,official final standings; spelling normalized,,False,False
UConn,2024-25,Big East,,unknown,63,404.0,82.58426966292134,False,False,official final standings; spelling normalized,,False,False
UConn,2025-26,Big East,,unknown,56,459.0,84.5505617977528,False,False,official final standings; spelling normalized,,False,False
UMBC,2017-18,America East,,unknown,181,83.0,48.13218390804598,False,False,official final standings; spelling normalized,,False,False
UMBC,2018-19,America East,,unknown,223,50.0,34.14285714285714,False,False,official final standings; spelling normalized,,False,False
UMBC,2020-21,America East,,unknown,215,50.0,37.28813559322034,False,False,official final standings; spelling normalized,,False,False
UMBC,2021-22,America East,,unknown,229,50.0,33.52112676056338,False,False,official final standings; spelling normalized,,False,False
UMBC,2022-23,America East,,unknown,223,50.0,35.89385474860335,False,False,official final standings; spelling normalized,,False,False
UMBC,2023-24,America East,,unknown,262,25.0,21.48876404494382,False,False,official final standings; spelling normalized,,False,False
UMBC,2024-25,,,unknown,,0.0,7.584269662921349,False,True,not available; imputed zero year,,False,False
UMBC,2025-26,America East,,unknown,254,30.0,27.94943820224719,False,False,official final standings; spelling normalized,,False,False
UMKC,2017-18,WAC,,unknown,247,33.6,29.310344827586203,False,False,official final standings; spelling normalized,,False,False
UMKC,2018-19,WAC,,unknown,291,15.0,16.714285714285715,False,False,official final standings; spelling normalized,,False,False
UMKC,2020-21,,,unknown,,0.0,8.757062146892656,False,True,not available; imputed zero year,,False,False
UMKC,2021-22,,,unknown,,0.0,8.591549295774648,False,True,not available; imputed zero year,,False,False
UMKC,2022-23,Summit,,unknown,298,5.0,16.061452513966483,False,False,official final standings; spelling normalized,,False,False
UMKC,2023-24,Summit,,unknown,303,10.0,15.168539325842698,False,False,official final standings; spelling normalized,,False,False
UMKC,2024-25,Summit,,unknown,208,64.0,41.71348314606742,False,False,official final standings; spelling normalized,,False,False
UMKC,2025-26,Summit,,unknown,225,50.0,34.97191011235955,False,False,official final standings; spelling normalized,,False,False
UNLV,2017-18,Mountain West,,unknown,170,94.0,51.43678160919541,False,False,official final standings; spelling normalized,,False,False
UNLV,2018-19,Mountain West,,unknown,104,168.0,70.57142857142857,False,False,official final standings; spelling normalized,,False,False
UNLV,2020-21,Mountain West,,unknown,202,64.5,43.22033898305085,False,False,official final standings; spelling normalized,,False,False
UNLV,2021-22,Mountain West,,unknown,253,35.5,29.014084507042252,False,False,official final standings; spelling normalized,,False,False
UNLV,2022-23,Mountain West,,unknown,112,162.1,68.99441340782123,False,False,official final standings; spelling normalized,,False,False
UNLV,2023-24,Mountain West,,unknown,191,72.5,46.62921348314607,False,False,official final standings; spelling normalized,,False,False
UNLV,2024-25,Mountain West,,unknown,121,146.0,66.29213483146067,False,False,official final standings; spelling normalized,,False,False
UNLV,2025-26,Mountain West,,unknown,181,81.0,49.43820224719101,False,False,official final standings; spelling normalized,,False,False
USC,2017-18,Pac-12,Nike,A,4,1147.0,99.13793103448276,True,False,official final standings; spelling normalized,https://usctrojans.com/news/2026/7/14/usc-trojans-athletics-nike-jerseys-uniforms-gear-apparel-shoes-deal-extension-nil,True,True
USC,2018-19,Pac-12,Nike,A,5,1075.75,98.85714285714286,True,False,official final standings; spelling normalized,https://usctrojans.com/news/2026/7/14/usc-trojans-athletics-nike-jerseys-uniforms-gear-apparel-shoes-deal-extension-nil,True,True
USC,2020-21,Pac-12,Nike,A,6,1052.0,98.58757062146891,True,False,official final standings; spelling normalized,https://usctrojans.com/news/2026/7/14/usc-trojans-athletics-nike-jerseys-uniforms-gear-apparel-shoes-deal-extension-nil,True,True
USC,2021-22,Pac-12,Nike,A,12,933.75,96.90140845070422,True,False,official final standings; spelling normalized,https://usctrojans.com/news/2026/7/14/usc-trojans-athletics-nike-jerseys-uniforms-gear-apparel-shoes-deal-extension-nil,True,True
USC,2022-23,Pac-12,Nike,A,10,1048.0,97.48603351955308,True,False,official final standings; spelling normalized,https://usctrojans.com/news/2026/7/14/usc-trojans-athletics-nike-jerseys-uniforms-gear-apparel-shoes-deal-extension-nil,True,True
USC,2023-24,Pac-12,Nike,A,14,994.0,96.34831460674155,True,False,official final standings; spelling normalized,https://usctrojans.com/news/2026/7/14/usc-trojans-athletics-nike-jerseys-uniforms-gear-apparel-shoes-deal-extension-nil,True,True
USC,2024-25,Big Ten,Nike,A,2,1253.75,99.71910112359552,True,False,official final standings; spelling normalized,https://usctrojans.com/news/2026/7/14/usc-trojans-athletics-nike-jerseys-uniforms-gear-apparel-shoes-deal-extension-nil,True,True
USC,2025-26,Big Ten,Nike,A,7,1095.5,98.31460674157304,True,False,official final standings; spelling normalized,https://usctrojans.com/news/2026/7/14/usc-trojans-athletics-nike-jerseys-uniforms-gear-apparel-shoes-deal-extension-nil,True,True
UTEP,2017-18,Conference USA,,unknown,172,93.0,50.86206896551724,False,False,official final standings; spelling normalized,,False,False
UTEP,2018-19,,,unknown,,0.0,8.0,False,True,not available; imputed zero year,,False,False
UTEP,2020-21,Conference USA,,unknown,287,13.0,18.926553672316384,False,False,official final standings; spelling normalized,,False,False
UTEP,2021-22,Conference USA,,unknown,255,33.5,28.450704225352112,False,False,official final standings; spelling normalized,,False,False
UTEP,2022-23,Conference USA,,unknown,254,34.0,29.18994413407821,False,False,official final standings; spelling normalized,,False,False
UTEP,2023-24,,,unknown,,0.0,6.460674157303371,False,True,not available; imputed zero year,,False,False
UTEP,2024-25,Conference USA,,unknown,225,51.5,37.07865168539326,False,False,official final standings; spelling normalized,,False,False
UTEP,2025-26,Conference USA,,unknown,265,25.0,21.629213483146067,False,False,official final standings; spelling normalized,,False,False
UTRGV,2017-18,,,unknown,,0.0,8.189655172413794,False,True,not available; imputed zero year,,False,False
UTRGV,2018-19,,,unknown,,0.0,8.0,False,True,not available; imputed zero year,,False,False
UTRGV,2020-21,,,unknown,,0.0,8.757062146892656,False,True,not available; imputed zero year,,False,False
UTRGV,2021-22,,,unknown,,0.0,8.591549295774648,False,True,not available; imputed zero year,,False,False
UTRGV,2022-23,,,unknown,,0.0,7.5418994413407825,False,True,not available; imputed zero year,,False,False
UTRGV,2023-24,,,unknown,,0.0,6.460674157303371,False,True,not available; imputed zero year,,False,False
UTRGV,2024-25,,,unknown,,0.0,7.584269662921349,False,True,not available; imputed zero year,,False,False
UTRGV,2025-26,Southland,,unknown,225,50.0,34.97191011235955,False,False,official final standings; spelling normalized,,False,False
UTSA,2017-18,Conference USA,,unknown,256,27.0,26.72413793103448,False,False,official final standings; spelling normalized,,False,False
UTSA,2018-19,Conference USA,,unknown,288,19.0,17.857142857142858,False,False,official final standings; spelling normalized,,False,False
UTSA,2020-21,Conference USA,,unknown,195,71.0,45.05649717514124,False,False,official final standings; spelling normalized,,False,False
UTSA,2021-22,Conference USA,,unknown,181,88.0,49.29577464788733,False,False,official final standings; spelling normalized,,False,False
UTSA,2022-23,Conference USA,,unknown,184,83.5,48.463687150837984,False,False,official final standings; spelling normalized,,False,False
UTSA,2023-24,American,,unknown,169,89.0,52.80898876404494,False,False,official final standings; spelling normalized,,False,False
UTSA,2024-25,American,,unknown,149,109.0,58.42696629213483,False,False,official final standings; spelling normalized,,False,False
UTSA,2025-26,American,,unknown,123,134.0,65.58988764044943,False,False,official final standings; spelling normalized,,False,False
Utah,2017-18,Pac-12,Under Armour,A,61,382.5,82.75862068965517,True,False,official final standings; spelling normalized,https://utahutes.com/news/2016/10/12/general-utah-athletics-and-under-armour-sign-extension,True,True
Utah,2018-19,Pac-12,Under Armour,A,79,278.75,77.71428571428571,True,False,official final standings; spelling normalized,https://utahutes.com/news/2016/10/12/general-utah-athletics-and-under-armour-sign-extension,True,True
Utah,2020-21,Pac-12,Under Armour,A,70,284.0,80.50847457627118,True,False,official final standings; spelling normalized,https://utahutes.com/news/2016/10/12/general-utah-athletics-and-under-armour-sign-extension,True,True
Utah,2021-22,Pac-12,Under Armour,A,44,532.5,87.88732394366198,True,False,official final standings; spelling normalized,https://utahutes.com/news/2016/10/12/general-utah-athletics-and-under-armour-sign-extension,True,True
Utah,2022-23,Pac-12,Under Armour,A,28,741.0,92.4581005586592,True,False,official final standings; spelling normalized,https://utahutes.com/news/2016/10/12/general-utah-athletics-and-under-armour-sign-extension,True,True
Utah,2023-24,Pac-12,Under Armour,A,47,527.5,87.07865168539325,True,False,official final standings; spelling normalized,https://utahutes.com/news/2016/10/12/general-utah-athletics-and-under-armour-sign-extension,True,True
Utah,2024-25,Big 12,Under Armour,A,60,423.5,83.42696629213484,True,False,official final standings; spelling normalized,https://utahutes.com/news/2016/10/12/general-utah-athletics-and-under-armour-sign-extension,True,True
Utah,2025-26,Big 12,Under Armour,A,63,435.25,82.58426966292134,True,False,official final standings; spelling normalized,https://utahutes.com/news/2016/10/12/general-utah-athletics-and-under-armour-sign-extension,True,True
Utah State,2017-18,Mountain West,,unknown,78,265.25,77.87356321839081,False,False,official final standings; spelling normalized,,False,False
Utah State,2018-19,Mountain West,,unknown,143,110.0,59.285714285714285,False,False,official final standings; spelling normalized,,False,False
Utah State,2020-21,Mountain West,,unknown,109,135.0,69.49152542372882,False,False,official final standings; spelling normalized,,False,False
Utah State,2021-22,Mountain West,,unknown,116,149.5,67.6056338028169,False,False,official final standings; spelling normalized,,False,False
Utah State,2022-23,Mountain West,,unknown,144,123.0,59.91620111731844,False,False,official final standings; spelling normalized,,False,False
Utah State,2023-24,Mountain West,,unknown,136,125.0,61.79775280898876,False,False,official final standings; spelling normalized,,False,False
Utah State,2024-25,Mountain West,,unknown,104,180.0,71.06741573033707,False,False,official final standings; spelling normalized,,False,False
Utah State,2025-26,Mountain West,,unknown,85,262.5,76.40449438202246,False,False,official final standings; spelling normalized,,False,False
Utah Valley,2017-18,WAC,,unknown,211,55.5,39.6551724137931,False,False,official final standings; spelling normalized,,False,False
Utah Valley,2018-19,WAC,,unknown,247,44.0,29.714285714285715,False,False,official final standings; spelling normalized,,False,False
Utah Valley,2020-21,WAC,,unknown,99,153.0,72.17514124293785,False,False,official final standings; spelling normalized,,False,False
Utah Valley,2021-22,WAC,,unknown,248,46.5,30.422535211267604,False,False,official final standings; spelling normalized,,False,False
Utah Valley,2022-23,WAC,,unknown,106,169.75,70.6703910614525,False,False,official final standings; spelling normalized,,False,False
Utah Valley,2023-24,WAC,,unknown,194,67.0,45.78651685393258,False,False,official final standings; spelling normalized,,False,False
Utah Valley,2024-25,WAC,,unknown,143,114.0,60.1123595505618,False,False,official final standings; spelling normalized,,False,False
Utah Valley,2025-26,WAC,,unknown,171,89.0,52.10674157303371,False,False,official final standings; spelling normalized,,False,False
VCU,2017-18,Atlantic 10,,unknown,138,125.0,60.48850574712644,False,False,official final standings; spelling normalized,,False,False
VCU,2018-19,Atlantic 10,,unknown,171,90.0,51.142857142857146,False,False,official final standings; spelling normalized,,False,False
VCU,2020-21,Atlantic 10,,unknown,104,142.5,70.90395480225989,False,False,official final standings; spelling normalized,,False,False
VCU,2021-22,Atlantic 10,,unknown,137,125.0,61.54929577464788,False,False,official final standings; spelling normalized,,False,False
VCU,2022-23,Atlantic 10,,unknown,223,50.0,35.89385474860335,False,False,official final standings; spelling normalized,,False,False
VCU,2023-24,Atlantic 10,,unknown,104,180.0,71.06741573033707,False,False,official final standings; spelling normalized,,False,False
VCU,2024-25,Atlantic 10,,unknown,123,140.5,65.58988764044943,False,False,official final standings; spelling normalized,,False,False
VCU,2025-26,Atlantic 10,,unknown,148,112.5,58.56741573033708,False,False,official final standings; spelling normalized,,False,False
Valparaiso,2017-18,,,unknown,,0.0,8.189655172413794,False,True,not available; imputed zero year,,False,False
Valparaiso,2018-19,,,unknown,,0.0,8.0,False,True,not available; imputed zero year,,False,False
Valparaiso,2020-21,,,unknown,,0.0,8.757062146892656,False,True,not available; imputed zero year,,False,False
Valparaiso,2021-22,,,unknown,,0.0,8.591549295774648,False,True,not available; imputed zero year,,False,False
Valparaiso,2022-23,,,unknown,,0.0,7.5418994413407825,False,True,not available; imputed zero year,,False,False
Valparaiso,2023-24,Missouri Valley,,unknown,262,25.0,21.48876404494382,False,False,official final standings; spelling normalized,,False,False
Valparaiso,2024-25,,,unknown,,0.0,7.584269662921349,False,True,not available; imputed zero year,,False,False
Valparaiso,2025-26,,,unknown,,0.0,7.865168539325842,False,True,not available; imputed zero year,,False,False
Vanderbilt,2017-18,SEC,Nike,A,55,450.0,84.48275862068965,True,False,official final standings; spelling normalized,https://vucommodores.com/news/2015/07/07/vanderbilt-nike-expand-agreement,True,True
Vanderbilt,2018-19,SEC,Nike,A,45,526.5,87.28571428571429,True,False,official final standings; spelling normalized,https://vucommodores.com/news/2015/07/07/vanderbilt-nike-expand-agreement,True,True
Vanderbilt,2020-21,SEC,Nike,A,56,392.25,84.4632768361582,True,False,official final standings; spelling normalized,https://vucommodores.com/news/2015/07/07/vanderbilt-nike-expand-agreement,True,True
Vanderbilt,2021-22,SEC,Nike,A,66,356.0,81.69014084507043,True,False,official final standings; spelling normalized,https://vucommodores.com/news/2015/07/07/vanderbilt-nike-expand-agreement,True,True
Vanderbilt,2022-23,SEC,Nike,A,56,437.25,84.63687150837988,True,False,official final standings; spelling normalized,https://vucommodores.com/news/2015/07/07/vanderbilt-nike-expand-agreement,True,True
Vanderbilt,2023-24,SEC,,unknown,57,410.25,84.26966292134831,True,False,official final standings; spelling normalized,,False,False
Vanderbilt,2024-25,SEC,,unknown,58,440.75,83.98876404494382,True,False,official final standings; spelling normalized,,False,False
Vanderbilt,2025-26,SEC,,unknown,40,628.25,89.04494382022472,True,False,official final standings; spelling normalized,,False,False
Vermont,2017-18,America East,,unknown,189,75.0,44.9712643678161,False,False,official final standings; spelling normalized,,False,False
Vermont,2018-19,America East,,unknown,135,115.0,61.57142857142858,False,False,official final standings; spelling normalized,,False,False
Vermont,2020-21,America East,,unknown,164,88.0,53.813559322033896,False,False,official final standings; spelling normalized,,False,False
Vermont,2021-22,America East,,unknown,82,243.0,77.1830985915493,False,False,official final standings; spelling normalized,,False,False
Vermont,2022-23,America East,,unknown,91,203.0,74.86033519553072,False,False,official final standings; spelling normalized,,False,False
Vermont,2023-24,America East,,unknown,114,161.0,68.25842696629213,False,False,official final standings; spelling normalized,,False,False
Vermont,2024-25,America East,,unknown,88,225.0,75.42134831460675,False,False,official final standings; spelling normalized,,False,False
Vermont,2025-26,America East,,unknown,113,150.0,68.53932584269663,False,False,official final standings; spelling normalized,,False,False
Villanova,2017-18,Big East,,unknown,66,363.0,81.32183908045977,False,False,official final standings; spelling normalized,,False,False
Villanova,2018-19,Big East,,unknown,76,291.5,78.57142857142857,False,False,official final standings; spelling normalized,,False,False
Villanova,2020-21,Big East,,unknown,84,205.0,76.41242937853107,False,False,official final standings; spelling normalized,,False,False
Villanova,2021-22,Big East,,unknown,54,470.5,85.07042253521126,False,False,official final standings; spelling normalized,,False,False
Villanova,2022-23,Big East,,unknown,138,127.5,61.731843575419,False,False,official final standings; spelling normalized,,False,False
Villanova,2023-24,Big East,,unknown,73,328.0,79.7752808988764,False,False,official final standings; spelling normalized,,False,False
Villanova,2024-25,Big East,,unknown,91,214.5,74.57865168539325,False,False,official final standings; spelling normalized,,False,False
Villanova,2025-26,Big East,,unknown,80,295.0,77.80898876404494,False,False,official final standings; spelling normalized,,False,False
Virginia,2017-18,ACC,Nike,A,21,830.0,94.2528735632184,True,False,official final standings; spelling normalized,https://athleticdirectoru.com/articles/cash-is-king-in-intercollegiate-apparel-agreements/,True,True
Virginia,2018-19,ACC,Nike,C,8,1037.5,98.0,True,False,official final standings; spelling normalized,https://athleticdirectoru.com/articles/cash-is-king-in-intercollegiate-apparel-agreements/,True,False
Virginia,2020-21,ACC,Nike,C,11,970.25,97.17514124293784,True,False,official final standings; spelling normalized,https://athleticdirectoru.com/articles/cash-is-king-in-intercollegiate-apparel-agreements/,True,False
Virginia,2021-22,ACC,Nike,C,11,942.5,97.1830985915493,True,False,official final standings; spelling normalized,https://athleticdirectoru.com/articles/cash-is-king-in-intercollegiate-apparel-agreements/,True,False
Virginia,2022-23,ACC,Nike,C,4,1105.5,99.16201117318435,True,False,official final standings; spelling normalized,https://athleticdirectoru.com/articles/cash-is-king-in-intercollegiate-apparel-agreements/,True,False
Virginia,2023-24,ACC,Nike,C,5,1066.25,98.87640449438202,True,False,official final standings; spelling normalized,https://athleticdirectoru.com/articles/cash-is-king-in-intercollegiate-apparel-agreements/,True,False
Virginia,2024-25,ACC,Nike,C,12,966.0,96.91011235955057,True,False,official final standings; spelling normalized,https://athleticdirectoru.com/articles/cash-is-king-in-intercollegiate-apparel-agreements/,True,False
Virginia,2025-26,ACC,Nike,B,5,1148.75,98.87640449438202,True,False,official final standings; spelling normalized,https://static.virginiasports.com/pdfs/w-bball/2025-26/GameNotes/012426-NCSU-GameNotes.pdf,True,True
Virginia Military Institute,2017-18,,,unknown,,0.0,8.189655172413794,False,True,not available; imputed zero year,,False,False
Virginia Military Institute,2018-19,,,unknown,,0.0,8.0,False,True,not available; imputed zero year,,False,False
Virginia Military Institute,2020-21,SoCon,,unknown,255,25.0,24.43502824858757,False,False,official final standings; spelling normalized,,False,False
Virginia Military Institute,2021-22,,,unknown,,0.0,8.591549295774648,False,True,not available; imputed zero year,,False,False
Virginia Military Institute,2022-23,,,unknown,,0.0,7.5418994413407825,False,True,not available; imputed zero year,,False,False
Virginia Military Institute,2023-24,SoCon,,unknown,302,16.0,15.44943820224719,False,False,official final standings; spelling normalized,,False,False
Virginia Military Institute,2024-25,,,unknown,,0.0,7.584269662921349,False,True,not available; imputed zero year,,False,False
Virginia Military Institute,2025-26,,,unknown,,0.0,7.865168539325842,False,True,not available; imputed zero year,,False,False
Virginia Tech,2017-18,ACC,Nike,A,28,735.5,92.24137931034484,True,False,official final standings; spelling normalized,https://techsideline.com/article/2016/05/25/virginia-techs-nike-deal,True,True
Virginia Tech,2018-19,ACC,Nike,A,49,511.83,86.28571428571429,True,False,official final standings; spelling normalized,https://techsideline.com/article/2016/05/25/virginia-techs-nike-deal,True,True
Virginia Tech,2020-21,ACC,Nike,A,32,631.25,91.24293785310734,True,False,official final standings; spelling normalized,https://techsideline.com/article/2016/05/25/virginia-techs-nike-deal,True,True
Virginia Tech,2021-22,ACC,Nike,A,33,688.25,90.98591549295774,True,False,official final standings; spelling normalized,https://techsideline.com/article/2016/05/25/virginia-techs-nike-deal,True,True
Virginia Tech,2022-23,ACC,Nike,C,55,443.0,84.91620111731844,True,False,official final standings; spelling normalized,https://techsideline.com/article/2016/05/25/virginia-techs-nike-deal,True,False
Virginia Tech,2023-24,ACC,Nike,C,50,499.25,86.23595505617978,True,False,official final standings; spelling normalized,https://techsideline.com/article/2016/05/25/virginia-techs-nike-deal,True,False
Virginia Tech,2024-25,ACC,Nike,C,45,536.0,87.64044943820225,True,False,official final standings; spelling normalized,https://techsideline.com/article/2016/05/25/virginia-techs-nike-deal,True,False
Virginia Tech,2025-26,ACC,Nike,B,55,470.5,84.8314606741573,True,False,official final standings; spelling normalized,https://web.archive.org/web/20251001074352/https://hokiesports.com/,True,True
Wagner,2017-18,Northeast,,unknown,178,85.0,48.99425287356322,False,False,official final standings; spelling normalized,,False,False
Wagner,2018-19,Northeast,,unknown,223,50.0,34.14285714285714,False,False,official final standings; spelling normalized,,False,False
Wagner,2020-21,,,unknown,,0.0,8.757062146892656,False,True,not available; imputed zero year,,False,False
Wagner,2021-22,Northeast,,unknown,216,60.0,39.29577464788732,False,False,official final standings; spelling normalized,,False,False
Wagner,2022-23,,,unknown,,0.0,7.5418994413407825,False,True,not available; imputed zero year,,False,False
Wagner,2023-24,Northeast,,unknown,150,107.0,58.00561797752809,False,False,official final standings; spelling normalized,,False,False
Wagner,2024-25,Northeast,,unknown,151,108.0,57.58426966292135,False,False,official final standings; spelling normalized,,False,False
Wagner,2025-26,NEC,,unknown,107,169.0,70.2247191011236,False,False,official final standings; spelling normalized,,False,False
Wake Forest,2017-18,ACC,,unknown,48,496.5,86.49425287356321,True,False,official final standings; spelling normalized,,False,False
Wake Forest,2018-19,ACC,,unknown,36,648.25,90.0,True,False,official final standings; spelling normalized,,False,False
Wake Forest,2020-21,ACC,,unknown,54,394.75,85.02824858757062,True,False,official final standings; spelling normalized,,False,False
Wake Forest,2021-22,ACC,Nike,B,45,530.0,87.60563380281691,True,False,official final standings; spelling normalized,https://godeacs.com/news/2021/12/16/general-wake-forest-teams-with-winston-salem-headquartered-globally-renowned-hanesbrands-inc-as-primary-licensed-apparel-partner,True,True
Wake Forest,2022-23,ACC,,unknown,42,569.0,88.54748603351955,True,False,official final standings; spelling normalized,,False,False
Wake Forest,2023-24,ACC,,unknown,56,421.0,84.5505617977528,True,False,official final standings; spelling normalized,,False,False
Wake Forest,2024-25,ACC,,unknown,41,611.0,88.76404494382022,True,False,official final standings; spelling normalized,,False,False
Wake Forest,2025-26,ACC,,unknown,54,505.75,85.1123595505618,True,False,official final standings; spelling normalized,,False,False
Washington,2017-18,Pac-12,Nike,A,29,693.25,91.95402298850574,True,False,official final standings; spelling normalized,https://www.seattlepi.com/sports/uw_huskies_wsu_cougars/article/The-Three-Stripe-era-UW-athletics-announces-14064340.php,True,True
Washington,2018-19,Pac-12,Nike,A,24,801.0,93.42857142857144,True,False,official final standings; spelling normalized,https://www.seattlepi.com/sports/uw_huskies_wsu_cougars/article/The-Three-Stripe-era-UW-athletics-announces-14064340.php,True,True
Washington,2020-21,Pac-12,adidas,A,33,611.5,90.96045197740112,True,False,official final standings; spelling normalized,https://gohuskies.com/news/2018/4/10/general-university-of-washington-agrees-to-terms-on-10-year-partnership-with-adidas,True,True
Washington,2021-22,Pac-12,adidas,A,30,730.25,91.83098591549296,True,False,official final standings; spelling normalized,https://gohuskies.com/news/2018/4/10/general-university-of-washington-agrees-to-terms-on-10-year-partnership-with-adidas,True,True
Washington,2022-23,Pac-12,adidas,A,21,861.75,94.41340782122904,True,False,official final standings; spelling normalized,https://gohuskies.com/news/2018/4/10/general-university-of-washington-agrees-to-terms-on-10-year-partnership-with-adidas,True,True
Washington,2023-24,Pac-12,adidas,A,26,716.5,92.97752808988764,True,False,official final standings; spelling normalized,https://gohuskies.com/news/2018/4/10/general-university-of-washington-agrees-to-terms-on-10-year-partnership-with-adidas,True,True
Washington,2024-25,Big Ten,adidas,A,32,722.2,91.29213483146069,True,False,official final standings; spelling normalized,https://gohuskies.com/news/2018/4/10/general-university-of-washington-agrees-to-terms-on-10-year-partnership-with-adidas,True,True
Washington,2025-26,Big Ten,adidas,A,30,705.75,91.85393258426966,True,False,official final standings; spelling normalized,https://gohuskies.com/news/2018/4/10/general-university-of-washington-agrees-to-terms-on-10-year-partnership-with-adidas,True,True
Washington State,2017-18,Pac-12,,unknown,80,260.5,77.29885057471265,False,False,official final standings; spelling normalized,,False,False
Washington State,2018-19,Pac-12,,unknown,88,206.5,75.0,False,False,official final standings; spelling normalized,,False,False
Washington State,2020-21,Pac-12,,unknown,90,175.75,74.85875706214689,False,False,official final standings; spelling normalized,,False,False
Washington State,2021-22,Pac-12,,unknown,90,207.0,74.92957746478874,False,False,official final standings; spelling normalized,,False,False
Washington State,2022-23,Pac-12,,unknown,166,100.0,53.63128491620112,False,False,official final standings; spelling normalized,,False,False
Washington State,2023-24,Pac-12,,unknown,99,194.5,72.47191011235955,False,False,official final standings; spelling normalized,,False,False
Washington State,2024-25,Pac-12,,unknown,139,119.0,61.23595505617978,False,False,official final standings; spelling normalized,,False,False
Washington State,2025-26,Pac-12,,unknown,74,320.0,79.49438202247191,False,False,official final standings; spelling normalized,,False,False
Weber State,2017-18,Big Sky,,unknown,201,70.0,42.38505747126437,False,False,official final standings; spelling normalized,,False,False
Weber State,2018-19,Big Sky,,unknown,147,107.5,58.285714285714285,False,False,official final standings; spelling normalized,,False,False
Weber State,2020-21,Big Sky,,unknown,171,82.75,51.9774011299435,False,False,official final standings; spelling normalized,,False,False
Weber State,2021-22,Big Sky,,unknown,258,30.0,26.901408450704224,False,False,official final standings; spelling normalized,,False,False
Weber State,2022-23,Big Sky,,unknown,188,78.0,47.76536312849162,False,False,official final standings; spelling normalized,,False,False
Weber State,2023-24,Big Sky,,unknown,262,25.0,21.48876404494382,False,False,official final standings; spelling normalized,,False,False
Weber State,2024-25,Big Sky,,unknown,254,37.5,28.792134831460675,False,False,official final standings; spelling normalized,,False,False
Weber State,2025-26,,,unknown,,0.0,7.865168539325842,False,True,not available; imputed zero year,,False,False
West Virginia,2017-18,Big 12,Nike,A,63,380.75,82.18390804597702,True,False,official final standings; spelling normalized,https://www2.kusports.com/weblogs/tale-tait/2017/sep/28/kus-deal-with-adidas-is-companys-second/,True,True
West Virginia,2018-19,Big 12,Nike,A,61,398.5,82.85714285714286,True,False,official final standings; spelling normalized,https://www2.kusports.com/weblogs/tale-tait/2017/sep/28/kus-deal-with-adidas-is-companys-second/,True,True
West Virginia,2020-21,Big 12,Nike,A,49,414.5,86.4406779661017,True,False,official final standings; spelling normalized,https://www2.kusports.com/weblogs/tale-tait/2017/sep/28/kus-deal-with-adidas-is-companys-second/,True,True
West Virginia,2021-22,Big 12,Nike,A,62,375.0,82.67605633802818,True,False,official final standings; spelling normalized,https://www2.kusports.com/weblogs/tale-tait/2017/sep/28/kus-deal-with-adidas-is-companys-second/,True,True
West Virginia,2022-23,Big 12,Nike,A,59,411.0,83.79888268156425,True,False,official final standings; spelling normalized,https://www2.kusports.com/weblogs/tale-tait/2017/sep/28/kus-deal-with-adidas-is-companys-second/,True,True
West Virginia,2023-24,Big 12,Nike,A,51,496.0,85.95505617977528,True,False,official final standings; spelling normalized,https://www2.kusports.com/weblogs/tale-tait/2017/sep/28/kus-deal-with-adidas-is-companys-second/,True,True
West Virginia,2024-25,Big 12,Nike,A,42,595.0,88.48314606741573,True,False,official final standings; spelling normalized,https://www2.kusports.com/weblogs/tale-tait/2017/sep/28/kus-deal-with-adidas-is-companys-second/,True,True
West Virginia,2025-26,Big 12,Nike,A,50,530.5,86.09550561797754,True,False,official final standings; spelling normalized,https://www2.kusports.com/weblogs/tale-tait/2017/sep/28/kus-deal-with-adidas-is-companys-second/,True,True
Western Carolina,2017-18,,,unknown,,0.0,8.189655172413794,False,True,not available; imputed zero year,,False,False
Western Carolina,2018-19,,,unknown,,0.0,8.0,False,True,not available; imputed zero year,,False,False
Western Carolina,2020-21,,,unknown,,0.0,8.757062146892656,False,True,not available; imputed zero year,,False,False
Western Carolina,2021-22,,,unknown,,0.0,8.591549295774648,False,True,not available; imputed zero year,,False,False
Western Carolina,2022-23,,,unknown,,0.0,7.5418994413407825,False,True,not available; imputed zero year,,False,False
Western Carolina,2023-24,SoCon,,unknown,262,25.0,21.48876404494382,False,False,official final standings; spelling normalized,,False,False
Western Carolina,2024-25,,,unknown,,0.0,7.584269662921349,False,True,not available; imputed zero year,,False,False
Western Carolina,2025-26,,,unknown,,0.0,7.865168539325842,False,True,not available; imputed zero year,,False,False
Western Illinois,2017-18,Summit,,unknown,258,25.0,22.270114942528735,False,False,official final standings; spelling normalized,,False,False
Western Illinois,2018-19,,,unknown,,0.0,8.0,False,True,not available; imputed zero year,,False,False
Western Illinois,2020-21,Summit,,unknown,255,25.0,24.43502824858757,False,False,official final standings; spelling normalized,,False,False
Western Illinois,2021-22,,,unknown,,0.0,8.591549295774648,False,True,not available; imputed zero year,,False,False
Western Illinois,2022-23,,,unknown,,0.0,7.5418994413407825,False,True,not available; imputed zero year,,False,False
Western Illinois,2023-24,,,unknown,,0.0,6.460674157303371,False,True,not available; imputed zero year,,False,False
Western Illinois,2024-25,,,unknown,,0.0,7.584269662921349,False,True,not available; imputed zero year,,False,False
Western Illinois,2025-26,OVC,,unknown,265,25.0,21.629213483146067,False,False,official final standings; spelling normalized,,False,False
Western Kentucky,2017-18,Conference USA,,unknown,152,100.0,55.74712643678161,False,False,official final standings; spelling normalized,,False,False
Western Kentucky,2018-19,,,unknown,,0.0,8.0,False,True,not available; imputed zero year,,False,False
Western Kentucky,2020-21,Conference USA,,unknown,112,126.5,68.64406779661016,False,False,official final standings; spelling normalized,,False,False
Western Kentucky,2021-22,Conference USA,,unknown,134,130.0,62.394366197183096,False,False,official final standings; spelling normalized,,False,False
Western Kentucky,2022-23,Conference USA,,unknown,171,95.0,51.955307262569825,False,False,official final standings; spelling normalized,,False,False
Western Kentucky,2023-24,Conference USA,,unknown,139,120.0,61.09550561797753,False,False,official final standings; spelling normalized,,False,False
Western Kentucky,2024-25,Conference USA,,unknown,169,91.5,52.52808988764045,False,False,official final standings; spelling normalized,,False,False
Western Kentucky,2025-26,Conference USA,,unknown,182,80.5,49.157303370786515,False,False,official final standings; spelling normalized,,False,False
Western Michigan,2017-18,MAC,,unknown,175,89.0,49.85632183908046,False,False,official final standings; spelling normalized,,False,False
Western Michigan,2018-19,MAC,,unknown,223,50.0,34.14285714285714,False,False,official final standings; spelling normalized,,False,False
Western Michigan,2020-21,MAC,,unknown,200,65.0,43.64406779661017,False,False,official final standings; spelling normalized,,False,False
Western Michigan,2021-22,MAC,,unknown,106,167.0,70.28169014084507,False,False,official final standings; spelling normalized,,False,False
Western Michigan,2022-23,MAC,,unknown,124,142.5,65.64245810055866,False,False,official final standings; spelling normalized,,False,False
Western Michigan,2023-24,MAC,,unknown,110,164.0,69.24157303370787,False,False,official final standings; spelling normalized,,False,False
Western Michigan,2024-25,MAC,,unknown,88,225.0,75.42134831460675,False,False,official final standings; spelling normalized,,False,False
Western Michigan,2025-26,MAC,,unknown,102,180.0,71.48876404494382,False,False,official final standings; spelling normalized,,False,False
Wichita State,2017-18,American,,unknown,87,223.5,75.28735632183908,False,False,official final standings; spelling normalized,,False,False
Wichita State,2018-19,American,,unknown,258,31.5,26.571428571428573,False,False,official final standings; spelling normalized,,False,False
Wichita State,2020-21,American,,unknown,174,80.0,50.84745762711864,False,False,official final standings; spelling normalized,,False,False
Wichita State,2021-22,American,,unknown,203,74.5,43.098591549295776,False,False,official final standings; spelling normalized,,False,False
Wichita State,2022-23,American,,unknown,184,83.5,48.463687150837984,False,False,official final standings; spelling normalized,,False,False
Wichita State,2023-24,American,,unknown,247,34.0,30.47752808988764,False,False,official final standings; spelling normalized,,False,False
Wichita State,2024-25,American,,unknown,151,108.0,57.58426966292135,False,False,official final standings; spelling normalized,,False,False
Wichita State,2025-26,American,,unknown,146,115.0,59.12921348314607,False,False,official final standings; spelling normalized,,False,False
William & Mary,2017-18,CAA,,unknown,217,50.0,35.3448275862069,False,False,official final standings; spelling normalized,,False,False
William & Mary,2018-19,CAA,,unknown,219,53.0,37.285714285714285,False,False,official final standings; spelling normalized,,False,False
William & Mary,2020-21,CAA,,unknown,248,32.5,30.225988700564972,False,False,official final standings; spelling normalized,,False,False
William & Mary,2021-22,CAA,,unknown,266,25.0,21.830985915492956,False,False,official final standings; spelling normalized,,False,False
William & Mary,2022-23,CAA,,unknown,171,95.0,51.955307262569825,False,False,official final standings; spelling normalized,,False,False
William & Mary,2023-24,CAA,,unknown,192,70.0,46.348314606741575,False,False,official final standings; spelling normalized,,False,False
William & Mary,2024-25,CAA,,unknown,215,57.5,39.8876404494382,False,False,official final standings; spelling normalized,,False,False
William & Mary,2025-26,,,unknown,,0.0,7.865168539325842,False,True,not available; imputed zero year,,False,False
Winthrop,2017-18,Big South,,unknown,217,50.0,35.3448275862069,False,False,official final standings; spelling normalized,,False,False
Winthrop,2018-19,Big South,,unknown,266,25.0,21.428571428571427,False,False,official final standings; spelling normalized,,False,False
Winthrop,2020-21,Big South,,unknown,255,25.0,24.43502824858757,False,False,official final standings; spelling normalized,,False,False
Winthrop,2021-22,,,unknown,,0.0,8.591549295774648,False,True,not available; imputed zero year,,False,False
Winthrop,2022-23,,,unknown,,0.0,7.5418994413407825,False,True,not available; imputed zero year,,False,False
Winthrop,2023-24,Big South,,unknown,306,5.0,13.623595505617978,False,False,official final standings; spelling normalized,,False,False
Winthrop,2024-25,,,unknown,,0.0,7.584269662921349,False,True,not available; imputed zero year,,False,False
Winthrop,2025-26,,,unknown,,0.0,7.865168539325842,False,True,not available; imputed zero year,,False,False
Wisconsin,2017-18,Big Ten,Under Armour,A,22,804.0,93.82183908045975,True,False,official final standings; spelling normalized,https://uwbadgers.com/news/2015/10/9/GEN_1012155509,True,True
Wisconsin,2018-19,Big Ten,Under Armour,A,16,895.0,95.71428571428572,True,False,official final standings; spelling normalized,https://uwbadgers.com/news/2015/10/9/GEN_1012155509,True,True
Wisconsin,2020-21,Big Ten,Under Armour,A,37,551.0,89.83050847457628,True,False,official final standings; spelling normalized,https://uwbadgers.com/news/2015/10/9/GEN_1012155509,True,True
Wisconsin,2021-22,Big Ten,Under Armour,A,24,795.0,93.52112676056338,True,False,official final standings; spelling normalized,https://uwbadgers.com/news/2015/10/9/GEN_1012155509,True,True
Wisconsin,2022-23,Big Ten,Under Armour,A,27,754.25,92.73743016759776,True,False,official final standings; spelling normalized,https://uwbadgers.com/news/2015/10/9/GEN_1012155509,True,True
Wisconsin,2023-24,Big Ten,Under Armour,A,25,765.5,93.25842696629212,True,False,official final standings; spelling normalized,https://uwbadgers.com/news/2015/10/9/GEN_1012155509,True,True
Wisconsin,2024-25,Big Ten,Under Armour,A,26,806.7,92.97752808988764,True,False,official final standings; spelling normalized,https://uwbadgers.com/news/2015/10/9/GEN_1012155509,True,True
Wisconsin,2025-26,Big Ten,Under Armour,A,24,754.0,93.53932584269664,True,False,official final standings; spelling normalized,https://uwbadgers.com/news/2015/10/9/GEN_1012155509,True,True
Wisconsin Green Bay,2017-18,Horizon League,,unknown,258,25.0,22.270114942528735,False,False,official final standings; spelling normalized,,False,False
Wisconsin Green Bay,2018-19,Horizon League,,unknown,266,25.0,21.428571428571427,False,False,official final standings; spelling normalized,,False,False
Wisconsin Green Bay,2020-21,,,unknown,,0.0,8.757062146892656,False,True,not available; imputed zero year,,False,False
Wisconsin Green Bay,2021-22,Horizon League,,unknown,258,30.0,26.901408450704224,False,False,official final standings; spelling normalized,,False,False
Wisconsin Green Bay,2022-23,Horizon League,,unknown,298,5.0,16.061452513966483,False,False,official final standings; spelling normalized,,False,False
Wisconsin Green Bay,2023-24,Horizon League,,unknown,217,50.0,37.07865168539326,False,False,official final standings; spelling normalized,,False,False
Wisconsin Green Bay,2024-25,Horizon League,,unknown,264,25.0,22.6123595505618,False,False,official final standings; spelling normalized,,False,False
Wisconsin Green Bay,2025-26,Horizon League,,unknown,265,25.0,21.629213483146067,False,False,official final standings; spelling normalized,,False,False
Wisconsin Milwaukee,2017-18,,,unknown,,0.0,8.189655172413794,False,True,not available; imputed zero year,,False,False
Wisconsin Milwaukee,2018-19,Horizon League,,unknown,266,25.0,21.428571428571427,False,False,official final standings; spelling normalized,,False,False
Wisconsin Milwaukee,2020-21,Horizon League,,unknown,182,75.0,47.31638418079096,False,False,official final standings; spelling normalized,,False,False
Wisconsin Milwaukee,2021-22,Horizon League,,unknown,229,50.0,33.52112676056338,False,False,official final standings; spelling normalized,,False,False
Wisconsin Milwaukee,2022-23,Horizon League,,unknown,261,25.0,23.32402234636871,False,False,official final standings; spelling normalized,,False,False
Wisconsin Milwaukee,2023-24,Horizon League,,unknown,262,25.0,21.48876404494382,False,False,official final standings; spelling normalized,,False,False
Wisconsin Milwaukee,2024-25,Horizon League,,unknown,264,25.0,22.6123595505618,False,False,official final standings; spelling normalized,,False,False
Wisconsin Milwaukee,2025-26,Horizon League,,unknown,188,75.0,46.48876404494382,False,False,official final standings; spelling normalized,,False,False
Wofford,2017-18,SoCon,,unknown,201,70.0,42.38505747126437,False,False,official final standings; spelling normalized,,False,False
Wofford,2018-19,SoCon,,unknown,115,146.5,67.42857142857143,False,False,official final standings; spelling normalized,,False,False
Wofford,2020-21,,,unknown,,0.0,8.757062146892656,False,True,not available; imputed zero year,,False,False
Wofford,2021-22,,,unknown,,0.0,8.591549295774648,False,True,not available; imputed zero year,,False,False
Wofford,2022-23,,,unknown,,0.0,7.5418994413407825,False,True,not available; imputed zero year,,False,False
Wofford,2023-24,SoCon,,unknown,202,62.5,43.39887640449438,False,False,official final standings; spelling normalized,,False,False
Wofford,2024-25,SoCon,,unknown,226,50.0,35.1123595505618,False,False,official final standings; spelling normalized,,False,False
Wofford,2025-26,SoCon,,unknown,265,25.0,21.629213483146067,False,False,official final standings; spelling normalized,,False,False
Wright State,2017-18,Horizon League,,unknown,217,50.0,35.3448275862069,False,False,official final standings; spelling normalized,,False,False
Wright State,2018-19,Horizon League,,unknown,260,30.0,25.857142857142858,False,False,official final standings; spelling normalized,,False,False
Wright State,2020-21,Horizon League,,unknown,113,125.0,67.93785310734464,False,False,official final standings; spelling normalized,,False,False
Wright State,2021-22,Horizon League,,unknown,205,72.0,42.25352112676056,False,False,official final standings; spelling normalized,,False,False
Wright State,2022-23,Horizon League,,unknown,223,50.0,35.89385474860335,False,False,official final standings; spelling normalized,,False,False
Wright State,2023-24,Horizon League,,unknown,253,30.0,28.51123595505618,False,False,official final standings; spelling normalized,,False,False
Wright State,2024-25,Horizon League,,unknown,216,55.0,39.18539325842696,False,False,official final standings; spelling normalized,,False,False
Wright State,2025-26,Horizon League,,unknown,221,55.0,38.06179775280899,False,False,official final standings; spelling normalized,,False,False
Wyoming,2017-18,Mountain West,,unknown,116,158.0,66.95402298850574,False,False,official final standings; spelling normalized,,False,False
Wyoming,2018-19,Mountain West,,unknown,151,104.0,57.14285714285714,False,False,official final standings; spelling normalized,,False,False
Wyoming,2020-21,Mountain West,,unknown,118,123.5,66.94915254237289,False,False,official final standings; spelling normalized,,False,False
Wyoming,2021-22,Mountain West,,unknown,125,138.0,65.07042253521126,False,False,official final standings; spelling normalized,,False,False
Wyoming,2022-23,Mountain West,,unknown,240,48.0,33.24022346368715,False,False,official final standings; spelling normalized,,False,False
Wyoming,2023-24,Mountain West,,unknown,172,86.0,51.96629213483146,False,False,official final standings; spelling normalized,,False,False
Wyoming,2024-25,Mountain West,,unknown,119,147.0,66.85393258426966,False,False,official final standings; spelling normalized,,False,False
Wyoming,2025-26,Mountain West,,unknown,208,64.5,41.71348314606742,False,False,official final standings; spelling normalized,,False,False
Xavier,2017-18,Big East,,unknown,217,50.0,35.3448275862069,False,False,official final standings; spelling normalized,,False,False
Xavier,2018-19,Big East,,unknown,288,19.0,17.857142857142858,False,False,official final standings; spelling normalized,,False,False
Xavier,2020-21,Big East,,unknown,240,43.0,32.48587570621469,False,False,official final standings; spelling normalized,,False,False
Xavier,2021-22,Big East,,unknown,210,66.5,41.12676056338028,False,False,official final standings; spelling normalized,,False,False
Xavier,2022-23,Big East,,unknown,84,223.0,76.81564245810057,False,False,official final standings; spelling normalized,,False,False
Xavier,2023-24,Big East,,unknown,178,80.0,50.14044943820225,False,False,official final standings; spelling normalized,,False,False
Xavier,2024-25,Big East,,unknown,203,66.5,43.258426966292134,False,False,official final standings; spelling normalized,,False,False
Xavier,2025-26,Big East,,unknown,122,138.0,66.01123595505618,False,False,official final standings; spelling normalized,,False,False
Yale,2017-18,Ivy League,Under Armour,A,79,262.0,77.58620689655173,True,False,official final standings; spelling normalized,https://yalebulldogs.com/news/2026/9/3/general-yale-athletics-and-under-armour-extend-partnership-through-2036.aspx,True,True
Yale,2018-19,Ivy League,Under Armour,A,74,303.0,79.14285714285715,True,False,official final standings; spelling normalized,https://yalebulldogs.com/news/2026/9/3/general-yale-athletics-and-under-armour-extend-partnership-through-2036.aspx,True,True
Yale,2020-21,Ivy League,Under Armour,A,,0.0,8.757062146892656,True,True,zero year; identical official conference in nearest prior and next standings,https://yalebulldogs.com/news/2026/9/3/general-yale-athletics-and-under-armour-extend-partnership-through-2036.aspx,True,True
Yale,2021-22,Ivy League,Under Armour,A,56,434.5,84.50704225352112,True,False,official final standings; spelling normalized,https://yalebulldogs.com/news/2026/9/3/general-yale-athletics-and-under-armour-extend-partnership-through-2036.aspx,True,True
Yale,2022-23,Ivy League,Under Armour,A,75,273.0,79.3296089385475,True,False,official final standings; spelling normalized,https://yalebulldogs.com/news/2026/9/3/general-yale-athletics-and-under-armour-extend-partnership-through-2036.aspx,True,True
Yale,2023-24,Ivy League,Under Armour,A,72,329.0,80.0561797752809,True,False,official final standings; spelling normalized,https://yalebulldogs.com/news/2026/9/3/general-yale-athletics-and-under-armour-extend-partnership-through-2036.aspx,True,True
Yale,2024-25,Ivy League,Under Armour,A,67,356.5,81.46067415730337,True,False,official final standings; spelling normalized,https://yalebulldogs.com/news/2026/9/3/general-yale-athletics-and-under-armour-extend-partnership-through-2036.aspx,True,True
Yale,2025-26,Ivy League,Under Armour,A,45,589.0,87.64044943820225,True,False,official final standings; spelling normalized,https://yalebulldogs.com/news/2026/9/3/general-yale-athletics-and-under-armour-extend-partnership-through-2036.aspx,True,True
Youngstown State,2017-18,Horizon League,,unknown,216,51.0,38.2183908045977,False,False,official final standings; spelling normalized,,False,False
Youngstown State,2018-19,,,unknown,,0.0,8.0,False,True,not available; imputed zero year,,False,False
Youngstown State,2020-21,Horizon League,,unknown,143,101.0,59.7457627118644,False,False,official final standings; spelling normalized,,False,False
Youngstown State,2021-22,Horizon League,,unknown,176,92.5,50.70422535211267,False,False,official final standings; spelling normalized,,False,False
Youngstown State,2022-23,Horizon League,,unknown,183,85.0,49.162011173184354,False,False,official final standings; spelling normalized,,False,False
Youngstown State,2023-24,Horizon League,,unknown,128,139.5,64.32584269662921,False,False,official final standings; spelling normalized,,False,False
Youngstown State,2024-25,Horizon League,,unknown,135,125.0,62.35955056179775,False,False,official final standings; spelling normalized,,False,False
Youngstown State,2025-26,Horizon League,,unknown,165,95.0,53.51123595505618,False,False,official final standings; spelling normalized,,False,False
